trade_id,strategy,strategy_version,symbol,correlation_cluster,signal_date,entry_date,entry_signal_date,exit_date,regime_at_signal,regime_at_entry,spy_close_at_signal,spy_200sma_at_signal,spy_above_200sma_at_signal,realized_vol_20_at_signal,volatility_regime_at_signal,entry_rule_name,entry_reason_code,entry_reason_text,signal_values_json,project_equity_at_signal,project_equity_at_entry,high_water_mark_at_entry,drawdown_at_entry,total_open_risk_before_entry,total_open_risk_after_entry,cluster_open_risk_before_entry,cluster_open_risk_after_entry,strategy_pnl_before_entry,strategy_loss_budget_remaining_before_entry,strategy_status_at_entry,entry_price,stop_price_initial,stop_price_final,exit_price,stop_price,target_price,shares,notional_value,intended_risk_amount,actual_risk_amount,risk_amount,risk_utilization_pct,stop_distance,stop_distance_pct,pnl,r_multiple,slippage_paid_estimate,fees_paid_estimate,exit_reason,exit_reason_text,stop_hit,target_hit,same_bar_stop_target,gap_through_stop,final_mark_to_market,holding_days,market_regime_at_entry,valid_trade,auto_outcome_class,manual_review_class,rule_followed,notes
2,D_mean_reversion,v1_fixed_rules,XLU,equity_index,2008-01-03,2008-01-04,2008-01-03,2008-01-07,sideways_normal_volatility,sideways_normal_volatility,103.44564056396484,105.53218006134033,False,0.16497981641284215,normal_volatility,mean_reversion_trend_filter,oversold_in_uptrend,Oversold ETF signal appeared while trend filter allowed long exposure.,"{""atr_20"": 0.179631, ""bollinger_lower"": 11.051014, ""breakout_level"": 11.620669, ""close"": 11.089192, ""ema_10"": 11.230196, ""momentum_126"": 0.064363, ""momentum_63"": 0.049313, ""realized_vol_20"": 0.16498, ""rsi_2"": 0.0, ""sma_100"": 10.754148, ""sma_200"": 10.628738, ""sma_50"": 11.119077, ""volume"": 10287200.0, ""volume_sma_20"": 8555400.0}",3000.0,3004.1105734652574,3000.0,4.110573465257403,27.839951326945897,56.97454407056049,27.839951326945897,56.97454407056049,4.110573465257576,64.11057346525757,active,11.113214074034872,10.843767462299363,10.843767462299363,11.233962519139485,10.843767462299363,,108.12751571065726,1201.644229386103,30.0,29.134592743614594,29.134592743614594,0.9711530914538198,0.26944661173550877,0.024245606171219992,13.056229395086529,0.4481349545532279,1.2081723440836463,0.0,mean_reversion_exit,mean reversion exit,False,False,False,False,False,1,sideways_normal_volatility,True,valid_win,,True,mean reversion setup
1,D_mean_reversion,v1_fixed_rules,XLP,equity_index,2008-01-03,2008-01-04,2008-01-03,2008-01-08,sideways_normal_volatility,sideways_normal_volatility,103.44564056396484,105.53218006134033,False,0.1433034799637278,normal_volatility,mean_reversion_trend_filter,oversold_in_uptrend,Oversold ETF signal appeared while trend filter allowed long exposure.,"{""atr_20"": 0.265346, ""bollinger_lower"": 17.334208, ""breakout_level"": 17.961693, ""close"": 17.288284, ""ema_10"": 17.601823, ""momentum_126"": 0.047834, ""momentum_63"": 0.019572, ""realized_vol_20"": 0.143303, ""rsi_2"": 0.0, ""sma_100"": 17.049465, ""sma_200"": 16.743539, ""sma_50"": 17.456168, ""volume"": 4379600.0, ""volume_sma_20"": 2769240.0}",3000.0,3000.0,3000.0,0.0,0.0,27.839951326945897,0.0,27.839951326945897,0.0,60.0,active,17.156051280167063,16.758031586331697,16.758031586331697,17.51827504523762,16.758031586331697,,69.94616537356926,1200.0,30.0,27.839951326945897,27.839951326945897,0.9279983775648633,0.39801969383536573,0.023199959439121582,25.33616337386204,0.9100649306573867,1.212668081686931,0.0,mean_reversion_exit,mean reversion exit,False,False,False,False,False,2,sideways_normal_volatility,True,valid_win,,True,mean reversion setup
3,D_mean_reversion,v1_fixed_rules,GLD,commodity_alternative,2008-01-07,2008-01-08,2008-01-07,2008-01-09,sideways_normal_volatility,bear_normal_volatility,100.82489013671876,105.53255519866943,False,0.2205126206122569,normal_volatility,mean_reversion_trend_filter,oversold_in_uptrend,Oversold ETF signal appeared while trend filter allowed long exposure.,"{""atr_20"": 1.332999, ""bollinger_lower"": 76.084663, ""breakout_level"": 85.57, ""close"": 84.769997, ""ema_10"": 83.212714, ""momentum_126"": 0.296574, ""momentum_63"": 0.154905, ""realized_vol_20"": 0.220513, ""rsi_2"": 0.0, ""sma_100"": 75.2812, ""sma_200"": 70.67785, ""sma_50"": 79.9144, ""volume"": 6944300.0, ""volume_sma_20"": 6931680.0}",3031.2971054908476,3038.3923927689484,3031.2971054908476,7.095287278100841,0.0,28.151260636026624,0.0,28.151260636026624,38.39239276894857,98.39239276894857,active,86.32313877868651,84.32363964843749,84.32363964843749,86.51671755981445,84.32363964843749,,14.07915622975071,1215.3569571075793,30.0,28.151260636026624,28.151260636026624,0.9383753545342208,1.9994991302490206,0.02316295675224803,2.7254259022649814,0.09681363607486597,1.216719670058712,0.0,mean_reversion_exit,mean reversion exit,False,False,False,False,False,1,bear_normal_volatility,True,valid_win,,True,mean reversion setup
4,D_mean_reversion,v1_fixed_rules,XLB,equity_index,2008-01-07,2008-01-08,2008-01-07,2008-01-09,sideways_normal_volatility,bear_normal_volatility,100.82489013671876,105.53255519866943,False,0.29744945028864656,normal_volatility,mean_reversion_trend_filter,oversold_in_uptrend,Oversold ETF signal appeared while trend filter allowed long exposure.,"{""atr_20"": 0.32431, ""bollinger_lower"": 13.45941, ""breakout_level"": 14.569044, ""close"": 13.558094, ""ema_10"": 13.93428, ""momentum_126"": -0.021856, ""momentum_63"": -0.054657, ""realized_vol_20"": 0.297449, ""rsi_2"": 0.0, ""sma_100"": 13.716389, ""sma_200"": 13.488945, ""sma_50"": 13.900786, ""volume"": 39212600.0, ""volume_sma_20"": 14580800.0}",3031.2971054908476,3044.8245960926656,3031.2971054908476,13.527490601818045,28.151260636026624,58.15126063602662,0.0,30.0,44.824596092665864,104.82459609266587,active,13.625588358753362,13.139124073359387,13.139124073359387,13.298618655982743,13.139124073359387,,61.66948098914142,840.2829622560071,30.0,30.0,30.0,1.0,0.4864642853939749,0.03570225905741972,-20.164051869037888,-0.672135062301263,0.8302009363214882,0.0,mean_reversion_exit,mean reversion exit,False,False,False,False,False,1,bear_normal_volatility,True,valid_loss,,True,mean reversion setup
5,D_mean_reversion,v1_fixed_rules,IEF,bond,2008-01-10,2008-01-11,2008-01-10,2008-01-14,sideways_normal_volatility,bear_normal_volatility,100.89625549316406,105.52266040802002,False,0.08352906404719791,normal_volatility,mean_reversion_trend_filter,oversold_in_uptrend,Oversold ETF signal appeared while trend filter allowed long exposure.,"{""atr_20"": 0.398479, ""bollinger_lower"": 54.292305, ""breakout_level"": 56.626644, ""close"": 56.383171, ""ema_10"": 56.154834, ""momentum_126"": 0.119858, ""momentum_63"": 0.067499, ""realized_vol_20"": 0.083529, ""rsi_2"": 0.0, ""sma_100"": 54.131289, ""sma_200"": 52.583481, ""sma_50"": 55.200922, ""volume"": 258300.0, ""volume_sma_20"": 321780.0}",3020.953766802176,3020.953766802176,3031.2971054908476,-10.343338688671793,0.0,12.787662350171647,0.0,12.787662350171647,20.95376680217566,80.95376680217566,active,56.48189320279324,55.88417520135198,55.88417520135198,56.68151684295249,55.88417520135198,,21.39413957641759,1208.3815067208704,30.0,12.787662350171647,12.787662350171647,0.42625541167238823,0.5977180014412582,0.010582471081399567,4.27077602031961,0.3339762892834188,1.2105168947310303,0.0,mean_reversion_exit,mean reversion exit,False,False,False,False,False,1,bear_normal_volatility,True,valid_win,,True,mean reversion setup
6,D_mean_reversion,v1_fixed_rules,SHY,bond,2008-01-10,2008-01-11,2008-01-10,2008-01-14,sideways_normal_volatility,bear_normal_volatility,100.89625549316406,105.52266040802002,False,0.026367602289104265,normal_volatility,mean_reversion_trend_filter,oversold_in_uptrend,Oversold ETF signal appeared while trend filter allowed long exposure.,"{""atr_20"": 0.14692, ""bollinger_lower"": 60.889088, ""breakout_level"": 61.782272, ""close"": 61.752369, ""ema_10"": 61.610669, ""momentum_126"": 0.056975, ""momentum_63"": 0.032156, ""realized_vol_20"": 0.026368, ""rsi_2"": 0.0, ""sma_100"": 60.462952, ""sma_200"": 59.401851, ""sma_50"": 61.107751, ""volume"": 997700.0, ""volume_sma_20"": 924820.0}",3020.953766802176,3026.5175609854523,3031.2971054908476,-4.779544505395279,12.787662350171647,17.10380487190768,12.787662350171647,17.10380487190768,26.517560985452363,86.51756098545236,active,61.81316986722635,61.592789144587854,61.592789144587854,61.8858525282788,61.592789144587854,,19.58493678603677,1210.607024394181,30.0,4.316142521736033,4.316142521736033,0.1438714173912011,0.22038072263849529,0.003565271334763601,1.4234853221531096,0.32980498558248655,1.2113187670552577,0.0,mean_reversion_exit,mean reversion exit,False,False,False,False,False,1,bear_normal_volatility,True,valid_win,,True,mean reversion setup
7,D_mean_reversion,v1_fixed_rules,XLP,equity_index,2008-01-14,2008-01-15,2008-01-14,2008-01-18,sideways_normal_volatility,bear_normal_volatility,100.88909149169922,105.52864715576172,False,0.15604715092826973,normal_volatility,mean_reversion_trend_filter,oversold_in_uptrend,Oversold ETF signal appeared while trend filter allowed long exposure.,"{""atr_20"": 0.260029, ""bollinger_lower"": 17.102816, ""breakout_level"": 17.961693, ""close"": 17.233196, ""ema_10"": 17.417724, ""momentum_126"": 0.031245, ""momentum_63"": 0.002283, ""realized_vol_20"": 0.156047, ""rsi_2"": 0.0, ""sma_100"": 17.132566, ""sma_200"": 16.790723, ""sma_50"": 17.482217, ""volume"": 7331400.0, ""volume_sma_20"": 3622340.0}",3026.6480281446484,3026.6480281446484,3031.2971054908476,-4.649077346199192,0.0,27.534267980217095,0.0,27.534267980217095,26.64802814464838,86.64802814464838,active,17.149925344115484,16.759881113770124,16.759881113770124,16.75150117321324,16.759881113770124,,70.59268113218133,1210.6592112578594,30.0,27.534267980217095,27.534267980217095,0.9178089326739032,0.3900442303453602,0.02274320281395236,-28.12583045185594,-1.0214845904769967,1.1965962960319314,0.0,stop_loss,stop loss,True,False,False,False,False,3,bear_normal_volatility,True,valid_loss,,True,mean reversion setup
8,C_swing_trend_pullback,v1_fixed_rules,GLD,commodity_alternative,2008-01-18,2008-01-22,2008-01-18,2008-01-25,bear_normal_volatility,bear_normal_volatility,94.30504608154295,105.4467826461792,False,0.20644439474190643,normal_volatility,swing_trend_pullback,pullback_reclaim,Uptrend pullback reclaimed the short trigger.,"{""atr_20"": 1.427499, ""bollinger_lower"": 78.61997, ""breakout_level"": 89.540001, ""close"": 87.419998, ""ema_10"": 86.794134, ""momentum_126"": 0.293578, ""momentum_63"": 0.150263, ""pullback_days"": 3.0, ""realized_vol_20"": 0.206444, ""rsi_2"": 82.143052, ""sma_100"": 77.2762, ""sma_200"": 71.6563, ""sma_50"": 81.545599, ""volume"": 9094500.0, ""volume_sma_20"": 9699455.0}",2998.5221976927924,2998.5221976927924,3031.2971054908476,-32.77490779805521,0.0,29.799741207056925,0.0,29.799741207056925,0.0,150.0,active,86.18306938934326,84.0418203048706,84.0418203048706,90.42033477450944,84.0418203048706,90.46556755828858,13.91698958479456,1199.408879077117,45.0,29.799741207056925,29.799741207056925,0.6622164712679317,2.141249084472662,0.024845356514274164,58.96997823336827,1.978875515180766,1.228893868193801,0.0,target_hit,target hit,False,True,False,False,False,3,bear_normal_volatility,True,valid_win,,True,pullback_days=3
10,C_swing_trend_pullback,v1_fixed_rules,TLT,bond,2008-01-31,2008-02-01,2008-01-31,2008-02-05,bear_high_volatility,bear_high_volatility,98.09691619873048,105.20211448669434,False,0.14711179633688848,high_volatility,swing_trend_pullback,pullback_reclaim,Uptrend pullback reclaimed the short trigger.,"{""atr_20"": 0.651969, ""bollinger_lower"": 53.652772, ""breakout_level"": 55.437431, ""close"": 54.564312, ""ema_10"": 54.619225, ""momentum_126"": 0.112644, ""momentum_63"": 0.059189, ""pullback_days"": 3.0, ""realized_vol_20"": 0.147112, ""rsi_2"": 51.936512, ""sma_100"": 52.286298, ""sma_200"": 50.325515, ""sma_50"": 53.684693, ""volume"": 11441000.0, ""volume_sma_20"": 3378490.0}",3057.4921759261606,3055.5234008872867,3057.4921759261606,-1.9687750388739005,18.370699915743785,41.28074959087069,18.370699915743785,41.28074959087069,57.0012031944943,207.0012031944943,active,54.787120446848725,53.76014774339146,53.76014774339146,54.9685781540943,53.76014774339146,56.84106585376326,22.30833360809008,1222.2093603549147,45.0,22.910049675126906,22.910049675126906,0.5091122150028201,1.0269727034572682,0.018744783355671656,4.048019068993491,0.17669185036243565,1.2242333698894114,0.0,ema10_loss_exit,ema10 loss exit,False,False,False,False,False,2,bear_high_volatility,True,valid_win,,True,pullback_days=3
9,C_swing_trend_pullback,v1_fixed_rules,IEF,bond,2008-01-31,2008-02-01,2008-01-31,2008-02-07,bear_high_volatility,bear_high_volatility,98.09691619873048,105.20211448669434,False,0.08307058701557159,high_volatility,swing_trend_pullback,pullback_reclaim,Uptrend pullback reclaimed the short trigger.,"{""atr_20"": 0.444284, ""bollinger_lower"": 56.046214, ""breakout_level"": 58.048824, ""close"": 57.613201, ""ema_10"": 57.403286, ""momentum_126"": 0.11621, ""momentum_63"": 0.068725, ""pullback_days"": 3.0, ""realized_vol_20"": 0.083071, ""rsi_2"": 92.007098, ""sma_100"": 54.776618, ""sma_200"": 53.016578, ""sma_50"": 56.070267, ""volume"": 384900.0, ""volume_sma_20"": 469590.0}",3057.4921759261606,3057.4921759261606,3057.4921759261606,0.0,0.0,18.370699915743785,0.0,18.370699915743785,58.96997823336827,208.96997823336827,active,57.89343616454694,57.023815833835876,57.023815833835876,56.99530392591896,57.023815833835876,59.63267682596907,21.124965996048598,1222.9968703704642,45.0,18.370699915743785,18.370699915743785,0.40823777590541743,0.869620330711065,0.015021052269887675,-18.973013000971083,-1.0327866160783081,1.2135103638699787,0.0,stop_loss,stop loss,True,False,False,False,False,4,bear_high_volatility,True,valid_loss,,True,pullback_days=3
12,C_swing_trend_pullback,v1_fixed_rules,SHY,bond,2008-02-21,2008-02-22,2008-02-21,2008-02-26,bear_normal_volatility,bear_normal_volatility,96.25456237792967,104.61737689971923,False,0.023236261381970248,normal_volatility,swing_trend_pullback,pullback_reclaim,Uptrend pullback reclaimed the short trigger.,"{""atr_20"": 0.165146, ""bollinger_lower"": 62.261598, ""breakout_level"": 62.785408, ""close"": 62.725502, ""ema_10"": 62.653077, ""momentum_126"": 0.052998, ""momentum_63"": 0.02712, ""pullback_days"": 4.0, ""realized_vol_20"": 0.023236, ""rsi_2"": 69.693558, ""sma_100"": 61.241982, ""sma_200"": 60.017675, ""sma_50"": 61.980679, ""volume"": 588900.0, ""volume_sma_20"": 1325085.0}",3100.8180180751874,3102.734368148725,3100.8180180751874,1.9163500735376147,35.818783805089055,40.72242218916548,0.0,4.903638384076426,104.21217045593264,254.21217045593264,active,62.69687136265346,62.44915213463037,62.44915213463037,62.52938323994985,62.44915213463037,63.19230981869965,19.795146397030113,1241.09374725949,45.0,4.903638384076426,4.903638384076426,0.10896974186836501,0.24771922802309376,0.003951062032907949,-3.3154519086816947,-0.6761208003118571,1.2394360213051492,0.0,ema10_loss_exit,ema10 loss exit,False,False,False,False,False,2,bear_normal_volatility,True,valid_loss,,True,pullback_days=4
11,C_swing_trend_pullback,v1_fixed_rules,GLD,commodity_alternative,2008-02-06,2008-02-07,2008-02-06,2008-02-27,bear_high_volatility,bear_high_volatility,95.01203155517578,105.06575366973877,False,0.2079212529281937,high_volatility,swing_trend_pullback,pullback_reclaim,Uptrend pullback reclaimed the short trigger.,"{""atr_20"": 1.7445, ""bollinger_lower"": 85.622799, ""breakout_level"": 92.059998, ""close"": 88.949997, ""ema_10"": 89.318586, ""momentum_126"": 0.337996, ""momentum_63"": 0.11536, ""pullback_days"": 4.0, ""realized_vol_20"": 0.207921, ""rsi_2"": 47.211862, ""sma_100"": 79.8759, ""sma_200"": 72.98705, ""sma_50"": 83.955799, ""volume"": 8787200.0, ""volume_sma_20"": 12924250.0}",3059.163416329121,3045.4518996083048,3061.335997365702,-15.884097757397285,18.370699915743785,54.18948372083284,0.0,35.818783805089055,46.929701915512375,196.92970191551237,active,88.9944719467163,86.37772256469727,86.37772256469727,94.18085672539901,86.37772256469727,94.22797071075438,13.688274487124142,1218.180759843322,45.0,35.818783805089055,35.818783805089055,0.7959729734464235,2.6167493820190373,0.029403504788317242,70.9926584464515,1.9819952244264927,1.2536770890665478,0.0,target_hit,target hit,False,True,False,False,False,13,bear_high_volatility,True,valid_win,,True,pullback_days=4
14,C_swing_trend_pullback,v1_fixed_rules,XLB,equity_index,2008-03-03,2008-03-04,2008-03-03,2008-03-05,bear_normal_volatility,bear_normal_volatility,95.33341217041016,104.30916053771972,False,0.25623117381052346,normal_volatility,swing_trend_pullback,pullback_reclaim,Uptrend pullback reclaimed the short trigger.,"{""atr_20"": 0.409743, ""bollinger_lower"": 13.003178, ""breakout_level"": 14.316569, ""close"": 14.006436, ""ema_10"": 13.982626, ""momentum_126"": 0.086016, ""momentum_63"": 0.016606, ""pullback_days"": 3.0, ""realized_vol_20"": 0.256231, ""rsi_2"": 33.332871, ""sma_100"": 13.779728, ""sma_200"": 13.601144, ""sma_50"": 13.61084, ""volume"": 25723400.0, ""volume_sma_20"": 26069910.0}",3110.3557319129395,3110.3557319129395,3110.3557319129395,0.0,2.6191148093489343,47.619114809348936,0.0,45.0,111.72219083916049,261.7221908391605,active,13.817827594221697,13.203212658012081,13.203212658012081,13.615330550800211,13.203212658012081,15.04705746664093,73.21657406752743,1011.6939975046573,45.0,45.0,45.0,1.0,0.614614936209616,0.04447985271336242,-14.826139778124556,-0.32946977284721235,1.004280927615595,0.0,ema10_loss_exit,ema10 loss exit,False,False,False,False,False,1,bear_normal_volatility,True,valid_loss,,True,pullback_days=3
13,E_breakout_vcb,v1_fixed_rules,BIL,bond,2008-02-27,2008-02-28,2008-02-27,2008-03-18,bear_normal_volatility,bear_normal_volatility,98.70396423339844,104.45937446594239,False,0.00643356578731263,normal_volatility,volatility_contraction_breakout,volume_confirmed_breakout,Breakout and volume/volatility filters were satisfied.,"{""atr_20"": 0.102744, ""bollinger_lower"": 73.025973, ""breakout_level"": 73.153778, ""close"": 73.16967, ""ema_10"": 73.121009, ""momentum_126"": 0.019392, ""momentum_63"": 0.008382, ""realized_vol_20"": 0.006434, ""rsi_2"": 100.0, ""sma_100"": 72.686319, ""sma_50"": 72.938033, ""volume"": 84550.0, ""volume_sma_20"": 37080.0}",3110.2443885319526,3110.2443885319526,3110.2443885319526,0.0,0.0,2.6191148093489343,0.0,2.6191148093489343,0.0,80.0,active,73.20625494003295,73.05213876578843,73.14707268009087,73.47773004487773,73.14707268009087,73.51448728852199,16.99441880249012,1244.0977554127812,30.0,2.6191148093489343,2.6191148093489343,0.0873038269782978,0.15411617424452118,0.002105232324352144,4.613561626182145,1.761496521540037,1.2464045362258722,0.0,target_hit,target hit,False,True,False,False,False,13,bear_normal_volatility,True,valid_win,,True,volume-confirmed breakout
16,C_swing_trend_pullback,v1_fixed_rules,GLD,commodity_alternative,2008-03-11,2008-03-12,2008-03-11,2008-03-19,bear_normal_volatility,bear_normal_volatility,94.6906967163086,103.9120751953125,False,0.21199556835630273,normal_volatility,swing_trend_pullback,pullback_reclaim,Uptrend pullback reclaimed the short trigger.,"{""atr_20"": 1.775, ""bollinger_lower"": 88.445351, ""breakout_level"": 97.720001, ""close"": 95.989998, ""ema_10"": 95.638005, ""momentum_126"": 0.37877, ""momentum_63"": 0.221247, ""pullback_days"": 3.0, ""realized_vol_20"": 0.211996, ""rsi_2"": 35.293854, ""sma_100"": 84.6272, ""sma_200"": 76.07155, ""sma_50"": 90.4248, ""volume"": 14343300.0, ""volume_sma_20"": 11258525.0}",3087.4091881513787,3101.8605772855917,3110.3557319129395,-8.495154627347802,21.522891776296127,38.41353461656942,0.0,16.89064284027329,102.6846804542841,252.6846804542841,active,96.6282918319702,93.96579125976561,93.96579125976561,95.60217652511596,93.96579125976561,101.95329297637939,6.343902050803155,613.0004187184416,45.0,16.89064284027329,16.89064284027329,0.3753476186727398,2.6625005722045927,0.02755404780242306,-6.509574999513103,-0.3853953375884525,0.6097456312186851,0.0,ema10_loss_exit,ema10 loss exit,False,False,False,False,False,5,bear_normal_volatility,True,valid_loss,,True,pullback_days=3
17,C_swing_trend_pullback,v1_fixed_rules,BIL,bond,2008-03-26,2008-03-27,2008-03-26,2008-03-31,bear_high_volatility,bear_high_volatility,95.5900421142578,103.26820625305176,False,0.008099866661271542,high_volatility,swing_trend_pullback,pullback_reclaim,Uptrend pullback reclaimed the short trigger.,"{""atr_20"": 0.119712, ""bollinger_lower"": 73.119508, ""breakout_level"": 73.404327, ""close"": 73.324516, ""ema_10"": 73.311354, ""momentum_126"": 0.016732, ""momentum_63"": 0.007239, ""pullback_days"": 3.0, ""realized_vol_20"": 0.0081, ""rsi_2"": 50.0, ""sma_100"": 72.881308, ""sma_200"": 72.32439, ""sma_50"": 73.122805, ""volume"": 9800.0, ""volume_sma_20"": 56232.5}",3099.855940280603,3098.2199069579165,3131.6123606970536,-33.39245373913718,19.02637505199966,22.059809670985462,19.02637505199966,22.059809670985462,95.08414763894207,245.08414763894206,active,73.36113936364212,73.1815715581628,73.1815715581628,73.30382250554777,73.1815715581628,73.72027497460077,16.892975947935717,1239.2879627831667,45.0,3.0334346189858,3.0334346189858,0.06740965819968445,0.17956780547932283,0.0024477237817862583,-0.9682523051991507,-0.319193398512369,1.2388038366305671,0.0,ema10_loss_exit,ema10 loss exit,False,False,False,False,False,2,bear_high_volatility,True,valid_loss,,True,pullback_days=3
15,C_swing_trend_pullback,v1_fixed_rules,IEF,bond,2008-03-06,2008-03-07,2008-03-06,2008-04-03,bear_normal_volatility,bear_normal_volatility,93.59095001220705,104.1231819152832,False,0.10524999309403053,normal_volatility,swing_trend_pullback,pullback_reclaim,Uptrend pullback reclaimed the short trigger.,"{""atr_20"": 0.45014, ""bollinger_lower"": 56.451819, ""breakout_level"": 58.327194, ""close"": 58.172497, ""ema_10"": 57.730026, ""momentum_126"": 0.094298, ""momentum_63"": 0.039061, ""pullback_days"": 3.0, ""realized_vol_20"": 0.10525, ""rsi_2"": 64.864476, ""sma_100"": 55.843, ""sma_200"": 53.741283, ""sma_50"": 57.068458, ""volume"": 292600.0, ""volume_sma_20"": 341795.0}",3095.800186556513,3095.800186556513,3110.3557319129395,-14.555545356426592,2.5978669731629713,21.624242025162633,2.5978669731629713,21.624242025162633,96.89605106103593,246.89605106103593,active,58.54987403289946,57.65027474074005,57.65027474074005,58.57402885288832,57.65027474074005,60.349072617218276,21.149833284471068,1238.3200746226053,45.0,19.02637505199966,19.02637505199966,0.4228083344888814,0.899599292159408,0.015364666568777224,0.510870415780764,0.02685064361364367,1.2385755098304956,0.0,ema10_loss_exit,ema10 loss exit,False,False,False,False,False,18,bear_normal_volatility,True,valid_win,,True,pullback_days=3
18,D_mean_reversion,v1_fixed_rules,GLD,commodity_alternative,2008-04-01,2008-04-02,2008-04-01,2008-04-04,sideways_high_volatility,sideways_high_volatility,98.0372085571289,103.04834690093995,False,0.31146297314143145,high_volatility,mean_reversion_trend_filter,oversold_in_uptrend,Oversold ETF signal appeared while trend filter allowed long exposure.,"{""atr_20"": 2.32, ""bollinger_lower"": 87.902492, ""breakout_level"": 99.169998, ""close"": 86.860001, ""ema_10"": 91.829939, ""momentum_126"": 0.181608, ""momentum_63"": 0.046506, ""realized_vol_20"": 0.311463, ""rsi_2"": 0.0, ""sma_100"": 86.9777, ""sma_200"": 78.06395, ""sma_50"": 92.5296, ""volume"": 23673200.0, ""volume_sma_20"": 16929695.0}",3093.4114379600815,3089.3068322153476,3131.6123606970536,-42.305528481706006,19.02637505199966,49.026375051999665,0.0,30.0,-1.4778023072075612,58.52219769279244,active,87.32363877868652,83.8436386642456,83.8436386642456,89.43526335525513,83.8436386642456,,8.620689371678289,752.7899647156969,30.0,30.0,30.0,1.0,3.4800001144409123,0.03985175335238426,18.203659544199734,0.6067886514733245,0.7618917944877968,0.0,mean_reversion_exit,mean reversion exit,False,False,False,False,False,2,sideways_high_volatility,True,valid_win,,True,mean reversion setup
19,D_mean_reversion,v1_fixed_rules,SHY,bond,2008-04-01,2008-04-02,2008-04-01,2008-04-07,sideways_high_volatility,sideways_high_volatility,98.0372085571289,103.04834690093995,False,0.03853941414543426,high_volatility,mean_reversion_trend_filter,oversold_in_uptrend,Oversold ETF signal appeared while trend filter allowed long exposure.,"{""atr_20"": 0.205156, ""bollinger_lower"": 62.917283, ""breakout_level"": 63.455379, ""close"": 63.023914, ""ema_10"": 63.152389, ""momentum_126"": 0.052459, ""momentum_63"": 0.027556, ""realized_vol_20"": 0.038539, ""rsi_2"": 6.175196, ""sma_100"": 62.055113, ""sma_200"": 60.685248, ""sma_50"": 62.834263, ""volume"": 2527500.0, ""volume_sma_20"": 931655.0}",3093.4114379600815,3106.08577877029,3131.6123606970536,-25.52658192676381,49.026375051999665,54.40440454666059,19.02637505199966,24.404404546660587,15.30114424773462,75.30114424773461,active,63.025340562667246,62.71760620869997,62.71760620869997,62.90967301562507,62.71760620869997,,17.476207726982608,1101.4439437369956,30.0,5.3780294946609235,5.3780294946609235,0.17926764982203078,0.3077343539672768,0.004882708307800271,-2.0214300793796505,-0.37586816535432527,1.1004332286973058,0.0,mean_reversion_exit,mean reversion exit,False,False,False,False,False,3,sideways_high_volatility,True,valid_loss,,True,mean reversion setup
20,D_mean_reversion,v1_fixed_rules,BIL,bond,2008-04-03,2008-04-04,2008-04-03,2008-04-07,sideways_high_volatility,sideways_high_volatility,98.34577178955078,102.94904075622559,False,0.0097997468009674,high_volatility,mean_reversion_trend_filter,oversold_in_uptrend,Oversold ETF signal appeared while trend filter allowed long exposure.,"{""atr_20"": 0.118154, ""bollinger_lower"": 73.189155, ""breakout_level"": 73.404327, ""close"": 73.308434, ""ema_10"": 73.313636, ""momentum_126"": 0.017171, ""momentum_63"": 0.006381, ""realized_vol_20"": 0.0098, ""rsi_2"": 0.0, ""sma_100"": 72.936103, ""sma_200"": 72.390152, ""sma_50"": 73.176689, ""volume"": 23600.0, ""volume_sma_20"": 46162.5}",3109.402930689895,3111.5055871384075,3131.6123606970536,-20.106773558646182,5.3780294946609235,8.384177546140343,5.3780294946609235,8.384177546140343,16.962931340121006,76.962931340121,active,73.37710906219482,73.19987777716813,73.19987777716813,73.30374156624832,73.19987777716813,,16.961723496089657,1244.6022348553631,30.0,3.006148051479419,3.006148051479419,0.10020493504931396,0.17723128502669283,0.0024153484280291103,-1.2444391798449976,-0.41396470118381906,1.2439800152654406,0.0,mean_reversion_exit,mean reversion exit,False,False,False,False,False,1,sideways_high_volatility,True,valid_loss,,True,mean reversion setup
21,D_mean_reversion,v1_fixed_rules,TLT,bond,2008-04-08,2008-04-09,2008-04-08,2008-04-10,sideways_high_volatility,bear_high_volatility,98.18791961669922,102.80931129455567,False,0.1615504076482987,high_volatility,mean_reversion_trend_filter,oversold_in_uptrend,Oversold ETF signal appeared while trend filter allowed long exposure.,"{""atr_20"": 0.741766, ""bollinger_lower"": 53.940711, ""breakout_level"": 56.223961, ""close"": 54.830391, ""ema_10"": 54.985305, ""momentum_126"": 0.094736, ""momentum_63"": 0.008167, ""realized_vol_20"": 0.16155, ""rsi_2"": 0.0, ""sma_100"": 53.861101, ""sma_200"": 51.702899, ""sma_50"": 54.213725, ""volume"": 1305200.0, ""volume_sma_20"": 3409275.0}",3108.002643776054,3108.002643776054,3131.6123606970536,-23.609716920999745,0.0,25.164470331271787,0.0,25.164470331271787,13.459987977767526,73.45998797776753,active,54.968233132972806,53.85558408599793,53.85558408599793,55.348820375304946,53.85558408599793,,22.61671854183512,1243.2010575104216,30.0,25.164470331271787,25.164470331271787,0.8388156777090595,1.112649046974873,0.020241673846115464,8.607634540439214,0.34205506522195867,1.2475048747806412,0.0,mean_reversion_exit,mean reversion exit,False,False,False,False,False,1,bear_high_volatility,True,valid_win,,True,mean reversion setup
23,D_mean_reversion,v1_fixed_rules,BIL,bond,2008-04-10,2008-04-11,2008-04-10,2008-04-14,sideways_high_volatility,bear_high_volatility,97.61380004882812,102.72294857025146,False,0.010179579241613265,high_volatility,mean_reversion_trend_filter,oversold_in_uptrend,Oversold ETF signal appeared while trend filter allowed long exposure.,"{""atr_20"": 0.114984, ""bollinger_lower"": 73.247159, ""breakout_level"": 73.404327, ""close"": 73.356461, ""ema_10"": 73.334671, ""momentum_126"": 0.016727, ""momentum_63"": 0.008361, ""realized_vol_20"": 0.01018, ""rsi_2"": 0.0, ""sma_100"": 72.979477, ""sma_200"": 72.442856, ""sma_50"": 73.212071, ""volume"": 18750.0, ""volume_sma_20"": 46070.0}",3108.016274524588,3100.04663661395,3131.6123606970536,-31.56572408310376,26.294516043852745,29.20858778142507,0.0,2.9140717375723257,5.50398081566377,65.50398081566377,active,73.39313880157471,73.22066327412023,73.22066327412023,73.36771923472858,73.22066327412023,,16.89556646429972,1240.01865464558,30.0,2.9140717375723257,2.9140717375723257,0.0971357245857442,0.17247552745448047,0.0023500224989802436,-0.42947798114241464,-0.14738071668071118,1.239803915655009,0.0,mean_reversion_exit,mean reversion exit,False,False,False,False,False,1,bear_high_volatility,True,valid_loss,,True,mean reversion setup
22,D_mean_reversion,v1_fixed_rules,XLP,equity_index,2008-04-08,2008-04-09,2008-04-08,2008-04-16,sideways_high_volatility,bear_high_volatility,98.18791961669922,102.80931129455567,False,0.1475382316517124,high_volatility,mean_reversion_trend_filter,oversold_in_uptrend,Oversold ETF signal appeared while trend filter allowed long exposure.,"{""atr_20"": 0.243652, ""bollinger_lower"": 16.459232, ""breakout_level"": 17.460735, ""close"": 17.343798, ""ema_10"": 17.265744, ""momentum_126"": 0.017001, ""momentum_63"": -0.004194, ""realized_vol_20"": 0.147538, ""rsi_2"": 0.0, ""sma_100"": 17.1312, ""sma_200"": 16.887574, ""sma_50"": 16.839029, ""volume"": 1648600.0, ""volume_sma_20"": 3782425.0}",3108.002643776054,3117.76247888574,3131.6123606970536,-13.84988181131348,25.164470331271787,51.45898637512453,0.0,26.294516043852745,23.219823087453783,83.21982308745379,active,17.333995686215818,16.96851801532043,16.96851801532043,17.255161479018646,16.96851801532043,,71.94561566356035,1247.1049915542962,30.0,26.294516043852745,26.294516043852745,0.8764838681284248,0.3654776708953875,0.02108444455112097,-5.671775572149215,-0.21570184302651157,1.2442691037682216,0.0,mean_reversion_exit,mean reversion exit,False,False,False,False,False,5,bear_high_volatility,True,valid_loss,,True,mean reversion setup
24,D_mean_reversion,v1_fixed_rules,BIL,bond,2008-04-16,2008-04-17,2008-04-16,2008-04-18,sideways_high_volatility,sideways_normal_volatility,98.20945739746094,102.52848377227784,False,0.00856509086859796,high_volatility,mean_reversion_trend_filter,oversold_in_uptrend,Oversold ETF signal appeared while trend filter allowed long exposure.,"{""atr_20"": 0.063915, ""bollinger_lower"": 73.269726, ""breakout_level"": 73.404327, ""close"": 73.340439, ""ema_10"": 73.352431, ""momentum_126"": 0.016061, ""momentum_63"": 0.006601, ""realized_vol_20"": 0.008565, ""rsi_2"": 0.0, ""sma_100"": 73.012862, ""sma_200"": 72.484663, ""sma_50"": 73.236254, ""volume"": 19550.0, ""volume_sma_20"": 37495.0}",3110.5090247632015,3110.5090247632015,3131.6123606970536,-21.103335933852122,0.0,1.6256444730051793,0.0,1.6256444730051793,15.966368964915109,75.9663689649151,active,73.37710906219482,73.28123641655836,73.28123641655836,73.24459579835008,73.28123641655836,,16.956290944232858,1244.2036099052807,30.0,1.6256444730051793,1.6256444730051793,0.054188149100172646,0.09587264563646158,0.001306574309914546,-2.246933455721352,-1.382180109509217,1.24308014317742,0.0,stop_loss,stop loss,True,False,False,False,False,1,sideways_normal_volatility,True,valid_loss,,True,mean reversion setup
25,D_mean_reversion,v1_fixed_rules,IEF,bond,2008-04-16,2008-04-17,2008-04-16,2008-04-18,sideways_high_volatility,sideways_normal_volatility,98.20945739746094,102.52848377227784,False,0.09912910133501703,high_volatility,mean_reversion_trend_filter,oversold_in_uptrend,Oversold ETF signal appeared while trend filter allowed long exposure.,"{""atr_20"": 0.432452, ""bollinger_lower"": 57.994839, ""breakout_level"": 59.648716, ""close"": 58.021149, ""ema_10"": 58.525118, ""momentum_126"": 0.101021, ""momentum_63"": 0.015436, ""realized_vol_20"": 0.099129, ""rsi_2"": 0.0, ""sma_100"": 57.176935, ""sma_200"": 54.908794, ""sma_50"": 58.181784, ""volume"": 1116400.0, ""volume_sma_20"": 567490.0}",3110.5090247632015,3109.887233853704,3131.6123606970536,-21.7251268433497,1.6256444730051793,15.530775123186082,1.6256444730051793,15.530775123186082,15.344578055417307,75.3445780554173,active,58.03076171364309,57.38208439620399,57.38208439620399,57.353393354005895,57.38208439620399,,21.43612899103178,1243.9548935414816,30.0,13.905130650180903,13.905130650180903,0.4635043550060301,0.6486773174390947,0.01117816306875376,-14.520155531626461,-1.0442300685206116,1.2366948157756683,0.0,stop_loss,stop loss,True,False,False,False,False,1,sideways_normal_volatility,True,valid_loss,,True,mean reversion setup
26,D_mean_reversion,v1_fixed_rules,BIL,bond,2008-04-18,2008-04-21,2008-04-18,2008-04-21,sideways_normal_volatility,sideways_normal_volatility,99.3791732788086,102.44206993103028,False,0.008771661500714746,normal_volatility,mean_reversion_trend_filter,oversold_in_uptrend,Oversold ETF signal appeared while trend filter allowed long exposure.,"{""atr_20"": 0.066323, ""bollinger_lower"": 73.269755, ""breakout_level"": 73.388435, ""close"": 73.292465, ""ema_10"": 73.339744, ""momentum_126"": 0.01429, ""momentum_63"": 0.006381, ""realized_vol_20"": 0.008772, ""rsi_2"": 0.0, ""sma_100"": 73.027171, ""sma_200"": 72.504494, ""sma_50"": 73.246586, ""volume"": 31800.0, ""volume_sma_20"": 36745.0}",3093.7419357758536,3093.7419357758536,3131.6123606970536,-37.87042492120008,0.0,1.6774291264198524,0.0,1.6774291264198524,-0.8007200224327047,59.19927997756729,active,73.39317282260394,73.29368824346909,73.29368824346909,73.25704139934736,73.29368824346909,,16.861197393679266,1237.4967743103416,30.0,1.6774291264198524,1.6774291264198524,0.055914304213995084,0.09948457913485242,0.0013555018172509464,-2.295338799011797,-1.3683670820183937,1.2363491049108357,0.0,stop_loss,stop loss,True,False,False,False,False,0,sideways_normal_volatility,True,valid_loss,,True,mean reversion setup
28,D_mean_reversion,v1_fixed_rules,SHY,bond,2008-04-21,2008-04-22,2008-04-21,2008-04-24,sideways_normal_volatility,sideways_normal_volatility,99.42941284179688,102.40127304077149,False,0.024409148228108624,normal_volatility,mean_reversion_trend_filter,oversold_in_uptrend,Oversold ETF signal appeared while trend filter allowed long exposure.,"{""atr_20"": 0.141542, ""bollinger_lower"": 62.711629, ""breakout_level"": 63.252682, ""close"": 62.692787, ""ema_10"": 62.902559, ""momentum_126"": 0.043617, ""momentum_63"": 0.007788, ""realized_vol_20"": 0.024409, ""rsi_2"": 0.0, ""sma_100"": 62.348681, ""sma_200"": 61.011497, ""sma_50"": 62.975687, ""volume"": 753400.0, ""volume_sma_20"": 893840.0}",3085.383460007884,3085.5905717804817,3131.6123606970536,-46.02178891657195,30.000000000000004,34.17922056769295,0.0,4.179220567692945,-8.952084017804534,51.04791598219546,active,62.70164499492189,62.48933231255607,62.48933231255607,62.5712398889156,62.48933231255607,,19.684271900875196,1234.2362287121928,30.0,4.179220567692945,4.179220567692945,0.1393073522564315,0.21231268236581968,0.003386078345839484,-2.5669295638903282,-0.6142125121927581,1.2329527639302478,0.0,mean_reversion_exit,mean reversion exit,False,False,False,False,False,2,sideways_normal_volatility,True,valid_loss,,True,mean reversion setup
27,D_mean_reversion,v1_fixed_rules,GLD,commodity_alternative,2008-04-18,2008-04-21,2008-04-18,2008-04-24,sideways_normal_volatility,sideways_normal_volatility,99.3791732788086,102.44206993103028,False,0.26983951803394546,normal_volatility,mean_reversion_trend_filter,oversold_in_uptrend,Oversold ETF signal appeared while trend filter allowed long exposure.,"{""atr_20"": 1.931, ""bollinger_lower"": 87.986943, ""breakout_level"": 93.800003, ""close"": 90.620003, ""ema_10"": 91.597734, ""momentum_126"": 0.216376, ""momentum_63"": 0.04763, ""realized_vol_20"": 0.26984, ""rsi_2"": 0.0, ""sma_100"": 88.4401, ""sma_200"": 79.79245, ""sma_50"": 92.9244, ""volume"": 11390700.0, ""volume_sma_20"": 10037190.0}",3093.7419357758536,3092.5843045349407,3131.6123606970536,-39.02805616211299,1.6774291264198524,31.677429126419856,0.0,30.000000000000004,-1.9583512633456541,58.041648736654345,active,90.8353959159851,87.93889570999144,87.93889570999144,87.89492626213645,87.93889570999144,,10.357327072831445,940.8119052919955,30.0,30.000000000000004,30.000000000000004,1.0000000000000002,2.896500205993661,0.0318873515856382,-30.45540595264595,-1.0151801984215316,0.9255842023156724,0.0,stop_loss,stop loss,True,False,False,False,False,3,sideways_normal_volatility,True,valid_loss,,True,mean reversion setup
29,D_mean_reversion,v1_fixed_rules,XLB,equity_index,2008-04-23,2008-04-24,2008-04-23,2008-04-28,sideways_normal_volatility,sideways_normal_volatility,98.8337631225586,102.3084323501587,False,0.24362090194604324,normal_volatility,mean_reversion_trend_filter,oversold_in_uptrend,Oversold ETF signal appeared while trend filter allowed long exposure.,"{""atr_20"": 0.354551, ""bollinger_lower"": 13.539187, ""breakout_level"": 14.996993, ""close"": 14.645317, ""ema_10"": 14.673635, ""momentum_126"": 0.059127, ""momentum_63"": 0.153924, ""realized_vol_20"": 0.243621, ""rsi_2"": 0.0, ""sma_100"": 13.819949, ""sma_200"": 13.704103, ""sma_50"": 14.007554, ""volume"": 15473800.0, ""volume_sma_20"": 24650310.0}",3074.987247975911,3051.4338420565364,3131.6123606970536,-80.17851864051727,30.000000000000004,60.0,0.0,30.0,-43.108813741750055,16.891186258249945,active,14.696621236953161,14.164794483905979,14.164794483905979,14.854308148843737,14.164794483905979,,56.40934726978367,829.0268110477685,30.0,30.0,30.0,1.0,0.5318267530471825,0.03618700818865483,8.895015772735253,0.29650052575784175,0.8334743189341363,0.0,mean_reversion_exit,mean reversion exit,False,False,False,False,False,2,sideways_normal_volatility,True,valid_win,,True,mean reversion setup
30,D_mean_reversion,v1_fixed_rules,GLD,commodity_alternative,2008-04-24,2008-04-25,2008-04-24,2008-04-29,sideways_normal_volatility,sideways_normal_volatility,99.26439666748048,102.2712644958496,False,0.2556082458843707,normal_volatility,mean_reversion_trend_filter,oversold_in_uptrend,Oversold ETF signal appeared while trend filter allowed long exposure.,"{""atr_20"": 1.932, ""bollinger_lower"": 87.397533, ""breakout_level"": 93.459999, ""close"": 87.220001, ""ema_10"": 90.152255, ""momentum_126"": 0.159378, ""momentum_63"": -0.03175, ""realized_vol_20"": 0.255608, ""rsi_2"": 0.0, ""sma_100"": 88.8172, ""sma_200"": 80.2754, ""sma_50"": 92.8334, ""volume"": 22846600.0, ""volume_sma_20"": 10880845.0}",3043.5130829069335,3066.78443479688,3131.6123606970536,-64.8279259001738,30.0,60.0,0.0,30.0,-27.758221001406575,32.241778998593425,active,88.37416683197021,85.47616687774658,85.47616687774658,86.68663835525513,85.47616687774658,,10.35196703722409,914.8464619866982,30.0,30.0,30.0,1.0,2.8979999542236357,0.03279238784489741,-17.469239165331565,-0.5823079721777188,0.9061118424040324,0.0,mean_reversion_exit,mean reversion exit,False,False,False,False,False,2,sideways_normal_volatility,True,valid_loss,,True,mean reversion setup
31,C_swing_trend_pullback,v1_fixed_rules,XLB,equity_index,2008-04-25,2008-04-28,2008-04-25,2008-04-29,sideways_normal_volatility,sideways_normal_volatility,100.18292236328124,102.23490715026855,False,0.26339067009909994,normal_volatility,swing_trend_pullback,pullback_reclaim,Uptrend pullback reclaimed the short trigger.,"{""atr_20"": 0.37129, ""bollinger_lower"": 13.772974, ""breakout_level"": 14.996993, ""close"": 14.844827, ""ema_10"": 14.668857, ""momentum_126"": 0.054706, ""momentum_63"": 0.145605, ""pullback_days"": 3.0, ""realized_vol_20"": 0.263391, ""rsi_2"": 65.946, ""sma_100"": 13.835865, ""sma_200"": 13.713374, ""sma_50"": 14.045581, ""volume"": 17533800.0, ""volume_sma_20"": 24426170.0}",3055.3541013978625,3060.2368300138805,3131.6123606970536,-71.37553068317311,30.0,75.0,0.0,45.0,89.92909417210444,239.92909417210444,active,14.869169887862087,14.31223541086726,14.31223541086726,14.305079293161826,14.31223541086726,15.983038841851743,80.79945102845181,1201.420764188043,45.0,45.0,45.0,1.0,0.5569344769948277,0.037455653623909506,-45.578210382093985,-1.0128491196020886,1.178631658996996,0.0,stop_loss,stop loss,True,False,False,False,False,1,sideways_normal_volatility,True,valid_loss,,True,pullback_days=3
32,D_mean_reversion,v1_fixed_rules,IEF,bond,2008-04-25,2008-04-28,2008-04-25,2008-04-30,sideways_normal_volatility,sideways_normal_volatility,100.18292236328124,102.23490715026855,False,0.06940685343660084,normal_volatility,mean_reversion_trend_filter,oversold_in_uptrend,Oversold ETF signal appeared while trend filter allowed long exposure.,"{""atr_20"": 0.395816, ""bollinger_lower"": 57.289643, ""breakout_level"": 59.107212, ""close"": 57.290283, ""ema_10"": 57.840586, ""momentum_126"": 0.061237, ""momentum_63"": -0.008581, ""realized_vol_20"": 0.069407, ""rsi_2"": 0.0, ""sma_100"": 57.326081, ""sma_200"": 55.162699, ""sma_50"": 58.196876, ""volume"": 211400.0, ""volume_sma_20"": 579425.0}",3055.3541013978625,3051.4397148585704,3131.6123606970536,-80.17264583848328,75.0,84.85904769827306,0.0,9.859047698273061,-34.305825784406196,25.694174215593804,active,57.273589688729224,56.67986503195133,56.67986503195133,57.44909970100477,56.67986503195133,,16.605420687389813,951.0520510583001,30.0,9.859047698273061,9.859047698273061,0.3286349232757687,0.5937246567778942,0.010366464892538983,2.914417588684376,0.29560842769782664,0.9525092598526423,0.0,mean_reversion_exit,mean reversion exit,False,False,False,False,False,2,sideways_normal_volatility,True,valid_win,,True,mean reversion setup
33,E_breakout_vcb,v1_fixed_rules,XLV,equity_index,2008-04-28,2008-04-29,2008-04-28,2008-04-30,sideways_normal_volatility,sideways_low_volatility,100.20448303222656,102.1901734161377,False,0.12978401106854898,normal_volatility,volatility_contraction_breakout,volume_confirmed_breakout,Breakout and volume/volatility filters were satisfied.,"{""atr_20"": 0.276576, ""bollinger_lower"": 22.762927, ""breakout_level"": 23.38451, ""close"": 23.413774, ""ema_10"": 23.115055, ""momentum_126"": -0.092788, ""momentum_63"": -0.037915, ""realized_vol_20"": 0.129784, ""rsi_2"": 100.0, ""sma_100"": 24.381676, ""sma_200"": 24.900715, ""sma_50"": 23.313492, ""volume"": 3835300.0, ""volume_sma_20"": 2308825.0}",3053.434888018913,3005.4215676958274,3131.6123606970536,-126.19079300122621,54.85904769827306,70.85150860085251,45.0,60.99246090257945,4.613561626182145,84.61356162618215,active,23.279075576891156,22.86421135196561,22.86421135196561,23.255804203243056,22.86421135196561,24.108804026742245,38.54866228932998,897.3772228213667,30.0,15.99246090257945,15.99246090257945,0.5330820300859817,0.41486422492554453,0.017821335884032053,-0.8970803237694308,-0.056093951345833164,0.896928682659482,0.0,failed_breakout_exit,failed breakout exit,False,False,False,False,False,1,sideways_low_volatility,True,valid_loss,,True,volume-confirmed breakout
35,D_mean_reversion,v1_fixed_rules,XLE,equity_index,2008-04-29,2008-04-30,2008-04-29,2008-05-01,sideways_low_volatility,sideways_normal_volatility,99.80982971191406,102.14184047698974,False,0.22664676499204087,low_volatility,mean_reversion_trend_filter,oversold_in_uptrend,Oversold ETF signal appeared while trend filter allowed long exposure.,"{""atr_20"": 0.480743, ""bollinger_lower"": 21.391208, ""breakout_level"": 24.074205, ""close"": 23.097925, ""ema_10"": 23.364716, ""momentum_126"": 0.06034, ""momentum_63"": 0.145442, ""realized_vol_20"": 0.226647, ""rsi_2"": 6.964851, ""sma_100"": 21.485564, ""sma_200"": 20.98775, ""sma_50"": 21.934927, ""volume"": 46405400.0, ""volume_sma_20"": 40558810.0}",3003.306354871895,3007.3888239953185,3131.6123606970536,-124.22353670173516,30.0,60.0,30.0,60.0,-40.678541097105295,19.321458902894705,active,23.2376249713239,22.516510820870437,22.516510820870437,22.50525256546,22.516510820870437,,41.60228998576009,966.7384126373569,30.0,30.0,30.0,1.0,0.721114150453463,0.03103217955119531,-30.468369206318698,-1.01561230687729,0.9515042280341975,0.0,stop_loss,stop loss,True,False,False,False,False,1,sideways_normal_volatility,True,valid_loss,,True,mean reversion setup
34,D_mean_reversion,v1_fixed_rules,XLB,equity_index,2008-04-29,2008-04-30,2008-04-29,2008-05-01,sideways_low_volatility,sideways_normal_volatility,99.80982971191406,102.14184047698974,False,0.27544373422803187,low_volatility,mean_reversion_trend_filter,oversold_in_uptrend,Oversold ETF signal appeared while trend filter allowed long exposure.,"{""atr_20"": 0.36216, ""bollinger_lower"": 14.005988, ""breakout_level"": 14.996993, ""close"": 14.273346, ""ema_10"": 14.610548, ""momentum_126"": -0.012374, ""momentum_63"": 0.074664, ""realized_vol_20"": 0.275444, ""rsi_2"": 0.0, ""sma_100"": 13.850281, ""sma_200"": 13.716691, ""sma_50"": 14.085211, ""volume"": 21407200.0, ""volume_sma_20"": 23555020.0}",3003.306354871895,3006.289164950531,3131.6123606970536,-125.32319574652274,0.0,30.0,0.0,30.0,-41.778200141892725,18.221799858107275,active,14.28725060604069,13.744010428666895,13.744010428666895,14.198618041038515,13.744010428666895,,55.22419226249072,789.0018743703781,30.0,30.0,30.0,1.0,0.5432401773737947,0.038022723360372164,-4.894661810397835,-0.16315539367992785,0.7865545434651793,0.0,strategy_loss_budget,strategy loss budget,False,False,False,False,False,2,sideways_normal_volatility,True,risk_limit_exit,,True,mean reversion setup
36,E_breakout_vcb,v1_fixed_rules,XLI,equity_index,2008-05-01,2008-05-02,2008-05-01,2008-05-08,sideways_normal_volatility,sideways_normal_volatility,101.2737808227539,102.04997604370118,False,0.237599006607635,normal_volatility,volatility_contraction_breakout,volume_confirmed_breakout,Breakout and volume/volatility filters were satisfied.,"{""atr_20"": 0.464488, ""bollinger_lower"": 25.696155, ""breakout_level"": 27.179155, ""close"": 27.291862, ""ema_10"": 26.90362, ""momentum_126"": -0.027155, ""momentum_63"": 0.051949, ""realized_vol_20"": 0.237599, ""rsi_2"": 100.0, ""sma_100"": 26.253589, ""sma_200"": 26.964532, ""sma_50"": 26.208969, ""volume"": 10939000.0, ""volume_sma_20"": 5892770.0}",2970.9261339338145,2970.9261339338145,3131.6123606970536,-160.68622676323912,0.0,30.0,0.0,30.0,3.7164813024127143,83.71648130241272,active,27.530994156115074,26.83426237121967,26.83426237121967,27.05294420139355,26.83426237121967,28.924457725905885,43.058176260041954,1185.434398988188,30.0,30.0,30.0,1.0,0.6967317848954053,0.025307178554634577,-20.583959211504435,-0.6861319737168146,1.1751424193824356,0.0,failed_breakout_exit,failed breakout exit,False,False,False,False,False,4,sideways_normal_volatility,True,valid_loss,,True,volume-confirmed breakout
38,B_ETF_trend_following,v1_fixed_rules,XLB,equity_index,2008-05-15,2008-05-16,2008-05-15,2008-05-23,sideways_low_volatility,sideways_low_volatility,102.28562927246094,101.77164169311523,True,0.2406061434274571,low_volatility,trend_following_breakout,trend_breakout,Trend filter and 20-day breakout conditions were met.,"{""atr_20"": 0.318877, ""bollinger_lower"": 14.137698, ""breakout_level"": 15.162689, ""close"": 15.335146, ""ema_10"": 14.931888, ""momentum_126"": 0.122019, ""momentum_63"": 0.13729, ""realized_vol_20"": 0.240606, ""rsi_2"": 100.0, ""sma_100"": 13.93851, ""sma_200"": 13.773237, ""sma_50"": 14.262493, ""volume"": 17909400.0, ""volume_sma_20"": 20307520.0}",2960.9171340543503,3000.4374151390484,3131.6123606970536,-131.17494555800522,45.0,90.0,45.0,90.0,50.09524041673849,150.09524041673848,active,15.447699273369452,14.8099456397171,14.8099456397171,14.802540666897242,14.8099456397171,,70.56016246005444,1089.9921703630134,45.0,45.0,45.0,1.0,0.6377536336523519,0.041284700224051236,-45.522496085181444,-1.0116110241151433,1.0672309223204226,0.0,stop_loss,stop loss,True,False,False,False,False,5,sideways_low_volatility,True,valid_loss,,True,trend breakout
37,B_ETF_trend_following,v1_fixed_rules,XLE,equity_index,2008-05-06,2008-05-07,2008-05-06,2008-05-27,sideways_normal_volatility,sideways_normal_volatility,101.941162109375,101.935969581604,True,0.26311919106131504,normal_volatility,trend_following_breakout,trend_breakout,Trend filter and 20-day breakout conditions were met.,"{""atr_20"": 0.507214, ""bollinger_lower"": 22.063793, ""breakout_level"": 24.074205, ""close"": 24.14822, ""ema_10"": 23.441492, ""momentum_126"": 0.124632, ""momentum_63"": 0.243014, ""realized_vol_20"": 0.263119, ""rsi_2"": 100.0, ""sma_100"": 21.580321, ""sma_200"": 21.053987, ""sma_50"": 22.13049, ""volume"": 42192400.0, ""volume_sma_20"": 43836200.0}",2966.6946359347535,2948.49867021744,3131.6123606970536,-183.11369047961352,30.0,75.0,30.0,75.0,0.0,100.0,active,24.18876675588622,23.174338631419683,24.379480533244035,24.367290792977414,24.379480533244035,,44.3599688481275,1073.012939765735,45.0,45.0,45.0,1.0,1.0144281244665372,0.04193798446626804,7.919320724007306,0.17598490497794012,1.0769726001277387,0.0,stop_loss,stop loss,True,False,False,False,False,13,sideways_normal_volatility,True,valid_win,,True,trend breakout
40,C_swing_trend_pullback,v1_fixed_rules,XLE,equity_index,2008-05-28,2008-05-29,2008-05-28,2008-05-30,sideways_normal_volatility,sideways_normal_volatility,99.96763610839844,101.65633090972901,False,0.2708098561464775,normal_volatility,swing_trend_pullback,pullback_reclaim,Uptrend pullback reclaimed the short trigger.,"{""atr_20"": 0.584777, ""bollinger_lower"": 22.757189, ""breakout_level"": 25.727924, ""close"": 24.908184, ""ema_10"": 24.753999, ""momentum_126"": 0.230772, ""momentum_63"": 0.134902, ""pullback_days"": 4.0, ""realized_vol_20"": 0.27081, ""rsi_2"": 76.371692, ""sma_100"": 21.944362, ""sma_200"": 21.434229, ""sma_50"": 23.067075, ""volume"": 52428400.0, ""volume_sma_20"": 52722140.0}",2913.032732488322,2912.689359256041,3131.6123606970536,-218.92300144101273,1.466949199642827,42.89706127754268,0.0,41.43011207789986,44.35088379001046,194.35088379001047,active,24.667196740677618,23.790030830102356,23.790030830102356,24.403566173902583,23.790030830102356,26.42152856182814,47.23178543353246,1165.0757437024165,45.0,41.43011207789986,41.43011207789986,0.9206691572866634,0.8771659105752612,0.03556001599195763,-12.451742363639001,-0.30054812162289946,1.1588498725205971,0.0,ema10_loss_exit,ema10 loss exit,False,False,False,False,False,1,sideways_normal_volatility,True,valid_loss,,True,pullback_days=4
41,C_swing_trend_pullback,v1_fixed_rules,XLB,equity_index,2008-05-28,2008-05-29,2008-05-28,2008-05-30,sideways_normal_volatility,sideways_normal_volatility,99.96763610839844,101.65633090972901,False,0.21970061051204523,normal_volatility,swing_trend_pullback,pullback_reclaim,Uptrend pullback reclaimed the short trigger.,"{""atr_20"": 0.324287, ""bollinger_lower"": 14.165214, ""breakout_level"": 15.565094, ""close"": 15.135641, ""ema_10"": 15.056608, ""momentum_126"": 0.171538, ""momentum_63"": 0.05746, ""pullback_days"": 4.0, ""realized_vol_20"": 0.219701, ""rsi_2"": 84.496185, ""sma_100"": 14.019621, ""sma_200"": 13.858955, ""sma_50"": 14.510811, ""volume"": 20263200.0, ""volume_sma_20"": 21020200.0}",2913.032732488322,2891.941559632425,3131.6123606970536,-239.67080106462845,42.89706127754268,78.40182405219585,41.43011207789986,76.93487485255304,23.60308416639438,173.60308416639438,active,15.112759917020597,14.554017522283914,14.554017522283914,15.087516060505806,14.554017522283914,16.230244706493963,63.54406450827023,960.3261910651574,45.0,35.50476277465317,35.50476277465317,0.7889947283256261,0.558742394736683,0.03697156560446678,-1.604097246813411,-0.04517977649912859,0.9595241424417508,0.0,ema10_loss_exit,ema10 loss exit,False,False,False,False,False,1,sideways_normal_volatility,True,valid_loss,,True,pullback_days=4
42,E_breakout_vcb,v1_fixed_rules,IWM,equity_index,2008-06-05,2008-06-06,2008-06-05,2008-06-09,sideways_low_volatility,sideways_normal_volatility,101.02975463867188,101.61397037506103,False,0.1609209572952296,low_volatility,volatility_contraction_breakout,volume_confirmed_breakout,Breakout and volume/volatility filters were satisfied.,"{""atr_20"": 1.039781, ""bollinger_lower"": 55.894135, ""breakout_level"": 58.376427, ""close"": 59.572556, ""ema_10"": 58.046786, ""momentum_126"": 0.021767, ""momentum_63"": 0.153459, ""realized_vol_20"": 0.160921, ""rsi_2"": 100.0, ""sma_100"": 55.059327, ""sma_200"": 57.96859, ""sma_50"": 56.224161, ""volume"": 106082100.0, ""volume_sma_20"": 68532165.0}",2898.924809554299,2899.097683604703,3131.6123606970536,-232.51467709235067,0.7237222640777913,30.723722264077793,0.0,30.0,-16.867477909091722,63.13252209090828,active,59.25036090458489,57.69068897973116,57.69068897973116,57.917480097595586,57.69068897973116,62.369704754292336,19.234814400351272,1139.6696951535193,30.0,30.0,30.0,1.0,1.559671924853724,0.026323416449148315,-25.63771494022964,-0.8545904980076546,1.1268508376834045,0.0,failed_breakout_exit,failed breakout exit,False,False,False,False,False,1,sideways_normal_volatility,True,valid_loss,,True,volume-confirmed breakout
43,C_swing_trend_pullback,v1_fixed_rules,GLD,commodity_alternative,2008-06-06,2008-06-09,2008-06-06,2008-06-10,sideways_normal_volatility,sideways_normal_volatility,97.8075714111328,101.59069259643555,False,0.2429674059100713,normal_volatility,swing_trend_pullback,pullback_reclaim,Uptrend pullback reclaimed the short trigger.,"{""atr_20"": 1.558, ""bollinger_lower"": 84.389081, ""breakout_level"": 91.959999, ""close"": 89.059998, ""ema_10"": 87.917011, ""momentum_126"": 0.132647, ""momentum_63"": -0.073161, ""pullback_days"": 3.0, ""realized_vol_20"": 0.242967, ""rsi_2"": 92.882413, ""sma_100"": 90.5664, ""sma_200"": 83.49225, ""sma_50"": 88.762399, ""volume"": 17431700.0, ""volume_sma_20"": 9054385.0}",2871.0092510073723,2873.803751356845,3131.6123606970536,-257.8086093402085,0.7237222640777913,38.670730766877696,0.0,37.9470085027999,30.295044179558047,180.29504417955803,active,88.5842709159851,85.66000366210938,85.66000366210938,85.61717366027833,85.66000366210938,94.43280542373655,12.976587024495181,1149.521500542738,45.0,37.9470085027999,37.9470085027999,0.8432668556177756,2.924267253875726,0.03301113418486171,-38.50279574881981,-1.0146464047614951,1.1302701026683282,0.0,stop_loss,stop loss,True,False,False,False,False,1,sideways_normal_volatility,True,valid_loss,,True,pullback_days=3
45,C_swing_trend_pullback,v1_fixed_rules,XLU,equity_index,2008-06-13,2008-06-16,2008-06-13,2008-06-23,sideways_normal_volatility,sideways_normal_volatility,97.70706939697266,101.43211128234863,False,0.1682488129599393,normal_volatility,swing_trend_pullback,pullback_reclaim,Uptrend pullback reclaimed the short trigger.,"{""atr_20"": 0.176188, ""bollinger_lower"": 10.781328, ""breakout_level"": 11.062906, ""close"": 10.972556, ""ema_10"": 10.921211, ""momentum_126"": -0.03356, ""momentum_63"": 0.097306, ""pullback_days"": 3.0, ""realized_vol_20"": 0.168249, ""rsi_2"": 68.518395, ""sma_100"": 10.501542, ""sma_200"": 10.692555, ""sma_50"": 10.76129, ""volume"": 19537200.0, ""volume_sma_20"": 7846230.0}",2836.508084415238,2836.508084415238,3131.6123606970536,-295.1042762818156,1.556587633195042,23.533282658377903,0.0,21.97669502518286,-8.20775156926176,141.79224843073825,active,10.97538177025791,10.71110005607588,10.71110005607588,10.946685230504476,10.71110005607588,11.503945198621969,83.15632087222636,912.6723681827505,45.0,21.97669502518286,21.97669502518286,0.48837100055961913,0.2642817141820295,0.02407950080590401,-2.3862986676590836,-0.10858314523292285,0.9114792188489209,0.0,ema10_loss_exit,ema10 loss exit,False,False,False,False,False,5,sideways_normal_volatility,True,valid_loss,,True,pullback_days=3
46,C_swing_trend_pullback,v1_fixed_rules,XLE,equity_index,2008-06-27,2008-06-30,2008-06-27,2008-07-03,bear_normal_volatility,bear_normal_volatility,91.97874450683594,100.98552768707276,False,0.33917495560068567,normal_volatility,swing_trend_pullback,pullback_reclaim,Uptrend pullback reclaimed the short trigger.,"{""atr_20"": 0.685514, ""bollinger_lower"": 23.947404, ""breakout_level"": 25.439142, ""close"": 24.899757, ""ema_10"": 24.848615, ""momentum_126"": 0.100781, ""momentum_63"": 0.181209, ""pullback_days"": 3.0, ""realized_vol_20"": 0.339175, ""rsi_2"": 54.674668, ""sma_100"": 22.877937, ""sma_200"": 22.016779, ""sma_50"": 24.382539, ""volume"": 46935600.0, ""volume_sma_20"": 60779360.0}",2836.2180773876335,2834.9603024036005,3131.6123606970536,-296.65205829345314,1.4638796136405976,38.69523400266694,0.0,37.23135438902634,-10.594050236920843,139.40594976307915,active,25.14064031136866,24.1123700561749,24.1123700561749,24.607781313100368,24.1123700561749,27.19718082175618,36.20775199999412,910.2860695150915,45.0,37.23135438902634,37.23135438902634,0.8273634308672521,1.0282702551937604,0.04090071861569786,-19.293626460263617,-0.5182090949114186,0.9006392562849597,0.0,ema10_loss_exit,ema10 loss exit,False,False,False,False,False,3,bear_normal_volatility,True,valid_loss,,True,pullback_days=3
47,C_swing_trend_pullback,v1_fixed_rules,GLD,commodity_alternative,2008-07-09,2008-07-10,2008-07-09,2008-07-15,bear_normal_volatility,bear_normal_volatility,90.00263977050781,100.44487487792969,False,0.20258571553284932,normal_volatility,swing_trend_pullback,pullback_reclaim,Uptrend pullback reclaimed the short trigger.,"{""atr_20"": 1.5525, ""bollinger_lower"": 84.57941, ""breakout_level"": 93.169998, ""close"": 91.5, ""ema_10"": 90.950701, ""momentum_126"": 0.05439, ""momentum_63"": -0.00856, ""pullback_days"": 3.0, ""realized_vol_20"": 0.202586, ""rsi_2"": 63.366142, ""sma_100"": 90.4833, ""sma_200"": 85.73715, ""sma_50"": 88.217, ""volume"": 11362800.0, ""volume_sma_20"": 10589055.0}",2815.49877296531,2817.1780023924052,3131.6123606970536,-314.4343583046484,1.4638796136405976,25.714916827814246,0.0,24.25103721417365,-29.88767669718446,120.11232330281554,active,92.44620152664184,89.93000030517578,89.93000030517578,97.42986466758919,89.93000030517578,97.47860396957397,9.637956220386782,890.9924430548277,45.0,24.25103721417365,24.25103721417365,0.5389119380927477,2.516201221466062,0.027218005498483615,48.032327169605765,1.9806298075173878,0.9150086066396306,0.0,target_hit,target hit,False,True,False,False,False,3,bear_normal_volatility,True,valid_win,,True,pullback_days=3
44,E_breakout_vcb,v1_fixed_rules,BIL,bond,2008-06-10,2008-06-11,2008-06-10,2008-07-16,sideways_normal_volatility,bear_normal_volatility,97.55635833740234,101.53236442565918,False,0.006399651719718766,normal_volatility,volatility_contraction_breakout,volume_confirmed_breakout,Breakout and volume/volatility filters were satisfied.,"{""atr_20"": 0.065668, ""bollinger_lower"": 73.265859, ""breakout_level"": 73.438217, ""close"": 73.470253, ""ema_10"": 73.405967, ""momentum_126"": 0.010782, ""momentum_63"": 0.003298, ""realized_vol_20"": 0.0064, ""rsi_2"": 100.0, ""sma_100"": 73.249611, ""sma_200"": 72.820462, ""sma_50"": 73.348832, ""volume"": 151300.0, ""volume_sma_20"": 36387.5}",2835.8169572146553,2836.3330407133035,3131.6123606970536,-295.27931998375016,0.48784643374105646,2.008157011569245,0.48784643374105646,2.008157011569245,-42.50519284932136,37.49480715067864,active,73.50699226332459,73.40849055682703,73.47785683868689,73.66714367848155,73.47785683868689,73.7039956763197,15.434357757709302,1134.5332162853215,30.0,1.5203105778281885,1.5203105778281885,0.050677019260939614,0.09850170649755796,0.001340031791053219,2.4718342369359534,1.625874523919347,1.1357691334037896,0.0,target_hit,target hit,False,True,False,False,False,24,bear_normal_volatility,True,valid_win,,True,volume-confirmed breakout
48,E_breakout_vcb,v1_fixed_rules,BIL,bond,2008-07-16,2008-07-17,2008-07-16,2008-07-17,bear_normal_volatility,bear_normal_volatility,89.40398406982422,99.96657062530518,False,0.005715299333284717,normal_volatility,volatility_contraction_breakout,volume_confirmed_breakout,Breakout and volume/volatility filters were satisfied.,"{""atr_20"": 0.07857, ""bollinger_lower"": 73.484176, ""breakout_level"": 73.672272, ""close"": 73.688324, ""ema_10"": 73.62232, ""momentum_126"": 0.011376, ""momentum_63"": 0.004743, ""realized_vol_20"": 0.005715, ""rsi_2"": 100.0, ""sma_100"": 73.381046, ""sma_200"": 73.017914, ""sma_50"": 73.462265, ""volume"": 375100.0, ""volume_sma_20"": 82737.5}",2866.981913049267,2865.7766263255116,3131.6123606970536,-265.835734371542,0.0,1.8328626626509466,0.0,1.8328626626509466,-40.033358612385406,39.966641387614594,active,73.70912848502495,73.59127325142465,73.59127325142465,73.55447761479894,73.59127325142465,73.94483895222554,15.551813921705692,1146.3106505302046,30.0,1.8328626626509466,1.8328626626509466,0.06109542208836489,0.11785523360029515,0.0015989231730536484,-2.405101556584716,-1.3122104594056796,1.1451080997519123,0.0,stop_loss,stop loss,True,False,False,False,False,0,bear_normal_volatility,True,valid_loss,,True,volume-confirmed breakout
49,C_swing_trend_pullback,v1_fixed_rules,GLD,commodity_alternative,2008-07-21,2008-07-22,2008-07-21,2008-07-22,bear_normal_volatility,bear_normal_volatility,90.91136932373048,99.68543922424317,False,0.21383818593054674,normal_volatility,swing_trend_pullback,pullback_reclaim,Uptrend pullback reclaimed the short trigger.,"{""atr_20"": 1.668001, ""bollinger_lower"": 86.975344, ""breakout_level"": 96.169998, ""close"": 95.120003, ""ema_10"": 94.033599, ""momentum_126"": 0.088081, ""momentum_63"": 0.053961, ""pullback_days"": 3.0, ""realized_vol_20"": 0.213838, ""rsi_2"": 94.999733, ""sma_100"": 90.6521, ""sma_200"": 86.6259, ""sma_50"": 89.6516, ""volume"": 7323800.0, ""volume_sma_20"": 14904435.0}",2863.7160444894625,2864.0608917780705,3131.6123606970536,-267.5514689189831,0.0,29.927096448470053,0.0,29.927096448470053,18.144650472421304,168.1446504724213,active,95.77786835861205,93.2758671684265,93.2758671684265,93.2292292348423,93.2758671684265,100.78187073898316,11.961263873839568,1145.6243567112283,45.0,29.927096448470053,29.927096448470053,0.665046587743779,2.5020011901855526,0.026122957558603676,-30.484945078601367,-1.0186402523576534,1.1303818841719275,0.0,stop_loss,stop loss,True,False,False,False,False,0,bear_normal_volatility,True,valid_loss,,True,pullback_days=3
51,E_breakout_vcb,v1_fixed_rules,IEF,bond,2008-08-20,2008-08-21,2008-08-20,2008-08-22,bear_normal_volatility,bear_normal_volatility,92.0148468017578,97.81017768859863,False,0.0730359326303977,normal_volatility,volatility_contraction_breakout,volume_confirmed_breakout,Breakout and volume/volatility filters were satisfied.,"{""atr_20"": 0.348336, ""bollinger_lower"": 56.871645, ""breakout_level"": 58.471809, ""close"": 58.55703, ""ema_10"": 58.16194, ""momentum_126"": 0.021842, ""momentum_63"": 0.017295, ""realized_vol_20"": 0.073036, ""rsi_2"": 66.673633, ""sma_100"": 57.463407, ""sma_200"": 57.080036, ""sma_50"": 57.303319, ""volume"": 487300.0, ""volume_sma_20"": 314305.0}",2837.1493376409653,2836.365651264795,3131.6123606970536,-295.24670943225874,2.7121090778158377,10.819245196741512,2.7121090778158377,10.819245196741512,-40.957963298485616,39.042036701514384,active,58.61906188185767,58.09655861560844,58.09655861560844,58.29188674817996,58.09655861560844,59.66406841435613,15.51595299513136,909.5306087776,30.0,8.107136118925675,8.107136118925675,0.27023787063085586,0.522503266249231,0.008913538522712924,-5.076433995319102,-0.6261685903445533,0.9069923917799405,0.0,failed_breakout_exit,failed breakout exit,False,False,False,False,False,1,bear_normal_volatility,True,valid_loss,,True,volume-confirmed breakout
50,E_breakout_vcb,v1_fixed_rules,SHY,bond,2008-08-15,2008-08-18,2008-08-15,2008-09-11,sideways_normal_volatility,bear_normal_volatility,93.88285064697266,98.05185718536377,False,0.0196735615289912,normal_volatility,volatility_contraction_breakout,volume_confirmed_breakout,Breakout and volume/volatility filters were satisfied.,"{""atr_20"": 0.119195, ""bollinger_lower"": 62.612594, ""breakout_level"": 63.050014, ""close"": 63.088062, ""ema_10"": 62.989622, ""momentum_126"": 0.006622, ""momentum_63"": 0.008099, ""realized_vol_20"": 0.019674, ""rsi_2"": 100.0, ""sma_100"": 62.717078, ""sma_200"": 62.329495, ""sma_50"": 62.677219, ""volume"": 1816300.0, ""volume_sma_20"": 763660.0}",2834.5407165657934,2834.022913334763,3131.6123606970536,-297.5894473622907,0.0,3.210288387973076,0.0,3.210288387973076,-42.438460168970124,37.561539831029876,active,63.13480421524397,62.956011616306704,63.139491013008744,63.46064321841194,63.139491013008744,63.492389413118495,17.95537626867613,1133.6091653339051,30.0,3.210288387973076,3.210288387973076,0.10700961293243587,0.17879259893726385,0.002831918165576479,5.850561904891272,1.8224412257819684,1.1365344462863507,0.0,target_hit,target hit,False,True,False,False,False,17,bear_normal_volatility,True,valid_win,,True,volume-confirmed breakout
52,E_breakout_vcb,v1_fixed_rules,BIL,bond,2008-09-02,2008-09-03,2008-09-02,2008-09-15,bear_normal_volatility,bear_normal_volatility,92.31053924560548,97.31805137634278,False,0.007287973978381507,normal_volatility,volatility_contraction_breakout,volume_confirmed_breakout,Breakout and volume/volatility filters were satisfied.,"{""atr_20"": 0.064281, ""bollinger_lower"": 73.656963, ""breakout_level"": 73.778282, ""close"": 73.799263, ""ema_10"": 73.762753, ""momentum_126"": 0.00801, ""momentum_63"": 0.004916, ""realized_vol_20"": 0.007288, ""rsi_2"": 62.327416, ""sma_100"": 73.522061, ""sma_200"": 73.250769, ""sma_50"": 73.665549, ""volume"": 603900.0, ""volume_sma_20"": 95735.0}",2833.260515225686,2833.672714072064,3131.6123606970536,-297.93964662498956,1.981401122152483,3.1630302867068947,1.981401122152483,3.1630302867068947,-44.04840434752228,35.95159565247772,active,73.8039682328924,73.70754662994626,73.70754662994626,73.95981303306529,73.70754662994626,73.99681143878468,12.25481768037495,904.454174782281,30.0,1.1816291645544117,1.1816291645544117,0.03938763881848039,0.09642160294613689,0.0013064555369417714,1.9098496125531876,1.6162851001340894,0.9054090995885575,0.0,target_hit,target hit,False,True,False,False,False,8,bear_normal_volatility,True,valid_win,,True,volume-confirmed breakout
55,E_breakout_vcb,v1_fixed_rules,BIL,bond,2008-09-15,2008-09-16,2008-09-15,2008-09-17,bear_high_volatility,bear_high_volatility,86.61280822753906,96.76032272338867,False,0.0067480193534124,high_volatility,volatility_contraction_breakout,volume_confirmed_breakout,Breakout and volume/volatility filters were satisfied.,"{""atr_20"": 0.061904, ""bollinger_lower"": 73.69464, ""breakout_level"": 73.847595, ""close"": 73.927963, ""ema_10"": 73.830979, ""momentum_126"": 0.00845, ""momentum_63"": 0.005572, ""realized_vol_20"": 0.006748, ""rsi_2"": 100.0, ""sma_100"": 73.565451, ""sma_200"": 73.307205, ""sma_50"": 73.712359, ""volume"": 195200.0, ""volume_sma_20"": 97507.5}",2839.3480722276286,2799.6044847003614,3131.6123606970536,-332.0078759966923,84.00953644337022,84.21551275010589,84.00953644337022,84.21551275010589,-39.754482646844764,40.245517353155236,active,73.85228288292552,73.7594272203043,73.79333797613283,74.00097521106387,73.79333797613283,74.03799420816796,2.218241741226792,163.8222165757943,30.0,0.2059763067356592,0.2059763067356592,0.00686587689118864,0.09285566262121847,0.0012573160773976086,0.3298355288766846,1.601327522101757,0.16398713434023265,0.0,target_hit,target hit,False,True,False,False,False,1,bear_high_volatility,True,valid_win,,True,volume-confirmed breakout
39,A_ETF_sector_momentum,v1_fixed_rules,BIL,bond,2008-05-16,2008-05-19,2008-05-16,2008-09-18,sideways_low_volatility,sideways_low_volatility,102.37897491455078,101.76591815948487,True,0.00842445560444262,low_volatility,weekly_momentum_rotation,ranked_momentum_risk_on,Weekly momentum rotation selected an eligible top-ranked ETF.,"{""atr_20"": 0.068333, ""bollinger_lower"": 73.288704, ""breakout_level"": 73.388435, ""close"": 73.330887, ""ema_10"": 73.327066, ""momentum_126"": 0.011926, ""momentum_63"": 0.003077, ""rank_at_signal"": 1.0, ""rank_score"": 0.890402, ""realized_vol_20"": 0.008424, ""rsi_2"": 100.0, ""score"": 0.890402, ""sma_100"": 73.158621, ""sma_200"": 72.690973, ""sma_50"": 73.32571, ""volume"": 40400.0, ""volume_sma_20"": 35065.0}",3005.8576905959762,3009.9390390654444,3131.6123606970536,-121.67332163160927,54.0745931526164,55.54154235225923,0.0,1.466949199642827,0.0,130.0,active,73.35153324405637,73.21486627151839,74.03264089674734,73.97142358235199,74.03264089674734,,10.733750608510412,787.3370645935618,45.0,1.466949199642827,1.466949199642827,0.032598871103173936,0.13666697253798077,0.0018631781299412009,6.653748295890325,4.535772811703623,0.790663938741507,0.0,stop_loss_gap,stop loss gap,True,False,False,True,False,85,sideways_low_volatility,True,valid_win,,True,weekly rank score=0.8904
53,C_swing_trend_pullback,v1_fixed_rules,TLT,bond,2008-09-15,2008-09-16,2008-09-15,2008-09-19,bear_high_volatility,bear_high_volatility,86.61280822753906,96.76032272338867,False,0.14326542093090813,high_volatility,swing_trend_pullback,pullback_reclaim,Uptrend pullback reclaimed the short trigger.,"{""atr_20"": 0.608002, ""bollinger_lower"": 54.186842, ""breakout_level"": 57.287464, ""close"": 57.991543, ""ema_10"": 56.676749, ""momentum_126"": 0.047061, ""momentum_63"": 0.114753, ""pullback_days"": 3.0, ""realized_vol_20"": 0.143265, ""rsi_2"": 71.297103, ""sma_100"": 53.957521, ""sma_200"": 53.991714, ""sma_50"": 54.695345, ""volume"": 5889900.0, ""volume_sma_20"": 2801350.0}",2839.3480722276286,2839.693820328437,3131.6123606970536,-291.9185403686165,0.0,45.0,0.0,45.0,-12.340294606180063,137.65970539381993,active,59.61279352353554,56.056843357380316,56.056843357380316,55.502553215404355,56.056843357380316,66.72469385584597,12.65484551170049,754.3906925612417,45.0,45.0,45.0,1.0,3.5559501661552204,0.05965078896615216,-52.014456115364325,-1.1558768025636517,0.7283834645035596,0.0,stop_loss_gap,stop loss gap,True,False,False,True,False,3,bear_high_volatility,True,valid_loss,,True,pullback_days=3
54,C_swing_trend_pullback,v1_fixed_rules,IEF,bond,2008-09-15,2008-09-16,2008-09-15,2008-09-19,bear_high_volatility,bear_high_volatility,86.61280822753906,96.76032272338867,False,0.0833960195585578,high_volatility,swing_trend_pullback,pullback_reclaim,Uptrend pullback reclaimed the short trigger.,"{""atr_20"": 0.392865, ""bollinger_lower"": 58.024259, ""breakout_level"": 59.500771, ""close"": 60.079628, ""ema_10"": 59.269902, ""momentum_126"": 0.011158, ""momentum_63"": 0.073474, ""pullback_days"": 3.0, ""realized_vol_20"": 0.083396, ""rsi_2"": 79.266428, ""sma_100"": 57.575583, ""sma_200"": 57.434303, ""sma_50"": 58.107158, ""volume"": 526200.0, ""volume_sma_20"": 344260.0}",2839.3480722276286,2819.0271062414863,3131.6123606970536,-312.58525445556734,45.0,84.00953644337022,45.0,84.00953644337022,-33.0070086931307,116.9929913068693,active,60.95849264623495,58.849642278007494,58.849642278007494,58.55065187332765,58.849642278007494,65.17619338268986,18.498010589607986,1127.6108424965946,45.0,39.009536443370216,39.009536443370216,0.8668785876304492,2.1088503682274577,0.03459485752815295,-44.5402641153291,-1.1417788616890587,1.1053407104389301,0.0,stop_loss_gap,stop loss gap,True,False,False,True,False,3,bear_high_volatility,True,valid_loss,,True,pullback_days=3
56,C_swing_trend_pullback,v1_fixed_rules,BIL,bond,2008-10-03,2008-10-06,2008-10-03,2008-10-07,bear_high_volatility,bear_high_volatility,80.04142761230469,95.35649463653564,False,0.03588088162906497,high_volatility,swing_trend_pullback,pullback_reclaim,Uptrend pullback reclaimed the short trigger.,"{""atr_20"": 0.630736, ""bollinger_lower"": 73.660961, ""breakout_level"": 74.394623, ""close"": 74.077522, ""ema_10"": 74.068442, ""momentum_126"": 0.010491, ""momentum_63"": 0.007035, ""pullback_days"": 3.0, ""realized_vol_20"": 0.035881, ""rsi_2"": 0.0, ""sma_100"": 73.665766, ""sma_200"": 73.404195, ""sma_50"": 73.832149, ""volume"": 201500.0, ""volume_sma_20"": 288365.0}",2743.589679821266,2743.589679821266,3131.6123606970536,-388.0226808757875,0.0,13.894407976354492,0.0,13.894407976354492,-108.89501483687349,41.104985163126514,active,74.72711307214455,73.78100859125585,73.78100859125585,74.04050220676127,73.78100859125585,76.61932203392193,14.685912874340508,1097.4358719285065,45.0,13.894407976354492,13.894407976354492,0.3087646216967665,0.9461044808886925,0.012660792609173665,-10.08350734759428,-0.725724144904511,1.0923941182547092,0.0,ema10_loss_exit,ema10 loss exit,False,False,False,False,False,1,bear_high_volatility,True,valid_loss,,True,pullback_days=3
57,C_swing_trend_pullback,v1_fixed_rules,BIL,bond,2008-10-09,2008-10-10,2008-10-09,2008-10-14,bear_high_volatility,bear_high_volatility,65.79444885253906,94.68053150177002,False,0.03639656701349336,high_volatility,swing_trend_pullback,pullback_reclaim,Uptrend pullback reclaimed the short trigger.,"{""atr_20"": 0.693581, ""bollinger_lower"": 73.753874, ""breakout_level"": 74.394623, ""close"": 74.093689, ""ema_10"": 74.056497, ""momentum_126"": 0.01005, ""momentum_63"": 0.005939, ""pullback_days"": 3.0, ""realized_vol_20"": 0.036397, ""rsi_2"": 63.646147, ""sma_100"": 73.694664, ""sma_200"": 73.42931, ""sma_50"": 73.861673, ""volume"": 177800.0, ""volume_sma_20"": 318192.5}",2733.5061724736715,2733.5061724736715,3131.6123606970536,-398.1061882233821,0.0,15.341769489774977,0.0,15.341769489774977,-118.97852218446776,31.021477815532236,active,74.1468588482415,73.10648803410575,73.10648803410575,73.75065786964656,73.10648803410575,76.22760047651298,14.746443557742168,1093.4024689894686,45.0,15.341769489774977,15.341769489774977,0.34092821088388836,1.0403708141357413,0.014031218992905662,-5.842555368372398,-0.3808266948780817,1.0904811913052823,0.0,ema10_loss_exit,ema10 loss exit,False,False,False,False,False,2,bear_high_volatility,True,valid_loss,,True,pullback_days=3
58,C_swing_trend_pullback,v1_fixed_rules,IEF,bond,2008-12-24,2008-12-26,2008-12-24,2008-12-31,bear_high_volatility,bear_high_volatility,63.37409973144531,86.08028120040893,False,0.09764301728300213,high_volatility,swing_trend_pullback,pullback_reclaim,Uptrend pullback reclaimed the short trigger.,"{""atr_20"": 0.627722, ""bollinger_lower"": 61.991368, ""breakout_level"": 66.364021, ""close"": 65.872253, ""ema_10"": 65.410786, ""momentum_126"": 0.155993, ""momentum_63"": 0.125623, ""pullback_days"": 3.0, ""realized_vol_20"": 0.097643, ""rsi_2"": 0.0, ""sma_100"": 60.016905, ""sma_200"": 58.800714, ""sma_50"": 61.306499, ""volume"": 129200.0, ""volume_sma_20"": 497020.0}",2727.663617105299,2727.663617105299,3131.6123606970536,-403.94874359175446,0.0,15.525327285938321,0.0,15.525327285938321,-124.82107755284017,25.178922447159835,active,66.17116291213509,65.22957965141003,65.22957965141003,65.69721461105347,65.22957965141003,68.0543294335852,16.488533657643032,1091.0654468421196,45.0,15.525327285938321,15.525327285938321,0.3450072730208516,0.9415832607250536,0.014229510549411505,-7.814712514367026,-0.5033525136339643,1.0871580905849363,0.0,strategy_loss_budget,strategy loss budget,False,False,False,False,False,4,bear_high_volatility,True,risk_limit_exit,,True,pullback_days=3
59,C_swing_trend_pullback,v1_fixed_rules,TLT,bond,2008-12-26,2008-12-29,2008-12-26,2008-12-31,bear_high_volatility,bear_high_volatility,63.7397575378418,85.92891864776611,False,0.21500698749866193,high_volatility,swing_trend_pullback,pullback_reclaim,Uptrend pullback reclaimed the short trigger.,"{""atr_20"": 1.343905, ""bollinger_lower"": 62.446956, ""breakout_level"": 73.09008, ""close"": 72.516228, ""ema_10"": 71.118013, ""momentum_126"": 0.342167, ""momentum_63"": 0.297042, ""pullback_days"": 3.0, ""realized_vol_20"": 0.215007, ""rsi_2"": 60.601373, ""sma_100"": 58.993429, ""sma_200"": 56.410644, ""sma_50"": 61.934815, ""volume"": 454400.0, ""volume_sma_20"": 2728770.0}",2728.5429839442013,2730.950748639997,3131.6123606970536,-400.6616120570566,15.525327285938321,45.743201190657935,15.525327285938321,45.743201190657935,-121.53394601814249,28.466053981857513,active,72.8735315087409,70.85767385621881,70.85767385621881,71.5536904258728,70.85767385621881,76.90524681378507,14.990083187130463,1092.380299455999,45.0,30.217873904719614,30.217873904719614,0.6715083089937692,2.0158576525220866,0.02766241200044343,-19.784527625985092,-0.6547293065146791,1.0824880356430064,0.0,strategy_loss_budget,strategy loss budget,False,False,False,False,False,3,bear_high_volatility,True,risk_limit_exit,,True,pullback_days=3
60,E_breakout_vcb,v1_fixed_rules,SHY,bond,2009-03-31,2009-04-01,2009-03-31,2009-04-03,bear_normal_volatility,bear_normal_volatility,58.56889724731445,73.45360061645508,False,0.020359253321718406,normal_volatility,volatility_contraction_breakout,volume_confirmed_breakout,Breakout and volume/volatility filters were satisfied.,"{""atr_20"": 0.126512, ""bollinger_lower"": 65.006817, ""breakout_level"": 65.350578, ""close"": 65.443703, ""ema_10"": 65.285373, ""momentum_126"": 0.023063, ""momentum_63"": -0.000377, ""realized_vol_20"": 0.020359, ""rsi_2"": 100.0, ""sma_100"": 65.188634, ""sma_200"": 64.259898, ""sma_50"": 65.209008, ""volume"": 2398100.0, ""volume_sma_20"": 1481255.0}",2700.064376964947,2700.064376964947,3131.6123606970536,-431.5479837321068,0.0,3.1316418037131175,0.0,3.1316418037131175,-39.42464711796808,40.57535288203192,active,65.44607159573634,65.25630421884847,65.25630421884847,65.24856308119816,65.25630421884847,65.82560634951209,16.502529860880756,1080.0257507859787,30.0,3.1316418037131175,3.1316418037131175,0.10438806012377058,0.18976737688787182,0.0028995992006987737,-3.2593901589446057,-1.040792773643531,1.0783960557065064,0.0,failed_breakout_exit,failed breakout exit,False,False,False,False,False,2,bear_normal_volatility,True,valid_loss,,True,volume-confirmed breakout
62,E_breakout_vcb,v1_fixed_rules,XLK,equity_index,2009-04-16,2009-04-17,2009-04-16,2009-04-21,bear_normal_volatility,bear_normal_volatility,63.709861755371094,71.63726383209229,False,0.36884192892454243,normal_volatility,volatility_contraction_breakout,volume_confirmed_breakout,Breakout and volume/volatility filters were satisfied.,"{""atr_20"": 0.198918, ""bollinger_lower"": 5.991816, ""breakout_level"": 6.663783, ""close"": 6.767344, ""ema_10"": 6.566715, ""momentum_126"": 0.000408, ""momentum_63"": 0.158457, ""realized_vol_20"": 0.368842, ""rsi_2"": 90.740404, ""sma_100"": 6.00736, ""sma_200"": 6.942586, ""sma_50"": 6.039512, ""volume"": 29548600.0, ""volume_sma_20"": 16066770.0}",2719.282095563456,2719.032499703309,3131.6123606970536,-412.57986099374466,25.589794389736465,55.58979438973647,25.589794389736465,55.58979438973647,-20.45652437960594,59.54347562039406,active,6.774714456680016,6.476337660204724,6.476337660204724,6.513149192084571,6.476337660204724,7.3714680496306,100.54401131183211,681.156966966868,30.0,30.0,30.0,1.0,0.29837679647529214,0.04404271181954925,-26.298820922266795,-0.8766273640755599,0.6680075565057346,0.0,failed_breakout_exit,failed breakout exit,False,False,False,False,False,2,bear_normal_volatility,True,valid_loss,,True,volume-confirmed breakout
61,E_breakout_vcb,v1_fixed_rules,XLI,equity_index,2009-04-09,2009-04-13,2009-04-09,2009-05-04,bear_normal_volatility,bear_normal_volatility,63.201683044433594,72.23721202850342,False,0.4929533958876268,normal_volatility,volatility_contraction_breakout,volume_confirmed_breakout,Breakout and volume/volatility filters were satisfied.,"{""atr_20"": 0.580773, ""bollinger_lower"": 12.217284, ""breakout_level"": 14.448248, ""close"": 14.85443, ""ema_10"": 14.108363, ""momentum_126"": -0.190444, ""momentum_63"": -0.129367, ""realized_vol_20"": 0.492953, ""rsi_2"": 100.0, ""sma_100"": 14.694623, ""sma_200"": 18.329294, ""sma_50"": 13.450398, ""volume"": 18412800.0, ""volume_sma_20"": 11107480.0}",2696.8049868060025,2696.8049868060025,3131.6123606970536,-434.80737389105116,0.0,30.0,0.0,30.0,-42.68403727691268,37.31596272308732,active,14.6659226451337,13.794763387874557,14.749254356522783,16.40003703907216,14.749254356522783,16.408241159651986,34.43687219072499,505.0485036895286,30.0,30.0,30.0,1.0,0.8711592572591424,0.05940023538499992,59.71747574815529,1.9905825249385096,0.5349072415636063,0.0,target_hit,target hit,False,True,False,False,False,15,bear_normal_volatility,True,valid_win,,True,volume-confirmed breakout
63,E_breakout_vcb,v1_fixed_rules,XLK,equity_index,2009-04-30,2009-05-01,2009-04-30,2009-05-08,bear_normal_volatility,bear_normal_volatility,64.38748168945312,70.28782411575317,False,0.2588799178544339,normal_volatility,volatility_contraction_breakout,volume_confirmed_breakout,Breakout and volume/volatility filters were satisfied.,"{""atr_20"": 0.17247, ""bollinger_lower"": 6.431562, ""breakout_level"": 6.850993, ""close"": 6.870906, ""ema_10"": 6.75556, ""momentum_126"": 0.037484, ""momentum_63"": 0.145867, ""realized_vol_20"": 0.25888, ""rsi_2"": 100.0, ""sma_100"": 6.109199, ""sma_200"": 6.84009, ""sma_50"": 6.16969, ""volume"": 25428400.0, ""volume_sma_20"": 16345480.0}",2708.968805712107,2714.9634414416273,3131.6123606970536,-416.64891925542634,5.310480096054491,35.31048009605449,5.310480096054491,35.31048009605449,-24.52558264128764,55.47441735871236,active,6.898252307633453,6.639547044717919,6.6931560945911475,6.89932130286883,6.6931560945911475,7.4156628334645225,115.96207847458743,799.9356754352943,30.0,30.0,30.0,1.0,0.25870526291553464,0.037503015456430484,0.12396290937372989,0.004132096979124329,0.7999976568899811,0.0,failed_breakout_exit,failed breakout exit,False,False,False,False,False,5,bear_normal_volatility,True,valid_win,,True,volume-confirmed breakout
64,E_breakout_vcb,v1_fixed_rules,XLI,equity_index,2009-05-06,2009-05-07,2009-05-06,2009-05-08,sideways_normal_volatility,sideways_normal_volatility,67.86386108398438,69.81165601730346,False,0.3392500455267382,normal_volatility,volatility_contraction_breakout,volume_confirmed_breakout,Breakout and volume/volatility filters were satisfied.,"{""atr_20"": 0.488499, ""bollinger_lower"": 14.066314, ""breakout_level"": 16.529892, ""close"": 16.791008, ""ema_10"": 15.986272, ""momentum_126"": -0.04645, ""momentum_63"": 0.145749, ""realized_vol_20"": 0.33925, ""rsi_2"": 100.0, ""sma_100"": 14.660187, ""sma_200"": 17.574039, ""sma_50"": 13.854247, ""volume"": 18727800.0, ""volume_sma_20"": 11471955.0}",2751.9948632210853,2720.585960259617,3131.6123606970536,-411.0264004374367,23.78338315165256,53.783383151652565,23.78338315165256,53.783383151652565,-18.90306382329796,61.096936176702044,active,16.95905930971015,16.226311305811063,16.226311305811063,16.57962791524178,16.226311305811063,18.42455531750832,40.94176966755898,694.3339000366248,30.0,30.000000000000004,30.000000000000004,1.0000000000000002,0.7327480038990863,0.04320687784136359,-15.534592756964692,-0.5178197585654897,0.6865666036581424,0.0,failed_breakout_exit,failed breakout exit,False,False,False,False,False,1,sideways_normal_volatility,True,valid_loss,,True,volume-confirmed breakout
66,E_breakout_vcb,v1_fixed_rules,SHY,bond,2009-05-14,2009-05-15,2009-05-14,2009-05-19,sideways_normal_volatility,bear_normal_volatility,65.875244140625,69.08736597061157,False,0.012835907024850369,normal_volatility,volatility_contraction_breakout,volume_confirmed_breakout,Breakout and volume/volatility filters were satisfied.,"{""atr_20"": 0.091938, ""bollinger_lower"": 65.18023, ""breakout_level"": 65.380028, ""close"": 65.403412, ""ema_10"": 65.325258, ""momentum_126"": 0.009516, ""momentum_63"": 0.002229, ""realized_vol_20"": 0.012836, ""rsi_2"": 100.0, ""sma_100"": 65.256321, ""sma_200"": 64.67154, ""sma_50"": 65.25698, ""volume"": 1673100.0, ""volume_sma_20"": 920300.0}",2714.697126658707,2706.2787651302333,3131.6123606970536,-425.33359556682035,30.0,32.28166540158907,0.0,2.2816654015890747,-33.210258952681414,46.789741047318586,active,65.42834296417236,65.29043626702408,65.29043626702408,65.32405140076253,65.29043626702408,65.70415635846892,16.544993454057998,1082.5115060520934,30.0,2.2816654015890747,2.2816654015890747,0.0760555133863025,0.1379066971482814,0.002107751639435484,-1.7255032339291236,-0.7562472712814904,1.0816487544351288,0.0,failed_breakout_exit,failed breakout exit,False,False,False,False,False,2,bear_normal_volatility,True,valid_loss,,True,volume-confirmed breakout
67,E_breakout_vcb,v1_fixed_rules,XLP,equity_index,2009-05-20,2009-05-21,2009-05-20,2009-05-22,sideways_normal_volatility,sideways_normal_volatility,66.66336822509766,68.59234510421753,False,0.15380506925562015,normal_volatility,volatility_contraction_breakout,volume_confirmed_breakout,Breakout and volume/volatility filters were satisfied.,"{""atr_20"": 0.230452, ""bollinger_lower"": 13.524668, ""breakout_level"": 14.502785, ""close"": 14.521719, ""ema_10"": 14.31738, ""momentum_126"": 0.00707, ""momentum_63"": 0.069636, ""realized_vol_20"": 0.153805, ""rsi_2"": 100.0, ""sma_100"": 13.786563, ""sma_200"": 14.860287, ""sma_50"": 13.726281, ""volume"": 10199200.0, ""volume_sma_20"": 6585000.0}",2711.287714856401,2701.6070662544134,3131.6123606970536,-430.0052944426402,30.0,55.92518568856586,30.0,55.92518568856586,-37.88195782850096,42.11804217149904,active,14.408961002989,14.06328250457981,14.06328250457981,14.36300609986342,14.06328250457981,15.100317999807382,74.99797010191065,1080.6428265017655,30.0,25.925185688565858,25.925185688565858,0.8641728562855285,0.34567849840919074,0.023990522171410074,-3.4465244506485604,-0.13294116740574122,1.0789195642764413,0.0,failed_breakout_exit,failed breakout exit,False,False,False,False,False,1,sideways_normal_volatility,True,valid_loss,,True,volume-confirmed breakout
68,E_breakout_vcb,v1_fixed_rules,GLD,commodity_alternative,2009-05-21,2009-05-22,2009-05-21,2009-06-08,sideways_normal_volatility,sideways_normal_volatility,65.70584106445312,68.45798727035522,False,0.16143276285087144,normal_volatility,volatility_contraction_breakout,volume_confirmed_breakout,Breakout and volume/volatility filters were satisfied.,"{""atr_20"": 1.2635, ""bollinger_lower"": 86.453054, ""breakout_level"": 92.25, ""close"": 93.849998, ""ema_10"": 91.254557, ""momentum_126"": 0.294304, ""momentum_63"": -0.040389, ""realized_vol_20"": 0.161433, ""rsi_2"": 100.0, ""sma_100"": 89.1442, ""sma_200"": 84.31095, ""sma_50"": 89.4934, ""volume"": 21830200.0, ""volume_sma_20"": 12058350.0}",2700.1200402808295,2699.423580622176,3131.6123606970536,-432.18878007487774,30.0,53.44104339334272,0.0,23.441043393342717,-40.06544346073903,39.93455653926097,active,94.297125,92.25,93.29624843597412,93.21337213516237,93.29624843597412,98.39137499999998,11.450714242336343,1079.7694322488703,30.0,23.441043393342717,23.441043393342717,0.781368113111424,2.047124999999994,0.0217093044989441,-12.409744364568956,-0.5294023886365629,1.0735645600665857,0.0,stop_loss_gap,stop loss gap,True,False,False,True,False,10,sideways_normal_volatility,True,valid_loss,,True,volume-confirmed breakout
65,E_breakout_vcb,v1_fixed_rules,XLV,equity_index,2009-05-07,2009-05-08,2009-05-07,2009-06-15,sideways_normal_volatility,sideways_normal_volatility,66.92115783691406,69.68654809951782,False,0.15293407664845288,normal_volatility,volatility_contraction_breakout,volume_confirmed_breakout,Breakout and volume/volatility filters were satisfied.,"{""atr_20"": 0.335648, ""bollinger_lower"": 17.61949, ""breakout_level"": 18.554092, ""close"": 18.815733, ""ema_10"": 18.323816, ""momentum_126"": -0.061496, ""momentum_63"": -0.068551, ""realized_vol_20"": 0.152934, ""rsi_2"": 76.923137, ""sma_100"": 18.62325, ""sma_200"": 19.985051, ""sma_50"": 17.780707, ""volume"": 8924300.0, ""volume_sma_20"": 4972460.0}",2699.7489659943612,2714.8130117842998,3131.6123606970536,-416.7993489127539,0.0,30.0,0.0,30.0,-24.67601229861515,55.32398770138485,active,19.086910407992487,18.55409240722656,18.715748416761905,18.706390542553525,18.715748416761905,20.152546409524344,56.304404049553234,1074.677115669232,30.0,30.0,30.0,1.0,0.5328180007659284,0.027915361332801942,-21.424944252556987,-0.7141648084185662,1.0639646435429535,0.0,stop_loss,stop loss,True,False,False,False,False,25,sideways_normal_volatility,True,valid_loss,,True,volume-confirmed breakout
70,B_ETF_trend_following,v1_fixed_rules,QQQ,equity_index,2009-06-09,2009-06-10,2009-06-09,2009-06-16,sideways_normal_volatility,sideways_normal_volatility,69.7051773071289,66.99323965072632,True,0.24475768786564764,normal_volatility,trend_following_breakout,trend_breakout,Trend filter and 20-day breakout conditions were met.,"{""atr_20"": 0.698175, ""bollinger_lower"": 27.975449, ""breakout_level"": 31.800533, ""close"": 31.947508, ""ema_10"": 31.252607, ""momentum_126"": 0.280747, ""momentum_63"": 0.35423, ""realized_vol_20"": 0.244758, ""rsi_2"": 71.792261, ""sma_100"": 27.160432, ""sma_200"": 28.196755, ""sma_50"": 29.226921, ""volume"": 109187800.0, ""volume_sma_20"": 121420240.0}",2708.9902449378073,2702.3434620088706,3131.6123606970536,-429.26889868818307,34.141138551927966,79.14113855192797,34.141138551927966,79.14113855192797,-37.60317536117414,62.39682463882586,active,32.14514720159305,30.748796353833843,30.748796353833843,30.733421955656926,30.748796353833843,,32.226857649861984,1035.9370829995985,45.0,45.0,45.0,1.0,1.396350847759205,0.04343893151281027,-45.4954685414998,-1.0110104120333288,1.0131893487288486,0.0,stop_loss,stop loss,True,False,False,False,False,4,sideways_normal_volatility,True,valid_loss,,True,trend breakout
73,E_breakout_vcb,v1_fixed_rules,BIL,bond,2009-06-16,2009-06-17,2009-06-16,2009-06-19,sideways_low_volatility,sideways_low_volatility,67.49562072753906,66.401483669281,True,0.0069665517881392774,low_volatility,volatility_contraction_breakout,volume_confirmed_breakout,Breakout and volume/volatility filters were satisfied.,"{""atr_20"": 0.052515, ""bollinger_lower"": 74.048421, ""breakout_level"": 74.124596, ""close"": 74.131073, ""ema_10"": 74.101544, ""momentum_126"": 0.001527, ""momentum_63"": 0.000589, ""realized_vol_20"": 0.006967, ""rsi_2"": 100.0, ""sma_100"": 74.083252, ""sma_200"": 74.047345, ""sma_50"": 74.089341, ""volume"": 711450.0, ""volume_sma_20"": 242772.5}",2626.0580991904944,2630.9791458061636,3131.6123606970536,-500.63321489089003,14.740003343599527,15.792615813851228,1.4905880118645032,2.543200482116203,-63.68272860031878,16.317271399681218,active,74.16813853454589,74.08936650311392,74.08936650311392,74.06170767880425,74.08936650311392,74.32568259740982,13.362769134128628,991.0917123452059,30.0,1.0526124702517,1.0526124702517,0.03508708234172333,0.0787720314319671,0.0010620737285360993,-1.4222109540232217,-1.3511249336454694,0.9903806068681943,0.0,failed_breakout_exit,failed breakout exit,False,False,False,False,False,2,sideways_low_volatility,True,valid_loss,,True,volume-confirmed breakout
69,A_ETF_sector_momentum,v1_fixed_rules,QQQ,equity_index,2009-05-29,2009-06-01,2009-05-29,2009-06-22,sideways_normal_volatility,sideways_normal_volatility,68.15116882324219,67.80053926467896,True,0.249167327727963,normal_volatility,weekly_momentum_rotation,ranked_momentum_risk_on,Weekly momentum rotation selected an eligible top-ranked ETF.,"{""atr_20"": 0.745298, ""bollinger_lower"": 28.551483, ""breakout_level"": 30.304743, ""close"": 30.590084, ""ema_10"": 29.814875, ""momentum_126"": 0.25985, ""momentum_63"": 0.287269, ""rank_at_signal"": 1.0, ""rank_score"": 1.097894, ""realized_vol_20"": 0.249167, ""rsi_2"": 100.0, ""score"": 1.097894, ""sma_100"": 26.759535, ""sma_200"": 28.521529, ""sma_50"": 28.473687, ""volume"": 111535700.0, ""volume_sma_20"": 136703810.0}",2743.9409713528303,2745.714853929474,3131.6123606970536,-385.89750676757967,44.237585985515025,70.99031098482133,30.0,56.75272499930631,6.653748295890325,136.65374829589032,active,30.934078550217304,29.44348202649749,30.329093183203433,30.313928636611834,30.329093183203433,,17.947663618954625,555.1944361816197,45.0,26.752724999306313,26.752724999306313,0.5945049999845847,1.4905965237198124,0.04818622676282502,-11.130242042714748,-0.4160414329008858,0.5496293151602625,0.0,stop_loss,stop loss,True,False,False,False,False,15,sideways_normal_volatility,True,valid_loss,,True,weekly rank score=1.0979
71,B_ETF_trend_following,v1_fixed_rules,XLK,equity_index,2009-06-10,2009-06-11,2009-06-10,2009-07-07,sideways_normal_volatility,sideways_low_volatility,69.52845764160156,66.87334299087524,True,0.23194875344500787,normal_volatility,trend_following_breakout,trend_breakout,Trend filter and 20-day breakout conditions were met.,"{""atr_20"": 0.155342, ""bollinger_lower"": 6.530634, ""breakout_level"": 7.305068, ""close"": 7.313033, ""ema_10"": 7.188487, ""momentum_126"": 0.179357, ""momentum_63"": 0.291292, ""realized_vol_20"": 0.231949, ""rsi_2"": 100.0, ""sma_100"": 6.358694, ""sma_200"": 6.562923, ""sma_50"": 6.826056, ""volume"": 10700000.0, ""volume_sma_20"": 14181730.0}",2692.352050859232,2703.7163932453395,3131.6123606970536,-427.8959674517141,78.88072820267601,80.21428253867734,78.88072820267601,80.21428253867734,-47.594586510813016,52.405413489186984,active,7.320676549557824,7.009991932832154,7.025758279655558,7.022245400515731,7.025758279655558,,4.292308869540321,31.42260488470288,45.0,1.3335543360013278,1.3335543360013278,0.029634540800029505,0.3106846167256698,0.04243933120422258,-1.280958667980486,-0.9605597862787127,0.030782125550712636,0.0,stop_loss,stop loss,True,False,False,False,False,17,sideways_low_volatility,True,valid_loss,,True,trend breakout
74,A_ETF_sector_momentum,v1_fixed_rules,XLK,equity_index,2009-06-19,2009-06-22,2009-06-19,2009-07-07,sideways_low_volatility,sideways_normal_volatility,68.17316436767578,66.0319640159607,True,0.18548649148076027,low_volatility,weekly_momentum_rotation,ranked_momentum_risk_on,Weekly momentum rotation selected an eligible top-ranked ETF.,"{""atr_20"": 0.142242, ""bollinger_lower"": 6.829317, ""breakout_level"": 7.340917, ""close"": 7.250099, ""ema_10"": 7.214631, ""momentum_126"": 0.174434, ""momentum_63"": 0.210239, ""rank_at_signal"": 2.0, ""rank_score"": 1.036931, ""realized_vol_20"": 0.185486, ""rsi_2"": 73.509125, ""score"": 1.036931, ""sma_100"": 6.452832, ""sma_200"": 6.501967, ""sma_50"": 6.93274, ""volume"": 22896600.0, ""volume_sma_20"": 13961570.0}",2634.679572088648,2617.126882512496,3131.6123606970536,-514.4854781845575,13.682216209420593,52.86374251416584,12.19162819755609,51.37315450230134,-3.506175487402799,126.4938245125972,active,7.185672589645091,6.901188103467942,7.025758279655558,7.022245400515731,7.025758279655558,,137.72816518489103,989.6695013911828,45.0,39.18152630474525,39.18152630474525,0.8707005845498944,0.28448448617714917,0.03959051607599062,-22.508526900111004,-0.574467842958558,0.9784152379411273,0.0,stop_loss,stop loss,True,False,False,False,False,10,sideways_normal_volatility,True,valid_loss,,True,weekly rank score=1.0369
72,B_ETF_trend_following,v1_fixed_rules,BIL,bond,2009-06-16,2009-06-17,2009-06-16,2009-07-15,sideways_low_volatility,sideways_low_volatility,67.49562072753906,66.401483669281,True,0.0069665517881392774,low_volatility,trend_following_breakout,trend_breakout,Trend filter and 20-day breakout conditions were met.,"{""atr_20"": 0.052515, ""bollinger_lower"": 74.048421, ""breakout_level"": 74.124596, ""close"": 74.131073, ""ema_10"": 74.101544, ""momentum_126"": 0.001527, ""momentum_63"": 0.000589, ""realized_vol_20"": 0.006967, ""rsi_2"": 100.0, ""sma_100"": 74.083252, ""sma_200"": 74.047345, ""sma_50"": 74.089341, ""volume"": 711450.0, ""volume_sma_20"": 242772.5}",2626.0580991904944,2631.5051838239197,3131.6123606970536,-500.107176873134,13.249415331735024,14.740003343599527,0.0,1.4905880118645032,-83.64435078197516,16.355649218024837,active,74.16813853454589,74.06310915930327,74.10733672602834,74.07028305766532,74.10733672602834,,14.19210586010985,1052.6020735295679,45.0,1.4905880118645032,1.4905880118645032,0.0331241780414334,0.10502937524262279,0.001416098304714799,-1.3887752868805523,-0.931696267396785,1.0519076858861276,0.0,stop_loss,stop loss,True,False,False,False,False,19,sideways_low_volatility,True,valid_loss,,True,trend breakout
76,B_ETF_trend_following,v1_fixed_rules,SHY,bond,2009-07-08,2009-07-09,2009-07-08,2009-07-23,sideways_low_volatility,sideways_low_volatility,65.18077850341797,64.72261167526246,True,0.012797943905408645,low_volatility,trend_following_breakout,trend_breakout,Trend filter and 20-day breakout conditions were met.,"{""atr_20"": 0.108483, ""bollinger_lower"": 64.824337, ""breakout_level"": 65.468468, ""close"": 65.562218, ""ema_10"": 65.383418, ""momentum_126"": 0.003805, ""momentum_63"": 0.004902, ""realized_vol_20"": 0.012798, ""rsi_2"": 92.845188, ""sma_100"": 65.238255, ""sma_200"": 65.040805, ""sma_50"": 65.251961, ""volume"": 773700.0, ""volume_sma_20"": 853285.0}",2582.896193228617,2583.5891033415696,3131.6123606970536,-548.023257355484,22.879902204921812,26.181385582177683,1.0921367685588517,4.393620145814724,-85.11212516082253,14.88787483917747,active,65.54025450998233,65.32328921147318,65.34941092584752,65.3167362203846,65.34941092584752,,15.216642476661372,997.3026207077942,45.0,3.301483377255872,3.301483377255872,0.0733662972723527,0.2169652985091517,0.003310412816235037,-3.4011978998035857,-1.0302029455106918,0.9956020217578925,0.0,stop_loss,stop loss,True,False,False,False,False,10,sideways_low_volatility,True,valid_loss,,True,trend breakout
78,E_breakout_vcb,v1_fixed_rules,SMH,equity_index,2009-07-15,2009-07-16,2009-07-15,2009-07-23,bull_normal_volatility,bull_normal_volatility,69.07682037353516,64.21175458908081,True,0.30515860201250633,normal_volatility,volatility_contraction_breakout,volume_confirmed_breakout,Breakout and volume/volatility filters were satisfied.,"{""atr_20"": 0.263454, ""bollinger_lower"": 8.609529, ""breakout_level"": 9.268666, ""close"": 9.722969, ""ema_10"": 9.1585, ""momentum_126"": 0.329849, ""momentum_63"": 0.161258, ""realized_vol_20"": 0.305159, ""rsi_2"": 100.0, ""sma_100"": 8.410029, ""sma_200"": 8.071954, ""sma_50"": 8.891889, ""volume"": 36004800.0, ""volume_sma_20"": 23801130.0}",2613.10232598005,2638.282452903531,3131.6123606970536,-493.3299077935226,47.58905380532626,47.69785937907752,44.582227963075866,44.69103353682713,-65.10493955434201,14.89506044565799,active,9.621631333695971,9.226450183755269,9.675204591594094,10.406787636760589,9.675204591594094,10.411993633577376,0.2753308799460449,2.649132221622949,30.0,0.10880557375126353,0.10880557375126353,0.0036268524583754507,0.3951811499407025,0.04107215670971889,0.21617777581796466,1.9868263027789443,0.0027572211095319315,0.0,target_hit,target hit,False,True,False,False,False,5,bull_normal_volatility,True,valid_win,,True,volume-confirmed breakout
75,A_ETF_sector_momentum,v1_fixed_rules,QQQ,equity_index,2009-07-02,2009-07-06,2009-07-02,2009-08-17,sideways_low_volatility,sideways_low_volatility,66.52140808105469,65.04170576095581,True,0.19441742674973508,low_volatility,weekly_momentum_rotation,ranked_momentum_risk_on,Weekly momentum rotation selected an eligible top-ranked ETF.,"{""atr_20"": 0.613569, ""bollinger_lower"": 30.317448, ""breakout_level"": 31.947508, ""close"": 30.818146, ""ema_10"": 31.195211, ""momentum_126"": 0.200496, ""momentum_63"": 0.122285, ""rank_at_signal"": 1.0, ""rank_score"": 0.830124, ""realized_vol_20"": 0.194417, ""rsi_2"": 2.439693, ""score"": 0.830124, ""sma_100"": 28.117586, ""sma_200"": 27.581929, ""sma_50"": 30.391072, ""volume"": 113309800.0, ""volume_sma_20"": 114131930.0}",2609.346797169139,2606.2764498548195,3131.6123606970536,-525.3359108422342,24.554883191044663,46.34264862740763,23.290584807357288,45.07835024372025,-14.33904925021049,115.6609507497895,active,30.642994847460972,29.415855860561013,33.37839159260419,33.361702396807885,33.37839159260419,,17.754928878434516,544.0641941389049,45.0,21.78776543636296,21.78776543636296,0.48417256525251023,1.2271389868999591,0.04004631378259811,48.27045917991744,2.215484617773416,0.5681994237288637,0.0,stop_loss,stop loss,True,False,False,False,False,30,sideways_low_volatility,True,valid_win,,True,weekly rank score=0.8301
77,B_ETF_trend_following,v1_fixed_rules,QQQ,equity_index,2009-07-15,2009-07-16,2009-07-15,2009-08-17,bull_normal_volatility,bull_normal_volatility,69.07682037353516,64.21175458908081,True,0.24144201066990983,normal_volatility,trend_following_breakout,trend_breakout,Trend filter and 20-day breakout conditions were met.,"{""atr_20"": 0.616471, ""bollinger_lower"": 29.732365, ""breakout_level"": 31.55397, ""close"": 31.960833, ""ema_10"": 30.889642, ""momentum_126"": 0.253861, ""momentum_63"": 0.140907, ""realized_vol_20"": 0.241442, ""rsi_2"": 100.0, ""sma_100"": 28.512282, ""sma_200"": 27.384942, ""sma_50"": 30.585913, ""volume"": 160869700.0, ""volume_sma_20"": 118449240.0}",2613.10232598005,2621.410415052661,3131.6123606970536,-510.2019456443927,6.972191600657997,47.58905380532626,3.965365758407597,44.582227963075866,-87.09930458593422,12.90069541406578,active,31.82958974474662,30.596648449795364,33.37839159260419,33.361702396807885,33.37839159260419,,32.94306255373986,1048.5641660210645,45.0,40.616862204668266,40.616862204668266,0.9025969378815171,1.2329412949512566,0.03873569545943488,50.47248293623053,1.2426485010560346,1.0738004074891798,0.0,stop_loss,stop loss,True,False,False,False,False,22,bull_normal_volatility,True,valid_win,,True,trend breakout
82,A_ETF_sector_momentum,v1_fixed_rules,XLF,equity_index,2009-08-21,2009-08-24,2009-08-21,2009-09-01,bull_low_volatility,bull_low_volatility,76.26891326904297,64.47972047805786,True,0.3275866330450914,low_volatility,weekly_momentum_rotation,ranked_momentum_risk_on,Weekly momentum rotation selected an eligible top-ranked ETF.,"{""atr_20"": 0.233684, ""bollinger_lower"": 7.525089, ""breakout_level"": 8.676217, ""close"": 8.797142, ""ema_10"": 8.496653, ""momentum_126"": 1.057344, ""momentum_63"": 0.254291, ""rank_at_signal"": 2.0, ""rank_score"": 2.001967, ""realized_vol_20"": 0.327587, ""rsi_2"": 100.0, ""score"": 2.001967, ""sma_100"": 7.201889, ""sma_200"": 6.636571, ""sma_50"": 7.609333, ""volume"": 134382361.0, ""volume_sma_20"": 145768077.25}",2710.8875735841193,2703.5969515898287,3131.6123606970536,-428.01540910722497,26.657965553950156,58.993097359434046,22.95994605985313,55.29507786533702,22.404616751510126,152.40461675151013,active,8.928570019947115,8.461201764595199,8.461201764595199,8.456971163712902,8.461201764595199,,69.18555429301972,617.7280658740792,45.0,32.33513180548389,32.33513180548389,0.7185584845663087,0.46736825535191606,0.05234525285771174,-32.627828272518116,-1.0090519645565381,0.6014141517378202,0.0,stop_loss,stop loss,True,False,False,False,False,6,bull_low_volatility,True,valid_loss,,True,weekly rank score=2.0020
83,E_breakout_vcb,v1_fixed_rules,BIL,bond,2009-09-02,2009-09-03,2009-09-02,2009-09-09,bull_low_volatility,bull_low_volatility,73.93573760986328,64.87461725234985,True,0.005690262784258964,low_volatility,volatility_contraction_breakout,volume_confirmed_breakout,Breakout and volume/volatility filters were satisfied.,"{""atr_20"": 0.029902, ""bollinger_lower"": 74.065982, ""breakout_level"": 74.119766, ""close"": 74.139175, ""ema_10"": 74.106491, ""momentum_126"": 0.000262, ""momentum_63"": 0.000545, ""realized_vol_20"": 0.00569, ""rsi_2"": 58.833333, ""sma_100"": 74.100839, ""sma_200"": 74.081942, ""sma_50"": 74.107331, ""volume"": 334750.0, ""volume_sma_20"": 165917.5}",2671.348248409833,2678.893321420641,3131.6123606970536,-452.7190392764128,7.1050613480404445,7.45901071767953,0.31980104590268643,0.673750415541772,-64.88876177852404,15.111238221475958,active,74.14390937021155,74.09905690169822,74.09905690169822,74.06200737324737,74.09905690169822,74.2336143072382,7.891413368562329,585.1002376015612,30.0,0.35394936963908546,0.35394936963908546,0.011798312321302849,0.04485246851332647,0.0006049380035974558,-0.6463225137550593,-1.8260309784252489,0.5847770763446836,0.0,stop_loss,stop loss,True,False,False,False,False,3,bull_low_volatility,True,valid_loss,,True,volume-confirmed breakout
80,A_ETF_sector_momentum,v1_fixed_rules,SMH,equity_index,2009-07-24,2009-07-27,2009-07-24,2009-09-14,bull_low_volatility,bull_low_volatility,72.63212585449219,63.895982837677,True,0.2641080653108363,low_volatility,weekly_momentum_rotation,ranked_momentum_risk_on,Weekly momentum rotation selected an eligible top-ranked ETF.,"{""atr_20"": 0.274706, ""bollinger_lower"": 8.305043, ""breakout_level"": 10.525434, ""close"": 10.529679, ""ema_10"": 10.035822, ""momentum_126"": 0.452841, ""momentum_63"": 0.224691, ""rank_at_signal"": 1.0, ""rank_score"": 1.282681, ""realized_vol_20"": 0.264108, ""rsi_2"": 100.0, ""score"": 1.282681, ""sma_100"": 8.643168, ""sma_200"": 8.086878, ""sma_50"": 9.134751, ""volume"": 19405800.0, ""volume_sma_20"": 23775980.0}",2725.1629989371236,2738.328726417961,3131.6123606970536,-393.28363427909244,41.817107466594834,49.5332785877124,41.817107466594834,49.5332785877124,33.762389082907845,163.76238908290784,active,10.45848151206686,9.909070412644015,10.48881406207712,10.812987088965238,10.48881406207712,,14.04443981787658,146.88351418259788,45.0,7.716171121117568,7.716171121117568,0.17147046935816818,0.549411099422846,0.052532587908573784,4.978832239850882,0.6452464780394574,0.1493729303025233,0.0,rank_drop_exit,rank drop exit,False,False,False,False,False,34,bull_low_volatility,True,valid_win,,True,weekly rank score=1.2827
81,B_ETF_trend_following,v1_fixed_rules,SHY,bond,2009-08-17,2009-08-18,2009-08-17,2009-09-18,bull_low_volatility,bull_low_volatility,72.81729125976562,64.40409349441528,True,0.017470278666516598,low_volatility,trend_following_breakout,trend_breakout,Trend filter and 20-day breakout conditions were met.,"{""atr_20"": 0.112902, ""bollinger_lower"": 65.109227, ""breakout_level"": 65.499695, ""close"": 65.524887, ""ema_10"": 65.354551, ""momentum_126"": 0.003375, ""momentum_63"": 0.002932, ""realized_vol_20"": 0.01747, ""rsi_2"": 100.0, ""sma_100"": 65.291805, ""sma_200"": 65.222868, ""sma_50"": 65.283327, ""volume"": 750800.0, ""volume_sma_20"": 851840.0}",2669.4129772334895,2684.1080910050955,3131.6123606970536,-447.50426969195814,25.102948443799864,28.80096793789689,0.0,3.698019494097025,-40.86471025923739,59.13528974076261,active,65.55765084927974,65.33184635239651,65.56735072512666,65.53456704976409,65.56735072512666,,16.37708524471685,1073.6432364020382,45.0,3.698019494097025,3.698019494097025,0.08217821097993389,0.225804496883228,0.0034443652870107203,-0.3780453524396933,-0.10222913996076802,1.0734542137258183,0.0,stop_loss,stop loss,True,False,False,False,False,22,bull_low_volatility,True,valid_loss,,True,trend breakout
85,A_ETF_sector_momentum,v1_fixed_rules,XLP,equity_index,2009-09-11,2009-09-14,2009-09-11,2009-09-21,bull_low_volatility,bull_low_volatility,77.60216522216797,65.37489583969116,True,0.08557390465883638,low_volatility,weekly_momentum_rotation,ranked_momentum_risk_on,Weekly momentum rotation selected an eligible top-ranked ETF.,"{""atr_20"": 0.16955, ""bollinger_lower"": 15.343559, ""breakout_level"": 16.045269, ""close"": 16.115259, ""ema_10"": 15.883448, ""momentum_126"": 0.248787, ""momentum_63"": 0.0852, ""rank_at_signal"": 1.0, ""rank_score"": 1.951451, ""realized_vol_20"": 0.085574, ""rsi_2"": 100.0, ""score"": 1.951451, ""sma_100"": 14.931832, ""sma_200"": 14.410437, ""sma_50"": 15.445834, ""volume"": 6393000.0, ""volume_sma_20"": 4159355.0}",2712.275406768247,2707.6216192821857,3131.6123606970536,-423.9907414148679,13.762842972758703,16.983460291876057,13.762842972758703,16.983460291876057,-6.363557499685224,123.63644250031477,active,15.989633335514885,15.650533543763721,15.859911339172413,16.247821783698054,15.859911339172413,,9.497550271221314,151.86234642244875,45.0,3.2206173191173524,3.2206173191173524,0.07156927375816338,0.33909979175116334,0.02120747765978987,2.4521577660682703,0.7613937090608184,0.1530884253054829,0.0,rank_drop_exit,rank drop exit,False,False,False,False,False,5,bull_low_volatility,True,valid_win,,True,weekly rank score=1.9515
79,B_ETF_trend_following,v1_fixed_rules,SMH,equity_index,2009-07-23,2009-07-24,2009-07-23,2009-10-01,bull_low_volatility,bull_low_volatility,72.33586120605469,63.89563451766968,True,0.2636008473423666,low_volatility,trend_following_breakout,trend_breakout,Trend filter and 20-day breakout conditions were met.,"{""atr_20"": 0.274069, ""bollinger_lower"": 8.317437, ""breakout_level"": 10.351354, ""close"": 10.525434, ""ema_10"": 9.926076, ""momentum_126"": 0.515281, ""momentum_63"": 0.241362, ""realized_vol_20"": 0.263601, ""rsi_2"": 100.0, ""sma_100"": 8.605508, ""sma_200"": 8.078705, ""sma_50"": 9.085924, ""volume"": 25524600.0, ""volume_sma_20"": 23698840.0}",2723.765118490941,2710.599391010103,3131.6123606970536,-421.0129696869508,0.0,45.0,0.0,45.0,-24.10192183911562,75.89807816088438,active,10.352282475150087,9.804145153252344,10.551440293180361,10.546164573033773,10.551440293180361,,82.09621604345878,849.8832186228337,45.0,45.0,45.0,1.0,0.5481373218977428,0.05294845105062648,15.916986594818066,0.35371081321817927,0.8578417119202428,0.0,stop_loss,stop loss,True,False,False,False,False,48,bull_low_volatility,True,valid_win,,True,trend breakout
86,A_ETF_sector_momentum,v1_fixed_rules,QQQ,equity_index,2009-09-18,2009-09-21,2009-09-18,2009-10-01,bull_low_volatility,bull_low_volatility,79.42302703857422,65.78051385879516,True,0.13762227951490216,low_volatility,weekly_momentum_rotation,ranked_momentum_risk_on,Weekly momentum rotation selected an eligible top-ranked ETF.,"{""atr_20"": 0.529382, ""bollinger_lower"": 33.621249, ""breakout_level"": 36.72208, ""close"": 36.774918, ""ema_10"": 36.060645, ""momentum_126"": 0.457618, ""momentum_63"": 0.174808, ""rank_at_signal"": 1.0, ""rank_score"": 2.297687, ""realized_vol_20"": 0.137622, ""rsi_2"": 87.648818, ""score"": 2.297687, ""sma_100"": 32.367439, ""sma_200"": 29.108373, ""sma_50"": 34.24729, ""volume"": 87444200.0, ""volume_sma_20"": 99295400.0}",2711.9817493880746,2705.333557740161,3131.6123606970536,-426.27880295689283,11.781843454743626,43.09837410150747,11.781843454743626,43.09837410150747,-3.9113997336169537,126.08860026638304,active,36.58525818933208,35.52649469968033,35.65664114846688,35.63881282789265,35.65664114846688,,29.57840060868026,1082.1334230960645,45.0,31.31653064676384,31.31653064676384,0.6959229032614187,1.0587634896517528,0.02893962054805119,-27.99434005488265,-0.8939157523751917,1.068136253068623,0.0,stop_loss,stop loss,True,False,False,False,False,8,bull_low_volatility,True,valid_loss,,True,weekly rank score=2.2977
87,A_ETF_sector_momentum,v1_fixed_rules,XLI,equity_index,2009-09-18,2009-09-21,2009-09-18,2009-10-01,bull_low_volatility,bull_low_volatility,79.42302703857422,65.78051385879516,True,0.1765766044536628,low_volatility,weekly_momentum_rotation,ranked_momentum_risk_on,Weekly momentum rotation selected an eligible top-ranked ETF.,"{""atr_20"": 0.363695, ""bollinger_lower"": 17.56811, ""breakout_level"": 19.940662, ""close"": 19.826153, ""ema_10"": 19.380349, ""momentum_126"": 0.571857, ""momentum_63"": 0.223116, ""rank_at_signal"": 2.0, ""rank_score"": 2.251072, ""realized_vol_20"": 0.176577, ""rsi_2"": 24.171119, ""score"": 2.251072, ""sma_100"": 17.059718, ""sma_200"": 15.859743, ""sma_50"": 17.881511, ""volume"": 9784500.0, ""volume_sma_20"": 10723760.0}",2711.9817493880746,2714.275891981484,3131.6123606970536,-417.3364687155695,43.09837410150747,48.45370552800532,43.09837410150747,48.45370552800532,5.0309345077067675,135.03093450770677,active,19.755271898304116,19.027882829626773,19.058596587367955,19.049067289074273,19.058596587367955,,7.362402952020971,145.44627214205116,45.0,5.355331426497858,5.355331426497858,0.11900736503328574,0.7273890686773434,0.0368199978426916,-5.199362899724613,-0.9708760272050536,0.14284659069218886,0.0,stop_loss,stop loss,True,False,False,False,False,8,bull_low_volatility,True,valid_loss,,True,weekly rank score=2.2511
84,E_breakout_vcb,v1_fixed_rules,XLK,equity_index,2009-09-10,2009-09-11,2009-09-10,2009-10-02,bull_low_volatility,bull_low_volatility,77.61698913574219,65.29529174804688,True,0.17963045361791496,low_volatility,volatility_contraction_breakout,volume_confirmed_breakout,Breakout and volume/volatility filters were satisfied.,"{""atr_20"": 0.129837, ""bollinger_lower"": 7.715219, ""breakout_level"": 8.158364, ""close"": 8.270394, ""ema_10"": 8.064357, ""momentum_126"": 0.419606, ""momentum_63"": 0.126616, ""realized_vol_20"": 0.17963, ""rsi_2"": 100.0, ""sma_100"": 7.38037, ""sma_200"": 6.706968, ""sma_50"": 7.749284, ""volume"": 31455000.0, ""volume_sma_20"": 13949680.0}",2728.4333950272385,2711.719217778912,3131.6123606970536,-419.8931429181416,0.0006657384552390667,13.763508711213943,0.0,13.762842972758703,-65.5350842922791,14.464915707720905,active,8.270527006192113,8.075770907294082,8.12336358285335,8.064105769308476,8.12336358285335,8.660039203988175,70.66707050835184,584.4539150878061,30.0,13.762842972758703,13.762842972758703,0.4587614324252901,0.19475609889803103,0.023548209050308144,-14.587184101277167,-1.059896137022715,0.5771603230371676,0.0,failed_breakout_exit,failed breakout exit,False,False,False,False,False,15,bull_low_volatility,True,valid_loss,,True,volume-confirmed breakout
89,E_breakout_vcb,v1_fixed_rules,TLT,bond,2009-10-01,2009-10-02,2009-10-01,2009-10-02,bull_low_volatility,bull_low_volatility,76.6321792602539,66.42916109085083,True,0.14262918296002453,low_volatility,volatility_contraction_breakout,volume_confirmed_breakout,Breakout and volume/volatility filters were satisfied.,"{""atr_20"": 0.743502, ""bollinger_lower"": 57.565433, ""breakout_level"": 60.752159, ""close"": 61.471992, ""ema_10"": 60.206109, ""momentum_126"": -0.032768, ""momentum_63"": 0.067525, ""realized_vol_20"": 0.142629, ""rsi_2"": 93.75786, ""sma_100"": 57.450959, ""sma_200"": 60.700235, ""sma_50"": 58.143938, ""volume"": 5754400.0, ""volume_sma_20"": 3507770.0}",2634.8787809671057,2629.151789933794,3131.6123606970536,-502.4605707632595,3.066580276886092,22.026443377271825,3.066580276886092,22.026443377271825,-80.12226839355625,0.0,active,61.86058409468507,60.74533067889174,60.74533067889174,61.0161037311554,60.74533067889174,64.09109092627173,17.000497673345993,1051.6607159735177,30.0,18.959863100385732,18.959863100385732,0.6319954366795244,1.1152534157933331,0.018028497986477196,-14.356586455372645,-0.7572093943590007,1.0444824227458314,0.0,strategy_loss_budget,strategy loss budget,False,False,False,False,False,1,bull_low_volatility,True,risk_limit_exit,,True,volume-confirmed breakout
90,E_breakout_vcb,v1_fixed_rules,IEF,bond,2009-10-01,2009-10-02,2009-10-01,2009-10-02,bull_low_volatility,bull_low_volatility,76.6321792602539,66.42916109085083,True,0.06327836188554843,low_volatility,volatility_contraction_breakout,volume_confirmed_breakout,Breakout and volume/volatility filters were satisfied.,"{""atr_20"": 0.371105, ""bollinger_lower"": 61.841405, ""breakout_level"": 63.041111, ""close"": 63.515358, ""ema_10"": 62.880578, ""momentum_126"": -0.015629, ""momentum_63"": 0.032404, ""realized_vol_20"": 0.063278, ""rsi_2"": 100.0, ""sma_100"": 61.651834, ""sma_200"": 62.881957, ""sma_50"": 61.93601, ""volume"": 1762800.0, ""volume_sma_20"": 670415.0}",2634.8787809671057,2615.314114998941,3131.6123606970536,-516.2982456981126,22.026443377271825,28.459025432944014,22.026443377271825,28.459025432944014,-93.9599433284096,0.0,active,63.821043910011966,63.04111099243164,63.04111099243164,63.456285465240484,63.04111099243164,65.38090974517262,8.247609391367558,526.3710411190959,30.0,6.432582055672189,6.432582055672189,0.21441940185573963,0.7799329175803251,0.012220623007671811,-3.0083851746779,-0.46767925362493196,0.524866848531757,0.0,strategy_loss_budget,strategy loss budget,False,False,False,False,False,1,bull_low_volatility,True,risk_limit_exit,,True,volume-confirmed breakout
88,B_ETF_trend_following,v1_fixed_rules,SHY,bond,2009-10-01,2009-10-02,2009-10-01,2009-10-09,bull_low_volatility,bull_low_volatility,76.6321792602539,66.42916109085083,True,0.01248611211965308,low_volatility,trend_following_breakout,trend_breakout,Trend filter and 20-day breakout conditions were met.,"{""atr_20"": 0.096122, ""bollinger_lower"": 65.603478, ""breakout_level"": 65.805145, ""close"": 65.87101, ""ema_10"": 65.759621, ""momentum_126"": 0.008434, ""momentum_63"": 0.006509, ""realized_vol_20"": 0.012486, ""rsi_2"": 100.0, ""sma_100"": 65.412935, ""sma_200"": 65.335375, ""sma_50"": 65.533313, ""volume"": 1122900.0, ""volume_sma_20"": 803985.0}",2634.8787809671057,2630.0529284876893,3131.6123606970536,-501.55943220936433,0.0,3.066580276886092,0.0,3.066580276886092,-23.15815157872966,76.84184842127034,active,65.9511150997572,65.75887145076736,65.75887145076736,65.72599201504198,65.75887145076736,,15.951529702019378,1052.0211713950757,45.0,3.066580276886092,3.066580276886092,0.06814622837524649,0.19224364898984447,0.002914941600290731,-3.59105757244508,-1.1710300230886372,1.0502256426088532,0.0,stop_loss,stop loss,True,False,False,False,False,5,bull_low_volatility,True,valid_loss,,True,trend breakout
92,A_ETF_sector_momentum,v1_fixed_rules,XLF,equity_index,2009-10-02,2009-10-05,2009-10-02,2009-10-12,bull_low_volatility,bull_low_volatility,76.27495574951172,66.47728384017944,True,0.2929153012324924,low_volatility,weekly_momentum_rotation,ranked_momentum_risk_on,Weekly momentum rotation selected an eligible top-ranked ETF.,"{""atr_20"": 0.217159, ""bollinger_lower"": 8.521478, ""breakout_level"": 9.303535, ""close"": 8.66672, ""ema_10"": 8.918789, ""momentum_126"": 0.486916, ""momentum_63"": 0.248632, ""rank_at_signal"": 2.0, ""rank_score"": 1.255564, ""realized_vol_20"": 0.292915, ""rsi_2"": 1.492432, ""score"": 1.255564, ""sma_100"": 7.899772, ""sma_200"": 6.875635, ""sma_50"": 8.610031, ""volume"": 158977372.0, ""volume_sma_20"": 124371930.75}",2611.786818303744,2614.567819172536,3131.6123606970536,-517.0445415245176,24.099494319311965,49.62117461244037,21.032914042425872,46.554594335554285,-34.324101819432,95.675898180568,active,8.78027814295588,8.345959783113237,8.67543326027048,9.280695587431318,8.67543326027048,,58.76260976481669,515.9520581410657,45.0,25.52168029312841,25.52168029312841,0.567148450958409,0.4343183598426421,0.049465216565044816,29.405835009217007,1.1521903993576155,0.5306549756456742,0.0,rank_drop_exit,rank drop exit,False,False,False,False,False,5,bull_low_volatility,True,valid_win,,True,weekly rank score=1.2556
91,A_ETF_sector_momentum,v1_fixed_rules,XLP,equity_index,2009-10-02,2009-10-05,2009-10-02,2009-10-26,bull_low_volatility,bull_low_volatility,76.27495574951172,66.47728384017944,True,0.08785046786330486,low_volatility,weekly_momentum_rotation,ranked_momentum_risk_on,Weekly momentum rotation selected an eligible top-ranked ETF.,"{""atr_20"": 0.163204, ""bollinger_lower"": 15.865787, ""breakout_level"": 16.313612, ""close"": 16.217497, ""ema_10"": 16.200572, ""momentum_126"": 0.177169, ""momentum_63"": 0.091212, ""rank_at_signal"": 1.0, ""rank_score"": 1.527485, ""realized_vol_20"": 0.08785, ""rsi_2"": 25.805646, ""score"": 1.527485, ""sma_100"": 15.263184, ""sma_200"": 14.533076, ""sma_50"": 15.811394, ""volume"": 5437500.0, ""volume_sma_20"": 5878705.0}",2611.786818303744,2611.786818303744,3131.6123606970536,-519.8255423933097,3.066580276886092,24.099494319311965,0.0,21.032914042425872,-37.105102688224214,92.8948973117758,active,16.212791032117057,15.886383993670673,16.589137793868755,16.580843224971822,16.589137793868755,,64.43768535916787,1044.7147273214975,45.0,21.032914042425872,21.032914042425872,0.46739808983168607,0.3264070384463835,0.02013268645724113,23.716431398927156,1.1275865698442125,1.056572943020961,0.0,stop_loss,stop loss,True,False,False,False,False,15,bull_low_volatility,True,valid_win,,True,weekly rank score=1.5275
94,B_ETF_trend_following,v1_fixed_rules,XLP,equity_index,2009-10-09,2009-10-12,2009-10-09,2009-10-26,bull_low_volatility,bull_low_volatility,79.82489013671875,66.83676425933838,True,0.08475490895577634,low_volatility,trend_following_breakout,trend_breakout,Trend filter and 20-day breakout conditions were met.,"{""atr_20"": 0.163766, ""bollinger_lower"": 15.946073, ""breakout_level"": 16.56991, ""close"": 16.608362, ""ema_10"": 16.387618, ""momentum_126"": 0.217255, ""momentum_63"": 0.120389, ""realized_vol_20"": 0.084755, ""rsi_2"": 100.0, ""sma_100"": 15.371198, ""sma_200"": 14.579394, ""sma_50"": 15.897501, ""volume"": 3633700.0, ""volume_sma_20"": 5421825.0}",2661.770498382167,2665.9992243880843,3131.6123606970536,-465.6131363089694,32.78107729430415,43.16448794241572,32.78107729430415,43.16448794241572,-26.749209151174743,73.25079084882526,active,16.603839635931923,16.276307619070327,16.589137793868755,16.580843224971822,16.589137793868755,,31.701971451845097,526.3744501293279,45.0,10.383410648111573,10.383410648111573,0.23074245884692385,0.3275320168615963,0.019726281633845284,-0.729031563752008,-0.0702111847887473,0.5260099343474519,0.0,stop_loss,stop loss,True,False,False,False,False,10,bull_low_volatility,True,valid_loss,,True,trend breakout
93,A_ETF_sector_momentum,v1_fixed_rules,QQQ,equity_index,2009-10-09,2009-10-12,2009-10-09,2009-10-28,bull_low_volatility,bull_low_volatility,79.82489013671875,66.83676425933838,True,0.16424183288029476,low_volatility,weekly_momentum_rotation,ranked_momentum_risk_on,Weekly momentum rotation selected an eligible top-ranked ETF.,"{""atr_20"": 0.55232, ""bollinger_lower"": 35.547704, ""breakout_level"": 36.956882, ""close"": 36.809589, ""ema_10"": 36.358659, ""momentum_126"": 0.294418, ""momentum_63"": 0.194748, ""rank_at_signal"": 2.0, ""rank_score"": 1.489164, ""realized_vol_20"": 0.164242, ""rsi_2"": 100.0, ""score"": 1.489164, ""sma_100"": 33.393611, ""sma_200"": 29.933721, ""sma_50"": 35.32644, ""volume"": 62828000.0, ""volume_sma_20"": 105775005.0}",2661.770498382167,2668.5338921089633,3131.6123606970536,-463.07846858809035,0.8920659931439936,32.78107729430415,0.8920659931439936,32.78107729430415,22.331890135545013,152.33189013554502,active,36.975386004495405,35.87074526370435,36.139132220466905,36.12106265435667,36.139132220466905,,28.86821943424231,1067.4135568435854,45.0,31.889011301160156,31.889011301160156,0.7086446955813368,1.104640740791055,0.029875029314278278,-24.66279393960202,-0.7733947505203701,1.0550821598737845,0.0,stop_loss,stop loss,True,False,False,False,False,12,bull_low_volatility,True,valid_loss,,True,weekly rank score=1.4892
96,B_ETF_trend_following,v1_fixed_rules,BIL,bond,2009-10-30,2009-11-02,2009-10-30,2009-11-02,bull_normal_volatility,bull_normal_volatility,77.07128143310547,67.97517316818238,True,0.004240378672178671,normal_volatility,trend_following_breakout,trend_breakout,Trend filter and 20-day breakout conditions were met.,"{""atr_20"": 0.025858, ""bollinger_lower"": 74.076152, ""breakout_level"": 74.126213, ""close"": 74.14238, ""ema_10"": 74.107605, ""momentum_126"": 0.00133, ""momentum_63"": 0.000741, ""realized_vol_20"": 0.00424, ""rsi_2"": 100.0, ""sma_100"": 74.108686, ""sma_200"": 74.095258, ""sma_50"": 74.10749, ""volume"": 190950.0, ""volume_sma_20"": 141737.5}",2636.8273401899837,2640.8837021202157,3131.6123606970536,-490.7286585768379,28.79451475063416,29.53095301888245,0.0,0.7364382682482902,-27.478240714926752,72.52175928507324,active,74.18108445739746,74.12936901331076,74.12936901331076,74.09230432880412,74.12936901331076,,14.240200026392914,1056.3534808480863,45.0,0.7364382682482902,0.7364382682482902,0.016365294849962003,0.05171544408669604,0.0006971513623044492,-1.2642467895380758,-1.7167043648413922,1.0557213574533173,0.0,stop_loss,stop loss,True,False,False,False,False,0,bull_normal_volatility,True,valid_loss,,True,trend breakout
97,B_ETF_trend_following,v1_fixed_rules,BIL,bond,2009-11-02,2009-11-03,2009-11-02,2009-11-03,bull_normal_volatility,bull_normal_volatility,77.63684844970703,68.0523371887207,True,0.0039639850576450465,normal_volatility,trend_following_breakout,trend_breakout,Trend filter and 20-day breakout conditions were met.,"{""atr_20"": 0.02505, ""bollinger_lower"": 74.073636, ""breakout_level"": 74.14238, ""close"": 74.144012, ""ema_10"": 74.114225, ""momentum_126"": 0.001134, ""momentum_63"": 0.000545, ""realized_vol_20"": 0.003964, ""rsi_2"": 100.0, ""sma_100"": 74.109623, ""sma_200"": 74.095501, ""sma_50"": 74.108622, ""volume"": 245400.0, ""volume_sma_20"": 147320.0}",2639.6194553306777,2665.185193260738,3131.6123606970536,-466.4271674363158,28.79451475063416,29.514510142315164,0.0,0.719995391681004,-28.742487504464826,71.25751249553517,active,74.18108445739746,74.13098471283348,74.13098471283348,74.09391922047706,74.13098471283348,,14.371238774711447,1066.074077304295,45.0,0.719995391681004,0.719995391681004,0.015999897592911202,0.0500997445639797,0.0006753708837021952,-1.2526724326373417,-1.7398339588155889,1.0654477410879766,0.0,stop_loss,stop loss,True,False,False,False,False,0,bull_normal_volatility,True,valid_loss,,True,trend breakout
95,A_ETF_sector_momentum,v1_fixed_rules,GLD,commodity_alternative,2009-10-30,2009-11-02,2009-10-30,2009-12-04,bull_normal_volatility,bull_normal_volatility,77.07128143310547,67.97517316818238,True,0.1692666184986877,normal_volatility,weekly_momentum_rotation,ranked_momentum_risk_on,Weekly momentum rotation selected an eligible top-ranked ETF.,"{""atr_20"": 1.413499, ""bollinger_lower"": 100.59538, ""breakout_level"": 104.260002, ""close"": 102.529999, ""ema_10"": 102.490774, ""momentum_126"": 0.156701, ""momentum_63"": 0.092255, ""rank_at_signal"": 2.0, ""rank_score"": 0.735397, ""realized_vol_20"": 0.169267, ""rsi_2"": 92.452667, ""score"": 0.735397, ""sma_100"": 95.7146, ""sma_200"": 93.13905, ""sma_50"": 99.226, ""volume"": 15244500.0, ""volume_sma_20"": 16819970.0}",2636.8273401899837,2636.8273401899837,3131.6123606970536,-494.78502050706993,0.0,28.79451475063416,0.0,28.79451475063416,-8.645630219682072,121.35436978031792,active,103.55175,100.72475186157226,115.15750122070312,115.09992247009278,115.15750122070312,,10.185544291390473,1054.7309360759934,45.0,28.79451475063416,28.79451475063416,0.639878105569648,2.82699813842774,0.0273003415048779,117.62442217874613,4.084959347201904,1.1135431471653665,0.0,stop_loss,stop loss,True,False,False,False,False,23,bull_normal_volatility,True,valid_win,,True,weekly rank score=0.7354
98,B_ETF_trend_following,v1_fixed_rules,GLD,commodity_alternative,2009-11-03,2009-11-04,2009-11-03,2009-12-04,bull_normal_volatility,bull_normal_volatility,77.88249969482422,68.14714715957642,True,0.16753567545683387,normal_volatility,trend_following_breakout,trend_breakout,Trend filter and 20-day breakout conditions were met.,"{""atr_20"": 1.444499, ""bollinger_lower"": 100.971282, ""breakout_level"": 104.260002, ""close"": 106.459999, ""ema_10"": 103.429526, ""momentum_126"": 0.188966, ""momentum_63"": 0.123233, ""realized_vol_20"": 0.167536, ""rsi_2"": 100.0, ""sma_100"": 95.96, ""sma_200"": 93.35495, ""sma_50"": 99.7144, ""volume"": 33610400.0, ""volume_sma_20"": 17010190.0}",2663.9325208281,2670.4512629578276,3131.6123606970536,-461.1610977392261,7.160426757512603,35.95726694052466,7.160426757512603,35.95726694052466,-29.99515993710217,70.00484006289783,active,107.16355561065673,104.27455719757079,115.15750122070312,115.09992247009278,115.15750122070312,,9.967759086531348,1068.1805051831311,45.0,28.796840183012055,28.796840183012055,0.6399297818447123,2.888998413085943,0.026958777138583957,79.10779287718994,2.7470997642254344,1.107734401621726,0.0,stop_loss,stop loss,True,False,False,False,False,21,bull_normal_volatility,True,valid_win,,True,trend breakout
99,B_ETF_trend_following,v1_fixed_rules,SHY,bond,2009-11-05,2009-11-06,2009-11-05,2009-12-04,bull_normal_volatility,bull_normal_volatility,79.51976013183594,68.32526189804076,True,0.016214359241294066,normal_volatility,trend_following_breakout,trend_breakout,Trend filter and 20-day breakout conditions were met.,"{""atr_20"": 0.095314, ""bollinger_lower"": 65.691893, ""breakout_level"": 65.902412, ""close"": 65.949539, ""ema_10"": 65.868805, ""momentum_126"": 0.010758, ""momentum_63"": 0.013012, ""realized_vol_20"": 0.016214, ""rsi_2"": 88.830189, ""sma_100"": 65.568859, ""sma_200"": 65.397064, ""sma_50"": 65.773533, ""volume"": 667900.0, ""volume_sma_20"": 933090.0}",2667.3994427320613,2676.4683677491253,3131.6123606970536,-455.1439929479284,28.796840183012055,30.27325566420867,0.0,1.4764154811966126,-27.33930341225182,72.66069658774818,active,66.02975588607788,65.8391271252122,66.13503199937294,66.05749567954916,66.13503199937294,,7.7449775914817565,511.3989797086838,45.0,1.4764154811966126,1.4764154811966126,0.03280923291548028,0.19062876086567826,0.002887012958136221,0.21484407882742454,0.14551735711501523,0.5115064017480975,0.0,stop_loss_gap,stop loss gap,True,False,False,True,False,19,bull_normal_volatility,True,valid_win,,True,trend breakout
101,A_ETF_sector_momentum,v1_fixed_rules,XLP,equity_index,2009-12-04,2009-12-07,2009-12-04,2009-12-18,bull_low_volatility,bull_low_volatility,82.61573791503906,70.4547632408142,True,0.10595169482955596,low_volatility,weekly_momentum_rotation,ranked_momentum_risk_on,Weekly momentum rotation selected an eligible top-ranked ETF.,"{""atr_20"": 0.181012, ""bollinger_lower"": 16.904814, ""breakout_level"": 17.415707, ""close"": 17.332413, ""ema_10"": 17.284711, ""momentum_126"": 0.15781, ""momentum_63"": 0.096744, ""rank_at_signal"": 2.0, ""rank_score"": 1.201273, ""realized_vol_20"": 0.105952, ""rsi_2"": 39.99949, ""score"": 1.201273, ""sma_100"": 16.267151, ""sma_200"": 15.114967, ""sma_50"": 16.836469, ""volume"": 8089800.0, ""volume_sma_20"": 5270695.0}",2831.2574801025717,2829.230040999105,3131.6123606970536,-302.3823196979488,29.193580951394615,52.933581481684044,29.193580951394615,52.933581481684044,106.95135285559721,236.9513528555972,active,17.25774501363409,16.895721715918615,16.93434975996422,16.92588258508424,16.93434975996422,,65.5758916072508,1131.692016399642,45.0,23.740000530289425,23.740000530289425,0.527555567339765,0.36202329771547426,0.020977439255793037,-21.76217464310403,-0.9166880436812996,1.1208109290780899,0.0,stop_loss,stop loss,True,False,False,False,False,9,bull_low_volatility,True,valid_loss,,True,weekly rank score=1.2013
100,A_ETF_sector_momentum,v1_fixed_rules,XLV,equity_index,2009-12-04,2009-12-07,2009-12-04,2010-01-04,bull_low_volatility,bull_low_volatility,82.61573791503906,70.4547632408142,True,0.1162234538097253,low_volatility,weekly_momentum_rotation,ranked_momentum_risk_on,Weekly momentum rotation selected an eligible top-ranked ETF.,"{""atr_20"": 0.301465, ""bollinger_lower"": 22.054621, ""breakout_level"": 23.558802, ""close"": 23.377689, ""ema_10"": 23.249525, ""momentum_126"": 0.225895, ""momentum_63"": 0.09218, ""rank_at_signal"": 1.0, ""rank_score"": 1.368379, ""realized_vol_20"": 0.116223, ""rsi_2"": 0.0, ""score"": 1.368379, ""sma_100"": 21.66733, ""sma_200"": 20.088758, ""sma_50"": 22.160515, ""volume"": 6784300.0, ""volume_sma_20"": 5368920.0}",2831.2574801025717,2831.2574801025717,3131.6123606970536,-300.354880594482,0.0,29.193580951394615,0.0,29.193580951394615,108.97879195906405,238.97879195906404,active,23.389383632075997,22.786453777351607,23.39232967179224,23.86668315861397,23.39232967179224,,48.419531264942094,1132.5029920410286,45.0,29.193580951394615,29.193580951394615,0.6487462433643247,0.6029298547243904,0.025777928320331524,23.110619347947427,0.7916335918647692,1.1440583017150023,0.0,rank_drop_exit,rank drop exit,False,False,False,False,False,18,bull_low_volatility,True,valid_win,,True,weekly rank score=1.3684
105,B_ETF_trend_following,v1_fixed_rules,BIL,bond,2009-12-31,2010-01-04,2009-12-31,2010-01-05,bull_low_volatility,bull_low_volatility,83.38223266601562,73.07960746765137,True,0.0037172312938641744,low_volatility,trend_following_breakout,trend_breakout,Trend filter and 20-day breakout conditions were met.,"{""atr_20"": 0.028614, ""bollinger_lower"": 74.07216, ""breakout_level"": 74.127876, ""close"": 74.134331, ""ema_10"": 74.108046, ""momentum_126"": 2.2e-05, ""momentum_63"": 0.000545, ""realized_vol_20"": 0.003717, ""rsi_2"": 100.0, ""sma_100"": 74.106228, ""sma_200"": 74.10208, ""sma_50"": 74.10503, ""volume"": 73700.0, ""volume_sma_20"": 116660.0}",2818.0022914832293,2857.30291775612,3131.6123606970536,-274.3094429409334,42.956473425754794,42.96807210133294,0.0,0.011598675578150999,56.783551918168676,156.78355191816868,active,74.13905600738525,74.08182868332474,74.08182868332474,74.06496932021187,74.08182868332474,,0.20267723100048982,15.026298580567072,45.0,0.011598675578150999,0.011598675578150999,0.0002577483461811333,0.05722732406050568,0.0007718917280900511,-0.015015684610299593,-1.2946033802846753,0.015018790738261923,0.0,trend_exit,trend exit,False,False,False,False,False,1,bull_low_volatility,True,valid_loss,,True,trend breakout
106,B_ETF_trend_following,v1_fixed_rules,XLK,equity_index,2010-01-04,2010-01-05,2010-01-04,2010-01-07,bull_low_volatility,bull_low_volatility,84.79638671875,73.21494689941406,True,0.12224531147852567,low_volatility,trend_following_breakout,trend_breakout,Trend filter and 20-day breakout conditions were met.,"{""atr_20"": 0.098338, ""bollinger_lower"": 8.729657, ""breakout_level"": 9.322357, ""close"": 9.378785, ""ema_10"": 9.224472, ""momentum_126"": 0.318344, ""momentum_63"": 0.153262, ""realized_vol_20"": 0.122245, ""rsi_2"": 62.962866, ""sma_100"": 8.518776, ""sma_200"": 7.7896, ""sma_50"": 8.825971, ""volume"": 16898800.0, ""volume_sma_20"": 13275550.0}",2857.2954083615273,2861.949821884809,3131.6123606970536,-269.66253881224475,42.60396548520116,42.918194246459,42.60396548520116,42.918194246459,58.797290374638074,158.79729037463807,active,9.395567406464677,9.198891510879285,9.198891510879285,9.194292065123847,9.198891510879285,,1.5976983876064972,15.011282895956773,45.0,0.3142287612578439,0.3142287612578439,0.00698286136128542,0.19667589558539156,0.020932838547895204,-0.32157728832519167,-1.0233859148918512,0.014850494251794178,0.0,stop_loss,stop loss,True,False,False,False,False,2,bull_low_volatility,True,valid_loss,,True,trend breakout
104,A_ETF_sector_momentum,v1_fixed_rules,XLK,equity_index,2009-12-31,2010-01-04,2009-12-31,2010-01-12,bull_low_volatility,bull_low_volatility,83.38223266601562,73.07960746765137,True,0.11390655291297157,low_volatility,weekly_momentum_rotation,ranked_momentum_risk_on,Weekly momentum rotation selected an eligible top-ranked ETF.,"{""atr_20"": 0.095902, ""bollinger_lower"": 8.722979, ""breakout_level"": 9.322357, ""close"": 9.241745, ""ema_10"": 9.19018, ""momentum_126"": 0.295438, ""momentum_63"": 0.136411, ""rank_at_signal"": 2.0, ""rank_score"": 1.89563, ""realized_vol_20"": 0.113907, ""rsi_2"": 28.570704, ""score"": 1.89563, ""sma_100"": 8.502691, ""sma_200"": 7.773123, ""sma_50"": 8.809396, ""volume"": 11526200.0, ""volume_sma_20"": 13075440.0}",2818.0022914832293,2851.4682820210223,3131.6123606970536,-280.1440786760313,19.511165989797703,42.956473425754794,19.511165989797703,42.956473425754794,121.73351897826157,251.73351897826157,active,9.331052450853042,9.13924828912462,9.145819767544522,9.14124685766075,9.145819767544522,,122.23565549716065,1140.587312808409,45.0,23.445307435957087,23.445307435957087,0.5210068319101575,0.19180416172842207,0.020555469250511757,-23.201011100887165,-0.9895801607320681,1.1289868072579654,0.0,stop_loss,stop loss,True,False,False,False,False,6,bull_low_volatility,True,valid_loss,,True,weekly rank score=1.8956
102,B_ETF_trend_following,v1_fixed_rules,XLI,equity_index,2009-12-04,2009-12-07,2009-12-04,2010-01-20,bull_low_volatility,bull_low_volatility,82.61573791503906,70.4547632408142,True,0.19969316167025242,low_volatility,trend_following_breakout,trend_breakout,Trend filter and 20-day breakout conditions were met.,"{""atr_20"": 0.3505, ""bollinger_lower"": 19.852014, ""breakout_level"": 20.64827, ""close"": 20.677626, ""ema_10"": 20.403416, ""momentum_126"": 0.19834, ""momentum_63"": 0.118898, ""realized_vol_20"": 0.199693, ""rsi_2"": 76.364452, ""sma_100"": 18.978119, ""sma_200"": 16.968864, ""sma_50"": 19.749519, ""volume"": 11692100.0, ""volume_sma_20"": 9206410.0}",2831.2574801025717,2832.866300821821,3131.6123606970536,-298.74605987523273,52.933581481684044,72.18236034487165,52.933581481684044,72.18236034487165,49.32747701891519,149.3274770189152,active,20.65124988002341,19.950248910899134,21.282390136456332,21.271748941388104,21.282390136456332,,27.458990373770938,567.0624716619011,45.0,19.248778863187606,19.248778863187606,0.427750641404169,0.7010009691242765,0.033944723597692565,17.03827775294702,0.8851614886351017,0.5755816105383746,0.0,stop_loss,stop loss,True,False,False,False,False,29,bull_low_volatility,True,valid_win,,True,trend breakout
103,A_ETF_sector_momentum,v1_fixed_rules,XLY,equity_index,2009-12-18,2009-12-21,2009-12-18,2010-01-21,bull_low_volatility,bull_low_volatility,82.4619140625,71.91315698623657,True,0.1414905129382932,low_volatility,weekly_momentum_rotation,ranked_momentum_risk_on,Weekly momentum rotation selected an eligible top-ranked ETF.,"{""atr_20"": 0.174495, ""bollinger_lower"": 11.580266, ""breakout_level"": 12.237635, ""close"": 12.148603, ""ema_10"": 12.081123, ""momentum_126"": 0.331041, ""momentum_63"": 0.075183, ""rank_at_signal"": 1.0, ""rank_score"": 1.435516, ""realized_vol_20"": 0.141491, ""rsi_2"": 29.662828, ""score"": 1.435516, ""sma_100"": 11.245108, ""sma_200"": 10.135231, ""sma_50"": 11.672651, ""volume"": 12803200.0, ""volume_sma_20"": 13001520.0}",2818.6134141516486,2833.5286807054545,3131.6123606970536,-298.0836799915992,25.20342599820227,56.997056335206665,25.20342599820227,56.997056335206665,109.06822801423824,239.06822801423823,active,12.18341188309538,11.834421452275368,12.156735477697952,12.150657109959104,12.156735477697952,,91.10172523154847,1109.9298417565378,45.0,31.793630337004398,31.793630337004398,0.7065251186000977,0.34899043082001135,0.028644720720986172,-2.984016342282686,-0.09385579157374832,1.1084378335853964,0.0,stop_loss,stop loss,True,False,False,False,False,20,bull_low_volatility,True,valid_loss,,True,weekly rank score=1.4355
107,B_ETF_trend_following,v1_fixed_rules,XLY,equity_index,2010-01-07,2010-01-08,2010-01-07,2010-01-21,bull_low_volatility,bull_low_volatility,85.4398422241211,73.61054849624634,True,0.1109785129687236,low_volatility,trend_following_breakout,trend_breakout,Trend filter and 20-day breakout conditions were met.,"{""atr_20"": 0.129385, ""bollinger_lower"": 11.962693, ""breakout_level"": 12.41529, ""close"": 12.472732, ""ema_10"": 12.339333, ""momentum_126"": 0.38507, ""momentum_63"": 0.116775, ""realized_vol_20"": 0.110979, ""rsi_2"": 100.0, ""sma_100"": 11.463744, ""sma_200"": 10.433409, ""sma_50"": 11.874264, ""volume"": 11473400.0, ""volume_sma_20"": 8551850.0}",2862.730983367257,2879.0785330761214,3131.6123606970536,-252.53382762093224,25.797272194393347,26.102992366254895,25.797272194393347,26.102992366254895,75.31354495016393,175.31354495016393,active,12.43381173306432,12.17504092026112,12.17504092026112,12.16895339980099,12.17504092026112,,1.1814322046205934,14.689705607631582,45.0,0.30572017186154854,0.30572017186154854,0.006793781596923301,0.2587708128032009,0.02081186512701256,-0.3129121645794319,-1.0235247568849999,0.014533249525341865,0.0,stop_loss,stop loss,True,False,False,False,False,8,bull_low_volatility,True,valid_loss,,True,trend breakout
108,A_ETF_sector_momentum,v1_fixed_rules,XLI,equity_index,2010-01-15,2010-01-19,2010-01-15,2010-01-21,bull_low_volatility,bull_low_volatility,85.02831268310547,74.38944828033448,True,0.13903718878269286,low_volatility,weekly_momentum_rotation,ranked_momentum_risk_on,Weekly momentum rotation selected an eligible top-ranked ETF.,"{""atr_20"": 0.23264, ""bollinger_lower"": 20.224754, ""breakout_level"": 21.846281, ""close"": 21.476889, ""ema_10"": 21.44559, ""momentum_126"": 0.314297, ""momentum_63"": 0.07372, ""rank_at_signal"": 2.0, ""rank_score"": 1.395369, ""realized_vol_20"": 0.139037, ""rsi_2"": 0.0, ""score"": 1.395369, ""sma_100"": 19.926778, ""sma_200"": 18.135088, ""sma_50"": 20.63663, ""volume"": 7251000.0, ""volume_sma_20"": 7139950.0}",2842.2407661358147,2863.8771485980924,3131.6123606970536,-267.73521209896126,2.73598672654341,26.84819695823836,2.73598672654341,26.84819695823836,112.73587514961207,242.73587514961207,active,21.561542719873124,21.0962636573083,21.126883638754368,21.116320196934993,21.126883638754368,,51.82311471050885,1117.3863017075219,45.0,24.112210231694952,24.112210231694952,0.5358268940376656,0.4652790625648251,0.021579117441164385,-23.072817877924933,-0.9568935264008374,1.1058498927685594,0.0,stop_loss,stop loss,True,False,False,False,False,2,bull_low_volatility,True,valid_loss,,True,weekly rank score=1.3954
110,B_ETF_trend_following,v1_fixed_rules,IEF,bond,2010-01-21,2010-01-22,2010-01-21,2010-01-26,bull_low_volatility,bull_low_volatility,83.57677459716797,74.73844985961914,True,0.058442708726755915,low_volatility,trend_following_breakout,trend_breakout,Trend filter and 20-day breakout conditions were met.,"{""atr_20"": 0.289921, ""bollinger_lower"": 61.120022, ""breakout_level"": 62.50515, ""close"": 62.733837, ""ema_10"": 62.219172, ""momentum_126"": 0.018465, ""momentum_63"": -0.005123, ""realized_vol_20"": 0.058443, ""rsi_2"": 100.0, ""sma_100"": 62.684667, ""sma_200"": 62.283576, ""sma_50"": 62.653347, ""volume"": 349200.0, ""volume_sma_20"": 492035.0}",2799.736852101752,2800.1153205407536,3131.6123606970536,-331.49704015630005,2.679998876024036,13.035295789547039,2.679998876024036,13.035295789547039,66.09471807334886,166.09471807334887,active,62.71666963918504,62.136827685197524,62.136827685197524,62.81330302399258,62.136827685197524,,17.85882660319869,1120.0461282163014,45.0,10.355296913523004,10.355296913523004,0.23011770918940008,0.5798419539875184,0.009245420034632008,1.7257588633580199,0.16665469640994532,1.1209090076479804,0.0,trend_exit,trend exit,False,False,False,False,False,2,bull_low_volatility,True,valid_win,,True,trend breakout
113,B_ETF_trend_following,v1_fixed_rules,IEF,bond,2010-01-29,2010-02-01,2010-01-29,2010-02-04,bull_normal_volatility,bull_normal_volatility,80.35194396972656,75.32416078567505,True,0.05461004083228074,normal_volatility,trend_following_breakout,trend_breakout,Trend filter and 20-day breakout conditions were met.,"{""atr_20"": 0.295555, ""bollinger_lower"": 61.198305, ""breakout_level"": 62.789272, ""close"": 62.851616, ""ema_10"": 62.570714, ""momentum_126"": 0.026142, ""momentum_63"": 0.000982, ""realized_vol_20"": 0.05461, ""rsi_2"": 92.119526, ""sma_100"": 62.700702, ""sma_200"": 62.241567, ""sma_50"": 62.62648, ""volume"": 396700.0, ""volume_sma_20"": 519925.0}",2789.71547840468,2791.557149118248,3131.6123606970536,-340.0552115788055,19.730053409373227,19.77542134136793,5.470950264136418,5.51631819613112,67.73969076430066,167.73969076430066,active,62.78567257137124,62.194563334802666,62.194563334802666,62.68125333708352,62.194563334802666,,0.07675050428591937,4.818832031783359,45.0,0.04536793199470259,0.04536793199470259,0.0010081762665489465,0.5911092365685704,0.009414715369921865,-0.008014228888731932,-0.17664964075655282,0.004814824917338993,0.0,trend_exit,trend exit,False,False,False,False,False,3,bull_normal_volatility,True,valid_loss,,True,trend breakout
111,A_ETF_sector_momentum,v1_fixed_rules,XLV,equity_index,2010-01-22,2010-01-25,2010-01-22,2010-02-04,bull_low_volatility,bull_low_volatility,81.71366119384766,74.84632987976075,True,0.17747611315771875,low_volatility,weekly_momentum_rotation,ranked_momentum_risk_on,Weekly momentum rotation selected an eligible top-ranked ETF.,"{""atr_20"": 0.309201, ""bollinger_lower"": 23.445621, ""breakout_level"": 25.039541, ""close"": 24.022787, ""ema_10"": 24.350548, ""momentum_126"": 0.166114, ""momentum_63"": 0.104227, ""rank_at_signal"": 1.0, ""rank_score"": 0.761627, ""realized_vol_20"": 0.177476, ""rsi_2"": 0.0, ""score"": 0.761627, ""sma_100"": 22.626381, ""sma_200"": 21.097295, ""sma_50"": 23.611564, ""volume"": 13221000.0, ""volume_sma_20"": 7702205.0}",2801.4119190202928,2797.9985609386495,3131.6123606970536,-333.6137997584042,13.035295789547039,27.29439893478385,0.0,14.25910314523681,61.069391342812665,191.06939134281265,active,24.27772736379346,23.659325965610158,23.659325965610158,23.647496302627353,23.659325965610158,,23.058005992752033,559.7959830447496,45.0,14.25910314523681,14.25910314523681,0.3168689587830402,0.6184013981833019,0.02547196403175503,-14.53187158518657,-1.019129424703045,0.5525300472521564,0.0,stop_loss,stop loss,True,False,False,False,False,8,bull_low_volatility,True,valid_loss,,True,weekly rank score=0.7616
109,B_ETF_trend_following,v1_fixed_rules,SHY,bond,2010-01-21,2010-01-22,2010-01-21,2010-02-10,bull_low_volatility,bull_low_volatility,83.57677459716797,74.73844985961914,True,0.014112940114891196,low_volatility,trend_following_breakout,trend_breakout,Trend filter and 20-day breakout conditions were met.,"{""atr_20"": 0.079219, ""bollinger_lower"": 65.710042, ""breakout_level"": 66.118538, ""close"": 66.174011, ""ema_10"": 66.05802, ""momentum_126"": 0.010777, ""momentum_63"": 0.004959, ""realized_vol_20"": 0.014113, ""rsi_2"": 100.0, ""sma_100"": 65.922718, ""sma_200"": 65.615227, ""sma_50"": 66.062623, ""volume"": 1281000.0, ""volume_sma_20"": 871580.0}",2799.736852101752,2799.736852101752,3131.6123606970536,-331.87550859530165,0.0,2.679998876024036,0.0,2.679998876024036,65.71624963434729,165.7162496343473,active,66.20710223783958,66.04866327646985,66.18653013451807,66.15343686945081,66.18653013451807,,16.915024264581746,1119.894740840701,45.0,2.679998876024036,2.679998876024036,0.05955553057831191,0.15843896136972546,0.00239308104439545,-0.907751008463654,-0.3387132049138638,1.1194408653364691,0.0,stop_loss,stop loss,True,False,False,False,False,13,bull_low_volatility,True,valid_loss,,True,trend breakout
112,A_ETF_sector_momentum,v1_fixed_rules,SHY,bond,2010-01-29,2010-02-01,2010-01-29,2010-02-10,bull_normal_volatility,bull_normal_volatility,80.35194396972656,75.32416078567505,True,0.011585492595730617,normal_volatility,weekly_momentum_rotation,ranked_momentum_risk_on,Weekly momentum rotation selected an eligible top-ranked ETF.,"{""atr_20"": 0.0828, ""bollinger_lower"": 65.760739, ""breakout_level"": 66.229477, ""close"": 66.253204, ""ema_10"": 66.158522, ""momentum_126"": 0.015015, ""momentum_63"": 0.005802, ""rank_at_signal"": 1.0, ""rank_score"": 0.898413, ""realized_vol_20"": 0.011585, ""rsi_2"": 100.0, ""score"": 0.898413, ""sma_100"": 65.953372, ""sma_200"": 65.642879, ""sma_50"": 66.081716, ""volume"": 900600.0, ""volume_sma_20"": 849390.0}",2789.71547840468,2792.3826376196903,3131.6123606970536,-339.22972307736336,16.939102021260847,19.73005340937323,2.679998876024036,5.470950264136418,51.69173573079766,181.69173573079766,active,66.27368074936571,66.10808146974797,66.18653013451807,66.15343686945081,66.18653013451807,,16.853644499872843,1116.953055047876,45.0,2.790951388112382,2.790951388112382,0.06202114195805293,0.16559927961773724,0.002498718612657139,-2.0265476053710416,-0.7261135446510469,1.1159397812451903,0.0,stop_loss,stop loss,True,False,False,False,False,7,bull_normal_volatility,True,valid_loss,,True,weekly rank score=0.8984
114,B_ETF_trend_following,v1_fixed_rules,IEF,bond,2010-02-04,2010-02-05,2010-02-04,2010-02-11,bull_normal_volatility,bull_normal_volatility,79.64109802246094,75.69448249816895,True,0.058417722581345796,normal_volatility,trend_following_breakout,trend_breakout,Trend filter and 20-day breakout conditions were met.,"{""atr_20"": 0.287443, ""bollinger_lower"": 61.56237, ""breakout_level"": 62.851616, ""close"": 62.955956, ""ema_10"": 62.648694, ""momentum_126"": 0.037397, ""momentum_63"": 0.004986, ""realized_vol_20"": 0.058418, ""rsi_2"": 63.250232, ""sma_100"": 62.711706, ""sma_200"": 62.215051, ""sma_50"": 62.570839, ""volume"": 503400.0, ""volume_sma_20"": 478055.0}",2788.269209880402,2791.749851932158,3131.6123606970536,-339.86250876489567,4.731173969063947,9.755027495909054,4.731173969063947,9.755027495909054,70.41400975180697,170.414009751807,active,62.94570927874098,62.370823919061394,62.413614143322064,62.38240733625041,62.413614143322064,,8.738878877773448,550.0749292624577,45.0,5.023853526845108,5.023853526845108,0.11164118948544684,0.574885359679584,0.009133034900501841,-4.922627447039581,-0.9798509094135364,0.547613615538938,0.0,stop_loss,stop loss,True,False,False,False,False,4,bull_normal_volatility,True,valid_loss,,True,trend breakout
115,A_ETF_sector_momentum,v1_fixed_rules,XLV,equity_index,2010-02-12,2010-02-16,2010-02-12,2010-03-08,bull_normal_volatility,bull_normal_volatility,80.83826446533203,76.20191215515136,True,0.19279034240488682,normal_volatility,weekly_momentum_rotation,ranked_momentum_risk_on,Weekly momentum rotation selected an eligible top-ranked ETF.,"{""atr_20"": 0.413531, ""bollinger_lower"": 22.94202, ""breakout_level"": 25.039541, ""close"": 23.423353, ""ema_10"": 23.569834, ""momentum_126"": 0.116254, ""momentum_63"": 0.038491, ""rank_at_signal"": 2.0, ""rank_score"": 0.401331, ""realized_vol_20"": 0.19279, ""rsi_2"": 74.998878, ""score"": 0.401331, ""sma_100"": 22.949645, ""sma_200"": 21.521864, ""sma_50"": 23.846382, ""volume"": 6966800.0, ""volume_sma_20"": 10393375.0}",2779.0657990901605,2779.0657990901605,3131.6123606970536,-352.5465616068932,0.0,38.84111439088964,0.0,38.84111439088964,44.51097215225505,174.51097215225505,active,23.67040245260757,22.843339623039874,23.562781696878844,24.291383275941318,23.562781696878844,,46.96271311236644,1111.6263196360642,45.0,38.84111439088964,38.84111439088964,0.8631358753531032,0.8270628295676943,0.034940801332956795,29.162944254503962,0.7508266616918762,1.1262077917633162,0.0,rank_drop_exit,rank drop exit,False,False,False,False,False,14,bull_normal_volatility,True,valid_win,,True,weekly rank score=0.4013
116,B_ETF_trend_following,v1_fixed_rules,XLY,equity_index,2010-02-18,2010-02-19,2010-02-18,2010-04-27,bull_normal_volatility,bull_normal_volatility,82.9856948852539,76.45960391998291,True,0.18689673727198147,normal_volatility,trend_following_breakout,trend_breakout,Trend filter and 20-day breakout conditions were met.,"{""atr_20"": 0.208631, ""bollinger_lower"": 11.679015, ""breakout_level"": 12.296311, ""close"": 12.370159, ""ema_10"": 12.108741, ""momentum_126"": 0.200208, ""momentum_63"": 0.027968, ""realized_vol_20"": 0.186897, ""rsi_2"": 100.0, ""sma_100"": 11.822865, ""sma_200"": 10.90367, ""sma_50"": 12.163982, ""volume"": 11835200.0, ""volume_sma_20"": 13213650.0}",2790.9822255662984,2790.9822255662984,3131.6123606970536,-340.6301351307552,32.403489430402324,70.01713709583633,32.403489430402324,70.01713709583633,61.60361581331336,161.60361581331335,active,12.384549423625861,11.967287649036004,14.336579285240855,14.329410995598236,14.336579285240855,,90.14400540860936,1116.3928902265195,45.0,37.61364766543401,37.61364766543401,0.8358588370096446,0.417261774589857,0.03369212397778894,175.31761206287425,4.661010642261816,1.2040516962579566,0.0,stop_loss,stop loss,True,False,False,False,False,46,bull_normal_volatility,True,valid_win,,True,trend breakout
117,B_ETF_trend_following,v1_fixed_rules,XLP,equity_index,2010-02-18,2010-02-19,2010-02-18,2010-04-27,bull_normal_volatility,bull_normal_volatility,82.9856948852539,76.45960391998291,True,0.13458462775015176,normal_volatility,trend_following_breakout,trend_breakout,Trend filter and 20-day breakout conditions were met.,"{""atr_20"": 0.213452, ""bollinger_lower"": 16.709489, ""breakout_level"": 17.399542, ""close"": 17.503038, ""ema_10"": 17.197575, ""momentum_126"": 0.137301, ""momentum_63"": 0.016609, ""realized_vol_20"": 0.134585, ""rsi_2"": 100.0, ""sma_100"": 17.005726, ""sma_200"": 16.075181, ""sma_50"": 17.174982, ""volume"": 7539300.0, ""volume_sma_20"": 8562875.0}",2790.9822255662984,2792.2735257524973,3131.6123606970536,-339.3388349445563,70.01713709583633,83.45554380576286,70.01713709583633,83.45554380576286,62.894915999512065,162.89491599951208,active,17.50532065583964,17.078417335576646,17.965304721994848,17.956322069633853,17.965304721994848,,31.47880579061269,551.0465892275768,45.0,13.438406709926523,13.438406709926523,0.2986312602205894,0.42690332026299416,0.024387060863154342,14.196985916119779,1.0564485971118076,0.5581450821856366,0.0,stop_loss,stop loss,True,False,False,False,False,46,bull_normal_volatility,True,valid_win,,True,trend breakout
118,A_ETF_sector_momentum,v1_fixed_rules,XLY,equity_index,2010-03-05,2010-03-08,2010-03-05,2010-04-27,bull_low_volatility,bull_low_volatility,85.48473358154297,77.37722103118897,True,0.1286745021077357,low_volatility,weekly_momentum_rotation,ranked_momentum_risk_on,Weekly momentum rotation selected an eligible top-ranked ETF.,"{""atr_20"": 0.178269, ""bollinger_lower"": 11.629344, ""breakout_level"": 12.805063, ""close"": 13.043033, ""ema_10"": 12.645866, ""momentum_126"": 0.254601, ""momentum_63"": 0.09615, ""rank_at_signal"": 1.0, ""rank_score"": 1.362941, ""realized_vol_20"": 0.128675, ""rsi_2"": 100.0, ""score"": 1.362941, ""sma_100"": 11.983049, ""sma_200"": 11.079145, ""sma_50"": 12.274235, ""volume"": 9603200.0, ""volume_sma_20"": 12253020.0}",2878.5208884904923,2879.2289747539135,3131.6123606970536,-252.38338594314018,2.8716749574850304,34.030430139152244,2.8716749574850304,34.030430139152244,73.67391640675902,203.67391640675902,active,13.053653296687422,12.697114538678157,14.336579285240855,14.329410995598236,14.336579285240855,,87.39233668631769,1140.789263890568,45.0,31.15875518166721,31.15875518166721,0.6924167818148269,0.3565387580092647,0.027313331364465017,111.49144635337578,3.5781739579562437,1.196534987067256,0.0,stop_loss,stop loss,True,False,False,False,False,35,bull_low_volatility,True,valid_win,,True,weekly rank score=1.3629
121,A_ETF_sector_momentum,v1_fixed_rules,XLI,equity_index,2010-04-30,2010-05-03,2010-04-30,2010-05-04,bull_normal_volatility,bull_normal_volatility,89.26271057128906,81.47860069274903,True,0.18589908650472456,normal_volatility,weekly_momentum_rotation,ranked_momentum_risk_on,Weekly momentum rotation selected an eligible top-ranked ETF.,"{""atr_20"": 0.34583, ""bollinger_lower"": 23.139049, ""breakout_level"": 24.730787, ""close"": 24.14514, ""ema_10"": 24.22303, ""momentum_126"": 0.286427, ""momentum_63"": 0.193631, ""rank_at_signal"": 2.0, ""rank_score"": 1.291179, ""realized_vol_20"": 0.185899, ""rsi_2"": 48.365963, ""score"": 1.291179, ""sma_100"": 21.891201, ""sma_200"": 20.43466, ""sma_50"": 22.965006, ""volume"": 18401800.0, ""volume_sma_20"": 13922380.0}",3130.2171569968395,3130.97081894158,3195.542282763068,-64.57146382148812,29.82958651488321,47.59531490862028,0.0,17.765728393737074,185.1653627601348,315.1653627601348,active,24.172047385963616,23.480387581074805,23.721658418235968,23.709797589026852,23.721658418235968,,25.685645266885256,620.8746345302025,45.0,17.765728393737074,17.765728393737074,0.3947939643052683,0.6916598048888112,0.0286140347917094,-11.873184308807453,-0.6683195895864922,0.6149380423757986,0.0,stop_loss,stop loss,True,False,False,False,False,1,bull_normal_volatility,True,valid_loss,,True,weekly rank score=1.2912
119,B_ETF_trend_following,v1_fixed_rules,GLD,commodity_alternative,2010-04-27,2010-04-28,2010-04-27,2010-05-19,bull_normal_volatility,bull_normal_volatility,89.01481628417969,81.14445266723632,True,0.1397471758310082,normal_volatility,trend_following_breakout,trend_breakout,Trend filter and 20-day breakout conditions were met.,"{""atr_20"": 1.321501, ""bollinger_lower"": 108.781871, ""breakout_level"": 113.650002, ""close"": 114.629997, ""ema_10"": 112.671372, ""momentum_126"": 0.107643, ""momentum_63"": 0.065731, ""realized_vol_20"": 0.139747, ""rsi_2"": 81.034375, ""sma_100"": 109.6825, ""sma_200"": 104.75805, ""sma_50"": 110.2202, ""volume"": 25057100.0, ""volume_sma_20"": 12378415.0}",3109.234787677034,3109.234787677034,3195.542282763068,-86.30749508603412,0.0,28.812086882995303,0.0,28.812086882995303,251.1182137923074,351.1182137923074,active,114.08701377868651,111.44401222229003,117.11375045776367,117.0551935825348,117.11375045776367,,10.901275034539978,1243.6939150708138,45.0,28.812086882995303,28.812086882995303,0.6402685973998956,2.6430015563964844,0.023166541649723187,32.3569443937171,1.1230336950293576,1.2598723872676723,0.0,stop_loss,stop loss,True,False,False,False,False,15,bull_normal_volatility,True,valid_win,,True,trend breakout
122,A_ETF_sector_momentum,v1_fixed_rules,GLD,commodity_alternative,2010-05-07,2010-05-10,2010-05-07,2010-05-19,sideways_high_volatility,bull_high_volatility,83.59039306640625,81.8996717453003,True,0.16324116946196782,high_volatility,weekly_momentum_rotation,ranked_momentum_risk_on,Weekly momentum rotation selected an eligible top-ranked ETF.,"{""atr_20"": 1.558501, ""bollinger_lower"": 109.840283, ""breakout_level"": 118.489998, ""close"": 118.269997, ""ema_10"": 115.657515, ""momentum_126"": 0.104295, ""momentum_63"": 0.129824, ""rank_at_signal"": 1.0, ""rank_score"": 0.717096, ""realized_vol_20"": 0.163241, ""rsi_2"": 93.922623, ""score"": 0.717096, ""sma_100"": 109.8798, ""sma_200"": 105.70505, ""sma_50"": 111.329199, ""volume"": 34272700.0, ""volume_sma_20"": 16900915.0}",3170.452932378905,3153.1342588562843,3195.542282763068,-42.40802390678391,0.0,16.14731645318666,0.0,16.14731645318666,173.29217845132735,303.29217845132735,active,117.55874999999999,114.44174865722655,117.11375045776367,117.0551935825348,117.11375045776367,,5.18040086528136,609.001450221395,45.0,16.14731645318666,16.14731645318666,0.35882925451525916,3.1170013427734347,0.02651441379542939,-2.608624100754657,-0.16155155615593617,0.6076971381710177,0.0,stop_loss,stop loss,True,False,False,False,False,7,bull_high_volatility,True,valid_loss,,True,weekly rank score=0.7171
123,B_ETF_trend_following,v1_fixed_rules,SMH,equity_index,2010-06-15,2010-06-16,2010-06-15,2010-06-22,sideways_high_volatility,sideways_high_volatility,84.1463623046875,83.026728515625,True,0.39342675754918793,high_volatility,trend_following_breakout,trend_breakout,Trend filter and 20-day breakout conditions were met.,"{""atr_20"": 0.409086, ""bollinger_lower"": 10.947429, ""breakout_level"": 11.93505, ""close"": 12.079411, ""ema_10"": 11.545179, ""momentum_126"": 0.063552, ""momentum_63"": 0.028561, ""realized_vol_20"": 0.393427, ""rsi_2"": 100.0, ""sma_100"": 11.662044, ""sma_200"": 11.375556, ""sma_50"": 11.989313, ""volume"": 41270200.0, ""volume_sma_20"": 43525860.0}",3173.5689744056654,3177.177822055596,3213.124459738922,-35.94663768332566,0.0,45.0,0.0,45.0,333.54305658043126,433.54305658043126,active,12.013234278277546,11.19506212536219,11.208484060057497,12.039423070670919,11.208484060057497,,55.00064972836529,660.7356906443345,45.0,45.0,45.0,1.0,0.8181721529153556,0.06810590170498738,1.440400597236811,0.032008902160818024,0.6614558909429529,0.0,trend_exit,trend exit,False,False,False,False,False,4,sideways_high_volatility,True,valid_win,,True,trend breakout
124,A_ETF_sector_momentum,v1_fixed_rules,GLD,commodity_alternative,2010-06-18,2010-06-21,2010-06-18,2010-06-23,sideways_high_volatility,sideways_high_volatility,84.34288024902344,83.15687698364258,True,0.14737715699877685,high_volatility,weekly_momentum_rotation,ranked_momentum_risk_on,Weekly momentum rotation selected an eligible top-ranked ETF.,"{""atr_20"": 1.628999, ""bollinger_lower"": 115.965396, ""breakout_level"": 121.900002, ""close"": 122.830002, ""ema_10"": 120.766319, ""momentum_126"": 0.100726, ""momentum_63"": 0.134374, ""rank_at_signal"": 1.0, ""rank_score"": 0.797613, ""realized_vol_20"": 0.147377, ""rsi_2"": 100.0, ""score"": 0.797613, ""sma_100"": 112.8221, ""sma_200"": 109.51385, ""sma_50"": 117.057, ""volume"": 19429900.0, ""volume_sma_20"": 14878070.0}",3184.5212402661,3177.477820871915,3213.124459738922,-35.646638867006914,45.0,77.32052178778144,0.0,32.320521787781445,170.68355435057268,300.68355435057265,active,123.15154133605957,119.89354344177245,119.89354344177245,119.83359667005158,119.89354344177245,,9.920363007126351,1221.707994940837,45.0,32.320521787781445,32.320521787781445,0.7182338175062544,3.257997894287115,0.026455193811960452,-32.91521552435785,-1.0183998804376118,1.205250387178658,0.0,stop_loss,stop loss,True,False,False,False,False,2,sideways_high_volatility,True,valid_loss,,True,weekly rank score=0.7976
120,B_ETF_trend_following,v1_fixed_rules,IEF,bond,2010-04-27,2010-04-28,2010-04-27,2010-07-28,bull_normal_volatility,bull_normal_volatility,89.01481628417969,81.14445266723632,True,0.0632800023606446,normal_volatility,trend_following_breakout,trend_breakout,Trend filter and 20-day breakout conditions were met.,"{""atr_20"": 0.289915, ""bollinger_lower"": 61.780188, ""breakout_level"": 62.94957, ""close"": 63.257141, ""ema_10"": 62.76371, ""momentum_126"": 0.013404, ""momentum_63"": 0.007674, ""realized_vol_20"": 0.06328, ""rsi_2"": 100.0, ""sma_100"": 62.551566, ""sma_200"": 62.466308, ""sma_50"": 62.655857, ""volume"": 442800.0, ""volume_sma_20"": 356260.0}",3109.234787677034,3111.6655951900443,3195.542282763068,-83.8766875730239,28.812086882995303,40.255778072277366,0.0,11.443691189282063,253.54902130531767,353.54902130531764,active,63.06495795729119,62.48512709046871,67.0627259136562,67.02919455069937,67.0627259136562,,19.736257319301313,1244.6662380760179,45.0,11.443691189282063,11.443691189282063,0.2543042486507125,0.5798308668224834,0.009194184624925241,78.23919348209431,6.836884374804836,1.2837858348170652,0.0,stop_loss,stop loss,True,False,False,False,False,63,bull_normal_volatility,True,valid_win,,True,trend breakout
126,B_ETF_trend_following,v1_fixed_rules,XLI,equity_index,2010-08-02,2010-08-03,2010-08-02,2010-08-11,sideways_normal_volatility,sideways_high_volatility,85.12039184570312,83.67008689880372,True,0.2404589154286931,normal_volatility,trend_following_breakout,trend_breakout,Trend filter and 20-day breakout conditions were met.,"{""atr_20"": 0.473432, ""bollinger_lower"": 20.214188, ""breakout_level"": 22.766508, ""close"": 23.012348, ""ema_10"": 22.3478, ""momentum_126"": 0.120846, ""momentum_63"": -0.065565, ""realized_vol_20"": 0.240459, ""rsi_2"": 100.0, ""sma_100"": 22.49589, ""sma_200"": 21.551604, ""sma_50"": 21.58659, ""volume"": 15965800.0, ""volume_sma_20"": 18391910.0}",3176.653919763202,3177.1281554869947,3213.124459738922,-35.996304251927086,0.0,45.0,0.0,45.0,366.4086055361878,466.4086055361878,active,22.95677498378845,22.00991083477678,22.046676489470205,22.03565315122547,22.046676489470205,,47.52529710515565,1091.0275516807508,45.0,45.0,45.0,1.0,0.9468641490116703,0.041245521188421466,-43.776588762600966,-0.9728130836133548,1.0691392572994505,0.0,stop_loss,stop loss,True,False,False,False,False,6,sideways_high_volatility,True,valid_loss,,True,trend breakout
125,B_ETF_trend_following,v1_fixed_rules,SHY,bond,2010-06-21,2010-06-22,2010-06-21,2010-08-27,sideways_high_volatility,sideways_high_volatility,84.10128784179688,83.20770473480225,True,0.013740738497499934,high_volatility,trend_following_breakout,trend_breakout,Trend filter and 20-day breakout conditions were met.,"{""atr_20"": 0.081171, ""bollinger_lower"": 66.572513, ""breakout_level"": 66.776535, ""close"": 66.784409, ""ema_10"": 66.740369, ""momentum_126"": 0.008929, ""momentum_63"": 0.00912, ""realized_vol_20"": 0.013741, ""rsi_2"": 100.0, ""sma_100"": 66.363424, ""sma_200"": 66.153137, ""sma_50"": 66.512486, ""volume"": 1900900.0, ""volume_sma_20"": 1191505.0}",3150.0823223041107,3172.008299838973,3213.124459738922,-41.1161598999488,32.320521787781445,33.92993431601206,0.0,1.6094125282306138,345.2534723636952,445.2534723636952,active,66.79390653536066,66.6315645973032,67.1291066122396,67.09554205893348,67.1291066122396,,9.913720062039125,662.1760912415713,45.0,1.6094125282306138,1.6094125282306138,0.03576472284956919,0.162341938057466,0.002430490241973229,2.9903301414674694,1.8580258877163303,0.6636712563123051,0.0,stop_loss,stop loss,True,False,False,False,False,47,sideways_high_volatility,True,valid_win,,True,trend breakout
128,A_ETF_sector_momentum,v1_fixed_rules,SHY,bond,2010-08-06,2010-08-09,2010-08-06,2010-08-27,sideways_normal_volatility,sideways_normal_volatility,84.84111022949219,83.74184200286865,True,0.010181563351725924,normal_volatility,weekly_momentum_rotation,ranked_momentum_risk_on,Weekly momentum rotation selected an eligible top-ranked ETF.,"{""atr_20"": 0.057791, ""bollinger_lower"": 66.87715, ""breakout_level"": 67.146019, ""close"": 67.162003, ""ema_10"": 67.082898, ""momentum_126"": 0.011731, ""momentum_63"": 0.009032, ""rank_at_signal"": 2.0, ""rank_score"": 1.01961, ""realized_vol_20"": 0.010182, ""rsi_2"": 100.0, ""score"": 1.01961, ""sma_100"": 66.602184, ""sma_200"": 66.353141, ""sma_50"": 66.889702, ""volume"": 941200.0, ""volume_sma_20"": 1197195.0}",3178.748633983926,3184.82857387313,3213.124459738922,-28.29588586579166,56.865191261355754,57.1181826460124,13.612489923926368,13.865481308583014,138.57916664009542,268.5791666400954,active,67.18759602821221,67.072014147491,67.1291066122396,67.09554205893348,67.1291066122396,,2.1888498705681982,147.0635608701407,45.0,0.2529913846566463,0.2529913846566463,0.005622030770147695,0.11558188072120856,0.0017202859985148969,-0.20149231874105283,-0.7964394479856035,0.14696281471077016,0.0,stop_loss,stop loss,True,False,False,False,False,14,sideways_normal_volatility,True,valid_loss,,True,weekly rank score=1.0196
127,A_ETF_sector_momentum,v1_fixed_rules,IEF,bond,2010-08-06,2010-08-09,2010-08-06,2010-09-03,sideways_normal_volatility,sideways_normal_volatility,84.84111022949219,83.74184200286865,True,0.06830510128412323,normal_volatility,weekly_momentum_rotation,ranked_momentum_risk_on,Weekly momentum rotation selected an eligible top-ranked ETF.,"{""atr_20"": 0.365671, ""bollinger_lower"": 66.577658, ""breakout_level"": 68.037926, ""close"": 68.483269, ""ema_10"": 67.822497, ""momentum_126"": 0.084324, ""momentum_63"": 0.06245, ""rank_at_signal"": 1.0, ""rank_score"": 1.074394, ""realized_vol_20"": 0.068305, ""rsi_2"": 100.0, ""score"": 1.074394, ""sma_100"": 64.983413, ""sma_200"": 63.838943, ""sma_50"": 66.655427, ""volume"": 438400.0, ""volume_sma_20"": 715325.0}",3178.748633983926,3184.0177460592495,3213.124459738922,-29.10671367967234,43.252701337429386,56.865191261355754,0.0,13.612489923926368,137.76833882621483,267.76833882621486,active,68.42558434021491,67.69424217156434,69.18729960563056,68.78976381832668,69.18729960563056,,18.613024802115994,1273.6070984236999,45.0,13.612489923926368,13.612489923926368,0.30249977608725265,0.7313421686505706,0.010688139176339456,6.778481658515947,0.4979604537008003,1.276996339252958,0.0,stop_loss_gap,stop loss gap,True,False,False,True,False,19,sideways_normal_volatility,True,valid_win,,True,weekly rank score=1.0744
130,A_ETF_sector_momentum,v1_fixed_rules,GLD,commodity_alternative,2010-09-10,2010-09-13,2010-09-10,2010-10-19,sideways_normal_volatility,sideways_normal_volatility,84.1541519165039,83.93263610839844,True,0.07749649642659116,normal_volatility,weekly_momentum_rotation,ranked_momentum_risk_on,Weekly momentum rotation selected an eligible top-ranked ETF.,"{""atr_20"": 1.0775, ""bollinger_lower"": 118.842137, ""breakout_level"": 122.709999, ""close"": 121.730003, ""ema_10"": 121.697793, ""momentum_126"": 0.127652, ""momentum_63"": 0.014332, ""rank_at_signal"": 2.0, ""rank_score"": 0.916067, ""realized_vol_20"": 0.077496, ""rsi_2"": 12.879156, ""score"": 0.916067, ""sma_100"": 118.4599, ""sma_200"": 114.14475, ""sma_50"": 118.4424, ""volume"": 12510000.0, ""volume_sma_20"": 10210820.0}",3139.665032934804,3139.634307262836,3213.124459738922,-73.49015247608577,2.1028662688753132,24.34254195097166,0.0,22.239675682096347,144.31460249402184,274.31460249402187,active,121.69081225204465,119.53581270980833,131.43374919891357,130.39477671051026,131.43374919891357,,10.32003731147775,1255.8537229051344,45.0,22.239675682096347,22.239675682096347,0.4942150151576966,2.1549995422363253,0.017708810569633755,89.82523796914128,4.0389634836920525,1.3007663418897053,0.0,stop_loss_gap,stop loss gap,True,False,False,True,False,26,sideways_normal_volatility,True,valid_win,,True,weekly rank score=0.9161
133,A_ETF_sector_momentum,v1_fixed_rules,IEF,bond,2010-10-22,2010-10-25,2010-10-22,2010-10-26,bull_low_volatility,bull_low_volatility,89.8184814453125,84.5752201461792,True,0.05815812382544359,low_volatility,weekly_momentum_rotation,ranked_momentum_risk_on,Weekly momentum rotation selected an eligible top-ranked ETF.,"{""atr_20"": 0.363134, ""bollinger_lower"": 69.941824, ""breakout_level"": 71.089073, ""close"": 70.336159, ""ema_10"": 70.520213, ""momentum_126"": 0.122327, ""momentum_63"": 0.045189, ""rank_at_signal"": 2.0, ""rank_score"": 1.44018, ""realized_vol_20"": 0.058158, ""rsi_2"": 5.169189, ""score"": 1.44018, ""sma_100"": 68.426087, ""sma_200"": 65.75468, ""sma_50"": 69.899275, ""volume"": 643600.0, ""volume_sma_20"": 790190.0}",3255.9546690207485,3255.00294616544,3301.3699319905795,-46.366985825139636,27.364242123960146,27.79474717608844,0.0,0.430505052128292,239.88571886794358,369.8857188679436,active,70.6414031640681,69.91513598611243,69.91513598611243,69.88017841811939,69.91513598611243,,0.5927640201779483,41.87368213054424,45.0,0.430505052128292,0.430505052128292,0.009566778936184267,0.7262671779556626,0.010281041222650573,-0.4512266406674943,-1.0481332064206001,0.04164806881021049,0.0,stop_loss,stop loss,True,False,False,False,False,1,bull_low_volatility,True,valid_loss,,True,weekly rank score=1.4402
132,B_ETF_trend_following,v1_fixed_rules,XLU,equity_index,2010-10-19,2010-10-20,2010-10-19,2010-10-27,sideways_normal_volatility,bull_normal_volatility,88.58900451660156,84.50830627441407,True,0.09368288848997049,normal_volatility,trend_following_breakout,trend_breakout,Trend filter and 20-day breakout conditions were met.,"{""atr_20"": 0.099095, ""bollinger_lower"": 9.173313, ""breakout_level"": 9.394176, ""close"": 9.411845, ""ema_10"": 9.368115, ""momentum_126"": 0.077912, ""momentum_63"": 0.078058, ""realized_vol_20"": 0.093683, ""rsi_2"": 100.0, ""sma_100"": 8.888147, ""sma_200"": 8.732274, ""sma_50"": 9.161133, ""volume"": 16859400.0, ""volume_sma_20"": 11273940.0}",3253.663173454459,3259.5131968593296,3301.3699319905795,-41.856735131249934,0.0,27.364242123960146,0.0,27.364242123960146,346.82605886532946,446.82605886532946,active,9.443069388433386,9.244878415171314,9.244878415171314,9.240255975963729,9.244878415171314,,138.07007288760738,1303.8052787437316,45.0,27.364242123960146,27.364242123960146,0.6080942694213366,0.19819097326207213,0.02098798230846763,-28.002462642269982,-1.0233231571120696,1.2898040474225967,0.0,stop_loss,stop loss,True,False,False,False,False,5,bull_normal_volatility,True,valid_loss,,True,trend breakout
129,A_ETF_sector_momentum,v1_fixed_rules,SHY,bond,2010-09-10,2010-09-13,2010-09-10,2010-11-09,sideways_normal_volatility,sideways_normal_volatility,84.1541519165039,83.93263610839844,True,0.01036044209224531,normal_volatility,weekly_momentum_rotation,ranked_momentum_risk_on,Weekly momentum rotation selected an eligible top-ranked ETF.,"{""atr_20"": 0.056231, ""bollinger_lower"": 67.113919, ""breakout_level"": 67.25769, ""close"": 67.106071, ""ema_10"": 67.169843, ""momentum_126"": 0.013859, ""momentum_63"": 0.005655, ""rank_at_signal"": 1.0, ""rank_score"": 0.941734, ""realized_vol_20"": 0.01036, ""rsi_2"": 0.0, ""score"": 0.941734, ""sma_100"": 66.85133, ""sma_200"": 66.501058, ""sma_50"": 67.091026, ""volume"": 1096200.0, ""volume_sma_20"": 1000895.0}",3139.665032934804,3139.665032934804,3213.124459738922,-73.45942680411781,0.0,2.1028662688753132,0.0,2.1028662688753132,144.3453281659897,274.3453281659897,active,67.16361525240994,67.05115413034082,67.39230065726152,67.35860450693289,67.39230065726152,,18.698606506725515,1255.8660131739216,45.0,2.1028662688753132,2.1028662688753132,0.046730361530562516,0.11246112206912073,0.0016744352079094706,3.646027343364422,1.7338370001599985,1.2576890268456038,0.0,stop_loss,stop loss,True,False,False,False,False,41,sideways_normal_volatility,True,valid_win,,True,weekly rank score=0.9417
131,B_ETF_trend_following,v1_fixed_rules,XLP,equity_index,2010-09-10,2010-09-13,2010-09-10,2010-11-12,sideways_normal_volatility,sideways_normal_volatility,84.1541519165039,83.93263610839844,True,0.10740305260747769,normal_volatility,trend_following_breakout,trend_breakout,Trend filter and 20-day breakout conditions were met.,"{""atr_20"": 0.176314, ""bollinger_lower"": 17.206684, ""breakout_level"": 17.919212, ""close"": 18.004261, ""ema_10"": 17.763322, ""momentum_126"": 0.012915, ""momentum_63"": 0.047128, ""realized_vol_20"": 0.107403, ""rsi_2"": 100.0, ""sma_100"": 17.512637, ""sma_200"": 17.515832, ""sma_50"": 17.548263, ""volume"": 4003400.0, ""volume_sma_20"": 6678360.0}",3139.665032934804,3138.9035505244547,3213.124459738922,-74.22090921446716,24.34254195097166,36.54650449085825,0.0,12.203962539886588,322.36849364422216,422.36849364422216,active,18.144165741303624,17.791538338672993,18.87390578085675,18.86446882796632,18.87390578085675,,34.60866185907268,627.945296855748,45.0,12.203962539886588,12.203962539886588,0.2711991675530353,0.3526274026306311,0.019434754270784976,24.928725962355575,2.042674736249005,0.6404096598369258,0.0,stop_loss,stop loss,True,False,False,False,False,44,sideways_normal_volatility,True,valid_win,,True,trend breakout
134,B_ETF_trend_following,v1_fixed_rules,QQQ,equity_index,2010-10-27,2010-10-28,2010-10-27,2010-11-12,bull_low_volatility,bull_low_volatility,89.84123229980469,84.64228591918945,True,0.14156847917623036,low_volatility,trend_following_breakout,trend_breakout,Trend filter and 20-day breakout conditions were met.,"{""atr_20"": 0.654842, ""bollinger_lower"": 42.191066, ""breakout_level"": 45.489277, ""close"": 45.629169, ""ema_10"": 44.937523, ""momentum_126"": 0.045479, ""momentum_63"": 0.144437, ""realized_vol_20"": 0.141568, ""rsi_2"": 100.0, ""sma_100"": 40.761903, ""sma_200"": 40.609787, ""sma_50"": 41.98971, ""volume"": 57483400.0, ""volume_sma_20"": 77646235.0}",3228.5050348887708,3232.427449050745,3301.3699319905795,-68.94248293983446,0.0,36.937632822782824,0.0,36.937632822782824,320.19153769741246,420.19153769741246,active,45.84442111135094,44.534736346050636,45.56686969901422,45.54408626416471,45.56686969901422,,28.20345307621656,1292.970979620298,45.0,36.937632822782824,36.937632822782824,0.8208362849507295,1.3096847653003039,0.028568029294540047,-8.470479769769458,-0.2293184246648566,1.2887357397354133,0.0,stop_loss,stop loss,True,False,False,False,False,11,bull_low_volatility,True,valid_loss,,True,trend breakout
135,A_ETF_sector_momentum,v1_fixed_rules,QQQ,equity_index,2010-11-05,2010-11-08,2010-11-05,2010-11-12,bull_low_volatility,bull_low_volatility,93.13493347167967,84.86217636108398,True,0.10411257781259703,low_volatility,weekly_momentum_rotation,ranked_momentum_risk_on,Weekly momentum rotation selected an eligible top-ranked ETF.,"{""atr_20"": 0.573098, ""bollinger_lower"": 43.363936, ""breakout_level"": 46.923119, ""close"": 46.923119, ""ema_10"": 46.033651, ""momentum_126"": 0.130493, ""momentum_63"": 0.142644, ""rank_at_signal"": 1.0, ""rank_score"": 1.311737, ""realized_vol_20"": 0.104113, ""rsi_2"": 100.0, ""score"": 1.311737, ""sma_100"": 41.235091, ""sma_200"": 40.834529, ""sma_50"": 43.030058, ""volume"": 77937100.0, ""volume_sma_20"": 72316340.0}",3272.689714328239,3272.6776895005733,3301.3699319905795,-28.692242490006265,9.985342726197173,10.578503256285405,9.985342726197173,10.578503256285405,238.49265720410253,368.49265720410256,active,46.867850007725714,45.7216545719706,45.7216545719706,45.69879374468462,45.7216545719706,,0.5175038318813924,24.254291971040402,45.0,0.5931605300882321,0.5931605300882321,0.013181345113071825,1.1461954357551107,0.024455899631968855,-0.6049910958087062,-1.019944964508536,0.023951796423136048,0.0,stop_loss,stop loss,True,False,False,False,False,4,bull_low_volatility,True,valid_loss,,True,weekly rank score=1.3117
137,A_ETF_sector_momentum,v1_fixed_rules,QQQ,equity_index,2010-11-19,2010-11-22,2010-11-19,2010-12-20,bull_normal_volatility,bull_normal_volatility,91.290771484375,85.3660428237915,True,0.12810695813760936,normal_volatility,weekly_momentum_rotation,ranked_momentum_risk_on,Weekly momentum rotation selected an eligible top-ranked ETF.,"{""atr_20"": 0.635611, ""bollinger_lower"": 44.782987, ""breakout_level"": 46.984314, ""close"": 45.873959, ""ema_10"": 45.856398, ""momentum_126"": 0.18218, ""momentum_63"": 0.182394, ""rank_at_signal"": 1.0, ""rank_score"": 1.422926, ""realized_vol_20"": 0.128107, ""rsi_2"": 100.0, ""score"": 1.422926, ""sma_100"": 41.882118, ""sma_200"": 41.245953, ""sma_50"": 44.35839, ""volume"": 54506100.0, ""volume_sma_20"": 70516305.0}",3223.454761200641,3229.511486328727,3301.3699319905795,-71.85844566185233,35.983643062756855,71.90695238056259,35.983643062756855,71.90695238056259,245.73599800959664,375.73599800959664,active,45.7132225528832,44.442000697323465,46.35748095823369,47.82443429889926,46.35748095823369,,28.25888271248151,1291.804594531491,45.0,35.92330931780573,35.92330931780573,0.7982957626179051,1.2712218555597374,0.027808624825981766,59.66048511188115,1.6607736381990248,1.3216348370874313,0.0,rank_drop_exit,rank drop exit,False,False,False,False,False,19,bull_normal_volatility,True,valid_win,,True,weekly rank score=1.4229
139,A_ETF_sector_momentum,v1_fixed_rules,IWM,equity_index,2010-12-17,2010-12-20,2010-12-17,2011-01-03,bull_normal_volatility,bull_normal_volatility,94.8301239013672,86.34000625610352,True,0.13923848242929995,normal_volatility,weekly_momentum_rotation,ranked_momentum_risk_on,Weekly momentum rotation selected an eligible top-ranked ETF.,"{""atr_20"": 0.861749, ""bollinger_lower"": 57.761608, ""breakout_level"": 62.965248, ""close"": 63.159508, ""ema_10"": 62.267215, ""momentum_126"": 0.187012, ""momentum_63"": 0.167054, ""rank_at_signal"": 1.0, ""rank_score"": 1.271437, ""realized_vol_20"": 0.139238, ""rsi_2"": 100.0, ""score"": 1.271437, ""sma_100"": 55.463145, ""sma_200"": 54.675634, ""sma_50"": 58.93832, ""volume"": 40362300.0, ""volume_sma_20"": 46663450.0}",3365.0067753143176,3369.0958340541924,3365.2207202406294,3.8751138135630754,0.0,36.61985451425777,0.0,36.61985451425777,354.9772045828823,484.9772045828823,active,63.42599503219548,61.70249796881121,62.617439279674436,64.16155929515693,62.617439279674436,,21.247413350592392,1347.638333621677,45.0,36.61985451425777,36.61985451425777,0.8137745447612837,1.723497063384272,0.02717335475004236,15.628837941065843,0.4267859102220308,1.35545275259221,0.0,rank_drop_exit,rank drop exit,False,False,False,False,False,9,bull_normal_volatility,True,valid_win,,True,weekly rank score=1.2714
140,B_ETF_trend_following,v1_fixed_rules,IWM,equity_index,2010-12-17,2010-12-20,2010-12-17,2011-01-07,bull_normal_volatility,bull_normal_volatility,94.8301239013672,86.34000625610352,True,0.13923848242929995,normal_volatility,trend_following_breakout,trend_breakout,Trend filter and 20-day breakout conditions were met.,"{""atr_20"": 0.861749, ""bollinger_lower"": 57.761608, ""breakout_level"": 62.965248, ""close"": 63.159508, ""ema_10"": 62.267215, ""momentum_126"": 0.187012, ""momentum_63"": 0.167054, ""realized_vol_20"": 0.139238, ""rsi_2"": 100.0, ""sma_100"": 55.463145, ""sma_200"": 54.675634, ""sma_50"": 58.93832, ""volume"": 40362300.0, ""volume_sma_20"": 46663450.0}",3365.0067753143176,3368.7664335174804,3365.2207202406294,3.5457132768510746,36.61985451425777,36.7238400414436,36.61985451425777,36.7238400414436,341.1674183467179,441.1674183467179,active,63.42599503219548,61.70249796881121,63.07230204419207,63.040765893169976,63.07230204419207,,0.06033403212283167,3.826746021695044,45.0,0.10398552718583273,0.10398552718583273,0.002310789493018505,1.723497063384272,0.02717335475004236,-0.02324242724861559,-0.2235159822489432,0.0038151248080707367,0.0,stop_loss,stop loss,True,False,False,False,False,13,bull_normal_volatility,True,valid_loss,,True,trend breakout
136,A_ETF_sector_momentum,v1_fixed_rules,XLY,equity_index,2010-11-12,2010-11-15,2010-11-12,2011-01-10,bull_normal_volatility,bull_normal_volatility,91.22248077392578,85.13102447509766,True,0.13180331383505664,normal_volatility,weekly_momentum_rotation,ranked_momentum_risk_on,Weekly momentum rotation selected an eligible top-ranked ETF.,"{""atr_20"": 0.208929, ""bollinger_lower"": 14.116246, ""breakout_level"": 15.104939, ""close"": 14.89808, ""ema_10"": 14.904888, ""momentum_126"": 0.089663, ""momentum_63"": 0.175203, ""rank_at_signal"": 2.0, ""rank_score"": 1.00478, ""realized_vol_20"": 0.131803, ""rsi_2"": 0.0, ""score"": 1.00478, ""sma_100"": 13.431585, ""sma_200"": 13.358624, ""sma_50"": 14.142351, ""volume"": 19690600.0, ""volume_sma_20"": 15095370.0}",3220.53586406115,3220.53586406115,3301.3699319905795,-80.8340679294297,0.0,35.983643062756855,0.0,35.983643062756855,236.7603757420192,366.76037574201916,active,14.959338103217775,14.541479472323278,15.452168526200941,15.606544641597925,15.452168526200941,,86.11439468350297,1288.21434562446,45.0,35.983643062756855,35.983643062756855,0.7996365125057079,0.4178586308944965,0.027932962542280834,55.73379928781194,1.5488648325743466,1.3160812452683661,0.0,rank_drop_exit,rank drop exit,False,False,False,False,False,38,bull_normal_volatility,True,valid_win,,True,weekly rank score=1.0048
138,B_ETF_trend_following,v1_fixed_rules,SMH,equity_index,2010-11-22,2010-11-23,2010-11-22,2011-01-20,bull_normal_volatility,bull_normal_volatility,91.21485900878906,85.42596923828125,True,0.16115352155554952,normal_volatility,trend_following_breakout,trend_breakout,Trend filter and 20-day breakout conditions were met.,"{""atr_20"": 0.230337, ""bollinger_lower"": 12.248962, ""breakout_level"": 13.242769, ""close"": 13.255507, ""ema_10"": 12.977406, ""momentum_126"": 0.163189, ""momentum_63"": 0.232531, ""realized_vol_20"": 0.161154, ""rsi_2"": 100.0, ""sma_100"": 11.757108, ""sma_200"": 11.761184, ""sma_50"": 12.18131, ""volume"": 18459600.0, ""volume_sma_20"": 21175470.0}",3244.9251367652028,3204.932793349005,3301.3699319905795,-96.43713864157462,64.9779501951255,87.45737758501821,64.9779501951255,87.45737758501821,310.82427719453835,410.82427719453835,active,13.126199805538361,12.665525864817482,14.262303760638499,14.25517260875818,14.262303760638499,,48.796828739034154,640.5169239051988,45.0,22.4794273898927,22.4794273898927,0.4995428308865044,0.46067394072087886,0.03509575867697107,55.0902925297448,2.4506982128252406,0.6680620701700712,0.0,stop_loss,stop loss,True,False,False,False,False,39,bull_normal_volatility,True,valid_win,,True,trend breakout
141,A_ETF_sector_momentum,v1_fixed_rules,SPY,equity_index,2010-12-31,2011-01-03,2010-12-31,2011-01-20,bull_low_volatility,bull_low_volatility,95.9363784790039,86.75817989349365,True,0.04353642676121864,low_volatility,weekly_momentum_rotation,ranked_momentum_risk_on,Weekly momentum rotation selected an eligible top-ranked ETF.,"{""atr_20"": 0.582539, ""bollinger_lower"": 92.823301, ""breakout_level"": 96.06604, ""close"": 95.936378, ""ema_10"": 95.582295, ""momentum_126"": 0.243523, ""momentum_63"": 0.10297, ""rank_at_signal"": 2.0, ""rank_score"": 3.979342, ""realized_vol_20"": 0.043536, ""rsi_2"": 13.033454, ""score"": 3.979342, ""sma_100"": 88.677495, ""sma_200"": 86.75818, ""sma_50"": 92.511841, ""volume"": 91218900.0, ""volume_sma_20"": 115524955.0}",3370.339550188745,3400.9019593272105,3395.1004476993453,5.8015116278652386,0.04878342874570505,16.436026005253815,0.04878342874570505,16.436026005253815,380.28202021331936,510.28202021331936,active,96.71711761632578,95.55203928811007,97.12463545126745,97.07607313354183,97.12463545126745,,14.065356963256486,1360.3607837308844,45.0,16.38724257650811,16.38724257650811,0.3641609461446247,1.1650783282157136,0.01204624741648679,5.048837483574045,0.30809560913022627,1.3628852024726714,0.0,stop_loss,stop loss,True,False,False,False,False,12,bull_low_volatility,True,valid_win,,True,weekly rank score=3.9793
142,A_ETF_sector_momentum,v1_fixed_rules,XLB,equity_index,2011-01-07,2011-01-10,2011-01-07,2011-01-20,bull_low_volatility,bull_low_volatility,96.99681854248048,86.99322143554687,True,0.07891684806621733,low_volatility,weekly_momentum_rotation,ranked_momentum_risk_on,Weekly momentum rotation selected an eligible top-ranked ETF.,"{""atr_20"": 0.15711, ""bollinger_lower"": 13.463098, ""breakout_level"": 14.161284, ""close"": 14.011331, ""ema_10"": 14.008299, ""momentum_126"": 0.314021, ""momentum_63"": 0.127964, ""rank_at_signal"": 1.0, ""rank_score"": 2.80032, ""realized_vol_20"": 0.078917, ""rsi_2"": 0.0, ""score"": 2.80032, ""sma_100"": 12.599778, ""sma_200"": 11.936882, ""sma_50"": 13.316523, ""volume"": 23128400.0, ""volume_sma_20"": 11615210.0}",3402.2598073169934,3395.2842793785994,3412.944552939509,-17.660273560909445,13.195421818896264,43.581321971208986,13.195421818896264,43.581321971208986,370.00105817279854,500.00105817279854,active,13.967102920911802,13.652883493526325,13.893837640391826,13.784988449197773,13.893837640391826,,96.70280544123055,1350.658036338577,45.0,30.385900152312722,30.385900152312722,0.6752422256069494,0.3142194273854777,0.02249710832409079,-17.610980326194323,-0.5795773775967575,1.3418525461754798,0.0,stop_loss_gap,stop loss gap,True,False,False,True,False,7,bull_low_volatility,True,valid_loss,,True,weekly rank score=2.8003
143,B_ETF_trend_following,v1_fixed_rules,XLP,equity_index,2011-01-20,2011-01-21,2011-01-20,2011-01-27,bull_low_volatility,bull_low_volatility,97.71397399902344,87.36928314208984,True,0.05189592260989164,low_volatility,trend_following_breakout,trend_breakout,Trend filter and 20-day breakout conditions were met.,"{""atr_20"": 0.106675, ""bollinger_lower"": 19.30606, ""breakout_level"": 19.54055, ""close"": 19.567133, ""ema_10"": 19.468397, ""momentum_126"": 0.111855, ""momentum_63"": 0.037997, ""realized_vol_20"": 0.051896, ""rsi_2"": 71.432476, ""sma_100"": 18.840055, ""sma_200"": 18.198436, ""sma_50"": 19.208122, ""volume"": 15486400.0, ""volume_sma_20"": 4488985.0}",3394.0638936617847,3394.0638936617847,3486.1742501769904,-92.1103565152057,0.0,14.750407849963409,0.0,14.750407849963409,365.89132729703454,465.89132729703454,active,19.636762636212836,19.423412013764356,19.423412013764356,19.413700307757473,19.423412013764356,,69.13693375103844,1357.625557464714,45.0,14.750407849963409,14.750407849963409,0.327786841110298,0.21335062244848046,0.010864857227282117,-15.421845424770808,-1.0455199328477596,1.3499146347523285,0.0,stop_loss,stop loss,True,False,False,False,False,4,bull_low_volatility,True,valid_loss,,True,trend breakout
144,B_ETF_trend_following,v1_fixed_rules,XLU,equity_index,2011-01-20,2011-01-21,2011-01-20,2011-01-28,bull_low_volatility,bull_low_volatility,97.71397399902344,87.36928314208984,True,0.059461851839502027,low_volatility,trend_following_breakout,trend_breakout,Trend filter and 20-day breakout conditions were met.,"{""atr_20"": 0.073907, ""bollinger_lower"": 9.291319, ""breakout_level"": 9.482803, ""close"": 9.530487, ""ema_10"": 9.441525, ""momentum_126"": 0.074428, ""momentum_63"": 0.004434, ""realized_vol_20"": 0.059462, ""rsi_2"": 75.001, ""sma_100"": 9.274886, ""sma_200"": 8.966765, ""sma_50"": 9.273611, ""volume"": 17218600.0, ""volume_sma_20"": 8305620.0}",3394.0638936617847,3391.547319055924,3486.1742501769904,-94.62693112106626,14.750407849963409,35.64992992830602,14.750407849963409,35.64992992830602,363.3747526911741,463.3747526911741,active,9.594884483754113,9.447069577132682,9.447069577132682,9.442346042344116,9.447069577132682,,141.3898134906546,1356.6189276223697,45.0,20.899522078342613,20.899522078342613,0.4644338239631692,0.1478149066214307,0.015405595228552076,-21.567381781114534,-1.0319557404359978,1.3458352367318125,0.0,stop_loss,stop loss,True,False,False,False,False,5,bull_low_volatility,True,valid_loss,,True,trend breakout
146,B_ETF_trend_following,v1_fixed_rules,XLI,equity_index,2011-01-27,2011-01-28,2011-01-27,2011-01-28,bull_low_volatility,bull_low_volatility,99.17111206054688,87.58417423248291,True,0.07925780656590814,low_volatility,trend_following_breakout,trend_breakout,Trend filter and 20-day breakout conditions were met.,"{""atr_20"": 0.275828, ""bollinger_lower"": 26.060141, ""breakout_level"": 27.402149, ""close"": 27.499985, ""ema_10"": 27.137454, ""momentum_126"": 0.223529, ""momentum_63"": 0.14058, ""realized_vol_20"": 0.079258, ""rsi_2"": 100.0, ""sma_100"": 24.860268, ""sma_200"": 23.54496, ""sma_50"": 25.930675, ""volume"": 9505800.0, ""volume_sma_20"": 10051730.0}",3384.9466372164934,3353.401091664672,3486.1742501769904,-132.77315851231833,27.031106873872478,53.852291268039366,27.031106873872478,53.852291268039366,327.45938888206564,427.45938888206564,active,27.589040197506016,27.037383301888394,27.037383301888394,27.02386461023745,27.037383301888394,,48.61932227664538,1341.360436665869,45.0,26.82118439416689,26.82118439416689,0.5960263198703754,0.5516568956176222,0.01999550878422696,-27.478454020302735,-1.024505615280688,1.3276212096557176,0.0,stop_loss,stop loss,True,False,False,False,False,0,bull_low_volatility,True,valid_loss,,True,trend breakout
148,B_ETF_trend_following,v1_fixed_rules,SHY,bond,2011-01-28,2011-01-31,2011-01-28,2011-02-02,bull_low_volatility,bull_normal_volatility,97.43936157226562,87.61574119567871,True,0.012133802208888751,low_volatility,trend_following_breakout,trend_breakout,Trend filter and 20-day breakout conditions were met.,"{""atr_20"": 0.066051, ""bollinger_lower"": 67.129879, ""breakout_level"": 67.29274, ""close"": 67.324722, ""ema_10"": 67.259352, ""momentum_126"": 0.003507, ""momentum_63"": -0.002024, ""realized_vol_20"": 0.012134, ""rsi_2"": 100.0, ""sma_100"": 67.285897, ""sma_200"": 67.05537, ""sma_50"": 67.217077, ""volume"": 678500.0, ""volume_sma_20"": 999275.0}",3327.365348853453,3361.038102938007,3486.1742501769904,-125.13614723898354,44.72739777079588,47.30716883595073,0.0,2.57977106515485,301.4236460708464,401.4236460708464,active,67.37447159811532,67.24236940686923,67.24236940686923,67.2087482221658,67.24236940686923,,19.52860161379945,1315.72921477984,45.0,2.57977106515485,2.57977106515485,0.05732824589233,0.13210219124609068,0.001960715803963144,-3.236345787012198,-1.2545089100059108,1.314111041886334,0.0,stop_loss,stop loss,True,False,False,False,False,2,bull_normal_volatility,True,valid_loss,,True,trend breakout
145,A_ETF_sector_momentum,v1_fixed_rules,XLI,equity_index,2011-01-21,2011-01-24,2011-01-21,2011-02-22,bull_low_volatility,bull_low_volatility,97.93519592285156,87.41279567718506,True,0.07384189302513636,low_volatility,weekly_momentum_rotation,ranked_momentum_risk_on,Weekly momentum rotation selected an eligible top-ranked ETF.,"{""atr_20"": 0.255132, ""bollinger_lower"": 25.961941, ""breakout_level"": 27.221523, ""close"": 27.018326, ""ema_10"": 26.843137, ""momentum_126"": 0.206096, ""momentum_63"": 0.110601, ""rank_at_signal"": 1.0, ""rank_score"": 2.144426, ""realized_vol_20"": 0.073842, ""rsi_2"": 61.702426, ""score"": 2.144426, ""sma_100"": 24.639996, ""sma_200"": 23.471716, ""sma_50"": 25.699411, ""volume"": 13339300.0, ""volume_sma_20"": 8403960.0}",3381.1780559581784,3391.060199070913,3486.1742501769904,-95.11405110607757,35.64992992830602,48.4717746464931,35.64992992830602,48.4717746464931,355.2213552401579,485.2213552401579,active,27.05442920089656,26.54416473098335,27.904501376126525,27.890549125438465,27.904501376126525,,25.12784149044891,679.8194085747011,45.0,12.821844718187076,12.821844718187076,0.28492988262637947,0.51026446991321,0.01886066292968769,21.009888930895077,1.638601105587694,0.6903243530401486,0.0,stop_loss,stop loss,True,False,False,False,False,20,bull_low_volatility,True,valid_win,,True,weekly rank score=2.1444
149,B_ETF_trend_following,v1_fixed_rules,SMH,equity_index,2011-02-02,2011-02-03,2011-02-02,2011-02-23,bull_normal_volatility,bull_normal_volatility,99.55259704589844,87.75053981781006,True,0.19451366529986272,normal_volatility,trend_following_breakout,trend_breakout,Trend filter and 20-day breakout conditions were met.,"{""atr_20"": 0.246471, ""bollinger_lower"": 13.753339, ""breakout_level"": 14.979318, ""close"": 15.013285, ""ema_10"": 14.699995, ""momentum_126"": 0.275153, ""momentum_63"": 0.190973, ""realized_vol_20"": 0.194514, ""rsi_2"": 100.0, ""sma_100"": 13.072936, ""sma_200"": 12.327898, ""sma_50"": 14.009823, ""volume"": 13972000.0, ""volume_sma_20"": 13435310.0}",3386.1852760517854,3387.3077461252046,3486.1742501769904,-98.8665040517858,11.695136562230275,54.85307592695709,11.695136562230275,54.85307592695709,298.1873002838342,398.1873002838342,active,14.991055281838573,14.498113133236018,14.931024287583751,14.923558775439961,14.931024287583751,,87.55173297125334,1312.4928689928279,45.0,43.157939364726815,43.157939364726815,0.9590653192161515,0.49294214860255536,0.03288241817103743,-5.909436104703784,-0.13692581693401223,1.309538150940476,0.0,stop_loss,stop loss,True,False,False,False,False,13,bull_normal_volatility,True,valid_loss,,True,trend breakout
152,A_ETF_sector_momentum,v1_fixed_rules,SMH,equity_index,2011-02-25,2011-02-28,2011-02-25,2011-03-07,bull_normal_volatility,bull_normal_volatility,100.95635223388672,88.73246795654296,True,0.204766562168438,normal_volatility,weekly_momentum_rotation,ranked_momentum_risk_on,Weekly momentum rotation selected an eligible top-ranked ETF.,"{""atr_20"": 0.267488, ""bollinger_lower"": 14.626683, ""breakout_level"": 15.535525, ""close"": 15.29351, ""ema_10"": 15.174409, ""momentum_126"": 0.443687, ""momentum_63"": 0.136995, ""rank_at_signal"": 2.0, ""rank_score"": 1.417913, ""realized_vol_20"": 0.204767, ""rsi_2"": 100.0, ""score"": 1.417913, ""sma_100"": 13.67576, ""sma_200"": 12.55643, ""sma_50"": 14.510747, ""volume"": 11401800.0, ""volume_sma_20"": 14224840.0}",3456.2386133774007,3478.611207296768,3510.3444699845804,-31.733262687812385,61.64130027358233,62.806370591596455,45.0,46.16507031801412,502.35848345321995,632.35848345322,active,15.34788095286968,14.812905487538101,14.884318835057023,14.876876675639496,14.884318835057023,,2.1778014012138134,33.424636644822385,45.0,1.1650703180141242,1.1650703180141242,0.02589045151142498,0.5349754653315788,0.03485663375774044,-1.0257537749295949,-0.8804222020504342,0.03291175975735759,0.0,stop_loss,stop loss,True,False,False,False,False,5,bull_normal_volatility,True,valid_loss,,True,weekly rank score=1.4179
147,A_ETF_sector_momentum,v1_fixed_rules,XLE,equity_index,2011-01-28,2011-01-31,2011-01-28,2011-03-10,bull_low_volatility,bull_normal_volatility,97.43936157226562,87.61574119567871,True,0.15080030457141844,low_volatility,weekly_momentum_rotation,ranked_momentum_risk_on,Weekly momentum rotation selected an eligible top-ranked ETF.,"{""atr_20"": 0.310032, ""bollinger_lower"": 20.086953, ""breakout_level"": 21.457409, ""close"": 21.239368, ""ema_10"": 21.079976, ""momentum_126"": 0.332739, ""momentum_63"": 0.206525, ""rank_at_signal"": 1.0, ""rank_score"": 1.788009, ""realized_vol_20"": 0.1508, ""rsi_2"": 0.0, ""score"": 1.788009, ""sma_100"": 18.625993, ""sma_200"": 17.341147, ""sma_50"": 19.99267, ""volume"": 47383200.0, ""volume_sma_20"": 27893810.0}",3327.365348853453,3335.1189727026385,3486.1742501769904,-151.0552774743519,6.1315847955298635,44.72739777079588,6.1315847955298635,44.72739777079588,360.74411550719975,490.74411550719975,active,21.43227413331819,20.81220926392775,22.549470510699795,22.538195775444446,22.549470510699795,,62.24479869857448,1334.0475890810555,45.0,38.59581297526602,38.59581297526602,0.8576847327836894,0.6200648693904434,0.028931361438052097,68.83786999054566,1.7835579738833365,1.3684665240763283,0.0,stop_loss,stop loss,True,False,False,False,False,27,bull_normal_volatility,True,valid_win,,True,weekly rank score=1.7880
151,B_ETF_trend_following,v1_fixed_rules,XLE,equity_index,2011-02-23,2011-02-24,2011-02-23,2011-03-10,bull_normal_volatility,bull_normal_volatility,99.95694732666016,88.6045686340332,True,0.19509525235863254,normal_volatility,trend_following_breakout,trend_breakout,Trend filter and 20-day breakout conditions were met.,"{""atr_20"": 0.412035, ""bollinger_lower"": 21.202108, ""breakout_level"": 23.004585, ""close"": 23.243532, ""ema_10"": 22.666586, ""momentum_126"": 0.527734, ""momentum_63"": 0.233099, ""realized_vol_20"": 0.195095, ""rsi_2"": 67.391033, ""sma_100"": 19.671145, ""sma_200"": 17.755341, ""sma_50"": 21.127055, ""volume"": 64379400.0, ""volume_sma_20"": 35636070.0}",3456.6130552205404,3430.894864217358,3510.3444699845804,-79.44960576722224,16.641300273582335,61.64130027358233,0.0,45.0,289.4216847859681,389.4216847859681,active,23.314918436507174,22.490848938861944,22.549470510699795,22.538195775444446,22.549470510699795,,54.60704482884884,1273.1587962433016,45.0,45.0,45.0,1.0,0.8240694976452296,0.035345158932869256,-42.41452917223513,-0.9425450927163361,1.251951531657184,0.0,stop_loss,stop loss,True,False,False,False,False,10,bull_normal_volatility,True,valid_loss,,True,trend breakout
150,B_ETF_trend_following,v1_fixed_rules,GLD,commodity_alternative,2011-02-22,2011-02-23,2011-02-22,2011-03-15,bull_normal_volatility,bull_normal_volatility,100.57488250732422,88.54114288330078,True,0.14104551884893016,normal_volatility,trend_following_breakout,trend_breakout,Trend filter and 20-day breakout conditions were met.,"{""atr_20"": 1.627, ""bollinger_lower"": 128.193507, ""breakout_level"": 135.410004, ""close"": 136.289993, ""ema_10"": 134.117751, ""momentum_126"": 0.137836, ""momentum_63"": 0.030938, ""realized_vol_20"": 0.141046, ""rsi_2"": 100.0, ""sma_100"": 133.407801, ""sma_200"": 126.63495, ""sma_50"": 133.739201, ""volume"": 16676100.0, ""volume_sma_20"": 15184300.0}",3438.444502449069,3447.931544692305,3510.3444699845804,-62.412925292275304,5.2558175789970045,21.89711785257934,0.0,16.641300273582335,286.0076968408446,386.0076968408446,active,137.03848622131346,133.78448612976072,136.4787483215332,135.28233110046386,136.4787483215332,,5.114105656229855,700.8292975055962,45.0,16.641300273582335,16.641300273582335,0.3698066727462741,3.25400009155274,0.02374515496542787,-8.981162836753956,-0.5396911713089714,0.6963387160872192,0.0,stop_loss_gap,stop loss gap,True,False,False,True,False,14,bull_normal_volatility,True,valid_loss,,True,trend breakout
154,A_ETF_sector_momentum,v1_fixed_rules,SPY,equity_index,2011-03-11,2011-03-14,2011-03-11,2011-03-15,bull_normal_volatility,bull_normal_volatility,99.81961059570312,89.60187366485596,True,0.15702213662224768,normal_volatility,weekly_momentum_rotation,ranked_momentum_risk_on,Weekly momentum rotation selected an eligible top-ranked ETF.,"{""atr_20"": 1.290085, ""bollinger_lower"": 99.058776, ""breakout_level"": 102.634789, ""close"": 99.819611, ""ema_10"": 100.434572, ""momentum_126"": 0.186152, ""momentum_63"": 0.062767, ""rank_at_signal"": 2.0, ""rank_score"": 0.792624, ""realized_vol_20"": 0.157022, ""rsi_2"": 26.865244, ""score"": 0.792624, ""sma_100"": 95.82831, ""sma_200"": 89.601874, ""sma_50"": 99.420915, ""volume"": 225621800.0, ""volume_sma_20"": 185901365.0}",3372.3867200869713,3376.463591536203,3510.3444699845804,-133.88087844837764,5.785230112746728,40.029543327271625,0.0,34.2443132145249,444.04336038666906,574.0433603866691,active,99.22071630415938,96.64054576027598,96.64054576027598,96.52891782719242,96.64054576027598,,13.272112301144254,1316.868489388778,45.0,34.2443132145249,34.2443132145249,0.7609847381005533,2.5801705438833977,0.02600435312292979,-35.72585167835464,-1.0432637808954899,1.2990055635496007,0.0,stop_loss_gap,stop loss gap,True,False,False,True,False,1,bull_normal_volatility,True,valid_loss,,True,weekly rank score=0.7926
155,B_ETF_trend_following,v1_fixed_rules,BIL,bond,2011-03-15,2011-03-16,2011-03-15,2011-03-16,bull_normal_volatility,bull_normal_volatility,98.08014678955078,89.76143325805664,True,0.002484979652003104,normal_volatility,trend_following_breakout,trend_breakout,Trend filter and 20-day breakout conditions were met.,"{""atr_20"": 0.017781, ""bollinger_lower"": 74.092856, ""breakout_level"": 74.118156, ""close"": 74.134331, ""ema_10"": 74.114411, ""momentum_126"": 0.000218, ""momentum_63"": 0.000218, ""realized_vol_20"": 0.002485, ""rsi_2"": 100.0, ""sma_100"": 74.109274, ""sma_200"": 74.108871, ""sma_50"": 74.109758, ""volume"": 754300.0, ""volume_sma_20"": 268425.0}",3321.799182952742,3324.2090424362746,3510.3444699845804,-186.13542754830587,2.922671353474284,3.560343590715276,2.922671353474284,3.560343590715276,242.94032260336783,342.9403226033678,active,74.15523071405394,74.11966832066284,74.11966832066284,74.0811125424257,74.11966832066284,,17.931083271817094,1329.68361697451,45.0,0.6376722372409919,0.6376722372409919,0.014170494160910931,0.03556239339110334,0.0004795668902741818,-1.32901910742085,-2.084172761183864,1.3290191074207995,0.0,stop_loss_gap,stop loss gap,True,False,False,True,False,0,bull_normal_volatility,True,valid_loss,,True,trend breakout
153,B_ETF_trend_following,v1_fixed_rules,SHY,bond,2011-03-10,2011-03-11,2011-03-10,2011-03-24,bull_normal_volatility,bull_normal_volatility,99.1330108642578,89.5053631591797,True,0.01402649882936825,normal_volatility,trend_following_breakout,trend_breakout,Trend filter and 20-day breakout conditions were met.,"{""atr_20"": 0.072941, ""bollinger_lower"": 66.935217, ""breakout_level"": 67.275902, ""close"": 67.307968, ""ema_10"": 67.218998, ""momentum_126"": 0.00289, ""momentum_63"": 0.00247, ""realized_vol_20"": 0.014026, ""rsi_2"": 100.0, ""sma_100"": 67.238226, ""sma_200"": 67.153497, ""sma_50"": 67.178877, ""volume"": 692000.0, ""volume_sma_20"": 868745.0}",3370.598967121164,3372.900299059456,3510.3444699845804,-137.44417092512458,2.862558759272444,5.785230112746728,0.0,2.922671353474284,255.90572754819436,355.90572754819436,active,67.34159074906182,67.19570937047901,67.24387518873016,67.2102532511358,67.24387518873016,,20.034574541774965,1349.1601196237825,45.0,2.922671353474284,2.922671353474284,0.06494825229942854,0.14588137858281414,0.0021662894648036882,-2.631290892329183,-0.9003033780042609,1.3478444741776179,0.0,stop_loss,stop loss,True,False,False,False,False,9,bull_normal_volatility,True,valid_loss,,True,trend breakout
156,A_ETF_sector_momentum,v1_fixed_rules,XLE,equity_index,2011-03-18,2011-03-21,2011-03-18,2011-04-12,bull_normal_volatility,bull_normal_volatility,97.89328002929688,89.98563026428222,True,0.25322805115747493,normal_volatility,weekly_momentum_rotation,ranked_momentum_risk_on,Weekly momentum rotation selected an eligible top-ranked ETF.,"{""atr_20"": 0.543534, ""bollinger_lower"": 22.026885, ""breakout_level"": 23.548197, ""close"": 22.593544, ""ema_10"": 22.599267, ""momentum_126"": 0.409915, ""momentum_63"": 0.148432, ""rank_at_signal"": 1.0, ""rank_score"": 1.10246, ""realized_vol_20"": 0.253228, ""rsi_2"": 86.333042, ""score"": 1.10246, ""sma_100"": 20.605846, ""sma_200"": 18.345463, ""sma_50"": 22.080783, ""volume"": 48328600.0, ""volume_sma_20"": 39983310.0}",3321.594235051835,3320.1482582210456,3510.3444699845804,-190.19621176353485,2.0578757475104803,47.05787574751048,0.0,45.0,408.31750870831445,538.3175087083144,active,22.99762790872499,21.910559420089392,22.994078407370907,22.98258136816722,22.994078407370907,,41.395735844096095,952.0037299503917,45.0,45.0,45.0,1.0,1.0870684886355981,0.04726872236345641,-0.6228626182968883,-0.013841391517708627,0.9516922986412433,0.0,stop_loss,stop loss,True,False,False,False,False,16,bull_normal_volatility,True,valid_loss,,True,weekly rank score=1.1025
157,A_ETF_sector_momentum,v1_fixed_rules,IWM,equity_index,2011-03-18,2011-03-21,2011-03-18,2011-04-12,bull_normal_volatility,bull_normal_volatility,97.89328002929688,89.98563026428222,True,0.23024793742987482,normal_volatility,weekly_momentum_rotation,ranked_momentum_risk_on,Weekly momentum rotation selected an eligible top-ranked ETF.,"{""atr_20"": 1.360073, ""bollinger_lower"": 63.367801, ""breakout_level"": 67.779884, ""close"": 64.616524, ""ema_10"": 64.89072, ""momentum_126"": 0.227117, ""momentum_63"": 0.026225, ""rank_at_signal"": 2.0, ""rank_score"": 0.550152, ""realized_vol_20"": 0.230248, ""rsi_2"": 100.0, ""score"": 0.550152, ""sma_100"": 62.9699, ""sma_200"": 57.612873, ""sma_50"": 65.243985, ""volume"": 70017700.0, ""volume_sma_20"": 73509385.0}",3321.594235051835,3331.830260052492,3510.3444699845804,-178.5142099320883,47.05787574751048,89.4170009877399,45.0,87.35912524022942,419.999510539761,549.999510539761,active,65.47867326167429,62.75852664602713,67.0654990611401,67.03196631160954,67.0654990611401,,15.572368414469311,1019.6580233214529,45.0,42.359125240229424,42.359125240229424,0.9413138942273206,2.7201466156471596,0.04154248215715307,24.18845162922637,0.5710328410241591,1.031752249136066,0.0,stop_loss,stop loss,True,False,False,False,False,16,bull_normal_volatility,True,valid_win,,True,weekly rank score=0.5502
158,B_ETF_trend_following,v1_fixed_rules,XLE,equity_index,2011-03-29,2011-03-30,2011-03-29,2011-04-12,bull_normal_volatility,bull_normal_volatility,101.03482055664062,90.65638542175293,True,0.24623099743937904,normal_volatility,trend_following_breakout,trend_breakout,Trend filter and 20-day breakout conditions were met.,"{""atr_20"": 0.504094, ""bollinger_lower"": 21.987812, ""breakout_level"": 23.58252, ""close"": 23.813274, ""ema_10"": 23.289767, ""momentum_126"": 0.444222, ""momentum_63"": 0.18255, ""realized_vol_20"": 0.246231, ""rsi_2"": 83.476668, ""sma_100"": 21.007632, ""sma_200"": 18.623223, ""sma_50"": 22.472257, ""volume"": 33912800.0, ""volume_sma_20"": 35554030.0}",3383.141346549863,3403.541686749505,3510.3444699845804,-106.80278323507537,35.543912627751,80.543912627751,35.543912627751,80.543912627751,236.92186217039128,336.92186217039125,active,23.98109217264437,22.972905130263925,22.994078407370907,22.98258136816722,22.994078407370907,,44.63457484411805,1070.3858534235887,45.0,45.0,45.0,1.0,1.0081870423804453,0.0420409143637962,-44.56810523509585,-0.9904023385576856,1.0481018008060408,0.0,stop_loss,stop loss,True,False,False,False,False,9,bull_normal_volatility,True,valid_loss,,True,trend breakout
160,B_ETF_trend_following,v1_fixed_rules,XLV,equity_index,2011-04-14,2011-04-15,2011-04-14,2011-05-23,bull_low_volatility,bull_low_volatility,100.8049087524414,91.82278305053711,True,0.06614228179371062,low_volatility,trend_following_breakout,trend_breakout,Trend filter and 20-day breakout conditions were met.,"{""atr_20"": 0.216485, ""bollinger_lower"": 24.829569, ""breakout_level"": 26.024891, ""close"": 26.110331, ""ema_10"": 25.904279, ""momentum_126"": 0.094403, ""momentum_63"": 0.050815, ""realized_vol_20"": 0.066142, ""rsi_2"": 85.713785, ""sma_100"": 24.848977, ""sma_200"": 23.878838, ""sma_50"": 25.314904, ""volume"": 8316200.0, ""volume_sma_20"": 6493215.0}",3304.432387646861,3305.6319483815737,3510.3444699845804,-204.71252160300673,0.0,21.80485247859781,0.0,21.80485247859781,200.7976395377374,300.7976395377374,active,26.25546882798987,25.82249819371294,27.590789811739985,27.576994416834115,27.590789811739985,,50.361042418066845,1322.2527793526297,45.0,21.80485247859781,21.80485247859781,0.48455227730217354,0.4329706342769306,0.01649068379290788,66.55340623634582,3.0522291449424026,1.3555294824708026,0.0,stop_loss,stop loss,True,False,False,False,False,25,bull_low_volatility,True,valid_win,,True,trend breakout
162,A_ETF_sector_momentum,v1_fixed_rules,XLV,equity_index,2011-04-15,2011-04-18,2011-04-15,2011-05-23,bull_low_volatility,bull_low_volatility,101.1727294921875,91.94078880310059,True,0.06945233383045218,low_volatility,weekly_momentum_rotation,ranked_momentum_risk_on,Weekly momentum rotation selected an eligible top-ranked ETF.,"{""atr_20"": 0.21629, ""bollinger_lower"": 24.933384, ""breakout_level"": 26.110331, ""close"": 26.343307, ""ema_10"": 25.984102, ""momentum_126"": 0.09956, ""momentum_63"": 0.058873, ""rank_at_signal"": 2.0, ""rank_score"": 1.14059, ""realized_vol_20"": 0.069452, ""rsi_2"": 100.0, ""score"": 1.14059, ""sma_100"": 24.873906, ""sma_200"": 23.903582, ""sma_50"": 25.344198, ""volume"": 9761800.0, ""volume_sma_20"": 6146505.0}",3310.0555952227187,3295.5468451313254,3510.3444699845804,-214.797624853255,40.30281097420988,46.60253266282798,40.30281097420988,46.60253266282798,433.805779228116,563.8057792281161,active,26.185530404522986,25.752949481065915,27.590789811739985,27.576994416834115,27.590789811739985,,14.563105645696112,381.3426456696559,45.0,6.299721688618102,6.299721688618102,0.1399938153026245,0.43258092345707055,0.016519845761167072,20.26403741347117,3.216655975466792,0.3914746643763915,0.0,stop_loss,stop loss,True,False,False,False,False,24,bull_low_volatility,True,valid_win,,True,weekly rank score=1.1406
159,B_ETF_trend_following,v1_fixed_rules,XLP,equity_index,2011-03-29,2011-03-30,2011-03-29,2011-05-25,bull_normal_volatility,bull_normal_volatility,101.03482055664062,90.65638542175293,True,0.11278611217641908,normal_volatility,trend_following_breakout,trend_breakout,Trend filter and 20-day breakout conditions were met.,"{""atr_20"": 0.195234, ""bollinger_lower"": 19.257002, ""breakout_level"": 19.879507, ""close"": 19.932495, ""ema_10"": 19.735082, ""momentum_126"": 0.078105, ""momentum_63"": 0.022145, ""realized_vol_20"": 0.112786, ""rsi_2"": 93.33587, ""sma_100"": 19.390663, ""sma_200"": 18.646626, ""sma_50"": 19.591905, ""volume"": 3786100.0, ""volume_sma_20"": 8113710.0}",3383.141346549863,3403.4080393615614,3510.3444699845804,-106.93643062301908,80.543912627751,85.93444017408623,80.543912627751,85.93444017408623,236.78821478244754,336.78821478244754,active,20.002644892738573,19.612177569882874,21.264332123757587,21.25369995769571,21.264332123757587,,13.805323085454113,276.1429753078646,45.0,5.3905275463352424,5.3905275463352424,0.11978950102967205,0.39046732285569874,0.019520784623709812,17.27121936942704,3.2039942697573083,0.28477858499257813,0.0,stop_loss,stop loss,True,False,False,False,False,39,bull_normal_volatility,True,valid_win,,True,trend breakout
161,A_ETF_sector_momentum,v1_fixed_rules,XLP,equity_index,2011-04-15,2011-04-18,2011-04-15,2011-05-25,bull_low_volatility,bull_low_volatility,101.1727294921875,91.94078880310059,True,0.06002863819065179,low_volatility,weekly_momentum_rotation,ranked_momentum_risk_on,Weekly momentum rotation selected an eligible top-ranked ETF.,"{""atr_20"": 0.143712, ""bollinger_lower"": 19.528806, ""breakout_level"": 20.527393, ""close"": 20.614285, ""ema_10"": 20.340339, ""momentum_126"": 0.093546, ""momentum_63"": 0.057467, ""rank_at_signal"": 1.0, ""rank_score"": 1.257847, ""realized_vol_20"": 0.060029, ""rsi_2"": 100.0, ""score"": 1.257847, ""sma_100"": 19.55667, ""sma_200"": 18.848946, ""sma_50"": 19.801444, ""volume"": 8840800.0, ""volume_sma_20"": 5934255.0}",3310.0555952227187,3293.624163622453,3510.3444699845804,-216.7203063621273,21.80485247859781,40.30281097420988,21.80485247859781,40.30281097420988,431.88309771924395,561.883097719244,active,20.470781140366245,20.183356375809336,21.264332123757587,21.25369995769571,21.264332123757587,,64.35756683711048,1317.4496654489815,45.0,18.497958495612075,18.497958495612075,0.411065744346935,0.2874247645569099,0.01404073262207558,50.38675011431242,2.7239087019394455,1.3426430405061378,0.0,stop_loss,stop loss,True,False,False,False,False,26,bull_low_volatility,True,valid_win,,True,weekly rank score=1.2578
164,B_ETF_trend_following,v1_fixed_rules,GLD,commodity_alternative,2011-06-01,2011-06-02,2011-06-01,2011-06-23,bull_normal_volatility,bull_normal_volatility,101.0424575805664,95.05464218139649,True,0.15885356108496618,normal_volatility,trend_following_breakout,trend_breakout,Trend filter and 20-day breakout conditions were met.,"{""atr_20"": 1.949998, ""bollinger_lower"": 143.610519, ""breakout_level"": 149.880005, ""close"": 149.910004, ""ema_10"": 148.475524, ""momentum_126"": 0.107, ""momentum_63"": 0.071398, ""realized_vol_20"": 0.158854, ""rsi_2"": 81.819023, ""sma_100"": 139.8626, ""sma_200"": 135.14945, ""sma_50"": 144.9938, ""volume"": 18365400.0, ""volume_sma_20"": 17641710.0}",3454.1965923280013,3453.372900746148,3526.160011226132,-72.78711047998422,0.15274274952374042,36.01398448037309,0.0,35.86124173084935,277.88780437452795,377.88780437452795,active,150.22506889343262,146.32507194519044,147.5937557220459,147.51995884418488,147.5937557220459,,9.195197382657668,1381.3491602984595,45.0,35.86124173084935,35.86124173084935,0.7969164829077633,3.899996948242176,0.025961026192031736,-24.874020844643738,-0.6936185041034443,1.3689121498761376,0.0,stop_loss,stop loss,True,False,False,False,False,15,bull_normal_volatility,True,valid_loss,,True,trend breakout
163,B_ETF_trend_following,v1_fixed_rules,SHY,bond,2011-05-23,2011-05-24,2011-05-23,2011-06-28,bull_normal_volatility,bull_low_volatility,101.18804168701172,94.48946594238281,True,0.007301417569853273,normal_volatility,trend_following_breakout,trend_breakout,Trend filter and 20-day breakout conditions were met.,"{""atr_20"": 0.056203, ""bollinger_lower"": 67.443116, ""breakout_level"": 67.647614, ""close"": 67.655647, ""ema_10"": 67.615286, ""momentum_126"": 0.005777, ""momentum_63"": 0.007096, ""realized_vol_20"": 0.007301, ""rsi_2"": 100.0, ""sma_100"": 67.287673, ""sma_200"": 67.283049, ""sma_50"": 67.393602, ""volume"": 708400.0, ""volume_sma_20"": 940465.0}",3467.515591347424,3465.947676168523,3526.160011226132,-60.21233505760938,0.0,2.3027668150648672,0.0,2.3027668150648672,278.7012928163731,378.7012928163731,active,67.67340908042696,67.5610039785235,67.80449060040841,67.77058835510822,67.80449060040841,,20.486319358017813,1386.3790704674093,45.0,2.3027668150648672,2.3027668150648672,0.05117259589033038,0.11240510190346242,0.0016609936373956533,1.9908456561006742,0.8645450520983792,1.3873744932954595,0.0,stop_loss,stop loss,True,False,False,False,False,24,bull_low_volatility,True,valid_win,,True,trend breakout
165,A_ETF_sector_momentum,v1_fixed_rules,SHY,bond,2011-06-03,2011-06-06,2011-06-03,2011-06-28,sideways_normal_volatility,sideways_normal_volatility,99.9314422607422,95.23094612121582,True,0.007503099329284216,normal_volatility,weekly_momentum_rotation,ranked_momentum_risk_on,Weekly momentum rotation selected an eligible top-ranked ETF.,"{""atr_20"": 0.052046, ""bollinger_lower"": 67.51771, ""breakout_level"": 67.797058, ""close"": 67.780968, ""ema_10"": 67.726617, ""momentum_126"": 0.008072, ""momentum_63"": 0.007747, ""rank_at_signal"": 1.0, ""rank_score"": 1.054228, ""realized_vol_20"": 0.007503, ""rsi_2"": 37.492587, ""score"": 1.054228, ""sma_100"": 67.331443, ""sma_200"": 67.305802, ""sma_50"": 67.455476, ""volume"": 975500.0, ""volume_sma_20"": 978435.0}",3453.8203611460285,3456.376269165801,3526.160011226132,-69.78374206033095,35.93187753905797,36.98180123880962,0.07063580820861845,1.120559507960264,502.5338852470275,632.5338852470275,active,67.80684788694371,67.7027561373302,67.80449060040841,67.77058835510822,67.80449060040841,,10.086521781504484,683.935248146819,45.0,1.0499236997516455,1.0499236997516455,0.023331637772258787,0.10409174961351653,0.0015351214937327814,-0.3657325576459026,-0.3483420345044263,0.6837523818679961,0.0,stop_loss,stop loss,True,False,False,False,False,16,sideways_normal_volatility,True,valid_loss,,True,weekly rank score=1.0542
166,B_ETF_trend_following,v1_fixed_rules,IEF,bond,2011-06-23,2011-06-24,2011-06-23,2011-06-28,sideways_normal_volatility,sideways_normal_volatility,98.79441833496094,96.44091304779053,True,0.07196599540026276,normal_volatility,trend_following_breakout,trend_breakout,Trend filter and 20-day breakout conditions were met.,"{""atr_20"": 0.379428, ""bollinger_lower"": 69.645684, ""breakout_level"": 70.674301, ""close"": 70.761253, ""ema_10"": 70.441089, ""momentum_126"": 0.058038, ""momentum_63"": 0.053307, ""realized_vol_20"": 0.071966, ""rsi_2"": 92.719199, ""sma_100"": 67.929191, ""sma_200"": 68.344242, ""sma_50"": 69.117549, ""volume"": 1264700.0, ""volume_sma_20"": 1444865.0}",3432.417283426698,3433.645589864692,3526.160011226132,-92.51442136144033,0.39855064144346947,14.930926922547956,0.39855064144346947,14.930926922547956,256.80042033321905,356.80042033321905,active,70.83288836585288,70.07403171093142,70.10788714416296,70.07283320059088,70.10788714416296,,19.150357563390642,1356.4751394538157,45.0,14.532376281104487,14.532376281104487,0.32294169513565524,0.758856654921459,0.01071333772247086,-14.555328182669317,-1.0015793632865586,1.3491974753624811,0.0,stop_loss,stop loss,True,False,False,False,False,2,sideways_normal_volatility,True,valid_loss,,True,trend breakout
169,A_ETF_sector_momentum,v1_fixed_rules,XLV,equity_index,2011-07-01,2011-07-05,2011-07-01,2011-07-11,bull_normal_volatility,bull_normal_volatility,103.1219711303711,96.90417938232422,True,0.13819641499992644,normal_volatility,weekly_momentum_rotation,ranked_momentum_risk_on,Weekly momentum rotation selected an eligible top-ranked ETF.,"{""atr_20"": 0.314195, ""bollinger_lower"": 26.822511, ""breakout_level"": 27.728907, ""close"": 28.064501, ""ema_10"": 27.565367, ""momentum_126"": 0.152409, ""momentum_63"": 0.085824, ""rank_at_signal"": 1.0, ""rank_score"": 0.861935, ""realized_vol_20"": 0.138196, ""rsi_2"": 100.0, ""score"": 0.861935, ""sma_100"": 26.47335, ""sma_200"": 25.300067, ""sma_50"": 27.525308, ""volume"": 10374800.0, ""volume_sma_20"": 10515255.0}",3463.5315303421257,3461.522019482448,3526.160011226132,-64.63799174368432,36.2430342786929,51.520297564801,36.2430342786929,51.520297564801,502.1681526893816,632.1681526893816,active,28.10194597063301,27.473556216190715,27.473556216190715,27.459819438082622,27.473556216190715,,24.311763802811953,683.2078728374129,45.0,15.277263286108093,15.277263286108093,0.33949473969129096,0.6283897544422956,0.022361076172410732,-15.611228590883696,-1.0218602833846089,0.675402258541971,0.0,stop_loss,stop loss,True,False,False,False,False,4,bull_normal_volatility,True,valid_loss,,True,weekly rank score=0.8619
168,B_ETF_trend_following,v1_fixed_rules,XLY,equity_index,2011-06-29,2011-06-30,2011-06-29,2011-07-15,sideways_normal_volatility,sideways_normal_volatility,100.65786743164062,96.7339737701416,True,0.18343581540198844,normal_volatility,trend_following_breakout,trend_breakout,Trend filter and 20-day breakout conditions were met.,"{""atr_20"": 0.247884, ""bollinger_lower"": 15.61745, ""breakout_level"": 16.639658, ""close"": 16.71509, ""ema_10"": 16.337989, ""momentum_126"": 0.069355, ""momentum_63"": 0.021455, ""realized_vol_20"": 0.183436, ""rsi_2"": 100.0, ""sma_100"": 16.378815, ""sma_200"": 15.676847, ""sma_50"": 16.52989, ""volume"": 25746600.0, ""volume_sma_20"": 18929270.0}",3413.8592429838295,3412.7691823822115,3526.160011226132,-113.39082884392064,27.494736224826568,67.86221866313889,27.494736224826568,67.86221866313889,237.6498185682379,337.6498185682379,active,16.765375189647376,16.269607711411858,16.799953709580812,16.791553732726022,16.799953709580812,,81.42422448116993,1365.1076729528847,45.0,40.36748243831232,40.36748243831232,0.8970551652958294,0.4957674782355177,0.029570914615835994,2.1315675682257105,0.05280407495025411,1.3661734567369979,0.0,stop_loss,stop loss,True,False,False,False,False,10,sideways_normal_volatility,True,valid_win,,True,trend breakout
167,B_ETF_trend_following,v1_fixed_rules,XLU,equity_index,2011-06-29,2011-06-30,2011-06-29,2011-07-18,sideways_normal_volatility,sideways_normal_volatility,100.65786743164062,96.7339737701416,True,0.09640165686230906,normal_volatility,trend_following_breakout,trend_breakout,Trend filter and 20-day breakout conditions were met.,"{""atr_20"": 0.102553, ""bollinger_lower"": 9.872204, ""breakout_level"": 10.09348, ""close"": 10.157323, ""ema_10"": 10.048241, ""momentum_126"": 0.08615, ""momentum_63"": 0.056356, ""realized_vol_20"": 0.096402, ""rsi_2"": 100.0, ""sma_100"": 9.776937, ""sma_200"": 9.546582, ""sma_50"": 10.030647, ""volume"": 11853800.0, ""volume_sma_20"": 13009460.0}",3413.8592429838295,3413.8592429838295,3526.160011226132,-112.30076824230264,0.0,27.494736224826568,0.0,27.494736224826568,238.73987916985593,338.73987916985595,active,10.186736756740672,9.98163043850717,10.045113031777328,10.04009047526144,10.045113031777328,,134.05114216679223,1365.543697193532,45.0,27.494736224826568,27.494736224826568,0.6109941383294792,0.20510631823350245,0.02013464401127097,-19.658101526803897,-0.7149769092548512,1.3557146464301297,0.0,stop_loss,stop loss,True,False,False,False,False,11,sideways_normal_volatility,True,valid_loss,,True,trend breakout
170,A_ETF_sector_momentum,v1_fixed_rules,GLD,commodity_alternative,2011-07-15,2011-07-18,2011-07-15,2011-08-12,sideways_normal_volatility,sideways_normal_volatility,101.40479278564452,97.61768081665039,True,0.1360643602172558,normal_volatility,weekly_momentum_rotation,ranked_momentum_risk_on,Weekly momentum rotation selected an eligible top-ranked ETF.,"{""atr_20"": 1.665002, ""bollinger_lower"": 143.554409, ""breakout_level"": 154.539993, ""close"": 155.199997, ""ema_10"": 151.881023, ""momentum_126"": 0.157777, ""momentum_63"": 0.079202, ""rank_at_signal"": 1.0, ""rank_score"": 0.870833, ""realized_vol_20"": 0.136064, ""rsi_2"": 100.0, ""score"": 0.870833, ""sma_100"": 145.1178, ""sma_200"": 139.2628, ""sma_50"": 148.589399, ""volume"": 18448400.0, ""volume_sma_20"": 15915535.0}",3394.3987031967545,3381.357757226894,3526.160011226132,-144.80225399923802,18.98482208925186,47.88648086351476,0.0,28.901658774262902,486.5569240984979,616.5569240984979,active,155.83787450408934,152.50787114715575,168.09250259399414,168.00845634269714,168.09250259399414,,8.67916805972136,1352.5431028907578,45.0,28.901658774262902,28.901658774262902,0.642259083872509,3.330003356933588,0.021368382798664296,105.63052516186968,3.6548256965767756,1.4053583654716926,0.0,stop_loss,stop loss,True,False,False,False,False,19,sideways_normal_volatility,True,valid_win,,True,weekly rank score=0.8708
172,B_ETF_trend_following,v1_fixed_rules,GLD,commodity_alternative,2011-07-18,2011-07-19,2011-07-18,2011-08-12,sideways_normal_volatility,sideways_normal_volatility,100.57315826416016,97.68746761322022,True,0.13730621437388707,normal_volatility,trend_following_breakout,trend_breakout,Trend filter and 20-day breakout conditions were met.,"{""atr_20"": 1.661002, ""bollinger_lower"": 143.142052, ""breakout_level"": 155.199997, ""close"": 156.570007, ""ema_10"": 152.733565, ""momentum_126"": 0.179968, ""momentum_63"": 0.079421, ""realized_vol_20"": 0.137306, ""rsi_2"": 100.0, ""sma_100"": 145.3084, ""sma_200"": 139.4061, ""sma_50"": 148.8514, ""volume"": 17133400.0, ""volume_sma_20"": 15811950.0}",3386.815596840479,3370.2383540623487,3526.160011226132,-155.9216571637835,30.19353214290444,58.78106836831026,28.901658774262902,57.489194999668726,221.21334521127773,321.2133452112777,active,156.39816732788086,153.07616262817382,168.09250259399414,168.00845634269714,168.09250259399414,,8.605507459976476,1345.8855956667278,45.0,28.58753622540582,28.58753622540582,0.635278582786796,3.322004699707037,0.021240688151688007,99.9124287294845,3.494964656684617,1.3958418100314702,0.0,stop_loss,stop loss,True,False,False,False,False,18,sideways_normal_volatility,True,valid_win,,True,trend breakout
171,A_ETF_sector_momentum,v1_fixed_rules,SHY,bond,2011-07-15,2011-07-18,2011-07-15,2011-09-21,sideways_normal_volatility,sideways_normal_volatility,101.40479278564452,97.61768081665039,True,0.011629142812116631,normal_volatility,weekly_momentum_rotation,ranked_momentum_risk_on,Weekly momentum rotation selected an eligible top-ranked ETF.,"{""atr_20"": 0.064316, ""bollinger_lower"": 67.720588, ""breakout_level"": 67.941689, ""close"": 67.910477, ""ema_10"": 67.871628, ""momentum_126"": 0.00966, ""momentum_63"": 0.009949, ""rank_at_signal"": 2.0, ""rank_score"": 0.843103, ""realized_vol_20"": 0.011629, ""rsi_2"": 39.981043, ""score"": 0.843103, ""sma_100"": 67.528532, ""sma_200"": 67.39391, ""sma_50"": 67.762722, ""volume"": 607500.0, ""volume_sma_20"": 1583985.0}",3394.3987031967545,3387.712061014835,3526.160011226132,-138.4479502112972,47.88648086351476,49.1783542321563,0.0,1.2918733686415378,492.9112278864388,622.9112278864388,active,67.93638372958542,67.80775096776631,68.13074899728755,68.09668362278892,68.13074899728755,,10.043113048122876,682.2927818768819,45.0,1.2918733686415378,1.2918733686415378,0.02870829708092306,0.1286327618191052,0.001893429628681977,1.6099099490447812,1.2461824727741488,0.6830977368514043,0.0,stop_loss,stop loss,True,False,False,False,False,46,sideways_normal_volatility,True,valid_win,,True,weekly rank score=0.8431
174,B_ETF_trend_following,v1_fixed_rules,GLD,commodity_alternative,2011-10-27,2011-10-28,2011-10-27,2011-11-01,sideways_high_volatility,sideways_high_volatility,99.56095886230467,97.95282096862793,True,0.2074525241050979,high_volatility,trend_following_breakout,trend_breakout,Trend filter and 20-day breakout conditions were met.,"{""atr_20"": 3.188499, ""bollinger_lower"": 155.674746, ""breakout_level"": 167.399994, ""close"": 169.550003, ""ema_10"": 163.953878, ""momentum_126"": 0.112752, ""momentum_63"": 0.071135, ""realized_vol_20"": 0.207453, ""rsi_2"": 100.0, ""sma_100"": 162.3265, ""sma_200"": 151.4073, ""sma_50"": 169.1506, ""volume"": 15876900.0, ""volume_sma_20"": 13517800.0}",3587.8743442747664,3576.179309113162,3702.4282402002254,-126.24893108706328,44.0738108215882,89.0738108215882,0.0,45.0,309.43073877915805,409.43073877915805,active,169.72481938934325,163.34782201385497,163.34782201385497,163.94798377990725,163.34782201385497,,7.056612595289699,1197.6822982361089,45.0,45.0,45.0,1.0,6.376997375488287,0.037572568339929474,-40.76489092246416,-0.905886464943648,1.1772998527748766,0.0,trend_exit,trend exit,False,False,False,False,False,2,sideways_high_volatility,True,valid_loss,,True,trend breakout
173,B_ETF_trend_following,v1_fixed_rules,XLU,equity_index,2011-10-27,2011-10-28,2011-10-27,2011-11-01,sideways_high_volatility,sideways_high_volatility,99.56095886230467,97.95282096862793,True,0.18718759375694619,high_volatility,trend_following_breakout,trend_breakout,Trend filter and 20-day breakout conditions were met.,"{""atr_20"": 0.166461, ""bollinger_lower"": 9.982518, ""breakout_level"": 10.712496, ""close"": 10.841484, ""ema_10"": 10.581276, ""momentum_126"": 0.086366, ""momentum_63"": 0.075079, ""realized_vol_20"": 0.187188, ""rsi_2"": 100.0, ""sma_100"": 10.149091, ""sma_200"": 9.922409, ""sma_50"": 10.274733, ""volume"": 26382000.0, ""volume_sma_20"": 20411090.0}",3587.8743442747664,3587.8743442747664,3702.4282402002254,-114.55389592545907,0.0,44.0738108215882,0.0,44.0738108215882,321.1257739407622,421.1257739407622,active,10.84076371589934,10.507841124882107,10.507841124882107,10.502587204319667,10.507841124882107,,132.38456028748968,1435.149737709907,45.0,44.0738108215882,44.0738108215882,0.9794180182575155,0.3329225910172333,0.03071025250084185,-44.76934878503224,-1.0157812077167458,1.4127650633173907,0.0,stop_loss,stop loss,True,False,False,False,False,2,sideways_high_volatility,True,valid_loss,,True,trend breakout
176,B_ETF_trend_following,v1_fixed_rules,XLU,equity_index,2011-11-08,2011-11-09,2011-11-08,2011-11-21,sideways_normal_volatility,sideways_high_volatility,98.98045349121094,97.91632316589356,True,0.1693625733653606,normal_volatility,trend_following_breakout,trend_breakout,Trend filter and 20-day breakout conditions were met.,"{""atr_20"": 0.15694, ""bollinger_lower"": 10.27666, ""breakout_level"": 10.841484, ""close"": 10.872197, ""ema_10"": 10.721835, ""momentum_126"": 0.071033, ""momentum_63"": 0.168673, ""realized_vol_20"": 0.169363, ""rsi_2"": 100.0, ""sma_100"": 10.209772, ""sma_200"": 9.971434, ""sma_50"": 10.388816, ""volume"": 12198800.0, ""volume_sma_20"": 16789770.0}",3502.4052256428586,3502.6314123492452,3702.4282402002254,-199.7968278509802,0.8526204770124056,41.766194558144235,0.0,40.91357408113183,235.59153423326583,335.59153423326586,active,10.748580131793325,10.434699810316568,10.454125072271612,10.448898009735476,10.454125072271612,,130.34768757926562,1401.0525649396982,45.0,40.91357408113183,40.91357408113183,0.9091905351362628,0.3138803214767574,0.02920202646564711,-39.062871619087844,-0.9547655636641759,1.3815211291301543,0.0,stop_loss,stop loss,True,False,False,False,False,8,sideways_high_volatility,True,valid_loss,,True,trend breakout
177,A_ETF_sector_momentum,v1_fixed_rules,TLT,bond,2011-11-11,2011-11-14,2011-11-11,2011-11-30,sideways_high_volatility,sideways_high_volatility,98.0361785888672,97.8865771484375,True,0.2964167761362807,high_volatility,weekly_momentum_rotation,ranked_momentum_risk_on,Weekly momentum rotation selected an eligible top-ranked ETF.,"{""atr_20"": 1.581686, ""bollinger_lower"": 74.284136, ""breakout_level"": 80.10202, ""close"": 77.553787, ""ema_10"": 77.932654, ""momentum_126"": 0.232201, ""momentum_63"": 0.115736, ""rank_at_signal"": 1.0, ""rank_score"": 0.586905, ""realized_vol_20"": 0.296417, ""rsi_2"": 0.0, ""score"": 0.586905, ""sma_100"": 72.244431, ""sma_200"": 66.618009, ""sma_50"": 77.54917, ""volume"": 2483900.0, ""volume_sma_20"": 10987780.0}",3516.804026731249,3500.442864059071,3702.4282402002254,-201.98537614115457,40.7291064258136,85.7291064258136,0.796329478528651,45.79632947852865,594.201599928477,724.201599928477,active,78.08905584047152,74.92568365723275,78.74837624725166,78.70900205912804,78.74837624725166,,14.22532582110763,1110.842262393375,45.0,45.0,45.0,1.0,3.1633721832387636,0.04050980190746871,8.81893695195267,0.19597637671005935,1.1152517308693515,0.0,stop_loss,stop loss,True,False,False,False,False,11,sideways_high_volatility,True,valid_win,,True,weekly rank score=0.5869
179,B_ETF_trend_following,v1_fixed_rules,SHY,bond,2011-12-07,2011-12-08,2011-12-07,2011-12-14,sideways_normal_volatility,sideways_normal_volatility,98.0903549194336,97.38908306121826,True,0.0035973619043601396,normal_volatility,trend_following_breakout,trend_breakout,Trend filter and 20-day breakout conditions were met.,"{""atr_20"": 0.028625, ""bollinger_lower"": 68.122245, ""breakout_level"": 68.165634, ""close"": 68.181725, ""ema_10"": 68.158606, ""momentum_126"": 0.006031, ""momentum_63"": 2.4e-05, ""realized_vol_20"": 0.003597, ""rsi_2"": 100.0, ""sma_100"": 68.102938, ""sma_200"": 67.819473, ""sma_50"": 68.11252, ""volume"": 1330000.0, ""volume_sma_20"": 1805425.0}",3478.6160753286185,3462.6281716503345,3702.4282402002254,-239.80006854989097,38.048472530886286,38.99508980818029,0.3167528342673913,1.263370111561396,186.26040975701542,286.2604097570154,active,68.22394477844237,68.16669513515716,68.16669513515716,68.123482321307,68.16669513515716,,16.534902629488165,1128.0762839111221,45.0,0.9466172772940047,0.9466172772940047,0.021035939495422325,0.057249643285217644,0.0008391429647044915,-1.6611369466526156,-1.7548136786612782,1.127245715437796,0.0,stop_loss_gap,stop loss gap,True,False,False,True,False,4,sideways_normal_volatility,True,valid_loss,,True,trend breakout
175,A_ETF_sector_momentum,v1_fixed_rules,SHY,bond,2011-10-28,2011-10-31,2011-10-28,2011-12-22,sideways_high_volatility,sideways_high_volatility,99.53775787353516,97.96083377838134,True,0.006778141384194305,high_volatility,weekly_momentum_rotation,ranked_momentum_risk_on,Weekly momentum rotation selected an eligible top-ranked ETF.,"{""atr_20"": 0.040291, ""bollinger_lower"": 67.99761, ""breakout_level"": 68.122902, ""close"": 68.066414, ""ema_10"": 68.073862, ""momentum_126"": 0.008464, ""momentum_63"": 0.002166, ""rank_at_signal"": 1.0, ""rank_score"": 0.784138, ""realized_vol_20"": 0.006778, ""rsi_2"": 39.948868, ""score"": 0.784138, ""sma_100"": 68.020072, ""sma_200"": 67.684444, ""sma_50"": 68.118427, ""volume"": 2016000.0, ""volume_sma_20"": 1968560.0}",3575.439604833976,3552.844531290285,3702.4282402002254,-149.58370890994047,89.0738108215882,90.20337157264991,0.0,1.1295607510617198,593.7973592094124,723.7973592094124,active,68.13275965515386,68.0521767422328,68.133399188768,68.09933248917362,68.133399188768,,14.017373039967671,955.0423083287508,45.0,1.1295607510617198,1.1295607510617198,0.025101350023593774,0.08058291292105935,0.0011827337293971432,-0.46856105521397623,-0.41481704704555,0.9548080278011438,0.0,stop_loss,stop loss,True,False,False,False,False,37,sideways_high_volatility,True,valid_loss,,True,weekly rank score=0.7841
180,B_ETF_trend_following,v1_fixed_rules,XLU,equity_index,2011-12-22,2011-12-23,2011-12-22,2012-01-05,sideways_normal_volatility,sideways_normal_volatility,97.5751953125,97.11934810638428,True,0.17826650540135913,normal_volatility,trend_following_breakout,trend_breakout,Trend filter and 20-day breakout conditions were met.,"{""atr_20"": 0.159523, ""bollinger_lower"": 10.352822, ""breakout_level"": 11.034345, ""close"": 11.046765, ""ema_10"": 10.825787, ""momentum_126"": 0.107793, ""momentum_63"": 0.076576, ""realized_vol_20"": 0.178267, ""rsi_2"": 100.0, ""sma_100"": 10.368366, ""sma_200"": 10.148671, ""sma_50"": 10.652048, ""volume"": 8170800.0, ""volume_sma_20"": 14021290.0}",3501.144703485802,3511.244938512489,3702.4282402002254,-191.18330168773628,15.115520489586391,55.52288646735383,15.115520489586391,55.52288646735383,236.1459922817458,336.1459922817458,active,11.089574355580796,10.77052762331733,10.901895845236265,10.895352480872445,10.901895845236265,,126.65030508571199,1404.4979754049957,45.0,40.40736597776744,40.40736597776744,0.8979414661726098,0.319046732263466,0.028769970968534668,-24.598259686131563,-0.6087568217058688,1.3921988455619299,0.0,stop_loss_gap,stop loss gap,True,False,False,True,False,7,sideways_normal_volatility,True,valid_loss,,True,trend breakout
181,A_ETF_sector_momentum,v1_fixed_rules,TLT,bond,2011-12-23,2011-12-27,2011-12-23,2012-01-20,sideways_normal_volatility,sideways_normal_volatility,98.44759368896484,97.11248802185058,True,0.20080287586485238,normal_volatility,weekly_momentum_rotation,ranked_momentum_risk_on,Weekly momentum rotation selected an eligible top-ranked ETF.,"{""atr_20"": 1.324425, ""bollinger_lower"": 77.743151, ""breakout_level"": 83.270905, ""close"": 79.506332, ""ema_10"": 80.557002, ""momentum_126"": 0.258098, ""momentum_63"": 0.002357, ""rank_at_signal"": 2.0, ""rank_score"": 0.648534, ""realized_vol_20"": 0.200803, ""rsi_2"": 27.322398, ""score"": 0.648534, ""sma_100"": 77.013131, ""sma_200"": 69.715493, ""sma_50"": 78.957747, ""volume"": 5409700.0, ""volume_sma_20"": 8606950.0}",3514.869698676697,3528.9104648209614,3702.4282402002254,-173.5177753792641,45.6032666700391,68.12055916474976,0.0,22.517292494710667,602.1477351061511,732.1477351061511,active,79.57984951573789,76.93099984407917,79.22746292828103,79.1878491968169,79.22746292828103,,8.50078157912609,676.4909188330109,45.0,22.517292494710667,22.517292494710667,0.5003842776602371,2.6488496716587235,0.03328543202553909,-3.3323090900951224,-0.14798888857876163,0.6748247642879635,0.0,stop_loss,stop loss,True,False,False,False,False,16,sideways_normal_volatility,True,valid_loss,,True,weekly rank score=0.6485
178,B_ETF_trend_following,v1_fixed_rules,XLP,equity_index,2011-12-05,2011-12-06,2011-12-05,2012-01-25,sideways_normal_volatility,sideways_normal_volatility,97.69557189941406,97.41265777587891,True,0.17996332254212258,normal_volatility,trend_following_breakout,trend_breakout,Trend filter and 20-day breakout conditions were met.,"{""atr_20"": 0.293881, ""bollinger_lower"": 20.467972, ""breakout_level"": 21.625824, ""close"": 21.64617, ""ema_10"": 21.285345, ""momentum_126"": 0.041948, ""momentum_63"": 0.064137, ""realized_vol_20"": 0.179963, ""rsi_2"": 63.333708, ""sma_100"": 20.670745, ""sma_200"": 20.632991, ""sma_50"": 20.879565, ""volume"": 7178500.0, ""volume_sma_20"": 6747405.0}",3472.4439441506547,3472.4439441506547,3702.4282402002254,-229.98429604957073,0.5281628966979878,38.25988259331688,0.0,37.731719696618896,196.528662614178,296.52866261417796,active,21.636642852691157,21.04888120957752,21.94104252862102,21.93007200735671,21.94104252862102,,64.19561422337298,1388.9775776602619,45.0,37.731719696618896,37.731719696618896,0.8384826599248644,0.5877616431136374,0.02716510352901314,18.836864814800283,0.4992315475217589,1.3983960100676622,0.0,stop_loss,stop loss,True,False,False,False,False,33,sideways_normal_volatility,True,valid_win,,True,trend breakout
185,A_ETF_sector_momentum,v1_fixed_rules,TLT,bond,2012-01-27,2012-01-30,2012-01-27,2012-02-03,bull_low_volatility,bull_low_volatility,102.6771469116211,97.14241596221923,True,0.1372721167176017,low_volatility,weekly_momentum_rotation,ranked_momentum_risk_on,Weekly momentum rotation selected an eligible top-ranked ETF.,"{""atr_20"": 0.998467, ""bollinger_lower"": 77.915904, ""breakout_level"": 81.900482, ""close"": 79.634453, ""ema_10"": 79.486327, ""momentum_126"": 0.251001, ""momentum_63"": 0.04283, ""rank_at_signal"": 2.0, ""rank_score"": 1.07025, ""realized_vol_20"": 0.137272, ""rsi_2"": 100.0, ""score"": 1.07025, ""sma_100"": 78.910364, ""sma_200"": 71.909725, ""sma_50"": 80.196792, ""volume"": 5165300.0, ""volume_sma_20"": 7344320.0}",3508.0807004965377,3504.3202974220612,3702.4282402002254,-198.10794277816422,26.108906265370692,26.117557552891498,0.0,0.00865128752080576,611.0125752870416,741.0125752870416,active,80.86187724026102,78.86494309028362,78.95354373912608,78.69085209015492,78.95354373912608,,0.004332284828172047,0.35031668394549337,45.0,0.00865128752080576,0.00865128752080576,0.00019225083379568355,1.996934149977406,0.024695619470272885,-0.009405499319384614,-1.0871791391472108,0.0003456139342858011,0.0,stop_loss_gap,stop loss gap,True,False,False,True,False,4,bull_low_volatility,True,valid_loss,,True,weekly rank score=1.0702
183,A_ETF_sector_momentum,v1_fixed_rules,IEF,bond,2012-01-20,2012-01-23,2012-01-20,2012-02-06,bull_low_volatility,bull_low_volatility,102.77838897705078,97.11758743286133,True,0.059577623668504436,low_volatility,weekly_momentum_rotation,ranked_momentum_risk_on,Weekly momentum rotation selected an eligible top-ranked ETF.,"{""atr_20"": 0.380171, ""bollinger_lower"": 76.604808, ""breakout_level"": 77.797752, ""close"": 76.826866, ""ema_10"": 77.278011, ""momentum_126"": 0.090474, ""momentum_63"": 0.018943, ""rank_at_signal"": 1.0, ""rank_score"": 0.918274, ""realized_vol_20"": 0.059578, ""rsi_2"": 0.0, ""score"": 0.918274, ""sma_100"": 76.423966, ""sma_200"": 73.411511, ""sma_50"": 76.910834, ""volume"": 650600.0, ""volume_sma_20"": 920135.0}",3514.8019831938036,3512.449968359793,3702.4282402002254,-189.97827184043263,0.0,6.678620657568492,0.0,6.678620657568492,598.815426016056,728.815426016056,active,76.63713942609552,75.87679799229353,77.39690414834936,77.53035001037091,77.39690414834936,,8.78371263311663,673.1586097429158,45.0,6.678620657568492,6.678620657568492,0.14841379239041091,0.7603414338019832,0.009921318038432438,7.845705093133266,1.1747493225629135,0.6770814622894825,0.0,rank_drop_exit,rank drop exit,False,False,False,False,False,10,bull_low_volatility,True,valid_win,,True,weekly rank score=0.9183
186,A_ETF_sector_momentum,v1_fixed_rules,XLV,equity_index,2012-02-03,2012-02-06,2012-02-03,2012-02-27,bull_low_volatility,bull_low_volatility,104.79578399658205,97.20532878875733,True,0.06800461127967014,low_volatility,weekly_momentum_rotation,ranked_momentum_risk_on,Weekly momentum rotation selected an eligible top-ranked ETF.,"{""atr_20"": 0.269853, ""bollinger_lower"": 27.749271, ""breakout_level"": 28.523901, ""close"": 28.579144, ""ema_10"": 28.337773, ""momentum_126"": 0.159944, ""momentum_63"": 0.099069, ""rank_at_signal"": 1.0, ""rank_score"": 1.90438, ""realized_vol_20"": 0.068005, ""rsi_2"": 60.001796, ""score"": 1.90438, ""sma_100"": 26.45035, ""sma_200"": 26.610518, ""sma_50"": 27.214424, ""volume"": 8292500.0, ""volume_sma_20"": 6339845.0}",3549.6361780168213,3538.657641333987,3702.4282402002254,-163.7705988662383,26.108906265370692,39.02647581747436,26.108906265370692,39.02647581747436,606.6517256098698,736.6517256098698,active,28.4671222078027,27.927416318594094,28.077109098858415,28.39923501165979,28.077109098858415,,23.934460991421243,681.3452260206751,45.0,12.917569552103673,12.917569552103673,0.28705710115785943,0.5397058892086051,0.018958919881991946,-1.6248434478994143,-0.12578553893946734,0.6805328042967254,0.0,rank_drop_exit,rank drop exit,False,False,False,False,False,14,bull_low_volatility,True,valid_loss,,True,weekly rank score=1.9044
184,B_ETF_trend_following,v1_fixed_rules,XLV,equity_index,2012-01-25,2012-01-26,2012-01-25,2012-03-06,bull_low_volatility,bull_low_volatility,103.2535400390625,97.12656349182129,True,0.08607493469334901,low_volatility,trend_following_breakout,trend_breakout,Trend filter and 20-day breakout conditions were met.,"{""atr_20"": 0.26433, ""bollinger_lower"": 27.214242, ""breakout_level"": 28.287189, ""close"": 28.373981, ""ema_10"": 28.13526, ""momentum_126"": 0.040543, ""momentum_63"": 0.07592, ""realized_vol_20"": 0.086075, ""rsi_2"": 100.0, ""sma_100"": 26.248418, ""sma_200"": 26.531803, ""sma_50"": 26.90228, ""volume"": 6827200.0, ""volume_sma_20"": 6236375.0}",3517.4558422191903,3518.6603144777914,3702.4282402002254,-183.76792572243403,4.439013498264128,30.54791976363482,0.0,26.108906265370692,239.08965765648952,339.0896576564895,active,28.49869239996199,27.970032610400384,28.161935961225126,28.147854993244515,28.161935961225126,,49.38697207711164,1407.4641257911167,45.0,26.108906265370692,26.108906265370692,0.5801979170082376,0.5286597895616048,0.018550317402012097,-17.32679720916216,-0.663635505564758,1.3988007271865355,0.0,stop_loss,stop loss,True,False,False,False,False,27,bull_low_volatility,True,valid_loss,,True,trend breakout
182,B_ETF_trend_following,v1_fixed_rules,XLY,equity_index,2012-01-05,2012-01-06,2012-01-05,2012-04-09,sideways_normal_volatility,sideways_normal_volatility,99.73284912109376,97.12645553588867,True,0.19059441680295316,normal_volatility,trend_following_breakout,trend_breakout,Trend filter and 20-day breakout conditions were met.,"{""atr_20"": 0.267049, ""bollinger_lower"": 15.858629, ""breakout_level"": 16.772459, ""close"": 16.91202, ""ema_10"": 16.592083, ""momentum_126"": -0.030275, ""momentum_63"": 0.131424, ""realized_vol_20"": 0.190594, ""rsi_2"": 100.0, ""sma_100"": 15.832241, ""sma_200"": 16.145845, ""sma_50"": 16.288894, ""volume"": 9152600.0, ""volume_sma_20"": 11635470.0}",3476.722816363217,3472.832340361479,3702.4282402002254,-229.5958998387464,7.095682382433407,50.63068979324364,0.0,43.53500741081023,193.54267300943536,293.54267300943536,active,16.928940604162722,16.394842693811718,18.785323992073042,18.775931330077007,18.785323992073042,,81.51128579065103,1379.8997157188642,45.0,43.53500741081023,43.53500741081023,0.9674446091291162,0.5340979103510044,0.031549399507000045,150.5505889126813,3.4581500697137333,1.4551750101752048,0.0,stop_loss,stop loss,True,False,False,False,False,63,sideways_normal_volatility,True,valid_win,,True,trend breakout
188,A_ETF_sector_momentum,v1_fixed_rules,XLY,equity_index,2012-03-09,2012-03-12,2012-03-09,2012-04-09,bull_low_volatility,bull_low_volatility,107.15591430664062,97.56998592376709,True,0.10661639996195241,low_volatility,weekly_momentum_rotation,ranked_momentum_risk_on,Weekly momentum rotation selected an eligible top-ranked ETF.,"{""atr_20"": 0.181214, ""bollinger_lower"": 17.824118, ""breakout_level"": 18.493692, ""close"": 18.599421, ""ema_10"": 18.347397, ""momentum_126"": 0.22009, ""momentum_63"": 0.118465, ""rank_at_signal"": 2.0, ""rank_score"": 1.587727, ""realized_vol_20"": 0.106616, ""rsi_2"": 100.0, ""score"": 1.587727, ""sma_100"": 16.946948, ""sma_200"": 16.409984, ""sma_50"": 17.65084, ""volume"": 9470800.0, ""volume_sma_20"": 9358600.0}",3597.424831224148,3594.2358601611513,3702.4282402002254,-108.19238003907412,6.469025302743227,33.531415822985636,6.469025302743227,33.531415822985636,617.4786384250117,747.4786384250117,active,18.617186117911544,18.254757492514585,18.785323992073042,18.775931330077007,18.785323992073042,,74.6695725002452,1390.1373285819543,45.0,27.06239052024241,27.06239052024241,0.6013864560053869,0.36242862539695864,0.019467422364557393,11.853437128855887,0.43800406767427397,1.3960640471463823,0.0,stop_loss,stop loss,True,False,False,False,False,19,bull_low_volatility,True,valid_win,,True,weekly rank score=1.5877
187,A_ETF_sector_momentum,v1_fixed_rules,XLK,equity_index,2012-02-24,2012-02-27,2012-02-24,2012-04-10,bull_low_volatility,bull_low_volatility,106.6573715209961,97.36054332733154,True,0.08914905542663462,low_volatility,weekly_momentum_rotation,ranked_momentum_risk_on,Weekly momentum rotation selected an eligible top-ranked ETF.,"{""atr_20"": 0.12162, ""bollinger_lower"": 11.125744, ""breakout_level"": 11.892167, ""close"": 11.96273, ""ema_10"": 11.798186, ""momentum_126"": 0.227037, ""momentum_63"": 0.170485, ""rank_at_signal"": 1.0, ""rank_score"": 2.229536, ""realized_vol_20"": 0.089149, ""rsi_2"": 100.0, ""score"": 2.229536, ""sma_100"": 10.799296, ""sma_200"": 10.547917, ""sma_50"": 11.087907, ""volume"": 10992000.0, ""volume_sma_20"": 16320320.0}",3571.1815373799136,3578.7887847750662,3702.4282402002254,-123.63945542515921,20.820722719778765,34.70208236874895,20.820722719778765,34.70208236874895,605.0268821619704,735.0268821619704,active,11.910573180961702,11.667333528026024,12.399163650620622,12.392964068795312,12.399163650620622,,57.068654232297206,679.7203825727756,45.0,13.88135964897018,13.88135964897018,0.308474658866004,0.24323965293567795,0.02042216182546791,27.529398782587144,1.9831918110867097,0.6934850819640692,0.0,stop_loss,stop loss,True,False,False,False,False,30,bull_low_volatility,True,valid_win,,True,weekly rank score=2.2295
191,A_ETF_sector_momentum,v1_fixed_rules,QQQ,equity_index,2012-04-13,2012-04-16,2012-04-13,2012-04-23,bull_normal_volatility,bull_normal_volatility,107.28913116455078,98.74922595977783,True,0.13773809355895686,normal_volatility,weekly_momentum_rotation,ranked_momentum_risk_on,Weekly momentum rotation selected an eligible top-ranked ETF.,"{""atr_20"": 0.705924, ""bollinger_lower"": 58.455256, ""breakout_level"": 60.450977, ""close"": 58.626392, ""ema_10"": 59.314116, ""momentum_126"": 0.175903, ""momentum_63"": 0.135509, ""rank_at_signal"": 2.0, ""rank_score"": 1.130448, ""realized_vol_20"": 0.137738, ""rsi_2"": 42.696273, ""score"": 1.130448, ""sma_100"": 54.028, ""sma_200"": 51.594088, ""sma_50"": 57.706556, ""volume"": 55227500.0, ""volume_sma_20"": 49191100.0}",3643.67319485361,3643.2579785076214,3728.3962566633504,-85.13827815572904,17.831399310168848,35.33105999360869,0.0,17.499660683439842,644.4097180734134,774.4097180734134,active,58.948143907868875,57.53629573262118,57.53629573262118,57.50752758475487,57.53629573262118,,12.394860148733526,730.6539997654529,45.0,17.499660683439842,17.499660683439842,0.3888813485208854,1.4118481752476981,0.023950680745000237,-17.856237852980826,-1.0203762333448223,0.7217258808389626,0.0,stop_loss,stop loss,True,False,False,False,False,5,bull_normal_volatility,True,valid_loss,,True,weekly rank score=1.1304
192,A_ETF_sector_momentum,v1_fixed_rules,XLY,equity_index,2012-04-27,2012-04-30,2012-04-27,2012-05-08,bull_normal_volatility,bull_normal_volatility,109.83169555664062,99.0457339477539,True,0.16657746108160895,normal_volatility,weekly_momentum_rotation,ranked_momentum_risk_on,Weekly momentum rotation selected an eligible top-ranked ETF.,"{""atr_20"": 0.268736, ""bollinger_lower"": 18.531262, ""breakout_level"": 19.220882, ""close"": 19.458441, ""ema_10"": 19.035105, ""momentum_126"": 0.190287, ""momentum_63"": 0.110042, ""rank_at_signal"": 1.0, ""rank_score"": 0.901467, ""realized_vol_20"": 0.166577, ""rsi_2"": 100.0, ""score"": 0.901467, ""sma_100"": 17.882512, ""sma_200"": 16.829196, ""sma_50"": 18.730622, ""volume"": 17906200.0, ""volume_sma_20"": 14236820.0}",3632.8511750945017,3634.4431646388634,3728.3962566633504,-93.95309202448698,7.026476588966058,26.71812252260415,0.0,19.691645933638092,626.5534802204326,756.5534802204326,active,19.455433202975065,18.91796027223714,18.91796027223714,18.88903335097713,18.91796027223714,,36.637465456357624,712.7977619124721,45.0,19.691645933638092,19.691645933638092,0.4375921318586243,0.5374729307379269,0.027625852641293958,-20.751455012060447,-1.0538202383891102,0.7024220344064419,0.0,stop_loss_gap,stop loss gap,True,False,False,True,False,6,bull_normal_volatility,True,valid_loss,,True,weekly rank score=0.9015
190,B_ETF_trend_following,v1_fixed_rules,SHY,bond,2012-04-09,2012-04-10,2012-04-09,2012-05-17,bull_normal_volatility,bull_normal_volatility,108.13402557373048,98.5761964416504,True,0.00866063503147951,normal_volatility,trend_following_breakout,trend_breakout,Trend filter and 20-day breakout conditions were met.,"{""atr_20"": 0.039994, ""bollinger_lower"": 67.995189, ""breakout_level"": 68.12925, ""close"": 68.161583, ""ema_10"": 68.105776, ""momentum_126"": 0.001398, ""momentum_63"": -4.8e-05, ""realized_vol_20"": 0.008661, ""rsi_2"": 100.0, ""sma_100"": 68.15633, ""sma_200"": 68.103902, ""sma_50"": 68.136709, ""volume"": 898600.0, ""volume_sma_20"": 1250815.0}",3644.421699353789,3638.151196987881,3728.3962566633504,-90.24505967546929,17.12687833434323,18.83379099895609,17.12687833434323,18.83379099895609,326.0401866448109,426.0401866448109,active,68.19569987690124,68.11571137622514,68.21750979273122,68.18340103783486,68.21750979273122,,21.339475676941735,1455.2604787951525,45.0,1.70691266461286,1.70691266461286,0.03793139254695244,0.07998850067610874,0.001172925870993251,-0.2624507771118327,-0.15375758968392117,1.4551292534065967,0.0,stop_loss,stop loss,True,False,False,False,False,27,bull_normal_volatility,True,valid_loss,,True,trend breakout
193,A_ETF_sector_momentum,v1_fixed_rules,XLV,equity_index,2012-05-11,2012-05-14,2012-05-11,2012-05-18,bull_normal_volatility,bull_normal_volatility,106.09214782714844,99.33366943359376,True,0.09888904969022529,normal_volatility,weekly_momentum_rotation,ranked_momentum_risk_on,Weekly momentum rotation selected an eligible top-ranked ETF.,"{""atr_20"": 0.288264, ""bollinger_lower"": 29.04373, ""breakout_level"": 29.857401, ""close"": 29.349861, ""ema_10"": 29.430155, ""momentum_126"": 0.133153, ""momentum_63"": 0.038726, ""rank_at_signal"": 1.0, ""rank_score"": 0.869052, ""realized_vol_20"": 0.098889, ""rsi_2"": 86.664529, ""score"": 0.869052, ""sma_100"": 28.699984, ""sma_200"": 27.14426, ""sma_50"": 29.307671, ""volume"": 3514200.0, ""volume_sma_20"": 5047995.0}",3626.9226624342227,3633.2791142420565,3728.3962566633504,-95.11714242129392,0.0,13.66478871266863,0.0,13.66478871266863,605.8020252083721,735.8020252083721,active,29.197922787603137,28.621395694310195,28.621395694310195,28.60708499646304,28.621395694310195,,23.701902081686473,692.0463069004117,45.0,13.66478871266863,13.66478871266863,0.30366197139263623,0.5765270932929418,0.01974548317997895,-14.003979471762483,-1.0248222468876806,0.6850443171645304,0.0,stop_loss,stop loss,True,False,False,False,False,4,bull_normal_volatility,True,valid_loss,,True,weekly rank score=0.8691
189,B_ETF_trend_following,v1_fixed_rules,IEF,bond,2012-04-09,2012-04-10,2012-04-09,2012-06-06,bull_normal_volatility,bull_normal_volatility,108.13402557373048,98.5761964416504,True,0.08529534883357459,normal_volatility,trend_following_breakout,trend_breakout,Trend filter and 20-day breakout conditions were met.,"{""atr_20"": 0.456627, ""bollinger_lower"": 75.100539, ""breakout_level"": 77.25193, ""close"": 77.355019, ""ema_10"": 76.458973, ""momentum_126"": 0.015898, ""momentum_63"": 0.001601, ""realized_vol_20"": 0.085295, ""rsi_2"": 100.0, ""sma_100"": 76.982639, ""sma_200"": 75.611085, ""sma_50"": 76.994828, ""volume"": 573700.0, ""volume_sma_20"": 763760.0}",3644.421699353789,3634.4409328427832,3728.3962566633504,-93.95532382056717,0.0,17.12687833434323,0.0,17.12687833434323,322.32992249971323,422.32992249971323,active,77.51944344079712,76.60619013658255,80.19457712003913,80.15447983147911,80.19457712003913,,18.75369982819067,1453.7763731371133,45.0,17.12687833434323,17.12687833434323,0.3805972963187384,0.9132533042145639,0.011780957959431565,49.416681507208985,2.885329161714045,1.478484713890718,0.0,stop_loss,stop loss,True,False,False,False,False,40,bull_normal_volatility,True,valid_win,,True,trend breakout
194,B_ETF_trend_following,v1_fixed_rules,TLT,bond,2012-05-17,2012-05-18,2012-05-17,2012-06-06,sideways_low_volatility,sideways_normal_volatility,102.3760757446289,99.43303569793702,True,0.09980845925879835,low_volatility,trend_following_breakout,trend_breakout,Trend filter and 20-day breakout conditions were met.,"{""atr_20"": 0.775749, ""bollinger_lower"": 77.827437, ""breakout_level"": 83.084793, ""close"": 84.555649, ""ema_10"": 82.100904, ""momentum_126"": 0.074489, ""momentum_63"": 0.072611, ""realized_vol_20"": 0.099808, ""rsi_2"": 100.0, ""sma_100"": 79.142627, ""sma_200"": 78.018714, ""sma_50"": 78.5957, ""volume"": 14863400.0, ""volume_sma_20"": 6002425.0}",3630.7392763801413,3623.7518092189903,3728.3962566633504,-104.64444744436014,13.66478871266863,40.442229930097135,0.0,26.777441217428503,359.06572475798737,459.06572475798737,active,83.98475233719182,82.43325482351818,86.35124338299406,86.30806776130257,86.35124338299406,,17.25909386346668,1449.5007236875963,45.0,26.777441217428503,26.777441217428503,0.595054249276189,1.5514975136736382,0.018473561813274204,40.09831897916726,1.497466417854319,1.46954988317718,0.0,stop_loss,stop loss,True,False,False,False,False,12,sideways_normal_volatility,True,valid_win,,True,trend breakout
195,A_ETF_sector_momentum,v1_fixed_rules,IEF,bond,2012-05-18,2012-05-21,2012-05-18,2012-06-06,sideways_normal_volatility,sideways_normal_volatility,101.49982452392578,99.45476356506347,True,0.032526218865002586,normal_volatility,weekly_momentum_rotation,ranked_momentum_risk_on,Weekly momentum rotation selected an eligible top-ranked ETF.,"{""atr_20"": 0.27424, ""bollinger_lower"": 77.411561, ""breakout_level"": 79.544167, ""close"": 79.492294, ""ema_10"": 79.023186, ""momentum_126"": 0.037276, ""momentum_63"": 0.028603, ""rank_at_signal"": 1.0, ""rank_score"": 1.012719, ""realized_vol_20"": 0.032526, ""rsi_2"": 85.097756, ""score"": 1.012719, ""sma_100"": 77.405668, ""sma_200"": 76.701677, ""sma_50"": 77.39658, ""volume"": 831900.0, ""volume_sma_20"": 707990.0}",3634.020766817672,3627.0775484021196,3728.3962566633504,-101.31870826123077,24.04748818003262,28.768881519543406,24.04748818003262,28.768881519543406,591.7980457366097,721.7980457366097,active,79.40609615697869,78.85761674760299,80.19457712003913,80.15447983147911,80.19457712003913,,8.60815056828631,683.5396317590936,45.0,4.7213933395107865,4.7213933395107865,0.10491985198912859,0.5484794093757017,0.006907270800612177,6.442199352946961,1.3644699540357461,0.686760731435567,0.0,stop_loss,stop loss,True,False,False,False,False,11,sideways_normal_volatility,True,valid_win,,True,weekly rank score=1.0127
196,B_ETF_trend_following,v1_fixed_rules,XLU,equity_index,2012-06-06,2012-06-07,2012-06-06,2012-06-22,sideways_normal_volatility,sideways_normal_volatility,103.24443817138672,100.20794845581055,True,0.08606745251834327,normal_volatility,trend_following_breakout,trend_breakout,Trend filter and 20-day breakout conditions were met.,"{""atr_20"": 0.109703, ""bollinger_lower"": 11.063338, ""breakout_level"": 11.271201, ""close"": 11.427917, ""ema_10"": 11.25189, ""momentum_126"": 0.062519, ""momentum_63"": 0.05376, ""realized_vol_20"": 0.086067, ""rsi_2"": 100.0, ""sma_100"": 10.960576, ""sma_200"": 10.748805, ""sma_50"": 11.075863, ""volume"": 17798400.0, ""volume_sma_20"": 11768940.0}",3682.7739284231266,3682.7739284231266,3753.5313613253497,-70.75743290222317,0.0,28.160125788837295,0.0,28.160125788837295,411.5824722089776,511.5824722089776,active,11.477531159466578,11.258125402096162,11.453474076854128,11.447747339815702,11.453474076854128,,128.34725089412993,1473.1095713692507,45.0,28.160125788837295,28.160125788837295,0.6257805730852732,0.21940575737041534,0.019116110801359158,-3.8226713733164077,-0.13574766682440456,1.4711982356825926,0.0,stop_loss,stop loss,True,False,False,False,False,11,sideways_normal_volatility,True,valid_loss,,True,trend breakout
197,A_ETF_sector_momentum,v1_fixed_rules,XLU,equity_index,2012-06-08,2012-06-11,2012-06-08,2012-06-22,sideways_normal_volatility,sideways_normal_volatility,104.12849426269533,100.36279117584229,True,0.08430287787499645,normal_volatility,weekly_momentum_rotation,ranked_momentum_risk_on,Weekly momentum rotation selected an eligible top-ranked ETF.,"{""atr_20"": 0.106098, ""bollinger_lower"": 11.000699, ""breakout_level"": 11.515677, ""close"": 11.540752, ""ema_10"": 11.343652, ""momentum_126"": 0.07148, ""momentum_63"": 0.0566, ""rank_at_signal"": 1.0, ""rank_score"": 0.759641, ""realized_vol_20"": 0.084303, ""rsi_2"": 100.0, ""score"": 0.759641, ""sma_100"": 10.974522, ""sma_200"": 10.764976, ""sma_50"": 11.099873, ""volume"": 13459200.0, ""volume_sma_20"": 12205550.0}",3690.888202241239,3689.681078877441,3753.5313613253497,-63.85028244790874,25.92935195005702,52.92035191154563,25.92935195005702,52.92035191154563,598.2402450895567,728.2402450895567,active,11.602967340815972,11.390770348478359,11.453474076854128,11.447747339815702,11.453474076854128,,127.1978441548545,1475.8724315509764,45.0,26.990999961488612,26.990999961488612,0.5997999991441914,0.21219699233761347,0.018288165958303113,-19.743649496948702,-0.7314901087443741,1.4660006068025022,0.0,stop_loss,stop loss,True,False,False,False,False,9,sideways_normal_volatility,True,valid_loss,,True,weekly rank score=0.7596
198,B_ETF_trend_following,v1_fixed_rules,XLP,equity_index,2012-06-14,2012-06-15,2012-06-14,2012-06-25,sideways_normal_volatility,sideways_normal_volatility,104.4179458618164,100.61169521331787,True,0.1242575519424245,normal_volatility,trend_following_breakout,trend_breakout,Trend filter and 20-day breakout conditions were met.,"{""atr_20"": 0.225214, ""bollinger_lower"": 22.786552, ""breakout_level"": 23.470371, ""close"": 23.731695, ""ema_10"": 23.362489, ""momentum_126"": 0.106046, ""momentum_63"": 0.026412, ""realized_vol_20"": 0.124258, ""rsi_2"": 90.38478, ""sma_100"": 23.007999, ""sma_200"": 22.080467, ""sma_50"": 23.315785, ""volume"": 7900400.0, ""volume_sma_20"": 5527850.0}",3704.600407044494,3719.3149358424716,3753.5313613253497,-34.216425482878094,43.41649930401553,57.27789196880733,43.41649930401553,57.27789196880733,437.9486422340203,537.9486422340203,active,23.844700508670307,23.39427206262476,23.39427206262476,23.377942356512754,23.39427206262476,,30.773795008919535,733.7919255028994,45.0,13.861392664791802,13.861392664791802,0.3080309481064845,0.4504284460455459,0.018890086117112816,-14.363919693238604,-1.0362537185547906,0.7266099656562801,0.0,stop_loss_gap,stop loss gap,True,False,False,True,False,6,sideways_normal_volatility,True,valid_loss,,True,trend breakout
201,B_ETF_trend_following,v1_fixed_rules,XLP,equity_index,2012-06-29,2012-07-02,2012-06-29,2012-07-24,bull_normal_volatility,bull_normal_volatility,107.02717590332033,101.356781539917,True,0.11528745146063561,normal_volatility,trend_following_breakout,trend_breakout,Trend filter and 20-day breakout conditions were met.,"{""atr_20"": 0.22627, ""bollinger_lower"": 22.875334, ""breakout_level"": 23.832788, ""close"": 24.075129, ""ema_10"": 23.618071, ""momentum_126"": 0.078271, ""momentum_63"": 0.027272, ""realized_vol_20"": 0.115287, ""rsi_2"": 100.0, ""sma_100"": 23.175568, ""sma_200"": 22.252322, ""sma_50"": 23.396588, ""volume"": 8008000.0, ""volume_sma_20"": 5881140.0}",3643.305986352763,3658.2887307979636,3753.5313613253497,-95.24263052738615,48.701575845260294,62.42328233103281,0.0,13.721706485772517,393.39588114242264,493.39588114242264,active,23.990182761360117,23.537643044847236,23.96521052513433,23.953227919871765,23.96521052513433,,30.321551866225978,727.4195708788211,45.0,13.721706485772517,13.721706485772517,0.3049268107949448,0.45253971651288083,0.01886353768182899,-1.1205281428972396,-0.08166099049408103,0.7268593068073725,0.0,stop_loss,stop loss,True,False,False,False,False,15,bull_normal_volatility,True,valid_loss,,True,trend breakout
199,A_ETF_sector_momentum,v1_fixed_rules,IEF,bond,2012-06-22,2012-06-25,2012-06-22,2012-07-27,sideways_normal_volatility,sideways_normal_volatility,104.95114135742188,101.00735828399658,True,0.0738115023424613,normal_volatility,weekly_momentum_rotation,ranked_momentum_risk_on,Weekly momentum rotation selected an eligible top-ranked ETF.,"{""atr_20"": 0.426343, ""bollinger_lower"": 79.342538, ""breakout_level"": 81.071381, ""close"": 79.788361, ""ema_10"": 80.070655, ""momentum_126"": 0.036558, ""momentum_63"": 0.048663, ""rank_at_signal"": 1.0, ""rank_score"": 0.577284, ""realized_vol_20"": 0.073812, ""rsi_2"": 32.86405, ""score"": 0.577284, ""sma_100"": 78.040327, ""sma_200"": 77.296208, ""sma_50"": 79.120154, ""volume"": 1770300.0, ""volume_sma_20"": 1123025.0}",3647.973692035505,3643.4989753482932,3753.5313613253497,-110.03238597705649,13.861392664791802,29.36950656023963,0.0,15.508113895447826,578.496595592608,708.496595592608,active,80.13243740014877,79.27975226538587,80.89857255557608,80.8581232692983,80.89857255557608,,18.187386249861053,1457.3995901393173,45.0,15.508113895447826,15.508113895447826,0.3446247532321739,0.8526851347629076,0.010640948440204622,13.198329198288622,0.8510595993341779,1.4639987547384616,0.0,stop_loss,stop loss,True,False,False,False,False,23,sideways_normal_volatility,True,valid_win,,True,weekly rank score=0.5773
200,A_ETF_sector_momentum,v1_fixed_rules,TLT,bond,2012-06-29,2012-07-02,2012-06-29,2012-07-27,bull_normal_volatility,bull_normal_volatility,107.02717590332033,101.356781539917,True,0.14724379333414178,normal_volatility,weekly_momentum_rotation,ranked_momentum_risk_on,Weekly momentum rotation selected an eligible top-ranked ETF.,"{""atr_20"": 1.076103, ""bollinger_lower"": 84.612767, ""breakout_level"": 88.95417, ""close"": 85.433136, ""ema_10"": 86.047494, ""momentum_126"": 0.048138, ""momentum_63"": 0.123777, ""rank_at_signal"": 2.0, ""rank_score"": 0.583779, ""realized_vol_20"": 0.147244, ""rsi_2"": 15.813343, ""score"": 0.583779, ""sma_100"": 80.830625, ""sma_200"": 80.034023, ""sma_50"": 83.706788, ""volume"": 8881900.0, ""volume_sma_20"": 9983055.0}",3643.305986352763,3650.0613171037107,3753.5313613253497,-103.470044221639,12.091570218417209,48.701575845260294,12.091570218417209,48.701575845260294,583.7142248366955,713.7142248366955,active,85.83096840716733,83.67876330473555,88.25928313467324,88.2151534931059,88.25928313467324,,17.01046316890402,1460.0245268414847,45.0,36.61000562684308,36.61000562684308,0.813555680596513,2.152205102431779,0.025074925080911224,40.556092592208294,1.1077871171500688,1.4803025731375887,0.0,stop_loss,stop loss,True,False,False,False,False,18,bull_normal_volatility,True,valid_win,,True,weekly rank score=0.5838
202,B_ETF_trend_following,v1_fixed_rules,TLT,bond,2012-07-24,2012-07-25,2012-07-24,2012-07-27,sideways_normal_volatility,sideways_normal_volatility,105.32071685791016,102.70760665893555,True,0.10680189585564771,normal_volatility,trend_following_breakout,trend_breakout,Trend filter and 20-day breakout conditions were met.,"{""atr_20"": 0.85646, ""bollinger_lower"": 85.00176, ""breakout_level"": 89.439774, ""close"": 90.144127, ""ema_10"": 88.615648, ""momentum_126"": 0.147818, ""momentum_63"": 0.133289, ""realized_vol_20"": 0.106802, ""rsi_2"": 100.0, ""sma_100"": 82.246238, ""sma_200"": 80.745614, ""sma_50"": 86.215947, ""volume"": 6748800.0, ""volume_sma_20"": 5831220.0}",3743.1124623482265,3747.8800020248163,3753.5313613253497,-5.651359300533386,0.0,13.814154138690148,0.0,13.814154138690148,392.2753529995254,492.2753529995254,active,90.05925729527318,88.34633687449659,88.34633687449659,88.30216370605935,88.34633687449659,,8.064679462707984,726.2990427359238,45.0,13.814154138690148,13.814154138690148,0.3069812030820033,1.712920420776598,0.019019926126644857,-14.170396582988698,-1.0257882198737598,0.7192138444444295,0.0,stop_loss,stop loss,True,False,False,False,False,2,sideways_normal_volatility,True,valid_loss,,True,trend breakout
203,B_ETF_trend_following,v1_fixed_rules,IEF,bond,2012-07-24,2012-07-25,2012-07-24,2012-07-27,sideways_normal_volatility,sideways_normal_volatility,105.32071685791016,102.70760665893555,True,0.04043073961539962,normal_volatility,trend_following_breakout,trend_breakout,Trend filter and 20-day breakout conditions were met.,"{""atr_20"": 0.289594, ""bollinger_lower"": 79.901234, ""breakout_level"": 81.407143, ""close"": 81.563126, ""ema_10"": 81.146624, ""momentum_126"": 0.062768, ""momentum_63"": 0.04799, ""realized_vol_20"": 0.040431, ""rsi_2"": 100.0, ""sma_100"": 78.725347, ""sma_200"": 77.737532, ""sma_50"": 80.238536, ""volume"": 905500.0, ""volume_sma_20"": 1014760.0}",3743.1124623482265,3750.439963556453,3753.5313613253497,-3.0913977688965133,13.814154138690148,13.814154138690148,13.814154138690148,13.814154138690148,394.8353145311626,494.8353145311626,active,81.56680820067015,80.98761997159838,80.98761997159838,80.94712616161259,80.98761997159838,,1.3937879908445648e-15,1.1368683772161603e-13,45.0,8.072655981187711e-16,8.072655981187711e-16,1.793923551375047e-17,0.5791882290717751,0.00710078329468109,-8.63705384180507e-16,-1.069914766829234,1.132549850295258e-16,0.0,stop_loss,stop loss,True,False,False,False,False,2,sideways_normal_volatility,True,breakeven,,True,trend breakout
204,A_ETF_sector_momentum,v1_fixed_rules,XLU,equity_index,2012-07-27,2012-07-30,2012-07-27,2012-08-02,bull_normal_volatility,bull_normal_volatility,109.05604553222656,102.94119026184082,True,0.09651529101665152,normal_volatility,weekly_momentum_rotation,ranked_momentum_risk_on,Weekly momentum rotation selected an eligible top-ranked ETF.,"{""atr_20"": 0.110566, ""bollinger_lower"": 11.56072, ""breakout_level"": 11.91706, ""close"": 12.049931, ""ema_10"": 11.851594, ""momentum_126"": 0.117194, ""momentum_63"": 0.079598, ""rank_at_signal"": 1.0, ""rank_score"": 1.019485, ""realized_vol_20"": 0.096515, ""rsi_2"": 100.0, ""score"": 1.019485, ""sma_100"": 11.27062, ""sma_200"": 11.013952, ""sma_50"": 11.550449, ""volume"": 10489400.0, ""volume_sma_20"": 12568540.0}",3683.307184924234,3683.307184924234,3753.5313613253497,-70.22417640111553,0.0,27.123700540752075,0.0,27.123700540752075,632.2510173831049,762.2510173831049,active,12.011641356376884,11.790508454071873,11.816219361484102,11.81031125180336,11.816219361484102,,122.65791412324498,1473.3228739696938,45.0,27.123700540752075,27.123700540752075,0.6027489009056016,0.22113290230501192,0.01840988219212974,-24.694730677203193,-0.9104484338374305,1.4609755086310923,0.0,stop_loss,stop loss,True,False,False,False,False,3,bull_normal_volatility,True,valid_loss,,True,weekly rank score=1.0195
205,B_ETF_trend_following,v1_fixed_rules,XLU,equity_index,2012-07-27,2012-07-30,2012-07-27,2012-08-02,bull_normal_volatility,bull_normal_volatility,109.05604553222656,102.94119026184082,True,0.09651529101665152,normal_volatility,trend_following_breakout,trend_breakout,Trend filter and 20-day breakout conditions were met.,"{""atr_20"": 0.110566, ""bollinger_lower"": 11.56072, ""breakout_level"": 11.91706, ""close"": 12.049931, ""ema_10"": 11.851594, ""momentum_126"": 0.117194, ""momentum_63"": 0.079598, ""realized_vol_20"": 0.096515, ""rsi_2"": 100.0, ""sma_100"": 11.27062, ""sma_200"": 11.013952, ""sma_50"": 11.550449, ""volume"": 10489400.0, ""volume_sma_20"": 12568540.0}",3683.307184924234,3693.4357779767124,3753.5313613253497,-60.09558334863732,27.123700540752075,54.321987563451415,27.123700540752075,54.321987563451415,378.1049564165367,478.1049564165367,active,12.011641356376884,11.790508454071873,11.816219361484102,11.81031125180336,11.816219361484102,,122.99520667975646,1477.3743111906851,45.0,27.198287022699336,27.198287022699336,0.6044063782822074,0.22113290230501192,0.01840988219212974,-24.762637822877522,-0.9104484338374306,1.4649929922792464,0.0,stop_loss,stop loss,True,False,False,False,False,3,bull_normal_volatility,True,valid_loss,,True,trend breakout
206,B_ETF_trend_following,v1_fixed_rules,XLP,equity_index,2012-07-27,2012-07-30,2012-07-27,2012-08-02,bull_normal_volatility,bull_normal_volatility,109.05604553222656,102.94119026184082,True,0.11668667045218456,normal_volatility,trend_following_breakout,trend_breakout,Trend filter and 20-day breakout conditions were met.,"{""atr_20"": 0.221917, ""bollinger_lower"": 23.922379, ""breakout_level"": 24.462881, ""close"": 24.656752, ""ema_10"": 24.283554, ""momentum_126"": 0.118716, ""momentum_63"": 0.046256, ""realized_vol_20"": 0.116687, ""rsi_2"": 100.0, ""sma_100"": 23.503341, ""sma_200"": 22.624096, ""sma_50"": 23.713277, ""volume"": 6313800.0, ""volume_sma_20"": 5606115.0}",3683.307184924234,3703.592223280461,3753.5313613253497,-49.93913804488875,54.321987563451415,67.50277793713626,54.321987563451415,67.50277793713626,388.26140172028573,488.26140172028573,active,24.669077732023318,24.225242755156028,24.27332672966801,24.26119006630318,24.27332672966801,,29.697502586926575,732.6099997638553,45.0,13.180790373684841,13.180790373684841,0.29290645274855204,0.44383497686729,0.017991551272755563,-12.113245007899273,-0.9190074847167815,0.7265533772599057,0.0,stop_loss,stop loss,True,False,False,False,False,3,bull_normal_volatility,True,valid_loss,,True,trend breakout
207,A_ETF_sector_momentum,v1_fixed_rules,TLT,bond,2012-08-03,2012-08-06,2012-08-03,2012-08-09,bull_normal_volatility,bull_normal_volatility,109.58293151855467,103.3063771057129,True,0.13108351977115437,normal_volatility,weekly_momentum_rotation,ranked_momentum_risk_on,Weekly momentum rotation selected an eligible top-ranked ETF.,"{""atr_20"": 0.998867, ""bollinger_lower"": 86.954287, ""breakout_level"": 90.376686, ""close"": 87.319038, ""ema_10"": 88.43461, ""momentum_126"": 0.108045, ""momentum_63"": 0.08539, ""rank_at_signal"": 2.0, ""rank_score"": 0.737833, ""realized_vol_20"": 0.131084, ""rsi_2"": 25.8869, ""score"": 0.737833, ""sma_100"": 83.041557, ""sma_200"": 81.194781, ""sma_50"": 87.012868, ""volume"": 9084800.0, ""volume_sma_20"": 6550085.0}",3621.736571416254,3621.736571416254,3753.5313613253497,-131.79478990909593,0.0,33.062621721810814,0.0,33.062621721810814,607.5562867059017,737.5562867059017,active,87.53413270469952,85.53639773675391,85.53639773675391,85.4602942158726,85.53639773675391,,16.55005406238205,1448.6946285665017,45.0,33.062621721810814,33.062621721810814,0.7347249271513514,1.997734967945604,0.02282235404884922,-34.322139106734255,-1.0380949035294609,1.4315335590131344,0.0,stop_loss_gap,stop loss gap,True,False,False,True,False,3,bull_normal_volatility,True,valid_loss,,True,weekly rank score=0.7378
210,A_ETF_sector_momentum,v1_fixed_rules,XLU,equity_index,2012-08-10,2012-08-13,2012-08-10,2012-08-23,bull_normal_volatility,bull_normal_volatility,110.75465393066406,103.68487865447997,True,0.11253416708352178,normal_volatility,weekly_momentum_rotation,ranked_momentum_risk_on,Weekly momentum rotation selected an eligible top-ranked ETF.,"{""atr_20"": 0.132711, ""bollinger_lower"": 11.703154, ""breakout_level"": 12.094217, ""close"": 11.875931, ""ema_10"": 11.880997, ""momentum_126"": 0.098847, ""momentum_63"": 0.054533, ""rank_at_signal"": 1.0, ""rank_score"": 0.681481, ""realized_vol_20"": 0.112534, ""rsi_2"": 100.0, ""score"": 0.681481, ""sma_100"": 11.370312, ""sma_200"": 11.085125, ""sma_50"": 11.698736, ""volume"": 12268000.0, ""volume_sma_20"": 13279500.0}",3609.6658459094842,3611.1428238845056,3753.5313613253497,-142.38853744084417,43.95770591854827,75.61993839795747,43.95770591854827,75.61993839795747,573.2341475991675,703.2341475991675,active,11.856553060232663,11.591131509548426,11.591131509548426,11.585335943793652,11.591131509548426,,119.29036055205853,1414.3724894597674,45.0,31.66223247940919,31.66223247940919,0.7036051662090931,0.2654215506842377,0.022386063583224015,-32.35358760789931,-1.0218353247497542,1.3981956956558177,0.0,stop_loss,stop loss,True,False,False,False,False,8,bull_normal_volatility,True,valid_loss,,True,weekly rank score=0.6815
208,B_ETF_trend_following,v1_fixed_rules,SPY,equity_index,2012-08-03,2012-08-06,2012-08-03,2012-09-26,bull_normal_volatility,bull_normal_volatility,109.58293151855467,103.3063771057129,True,0.15525395395174008,normal_volatility,trend_following_breakout,trend_breakout,Trend filter and 20-day breakout conditions were met.,"{""atr_20"": 1.411176, ""bollinger_lower"": 104.404902, ""breakout_level"": 109.056046, ""close"": 109.582932, ""ema_10"": 107.961292, ""momentum_126"": 0.045681, ""momentum_63"": 0.022424, ""realized_vol_20"": 0.155254, ""rsi_2"": 74.042952, ""sma_100"": 106.659982, ""sma_200"": 103.306377, ""sma_50"": 105.453242, ""volume"": 157825000.0, ""volume_sma_20"": 143653730.0}",3621.736571416254,3618.74431857723,3753.5313613253497,-134.7870427481198,33.062621721810814,70.22618499617089,0.0,37.16356327436007,341.2290735857599,441.2290735857599,active,109.92882267567074,107.10647160750422,113.52279861013852,113.46603721083346,113.52279861013852,,13.167590557223805,1447.4977274308922,45.0,37.16356327436007,37.16356327436007,0.825856961652446,2.822351068166526,0.025674349997302063,46.576592712083404,1.2532865152954151,1.4707860237869341,0.0,stop_loss,stop loss,True,False,False,False,False,36,bull_normal_volatility,True,valid_win,,True,trend breakout
209,B_ETF_trend_following,v1_fixed_rules,XLK,equity_index,2012-08-03,2012-08-06,2012-08-03,2012-09-26,bull_normal_volatility,bull_normal_volatility,109.58293151855467,103.3063771057129,True,0.17379134359496856,normal_volatility,trend_following_breakout,trend_breakout,Trend filter and 20-day breakout conditions were met.,"{""atr_20"": 0.189161, ""bollinger_lower"": 11.597574, ""breakout_level"": 12.231684, ""close"": 12.348734, ""ema_10"": 12.119481, ""momentum_126"": 0.07323, ""momentum_63"": 0.020114, ""realized_vol_20"": 0.173791, ""rsi_2"": 75.000075, ""sma_100"": 12.066837, ""sma_200"": 11.541024, ""sma_50"": 11.857455, ""volume"": 16377200.0, ""volume_sma_20"": 16629010.0}",3621.736571416254,3616.985387009936,3753.5313613253497,-136.5459743154138,70.22618499617089,92.36073188859477,37.16356327436007,59.29811016678396,339.47014201846554,439.47014201846554,active,12.400916246881522,12.022595179271388,12.93699346156104,12.926375043534742,12.93699346156104,,58.50730711944883,725.54421541886,45.0,22.13454689242388,22.13454689242388,0.4918788198316418,0.37832106761013407,0.03050750929031321,30.74317919440597,1.3889229060717125,0.7409158050160629,0.0,stop_loss_gap,stop loss gap,True,False,False,True,False,36,bull_normal_volatility,True,valid_win,,True,trend breakout
213,A_ETF_sector_momentum,v1_fixed_rules,SHY,bond,2012-09-28,2012-10-01,2012-09-28,2012-10-02,bull_normal_volatility,bull_normal_volatility,113.82038116455078,106.53994956970215,True,0.004508232088495026,normal_volatility,weekly_momentum_rotation,ranked_momentum_risk_on,Weekly momentum rotation selected an eligible top-ranked ETF.,"{""atr_20"": 0.024686, ""bollinger_lower"": 68.314529, ""breakout_level"": 68.370155, ""close"": 68.381454, ""ema_10"": 68.346505, ""momentum_126"": 0.004059, ""momentum_63"": 0.002442, ""rank_at_signal"": 2.0, ""rank_score"": 0.720997, ""realized_vol_20"": 0.004508, ""rsi_2"": 100.0, ""score"": 0.720997, ""sma_100"": 68.29193, ""sma_200"": 68.23145, ""sma_50"": 68.331616, ""volume"": 876400.0, ""volume_sma_20"": 956240.0}",3684.9565882180004,3696.9772903619423,3753.5313613253497,-56.55407096340741,33.97370347233048,34.53339761820907,0.0,0.5596941458785941,603.9865093359925,733.9865093359925,active,68.41731686782836,68.36794534624299,68.36794534624299,68.33376137356987,68.36794534624299,,11.336376273329847,775.6044476253394,45.0,0.5596941458785941,0.5596941458785941,0.01243764768619098,0.04937152158537117,0.0007216231773711513,-0.9472165226183014,-1.6923824013406181,0.7751308393640303,0.0,stop_loss,stop loss,True,False,False,False,False,1,bull_normal_volatility,True,valid_loss,,True,weekly rank score=0.7210
211,A_ETF_sector_momentum,v1_fixed_rules,XLV,equity_index,2012-08-24,2012-08-27,2012-08-24,2012-10-10,bull_low_volatility,bull_low_volatility,111.28152465820312,104.37509860992432,True,0.07964336052292334,low_volatility,weekly_momentum_rotation,ranked_momentum_risk_on,Weekly momentum rotation selected an eligible top-ranked ETF.,"{""atr_20"": 0.238395, ""bollinger_lower"": 30.45799, ""breakout_level"": 30.959141, ""close"": 30.887377, ""ema_10"": 30.733857, ""momentum_126"": 0.079574, ""momentum_63"": 0.069434, ""rank_at_signal"": 1.0, ""rank_score"": 0.935474, ""realized_vol_20"": 0.079643, ""rsi_2"": 86.843497, ""score"": 0.935474, ""sma_100"": 29.766941, ""sma_200"": 28.779404, ""sma_50"": 30.363084, ""volume"": 5991200.0, ""volume_sma_20"": 4167160.0}",3595.0113717339227,3596.055524877992,3753.5313613253497,-157.47583644735778,6.003971492015007,27.31019221769536,6.003971492015007,27.31019221769536,540.8805599912682,670.8805599912682,active,30.92676118625318,30.449971469931818,32.33732481556649,32.32115615315871,32.33732481556649,,44.686829426748055,1382.0189018518681,45.0,21.30622072568035,21.30622072568035,0.47347157168178555,0.47678971632136324,0.01541673612215476,62.311090039623416,2.9245491653299154,1.4131744468716798,0.0,stop_loss,stop loss,True,False,False,False,False,31,bull_low_volatility,True,valid_win,,True,weekly rank score=0.9355
214,B_ETF_trend_following,v1_fixed_rules,XLV,equity_index,2012-10-02,2012-10-03,2012-10-02,2012-10-10,bull_normal_volatility,bull_normal_volatility,114.23943328857422,106.73776809692383,True,0.08133959607592564,normal_volatility,trend_following_breakout,trend_breakout,Trend filter and 20-day breakout conditions were met.,"{""atr_20"": 0.263638, ""bollinger_lower"": 31.106036, ""breakout_level"": 32.338943, ""close"": 32.48317, ""ema_10"": 32.17649, ""momentum_126"": 0.085925, ""momentum_63"": 0.068769, ""realized_vol_20"": 0.08134, ""rsi_2"": 100.0, ""sma_100"": 30.340111, ""sma_200"": 29.505108, ""sma_50"": 31.169487, ""volume"": 6266600.0, ""volume_sma_20"": 4990510.0}",3700.8471953912285,3715.677597789382,3753.5313613253497,-37.85376353596757,33.97370347233048,46.52639989253347,0.0,12.552696420202993,421.06786570148046,521.0678657014805,active,32.53949860741664,32.01222224403321,32.33732481556649,32.32115615315871,32.33732481556649,,23.806673865778485,774.6572311027211,45.0,12.552696420202993,12.552696420202993,0.2789488093378443,0.5272763633834288,0.016204194469771213,-5.198007599572169,-0.4140949024471119,0.772058227302935,0.0,stop_loss,stop loss,True,False,False,False,False,5,bull_normal_volatility,True,valid_loss,,True,trend breakout
212,B_ETF_trend_following,v1_fixed_rules,GLD,commodity_alternative,2012-09-27,2012-09-28,2012-09-27,2012-10-12,bull_normal_volatility,bull_normal_volatility,114.35009002685548,106.44705749511719,True,0.1480239743611982,normal_volatility,trend_following_breakout,trend_breakout,Trend filter and 20-day breakout conditions were met.,"{""atr_20"": 1.982502, ""bollinger_lower"": 162.051544, ""breakout_level"": 171.960007, ""close"": 172.339996, ""ema_10"": 170.627149, ""momentum_126"": 0.068576, ""momentum_63"": 0.140947, ""realized_vol_20"": 0.148024, ""rsi_2"": 72.492688, ""sma_100"": 157.9035, ""sma_200"": 160.0135, ""sma_50"": 161.68, ""volume"": 10539500.0, ""volume_sma_20"": 12194670.0}",3692.9793413464786,3686.8931678272556,3753.5313613253497,-66.6381934980941,0.0,33.97370347233048,0.0,33.97370347233048,418.5488454922493,518.5488454922493,active,172.11601377868652,168.15100981140137,169.93124771118164,169.84628208732605,169.93124771118164,,8.568390789175508,1474.7572671309024,45.0,33.97370347233048,33.97370347233048,0.7549711882740107,3.9650039672851562,0.023036810348068558,-19.447948118152855,-0.5724412157182696,1.465033293071826,0.0,stop_loss,stop loss,True,False,False,False,False,10,bull_normal_volatility,True,valid_loss,,True,trend breakout
217,B_ETF_trend_following,v1_fixed_rules,XLV,equity_index,2012-10-16,2012-10-17,2012-10-16,2012-10-19,bull_low_volatility,bull_low_volatility,115.06158447265624,107.60793994903564,True,0.09919521155516324,low_volatility,trend_following_breakout,trend_breakout,Trend filter and 20-day breakout conditions were met.,"{""atr_20"": 0.294719, ""bollinger_lower"": 31.787249, ""breakout_level"": 32.987961, ""close"": 33.116169, ""ema_10"": 32.629188, ""momentum_126"": 0.127715, ""momentum_63"": 0.071881, ""realized_vol_20"": 0.099195, ""rsi_2"": 100.0, ""sma_100"": 30.714973, ""sma_200"": 29.78546, ""sma_50"": 31.617231, ""volume"": 5658200.0, ""volume_sma_20"": 5643910.0}",3671.9236687025373,3685.869774274807,3753.5313613253497,-67.66158705054295,63.21755612809808,76.22282811873833,37.083844763991706,50.08911675463196,406.80750929041716,506.80750929041716,active,33.18884321517317,32.599404715537226,32.599404715537226,32.583105013179456,32.599404715537226,,22.063831932716774,732.2730587408682,45.0,13.005271990640257,13.005271990640257,0.28900604423645015,0.5894384996359463,0.017760139930591754,-13.364905884015405,-1.0276529313369203,0.7255906057988606,0.0,stop_loss,stop loss,True,False,False,False,False,2,bull_low_volatility,True,valid_loss,,True,trend breakout
215,A_ETF_sector_momentum,v1_fixed_rules,GLD,commodity_alternative,2012-10-12,2012-10-15,2012-10-12,2012-10-23,bull_low_volatility,bull_low_volatility,112.96661376953124,107.44305374145507,True,0.0911004713416949,low_volatility,weekly_momentum_rotation,ranked_momentum_risk_on,Weekly momentum rotation selected an eligible top-ranked ETF.,"{""atr_20"": 1.505502, ""bollinger_lower"": 169.755579, ""breakout_level"": 173.610001, ""close"": 170.059998, ""ema_10"": 171.314493, ""momentum_126"": 0.059828, ""momentum_63"": 0.102782, ""rank_at_signal"": 2.0, ""rank_score"": 0.892475, ""realized_vol_20"": 0.0911, ""rsi_2"": 27.586509, ""score"": 0.892475, ""sma_100"": 159.9712, ""sma_200"": 160.9334, ""sma_50"": 165.3482, ""volume"": 8266000.0, ""volume_sma_20"": 9112745.0}",3669.0985344073897,3669.0985344073897,3753.5313613253497,-84.43282691796003,0.0,26.13371136410637,0.0,26.13371136410637,602.2444335082733,732.2444335082733,active,169.09449950408936,166.0834963912964,166.0834963912964,165.95697328948975,166.0834963912964,,8.679403635642581,1467.6394137629557,45.0,26.13371136410637,26.13371136410637,0.580749141424586,3.011003112792963,0.01780662955698417,-27.231856433919702,-1.0420202494208912,1.4540234855459957,0.0,stop_loss_gap,stop loss gap,True,False,False,True,False,6,bull_low_volatility,True,valid_loss,,True,weekly rank score=0.8925
216,B_ETF_trend_following,v1_fixed_rules,XLF,equity_index,2012-10-16,2012-10-17,2012-10-16,2012-10-23,bull_low_volatility,bull_low_volatility,115.06158447265624,107.60793994903564,True,0.12435444813906635,low_volatility,trend_following_breakout,trend_breakout,Trend filter and 20-day breakout conditions were met.,"{""atr_20"": 0.129052, ""bollinger_lower"": 9.805473, ""breakout_level"": 10.169794, ""close"": 10.182453, ""ema_10"": 10.092196, ""momentum_126"": 0.058315, ""momentum_63"": 0.099854, ""realized_vol_20"": 0.124354, ""rsi_2"": 100.0, ""sma_100"": 9.410533, ""sma_200"": 9.337868, ""sma_50"": 9.801194, ""volume"": 94636818.0, ""volume_sma_20"": 70563074.2}",3671.9236687025373,3672.9651547589137,3753.5313613253497,-80.566206566436,26.13371136410637,63.21755612809808,0.0,37.083844763991706,393.9028897745243,493.9028897745243,active,10.225535331384343,9.967431763231476,10.011589048087288,10.006583253563244,10.011589048087288,,143.67815613470339,1469.1860619035656,45.0,37.083844763991706,37.083844763991706,0.8240854391998157,0.25810356815286717,0.02524108125280174,-31.45863082319755,-0.848310929554526,1.453456746491967,0.0,stop_loss,stop loss,True,False,False,False,False,4,bull_low_volatility,True,valid_loss,,True,trend breakout
218,A_ETF_sector_momentum,v1_fixed_rules,XLV,equity_index,2012-10-19,2012-10-22,2012-10-19,2012-11-07,bull_normal_volatility,bull_normal_volatility,113.3618392944336,107.83651611328125,True,0.1204262803800222,normal_volatility,weekly_momentum_rotation,ranked_momentum_risk_on,Weekly momentum rotation selected an eligible top-ranked ETF.,"{""atr_20"": 0.318101, ""bollinger_lower"": 31.902357, ""breakout_level"": 33.124176, ""close"": 32.531239, ""ema_10"": 32.744286, ""momentum_126"": 0.108694, ""momentum_63"": 0.079412, ""rank_at_signal"": 1.0, ""rank_score"": 0.781002, ""realized_vol_20"": 0.120426, ""rsi_2"": 1.332411, ""score"": 0.781002, ""sma_100"": 30.835991, ""sma_200"": 29.864361, ""sma_50"": 31.75106, ""volume"": 6218500.0, ""volume_sma_20"": 5544495.0}",3632.922841012688,3638.2172825279176,3753.5313613253497,-115.3140787974321,56.873118860100135,70.92553785586078,30.739407495993767,44.791826491754414,589.0994968987641,719.0994968987641,active,32.547508270698714,31.91130568811524,31.91130568811524,31.895350035271186,31.91130568811524,,22.08796282891058,718.9081528568529,45.0,14.052418995760645,14.052418995760645,0.3122759776835699,0.6362025825834721,0.019546890572763785,-14.404846862691157,-1.0250795159920034,0.7117057294255074,0.0,stop_loss,stop loss,True,False,False,False,False,10,bull_normal_volatility,True,valid_loss,,True,weekly rank score=0.7810
219,A_ETF_sector_momentum,v1_fixed_rules,XLF,equity_index,2012-11-02,2012-11-05,2012-11-02,2012-11-07,sideways_normal_volatility,sideways_normal_volatility,111.9151382446289,108.29934261322022,True,0.14370380391869317,normal_volatility,weekly_momentum_rotation,ranked_momentum_risk_on,Weekly momentum rotation selected an eligible top-ranked ETF.,"{""atr_20"": 0.131948, ""bollinger_lower"": 9.950827, ""breakout_level"": 10.33434, ""close"": 10.125498, ""ema_10"": 10.10901, ""momentum_126"": 0.052395, ""momentum_63"": 0.109564, ""rank_at_signal"": 1.0, ""rank_score"": 0.563515, ""realized_vol_20"": 0.143704, ""rsi_2"": 66.666332, ""score"": 0.563515, ""sma_100"": 9.568923, ""sma_200"": 9.426713, ""sma_50"": 9.949072, ""volume"": 65960673.0, ""volume_sma_20"": 75715677.1}",3588.5426823230146,3588.8964854080314,3753.5313613253497,-164.63487591731837,14.052418995760645,51.565323613177725,14.052418995760645,51.565323613177725,566.8659212161278,696.8659212161278,active,10.098900343474948,9.835003706398702,9.894510603883042,9.8895633485811,9.894510603883042,,142.1499911216322,1435.5585941632123,45.0,37.51290461741708,37.51290461741708,0.8336201026092684,0.2638966370762468,0.026131224994883167,-29.75725196558962,-0.793253742120877,1.4206799681804174,0.0,stop_loss,stop loss,True,False,False,False,False,2,sideways_normal_volatility,True,valid_loss,,True,weekly rank score=0.5635
220,B_ETF_trend_following,v1_fixed_rules,XLI,equity_index,2012-11-06,2012-11-07,2012-11-06,2012-11-08,sideways_normal_volatility,sideways_normal_volatility,113.02191925048828,108.39929874420166,True,0.13899632643363033,normal_volatility,trend_following_breakout,trend_breakout,Trend filter and 20-day breakout conditions were met.,"{""atr_20"": 0.373067, ""bollinger_lower"": 28.080894, ""breakout_level"": 29.23588, ""close"": 29.243687, ""ema_10"": 28.801798, ""momentum_126"": 0.045595, ""momentum_63"": 0.041821, ""realized_vol_20"": 0.138996, ""rsi_2"": 100.0, ""sma_100"": 28.130937, ""sma_200"": 28.115339, ""sma_50"": 28.676552, ""volume"": 10045200.0, ""volume_sma_20"": 11548795.0}",3606.8797674767493,3546.443472053499,3753.5313613253497,-207.0878892718506,43.10641866410291,79.58456345744193,43.10641866410291,79.58456345744193,349.07935306731133,449.07935306731133,active,29.015994016880256,28.26985944613977,28.26985944613977,28.541875087175228,28.26985944613977,,48.889498253829686,1418.5773888213998,45.0,36.47814479333902,36.47814479333902,0.8106254398519782,0.7461345707404874,0.025714596243244965,-23.179436585921582,-0.63543353745759,1.406987670528439,0.0,trend_exit,trend exit,False,False,False,False,False,1,sideways_normal_volatility,True,valid_loss,,True,trend breakout
223,A_ETF_sector_momentum,v1_fixed_rules,GLD,commodity_alternative,2012-11-09,2012-11-12,2012-11-09,2012-11-28,sideways_normal_volatility,sideways_normal_volatility,109.2271499633789,108.50257904052734,True,0.1412313495339004,normal_volatility,weekly_momentum_rotation,ranked_momentum_risk_on,Weekly momentum rotation selected an eligible top-ranked ETF.,"{""atr_20"": 1.666501, ""bollinger_lower"": 162.800071, ""breakout_level"": 171.320007, ""close"": 167.820007, ""ema_10"": 166.547513, ""momentum_126"": 0.084319, ""momentum_63"": 0.068985, ""rank_at_signal"": 1.0, ""rank_score"": 0.542741, ""realized_vol_20"": 0.141231, ""rsi_2"": 89.820458, ""score"": 0.542741, ""sma_100"": 162.0622, ""sma_200"": 161.62765, ""sma_50"": 168.5066, ""volume"": 7361000.0, ""volume_sma_20"": 8806245.0}",3559.943271221909,3563.25347773006,3753.5313613253497,-190.27788359528995,26.542643241312806,40.486608389504845,0.0,13.943965148192037,530.850478246073,660.850478246073,active,168.18405610656737,164.851054397583,165.73874855041504,165.34727767944338,165.73874855041504,,4.183605760118567,703.6157858875396,45.0,13.943965148192037,13.943965148192037,0.30986589218204524,3.3330017089843693,0.01981758429510382,-11.867962567896008,-0.851118203593244,0.6976818046035915,0.0,stop_loss_gap,stop loss gap,True,False,False,True,False,11,sideways_normal_volatility,True,valid_loss,,True,weekly rank score=0.5427
222,B_ETF_trend_following,v1_fixed_rules,TLT,bond,2012-11-07,2012-11-08,2012-11-07,2012-12-03,sideways_normal_volatility,sideways_normal_volatility,110.46046447753906,108.4390333557129,True,0.15176142675334986,normal_volatility,trend_following_breakout,trend_breakout,Trend filter and 20-day breakout conditions were met.,"{""atr_20"": 0.958646, ""bollinger_lower"": 82.668132, ""breakout_level"": 85.314644, ""close"": 85.335365, ""ema_10"": 84.344469, ""momentum_126"": 0.054929, ""momentum_63"": -0.010369, ""realized_vol_20"": 0.151761, ""rsi_2"": 65.578802, ""sma_100"": 85.672436, ""sma_200"": 82.894732, ""sma_50"": 84.564996, ""volume"": 10071000.0, ""volume_sma_20"": 5611805.0}",3530.3998935103896,3535.5129440592336,3753.5313613253497,-218.0184172661161,12.702334502013494,44.51432273877299,12.702334502013494,44.51432273877299,331.71125468856866,431.71125468856866,active,85.2334359215326,83.3161433646842,85.35596896417476,85.267494286248,85.35596896417476,,16.592140893224528,1414.2051776236935,45.0,31.811988236759497,31.811988236759497,0.7069330719279888,1.917292556848409,0.02249460597380472,0.5651011859506114,0.0177637808031635,1.4144877282166688,0.0,stop_loss_gap,stop loss gap,True,False,False,True,False,16,sideways_normal_volatility,True,valid_win,,True,trend breakout
221,B_ETF_trend_following,v1_fixed_rules,IEF,bond,2012-11-07,2012-11-08,2012-11-07,2012-12-12,sideways_normal_volatility,sideways_normal_volatility,110.46046447753906,108.4390333557129,True,0.06345900415042073,normal_volatility,trend_following_breakout,trend_breakout,Trend filter and 20-day breakout conditions were met.,"{""atr_20"": 0.363939, ""bollinger_lower"": 79.524244, ""breakout_level"": 80.680817, ""close"": 80.879021, ""ema_10"": 80.364407, ""momentum_126"": 0.028947, ""momentum_63"": 0.007576, ""realized_vol_20"": 0.063459, ""rsi_2"": 64.748159, ""sma_100"": 80.425735, ""sma_200"": 79.156236, ""sma_50"": 80.354858, ""volume"": 979800.0, ""volume_sma_20"": 664400.0}",3530.3998935103896,3529.701605852055,3753.5313613253497,-223.82975547329488,0.0,12.702334502013494,0.0,12.702334502013494,325.89991648138977,425.89991648138977,active,80.90450558825833,80.17662813043141,80.99796529149933,80.95746630885358,80.99796529149933,,17.451199189402477,1411.8806423408219,45.0,12.702334502013494,12.702334502013494,0.2822741000447443,0.7278774578269207,0.008996748111053996,0.9242280843220255,0.07276049014262084,1.412342756382983,0.0,stop_loss,stop loss,True,False,False,False,False,23,sideways_normal_volatility,True,valid_win,,True,trend breakout
224,A_ETF_sector_momentum,v1_fixed_rules,XLV,equity_index,2012-11-30,2012-12-03,2012-11-30,2012-12-24,sideways_normal_volatility,sideways_normal_volatility,112.3814926147461,108.92598793029785,True,0.12464287637937528,normal_volatility,weekly_momentum_rotation,ranked_momentum_risk_on,Weekly momentum rotation selected an eligible top-ranked ETF.,"{""atr_20"": 0.366179, ""bollinger_lower"": 30.914283, ""breakout_level"": 32.338943, ""close"": 32.242786, ""ema_10"": 31.904546, ""momentum_126"": 0.124701, ""momentum_63"": 0.040926, ""rank_at_signal"": 1.0, ""rank_score"": 0.66441, ""realized_vol_20"": 0.124643, ""rsi_2"": 100.0, ""score"": 0.66441, ""sma_100"": 31.486616, ""sma_200"": 30.35082, ""sma_50"": 32.162387, ""volume"": 4229000.0, ""volume_sma_20"": 6612375.0}",3534.748831859676,3535.5020817760874,3753.5313613253497,-218.02927954926236,2.2376796808788026,17.903179213993038,0.0,15.665499533114236,518.9825156781769,648.9825156781769,active,32.33906201550637,31.60670328039088,32.23277526851997,32.21665888088572,32.23277526851997,,21.390472704123415,691.7478233196434,45.0,15.665499533114236,15.665499533114236,0.348122211846983,0.7323587351154899,0.02264625779078962,-2.6182609100022525,-0.16713548804924405,0.6904386928646423,0.0,stop_loss,stop loss,True,False,False,False,False,15,sideways_normal_volatility,True,valid_loss,,True,weekly rank score=0.6644
225,B_ETF_trend_following,v1_fixed_rules,XLV,equity_index,2012-12-05,2012-12-06,2012-12-05,2012-12-24,sideways_normal_volatility,sideways_normal_volatility,111.86767578125,109.01763877868652,True,0.12403739436155932,normal_volatility,trend_following_breakout,trend_breakout,Trend filter and 20-day breakout conditions were met.,"{""atr_20"": 0.357766, ""bollinger_lower"": 30.896648, ""breakout_level"": 32.242786, ""close"": 32.346962, ""ema_10"": 32.067692, ""momentum_126"": 0.139685, ""momentum_63"": 0.042411, ""realized_vol_20"": 0.124037, ""rsi_2"": 100.0, ""sma_100"": 31.553432, ""sma_200"": 30.405541, ""sma_50"": 32.172918, ""volume"": 6294400.0, ""volume_sma_20"": 6664160.0}",3527.862995450404,3528.3029352509366,3753.5313613253497,-225.22842607441316,16.95047365815319,48.169544928028245,15.665499533114236,46.884570802989295,336.54342651371877,436.54342651371877,active,32.347082817077634,31.631550518426614,32.23277526851997,32.21665888088572,32.23277526851997,,43.63055494312668,1411.3211741003747,45.0,31.21907126987506,31.21907126987506,0.6937571393305568,0.71553229865102,0.02212045836396891,-5.690468713920295,-0.18227540033874523,1.4084759397434148,0.0,stop_loss,stop loss,True,False,False,False,False,12,sideways_normal_volatility,True,valid_loss,,True,trend breakout
226,A_ETF_sector_momentum,v1_fixed_rules,XLF,equity_index,2012-12-07,2012-12-10,2012-12-07,2012-12-27,sideways_normal_volatility,sideways_normal_volatility,112.58708953857422,109.0805324935913,True,0.12930172600454706,normal_volatility,weekly_momentum_rotation,ranked_momentum_risk_on,Weekly momentum rotation selected an eligible top-ranked ETF.,"{""atr_20"": 0.128151, ""bollinger_lower"": 9.603326, ""breakout_level"": 10.062215, ""close"": 10.144485, ""ema_10"": 9.998024, ""momentum_126"": 0.157767, ""momentum_63"": 0.037153, ""rank_at_signal"": 2.0, ""rank_score"": 0.75374, ""realized_vol_20"": 0.129302, ""rsi_2"": 100.0, ""score"": 0.75374, ""sma_100"": 9.771439, ""sma_200"": 9.533019, ""sma_50"": 9.997537, ""volume"": 44538688.0, ""volume_sma_20"": 55925831.85}",3530.3254777817974,3540.4877158503996,3753.5313613253497,-213.04364547495015,45.68467390073279,45.77204483293938,45.68467390073279,45.77204483293938,523.9505331752974,653.9505331752974,active,10.117895373837317,9.861594094144323,10.280597763138472,10.275457464256903,10.280597763138472,,0.34089151763598124,3.449104709269477,45.0,0.08737093220658905,0.08737093220658905,0.0019415762712575344,0.25630127969299465,0.02533148152092323,0.05371158012503008,0.614753428497578,0.003475960499331992,0.0,stop_loss,stop loss,True,False,False,False,False,12,sideways_normal_volatility,True,valid_win,,True,weekly rank score=0.7537
227,B_ETF_trend_following,v1_fixed_rules,XLF,equity_index,2012-12-12,2012-12-13,2012-12-12,2012-12-27,sideways_normal_volatility,sideways_low_volatility,113.4567413330078,109.17840740203857,True,0.12675129590325002,normal_volatility,trend_following_breakout,trend_breakout,Trend filter and 20-day breakout conditions were met.,"{""atr_20"": 0.123088, ""bollinger_lower"": 9.611706, ""breakout_level"": 10.169794, ""close"": 10.214096, ""ema_10"": 10.077607, ""momentum_126"": 0.155784, ""momentum_63"": 0.033614, ""realized_vol_20"": 0.126751, ""rsi_2"": 100.0, ""sma_100"": 9.798856, ""sma_200"": 9.547456, ""sma_50"": 10.016142, ""volume"": 68531370.0, ""volume_sma_20"": 55221305.95}",3553.382529626345,3535.1306912281034,3753.5313613253497,-218.40067009724635,13.976564087299405,48.010407899810474,13.976564087299405,48.010407899810474,337.8710248795158,437.8710248795158,active,10.219205066212218,9.973028940696153,10.280597763138472,10.275457464256903,10.280597763138472,,138.24997749544178,1412.804870425144,45.0,34.03384381251107,34.03384381251107,0.7563076402780239,0.24617612551606527,0.024089557252354,7.7768927637422065,0.22850468511826946,1.416693316807015,0.0,stop_loss,stop loss,True,False,False,False,False,9,sideways_low_volatility,True,valid_win,,True,trend breakout
229,A_ETF_sector_momentum,v1_fixed_rules,XLI,equity_index,2012-12-28,2012-12-31,2012-12-28,2013-02-04,sideways_low_volatility,sideways_normal_volatility,111.49066925048828,109.53413452148438,True,0.10454284210566017,low_volatility,weekly_momentum_rotation,ranked_momentum_risk_on,Weekly momentum rotation selected an eligible top-ranked ETF.,"{""atr_20"": 0.301808, ""bollinger_lower"": 28.717198, ""breakout_level"": 30.048418, ""close"": 29.292944, ""ema_10"": 29.603177, ""momentum_126"": 0.093789, ""momentum_63"": 0.031729, ""rank_at_signal"": 2.0, ""rank_score"": 0.60032, ""realized_vol_20"": 0.104543, ""rsi_2"": 0.0, ""score"": 0.60032, ""sma_100"": 28.758604, ""sma_200"": 28.21292, ""sma_50"": 28.914478, ""volume"": 6626000.0, ""volume_sma_20"": 8407860.0}",3492.146098103323,3519.268827059747,3753.5313613253497,-234.26253426560288,34.58783210709079,63.658902157803276,34.58783210709079,63.658902157803276,516.4179663482997,646.4179663482997,active,29.22885312729564,28.625237661611315,31.25064585504573,31.677498391949637,31.25064585504573,,48.16157256301302,1407.7075308238989,45.0,29.071070050712486,29.071070050712486,0.6460237789047218,0.6036154656843244,0.020651356488586698,117.9306065947117,4.056631090255359,1.4666728341212547,0.0,rank_drop_exit,rank drop exit,False,False,False,False,False,23,sideways_normal_volatility,True,valid_win,,True,weekly rank score=0.6003
228,B_ETF_trend_following,v1_fixed_rules,XLB,equity_index,2012-12-26,2012-12-27,2012-12-26,2013-02-20,sideways_low_volatility,sideways_low_volatility,112.8601303100586,109.49443267822265,True,0.12713254091434933,low_volatility,trend_following_breakout,trend_breakout,Trend filter and 20-day breakout conditions were met.,"{""atr_20"": 0.175522, ""bollinger_lower"": 13.430456, ""breakout_level"": 14.27201, ""close"": 14.306419, ""ema_10"": 14.101488, ""momentum_126"": 0.123735, ""momentum_63"": 0.011002, ""realized_vol_20"": 0.127133, ""rsi_2"": 100.0, ""sma_100"": 13.779479, ""sma_200"": 13.523511, ""sma_50"": 13.79759, ""volume"": 20367200.0, ""volume_sma_20"": 16494020.0}",3539.51049477247,3534.2153459370293,3753.5313613253497,-219.31601538832047,0.0,34.58783210709079,0.0,34.58783210709079,344.80836169769407,444.80836169769407,active,14.347996570663394,13.996952528433672,14.856480213946853,14.84905197383988,14.856480213946853,,98.52846921258002,1413.686138374812,45.0,34.58783210709079,34.58783210709079,0.7686184912686842,0.35104404222972185,0.024466415258802294,49.36822186567118,1.4273291749774133,1.4383702493076476,0.0,stop_loss,stop loss,True,False,False,False,False,36,sideways_low_volatility,True,valid_win,,True,trend breakout
230,B_ETF_trend_following,v1_fixed_rules,XLF,equity_index,2013-01-02,2013-01-03,2013-01-02,2013-02-21,bull_normal_volatility,bull_normal_volatility,116.2917022705078,109.5895809173584,True,0.16781607340475346,normal_volatility,trend_following_breakout,trend_breakout,Trend filter and 20-day breakout conditions were met.,"{""atr_20"": 0.132494, ""bollinger_lower"": 9.893686, ""breakout_level"": 10.568486, ""close"": 10.742973, ""ema_10"": 10.437066, ""momentum_126"": 0.164361, ""momentum_63"": 0.088885, ""realized_vol_20"": 0.167816, ""rsi_2"": 100.0, ""sma_100"": 9.957345, ""sma_200"": 9.616257, ""sma_50"": 10.095501, ""volume"": 86126792.0, ""volume_sma_20"": 60215959.2}",3618.032330987284,3608.2428084360554,3753.5313613253497,-145.28855288929435,11.92098212550642,29.115818374215696,11.92098212550642,29.115818374215696,354.76150904242786,454.76150904242786,active,10.748342646125067,10.483354934361408,11.145757366901686,11.140184488218235,11.145757366901686,,64.88918348049754,697.4511780756659,45.0,17.194836248709276,17.194836248709276,0.38210747219353947,0.2649877117636592,0.02465382063896066,25.42629718691972,1.4787170298774048,0.7101643266691258,0.0,stop_loss,stop loss,True,False,False,False,False,33,bull_normal_volatility,True,valid_win,,True,trend breakout
231,A_ETF_sector_momentum,v1_fixed_rules,XLF,equity_index,2013-02-01,2013-02-04,2013-02-01,2013-02-21,bull_low_volatility,bull_low_volatility,120.41596221923828,110.5062010192871,True,0.0898245851059923,low_volatility,weekly_momentum_rotation,ranked_momentum_risk_on,Weekly momentum rotation selected an eligible top-ranked ETF.,"{""atr_20"": 0.104118, ""bollinger_lower"": 10.73315, ""breakout_level"": 11.125059, ""close"": 11.214213, ""ema_10"": 11.066219, ""momentum_126"": 0.213778, ""momentum_63"": 0.114488, ""rank_at_signal"": 1.0, ""rank_score"": 1.827259, ""realized_vol_20"": 0.089825, ""rsi_2"": 95.836531, ""score"": 1.827259, ""sma_100"": 10.260646, ""sma_200"": 9.738537, ""sma_50"": 10.512098, ""volume"": 71294104.0, ""volume_sma_20"": 56264412.35}",3749.605730937561,3718.6822544124234,3753.6145539096888,-34.932299497265376,0.0,27.79643613500878,0.0,27.79643613500878,634.3485729430114,764.3485729430114,active,11.143363103451996,10.935126852245816,11.145757366901686,11.140184488218235,11.145757366901686,,133.4850967302842,1487.4729017649697,45.0,27.79643613500878,27.79643613500878,0.6176985807779729,0.2082362512061806,0.01868702018169659,-0.4242977619469354,-0.015264466274960519,1.4872607528839963,0.0,stop_loss,stop loss,True,False,False,False,False,12,bull_low_volatility,True,valid_loss,,True,weekly rank score=1.8273
232,A_ETF_sector_momentum,v1_fixed_rules,XLY,equity_index,2013-02-01,2013-02-04,2013-02-01,2013-02-21,bull_low_volatility,bull_low_volatility,120.41596221923828,110.5062010192871,True,0.07669261396256499,low_volatility,weekly_momentum_rotation,ranked_momentum_risk_on,Weekly momentum rotation selected an eligible top-ranked ETF.,"{""atr_20"": 0.175628, ""bollinger_lower"": 20.673339, ""breakout_level"": 21.883646, ""close"": 21.677279, ""ema_10"": 21.569375, ""momentum_126"": 0.169512, ""momentum_63"": 0.101442, ""rank_at_signal"": 2.0, ""rank_score"": 1.766495, ""realized_vol_20"": 0.076693, ""rsi_2"": 54.718497, ""score"": 1.766495, ""sma_100"": 20.291341, ""sma_200"": 19.505319, ""sma_50"": 20.677878, ""volume"": 10308600.0, ""volume_sma_20"": 9594730.0}",3749.605730937561,3711.1384922316447,3753.6145539096888,-42.47606167804406,27.79643613500878,28.418129697500262,27.79643613500878,28.418129697500262,626.8048107622329,756.8048107622329,active,21.5633646593863,21.212107690451063,21.502072324711357,21.491321288549003,21.502072324711357,,1.7699109696699353,38.16523565364082,45.0,0.6216935624914848,0.6216935624914848,0.013815412499810774,0.3512569689352354,0.016289525057136066,-0.127510352336929,-0.2051016128040983,0.03810148047747235,0.0,stop_loss,stop loss,True,False,False,False,False,12,bull_low_volatility,True,valid_loss,,True,weekly rank score=1.7665
234,A_ETF_sector_momentum,v1_fixed_rules,XLI,equity_index,2013-02-22,2013-02-25,2013-02-22,2013-02-25,bull_normal_volatility,bull_normal_volatility,120.93350219726562,111.34703411102295,True,0.10084370703175302,normal_volatility,weekly_momentum_rotation,ranked_momentum_risk_on,Weekly momentum rotation selected an eligible top-ranked ETF.,"{""atr_20"": 0.271917, ""bollinger_lower"": 31.474805, ""breakout_level"": 32.551216, ""close"": 32.141953, ""ema_10"": 32.100908, ""momentum_126"": 0.11606, ""momentum_63"": 0.135825, ""rank_at_signal"": 2.0, ""rank_score"": 1.24889, ""realized_vol_20"": 0.100844, ""rsi_2"": 51.612386, ""score"": 1.24889, ""sma_100"": 29.832532, ""sma_200"": 28.741106, ""sma_50"": 31.009212, ""volume"": 9693400.0, ""volume_sma_20"": 8446400.0}",3715.725237151428,3695.487224774875,3779.831384192186,-84.34415941731095,19.460516332654706,44.32478400460376,19.460516332654706,44.32478400460376,633.7967648287275,763.7967648287275,active,32.33125725489136,31.7874229878109,31.7874229878109,31.771529276316997,31.7874229878109,,45.720303366375134,1478.19488990995,45.0,24.864267671949047,24.864267671949047,0.5525392815988677,0.543834267080463,0.016820696541214365,-25.590932983067898,-1.0292252850840504,1.465399423418416,0.0,stop_loss,stop loss,True,False,False,False,False,0,bull_normal_volatility,True,valid_loss,,True,weekly rank score=1.2489
233,B_ETF_trend_following,v1_fixed_rules,XLP,equity_index,2013-02-21,2013-02-22,2013-02-21,2013-04-05,bull_low_volatility,bull_normal_volatility,119.76309967041016,111.27826454162597,True,0.07565584078783252,low_volatility,trend_following_breakout,trend_breakout,Trend filter and 20-day breakout conditions were met.,"{""atr_20"": 0.176281, ""bollinger_lower"": 25.712336, ""breakout_level"": 26.787598, ""close"": 26.822847, ""ema_10"": 26.550449, ""momentum_126"": 0.079062, ""momentum_63"": 0.099994, ""realized_vol_20"": 0.075656, ""rsi_2"": 63.156171, ""sma_100"": 25.198009, ""sma_200"": 24.653841, ""sma_50"": 25.59799, ""volume"": 9752400.0, ""volume_sma_20"": 5722540.0}",3711.0181648073954,3711.0181648073954,3779.831384192186,-68.8132193847905,0.0,19.460516332654706,0.0,19.460516332654706,404.2701888540752,504.2701888540752,active,26.892687383310292,26.540125391688346,28.001246078346142,27.987245455306972,28.001246078346142,,55.19743135987916,1484.4072659229582,45.0,19.460516332654706,19.460516332654706,0.4324559185034379,0.3525619916219469,0.01310995761028882,60.41679404843841,3.1045833016803956,1.5146156629471774,0.0,stop_loss,stop loss,True,False,False,False,False,29,bull_normal_volatility,True,valid_win,,True,trend breakout
235,B_ETF_trend_following,v1_fixed_rules,XLU,equity_index,2013-02-22,2013-02-25,2013-02-22,2013-05-06,bull_normal_volatility,bull_normal_volatility,120.93350219726562,111.34703411102295,True,0.07271772667320847,normal_volatility,trend_following_breakout,trend_breakout,Trend filter and 20-day breakout conditions were met.,"{""atr_20"": 0.094891, ""bollinger_lower"": 11.69922, ""breakout_level"": 11.975399, ""close"": 12.02066, ""ema_10"": 11.916943, ""momentum_126"": 0.022537, ""momentum_63"": 0.095242, ""realized_vol_20"": 0.072718, ""rsi_2"": 69.811447, ""sma_100"": 11.512293, ""sma_200"": 11.543746, ""sma_50"": 11.59654, ""volume"": 12183000.0, ""volume_sma_20"": 14272600.0}",3715.725237151428,3656.6066187559154,3779.831384192186,-123.22476543627045,44.32478400460376,56.10321301248925,44.32478400460376,56.10321301248925,388.73924882155484,488.73924882155484,active,12.059014062066339,11.869231589040721,13.17637875308406,13.169790563707519,13.17637875308406,,62.062785989176,748.4160089744871,45.0,11.77842900788549,11.77842900788549,0.2617428668418998,0.1897824730256179,0.01573781007707841,68.93788430316214,5.8528929670509715,0.7828849511260683,0.0,stop_loss,stop loss,True,False,False,False,False,49,bull_normal_volatility,True,valid_win,,True,trend breakout
237,A_ETF_sector_momentum,v1_fixed_rules,XLU,equity_index,2013-04-05,2013-04-08,2013-04-05,2013-05-06,bull_low_volatility,bull_low_volatility,124.08651733398438,114.19496562957764,True,0.07834581314234702,low_volatility,weekly_momentum_rotation,ranked_momentum_risk_on,Weekly momentum rotation selected an eligible top-ranked ETF.,"{""atr_20"": 0.107591, ""bollinger_lower"": 12.128966, ""breakout_level"": 12.849042, ""close"": 12.904474, ""ema_10"": 12.698943, ""momentum_126"": 0.114416, ""momentum_63"": 0.122431, ""rank_at_signal"": 2.0, ""rank_score"": 1.51155, ""realized_vol_20"": 0.078346, ""rsi_2"": 100.0, ""score"": 1.51155, ""sma_100"": 11.726059, ""sma_200"": 11.705031, ""sma_50"": 12.169892, ""volume"": 14905800.0, ""volume_sma_20"": 12821490.0}",3894.2990777825817,3901.7060568215556,3923.352294008493,-21.64623718693747,0.0,25.71457628991574,0.0,25.71457628991574,705.5240053981477,835.5240053981477,active,12.927245521229464,12.712063320364285,13.17637875308406,13.169790563707519,13.17637875308406,,119.5014094405839,1544.8240599713965,45.0,25.71457628991574,25.71457628991574,0.5714350286647942,0.21518220086517914,0.016645634254551848,28.98447442895382,1.1271612684639258,1.5593162971858736,0.0,stop_loss,stop loss,True,False,False,False,False,20,bull_low_volatility,True,valid_win,,True,weekly rank score=1.5116
236,A_ETF_sector_momentum,v1_fixed_rules,XLV,equity_index,2013-03-01,2013-03-04,2013-03-01,2013-05-20,bull_normal_volatility,bull_normal_volatility,121.10865020751952,111.68734104156493,True,0.10285705279740334,normal_volatility,weekly_momentum_rotation,ranked_momentum_risk_on,Weekly momentum rotation selected an eligible top-ranked ETF.,"{""atr_20"": 0.317, ""bollinger_lower"": 34.500893, ""breakout_level"": 35.188145, ""close"": 35.268692, ""ema_10"": 34.942748, ""momentum_126"": 0.14067, ""momentum_63"": 0.102892, ""rank_at_signal"": 1.0, ""rank_score"": 1.183984, ""realized_vol_20"": 0.102857, ""rsi_2"": 89.187944, ""score"": 1.183984, ""sma_100"": 33.08783, ""sma_200"": 31.730999, ""sma_50"": 33.958352, ""volume"": 7491500.0, ""volume_sma_20"": 6035935.0}",3692.6189155685524,3711.5307926015194,3779.831384192186,-68.3005915906665,31.238945340540198,57.38609119713195,31.238945340540198,57.38609119713195,608.2058318456596,738.2058318456596,active,35.22186133112012,34.58786116805172,38.91958666533581,39.730012459054365,38.91958666533581,,41.241544371291944,1452.6039569268821,45.0,26.14714585659175,26.14714585659175,0.5810476857020389,0.6340001630684,0.018000189061792484,185.9231147751901,7.110646637874569,1.545565514314477,0.0,rank_drop_exit,rank drop exit,False,False,False,False,False,54,bull_normal_volatility,True,valid_win,,True,weekly rank score=1.1840
238,B_ETF_trend_following,v1_fixed_rules,XLY,equity_index,2013-05-06,2013-05-07,2013-05-06,2013-05-23,bull_high_volatility,bull_high_volatility,129.38072204589844,116.3346883392334,True,0.15951036834392507,high_volatility,trend_following_breakout,trend_breakout,Trend filter and 20-day breakout conditions were met.,"{""atr_20"": 0.277059, ""bollinger_lower"": 22.61394, ""breakout_level"": 23.950003, ""close"": 24.02762, ""ema_10"": 23.587405, ""momentum_126"": 0.20698, ""momentum_63"": 0.122224, ""realized_vol_20"": 0.15951, ""rsi_2"": 100.0, ""sma_100"": 21.963045, ""sma_200"": 20.785042, ""sma_50"": 22.799689, ""volume"": 6391000.0, ""volume_sma_20"": 11039840.0}",3971.44903536427,3976.453983984433,4037.9087203026147,-61.45473631818186,0.0,36.55826968245435,0.0,36.55826968245435,533.6248672056757,633.6248672056757,active,24.10866610035383,23.55454732987969,24.3391767615267,24.32700717314594,24.3391767615267,,65.97551216533,1590.581593593773,45.0,36.55826968245435,36.55826968245435,0.8124059929434301,0.5541187704741404,0.02298421522649102,14.405164104187103,0.394032984309995,1.5977841756458666,0.0,stop_loss,stop loss,True,False,False,False,False,12,bull_high_volatility,True,valid_win,,True,trend breakout
239,B_ETF_trend_following,v1_fixed_rules,SPY,equity_index,2013-05-06,2013-05-07,2013-05-06,2013-05-23,bull_high_volatility,bull_high_volatility,129.38072204589844,116.3346883392334,True,0.14866326122590046,high_volatility,trend_following_breakout,trend_breakout,Trend filter and 20-day breakout conditions were met.,"{""atr_20"": 1.337149, ""bollinger_lower"": 123.148978, ""breakout_level"": 129.052856, ""close"": 129.380722, ""ema_10"": 127.493293, ""momentum_126"": 0.145782, ""momentum_63"": 0.086663, ""realized_vol_20"": 0.148663, ""rsi_2"": 100.0, ""sma_100"": 121.002762, ""sma_200"": 116.334688, ""sma_50"": 124.61762, ""volume"": 66882100.0, ""volume_sma_20"": 131020660.0}",3971.44903536427,3984.4785248923667,4037.9087203026147,-53.43019541024796,36.55826968245435,53.0622965253921,36.55826968245435,53.0622965253921,541.6494081136099,641.6494081136099,active,129.72545411404204,127.05115529778385,131.1531758319635,131.0875992440475,131.1531758319635,,6.171347323867788,800.5808340842268,45.0,16.50402684293775,16.50402684293775,0.36675615206528334,2.6742988162581867,0.02061506613734574,8.406270702778816,0.5093466450811033,0.8047839694356163,0.0,stop_loss,stop loss,True,False,False,False,False,12,bull_high_volatility,True,valid_win,,True,trend breakout
240,A_ETF_sector_momentum,v1_fixed_rules,XLY,equity_index,2013-05-17,2013-05-20,2013-05-17,2013-05-23,bull_low_volatility,bull_low_volatility,133.50738525390625,117.42158336639405,True,0.09741880649406516,low_volatility,weekly_momentum_rotation,ranked_momentum_risk_on,Weekly momentum rotation selected an eligible top-ranked ETF.,"{""atr_20"": 0.22251, ""bollinger_lower"": 22.843012, ""breakout_level"": 24.8685, ""close"": 24.816751, ""ema_10"": 24.452639, ""momentum_126"": 0.293531, ""momentum_63"": 0.133142, ""rank_at_signal"": 1.0, ""rank_score"": 2.189891, ""realized_vol_20"": 0.097419, ""rsi_2"": 45.081774, ""score"": 2.189891, ""sma_100"": 22.341975, ""sma_200"": 21.053235, ""sma_50"": 23.262573, ""volume"": 11421400.0, ""volume_sma_20"": 8594770.0}",4099.56395026778,4094.8594042571212,4106.605937239914,-11.746532982792814,0.0,29.42374416908513,0.0,29.42374416908513,823.1134210498036,953.1134210498036,active,24.77307236672797,24.32805309277986,24.32805309277986,24.31588906623347,24.32805309277986,,66.1179096987068,1637.9437617028486,45.0,29.42374416908513,29.42374416908513,0.6538609815352251,0.4450192739481089,0.017963830539880956,-30.228004177852032,-1.0273337072313156,1.6228297596139227,0.0,stop_loss,stop loss,True,False,False,False,False,3,bull_low_volatility,True,valid_loss,,True,weekly rank score=2.1899
241,A_ETF_sector_momentum,v1_fixed_rules,SPY,equity_index,2013-05-17,2013-05-20,2013-05-17,2013-05-23,bull_low_volatility,bull_low_volatility,133.50738525390625,117.42158336639405,True,0.0838637382629322,low_volatility,weekly_momentum_rotation,ranked_momentum_risk_on,Weekly momentum rotation selected an eligible top-ranked ETF.,"{""atr_20"": 1.066439, ""bollinger_lower"": 124.149405, ""breakout_level"": 132.851532, ""close"": 133.507385, ""ema_10"": 131.270832, ""momentum_126"": 0.242344, ""momentum_63"": 0.102377, ""rank_at_signal"": 2.0, ""rank_score"": 2.055243, ""realized_vol_20"": 0.083864, ""rsi_2"": 67.228912, ""score"": 2.055243, ""sma_100"": 122.603586, ""sma_200"": 117.421583, ""sma_50"": 126.446312, ""volume"": 129801000.0, ""volume_sma_20"": 110320115.0}",4099.56395026778,4092.9004678549213,4106.605937239914,-13.705469384992739,29.42374416908513,29.43306725371886,29.42374416908513,29.43306725371886,821.1544846476035,951.1544846476035,active,133.44609382223965,131.31321554413523,131.31321554413523,131.21853409598572,131.31321554413523,,0.004371128314933989,0.5833099992237294,45.0,0.009323084633729854,0.009323084633729854,0.0002071796585273301,2.132878278104414,0.015983070144755005,-0.009736949392635155,-1.0443913978221313,0.0005784415245274118,0.0,stop_loss_gap,stop loss gap,True,False,False,True,False,3,bull_low_volatility,True,valid_loss,,True,weekly rank score=2.0552
242,A_ETF_sector_momentum,v1_fixed_rules,XLV,equity_index,2013-05-24,2013-05-28,2013-05-24,2013-05-31,bull_low_volatility,bull_low_volatility,132.20382690429688,118.02702232360839,True,0.1131960767465022,low_volatility,weekly_momentum_rotation,ranked_momentum_risk_on,Weekly momentum rotation selected an eligible top-ranked ETF.,"{""atr_20"": 0.432049, ""bollinger_lower"": 37.745603, ""breakout_level"": 39.91172, ""close"": 39.741798, ""ema_10"": 39.58365, ""momentum_126"": 0.254718, ""momentum_63"": 0.149675, ""rank_at_signal"": 2.0, ""rank_score"": 1.786252, ""realized_vol_20"": 0.113196, ""rsi_2"": 0.0, ""score"": 1.786252, ""sma_100"": 36.39388, ""sma_200"": 34.139399, ""sma_50"": 38.179801, ""volume"": 5906800.0, ""volume_sma_20"": 9345005.0}",4022.2631930597936,4022.2631930597936,4108.896687653191,-86.6334945933977,0.0,34.68222435624032,0.0,34.68222435624032,792.8756799225589,922.8756799225589,active,40.08545817161053,39.221359536711844,39.221359536711844,39.20174885694349,39.221359536711844,,40.13688131830765,1608.9052772239177,45.0,34.68222435624032,34.68222435624032,0.7707160968053404,0.8640986348986885,0.021556411584454923,-35.46933588267414,-1.0226949551548068,1.5911706092825806,0.0,stop_loss,stop loss,True,False,False,False,False,3,bull_low_volatility,True,valid_loss,,True,weekly rank score=1.7863
243,B_ETF_trend_following,v1_fixed_rules,XLV,equity_index,2013-05-28,2013-05-29,2013-05-28,2013-05-31,bull_low_volatility,bull_low_volatility,132.99554443359375,118.14027111053467,True,0.11710463568069446,low_volatility,trend_following_breakout,trend_breakout,Trend filter and 20-day breakout conditions were met.,"{""atr_20"": 0.45713, ""bollinger_lower"": 37.76577, ""breakout_level"": 39.91172, ""close"": 40.146332, ""ema_10"": 39.685956, ""momentum_126"": 0.25197, ""momentum_63"": 0.158408, ""realized_vol_20"": 0.117105, ""rsi_2"": 76.920733, ""sma_100"": 36.46771, ""sma_200"": 34.18701, ""sma_50"": 38.258929, ""volume"": 9923800.0, ""volume_sma_20"": 9643695.0}",4024.706470140487,3999.376402564434,4108.896687653191,-109.52028508875719,34.68222435624032,71.29468249647718,34.68222435624032,71.29468249647718,556.4363020126416,656.4363020126416,active,39.94783071421974,39.03357050675351,39.03357050675351,39.01405372150014,39.03357050675351,,40.045993297361456,1599.7505610257738,45.0,36.61245814023685,36.61245814023685,0.8136101808941523,0.9142602074662278,0.022886354305611638,-37.39402719167946,-1.0213470794134871,1.581053547429934,0.0,stop_loss,stop loss,True,False,False,False,False,2,bull_low_volatility,True,valid_loss,,True,trend breakout
244,A_ETF_sector_momentum,v1_fixed_rules,XLF,equity_index,2013-05-31,2013-06-03,2013-05-31,2013-06-05,bull_normal_volatility,bull_normal_volatility,130.7162628173828,118.4585704421997,True,0.1398577885628953,normal_volatility,weekly_momentum_rotation,ranked_momentum_risk_on,Weekly momentum rotation selected an eligible top-ranked ETF.,"{""atr_20"": 0.176352, ""bollinger_lower"": 12.061609, ""breakout_level"": 12.887752, ""close"": 12.676896, ""ema_10"": 12.677959, ""momentum_126"": 0.275901, ""momentum_63"": 0.128509, ""rank_at_signal"": 1.0, ""rank_score"": 1.44579, ""realized_vol_20"": 0.139858, ""rsi_2"": 42.10518, ""score"": 1.44579, ""sma_100"": 11.632019, ""sma_200"": 10.81558, ""sma_50"": 12.024013, ""volume"": 73854091.0, ""volume_sma_20"": 58102953.85}",3949.39982998544,3949.39982998544,4108.896687653191,-159.4968576677511,0.0,43.75460523093784,0.0,43.75460523093784,757.4063440398847,887.4063440398847,active,12.734376897288744,12.381672905550271,12.381672905550271,12.375482069097497,12.381672905550271,,124.05474918293964,1579.7599319941762,45.0,43.75460523093784,43.75460523093784,0.9723245606875076,0.35270399173847267,0.027696996451672975,-44.5226078943193,-1.017552498973032,1.5574986280470167,0.0,stop_loss,stop loss,True,False,False,False,False,2,bull_normal_volatility,True,valid_loss,,True,weekly rank score=1.4458
245,A_ETF_sector_momentum,v1_fixed_rules,QQQ,equity_index,2013-05-31,2013-06-03,2013-05-31,2013-06-06,bull_normal_volatility,bull_normal_volatility,130.7162628173828,118.4585704421997,True,0.08684732388582252,normal_volatility,weekly_momentum_rotation,ranked_momentum_risk_on,Weekly momentum rotation selected an eligible top-ranked ETF.,"{""atr_20"": 0.656844, ""bollinger_lower"": 64.692573, ""breakout_level"": 66.671356, ""close"": 65.729195, ""ema_10"": 65.992147, ""momentum_126"": 0.126808, ""momentum_63"": 0.089634, ""rank_at_signal"": 2.0, ""rank_score"": 1.246106, ""realized_vol_20"": 0.086847, ""rsi_2"": 36.44787, ""score"": 1.246106, ""sma_100"": 61.995626, ""sma_200"": 60.673019, ""sma_50"": 63.503285, ""volume"": 38347600.0, ""volume_sma_20"": 31006640.0}",3949.39982998544,3943.8542700979333,4108.896687653191,-165.042417555258,43.75460523093784,75.26387820622635,43.75460523093784,75.26387820622635,751.8607841523778,881.8607841523778,active,65.77105756075106,64.45736918345229,64.45736918345229,64.42514049886056,64.45736918345229,,23.98534806258875,1577.5417080391735,45.0,31.509272975288514,31.509272975288514,0.7002060661175226,1.3136883772987744,0.01997365446169622,-32.28228919282053,-1.0245329753605632,1.5614005634427632,0.0,stop_loss,stop loss,True,False,False,False,False,3,bull_normal_volatility,True,valid_loss,,True,weekly rank score=1.2461
246,A_ETF_sector_momentum,v1_fixed_rules,SMH,equity_index,2013-06-07,2013-06-10,2013-06-07,2013-06-12,bull_normal_volatility,bull_normal_volatility,131.7958984375,118.94570087432861,True,0.14342725400188452,normal_volatility,weekly_momentum_rotation,ranked_momentum_risk_on,Weekly momentum rotation selected an eligible top-ranked ETF.,"{""atr_20"": 0.239023, ""bollinger_lower"": 16.396351, ""breakout_level"": 16.818409, ""close"": 16.618864, ""ema_10"": 16.613652, ""momentum_126"": 0.224704, ""momentum_63"": 0.079155, ""rank_at_signal"": 2.0, ""rank_score"": 1.059279, ""realized_vol_20"": 0.143427, ""rsi_2"": 76.595227, ""score"": 1.059279, ""sma_100"": 15.578914, ""sma_200"": 14.622408, ""sma_50"": 15.990981, ""volume"": 2858800.0, ""volume_sma_20"": 3534280.0}",3872.5949328982997,3872.5949328982997,4108.896687653191,-236.3017547548916,0.0,44.45502616860381,0.0,44.45502616860381,680.6014469527449,810.6014469527449,active,16.657555773731804,16.179509340618274,16.179509340618274,16.171419585947966,16.179509340618274,,92.99311340755534,1549.03797315932,45.0,44.45502616860381,44.45502616860381,0.987889470413418,0.4780464331135299,0.028698474110312573,-45.2073176420991,-1.0169225290891089,1.5264343143382704,0.0,stop_loss,stop loss,True,False,False,False,False,2,bull_normal_volatility,True,valid_loss,,True,weekly rank score=1.0593
247,A_ETF_sector_momentum,v1_fixed_rules,XLY,equity_index,2013-06-14,2013-06-17,2013-06-14,2013-06-20,bull_normal_volatility,bull_normal_volatility,130.5003662109375,119.42919570922851,True,0.1582747583590842,normal_volatility,weekly_momentum_rotation,ranked_momentum_risk_on,Weekly momentum rotation selected an eligible top-ranked ETF.,"{""atr_20"": 0.350798, ""bollinger_lower"": 23.856711, ""breakout_level"": 24.855566, ""close"": 24.299286, ""ema_10"": 24.269861, ""momentum_126"": 0.201038, ""momentum_63"": 0.071496, ""rank_at_signal"": 1.0, ""rank_score"": 0.860954, ""realized_vol_20"": 0.158275, ""rsi_2"": 85.245355, ""score"": 0.860954, ""sma_100"": 23.014975, ""sma_200"": 21.562453, ""sma_50"": 23.914985, ""volume"": 13476400.0, ""volume_sma_20"": 12796280.0}",3827.3876152562,3827.3876152562,4108.896687653191,-281.5090723969911,0.0,43.939585989552185,0.0,43.939585989552185,635.3941293106459,765.3941293106459,active,24.445184623718262,23.743589044841645,23.78397898114624,23.77208699165567,23.78397898114624,,62.62808277655841,1530.95504610248,45.0,43.939585989552185,43.939585989552185,0.9764352442122708,0.701595578876617,0.028700768256660444,-42.15481421752151,-0.9593812337591199,1.5098776389937192,0.0,stop_loss,stop loss,True,False,False,False,False,3,bull_normal_volatility,True,valid_loss,,True,weekly rank score=0.8610
248,A_ETF_sector_momentum,v1_fixed_rules,XLV,equity_index,2013-06-14,2013-06-17,2013-06-14,2013-06-20,bull_normal_volatility,bull_normal_volatility,130.5003662109375,119.42919570922851,True,0.16410317817986186,normal_volatility,weekly_momentum_rotation,ranked_momentum_risk_on,Weekly momentum rotation selected an eligible top-ranked ETF.,"{""atr_20"": 0.610855, ""bollinger_lower"": 38.449946, ""breakout_level"": 40.146332, ""close"": 39.272533, ""ema_10"": 39.158304, ""momentum_126"": 0.194865, ""momentum_63"": 0.085178, ""rank_at_signal"": 2.0, ""rank_score"": 0.853251, ""realized_vol_20"": 0.164103, ""rsi_2"": 90.242865, ""score"": 0.853251, ""sma_100"": 37.198541, ""sma_200"": 34.729902, ""sma_50"": 38.868325, ""volume"": 7314000.0, ""volume_sma_20"": 10486000.0}",3827.3876152562,3826.622520280637,4108.896687653191,-282.2741673725541,43.939585989552185,88.93958598955219,43.939585989552185,88.93958598955219,634.6290343350827,764.6290343350827,active,39.462173147839074,38.24046218189121,38.24046218189121,38.221341950800266,38.24046218189121,,36.83358933026092,1453.5334798071544,45.0,45.0,45.0,1.0,1.2217109659478638,0.030959039213854445,-45.70426673990354,-1.0156503719978565,1.4306813464372026,0.0,stop_loss,stop loss,True,False,False,False,False,3,bull_normal_volatility,True,valid_loss,,True,weekly rank score=0.8533
249,A_ETF_sector_momentum,v1_fixed_rules,XLF,equity_index,2013-06-21,2013-06-24,2013-06-21,2013-08-07,bull_high_volatility,bull_high_volatility,127.88660430908205,119.90353866577148,True,0.20053119755351947,high_volatility,weekly_momentum_rotation,ranked_momentum_risk_on,Weekly momentum rotation selected an eligible top-ranked ETF.,"{""atr_20"": 0.21953, ""bollinger_lower"": 12.263771, ""breakout_level"": 12.887752, ""close"": 12.266093, ""ema_10"": 12.484097, ""momentum_126"": 0.176837, ""momentum_63"": 0.055944, ""rank_at_signal"": 2.0, ""rank_score"": 0.580412, ""realized_vol_20"": 0.200531, ""rsi_2"": 3.905981, ""score"": 0.580412, ""sma_100"": 11.870186, ""sma_200"": 11.043083, ""sma_50"": 12.299876, ""volume"": 105462601.0, ""volume_sma_20"": 78968053.0}",3739.528534298775,3739.528534298775,4108.896687653191,-369.36815335441634,0.0,45.0,0.0,45.0,547.5350483532208,677.5350483532208,active,12.118181325310958,11.679120577708762,13.065598165690947,13.059065366608102,13.065598165690947,,102.49151226966768,1242.0107299891658,45.0,45.0,45.0,1.0,0.4390607476021966,0.03623157104318458,96.43262826294074,2.1429472947320165,1.2902270441206363,0.0,stop_loss,stop loss,True,False,False,False,False,31,bull_high_volatility,True,valid_win,,True,weekly rank score=0.5804
250,A_ETF_sector_momentum,v1_fixed_rules,XLY,equity_index,2013-06-28,2013-07-01,2013-06-28,2013-08-14,bull_high_volatility,bull_high_volatility,128.97193908691406,120.30279193878174,True,0.1890719417588185,high_volatility,weekly_momentum_rotation,ranked_momentum_risk_on,Weekly momentum rotation selected an eligible top-ranked ETF.,"{""atr_20"": 0.379382, ""bollinger_lower"": 23.59422, ""breakout_level"": 24.683073, ""close"": 24.398764, ""ema_10"": 24.145954, ""momentum_126"": 0.21028, ""momentum_63"": 0.075678, ""rank_at_signal"": 1.0, ""rank_score"": 0.756215, ""realized_vol_20"": 0.189072, ""rsi_2"": 100.0, ""score"": 0.756215, ""sma_100"": 23.263655, ""sma_200"": 21.793747, ""sma_50"": 24.139622, ""volume"": 15998200.0, ""volume_sma_20"": 14290360.0}",3776.386238467315,3780.3315580256995,4108.896687653191,-328.56512962749184,13.278849099517556,58.27884909951756,13.278849099517556,58.27884909951756,588.3380720801454,718.3380720801454,active,24.56678577834067,23.808022324358745,25.710632768875616,25.69777745249118,25.710632768875616,,59.30702086907842,1456.982876842229,45.0,45.0,45.0,1.0,0.7587634539819241,0.03088574389942736,67.07574682159832,1.4905721515910737,1.4905207502530282,0.0,stop_loss,stop loss,True,False,False,False,False,31,bull_high_volatility,True,valid_win,,True,weekly rank score=0.7562
251,B_ETF_trend_following,v1_fixed_rules,XLY,equity_index,2013-07-03,2013-07-05,2013-07-03,2013-08-14,bull_high_volatility,bull_high_volatility,129.6634521484375,120.5378254699707,True,0.17808901771206048,high_volatility,trend_following_breakout,trend_breakout,Trend filter and 20-day breakout conditions were met.,"{""atr_20"": 0.370709, ""bollinger_lower"": 23.609261, ""breakout_level"": 24.683073, ""close"": 24.723223, ""ema_10"": 24.37136, ""momentum_126"": 0.187378, ""momentum_63"": 0.084827, ""realized_vol_20"": 0.178089, ""rsi_2"": 100.0, ""sma_100"": 23.351362, ""sma_200"": 21.862853, ""sma_50"": 24.231535, ""volume"": 5241000.0, ""volume_sma_20"": 13017360.0}",3786.978894045011,3825.898693186836,4108.896687653191,-282.99799446635507,57.0031561408409,87.93209214590323,57.0031561408409,87.93209214590323,519.0422748209621,619.0422748209621,active,24.943329765672054,24.201912414162898,25.710632768875616,25.69777745249118,25.710632768875616,,41.71595922607749,1040.5349274673804,45.0,30.928936005062322,30.928936005062322,0.6873096890013849,0.7414173515091562,0.029724072867349193,31.47250894155517,1.0175748993241758,1.056271181938158,0.0,stop_loss,stop loss,True,False,False,False,False,28,bull_high_volatility,True,valid_win,,True,trend breakout
252,B_ETF_trend_following,v1_fixed_rules,XLB,equity_index,2013-08-08,2013-08-09,2013-08-08,2013-08-21,bull_low_volatility,bull_low_volatility,136.51316833496094,123.11647804260254,True,0.10445976566594717,low_volatility,trend_following_breakout,trend_breakout,Trend filter and 20-day breakout conditions were met.,"{""atr_20"": 0.179684, ""bollinger_lower"": 15.42229, ""breakout_level"": 15.86407, ""close"": 15.914352, ""ema_10"": 15.744953, ""momentum_126"": 0.063237, ""momentum_63"": 0.020807, ""realized_vol_20"": 0.10446, ""rsi_2"": 100.0, ""sma_100"": 15.268083, ""sma_200"": 14.82773, ""sma_50"": 15.402569, ""volume"": 8398600.0, ""volume_sma_20"": 9606220.0}",3969.7874687086132,3964.1057353596407,4108.896687653191,-144.79095229355062,0.0,30.289818427643496,0.0,30.289818427643496,562.7361491736509,662.7361491736509,active,15.879741391879598,15.520372816084127,15.604411841345351,15.596609635424679,15.604411841345351,,84.28621885092818,1338.4433582521067,45.0,30.289818427643496,30.289818427643496,0.6731070761698554,0.35936857579547166,0.022630631502553403,-23.864105188207013,-0.7878589713310343,1.3265113056580031,0.0,stop_loss,stop loss,True,False,False,False,False,8,bull_low_volatility,True,valid_loss,,True,trend breakout
254,A_ETF_sector_momentum,v1_fixed_rules,QQQ,equity_index,2013-08-23,2013-08-26,2013-08-23,2013-08-27,bull_normal_volatility,bull_normal_volatility,133.9564971923828,124.32244560241699,True,0.09960140250565179,normal_volatility,weekly_momentum_rotation,ranked_momentum_risk_on,Weekly momentum rotation selected an eligible top-ranked ETF.,"{""atr_20"": 0.649921, ""bollinger_lower"": 67.490242, ""breakout_level"": 69.402779, ""close"": 69.015686, ""ema_10"": 68.468401, ""momentum_126"": 0.162578, ""momentum_63"": 0.047712, ""rank_at_signal"": 2.0, ""rank_score"": 1.05566, ""realized_vol_20"": 0.099601, ""rsi_2"": 100.0, ""score"": 1.05566, ""sma_100"": 65.551584, ""sma_200"": 62.528579, ""sma_50"": 66.924193, ""volume"": 20697300.0, ""volume_sma_20"": 22885745.0}",3922.857241468487,3925.07586085433,4108.896687653191,-183.82082679886116,24.117526594342557,53.64958482149244,24.117526594342557,53.64958482149244,725.4739711554271,855.4739711554271,active,69.1042387857793,67.80439740951587,67.80439740951587,67.77049521081112,67.80439740951587,,22.719740090166837,1570.0303443417322,45.0,29.532058227149886,29.532058227149886,0.6562679606033308,1.29984137626343,0.018809864620503127,-30.302307370207036,-1.0260817968437104,1.5548791906566286,0.0,stop_loss,stop loss,True,False,False,False,False,1,bull_normal_volatility,True,valid_loss,,True,weekly rank score=1.0557
253,A_ETF_sector_momentum,v1_fixed_rules,XLV,equity_index,2013-08-16,2013-08-19,2013-08-16,2013-09-25,bull_low_volatility,bull_low_volatility,133.32142639160156,123.80442996978759,True,0.0863876518068246,low_volatility,weekly_momentum_rotation,ranked_momentum_risk_on,Weekly momentum rotation selected an eligible top-ranked ETF.,"{""atr_20"": 0.388896, ""bollinger_lower"": 40.500478, ""breakout_level"": 41.742275, ""close"": 40.157413, ""ema_10"": 40.96921, ""momentum_126"": 0.148318, ""momentum_63"": 0.01087, ""rank_at_signal"": 1.0, ""rank_score"": 0.921357, ""realized_vol_20"": 0.086388, ""rsi_2"": 0.0, ""score"": 0.921357, ""sma_100"": 39.393559, ""sma_200"": 36.533801, ""sma_50"": 40.1298, ""volume"": 10277800.0, ""volume_sma_20"": 5268285.0}",3925.036952133923,3914.60358093869,4108.896687653191,-194.2931067145014,23.206486752457216,53.53787542674203,23.206486752457216,53.53787542674203,711.0434234377598,841.0434234377598,active,40.15311047812278,39.37531805597067,41.271722546180996,41.25108668490791,41.271722546180996,,38.99676547421194,1565.841432375476,45.0,30.33138867428482,30.33138867428482,0.6740308594285516,0.7777924221521033,0.019370664262134303,42.8175206322647,1.4116571150784705,1.5872501926916085,0.0,stop_loss,stop loss,True,False,False,False,False,26,bull_low_volatility,True,valid_win,,True,weekly rank score=0.9214
255,B_ETF_trend_following,v1_fixed_rules,XLE,equity_index,2013-09-05,2013-09-06,2013-09-05,2013-09-30,bull_normal_volatility,bull_normal_volatility,133.4259033203125,125.26905986785889,True,0.12824208330916628,normal_volatility,trend_following_breakout,trend_breakout,Trend filter and 20-day breakout conditions were met.,"{""atr_20"": 0.320117, ""bollinger_lower"": 24.937625, ""breakout_level"": 25.821301, ""close"": 25.836885, ""ema_10"": 25.567268, ""momentum_126"": 0.064248, ""momentum_63"": 0.037201, ""realized_vol_20"": 0.128242, ""rsi_2"": 100.0, ""sma_100"": 25.074268, ""sma_200"": 24.200867, ""sma_50"": 25.445639, ""volume"": 12230200.0, ""volume_sma_20"": 17241690.0}",3904.91517598717,3905.549194749572,4108.896687653191,-203.34749290361924,16.392602272282428,54.93138550608383,16.392602272282428,54.93138550608383,526.6506785743103,626.6506785743103,active,25.952714425484533,25.31248050081838,25.931924201584316,25.834204920383804,25.931924201584316,,60.19484714731001,1562.2196778998289,45.0,38.538783233801404,38.538783233801404,0.8564174051955867,0.6402339246661519,0.024669247084130347,-7.133661545041724,-0.18510344506115511,1.5586528471273082,0.0,stop_loss_gap,stop loss gap,True,False,False,True,False,16,bull_normal_volatility,True,valid_loss,,True,trend breakout
256,A_ETF_sector_momentum,v1_fixed_rules,QQQ,equity_index,2013-09-06,2013-09-09,2013-09-06,2013-10-08,bull_normal_volatility,bull_normal_volatility,133.490234375,125.38654087066651,True,0.12639322766760888,normal_volatility,weekly_momentum_rotation,ranked_momentum_risk_on,Weekly momentum rotation selected an eligible top-ranked ETF.,"{""atr_20"": 0.778643, ""bollinger_lower"": 67.380346, ""breakout_level"": 69.402779, ""close"": 69.249741, ""ema_10"": 68.674804, ""momentum_126"": 0.124793, ""momentum_63"": 0.051552, ""rank_at_signal"": 2.0, ""rank_score"": 0.697603, ""realized_vol_20"": 0.126393, ""rsi_2"": 100.0, ""score"": 0.697603, ""sma_100"": 66.144602, ""sma_200"": 63.085791, ""sma_50"": 67.686337, ""volume"": 27715100.0, ""volume_sma_20"": 25737800.0}",3898.3890540645316,3925.6639003106857,4108.896687653191,-183.23278734250562,54.93138550608383,71.76800347459005,54.93138550608383,71.76800347459005,715.7723644550803,845.7723644550803,active,69.58155487017811,68.02426887934753,70.27631018784858,70.24117203275466,70.27631018784858,,10.811513150212319,752.2818954911506,45.0,16.83661796850622,16.83661796850622,0.3741470659668049,1.5572859908305787,0.02238072997558171,7.13145962730213,0.4235684174008046,0.7558476253048017,0.0,stop_loss,stop loss,True,False,False,False,False,21,bull_normal_volatility,True,valid_win,,True,weekly rank score=0.6976
257,B_ETF_trend_following,v1_fixed_rules,IWM,equity_index,2013-09-26,2013-09-27,2013-09-26,2013-10-08,bull_low_volatility,bull_low_volatility,137.0896759033203,127.15196517944337,True,0.11210688762880335,low_volatility,trend_following_breakout,trend_breakout,Trend filter and 20-day breakout conditions were met.,"{""atr_20"": 1.092254, ""bollinger_lower"": 84.960085, ""breakout_level"": 90.778114, ""close"": 90.994255, ""ema_10"": 90.094966, ""momentum_126"": 0.141748, ""momentum_63"": 0.105118, ""realized_vol_20"": 0.112107, ""rsi_2"": 74.683271, ""sma_100"": 85.620464, ""sma_200"": 80.774265, ""sma_50"": 88.10254, ""volume"": 29490600.0, ""volume_sma_20"": 34000115.0}",3961.8361013505782,3955.3932527876796,4108.896687653191,-153.50343486551174,2.135843409341302,40.33894433633391,2.135843409341302,40.33894433633391,539.3333629067699,639.3333629067699,active,90.4700183633208,88.28551038806137,89.15711488191414,89.11253632447318,89.15711488191414,,17.488194760403903,1582.1573011150717,45.0,38.203100926992605,38.203100926992605,0.8489577983776134,2.184507975259436,0.024146209040066906,-23.739910279117378,-0.6214131759745141,1.5702873459755131,0.0,stop_loss,stop loss,True,False,False,False,False,7,bull_low_volatility,True,valid_loss,,True,trend breakout
258,A_ETF_sector_momentum,v1_fixed_rules,XLY,equity_index,2013-09-27,2013-09-30,2013-09-27,2013-10-08,bull_low_volatility,bull_low_volatility,136.45956420898438,127.26725605010986,True,0.09815972755253562,low_volatility,weekly_momentum_rotation,ranked_momentum_risk_on,Weekly momentum rotation selected an eligible top-ranked ETF.,"{""atr_20"": 0.274489, ""bollinger_lower"": 24.997796, ""breakout_level"": 26.618023, ""close"": 26.405457, ""ema_10"": 26.268548, ""momentum_126"": 0.164148, ""momentum_63"": 0.082246, ""rank_at_signal"": 2.0, ""rank_score"": 1.255066, ""realized_vol_20"": 0.09816, ""rsi_2"": 100.0, ""score"": 1.255066, ""sma_100"": 25.175861, ""sma_200"": 23.589573, ""sma_50"": 25.745277, ""volume"": 9906600.0, ""volume_sma_20"": 11368390.0}",3957.426740170244,3943.95373427642,4108.896687653191,-164.94295337677113,39.45456527682454,40.01102824712835,39.45456527682454,40.01102824712835,741.2538318308957,871.2538318308957,active,26.145180629783162,25.596202591308387,25.861482373294766,25.84855163210812,25.861482373294766,,1.0136343010183626,26.501651892669088,45.0,0.5564629703038106,0.5564629703038106,0.012365843784529125,0.5489780384747753,0.020997293774647305,-0.30067332672011987,-0.5403294428665434,0.02635131522930903,0.0,stop_loss,stop loss,True,False,False,False,False,6,bull_low_volatility,True,valid_loss,,True,weekly rank score=1.2551
259,B_ETF_trend_following,v1_fixed_rules,QQQ,equity_index,2013-10-01,2013-10-02,2013-10-01,2013-10-08,bull_low_volatility,bull_low_volatility,136.806884765625,127.49886379241943,True,0.08525746200275097,low_volatility,trend_following_breakout,trend_breakout,Trend filter and 20-day breakout conditions were met.,"{""atr_20"": 0.676416, ""bollinger_lower"": 68.994348, ""breakout_level"": 71.563194, ""close"": 71.940582, ""ema_10"": 71.211468, ""momentum_126"": 0.171935, ""momentum_63"": 0.114013, ""realized_vol_20"": 0.085257, ""rsi_2"": 80.807245, ""sma_100"": 67.474029, ""sma_200"": 64.177616, ""sma_50"": 69.269145, ""volume"": 33129700.0, ""volume_sma_20"": 25493850.0}",3962.8201740872287,3955.9786072426186,4108.896687653191,-152.91808041057266,24.067663986363705,53.495648980712986,24.067663986363705,53.495648980712986,533.8877192000066,633.8877192000066,active,71.48874427746328,70.1359125551426,70.24921057847358,70.21408597318435,70.24921057847358,,21.752879171008544,1555.0860163547873,45.0,29.427984994349284,29.427984994349284,0.6539552220966508,1.352831722320687,0.018923702409291934,-27.7274880773022,-0.9422149726740173,1.5412222723161362,0.0,stop_loss,stop loss,True,False,False,False,False,4,bull_low_volatility,True,valid_loss,,True,trend breakout
261,A_ETF_sector_momentum,v1_fixed_rules,SMH,equity_index,2013-10-11,2013-10-14,2013-10-11,2013-10-23,bull_normal_volatility,bull_normal_volatility,137.5501251220703,128.37823955535887,True,0.12896475739435584,normal_volatility,weekly_momentum_rotation,ranked_momentum_risk_on,Weekly momentum rotation selected an eligible top-ranked ETF.,"{""atr_20"": 0.235553, ""bollinger_lower"": 17.175779, ""breakout_level"": 17.564548, ""close"": 17.564548, ""ema_10"": 17.397666, ""momentum_126"": 0.170908, ""momentum_63"": 0.03133, ""rank_at_signal"": 2.0, ""rank_score"": 0.784083, ""realized_vol_20"": 0.128965, ""rsi_2"": 100.0, ""score"": 0.784083, ""sma_100"": 16.721022, ""sma_200"": 16.012844, ""sma_50"": 16.886257, ""volume"": 1445800.0, ""volume_sma_20"": 2269090.0}",3871.390252797841,3887.3867061044475,4108.896687653191,-221.50998154874378,41.04486568823938,83.02034881185944,41.04486568823938,83.02034881185944,746.385876307006,876.385876307006,active,17.451801306695437,16.9806957500527,17.36879714382254,17.36011274525063,17.36879714382254,,89.09995335812218,1554.9546824417791,45.0,41.975483123620045,41.975483123620045,0.9327885138582233,0.4711055566427369,0.02699466653118471,-8.16944654820575,-0.19462424111108603,1.5508699591676764,0.0,stop_loss,stop loss,True,False,False,False,False,7,bull_normal_volatility,True,valid_loss,,True,weekly rank score=0.7841
260,A_ETF_sector_momentum,v1_fixed_rules,IWM,equity_index,2013-10-11,2013-10-14,2013-10-11,2013-11-01,bull_normal_volatility,bull_normal_volatility,137.5501251220703,128.37823955535887,True,0.1516724315419859,normal_volatility,weekly_momentum_rotation,ranked_momentum_risk_on,Weekly momentum rotation selected an eligible top-ranked ETF.,"{""atr_20"": 1.206516, ""bollinger_lower"": 88.547121, ""breakout_level"": 91.66571, ""close"": 91.52121, ""ema_10"": 90.157144, ""momentum_126"": 0.203414, ""momentum_63"": 0.04235, ""rank_at_signal"": 1.0, ""rank_score"": 0.81018, ""realized_vol_20"": 0.151672, ""rsi_2"": 100.0, ""score"": 0.81018, ""sma_100"": 86.493205, ""sma_200"": 81.892795, ""sma_50"": 88.558284, ""volume"": 43197100.0, ""volume_sma_20"": 41040155.0}",3871.390252797841,3871.390252797841,4108.896687653191,-237.5064348553501,0.0,41.04486568823938,0.0,41.04486568823938,730.3894230003995,860.3894230003995,active,91.03975352282696,88.6267221493208,91.77621242750769,91.73032432129393,91.77621242750769,,17.00966930595718,1548.5561011191367,45.0,41.04486568823938,41.04486568823938,0.9121081264053197,2.4130313735061577,0.026505249411743228,11.746380914274111,0.28618392866710757,1.5544292915762736,0.0,stop_loss,stop loss,True,False,False,False,False,14,bull_normal_volatility,True,valid_win,,True,weekly rank score=0.8102
263,B_ETF_trend_following,v1_fixed_rules,XLI,equity_index,2013-10-23,2013-10-24,2013-10-23,2013-12-04,bull_normal_volatility,bull_normal_volatility,141.03211975097656,129.37886722564699,True,0.14211950080592523,normal_volatility,trend_following_breakout,trend_breakout,Trend filter and 20-day breakout conditions were met.,"{""atr_20"": 0.431392, ""bollinger_lower"": 36.101259, ""breakout_level"": 38.414261, ""close"": 38.430225, ""ema_10"": 37.809725, ""momentum_126"": 0.175791, ""momentum_63"": 0.073022, ""realized_vol_20"": 0.14212, ""rsi_2"": 100.0, ""sma_100"": 35.828521, ""sma_200"": 34.248848, ""sma_50"": 36.656803, ""volume"": 8815400.0, ""volume_sma_20"": 10459270.0}",3931.5757059931148,3943.570535949196,4108.896687653191,-165.3261517039955,0.0,34.644199737533846,0.0,34.644199737533846,492.50131401743283,592.5013140174328,active,38.52131689687335,37.65853377368356,39.48176937733613,39.46202849264746,39.48176937733613,,40.154007196444546,1546.7852358935734,45.0,34.644199737533846,34.644199737533846,0.7698711052785299,0.8627831231897929,0.022397550050004187,37.7733401864925,1.090322203216272,1.5656719059868198,0.0,stop_loss,stop loss,True,False,False,False,False,28,bull_normal_volatility,True,valid_win,,True,trend breakout
264,A_ETF_sector_momentum,v1_fixed_rules,XLI,equity_index,2013-11-01,2013-11-04,2013-11-01,2013-12-04,bull_normal_volatility,bull_normal_volatility,142.35708618164062,130.2615765762329,True,0.12870478064829696,normal_volatility,weekly_momentum_rotation,ranked_momentum_risk_on,Weekly momentum rotation selected an eligible top-ranked ETF.,"{""atr_20"": 0.408246, ""bollinger_lower"": 36.122989, ""breakout_level"": 38.972946, ""close"": 39.08469, ""ema_10"": 38.634702, ""momentum_126"": 0.166201, ""momentum_63"": 0.073202, ""rank_at_signal"": 1.0, ""rank_score"": 0.930048, ""realized_vol_20"": 0.128705, ""rsi_2"": 100.0, ""score"": 0.930048, ""sma_100"": 36.156166, ""sma_200"": 34.528459, ""sma_50"": 37.102357, ""volume"": 9922600.0, ""volume_sma_20"": 10280135.0}",3926.853878770719,3933.777920852981,4108.896687653191,-175.11876680021032,18.36008845945362,50.80651081179703,18.36008845945362,50.80651081179703,733.9663573664678,863.9663573664678,active,39.26394141200978,38.44744945551973,39.48176937733613,39.46202849264746,39.48176937733613,,39.738814441999864,1560.3024820334108,45.0,32.44642235234341,32.44642235234341,0.7210316078298535,0.8164919564900472,0.020794956571535236,7.871745740818397,0.24260751016975735,1.5642383549038201,0.0,stop_loss,stop loss,True,False,False,False,False,21,bull_normal_volatility,True,valid_win,,True,weekly rank score=0.9300
265,A_ETF_sector_momentum,v1_fixed_rules,QQQ,equity_index,2013-12-06,2013-12-09,2013-12-06,2013-12-12,bull_low_volatility,bull_low_volatility,146.17840576171875,133.20161903381347,True,0.09072265571522431,low_volatility,weekly_momentum_rotation,ranked_momentum_risk_on,Weekly momentum rotation selected an eligible top-ranked ETF.,"{""atr_20"": 0.672183, ""bollinger_lower"": 73.829803, ""breakout_level"": 77.402908, ""close"": 77.646675, ""ema_10"": 76.838543, ""momentum_126"": 0.178577, ""momentum_63"": 0.10829, ""rank_at_signal"": 1.0, ""rank_score"": 1.58101, ""realized_vol_20"": 0.090723, ""rsi_2"": 84.93222, ""score"": 1.58101, ""sma_100"": 71.604937, ""sma_200"": 67.619789, ""sma_50"": 74.185097, ""volume"": 36842900.0, ""volume_sma_20"": 28313950.0}",3980.5845525250397,3983.9538577862745,4108.896687653191,-124.94282986691678,0.0,27.4655295536089,0.0,27.4655295536089,741.8381031072862,871.8381031072862,active,78.00167360687256,76.6573073389918,76.6573073389918,76.6189786853223,76.6573073389918,,20.430094245748375,1593.58154311451,45.0,27.4655295536089,27.4655295536089,0.6103451011913089,1.3443662678807584,0.017235095168038922,-28.24858756038934,-1.0285105737812927,1.5794572493343153,0.0,stop_loss,stop loss,True,False,False,False,False,3,bull_low_volatility,True,valid_loss,,True,weekly rank score=1.5810
266,B_ETF_trend_following,v1_fixed_rules,XLK,equity_index,2013-12-06,2013-12-09,2013-12-06,2013-12-12,bull_low_volatility,bull_low_volatility,146.17840576171875,133.20161903381347,True,0.0716350158909532,low_volatility,trend_following_breakout,trend_breakout,Trend filter and 20-day breakout conditions were met.,"{""atr_20"": 0.118585, ""bollinger_lower"": 14.452342, ""breakout_level"": 14.850964, ""close"": 14.906616, ""ema_10"": 14.786574, ""momentum_126"": 0.105824, ""momentum_63"": 0.08829, ""realized_vol_20"": 0.071635, ""rsi_2"": 68.572411, ""sma_100"": 13.978783, ""sma_200"": 13.519143, ""sma_50"": 14.327393, ""volume"": 8796600.0, ""volume_sma_20"": 11818210.0}",3980.5845525250397,3983.157465211005,4108.896687653191,-125.73922244218647,27.4655295536089,52.18882060821197,27.4655295536089,52.18882060821197,569.1645435543953,669.1645435543953,active,14.956905212755823,14.719735202274853,14.719735202274853,14.712375334673716,14.719735202274853,,104.24290577238406,1559.1512607397851,45.0,24.72329105460307,24.72329105460307,0.5494064678800682,0.23717001048096975,0.01585689065400388,-25.490505039445598,-1.0310320330391323,1.5464060082200626,0.0,stop_loss,stop loss,True,False,False,False,False,3,bull_low_volatility,True,valid_loss,,True,trend breakout
262,B_ETF_trend_following,v1_fixed_rules,QQQ,equity_index,2013-10-14,2013-10-15,2013-10-14,2013-12-18,bull_normal_volatility,bull_normal_volatility,138.09954833984375,128.50519290924072,True,0.14453075117567155,normal_volatility,trend_following_breakout,trend_breakout,Trend filter and 20-day breakout conditions were met.,"{""atr_20"": 0.838023, ""bollinger_lower"": 69.913623, ""breakout_level"": 71.940582, ""close"": 72.039909, ""ema_10"": 71.127054, ""momentum_126"": 0.155647, ""momentum_63"": 0.061823, ""realized_vol_20"": 0.144531, ""rsi_2"": 100.0, ""sma_100"": 67.91699, ""sma_200"": 64.749273, ""sma_50"": 69.831333, ""volume"": 31471900.0, ""volume_sma_20"": 30992175.0}",3907.4814736261815,3882.4943284184155,4108.896687653191,-226.40235923477576,68.68608851560732,86.55572462179872,68.68608851560732,86.55572462179872,468.04961867284896,568.049618672849,active,72.02169684017584,70.3456505779111,76.39734998640859,76.35915131141539,76.39734998640859,,10.66177975424455,767.8794692369254,45.0,17.869636106191393,17.869636106191393,0.39710302458203095,1.6760462622647339,0.02327140758685632,46.24498426641937,2.5879085612939043,0.7910019613701351,0.0,stop_loss,stop loss,True,False,False,False,False,45,bull_normal_volatility,True,valid_win,,True,trend breakout
267,A_ETF_sector_momentum,v1_fixed_rules,XLY,equity_index,2013-12-13,2013-12-16,2013-12-13,2014-01-13,bull_low_volatility,bull_low_volatility,143.89208984375,133.8211908340454,True,0.08900124838774086,low_volatility,weekly_momentum_rotation,ranked_momentum_risk_on,Weekly momentum rotation selected an eligible top-ranked ETF.,"{""atr_20"": 0.246656, ""bollinger_lower"": 27.716333, ""breakout_level"": 28.462002, ""close"": 27.976074, ""ema_10"": 28.074773, ""momentum_126"": 0.145013, ""momentum_63"": 0.069267, ""rank_at_signal"": 2.0, ""rank_score"": 1.203806, ""realized_vol_20"": 0.089001, ""rsi_2"": 44.449193, ""score"": 1.203806, ""sma_100"": 26.631526, ""sma_200"": 25.261073, ""sma_50"": 27.464356, ""volume"": 6624800.0, ""volume_sma_20"": 8499830.0}",3915.77582674927,3920.2998761617446,4108.896687653191,-188.59681149144672,0.0,27.53496845344344,0.0,27.53496845344344,713.5895155468969,843.5895155468969,active,28.09423768074638,27.600924686396905,28.561567595976243,28.547286812178257,28.561567595976243,,55.81642642467448,1568.119950464698,45.0,27.53496845344344,27.53496845344344,0.6118881878542987,0.49331299434947695,0.017559223352323083,25.28758351132994,0.9183806966798087,1.5807637422203626,0.0,stop_loss,stop loss,True,False,False,False,False,18,bull_low_volatility,True,valid_win,,True,weekly rank score=1.2038
268,B_ETF_trend_following,v1_fixed_rules,XLY,equity_index,2013-12-18,2013-12-19,2013-12-18,2014-01-13,bull_normal_volatility,bull_normal_volatility,146.7923583984375,134.16269088745116,True,0.09949188121202238,normal_volatility,trend_following_breakout,trend_breakout,Trend filter and 20-day breakout conditions were met.,"{""atr_20"": 0.26835, ""bollinger_lower"": 27.748679, ""breakout_level"": 28.462002, ""close"": 28.501049, ""ema_10"": 28.163897, ""momentum_126"": 0.199308, ""momentum_63"": 0.071091, ""realized_vol_20"": 0.099492, ""rsi_2"": 84.95631, ""sma_100"": 26.708673, ""sma_200"": 25.350519, ""sma_50"": 27.594952, ""volume"": 19499600.0, ""volume_sma_20"": 8553440.0}",3935.824921157876,3934.8559096349777,4108.896687653191,-174.0407780182136,14.739067848805202,44.385540783045464,14.739067848805202,44.385540783045464,526.5774380863152,626.5774380863152,active,28.4935883833837,27.956888681916276,28.561567595976243,28.547286812178257,28.561567595976243,,55.238474799188516,1573.942363853991,45.0,29.64647293424026,29.64647293424026,0.6588105096497836,0.5366997014674233,0.018835805945045685,2.966219305724205,0.10005302527230357,1.5754254735068534,0.0,stop_loss,stop loss,True,False,False,False,False,15,bull_normal_volatility,True,valid_win,,True,trend breakout
269,B_ETF_trend_following,v1_fixed_rules,XLI,equity_index,2013-12-18,2013-12-19,2013-12-18,2014-01-24,bull_normal_volatility,bull_normal_volatility,146.7923583984375,134.16269088745116,True,0.12281126173711812,normal_volatility,trend_following_breakout,trend_breakout,Trend filter and 20-day breakout conditions were met.,"{""atr_20"": 0.40226, ""bollinger_lower"": 39.336337, ""breakout_level"": 40.337769, ""close"": 40.752804, ""ema_10"": 40.07282, ""momentum_126"": 0.213399, ""momentum_63"": 0.074021, ""realized_vol_20"": 0.122811, ""rsi_2"": 97.673604, ""sma_100"": 37.76812, ""sma_200"": 35.781881, ""sma_50"": 39.183506, ""volume"": 21338300.0, ""volume_sma_20"": 8535515.0}",3935.824921157876,3934.3090471385426,4108.896687653191,-174.58764051464868,44.385540783045464,59.62059103370372,44.385540783045464,59.62059103370372,526.0305755898802,626.0305755898802,active,40.7172938248655,39.91277361126571,41.02373523921065,40.939889422264486,41.02373523921065,,18.936814753839133,771.055850439116,45.0,15.235050250658254,15.235050250658254,0.3385566722368501,0.8045202135997869,0.01975868575795372,4.215251592964744,0.2766811742404734,0.7731634762355984,0.0,stop_loss_gap,stop loss gap,True,False,False,True,False,23,bull_normal_volatility,True,valid_win,,True,trend breakout
270,B_ETF_trend_following,v1_fixed_rules,XLV,equity_index,2014-01-14,2014-01-15,2014-01-14,2014-01-24,bull_normal_volatility,bull_normal_volatility,149.18943786621094,136.23924598693847,True,0.12047323277644682,normal_volatility,trend_following_breakout,trend_breakout,Trend filter and 20-day breakout conditions were met.,"{""atr_20"": 0.454475, ""bollinger_lower"": 43.918764, ""breakout_level"": 46.495716, ""close"": 46.700581, ""ema_10"": 45.949262, ""momentum_126"": 0.15755, ""momentum_63"": 0.109006, ""realized_vol_20"": 0.120473, ""rsi_2"": 60.683621, ""sma_100"": 43.175915, ""sma_200"": 41.331591, ""sma_50"": 44.68633, ""volume"": 6943500.0, ""volume_sma_20"": 6229290.0}",3957.8242737048095,3963.4447680587614,4108.896687653191,-145.4519195944299,0.0,30.77654490055212,0.0,30.77654490055212,551.6164578759414,651.6164578759414,active,46.82230340618729,45.9133537377442,46.07266841109677,46.04963207689123,46.07266841109677,,33.85945995587237,1585.3779072235047,45.0,30.77654490055212,30.77654490055212,0.6839232200122694,0.9089496684430856,0.019412749957170482,-26.162233933350603,-0.8500705331897493,1.5722967902568294,0.0,stop_loss,stop loss,True,False,False,False,False,6,bull_normal_volatility,True,valid_loss,,True,trend breakout
271,A_ETF_sector_momentum,v1_fixed_rules,XLV,equity_index,2014-01-17,2014-01-21,2014-01-17,2014-01-24,bull_normal_volatility,bull_normal_volatility,149.16506958007812,136.61301849365233,True,0.08699848819730155,normal_volatility,weekly_momentum_rotation,ranked_momentum_risk_on,Weekly momentum rotation selected an eligible top-ranked ETF.,"{""atr_20"": 0.386912, ""bollinger_lower"": 44.423438, ""breakout_level"": 46.774326, ""close"": 46.725155, ""ema_10"": 46.299527, ""momentum_126"": 0.136859, ""momentum_63"": 0.085194, ""rank_at_signal"": 1.0, ""rank_score"": 1.276189, ""realized_vol_20"": 0.086998, ""rsi_2"": 69.999535, ""score"": 1.276189, ""sma_100"": 43.364005, ""sma_200"": 41.466559, ""sma_50"": 44.890098, ""volume"": 6907500.0, ""volume_sma_20"": 6274155.0}",3954.230754074076,3964.146688830405,4108.896687653191,-144.74999882278644,30.77654490055212,56.87913517468827,30.77654490055212,56.87913517468827,738.8770990582268,868.8770990582268,active,46.98628064373376,46.212456387066446,46.212456387066446,46.18935015887291,46.212456387066446,,33.73193596509136,1584.9382099122388,45.0,26.102590274136148,26.102590274136148,0.5800575616474699,0.7738242566673108,0.016469153252088926,-26.882008083955217,-1.029859787922709,1.5714972058702612,0.0,stop_loss,stop loss,True,False,False,False,False,3,bull_normal_volatility,True,valid_loss,,True,weekly rank score=1.2762
273,A_ETF_sector_momentum,v1_fixed_rules,XLK,equity_index,2014-01-24,2014-01-27,2014-01-24,2014-01-28,bull_normal_volatility,bull_normal_volatility,145.306884765625,137.0721283721924,True,0.13019878187333775,normal_volatility,weekly_momentum_rotation,ranked_momentum_risk_on,Weekly momentum rotation selected an eligible top-ranked ETF.,"{""atr_20"": 0.144553, ""bollinger_lower"": 15.033729, ""breakout_level"": 15.470547, ""close"": 15.113469, ""ema_10"": 15.314419, ""momentum_126"": 0.121178, ""momentum_63"": 0.06175, ""rank_at_signal"": 2.0, ""rank_score"": 0.702492, ""realized_vol_20"": 0.130199, ""rsi_2"": 0.0, ""score"": 0.702492, ""sma_100"": 14.485157, ""sma_200"": 13.907201, ""sma_50"": 14.988604, ""volume"": 30993400.0, ""volume_sma_20"": 13656390.0}",3892.5429771505183,3876.694127236836,4108.896687653191,-232.20256041635548,30.356779711198264,59.9628443121985,30.356779711198264,59.9628443121985,696.1462410605889,826.1462410605889,active,15.142549287526489,14.853442591385182,14.853442591385182,14.830710298904084,14.853442591385182,,102.40532300410528,1550.6776508947344,45.0,29.60606460100023,29.60606460100023,0.657912546688894,0.2891066961413067,0.0190923397805583,-31.933972355150907,-1.0786294222323634,1.5347106647171591,0.0,stop_loss_gap,stop loss gap,True,False,False,True,False,1,bull_normal_volatility,True,valid_loss,,True,weekly rank score=0.7025
272,A_ETF_sector_momentum,v1_fixed_rules,QQQ,equity_index,2014-01-24,2014-01-27,2014-01-24,2014-01-29,bull_normal_volatility,bull_normal_volatility,145.306884765625,137.0721283721924,True,0.13834449967749615,normal_volatility,weekly_momentum_rotation,ranked_momentum_risk_on,Weekly momentum rotation selected an eligible top-ranked ETF.,"{""atr_20"": 0.76625, ""bollinger_lower"": 77.921572, ""breakout_level"": 80.41127, ""close"": 78.563599, ""ema_10"": 79.50649, ""momentum_126"": 0.164156, ""momentum_63"": 0.061813, ""rank_at_signal"": 1.0, ""rank_score"": 0.816689, ""realized_vol_20"": 0.138344, ""rsi_2"": 0.0, ""score"": 0.816689, ""sma_100"": 74.934046, ""sma_200"": 70.407466, ""sma_50"": 77.754324, ""volume"": 63974600.0, ""volume_sma_20"": 31790870.0}",3892.5429771505183,3892.5429771505183,4108.896687653191,-216.35371050267304,0.0,30.356779711198264,0.0,30.356779711198264,711.9950909742715,841.9950909742715,active,78.60286971564575,77.07036897343647,77.07036897343647,77.03183378894975,77.07036897343647,,19.808655797083272,1557.0171908602074,45.0,30.356779711198264,30.356779711198264,0.6745951046932948,1.5325007422092796,0.019496753079795485,-31.12010991677278,-1.0251452958066212,1.5414571359018212,0.0,stop_loss,stop loss,True,False,False,False,False,2,bull_normal_volatility,True,valid_loss,,True,weekly rank score=0.8167
276,A_ETF_sector_momentum,v1_fixed_rules,XLV,equity_index,2014-01-31,2014-02-03,2014-01-31,2014-02-03,bull_normal_volatility,sideways_high_volatility,144.73008728027344,137.55272895812988,True,0.1576484450097377,normal_volatility,weekly_momentum_rotation,ranked_momentum_risk_on,Weekly momentum rotation selected an eligible top-ranked ETF.,"{""atr_20"": 0.55313, ""bollinger_lower"": 44.926725, ""breakout_level"": 47.036545, ""close"": 45.856544, ""ema_10"": 46.010642, ""momentum_126"": 0.098992, ""momentum_63"": 0.060598, ""rank_at_signal"": 2.0, ""rank_score"": 0.506156, ""realized_vol_20"": 0.157648, ""rsi_2"": 67.334215, ""score"": 0.506156, ""sma_100"": 43.877032, ""sma_200"": 41.822491, ""sma_50"": 45.340182, ""volume"": 10821300.0, ""volume_sma_20"": 8505760.0}",3851.106621755813,3839.007132448237,4108.896687653191,-269.8895552049544,17.807665146446883,54.189685032395204,17.299571305968566,53.681591191916894,648.9410087023479,778.9410087023479,active,45.99424746530558,44.887986776732845,44.887986776732845,44.86554278334448,44.887986776732845,,32.88738383435412,1512.6304705637735,45.0,36.382019885948324,36.382019885948324,0.8084893307988517,1.106260688572732,0.024052153248234086,-37.12014411128717,-1.020288159581374,1.49407039850813,0.0,stop_loss,stop loss,True,False,False,False,False,0,sideways_high_volatility,True,valid_loss,,True,weekly rank score=0.5062
274,B_ETF_trend_following,v1_fixed_rules,SHY,bond,2014-01-24,2014-01-27,2014-01-24,2014-02-13,bull_normal_volatility,bull_normal_volatility,145.306884765625,137.0721283721924,True,0.007306579250645095,normal_volatility,trend_following_breakout,trend_breakout,Trend filter and 20-day breakout conditions were met.,"{""atr_20"": 0.034924, ""bollinger_lower"": 68.469928, ""breakout_level"": 68.563171, ""close"": 68.587563, ""ema_10"": 68.542513, ""momentum_126"": 0.002289, ""momentum_63"": 0.000698, ""realized_vol_20"": 0.007307, ""rsi_2"": 100.0, ""sma_100"": 68.513906, ""sma_200"": 68.463109, ""sma_50"": 68.561928, ""volume"": 781200.0, ""volume_sma_20"": 788445.0}",3892.5429771505183,3859.177712663849,4108.896687653191,-249.7189749893423,59.9628443121985,60.761897760864755,0.0,0.7990534486662546,507.59667505165345,607.5966750516534,active,68.60556326415775,68.53571597848345,68.59000573345912,68.5557107305924,68.59000573345912,,11.440007166381099,784.8481353955765,45.0,0.7990534486662546,0.7990534486662546,0.017756743303694547,0.06984728567429954,0.0010180994419557593,-0.5703133412499359,-0.7137361614568816,0.7845629787249515,0.0,stop_loss,stop loss,True,False,False,False,False,13,bull_normal_volatility,True,valid_loss,,True,trend breakout
277,A_ETF_sector_momentum,v1_fixed_rules,QQQ,equity_index,2014-02-07,2014-02-10,2014-02-07,2014-03-14,bull_high_volatility,bull_high_volatility,145.94845581054688,138.0096342086792,True,0.19201473279038528,high_volatility,weekly_momentum_rotation,ranked_momentum_risk_on,Weekly momentum rotation selected an eligible top-ranked ETF.,"{""atr_20"": 1.091864, ""bollinger_lower"": 76.034283, ""breakout_level"": 80.41127, ""close"": 79.070793, ""ema_10"": 77.914461, ""momentum_126"": 0.143754, ""momentum_63"": 0.055148, ""rank_at_signal"": 1.0, ""rank_score"": 0.517934, ""realized_vol_20"": 0.192015, ""rsi_2"": 100.0, ""score"": 0.517934, ""sma_100"": 75.719983, ""sma_200"": 71.194629, ""sma_50"": 78.202698, ""volume"": 38359400.0, ""volume_sma_20"": 43684395.0}",3805.461003287569,3816.7950860128344,4108.896687653191,-292.1016016403569,17.53561336960875,58.27897205337136,17.299571305968566,58.04292998973118,611.8208645910607,741.8208645910607,active,79.08314963603384,76.89942169208281,80.77139678157401,80.73101108318323,80.77139678157401,,18.657708162146562,1475.5103264524864,45.0,40.74335868376261,40.74335868376261,0.9054079707502802,2.183727943951027,0.027613062378031822,30.745317972565925,0.7546093146419667,1.4908829854387695,0.0,stop_loss,stop loss,True,False,False,False,False,23,bull_high_volatility,True,valid_win,,True,weekly rank score=0.5179
275,B_ETF_trend_following,v1_fixed_rules,XLU,equity_index,2014-01-30,2014-01-31,2014-01-30,2014-03-20,bull_high_volatility,bull_normal_volatility,145.58297729492188,137.4493112564087,True,0.1282368056479731,high_volatility,trend_following_breakout,trend_breakout,Trend filter and 20-day breakout conditions were met.,"{""atr_20"": 0.127584, ""bollinger_lower"": 12.488717, ""breakout_level"": 12.949997, ""close"": 13.037404, ""ema_10"": 12.859245, ""momentum_126"": 0.007911, ""momentum_63"": 0.000642, ""realized_vol_20"": 0.128237, ""rsi_2"": 96.721464, ""sma_100"": 12.694645, ""sma_200"": 12.690682, ""sma_50"": 12.722836, ""volume"": 16803800.0, ""volume_sma_20"": 21646470.0}",3829.654780903632,3830.025722298111,4108.896687653191,-278.87096535508044,0.7758132858218799,30.92409793253933,0.0,30.14828464671745,508.1335024711697,608.1335024711698,active,12.966563486618858,12.71139571802633,13.469402739903382,13.462668038533431,13.469402739903382,,118.15083391218016,1532.0102889192444,45.0,30.14828464671745,30.14828464671745,0.6699618810381656,0.25516776859252843,0.019678904812046358,58.61516651633533,1.9442289073225052,1.561317872177412,0.0,stop_loss,stop loss,True,False,False,False,False,33,bull_normal_volatility,True,valid_win,,True,trend breakout
279,A_ETF_sector_momentum,v1_fixed_rules,XLU,equity_index,2014-03-14,2014-03-17,2014-03-14,2014-03-20,bull_low_volatility,bull_normal_volatility,149.99363708496094,140.382109375,True,0.09824970583969374,low_volatility,weekly_momentum_rotation,ranked_momentum_risk_on,Weekly momentum rotation selected an eligible top-ranked ETF.,"{""atr_20"": 0.147587, ""bollinger_lower"": 13.354305, ""breakout_level"": 13.682886, ""close"": 13.746764, ""ema_10"": 13.550219, ""momentum_126"": 0.129802, ""momentum_63"": 0.101485, ""rank_at_signal"": 1.0, ""rank_score"": 1.17704, ""realized_vol_20"": 0.09825, ""rsi_2"": 100.0, ""score"": 1.17704, ""sma_100"": 12.975314, ""sma_200"": 12.73525, ""sma_50"": 13.148683, ""volume"": 25632400.0, ""volume_sma_20"": 20696370.0}",3920.9612041080672,3939.3955017363805,4108.896687653191,-169.50118591681075,0.0,32.25550923129271,0.0,32.25550923129271,642.5661825636266,772.5661825636266,active,13.7839036111484,13.488730058227139,13.488730058227139,13.481985693198027,13.488730058227139,,109.276420302794,1506.2556444250524,45.0,32.25550923129271,32.25550923129271,0.7167890940287269,0.2951735529212609,0.021414365715857517,-32.99250929888944,-1.0228488120374093,1.4897593897756076,0.0,stop_loss,stop loss,True,False,False,False,False,3,bull_normal_volatility,True,valid_loss,,True,weekly rank score=1.1770
278,B_ETF_trend_following,v1_fixed_rules,XLV,equity_index,2014-02-13,2014-02-14,2014-02-13,2014-03-21,bull_high_volatility,bull_high_volatility,148.65335083007812,138.4204065322876,True,0.18219436973996928,high_volatility,trend_following_breakout,trend_breakout,Trend filter and 20-day breakout conditions were met.,"{""atr_20"": 0.622784, ""bollinger_lower"": 44.644795, ""breakout_level"": 47.192238, ""close"": 47.528217, ""ema_10"": 46.520424, ""momentum_126"": 0.158231, ""momentum_63"": 0.093482, ""realized_vol_20"": 0.182194, ""rsi_2"": 100.0, ""sma_100"": 44.267115, ""sma_200"": 42.168426, ""sma_50"": 45.5747, ""volume"": 8256400.0, ""volume_sma_20"": 9738865.0}",3888.5660928742154,3901.936036879658,4108.896687653191,-206.96065077353342,8.511181671698745,29.07214480671577,8.511181671698745,29.07214480671577,574.9777984808842,674.9777984808842,active,47.51099719281804,46.265428550789345,47.862155205188714,47.83822412758612,47.862155205188714,,16.50729027789973,784.2778220543266,45.0,20.560963135017026,20.560963135017026,0.45691029188926724,1.2455686420286938,0.02621642810344926,5.401629998964134,0.2627128876937049,0.7869786370538088,0.0,stop_loss,stop loss,True,False,False,False,False,24,bull_high_volatility,True,valid_win,,True,trend breakout
281,A_ETF_sector_momentum,v1_fixed_rules,XLB,equity_index,2014-03-21,2014-03-24,2014-03-21,2014-03-27,bull_normal_volatility,bull_normal_volatility,151.91204833984375,140.90843551635743,True,0.11145711993806517,normal_volatility,weekly_momentum_rotation,ranked_momentum_risk_on,Weekly momentum rotation selected an eligible top-ranked ETF.,"{""atr_20"": 0.207964, ""bollinger_lower"": 18.058386, ""breakout_level"": 18.778538, ""close"": 18.606085, ""ema_10"": 18.530475, ""momentum_126"": 0.109791, ""momentum_63"": 0.063525, ""rank_at_signal"": 1.0, ""rank_score"": 0.7775, ""realized_vol_20"": 0.111457, ""rsi_2"": 75.83036, ""score"": 0.7775, ""sma_100"": 17.656826, ""sma_200"": 16.77016, ""sma_50"": 17.96362, ""volume"": 17540000.0, ""volume_sma_20"": 13943000.0}",3837.170183197767,3832.074322729509,4108.896687653191,-276.82236492368247,39.34071419800111,73.45941313858339,39.34071419800111,73.45941313858339,609.5736732647372,739.5736732647372,active,18.6861264528459,18.27019876648243,18.27019876648243,18.26106366709919,18.27019876648243,,82.03036263079304,1532.8297290918035,45.0,34.11869894058227,34.11869894058227,0.7581933097907171,0.4159276863634709,0.02225863596786936,-34.86805445565778,-1.0219631913977878,1.5153957018639748,0.0,stop_loss,stop loss,True,False,False,False,False,3,bull_normal_volatility,True,valid_loss,,True,weekly rank score=0.7775
280,B_ETF_trend_following,v1_fixed_rules,SMH,equity_index,2014-03-20,2014-03-21,2014-03-20,2014-04-07,bull_normal_volatility,bull_normal_volatility,152.5035400390625,140.79373985290528,True,0.1348581338377958,normal_volatility,trend_following_breakout,trend_breakout,Trend filter and 20-day breakout conditions were met.,"{""atr_20"": 0.255169, ""bollinger_lower"": 18.922212, ""breakout_level"": 19.681942, ""close"": 19.990437, ""ema_10"": 19.582224, ""momentum_126"": 0.138113, ""momentum_63"": 0.112022, ""realized_vol_20"": 0.134858, ""rsi_2"": 93.749459, ""sma_100"": 18.401916, ""sma_200"": 17.610206, ""sma_50"": 18.868134, ""volume"": 2511800.0, ""volume_sma_20"": 2732010.0}",3868.1999871327725,3853.608190869473,4108.896687653191,-255.28849678371807,0.0,39.34071419800111,0.0,39.34071419800111,571.0833064801427,671.0833064801427,active,19.996021709783975,19.485683257988654,19.676987649820408,19.6671491559955,19.676987649820408,,77.08749763927128,1541.4432763477894,45.0,39.34071419800111,39.34071419800111,0.8742380932889136,0.5103384517953202,0.02552199928576861,-25.35196221379019,-0.644420487289433,1.5287672952408942,0.0,stop_loss,stop loss,True,False,False,False,False,11,bull_normal_volatility,True,valid_loss,,True,trend breakout
283,A_ETF_sector_momentum,v1_fixed_rules,XLU,equity_index,2014-03-28,2014-03-31,2014-03-28,2014-05-12,bull_normal_volatility,bull_normal_volatility,151.33274841308594,141.42139488220215,True,0.11369709767049636,normal_volatility,weekly_momentum_rotation,ranked_momentum_risk_on,Weekly momentum rotation selected an eligible top-ranked ETF.,"{""atr_20"": 0.156282, ""bollinger_lower"": 13.301999, ""breakout_level"": 13.881642, ""close"": 13.901984, ""ema_10"": 13.772653, ""momentum_126"": 0.110077, ""momentum_63"": 0.098027, ""rank_at_signal"": 1.0, ""rank_score"": 0.915169, ""realized_vol_20"": 0.113697, ""rsi_2"": 100.0, ""score"": 0.915169, ""sma_100"": 13.058717, ""sma_200"": 12.809347, ""sma_50"": 13.372297, ""volume"": 15402800.0, ""volume_sma_20"": 24049530.0}",3798.3963893959276,3830.1905436003976,4108.896687653191,-278.70614405279366,52.06514154344098,85.5399320579189,52.06514154344098,85.5399320579189,574.7056188090794,704.7056188090794,active,13.9869422237675,13.674377510793484,14.265121518186099,14.349054690703767,14.265121518186099,,107.09715180568304,1497.9616746361457,45.0,33.474790514477924,33.474790514477924,0.743884233655065,0.3125647129740159,0.02234689383665903,38.78121384220379,1.1585199861200275,1.5173522815572476,0.0,rank_drop_exit,rank drop exit,False,False,False,False,False,29,bull_normal_volatility,True,valid_win,,True,weekly rank score=0.9152
284,B_ETF_trend_following,v1_fixed_rules,XLU,equity_index,2014-04-08,2014-04-09,2014-04-08,2014-05-12,bull_normal_volatility,bull_normal_volatility,151.01458740234375,142.19976703643798,True,0.11380762521290376,normal_volatility,trend_following_breakout,trend_breakout,Trend filter and 20-day breakout conditions were met.,"{""atr_20"": 0.171266, ""bollinger_lower"": 13.510022, ""breakout_level"": 14.054529, ""close"": 14.230801, ""ema_10"": 13.990217, ""momentum_126"": 0.157233, ""momentum_63"": 0.123998, ""realized_vol_20"": 0.113808, ""rsi_2"": 89.392764, ""sma_100"": 13.133369, ""sma_200"": 12.871217, ""sma_50"": 13.537935, ""volume"": 23726400.0, ""volume_sma_20"": 23584790.0}",3825.6189777498903,3825.8057811463423,4108.896687653191,-283.090906506849,28.913064455876572,65.42166381634212,28.913064455876572,65.42166381634212,555.2993264005323,655.2993264005323,active,14.22435427274897,13.881821308893985,14.265121518186099,14.257988957427006,14.265121518186099,,106.58419250978078,1516.091314133999,45.0,36.508599360465546,36.508599360465546,0.8113022080103455,0.34253296385498544,0.024080739082209895,3.584925706729585,0.0981940082481398,1.5178837769873639,0.0,stop_loss,stop loss,True,False,False,False,False,22,bull_normal_volatility,True,valid_win,,True,trend breakout
282,B_ETF_trend_following,v1_fixed_rules,XLP,equity_index,2014-03-25,2014-03-26,2014-03-25,2014-06-16,bull_normal_volatility,bull_normal_volatility,152.0017547607422,141.1151815032959,True,0.07831147932365064,normal_volatility,trend_following_breakout,trend_breakout,Trend filter and 20-day breakout conditions were met.,"{""atr_20"": 0.254409, ""bollinger_lower"": 30.394865, ""breakout_level"": 31.03966, ""close"": 31.088299, ""ema_10"": 30.895678, ""momentum_126"": 0.061618, ""momentum_63"": 0.010276, ""realized_vol_20"": 0.078311, ""rsi_2"": 88.573656, ""sma_100"": 30.518489, ""sma_200"": 29.789186, ""sma_50"": 30.308776, ""volume"": 9086100.0, ""volume_sma_20"": 6752660.0}",3838.2715984487877,3800.734159528775,4108.896687653191,-308.16252812441644,73.45941313858339,86.18384048402326,73.45941313858339,86.18384048402326,550.2285825349645,650.2285825349645,active,31.162014324981623,30.653197037176263,32.43845194870226,32.42223272272791,32.43845194870226,,25.007851836801954,779.2950371754405,45.0,12.724427345439873,12.724427345439873,0.28276505212088604,0.5088172878053605,0.016328125727015582,31.515354972851156,2.4767601808143844,0.795052714661866,0.0,stop_loss,stop loss,True,False,False,False,False,56,bull_normal_volatility,True,valid_win,,True,trend breakout
286,B_ETF_trend_following,v1_fixed_rules,XLB,equity_index,2014-05-12,2014-05-13,2014-05-12,2014-06-17,bull_low_volatility,bull_low_volatility,154.84097290039062,144.48374839782716,True,0.10101712570146049,low_volatility,trend_following_breakout,trend_breakout,Trend filter and 20-day breakout conditions were met.,"{""atr_20"": 0.201693, ""bollinger_lower"": 18.31419, ""breakout_level"": 18.829971, ""close"": 18.994944, ""ema_10"": 18.757951, ""momentum_126"": 0.126299, ""momentum_63"": 0.080881, ""realized_vol_20"": 0.101017, ""rsi_2"": 100.0, ""sma_100"": 18.150743, ""sma_200"": 17.345189, ""sma_50"": 18.571352, ""volume"": 8871400.0, ""volume_sma_20"": 9270930.0}",3869.212462249127,3876.5614732535596,4108.896687653191,-232.3352143996317,32.106775139337316,64.39663900221979,32.106775139337316,64.39663900221979,581.4243644142085,681.4243644142085,active,18.98479546164605,18.58140923710031,19.137328930061983,19.12677556391003,19.137328930061983,,80.04701672508655,1519.6762398407286,45.0,32.28986386288248,32.28986386288248,0.7175525302862773,0.40338622454574136,0.021247857284566515,11.365083620554213,0.3519706267209906,1.525358781651006,0.0,stop_loss_gap,stop loss gap,True,False,False,True,False,24,bull_low_volatility,True,valid_win,,True,trend breakout
285,A_ETF_sector_momentum,v1_fixed_rules,XLE,equity_index,2014-05-09,2014-05-12,2014-05-09,2014-06-24,bull_low_volatility,bull_low_volatility,153.34793090820312,144.38861206054688,True,0.10933785982118374,low_volatility,weekly_momentum_rotation,ranked_momentum_risk_on,Weekly momentum rotation selected an eligible top-ranked ETF.,"{""atr_20"": 0.310935, ""bollinger_lower"": 28.410512, ""breakout_level"": 30.072432, ""close"": 29.614025, ""ema_10"": 29.649971, ""momentum_126"": 0.09177, ""momentum_63"": 0.12007, ""rank_at_signal"": 1.0, ""rank_score"": 0.968743, ""realized_vol_20"": 0.109338, ""rsi_2"": 0.0, ""score"": 0.968743, ""sma_100"": 27.723092, ""sma_200"": 27.056803, ""sma_50"": 28.42535, ""volume"": 17421600.0, ""volume_sma_20"": 21310930.0}",3870.2192765411282,3859.3545337408805,4108.896687653191,-249.54215391231082,0.0,32.106775139337316,0.0,32.106775139337316,613.4868326512832,743.4868326512832,active,29.764838331826354,29.142969196433807,31.523207402351893,31.507445798650718,31.523207402351893,,51.629472041686576,1536.7428884783496,45.0,32.106775139337316,32.106775139337316,0.7134838919852737,0.6218691353925472,0.020892743594296877,89.96990348804275,2.80220928752858,1.5817278402223711,0.0,stop_loss,stop loss,True,False,False,False,False,30,bull_low_volatility,True,valid_win,,True,weekly rank score=0.9687
287,B_ETF_trend_following,v1_fixed_rules,XLE,equity_index,2014-06-16,2014-06-17,2014-06-16,2014-06-24,bull_low_volatility,bull_low_volatility,158.51229858398438,147.08387619018555,True,0.06564318408070309,low_volatility,trend_following_breakout,trend_breakout,Trend filter and 20-day breakout conditions were met.,"{""atr_20"": 0.248337, ""bollinger_lower"": 29.300728, ""breakout_level"": 31.115742, ""close"": 31.302282, ""ema_10"": 30.719943, ""momentum_126"": 0.17036, ""momentum_63"": 0.145751, ""realized_vol_20"": 0.065643, ""rsi_2"": 100.0, ""sma_100"": 28.439071, ""sma_200"": 27.629628, ""sma_50"": 29.672316, ""volume"": 26773800.0, ""volume_sma_20"": 12996270.0}",3968.79932280921,3970.799216329851,4108.896687653191,-138.09747132334041,0.0,12.884754659143027,0.0,12.884754659143027,606.1276407406307,706.1276407406307,active,31.254644718895943,30.757970733138738,31.523207402351893,31.507445798650718,31.523207402351893,,25.94207675181448,810.8103921482916,45.0,12.884754659143027,12.884754659143027,0.2863278813142895,0.4966739857572051,0.015891205618374083,6.558185013939948,0.5089879619311383,0.8140894846552615,0.0,stop_loss,stop loss,True,False,False,False,False,5,bull_low_volatility,True,valid_win,,True,trend breakout
289,B_ETF_trend_following,v1_fixed_rules,QQQ,equity_index,2014-06-25,2014-06-26,2014-06-25,2014-07-08,bull_low_volatility,bull_low_volatility,160.32936096191406,148.0331125640869,True,0.061187100137764634,low_volatility,trend_following_breakout,trend_breakout,Trend filter and 20-day breakout conditions were met.,"{""atr_20"": 0.642086, ""bollinger_lower"": 82.934743, ""breakout_level"": 84.812447, ""close"": 85.269463, ""ema_10"": 84.629868, ""momentum_126"": 0.077036, ""momentum_63"": 0.070627, ""realized_vol_20"": 0.061187, ""rsi_2"": 86.766836, ""sma_100"": 81.053777, ""sma_200"": 78.209491, ""sma_50"": 81.606633, ""volume"": 32818600.0, ""volume_sma_20"": 28238090.0}",3973.7356636905592,3966.275677102498,4108.896687653191,-142.62101055069343,27.97575622972026,51.841555079630865,27.97575622972026,51.841555079630865,589.8677298385785,689.8677298385785,active,85.36696702146358,84.08279578046606,85.93633307297934,85.89336490644286,85.93633307297934,,18.58459221635586,1586.5102708409993,45.0,23.865798849910608,23.865798849910608,0.530351085553569,1.284171240997523,0.015042952629143394,9.78289003589202,0.40991253204703276,1.5914017158589453,0.0,stop_loss,stop loss,True,False,False,False,False,7,bull_low_volatility,True,valid_win,,True,trend breakout
291,A_ETF_sector_momentum,v1_fixed_rules,QQQ,equity_index,2014-06-27,2014-06-30,2014-06-27,2014-07-08,bull_low_volatility,bull_low_volatility,160.52606201171875,148.2770305633545,True,0.05936233040332562,low_volatility,weekly_momentum_rotation,ranked_momentum_risk_on,Weekly momentum rotation selected an eligible top-ranked ETF.,"{""atr_20"": 0.647259, ""bollinger_lower"": 83.134686, ""breakout_level"": 85.315163, ""close"": 85.689941, ""ema_10"": 84.924554, ""momentum_126"": 0.078277, ""momentum_63"": 0.079862, ""rank_at_signal"": 2.0, ""rank_score"": 1.33198, ""realized_vol_20"": 0.059362, ""rsi_2"": 100.0, ""score"": 1.33198, ""sma_100"": 81.231321, ""sma_200"": 78.361172, ""sma_50"": 81.904951, ""volume"": 22877800.0, ""volume_sma_20"": 27363050.0}",3977.2512142015994,3997.7152490584986,4108.896687653191,-111.18143859469274,68.23704062349779,68.23704062349779,68.23704062349779,68.23704062349779,710.0124451292186,840.0124451292186,active,85.714484897905,84.4199660610379,85.93633307297934,85.89336490644286,85.93633307297934,,1.3263433579170319e-15,1.1368683772161603e-13,45.0,1.7169764609771577e-15,1.7169764609771577e-15,3.815503246615906e-17,1.2945188368670983,0.015102684667696563,2.3725631118833214e-16,0.13818262310556426,1.138054658772102e-16,0.0,stop_loss,stop loss,True,False,False,False,False,5,bull_low_volatility,True,breakeven,,True,weekly rank score=1.3320
288,B_ETF_trend_following,v1_fixed_rules,SMH,equity_index,2014-06-17,2014-06-18,2014-06-17,2014-07-10,bull_low_volatility,bull_low_volatility,158.95285034179688,147.21870613098145,True,0.08089442004053682,low_volatility,trend_following_breakout,trend_breakout,Trend filter and 20-day breakout conditions were met.,"{""atr_20"": 0.198318, ""bollinger_lower"": 19.560093, ""breakout_level"": 21.621052, ""close"": 21.713596, ""ema_10"": 21.24702, ""momentum_126"": 0.224723, ""momentum_63"": 0.103224, ""realized_vol_20"": 0.080894, ""rsi_2"": 100.0, ""sma_100"": 19.645275, ""sma_200"": 18.7113, ""sma_50"": 20.140012, ""volume"": 2244200.0, ""volume_sma_20"": 2658790.0}",3957.489188081329,3975.883520319821,4108.896687653191,-133.01316733337035,12.884754659143027,40.86051088886329,12.884754659143027,40.86051088886329,598.969187214429,698.969187214429,active,21.706817899199176,21.31018285299542,21.923485515629068,21.874531002196992,21.923485515629068,,70.53273909474161,1531.041323461283,45.0,27.97575622972026,27.97575622972026,0.6216834717715614,0.39663504620375534,0.018272371751844305,11.829264536514456,0.42283984888128046,1.5369559557295402,0.0,stop_loss_gap,stop loss gap,True,False,False,True,False,15,bull_low_volatility,True,valid_win,,True,trend breakout
290,A_ETF_sector_momentum,v1_fixed_rules,SMH,equity_index,2014-06-27,2014-06-30,2014-06-27,2014-07-10,bull_low_volatility,bull_low_volatility,160.52606201171875,148.2770305633545,True,0.08561129611916263,low_volatility,weekly_momentum_rotation,ranked_momentum_risk_on,Weekly momentum rotation selected an eligible top-ranked ETF.,"{""atr_20"": 0.206911, ""bollinger_lower"": 20.624727, ""breakout_level"": 21.753262, ""close"": 21.651896, ""ema_10"": 21.569205, ""momentum_126"": 0.168927, ""momentum_63"": 0.095673, ""rank_at_signal"": 1.0, ""rank_score"": 1.545357, ""realized_vol_20"": 0.085611, ""rsi_2"": 39.999351, ""score"": 1.545357, ""sma_100"": 19.929046, ""sma_200"": 18.910439, ""sma_50"": 20.448683, ""volume"": 2106200.0, ""volume_sma_20"": 3003820.0}",3977.2512142015994,3991.1595400686065,4108.896687653191,-117.73714758458482,51.841555079630865,68.23704062349779,51.841555079630865,68.23704062349779,703.4567361393259,833.4567361393259,active,21.64508845585302,21.231266516678208,21.923485515629068,21.874531002196992,21.923485515629068,,39.619662448444736,857.5710982876245,45.0,16.395485543866922,16.395485543866922,0.36434412319704274,0.413821939174813,0.019118514577514328,9.090436237459791,0.5544475162469501,0.8621163164063544,0.0,stop_loss_gap,stop loss gap,True,False,False,True,False,7,bull_low_volatility,True,valid_win,,True,weekly rank score=1.5454
292,B_ETF_trend_following,v1_fixed_rules,GLD,commodity_alternative,2014-07-10,2014-07-11,2014-07-10,2014-07-14,bull_low_volatility,bull_low_volatility,160.9523468017578,149.23603294372558,True,0.13730766591954147,low_volatility,trend_following_breakout,trend_breakout,Trend filter and 20-day breakout conditions were met.,"{""atr_20"": 1.0665, ""bollinger_lower"": 121.932226, ""breakout_level"": 128.039993, ""close"": 128.539993, ""ema_10"": 127.285012, ""momentum_126"": 0.088215, ""momentum_63"": 0.017574, ""realized_vol_20"": 0.137308, ""rsi_2"": 100.0, ""sma_100"": 125.7068, ""sma_200"": 124.11665, ""sma_50"": 124.3096, ""volume"": 6313300.0, ""volume_sma_20"": 7529040.0}",4005.825283399773,4005.825283399773,4108.896687653191,-103.07140425341822,0.0,26.602765163950895,0.0,26.602765163950895,620.326899898394,720.326899898394,active,128.47420866394043,126.34120924377441,126.34120924377441,125.43725,126.34120924377441,,12.471998310191921,1602.3301133599093,45.0,26.602765163950895,26.602765163950895,0.5911725591989088,2.1329994201660156,0.01660254958834159,-37.87694332478769,-1.4237972290231808,1.5833916416975156,0.0,stop_loss_gap,stop loss gap,True,False,False,True,False,1,bull_low_volatility,True,valid_loss,,True,trend breakout
295,B_ETF_trend_following,v1_fixed_rules,QQQ,equity_index,2014-07-14,2014-07-15,2014-07-14,2014-07-17,bull_low_volatility,bull_low_volatility,161.98524475097656,149.48420303344727,True,0.07952259543343008,low_volatility,trend_following_breakout,trend_breakout,Trend filter and 20-day breakout conditions were met.,"{""atr_20"": 0.708457, ""bollinger_lower"": 83.644352, ""breakout_level"": 87.472275, ""close"": 87.600204, ""ema_10"": 86.687885, ""momentum_126"": 0.107871, ""momentum_63"": 0.142522, ""realized_vol_20"": 0.079523, ""rsi_2"": 100.0, ""sma_100"": 81.920539, ""sma_200"": 79.159717, ""sma_50"": 83.414941, ""volume"": 19579000.0, ""volume_sma_20"": 26896985.0}",3969.627359443001,3966.07607771502,4108.896687653191,-142.8206099381714,30.780306570103654,56.032815661949314,24.703380488571344,49.95588958041701,580.1535958050548,680.1535958050548,active,87.78120402292612,86.36428998859147,86.36428998859147,86.32110784359718,86.36428998859147,,17.822188559028287,1564.4531700351217,45.0,25.25250909184566,25.25250909184566,0.5611668687076813,1.4169140343346527,0.016141428567835462,-26.0221094223172,-1.0304761925903059,1.551442115323963,0.0,stop_loss,stop loss,True,False,False,False,False,2,bull_low_volatility,True,valid_loss,,True,trend breakout
293,A_ETF_sector_momentum,v1_fixed_rules,XLK,equity_index,2014-07-11,2014-07-14,2014-07-11,2014-07-31,bull_low_volatility,bull_low_volatility,161.17373657226562,149.35709968566894,True,0.07095128776735136,low_volatility,weekly_momentum_rotation,ranked_momentum_risk_on,Weekly momentum rotation selected an eligible top-ranked ETF.,"{""atr_20"": 0.132025, ""bollinger_lower"": 16.36055, ""breakout_level"": 16.923935, ""close"": 16.893555, ""ema_10"": 16.793882, ""momentum_126"": 0.113976, ""momentum_63"": 0.098299, ""rank_at_signal"": 2.0, ""rank_score"": 1.495921, ""realized_vol_20"": 0.070951, ""rsi_2"": 64.517272, ""score"": 1.495921, ""sma_100"": 15.951766, ""sma_200"": 15.324814, ""sma_50"": 16.311662, ""volume"": 6522600.0, ""volume_sma_20"": 13675050.0}",4009.639097201772,3971.4748128217993,4108.896687653191,-137.42187483139196,26.602765163950895,51.30614565252224,0.0,24.703380488571344,712.5471723767857,842.5471723767857,active,16.980169947558675,16.716119677353696,16.90386018312783,16.895408253036265,16.90386018312783,,93.55559632411803,1588.5899251287199,45.0,24.703380488571344,24.703380488571344,0.548964010857141,0.2640502702049794,0.015550508093880606,-7.9299308764867655,-0.3210058995834773,1.5846249596904765,0.0,stop_loss,stop loss,True,False,False,False,False,13,bull_low_volatility,True,valid_loss,,True,weekly rank score=1.4959
294,B_ETF_trend_following,v1_fixed_rules,IEF,bond,2014-07-11,2014-07-14,2014-07-11,2014-07-31,bull_low_volatility,bull_low_volatility,161.17373657226562,149.35709968566894,True,0.04393190074284211,low_volatility,trend_following_breakout,trend_breakout,Trend filter and 20-day breakout conditions were met.,"{""atr_20"": 0.297164, ""bollinger_lower"": 78.626597, ""breakout_level"": 79.595558, ""close"": 79.720284, ""ema_10"": 79.378284, ""momentum_126"": 0.048886, ""momentum_63"": 0.017142, ""realized_vol_20"": 0.043932, ""rsi_2"": 100.0, ""sma_100"": 78.549002, ""sma_200"": 77.810406, ""sma_50"": 79.15987, ""volume"": 688600.0, ""volume_sma_20"": 3402105.0}",4009.639097201772,3974.741867316803,4108.896687653191,-134.15482033638818,51.30614565252224,57.38307173405455,0.0,6.076926081532312,585.9764293204203,685.9764293204203,active,79.69848604665378,79.10415705989121,79.36553856636964,79.20330356240362,79.36553856636964,,10.2248522567181,814.9052449111439,45.0,6.076926081532312,6.076926081532312,0.13504280181182915,0.5943289867625765,0.007457218025630613,-5.063167741572575,-0.8331790898295549,0.8123736610403576,0.0,stop_loss_gap,stop loss gap,True,False,False,True,False,13,bull_low_volatility,True,valid_loss,,True,trend breakout
296,B_ETF_trend_following,v1_fixed_rules,TLT,bond,2014-07-17,2014-07-18,2014-07-17,2014-07-31,bull_low_volatility,bull_normal_volatility,160.43594360351562,149.8597854614258,True,0.11334052958229375,low_volatility,trend_following_breakout,trend_breakout,Trend filter and 20-day breakout conditions were met.,"{""atr_20"": 0.710981, ""bollinger_lower"": 79.787815, ""breakout_level"": 82.115631, ""close"": 83.062714, ""ema_10"": 81.826298, ""momentum_126"": 0.117895, ""momentum_63"": 0.040389, ""realized_vol_20"": 0.113341, ""rsi_2"": 100.0, ""sma_100"": 79.636281, ""sma_200"": 77.115162, ""sma_50"": 81.064545, ""volume"": 10901000.0, ""volume_sma_20"": 7214885.0}",3939.8668444340856,3957.299444504646,4108.896687653191,-151.5972431485452,22.0821931449728,48.40794283309939,3.8936225472365424,30.219372235363135,558.3823763453008,658.3823763453008,active,83.09698071472822,81.67501884062017,82.10854415267161,82.03844858407597,82.10854415267161,,18.51368181347329,1538.4310606128045,45.0,26.325749688126592,26.325749688126592,0.5850166597361465,1.4219618741080495,0.017112076297809687,-19.597327056233752,-0.7444166752475244,1.5286323970846878,0.0,stop_loss_gap,stop loss gap,True,False,False,True,False,9,bull_normal_volatility,True,valid_loss,,True,trend breakout
298,B_ETF_trend_following,v1_fixed_rules,SHY,bond,2014-08-01,2014-08-04,2014-08-01,2014-08-26,sideways_normal_volatility,bull_normal_volatility,157.80447387695312,151.2486018371582,True,0.0077674720449128105,normal_volatility,trend_following_breakout,trend_breakout,Trend filter and 20-day breakout conditions were met.,"{""atr_20"": 0.045015, ""bollinger_lower"": 68.650743, ""breakout_level"": 68.750877, ""close"": 68.780998, ""ema_10"": 68.710432, ""momentum_126"": 0.001872, ""momentum_63"": 0.0016, ""realized_vol_20"": 0.007767, ""rsi_2"": 100.0, ""sma_100"": 68.683268, ""sma_200"": 68.634631, ""sma_50"": 68.717733, ""volume"": 19826500.0, ""volume_sma_20"": 2185800.0}",3909.3358049783756,3905.0634500385713,4108.896687653191,-203.83323761461997,43.7308694537539,45.77466162386873,0.0,2.0437921701148327,531.7673523534828,631.7673523534828,active,68.80724797370837,68.71721888938298,68.73142321593716,68.7221524963379,68.73142321593716,,22.70146570332659,1562.0253800154287,45.0,2.0437921701148327,2.0437921701148327,0.045417603780329614,0.09002908432539414,0.0013084244316789817,-1.9317920610339934,-0.9451998541150363,1.5610594839849117,0.0,trend_exit,trend exit,False,False,False,False,False,16,bull_normal_volatility,True,valid_loss,,True,trend breakout
299,B_ETF_trend_following,v1_fixed_rules,TLT,bond,2014-08-07,2014-08-08,2014-08-07,2014-09-03,sideways_normal_volatility,sideways_high_volatility,156.59939575195312,151.59691497802734,True,0.10478083630071619,normal_volatility,trend_following_breakout,trend_breakout,Trend filter and 20-day breakout conditions were met.,"{""atr_20"": 0.728213, ""bollinger_lower"": 81.618809, ""breakout_level"": 83.814606, ""close"": 83.919815, ""ema_10"": 83.146948, ""momentum_126"": 0.101634, ""momentum_63"": 0.045479, ""realized_vol_20"": 0.104781, ""rsi_2"": 100.0, ""sma_100"": 80.573399, ""sma_200"": 77.749945, ""sma_50"": 81.719821, ""volume"": 9745500.0, ""volume_sma_20"": 7768835.0}",3871.3006053388717,3882.120154548512,4108.896687653191,-226.7765331046794,45.63664224444362,59.21002178574948,1.905772790689723,15.479152331995584,531.3559010332998,631.3559010332998,active,84.07783235862449,82.62140671561932,84.56859870852382,84.52631440916957,84.56859870852382,,9.319651577473376,783.5761029715968,45.0,13.573379541305862,13.573379541305862,0.3016306564734636,1.4564256430051756,0.017322350043385476,4.179696449830961,0.3079333659765063,0.7856659511965123,0.0,stop_loss,stop loss,True,False,False,False,False,17,sideways_high_volatility,True,valid_win,,True,trend breakout
297,A_ETF_sector_momentum,v1_fixed_rules,SMH,equity_index,2014-08-01,2014-08-04,2014-08-01,2014-09-12,sideways_normal_volatility,bull_normal_volatility,157.80447387695312,151.2486018371582,True,0.17737221543417456,normal_volatility,weekly_momentum_rotation,ranked_momentum_risk_on,Weekly momentum rotation selected an eligible top-ranked ETF.,"{""atr_20"": 0.303646, ""bollinger_lower"": 21.431615, ""breakout_level"": 22.53331, ""close"": 21.563759, ""ema_10"": 21.800043, ""momentum_126"": 0.188487, ""momentum_63"": 0.101779, ""rank_at_signal"": 2.0, ""rank_score"": 0.81824, ""realized_vol_20"": 0.177372, ""rsi_2"": 15.315663, ""score"": 0.81824, ""sma_100"": 20.668771, ""sma_200"": 19.470549, ""sma_50"": 21.569575, ""volume"": 6201800.0, ""volume_sma_20"": 4782990.0}",3909.3358049783756,3909.3358049783756,4108.896687653191,-199.56088267481573,0.0,43.7308694537539,0.0,43.7308694537539,704.617241500299,834.617241500299,active,21.715635662254623,21.108343480394723,22.52174643529559,22.510485562077942,22.52174643529559,,72.0096038776972,1563.7343219913503,45.0,43.7308694537539,43.7308694537539,0.9717970989723088,0.6072921818599006,0.02796566452417855,57.236826428504514,1.3088426354987839,1.5923527352056026,0.0,stop_loss,stop loss,True,False,False,False,False,28,bull_normal_volatility,True,valid_win,,True,weekly rank score=0.8182
301,B_ETF_trend_following,v1_fixed_rules,SMH,equity_index,2014-09-03,2014-09-04,2014-09-03,2014-09-12,bull_low_volatility,bull_low_volatility,164.3625946044922,153.36697059631348,True,0.08275951566060334,low_volatility,trend_following_breakout,trend_breakout,Trend filter and 20-day breakout conditions were met.,"{""atr_20"": 0.22454, ""bollinger_lower"": 21.139464, ""breakout_level"": 22.775702, ""close"": 22.837402, ""ema_10"": 22.562596, ""momentum_126"": 0.177995, ""momentum_63"": 0.094866, ""realized_vol_20"": 0.08276, ""rsi_2"": 93.749155, ""sma_100"": 21.167739, ""sma_200"": 19.953704, ""sma_50"": 22.05162, ""volume"": 2708200.0, ""volume_sma_20"": 3507210.0}",3990.4855336010414,3992.5657320567943,4108.896687653191,-116.33095559639696,20.770367943029775,36.2294062362137,20.770367943029775,36.2294062362137,530.7288950823271,630.7288950823271,active,22.884089472699216,22.435008658920466,22.52174643529559,22.510485562077942,22.52174643529559,,34.423733588405284,787.7557994214278,45.0,15.459038293183923,15.459038293183923,0.34353418429297605,0.44908081377874964,0.01962415040871538,-12.860841486813102,-0.8319302431952448,0.7813253786780212,0.0,stop_loss,stop loss,True,False,False,False,False,6,bull_low_volatility,True,valid_loss,,True,trend breakout
300,B_ETF_trend_following,v1_fixed_rules,QQQ,equity_index,2014-08-25,2014-08-26,2014-08-25,2014-09-15,bull_normal_volatility,bull_normal_volatility,164.11663818359375,152.7365225982666,True,0.10796819066925094,normal_volatility,trend_following_breakout,trend_breakout,Trend filter and 20-day breakout conditions were met.,"{""atr_20"": 0.834967, ""bollinger_lower"": 85.13306, ""breakout_level"": 90.534248, ""close"": 90.854164, ""ema_10"": 89.634077, ""momentum_126"": 0.110726, ""momentum_63"": 0.095243, ""realized_vol_20"": 0.107968, ""rsi_2"": 100.0, ""sma_100"": 83.927545, ""sma_200"": 81.445293, ""sma_50"": 87.241862, ""volume"": 24124700.0, ""volume_sma_20"": 34058180.0}",3973.8368327126564,3971.3603412506445,4108.896687653191,-137.53634640254677,5.8019773757420445,34.41956983744663,0.0,28.61759246170459,539.0369924743571,639.0369924743571,active,91.0367792562472,89.36684517799907,89.921827144299,89.87686623072686,89.921827144299,,17.136959377298453,1560.0935879543947,45.0,28.61759246170459,28.61759246170459,0.6359464991489909,1.669934078248133,0.01834351008340991,-19.877382399541396,-0.6945861160801998,1.550154896754624,0.0,stop_loss,stop loss,True,False,False,False,False,13,bull_normal_volatility,True,valid_loss,,True,trend breakout
302,A_ETF_sector_momentum,v1_fixed_rules,QQQ,equity_index,2014-09-12,2014-09-15,2014-09-12,2014-09-16,bull_low_volatility,bull_low_volatility,163.23948669433594,154.02542961120605,True,0.06829290081623109,low_volatility,weekly_momentum_rotation,ranked_momentum_risk_on,Weekly momentum rotation selected an eligible top-ranked ETF.,"{""atr_20"": 0.662212, ""bollinger_lower"": 89.552367, ""breakout_level"": 91.475677, ""close"": 90.927299, ""ema_10"": 91.038645, ""momentum_126"": 0.1275, ""momentum_63"": 0.080452, ""rank_at_signal"": 1.0, ""rank_score"": 1.522506, ""realized_vol_20"": 0.068293, ""rsi_2"": 0.0, ""score"": 1.522506, ""sma_100"": 85.557465, ""sma_200"": 82.489164, ""sma_50"": 88.769815, ""volume"": 30444400.0, ""volume_sma_20"": 26811740.0}",3954.0835441650515,3939.0455589839444,4108.896687653191,-169.85112866924692,19.1068890500894,42.020166001679925,19.1068890500894,42.020166001679925,761.8540679288035,891.8540679288035,active,91.07330261945403,89.74887784791505,89.74887784791505,89.66678041507335,89.74887784791505,,17.300549977606856,1575.6182235935778,45.0,22.913276951590525,22.913276951590525,0.5091839322575672,1.3244247715389719,0.01454240412333596,-24.33360769150169,-1.061987237482964,1.5634514197478269,0.0,stop_loss_gap,stop loss gap,True,False,False,True,False,1,bull_low_volatility,True,valid_loss,,True,weekly rank score=1.5225
303,A_ETF_sector_momentum,v1_fixed_rules,XLK,equity_index,2014-09-12,2014-09-15,2014-09-12,2014-09-25,bull_low_volatility,bull_low_volatility,163.23948669433594,154.02542961120605,True,0.0657103454843095,low_volatility,weekly_momentum_rotation,ranked_momentum_risk_on,Weekly momentum rotation selected an eligible top-ranked ETF.,"{""atr_20"": 0.126311, ""bollinger_lower"": 17.186316, ""breakout_level"": 17.531624, ""close"": 17.45783, ""ema_10"": 17.450066, ""momentum_126"": 0.138908, ""momentum_63"": 0.059676, ""rank_at_signal"": 2.0, ""rank_score"": 1.511055, ""realized_vol_20"": 0.06571, ""rsi_2"": 34.619349, ""score"": 1.511055, ""sma_100"": 16.659014, ""sma_200"": 15.980246, ""sma_50"": 17.156332, ""volume"": 11111400.0, ""volume_sma_20"": 11827550.0}",3954.0835441650515,3921.338085882033,4108.896687653191,-187.55860177115846,42.020166001679925,53.862945146526144,42.020166001679925,53.862945146526144,744.1465948268915,874.1465948268915,active,17.49695574699026,17.24433384210793,17.29126078129654,17.282615150905894,17.29126078129654,,46.87946261177387,820.2478827608918,45.0,11.842779144846219,11.842779144846219,0.2631728698854715,0.2526219048823286,0.01443804902608749,-10.048171960322353,-0.8484640165475982,0.8152237967807305,0.0,stop_loss,stop loss,True,False,False,False,False,8,bull_low_volatility,True,valid_loss,,True,weekly rank score=1.5111
305,B_ETF_trend_following,v1_fixed_rules,XLF,equity_index,2014-09-16,2014-09-17,2014-09-16,2014-09-25,bull_low_volatility,bull_low_volatility,164.34616088867188,154.2012826538086,True,0.07402764800110291,low_volatility,trend_following_breakout,trend_breakout,Trend filter and 20-day breakout conditions were met.,"{""atr_20"": 0.123237, ""bollinger_lower"": 14.983944, ""breakout_level"": 15.30383, ""close"": 15.310346, ""ema_10"": 15.243151, ""momentum_126"": 0.068667, ""momentum_63"": 0.037084, ""realized_vol_20"": 0.074028, ""rsi_2"": 90.906915, ""sma_100"": 14.735857, ""sma_200"": 14.394722, ""sma_50"": 14.946761, ""volume"": 39350392.0, ""volume_sma_20"": 31527270.3}",3911.135498704186,3914.164759791237,4108.896687653191,-194.73192786195432,37.00485568539601,61.51308374355854,37.00485568539601,61.51308374355854,502.6785745647249,602.6785745647248,active,15.350629584221007,15.10415563808375,15.19940394240759,15.191804240436387,15.19940394240759,,99.43537011621622,1526.3955342239542,45.0,24.508228058162526,24.508228058162526,0.5446272901813894,0.24647394613725737,0.016056276049459837,-15.792856843059026,-0.6443899903974973,1.5184991058024246,0.0,stop_loss,stop loss,True,False,False,False,False,6,bull_low_volatility,True,valid_loss,,True,trend breakout
304,B_ETF_trend_following,v1_fixed_rules,XLV,equity_index,2014-09-16,2014-09-17,2014-09-16,2014-10-01,bull_low_volatility,bull_low_volatility,164.34616088867188,154.2012826538086,True,0.0787978124814635,low_volatility,trend_following_breakout,trend_breakout,Trend filter and 20-day breakout conditions were met.,"{""atr_20"": 0.427956, ""bollinger_lower"": 51.784902, ""breakout_level"": 53.203693, ""close"": 53.244965, ""ema_10"": 52.823321, ""momentum_126"": 0.089475, ""momentum_63"": 0.084265, ""realized_vol_20"": 0.078798, ""rsi_2"": 83.65338, ""sma_100"": 50.169285, ""sma_200"": 48.43991, ""sma_50"": 51.416266, ""volume"": 6907900.0, ""volume_sma_20"": 5283315.0}",3911.135498704186,3912.7632180824376,4108.896687653191,-196.13346957075373,11.842779144846219,37.00485568539601,11.842779144846219,37.00485568539601,501.2770328559253,601.2770328559253,active,53.23856864324275,52.38265629661787,52.82100952786404,52.79459902310011,52.82100952786404,,29.3979595454737,1565.1052872329751,45.0,25.162076540549787,25.162076540549787,0.5591572564566619,0.8559123466248835,0.016076922585211526,-13.051800932372617,-0.5187092134998902,1.5585793867667888,0.0,stop_loss,stop loss,True,False,False,False,False,10,bull_low_volatility,True,valid_loss,,True,trend breakout
306,A_ETF_sector_momentum,v1_fixed_rules,QQQ,equity_index,2014-09-26,2014-09-29,2014-09-26,2014-10-02,bull_normal_volatility,sideways_normal_volatility,162.989501953125,154.9295323944092,True,0.1284221149674081,normal_volatility,weekly_momentum_rotation,ranked_momentum_risk_on,Weekly momentum rotation selected an eligible top-ranked ETF.,"{""atr_20"": 0.974731, ""bollinger_lower"": 89.916177, ""breakout_level"": 91.658493, ""close"": 90.502274, ""ema_10"": 90.727009, ""momentum_126"": 0.140507, ""momentum_63"": 0.05616, ""rank_at_signal"": 1.0, ""rank_score"": 0.765704, ""realized_vol_20"": 0.128422, ""rsi_2"": 33.121266, ""score"": 0.765704, ""sma_100"": 86.692403, ""sma_200"": 83.164456, ""sma_50"": 89.522488, ""volume"": 56106200.0, ""volume_sma_20"": 34934400.0}",3888.99642835585,3885.587129008385,4108.896687653191,-223.3095586448062,12.275385981747048,46.0729150664657,12.275385981747048,46.0729150664657,727.4722882769794,857.4722882769794,active,89.64920433869659,87.69974246172652,87.95174330352405,87.9077674318723,87.95174330352405,,17.33685048370783,1554.2348516033542,45.0,33.79752908471865,33.79752908471865,0.7510562018826366,1.9494618769700764,0.02174544538738981,-30.19103128042337,-0.8932910806806308,1.5391393359631425,0.0,stop_loss,stop loss,True,False,False,False,False,3,sideways_normal_volatility,True,valid_loss,,True,weekly rank score=0.7657
307,A_ETF_sector_momentum,v1_fixed_rules,XLV,equity_index,2014-09-26,2014-09-29,2014-09-26,2014-10-02,bull_normal_volatility,sideways_normal_volatility,162.989501953125,154.9295323944092,True,0.12052732201630795,normal_volatility,weekly_momentum_rotation,ranked_momentum_risk_on,Weekly momentum rotation selected an eligible top-ranked ETF.,"{""atr_20"": 0.540068, ""bollinger_lower"": 52.327825, ""breakout_level"": 54.064278, ""close"": 53.343636, ""ema_10"": 53.332787, ""momentum_126"": 0.124108, ""momentum_63"": 0.058287, ""rank_at_signal"": 2.0, ""rank_score"": 0.756654, ""realized_vol_20"": 0.120527, ""rsi_2"": 15.748765, ""score"": 0.756654, ""sma_100"": 50.640439, ""sma_200"": 48.783438, ""sma_50"": 51.876511, ""volume"": 6513000.0, ""volume_sma_20"": 6597735.0}",3888.99642835585,3898.3118006891264,4108.896687653191,-210.58488696406494,46.0729150664657,61.71830117231028,46.0729150664657,61.71830117231028,740.1969599577208,870.1969599577208,active,52.922784972585035,51.84264869602317,51.844232849745346,51.81831073332047,51.844232849745346,,14.484640915537723,766.5675365781101,45.0,15.645386105844578,15.645386105844578,0.34767524679654616,1.0801362765618663,0.020409664327404473,-15.997912756208871,-1.0225323074789827,0.7585685802000057,0.0,stop_loss,stop loss,True,False,False,False,False,3,sideways_normal_volatility,True,valid_loss,,True,weekly rank score=0.7567
308,B_ETF_trend_following,v1_fixed_rules,TLT,bond,2014-10-01,2014-10-02,2014-10-01,2014-10-23,sideways_normal_volatility,sideways_normal_volatility,160.0657958984375,155.19372413635253,True,0.1256506520562927,normal_volatility,trend_following_breakout,trend_breakout,Trend filter and 20-day breakout conditions were met.,"{""atr_20"": 0.759032, ""bollinger_lower"": 81.584285, ""breakout_level"": 85.281021, ""close"": 86.112617, ""ema_10"": 84.3558, ""momentum_126"": 0.118811, ""momentum_63"": 0.072277, ""realized_vol_20"": 0.125651, ""rsi_2"": 77.356791, ""sma_100"": 82.575714, ""sma_200"": 79.641479, ""sma_50"": 83.917096, ""volume"": 17194900.0, ""volume_sma_20"": 8871425.0}",3854.8852265404776,3853.3251704201416,4108.896687653191,-255.5715172330497,45.05106837673003,72.30150226818635,0.0,27.250433891456325,472.43237508049367,572.4323750804937,active,85.864208106525,84.3461446008736,86.80661565515052,86.76321234732295,86.80661565515052,,17.950786505313705,1541.3300681680566,45.0,27.250433891456325,27.250433891456325,0.6055651975879184,1.5180635056513978,0.017679817226847947,16.137833193935634,0.5922046327121139,1.5493989847650242,0.0,stop_loss,stop loss,True,False,False,False,False,15,sideways_normal_volatility,True,valid_win,,True,trend breakout
309,B_ETF_trend_following,v1_fixed_rules,IEF,bond,2014-10-01,2014-10-02,2014-10-01,2014-10-23,sideways_normal_volatility,sideways_normal_volatility,160.0657958984375,155.19372413635253,True,0.05050299805069434,normal_volatility,trend_following_breakout,trend_breakout,Trend filter and 20-day breakout conditions were met.,"{""atr_20"": 0.298664, ""bollinger_lower"": 79.10402, ""breakout_level"": 80.512283, ""close"": 80.736847, ""ema_10"": 80.036277, ""momentum_126"": 0.045121, ""momentum_63"": 0.021831, ""realized_vol_20"": 0.050503, ""rsi_2"": 90.63769, ""sma_100"": 79.709112, ""sma_200"": 78.619286, ""sma_50"": 80.110261, ""volume"": 3346000.0, ""volume_sma_20"": 2637615.0}",3854.8852265404776,3844.3179375106874,4108.896687653191,-264.57875014250385,72.30150226818635,72.38083728650447,27.250433891456325,27.329768909774444,463.4251421710396,563.4251421710396,active,80.73849951009441,80.14117221590169,81.55505827651857,81.51428074738031,81.55505827651857,,0.13281666364390382,10.723418132545703,45.0,0.07933501831811814,0.07933501831811814,0.001763000407069292,0.5973272941927235,0.007398295705483627,0.10303667565385263,1.298754041256982,0.010774936470372629,0.0,stop_loss,stop loss,True,False,False,False,False,15,sideways_normal_volatility,True,valid_win,,True,trend breakout
310,A_ETF_sector_momentum,v1_fixed_rules,TLT,bond,2014-10-03,2014-10-06,2014-10-03,2014-10-23,sideways_normal_volatility,sideways_normal_volatility,161.85304260253906,155.35785598754882,True,0.12176406445800193,normal_volatility,weekly_momentum_rotation,ranked_momentum_risk_on,Weekly momentum rotation selected an eligible top-ranked ETF.,"{""atr_20"": 0.738143, ""bollinger_lower"": 81.429164, ""breakout_level"": 86.112617, ""close"": 85.726562, ""ema_10"": 84.754777, ""momentum_126"": 0.101574, ""momentum_63"": 0.063544, ""rank_at_signal"": 1.0, ""rank_score"": 0.678023, ""realized_vol_20"": 0.121764, ""rsi_2"": 32.677416, ""score"": 0.678023, ""sma_100"": 82.685967, ""sma_200"": 79.765402, ""sma_50"": 84.020417, ""volume"": 8561500.0, ""volume_sma_20"": 8741345.0}",3824.160903824914,3825.0941893348545,4108.896687653191,-283.8024983183368,27.329768909774444,53.68309128938378,27.329768909774444,53.68309128938378,681.2833442403472,811.2833442403472,active,85.71116662359466,84.23488009719884,86.80661565515052,86.76321234732295,86.80661565515052,,17.851089140498893,1530.0376757339418,45.0,26.353322379609338,26.353322379609338,0.5856293862135409,1.4762865263958247,0.017223969577721637,18.78016199415427,0.7126297672693164,1.539427756731019,0.0,stop_loss,stop loss,True,False,False,False,False,13,sideways_normal_volatility,True,valid_win,,True,weekly rank score=0.6780
311,A_ETF_sector_momentum,v1_fixed_rules,IEF,bond,2014-10-10,2014-10-13,2014-10-10,2014-10-23,sideways_high_volatility,sideways_high_volatility,156.92788696289062,155.66139846801758,True,0.05038649031861622,high_volatility,weekly_momentum_rotation,ranked_momentum_risk_on,Weekly momentum rotation selected an eligible top-ranked ETF.,"{""atr_20"": 0.316273, ""bollinger_lower"": 78.825869, ""breakout_level"": 81.363823, ""close"": 81.541832, ""ema_10"": 80.852667, ""momentum_126"": 0.038253, ""momentum_63"": 0.025127, ""rank_at_signal"": 2.0, ""rank_score"": 0.628933, ""realized_vol_20"": 0.050386, ""rsi_2"": 69.491412, ""score"": 0.628933, ""sma_100"": 79.831742, ""sma_200"": 78.782011, ""sma_50"": 80.277086, ""volume"": 4675300.0, ""volume_sma_20"": 3074880.0}",3885.8572406050425,3904.948562978454,4108.896687653191,-203.9481246747373,9.467380329033553,15.23054600701401,9.467380329033553,15.23054600701401,721.6035505129397,851.6035505129397,active,81.72205632037739,81.08951122543726,81.55505827651857,81.51428074738031,81.55505827651857,,9.111074805703712,744.5757684108903,45.0,5.763165677980456,5.763165677980456,0.1280703483995657,0.6325450949401272,0.00774020042349818,-1.8930587883743384,-0.32847551053533297,0.7436292390167032,0.0,stop_loss,stop loss,True,False,False,False,False,8,sideways_high_volatility,True,valid_loss,,True,weekly rank score=0.6289
313,A_ETF_sector_momentum,v1_fixed_rules,SHY,bond,2014-10-24,2014-10-27,2014-10-24,2014-11-03,sideways_high_volatility,sideways_high_volatility,161.7788543701172,156.05221862792968,True,0.009995591768936541,high_volatility,weekly_momentum_rotation,ranked_momentum_risk_on,Weekly momentum rotation selected an eligible top-ranked ETF.,"{""atr_20"": 0.083841, ""bollinger_lower"": 68.727585, ""breakout_level"": 69.137489, ""close"": 69.047951, ""ema_10"": 69.038136, ""momentum_126"": 0.005974, ""momentum_63"": 0.005392, ""rank_at_signal"": 2.0, ""rank_score"": 0.56856, ""realized_vol_20"": 0.009996, ""rsi_2"": 33.333333, ""score"": 0.56856, ""sma_100"": 68.784164, ""sma_200"": 68.716684, ""sma_50"": 68.845286, ""volume"": 1171400.0, ""volume_sma_20"": 3675770.0}",3870.8138862783435,3867.553358922931,4108.896687653191,-241.3433287302605,45.0,48.75592719302692,0.0,3.755927193026919,698.1704474461271,828.1704474461271,active,69.0661882593305,68.8985062970355,68.8985062970355,68.95563173185336,68.8985062970355,,22.399112830150685,1547.0213435691724,45.0,3.755927193026919,3.755927193026919,0.08346504873393154,0.16768196229500631,0.00242784445647112,-2.4763681330701943,-0.659322720011108,1.5457831595026374,0.0,rank_drop_exit,rank drop exit,False,False,False,False,False,5,sideways_high_volatility,True,valid_loss,,True,weekly rank score=0.5686
312,B_ETF_trend_following,v1_fixed_rules,XLU,equity_index,2014-10-23,2014-10-24,2014-10-23,2014-11-14,sideways_high_volatility,sideways_high_volatility,160.54345703125,155.98914970397948,True,0.13142544470324607,high_volatility,trend_following_breakout,trend_breakout,Trend filter and 20-day breakout conditions were met.,"{""atr_20"": 0.23803, ""bollinger_lower"": 14.342127, ""breakout_level"": 15.185596, ""close"": 15.213197, ""ema_10"": 14.97763, ""momentum_126"": 0.041011, ""momentum_63"": 0.04848, ""realized_vol_20"": 0.131425, ""rsi_2"": 100.0, ""sma_100"": 14.595122, ""sma_200"": 14.180276, ""sma_50"": 14.663163, ""volume"": 18925000.0, ""volume_sma_20"": 27586700.0}",3859.794903520804,3859.794903520804,4108.896687653191,-249.10178413238737,0.0,45.0,0.0,45.0,488.6732449500832,588.6732449500832,active,15.24496605443865,14.76890653505519,15.483566627363665,15.475824844049983,15.483566627363665,,94.525995527364,1441.0455930766839,45.0,45.0,45.0,1.0,0.47605951938346003,0.031227325642017606,21.822156914253465,0.4849368203167437,1.4519566715338108,0.0,stop_loss,stop loss,True,False,False,False,False,15,sideways_high_volatility,True,valid_win,,True,trend breakout
315,A_ETF_sector_momentum,v1_fixed_rules,TLT,bond,2014-10-31,2014-11-03,2014-10-31,2014-11-17,bull_high_volatility,bull_high_volatility,166.08624267578125,156.4136643218994,True,0.09756927326118361,high_volatility,weekly_momentum_rotation,ranked_momentum_risk_on,Weekly momentum rotation selected an eligible top-ranked ETF.,"{""atr_20"": 1.009127, ""bollinger_lower"": 85.85577, ""breakout_level"": 89.24453, ""close"": 86.855507, ""ema_10"": 87.215309, ""momentum_126"": 0.077899, ""momentum_63"": 0.048659, ""rank_at_signal"": 1.0, ""rank_score"": 0.648558, ""realized_vol_20"": 0.097569, ""rsi_2"": 24.389434, ""score"": 0.648558, ""sma_100"": 83.968236, ""sma_200"": 81.17475, ""sma_50"": 85.549146, ""volume"": 6664200.0, ""volume_sma_20"": 9913530.0}",3915.939797564348,3929.2671334292654,4108.896687653191,-179.62955422392588,27.144465730116526,63.03508517485008,0.0,35.89061944473356,695.6940793130569,825.6940793130569,active,86.8551147414185,84.83686087404067,85.71232371456503,87.4104806652988,85.71232371456503,,17.78300541118918,1544.5449754361023,45.0,35.89061944473356,35.89061944473356,0.7975693209940791,2.0182538673778367,0.023237018031540223,9.876075229553491,0.27517148999785973,1.549483013050879,0.0,rank_drop_exit,rank drop exit,False,False,False,False,False,10,bull_high_volatility,True,valid_win,,True,weekly rank score=0.6486
317,A_ETF_sector_momentum,v1_fixed_rules,XLK,equity_index,2014-11-14,2014-11-17,2014-11-14,2014-12-08,bull_normal_volatility,bull_normal_volatility,168.2110595703125,157.44897163391113,True,0.09731345014889495,normal_volatility,weekly_momentum_rotation,ranked_momentum_risk_on,Weekly momentum rotation selected an eligible top-ranked ETF.,"{""atr_20"": 0.175896, ""bollinger_lower"": 16.592793, ""breakout_level"": 18.012484, ""close"": 18.13891, ""ema_10"": 17.831408, ""momentum_126"": 0.137101, ""momentum_63"": 0.053684, ""rank_at_signal"": 2.0, ""rank_score"": 0.980262, ""realized_vol_20"": 0.097313, ""rsi_2"": 100.0, ""score"": 0.980262, ""sma_100"": 17.187607, ""sma_200"": 16.47889, ""sma_50"": 17.297013, ""volume"": 8686600.0, ""volume_sma_20"": 17944630.0}",3923.078356594464,3944.5577922757366,4108.896687653191,-164.33889537745472,28.09178963027157,56.172432598233804,28.09178963027157,56.172432598233804,717.9727242179987,847.9727242179987,active,18.09564001336151,17.743848397763845,18.17050565021599,18.31720026987802,18.17050565021599,,79.82180848811726,1444.426711616454,45.0,28.080642967962234,28.080642967962234,0.6240142881769385,0.3517916155976657,0.01944068379664432,17.68534036423882,0.6298053924340826,1.4532693817985733,0.0,rank_drop_exit,rank drop exit,False,False,False,False,False,14,bull_normal_volatility,True,valid_win,,True,weekly rank score=0.9803
314,B_ETF_trend_following,v1_fixed_rules,XLP,equity_index,2014-10-24,2014-10-27,2014-10-24,2014-12-09,sideways_high_volatility,sideways_high_volatility,161.7788543701172,156.05221862792968,True,0.13507866666402887,high_volatility,trend_following_breakout,trend_breakout,Trend filter and 20-day breakout conditions were met.,"{""atr_20"": 0.401389, ""bollinger_lower"": 32.613076, ""breakout_level"": 33.768093, ""close"": 33.812275, ""ema_10"": 33.383723, ""momentum_126"": 0.050294, ""momentum_63"": 0.036822, ""realized_vol_20"": 0.135079, ""rsi_2"": 92.68191, ""sma_100"": 32.91478, ""sma_200"": 31.995883, ""sma_50"": 33.169168, ""volume"": 9205600.0, ""volume_sma_20"": 13389445.0}",3870.8138862783435,3867.144854773388,4108.896687653191,-241.75183287980326,48.75592719302692,69.49655929010046,45.0,65.74063209707354,496.43170035221004,596.4317003522101,active,33.740768548454156,32.93798959248613,35.63692962743402,35.61359374937086,35.63692962743402,,25.83604358694687,871.7279668749477,45.0,20.740632097073544,20.740632097073544,0.4609029354905232,0.802778955968023,0.023792550985173175,48.38639352161641,2.33292762222245,0.8959211636357559,0.0,stop_loss_gap,stop loss gap,True,False,False,True,False,30,sideways_high_volatility,True,valid_win,,True,trend breakout
316,A_ETF_sector_momentum,v1_fixed_rules,XLP,equity_index,2014-11-14,2014-11-17,2014-11-14,2014-12-09,bull_normal_volatility,bull_normal_volatility,168.2110595703125,157.44897163391113,True,0.0679824667432185,normal_volatility,weekly_momentum_rotation,ranked_momentum_risk_on,Weekly momentum rotation selected an eligible top-ranked ETF.,"{""atr_20"": 0.313747, ""bollinger_lower"": 33.061824, ""breakout_level"": 35.373634, ""close"": 35.174786, ""ema_10"": 35.001865, ""momentum_126"": 0.09509, ""momentum_63"": 0.073302, ""rank_at_signal"": 1.0, ""rank_score"": 1.238501, ""realized_vol_20"": 0.067982, ""rsi_2"": 38.636578, ""score"": 1.238501, ""sma_100"": 33.206644, ""sma_200"": 32.334261, ""sma_50"": 33.705802, ""volume"": 7544500.0, ""volume_sma_20"": 8288130.0}",3923.078356594464,3932.1552226003487,4108.896687653191,-176.7414650528426,0.0,28.09178963027157,0.0,28.09178963027157,705.5701545426105,835.5701545426105,active,35.13342963006752,34.505936017604576,35.63692962743402,35.61359374937086,35.63692962743402,,44.76824795077989,1572.8620890401396,45.0,28.09178963027157,28.09178963027157,0.6242619917838127,0.627493612462942,0.017860300547656385,21.496106350039735,0.7652095730802299,1.5836101422151594,0.0,stop_loss_gap,stop loss gap,True,False,False,True,False,15,bull_normal_volatility,True,valid_win,,True,weekly rank score=1.2385
318,A_ETF_sector_momentum,v1_fixed_rules,XLV,equity_index,2014-12-05,2014-12-08,2014-12-05,2014-12-12,bull_low_volatility,bull_low_volatility,171.307861328125,159.0943041229248,True,0.1055023258393609,low_volatility,weekly_momentum_rotation,ranked_momentum_risk_on,Weekly momentum rotation selected an eligible top-ranked ETF.,"{""atr_20"": 0.548347, ""bollinger_lower"": 55.108545, ""breakout_level"": 58.247261, ""close"": 58.636604, ""ema_10"": 57.704917, ""momentum_126"": 0.191465, ""momentum_63"": 0.106923, ""rank_at_signal"": 1.0, ""rank_score"": 1.41413, ""realized_vol_20"": 0.105502, ""rsi_2"": 86.159569, ""score"": 1.41413, ""sma_100"": 53.226882, ""sma_200"": 50.928742, ""sma_50"": 54.646743, ""volume"": 8325100.0, ""volume_sma_20"": 7007465.0}",4005.7970424010205,3997.082023932502,4108.896687653191,-111.81466372068917,0.0,27.367361581371043,0.0,27.367361581371043,757.7484515791907,887.7484515791907,active,58.59130071187501,57.494606850462326,57.494606850462326,57.4658595470371,57.494606850462326,,24.954422144862182,1462.112051980693,45.0,27.367361581371043,27.367361581371043,0.6081635906971343,1.0966938614126818,0.018717690989754884,-28.084733926570607,-1.0262126965753207,1.4480696850174075,0.0,stop_loss,stop loss,True,False,False,False,False,4,bull_low_volatility,True,valid_loss,,True,weekly rank score=1.4141
319,B_ETF_trend_following,v1_fixed_rules,TLT,bond,2014-12-09,2014-12-10,2014-12-09,2014-12-18,bull_low_volatility,sideways_normal_volatility,170.04779052734375,159.29367576599122,True,0.09145169123163047,low_volatility,trend_following_breakout,trend_breakout,Trend filter and 20-day breakout conditions were met.,"{""atr_20"": 0.722093, ""bollinger_lower"": 85.902756, ""breakout_level"": 89.694122, ""close"": 90.155113, ""ema_10"": 88.918152, ""momentum_126"": 0.124093, ""momentum_63"": 0.079407, ""realized_vol_20"": 0.091452, ""rsi_2"": 100.0, ""sma_100"": 85.654989, ""sma_200"": 82.676403, ""sma_50"": 87.472862, ""volume"": 6639700.0, ""volume_sma_20"": 5172015.0}",3976.681140343784,3954.1509175486726,4108.896687653191,-154.74577010451867,27.367361581371043,52.695274821546676,0.0,25.327913240175636,558.8817953859531,658.8817953859531,active,90.18559387512424,88.74140715538788,91.27432357893046,91.228686417141,91.27432357893046,,17.537838351538937,1581.660367019469,45.0,25.327913240175636,25.327913240175636,0.5628425164483475,1.444186719736365,0.01601349680899216,18.293588387585867,0.7222698614810562,1.590807161213262,0.0,stop_loss,stop loss,True,False,False,False,False,6,sideways_normal_volatility,True,valid_win,,True,trend breakout
320,B_ETF_trend_following,v1_fixed_rules,IEF,bond,2014-12-10,2014-12-11,2014-12-10,2014-12-18,sideways_normal_volatility,bull_normal_volatility,167.32164001464844,159.3795443725586,True,0.04466062799342649,normal_volatility,trend_following_breakout,trend_breakout,Trend filter and 20-day breakout conditions were met.,"{""atr_20"": 0.321304, ""bollinger_lower"": 81.02326, ""breakout_level"": 82.341789, ""close"": 82.58252, ""ema_10"": 82.029408, ""momentum_126"": 0.043268, ""momentum_63"": 0.036455, ""realized_vol_20"": 0.044661, ""rsi_2"": 100.0, ""sma_100"": 80.847559, ""sma_200"": 79.755904, ""sma_50"": 81.599337, ""volume"": 996800.0, ""volume_sma_20"": 1495705.0}",3965.167573337855,3975.8458919691684,4108.896687653191,-133.0507956840229,49.375893657461965,56.64590840285877,22.008532076090923,29.278546821487726,576.4428940127523,676.4428940127523,active,82.45284656368615,81.81023766820195,82.3305193100368,82.18414849491322,82.3305193100368,,11.31328059179588,932.8121887672742,45.0,7.2700147453968045,7.2700147453968045,0.1615558832310401,0.6426088954842015,0.007793653248682612,-3.0398566465018755,-0.41813624221692786,0.9312922604440232,0.0,stop_loss_gap,stop loss gap,True,False,False,True,False,5,bull_normal_volatility,True,valid_loss,,True,trend breakout
321,A_ETF_sector_momentum,v1_fixed_rules,TLT,bond,2014-12-12,2014-12-15,2014-12-12,2014-12-18,sideways_normal_volatility,sideways_normal_volatility,165.4520721435547,159.5363868713379,True,0.10042351378991533,normal_volatility,weekly_momentum_rotation,ranked_momentum_risk_on,Weekly momentum rotation selected an eligible top-ranked ETF.,"{""atr_20"": 0.798753, ""bollinger_lower"": 85.771868, ""breakout_level"": 91.18692, ""close"": 92.423622, ""ema_10"": 90.123733, ""momentum_126"": 0.139975, ""momentum_63"": 0.120308, ""rank_at_signal"": 1.0, ""rank_score"": 1.295926, ""realized_vol_20"": 0.100424, ""rsi_2"": 100.0, ""score"": 1.295926, ""sma_100"": 85.900626, ""sma_200"": 82.888369, ""sma_50"": 87.842356, ""volume"": 9317400.0, ""volume_sma_20"": 5806360.0}",3995.2809455915312,3988.516837141864,4108.896687653191,-120.37985051132728,2.293840904034547,27.19819960411119,2.293840904034547,27.19819960411119,716.6668673303185,846.6668673303185,active,91.98663332377745,90.38912671908018,91.27432357893046,91.228686417141,91.27432357893046,,15.589518457606637,1434.0273180541224,45.0,24.904358700076642,24.904358700076642,0.5534301933350365,1.5975066046972728,0.017366725435795857,-11.816027290894763,-0.4744561959292049,1.4281193044086749,0.0,stop_loss,stop loss,True,False,False,False,False,3,sideways_normal_volatility,True,valid_loss,,True,weekly rank score=1.2959
322,B_ETF_trend_following,v1_fixed_rules,XLU,equity_index,2014-12-18,2014-12-19,2014-12-18,2014-12-31,bull_high_volatility,bull_high_volatility,170.30307006835938,159.81555854797364,True,0.14061164644673932,high_volatility,trend_following_breakout,trend_breakout,Trend filter and 20-day breakout conditions were met.,"{""atr_20"": 0.241652, ""bollinger_lower"": 15.544491, ""breakout_level"": 16.030773, ""close"": 16.28261, ""ema_10"": 15.93069, ""momentum_126"": 0.095593, ""momentum_63"": 0.109544, ""realized_vol_20"": 0.140612, ""rsi_2"": 100.0, ""sma_100"": 15.032689, ""sma_200"": 14.690331, ""sma_50"": 15.589284, ""volume"": 29327400.0, ""volume_sma_20"": 24623350.0}",3951.9375782910547,3951.9375782910547,4108.896687653191,-156.9591093621366,0.0,45.0,0.0,45.0,574.135527127037,674.135527127037,active,16.35238239164952,15.869078853570873,16.430660526519386,16.422445196256128,16.430660526519386,,93.10918802476712,1522.5570467569862,45.0,45.0,45.0,1.0,0.4833035380786477,0.02955554282570169,6.523490847659109,0.14496646328131352,1.5258187921808157,0.0,stop_loss,stop loss,True,False,False,False,False,7,bull_high_volatility,True,valid_win,,True,trend breakout
324,A_ETF_sector_momentum,v1_fixed_rules,XLU,equity_index,2014-12-26,2014-12-29,2014-12-26,2014-12-31,bull_high_volatility,bull_high_volatility,172.61778259277344,160.31153701782227,True,0.14880702567107193,high_volatility,weekly_momentum_rotation,ranked_momentum_risk_on,Weekly momentum rotation selected an eligible top-ranked ETF.,"{""atr_20"": 0.263067, ""bollinger_lower"": 15.448036, ""breakout_level"": 16.695738, ""close"": 16.897602, ""ema_10"": 16.349291, ""momentum_126"": 0.125581, ""momentum_63"": 0.172959, ""rank_at_signal"": 1.0, ""rank_score"": 1.003109, ""realized_vol_20"": 0.148807, ""rsi_2"": 100.0, ""score"": 1.003109, ""sma_100"": 15.153328, ""sma_200"": 14.7663, ""sma_50"": 15.762021, ""volume"": 39708200.0, ""volume_sma_20"": 26450360.0}",4028.7880891898294,4052.7929139593653,4108.896687653191,-56.10377369382604,37.698114897530075,71.01279850303911,37.698114897530075,71.01279850303911,704.8508400394237,834.8508400394237,active,16.916498717332036,16.390365537905275,16.430660526519386,16.422445196256128,16.430660526519386,,63.319868254281985,1071.1504701051947,45.0,33.314683605509025,33.314683605509025,0.740326302344645,0.5261331794267612,0.0311017775142621,-31.28340386509067,-0.9390274941682936,1.0555087681726496,0.0,stop_loss,stop loss,True,False,False,False,False,2,bull_high_volatility,True,valid_loss,,True,weekly rank score=1.0031
323,B_ETF_trend_following,v1_fixed_rules,IWM,equity_index,2014-12-18,2014-12-19,2014-12-18,2015-01-06,bull_high_volatility,bull_high_volatility,170.30307006835938,159.81555854797364,True,0.2105476767029126,high_volatility,trend_following_breakout,trend_breakout,Trend filter and 20-day breakout conditions were met.,"{""atr_20"": 1.693266, ""bollinger_lower"": 97.798473, ""breakout_level"": 101.992081, ""close"": 102.147049, ""ema_10"": 100.043468, ""momentum_126"": 0.009832, ""momentum_63"": 0.043748, ""realized_vol_20"": 0.210548, ""rsi_2"": 100.0, ""sma_100"": 97.820006, ""sma_200"": 97.956039, ""sma_50"": 98.307955, ""volume"": 54315600.0, ""volume_sma_20"": 38903080.0}",3951.9375782910547,3947.9361074790977,4108.896687653191,-160.9605801740936,45.0,90.0,45.0,90.0,570.1340563150796,670.1340563150796,active,102.21535005287602,98.82881717968921,100.82373810579995,100.77332623674705,100.82373810579995,,13.287926526947874,1358.230061428874,45.0,45.0,45.0,1.0,3.386532873186809,0.03313135327947275,-19.16150651883069,-0.42581125597401537,1.3486493081694588,0.0,stop_loss,stop loss,True,False,False,False,False,10,bull_high_volatility,True,valid_loss,,True,trend breakout
327,B_ETF_trend_following,v1_fixed_rules,IEF,bond,2015-01-06,2015-01-07,2015-01-06,2015-01-22,sideways_high_volatility,sideways_high_volatility,165.4791717529297,160.85071968078614,True,0.07299182810527202,high_volatility,trend_following_breakout,trend_breakout,Trend filter and 20-day breakout conditions were met.,"{""atr_20"": 0.44609, ""bollinger_lower"": 81.485658, ""breakout_level"": 83.374031, ""close"": 83.934113, ""ema_10"": 82.820677, ""momentum_126"": 0.057043, ""momentum_63"": 0.041299, ""realized_vol_20"": 0.072992, ""rsi_2"": 100.0, ""sma_100"": 81.291771, ""sma_200"": 80.15577, ""sma_50"": 81.953984, ""volume"": 1890200.0, ""volume_sma_20"": 3009955.0}",3958.5385305297195,3953.3666727861596,4108.896687653191,-155.5300148670317,26.860440217111403,41.12799058205816,26.860440217111403,41.12799058205816,566.2861017283053,666.2861017283053,active,83.73479162467518,82.84261149511966,84.33106344431988,84.28889791259772,84.33106344431988,,15.991782255960656,1339.0685549100435,45.0,14.267550364946755,14.267550364946755,0.31705667477659455,0.892180129555527,0.010654831907321747,8.861147103115846,0.6210699718212569,1.3434991284616014,0.0,stop_loss,stop loss,True,False,False,False,False,10,sideways_high_volatility,True,valid_win,,True,trend breakout
328,B_ETF_trend_following,v1_fixed_rules,XLP,equity_index,2015-01-22,2015-01-23,2015-01-22,2015-01-28,bull_high_volatility,sideways_high_volatility,170.67984008789062,161.72055564880372,True,0.11951572913384265,high_volatility,trend_following_breakout,trend_breakout,Trend filter and 20-day breakout conditions were met.,"{""atr_20"": 0.425787, ""bollinger_lower"": 35.576526, ""breakout_level"": 36.874222, ""close"": 37.245102, ""ema_10"": 36.599941, ""momentum_126"": 0.134701, ""momentum_63"": 0.11243, ""realized_vol_20"": 0.119516, ""rsi_2"": 100.0, ""sma_100"": 34.723426, ""sma_200"": 33.574986, ""sma_50"": 35.954995, ""volume"": 12062000.0, ""volume_sma_20"": 8641450.0}",3992.670446035036,4029.4808081738165,4108.896687653191,-79.41587947937478,0.3659202984031391,31.317598044488566,0.0,30.951677746085426,601.0557559070445,701.0557559070445,active,37.08561698067147,36.23404284881122,36.23404284881122,36.21592582738682,36.23404284881122,,36.34642785411073,1347.9297020131592,45.0,30.951677746085426,30.951677746085426,0.6878150610241206,0.8515741318602466,0.02296238275620642,-31.61016675821883,-1.0212747437323229,1.3321246186340496,0.0,stop_loss,stop loss,True,False,False,False,False,3,sideways_high_volatility,True,valid_loss,,True,trend breakout
325,A_ETF_sector_momentum,v1_fixed_rules,TLT,bond,2015-01-02,2015-01-05,2015-01-02,2015-02-06,bull_high_volatility,sideways_high_volatility,170.1249542236328,160.7101387786865,True,0.15208493838030387,high_volatility,weekly_momentum_rotation,ranked_momentum_risk_on,Weekly momentum rotation selected an eligible top-ranked ETF.,"{""atr_20"": 1.039972, ""bollinger_lower"": 88.814765, ""breakout_level"": 93.374947, ""close"": 93.367279, ""ema_10"": 91.975114, ""momentum_126"": 0.166814, ""momentum_63"": 0.093775, ""rank_at_signal"": 1.0, ""rank_score"": 0.856722, ""realized_vol_20"": 0.152085, ""rsi_2"": 100.0, ""score"": 0.856722, ""sma_100"": 87.036013, ""sma_200"": 83.871416, ""sma_50"": 88.989638, ""volume"": 9432000.0, ""volume_sma_20"": 6988715.0}",3934.7732349392586,3916.513284878775,4108.896687653191,-192.38340277441648,18.491637306769718,53.185469055426665,0.0,34.69383174865695,673.567436174333,803.567436174333,active,93.92022170904758,91.84027704094778,97.73724687447762,96.98322177243581,97.73724687447762,,16.680170526051842,1566.60531395151,45.0,34.69383174865695,34.69383174865695,0.7709740388590433,2.079944668099799,0.022145866249583528,51.091363378623285,1.4726353591831525,1.5921509956408215,0.0,stop_loss_gap,stop loss gap,True,False,False,True,False,23,sideways_high_volatility,True,valid_win,,True,weekly rank score=0.8567
326,B_ETF_trend_following,v1_fixed_rules,TLT,bond,2015-01-05,2015-01-06,2015-01-05,2015-02-06,sideways_high_volatility,sideways_high_volatility,167.05259704589844,160.7828840637207,True,0.15778672915222253,high_volatility,trend_following_breakout,trend_breakout,Trend filter and 20-day breakout conditions were met.,"{""atr_20"": 1.081498, ""bollinger_lower"": 88.905668, ""breakout_level"": 93.374947, ""close"": 94.833954, ""ema_10"": 92.494903, ""momentum_126"": 0.176532, ""momentum_63"": 0.106238, ""realized_vol_20"": 0.157787, ""rsi_2"": 100.0, ""sma_100"": 87.152476, ""sma_200"": 83.962449, ""sma_50"": 89.128521, ""volume"": 9789500.0, ""volume_sma_20"": 7265665.0}",3931.7544929287933,3936.9415858676666,4108.896687653191,-171.95510178552468,48.349341195157436,70.95831719182974,29.857703888387714,52.46667988506002,546.6815609186468,646.6815609186468,active,95.89384358881692,93.7308483427926,97.73724687447762,96.98322177243581,97.73724687447762,,10.4526239889933,1002.3422898932391,45.0,22.608975996672307,22.608975996672307,0.5024216888149401,2.162995246024323,0.022556142970960966,11.386860535180766,0.5036433554910552,1.0080357201608297,0.0,stop_loss_gap,stop loss gap,True,False,False,True,False,22,sideways_high_volatility,True,valid_win,,True,trend breakout
329,A_ETF_sector_momentum,v1_fixed_rules,XLU,equity_index,2015-01-23,2015-01-26,2015-01-23,2015-02-06,sideways_high_volatility,bull_high_volatility,169.7440643310547,161.81420303344726,True,0.16273488727587793,high_volatility,weekly_momentum_rotation,ranked_momentum_risk_on,Weekly momentum rotation selected an eligible top-ranked ETF.,"{""atr_20"": 0.275826, ""bollinger_lower"": 16.17541, ""breakout_level"": 17.127312, ""close"": 17.102945, ""ema_10"": 16.869804, ""momentum_126"": 0.169352, ""momentum_63"": 0.126261, ""rank_at_signal"": 2.0, ""rank_score"": 0.908265, ""realized_vol_20"": 0.162735, ""rsi_2"": 39.999061, ""score"": 0.908265, ""sma_100"": 15.574628, ""sma_200"": 15.020035, ""sma_50"": 16.206384, ""volume"": 14190600.0, ""volume_sma_20"": 30398600.0}",4020.179573132812,4012.021435377701,4108.896687653191,-96.87525227549031,31.317598044488566,31.317598044488573,30.951677746085426,30.951677746085434,750.4585402355639,880.4585402355639,active,17.097571632397813,16.545919030040487,16.545919030040487,16.53764607052547,16.545919030040487,,1.3298594697061346e-14,2.2737367544323206e-13,45.0,7.336204372329221e-15,7.336204372329221e-15,1.6302676382953826e-16,0.5516526023573256,0.03226496804446845,-7.446223107864649e-15,-1.014996683564378,2.236505638892997e-16,0.0,stop_loss,stop loss,True,False,False,False,False,9,bull_high_volatility,True,breakeven,,True,weekly rank score=0.9083
330,B_ETF_trend_following,v1_fixed_rules,IEF,bond,2015-01-28,2015-01-29,2015-01-28,2015-02-06,sideways_high_volatility,sideways_high_volatility,165.744140625,162.082339553833,True,0.0708995252486505,high_volatility,trend_following_breakout,trend_breakout,Trend filter and 20-day breakout conditions were met.,"{""atr_20"": 0.527799, ""bollinger_lower"": 82.431198, ""breakout_level"": 85.474342, ""close"": 85.552101, ""ema_10"": 84.805394, ""momentum_126"": 0.069333, ""momentum_63"": 0.045705, ""realized_vol_20"": 0.0709, ""rsi_2"": 100.0, ""sma_100"": 81.895725, ""sma_200"": 80.665126, ""sma_50"": 82.932953, ""volume"": 3346300.0, ""volume_sma_20"": 1615515.0}",4037.6650064911955,4019.757262748005,4108.896687653191,-89.13942490518639,7.336204372329221e-15,16.27939892990331,0.0,16.2793989299033,577.8771800433897,677.8771800433897,active,85.35360618331697,84.29800732000984,84.6396378833629,84.39652599403983,84.6396378833629,,15.421955721798492,1316.3195352549403,45.0,16.2793989299033,16.2793989299033,0.3617644206645178,1.0555988633071252,0.01236736103498636,-14.760048301242506,-0.906670348505931,1.3089395111043192,0.0,stop_loss_gap,stop loss gap,True,False,False,True,False,6,sideways_high_volatility,True,valid_loss,,True,trend breakout
331,A_ETF_sector_momentum,v1_fixed_rules,XLP,equity_index,2015-02-06,2015-02-09,2015-02-06,2015-03-06,sideways_high_volatility,sideways_high_volatility,170.22438049316406,162.6670394897461,True,0.13296527280532622,high_volatility,weekly_momentum_rotation,ranked_momentum_risk_on,Weekly momentum rotation selected an eligible top-ranked ETF.,"{""atr_20"": 0.466585, ""bollinger_lower"": 35.73129, ""breakout_level"": 37.245102, ""close"": 36.399471, ""ema_10"": 36.356693, ""momentum_126"": 0.145196, ""momentum_63"": 0.041139, ""rank_at_signal"": 1.0, ""rank_score"": 0.700691, ""realized_vol_20"": 0.132965, ""rsi_2"": 53.190163, ""score"": 0.700691, ""sma_100"": 35.077366, ""sma_200"": 33.840899, ""sma_50"": 36.15112, ""volume"": 6304100.0, ""volume_sma_20"": 9108200.0}",3932.9853147122512,3932.9853147122512,4108.896687653191,-175.91137294094005,0.0,40.37752171253392,0.0,40.37752171253392,724.6587995529563,854.6587995529563,active,36.35830800160318,35.425137487799,36.46715893488887,36.44892535542143,36.46715893488887,,43.26917869268098,1573.1941258849006,45.0,40.37752171253392,40.37752171253392,0.8972782602785315,0.9331705138041784,0.02566594996013102,3.9209384750198804,0.09710696220869716,1.5751545951224106,0.0,stop_loss,stop loss,True,False,False,False,False,18,sideways_high_volatility,True,valid_win,,True,weekly rank score=0.7007
332,B_ETF_trend_following,v1_fixed_rules,XLY,equity_index,2015-02-10,2015-02-11,2015-02-10,2015-03-06,bull_high_volatility,bull_high_volatility,171.26783752441406,162.8445548248291,True,0.16963180937186223,high_volatility,trend_following_breakout,trend_breakout,Trend filter and 20-day breakout conditions were met.,"{""atr_20"": 0.490252, ""bollinger_lower"": 30.145101, ""breakout_level"": 32.263824, ""close"": 32.484665, ""ema_10"": 31.88087, ""momentum_126"": 0.111641, ""momentum_63"": 0.085943, ""realized_vol_20"": 0.169632, ""rsi_2"": 76.069127, ""sma_100"": 30.439493, ""sma_200"": 29.785536, ""sma_50"": 31.321094, ""volume"": 11124000.0, ""volume_sma_20"": 16518090.0}",3941.1858836246547,3948.5683043026365,4108.896687653191,-160.32838335055476,40.37752171253392,85.37752171253392,40.37752171253392,85.37752171253392,535.3753040347007,635.3753040347007,active,32.545083122383,31.564579952057283,33.28518140364199,33.26853881294017,33.28518140364199,,45.89480316014825,1493.6501837324306,45.0,45.0,45.0,1.0,0.980503170325715,0.03012753621303153,33.202856513210605,0.7378412558491245,1.5102516119890361,0.0,stop_loss,stop loss,True,False,False,False,False,16,bull_high_volatility,True,valid_win,,True,trend breakout
333,B_ETF_trend_following,v1_fixed_rules,QQQ,equity_index,2015-02-12,2015-02-13,2015-02-12,2015-03-10,bull_high_volatility,bull_high_volatility,173.01522827148438,163.03825042724608,True,0.16896573046288615,high_volatility,trend_following_breakout,trend_breakout,Trend filter and 20-day breakout conditions were met.,"{""atr_20"": 1.460345, ""bollinger_lower"": 91.609569, ""breakout_level"": 96.357162, ""close"": 97.479088, ""ema_10"": 95.462345, ""momentum_126"": 0.105964, ""momentum_63"": 0.040232, ""realized_vol_20"": 0.168966, ""rsi_2"": 100.0, ""sma_100"": 92.972051, ""sma_200"": 89.561457, ""sma_50"": 94.699725, ""volume"": 22520300.0, ""volume_sma_20"": 34337100.0}",3971.217053504175,3972.9566991217525,4108.896687653191,-135.93998853143876,61.03625689338374,86.90160382256902,61.03625689338374,86.90160382256902,559.7636988538164,659.7636988538164,active,97.80383803710001,94.88314707921353,98.52629269183197,98.30356386930363,98.52629269183197,,8.855899957283539,866.14100509492,45.0,25.86534692918528,25.86534692918528,0.5747854873152284,2.920690957886478,0.02986274379926246,4.425521976065546,0.1710984966945094,0.8683537660829529,0.0,stop_loss_gap,stop loss gap,True,False,False,True,False,16,bull_high_volatility,True,valid_win,,True,trend breakout
334,A_ETF_sector_momentum,v1_fixed_rules,XLY,equity_index,2015-03-06,2015-03-09,2015-03-06,2015-03-11,sideways_normal_volatility,sideways_normal_volatility,171.8392791748047,164.5999528503418,True,0.10114287745823057,normal_volatility,weekly_momentum_rotation,ranked_momentum_risk_on,Weekly momentum rotation selected an eligible top-ranked ETF.,"{""atr_20"": 0.279795, ""bollinger_lower"": 32.132422, ""breakout_level"": 33.95541, ""close"": 33.306149, ""ema_10"": 33.502463, ""momentum_126"": 0.100621, ""momentum_63"": 0.060392, ""rank_at_signal"": 1.0, ""rank_score"": 0.795969, ""realized_vol_20"": 0.101143, ""rsi_2"": 5.204153, ""score"": 0.795969, ""sma_100"": 31.119538, ""sma_200"": 30.250215, ""sma_50"": 32.082384, ""volume"": 15705000.0, ""volume_sma_20"": 11601300.0}",3978.7162577844356,3981.240897355083,4108.896687653191,-127.65579029810851,0.0,26.72155212062386,0.0,26.72155212062386,728.5797380279762,858.5797380279762,active,33.34932992209469,32.78973940705379,32.80045333432182,32.784053107654664,32.80045333432182,,47.751974707202976,1592.496358942033,45.0,26.72155212062386,26.72155212062386,0.5938122693471969,0.5595905150409024,0.016779662930203613,-26.99308414570837,-1.010161536420444,1.578999816869179,0.0,stop_loss,stop loss,True,False,False,False,False,2,sideways_normal_volatility,True,valid_loss,,True,weekly rank score=0.7960
335,A_ETF_sector_momentum,v1_fixed_rules,XLV,equity_index,2015-03-06,2015-03-09,2015-03-06,2015-03-25,sideways_normal_volatility,sideways_normal_volatility,171.8392791748047,164.5999528503418,True,0.1326635908432085,normal_volatility,weekly_momentum_rotation,ranked_momentum_risk_on,Weekly momentum rotation selected an eligible top-ranked ETF.,"{""atr_20"": 0.643076, ""bollinger_lower"": 57.598154, ""breakout_level"": 60.599529, ""close"": 59.369087, ""ema_10"": 59.975518, ""momentum_126"": 0.127426, ""momentum_63"": 0.01926, ""rank_at_signal"": 2.0, ""rank_score"": 0.55285, ""realized_vol_20"": 0.132664, ""rsi_2"": 15.384741, ""score"": 0.55285, ""sma_100"": 57.13681, ""sma_200"": 54.137623, ""sma_50"": 58.569963, ""volume"": 12314900.0, ""volume_sma_20"": 8364125.0}",3978.7162577844356,3988.2484313158398,4108.896687653191,-120.64825633735154,26.72155212062386,59.348708972690446,26.72155212062386,59.348708972690446,735.5872719887335,865.5872719887335,active,59.581764436982624,58.295611666091816,60.59989142802889,60.56959148231488,60.59989142802889,,25.368025937905134,1511.471745663529,45.0,32.62715685206659,32.62715685206659,0.7250479300459243,1.2861527708908085,0.02158634916310885,25.05922210815278,0.7680479859698698,1.5240013567176054,0.0,stop_loss,stop loss,True,False,False,False,False,12,sideways_normal_volatility,True,valid_win,,True,weekly rank score=0.5528
336,B_ETF_trend_following,v1_fixed_rules,XLV,equity_index,2015-03-16,2015-03-17,2015-03-16,2015-03-25,sideways_normal_volatility,sideways_normal_volatility,172.73362731933594,165.0636627960205,True,0.14401841719167574,normal_volatility,trend_following_breakout,trend_breakout,Trend filter and 20-day breakout conditions were met.,"{""atr_20"": 0.646402, ""bollinger_lower"": 58.832251, ""breakout_level"": 60.599529, ""close"": 61.023537, ""ema_10"": 59.922808, ""momentum_126"": 0.158663, ""momentum_63"": 0.054713, ""realized_vol_20"": 0.144018, ""rsi_2"": 91.905912, ""sma_100"": 57.686445, ""sma_200"": 54.471055, ""sma_50"": 58.874914, ""volume"": 13635100.0, ""volume_sma_20"": 8483445.0}",3984.1164632422615,3979.6874325906883,4108.896687653191,-129.20925506250296,4.419968786352938,38.24736693296723,4.419968786352938,38.24736693296723,573.0036825239767,673.0036825239767,active,60.8377776025481,59.5449727276833,60.59989142802889,60.56959148231488,60.59989142802889,,26.165896187660906,1591.8749730362754,45.0,33.82739814661429,33.82739814661429,0.751719958813651,1.2928048748647996,0.021250034531351,-7.017330180994093,-0.20744516473243574,1.5883663079457784,0.0,stop_loss,stop loss,True,False,False,False,False,6,sideways_normal_volatility,True,valid_loss,,True,trend breakout
337,B_ETF_trend_following,v1_fixed_rules,XLF,equity_index,2015-03-16,2015-03-17,2015-03-16,2015-03-25,sideways_normal_volatility,sideways_normal_volatility,172.73362731933594,165.0636627960205,True,0.14224805449363548,normal_volatility,trend_following_breakout,trend_breakout,Trend filter and 20-day breakout conditions were met.,"{""atr_20"": 0.172093, ""bollinger_lower"": 15.790642, ""breakout_level"": 16.143175, ""close"": 16.202393, ""ema_10"": 16.014109, ""momentum_126"": 0.062336, ""momentum_63"": 0.005109, ""realized_vol_20"": 0.142248, ""rsi_2"": 63.829551, ""sma_100"": 15.841983, ""sma_200"": 15.383857, ""sma_50"": 15.829519, ""volume"": 39676730.0, ""volume_sma_20"": 35927055.05}",3984.1164632422615,3979.9796537151415,4108.896687653191,-128.91703393804983,38.24736693296723,56.23002518976817,38.24736693296723,56.23002518976817,573.2959036484299,673.2959036484299,active,16.157827298370254,15.813640534182959,15.866403478219938,15.85847027648083,15.866403478219938,,52.24680356103223,844.1948288310348,45.0,17.982658256800942,17.982658256800942,0.39961462792890984,0.3441867641872953,0.021301549882391146,-15.640447517272369,-0.8697516959906213,0.8363746050723986,0.0,stop_loss,stop loss,True,False,False,False,False,6,sideways_normal_volatility,True,valid_loss,,True,trend breakout
338,A_ETF_sector_momentum,v1_fixed_rules,TLT,bond,2015-03-27,2015-03-30,2015-03-27,2015-04-06,sideways_normal_volatility,sideways_high_volatility,171.1422882080078,165.71751739501954,True,0.17510653907432647,normal_volatility,weekly_momentum_rotation,ranked_momentum_risk_on,Weekly momentum rotation selected an eligible top-ranked ETF.,"{""atr_20"": 1.136323, ""bollinger_lower"": 90.743155, ""breakout_level"": 97.640465, ""close"": 96.492043, ""ema_10"": 95.951737, ""momentum_126"": 0.143245, ""momentum_63"": 0.061566, ""rank_at_signal"": 2.0, ""rank_score"": 0.584818, ""realized_vol_20"": 0.175107, ""rsi_2"": 43.989626, ""score"": 0.584818, ""sma_100"": 93.167007, ""sma_200"": 88.567622, ""sma_50"": 95.897505, ""volume"": 7907900.0, ""volume_sma_20"": 8617980.0}",3949.9429919407253,3949.9429919407253,4108.896687653191,-158.95369571246601,0.0,37.239594000717865,0.0,37.239594000717865,726.6458759904206,856.6458759904206,active,96.42234362619541,94.14969758006033,94.66930547619019,96.91843774093381,94.66930547619019,,16.386006991299183,1579.9771967762904,45.0,37.239594000717865,37.239594000717865,0.8275465333492859,2.2726460461350797,0.023569703459454822,8.129001632445764,0.21828921207597113,1.5840416975925131,0.0,rank_drop_exit,rank drop exit,False,False,False,False,False,4,sideways_high_volatility,True,valid_win,,True,weekly rank score=0.5848
340,B_ETF_trend_following,v1_fixed_rules,IEF,bond,2015-04-01,2015-04-02,2015-04-01,2015-04-28,sideways_high_volatility,sideways_high_volatility,171.10894775390625,165.92382225036621,True,0.07450768312542828,high_volatility,trend_following_breakout,trend_breakout,Trend filter and 20-day breakout conditions were met.,"{""atr_20"": 0.426336, ""bollinger_lower"": 82.348461, ""breakout_level"": 84.892258, ""close"": 84.990463, ""ema_10"": 84.426156, ""momentum_126"": 0.061529, ""momentum_63"": 0.032001, ""realized_vol_20"": 0.074508, ""rsi_2"": 100.0, ""sma_100"": 83.281782, ""sma_200"": 81.786248, ""sma_50"": 84.06507, ""volume"": 2570100.0, ""volume_sma_20"": 1377070.0}",3967.2837171238098,3950.1731101873447,4108.896687653191,-158.72357746584657,31.54721982384107,39.40057257785152,31.54721982384107,39.40057257785152,550.1141444720897,650.1141444720897,active,85.01731711301176,84.16464558689083,84.35788030144879,84.31570136129807,84.35788030144879,,9.210290848737293,783.0342177901686,45.0,7.853352754010453,7.853352754010453,0.1745189500891212,0.852671526120929,0.010029386424738508,-6.4620851373385255,-0.8228441201802056,0.7798031752214993,0.0,stop_loss,stop loss,True,False,False,False,False,17,sideways_high_volatility,True,valid_loss,,True,trend breakout
341,A_ETF_sector_momentum,v1_fixed_rules,IWM,equity_index,2015-04-02,2015-04-06,2015-04-02,2015-04-28,sideways_high_volatility,sideways_normal_volatility,171.7245330810547,165.9876806640625,True,0.1464425762284944,high_volatility,weekly_momentum_rotation,ranked_momentum_risk_on,Weekly momentum rotation selected an eligible top-ranked ETF.,"{""atr_20"": 1.229601, ""bollinger_lower"": 103.977293, ""breakout_level"": 108.888695, ""close"": 108.059433, ""ema_10"": 107.54252, ""momentum_126"": 0.16416, ""momentum_63"": 0.045231, ""rank_at_signal"": 1.0, ""rank_score"": 0.714923, ""realized_vol_20"": 0.146443, ""rsi_2"": 100.0, ""score"": 0.714923, ""sma_100"": 103.117841, ""sma_200"": 100.364655, ""sma_50"": 105.186592, ""volume"": 23586400.0, ""volume_sma_20"": 28372250.0}",3947.6939664746023,3957.6767913930876,4108.896687653191,-151.21989626010372,10.675277195851729,46.89962116092309,0.0,36.22434396507136,734.7748776228664,864.7748776228664,active,107.47162701831782,105.01242595870637,106.97572953930693,106.92224167453728,106.97572953930693,,14.730127015639312,1583.070716557235,45.0,36.22434396507136,36.22434396507136,0.8049854214460302,2.459201059611445,0.022882328367395895,-8.092515894418064,-0.22339992967770841,1.579024458610026,0.0,stop_loss,stop loss,True,False,False,False,False,16,sideways_normal_volatility,True,valid_loss,,True,weekly rank score=0.7149
339,B_ETF_trend_following,v1_fixed_rules,SHY,bond,2015-03-31,2015-04-01,2015-03-31,2015-04-30,sideways_high_volatility,sideways_high_volatility,171.7162628173828,165.8608390045166,True,0.011770335335160356,high_volatility,trend_following_breakout,trend_breakout,Trend filter and 20-day breakout conditions were met.,"{""atr_20"": 0.061576, ""bollinger_lower"": 68.909522, ""breakout_level"": 69.182594, ""close"": 69.223373, ""ema_10"": 69.149786, ""momentum_126"": 0.006337, ""momentum_63"": 0.00585, ""realized_vol_20"": 0.01177, ""rsi_2"": 87.495614, ""sma_100"": 69.007736, ""sma_200"": 68.904651, ""sma_50"": 69.079764, ""volume"": 1035200.0, ""volume_sma_20"": 737360.0}",3946.620407012213,3967.328943435665,4108.896687653191,-141.56774421752607,37.239594000717865,40.06151844255914,37.239594000717865,40.06151844255914,550.3459048257102,650.3459048257102,active,69.2555519152326,69.13239982886088,69.2127971161708,69.17819071761272,69.2127971161708,,22.914142382644478,1586.9315773742662,45.0,2.821924441841275,2.821924441841275,0.06270943204091722,0.12315208637171793,0.001778226914175106,-1.7726654971538127,-0.6281761024037793,1.5860452446256894,0.0,stop_loss,stop loss,True,False,False,False,False,20,sideways_high_volatility,True,valid_loss,,True,trend breakout
342,A_ETF_sector_momentum,v1_fixed_rules,XLY,equity_index,2015-04-02,2015-04-06,2015-04-02,2015-04-30,sideways_high_volatility,sideways_normal_volatility,171.7245330810547,165.9876806640625,True,0.1578229658149844,high_volatility,weekly_momentum_rotation,ranked_momentum_risk_on,Weekly momentum rotation selected an eligible top-ranked ETF.,"{""atr_20"": 0.414368, ""bollinger_lower"": 32.808217, ""breakout_level"": 34.020702, ""close"": 33.542114, ""ema_10"": 33.429904, ""momentum_126"": 0.158952, ""momentum_63"": 0.052589, ""rank_at_signal"": 2.0, ""rank_score"": 0.670185, ""realized_vol_20"": 0.157823, ""rsi_2"": 67.000077, ""score"": 0.670185, ""sma_100"": 31.956872, ""sma_200"": 30.692358, ""sma_50"": 32.8946, ""volume"": 8929600.0, ""volume_sma_20"": 11310220.0}",3947.6939664746023,3973.35833315173,4108.896687653191,-135.53835450146107,46.89962116092309,47.02469933927426,36.22434396507136,36.34942214342253,750.4564193815094,880.4564193815094,active,33.36379242479278,32.535056962637235,33.5348903257716,33.518122880608715,33.5348903257716,,0.15092654298373473,5.03548185150089,45.0,0.12507817835116372,0.12507817835116372,0.002779515074470305,0.8287354621555423,0.024839366328742216,0.0232925621734035,0.1862240278876494,0.005047128132587592,0.0,stop_loss,stop loss,True,False,False,False,False,18,sideways_normal_volatility,True,valid_win,,True,weekly rank score=0.6702
343,B_ETF_trend_following,v1_fixed_rules,XLK,equity_index,2015-04-28,2015-04-29,2015-04-28,2015-05-06,bull_normal_volatility,sideways_normal_volatility,175.88368225097656,167.13835571289061,True,0.11382165862201818,normal_volatility,trend_following_breakout,trend_breakout,Trend filter and 20-day breakout conditions were met.,"{""atr_20"": 0.198435, ""bollinger_lower"": 18.007852, ""breakout_level"": 19.029474, ""close"": 19.091066, ""ema_10"": 18.779271, ""momentum_126"": 0.115776, ""momentum_63"": 0.086744, ""realized_vol_20"": 0.113822, ""rsi_2"": 100.0, ""sma_100"": 18.298579, ""sma_200"": 17.823615, ""sma_50"": 18.581178, ""volume"": 18299600.0, ""volume_sma_20"": 14276630.0}",3943.378756830213,3943.5305127776664,4108.896687653191,-165.36617487552485,1.0262515462740027,33.96087975458664,0.0,32.93462820831264,543.8385933765168,643.8385933765168,active,19.008168004989624,18.61129840797684,18.61129840797684,18.60199275877285,18.61129840797684,,82.9860197309387,1577.4122051110664,45.0,32.93462820831264,32.93462820831264,0.731880626851392,0.3968695970127847,0.020878897793233247,-33.706866996763964,-1.0234476242927926,1.5605587716126845,0.0,stop_loss,stop loss,True,False,False,False,False,5,sideways_normal_volatility,True,valid_loss,,True,trend breakout
344,A_ETF_sector_momentum,v1_fixed_rules,XLB,equity_index,2015-05-01,2015-05-04,2015-05-01,2015-05-06,sideways_normal_volatility,bull_normal_volatility,175.2848358154297,167.32786773681642,True,0.10172238187035693,normal_volatility,weekly_momentum_rotation,ranked_momentum_risk_on,Weekly momentum rotation selected an eligible top-ranked ETF.,"{""atr_20"": 0.210842, ""bollinger_lower"": 19.586994, ""breakout_level"": 20.331314, ""close"": 20.523531, ""ema_10"": 20.202024, ""momentum_126"": 0.097945, ""momentum_63"": 0.078713, ""rank_at_signal"": 2.0, ""rank_score"": 0.868334, ""realized_vol_20"": 0.101722, ""rsi_2"": 72.173834, ""score"": 0.868334, ""sma_100"": 19.715281, ""sma_200"": 19.588581, ""sma_50"": 20.027554, ""volume"": 13499800.0, ""volume_sma_20"": 6122680.0}",3938.0592230215316,3939.5190696325135,4108.896687653191,-169.3776180206778,32.93462820831264,65.20109920110805,32.93462820831264,65.20109920110805,726.7056542906217,856.7056542906217,active,20.593895506757747,20.17221184420129,20.17221184420129,20.16212573827919,20.17221184420129,,76.51819090448016,1575.8076278530054,45.0,32.26647099279541,32.26647099279541,0.7170326887287869,0.4216836625564575,0.020476148498378314,-33.038241571225385,-1.0239186547113348,1.559288507067393,0.0,stop_loss,stop loss,True,False,False,False,False,2,bull_normal_volatility,True,valid_loss,,True,weekly rank score=0.8683
345,B_ETF_trend_following,v1_fixed_rules,XLB,equity_index,2015-05-01,2015-05-04,2015-05-01,2015-05-06,sideways_normal_volatility,bull_normal_volatility,175.2848358154297,167.32786773681642,True,0.10172238187035693,normal_volatility,trend_following_breakout,trend_breakout,Trend filter and 20-day breakout conditions were met.,"{""atr_20"": 0.210842, ""bollinger_lower"": 19.586994, ""breakout_level"": 20.331314, ""close"": 20.523531, ""ema_10"": 20.202024, ""momentum_126"": 0.097945, ""momentum_63"": 0.078713, ""realized_vol_20"": 0.101722, ""rsi_2"": 72.173834, ""sma_100"": 19.715281, ""sma_200"": 19.588581, ""sma_50"": 20.027554, ""volume"": 13499800.0, ""volume_sma_20"": 6122680.0}",3938.0592230215316,3929.8452315079585,4108.896687653191,-179.0514561452328,65.20109920110805,81.34752896892398,65.20109920110805,81.34752896892398,539.8622042172974,639.8622042172974,active,20.593895506757747,20.17221184420129,20.17221184420129,20.16212573827919,20.17221184420129,,38.290384953327795,788.5481866423617,45.0,16.146429767815935,16.146429767815935,0.35880955039590967,0.4216836625564575,0.020476148498378314,-16.532630646253143,-1.0239186547113348,0.7802818713192352,0.0,stop_loss,stop loss,True,False,False,False,False,2,bull_normal_volatility,True,valid_loss,,True,trend breakout
348,B_ETF_trend_following,v1_fixed_rules,SPY,equity_index,2015-05-14,2015-05-15,2015-05-14,2015-06-05,bull_normal_volatility,bull_normal_volatility,176.5242919921875,167.90461494445802,True,0.1149969395408079,normal_volatility,trend_following_breakout,trend_breakout,Trend filter and 20-day breakout conditions were met.,"{""atr_20"": 1.765154, ""bollinger_lower"": 172.839339, ""breakout_level"": 176.058441, ""close"": 176.524292, ""ema_10"": 175.057058, ""momentum_126"": 0.04973, ""momentum_63"": 0.020282, ""realized_vol_20"": 0.114997, ""rsi_2"": 100.0, ""sma_100"": 172.110544, ""sma_200"": 167.904615, ""sma_50"": 173.582469, ""volume"": 95934000.0, ""volume_sma_20"": 105206245.0}",3854.0200573351985,3869.447316523954,4108.896687653191,-239.44937112923708,73.51044857975361,88.97045564219766,73.51044857975361,88.97045564219766,491.8716565482008,591.8716565482008,active,176.8039492263794,173.2736407687334,174.1701821665301,174.08309707544686,174.1701821665301,,4.379222735894527,774.2638742481022,45.0,15.460007062444046,15.460007062444046,0.34355571249875655,3.5303084576459867,0.01996736200233733,-11.91521760037126,-0.7707122999520548,0.7683062654479165,0.0,stop_loss,stop loss,True,False,False,False,False,14,bull_normal_volatility,True,valid_loss,,True,trend breakout
346,A_ETF_sector_momentum,v1_fixed_rules,XLY,equity_index,2015-05-08,2015-05-11,2015-05-08,2015-06-09,bull_normal_volatility,sideways_normal_volatility,176.03347778320312,167.6418241119385,True,0.13170329114917473,normal_volatility,weekly_momentum_rotation,ranked_momentum_risk_on,Weekly momentum rotation selected an eligible top-ranked ETF.,"{""atr_20"": 0.380002, ""bollinger_lower"": 33.286518, ""breakout_level"": 34.401806, ""close"": 33.945362, ""ema_10"": 33.732615, ""momentum_126"": 0.1425, ""momentum_63"": 0.053705, ""rank_at_signal"": 1.0, ""rank_score"": 0.744876, ""realized_vol_20"": 0.131703, ""rsi_2"": 100.0, ""score"": 0.744876, ""sma_100"": 32.692844, ""sma_200"": 31.239194, ""sma_50"": 33.633329, ""volume"": 11347200.0, ""volume_sma_20"": 11591190.0}",3858.4902803921914,3858.4902803921914,4108.896687653191,-250.4064072609999,0.0,34.56492645241687,0.0,34.56492645241687,693.6674127193963,823.6674127193963,active,33.935734107769626,33.17573079798767,33.53988847466703,33.5231185304297,33.53988847466703,,45.479968320576695,1543.3961121568766,45.0,34.56492645241687,34.56492645241687,0.7681094767203749,0.7600033097819576,0.022395369652780075,-18.76574338599637,-0.5429128689693543,1.5340132404638784,0.0,stop_loss,stop loss,True,False,False,False,False,20,sideways_normal_volatility,True,valid_loss,,True,weekly rank score=0.7449
347,A_ETF_sector_momentum,v1_fixed_rules,XLV,equity_index,2015-05-08,2015-05-11,2015-05-08,2015-06-15,bull_normal_volatility,sideways_normal_volatility,176.03347778320312,167.6418241119385,True,0.1426461314022899,normal_volatility,weekly_momentum_rotation,ranked_momentum_risk_on,Weekly momentum rotation selected an eligible top-ranked ETF.,"{""atr_20"": 0.777017, ""bollinger_lower"": 59.752765, ""breakout_level"": 62.219719, ""close"": 61.235909, ""ema_10"": 60.71604, ""momentum_126"": 0.098649, ""momentum_63"": 0.055538, ""rank_at_signal"": 2.0, ""rank_score"": 0.540452, ""realized_vol_20"": 0.142646, ""rsi_2"": 100.0, ""score"": 0.540452, ""sma_100"": 59.523449, ""sma_200"": 56.558555, ""sma_50"": 60.81652, ""volume"": 11222400.0, ""volume_sma_20"": 9972375.0}",3858.4902803921914,3852.0757349680316,4108.896687653191,-256.8209526851597,34.56492645241687,73.51044857975361,34.56492645241687,73.51044857975361,687.2528672952365,817.2528672952365,active,61.48342284644997,59.92938797688977,61.43289712756456,61.40218067900078,61.43289712756456,,25.060906219149764,1540.8302939872128,45.0,38.94552212733675,38.94552212733675,0.86545604727415,1.5540348695601978,0.025275672654745947,-2.036002339484615,-0.05227821398382276,1.5398122928174707,0.0,stop_loss,stop loss,True,False,False,False,False,24,sideways_normal_volatility,True,valid_loss,,True,weekly rank score=0.5405
349,B_ETF_trend_following,v1_fixed_rules,XLF,equity_index,2015-06-10,2015-06-11,2015-06-10,2015-06-29,sideways_normal_volatility,sideways_normal_volatility,175.47613525390625,169.34670669555663,True,0.11021827725242464,normal_volatility,trend_following_breakout,trend_breakout,Trend filter and 20-day breakout conditions were met.,"{""atr_20"": 0.152917, ""bollinger_lower"": 16.184848, ""breakout_level"": 16.500677, ""close"": 16.546913, ""ema_10"": 16.364976, ""momentum_126"": 0.01331, ""momentum_63"": 0.048958, ""realized_vol_20"": 0.110218, ""rsi_2"": 100.0, ""sma_100"": 16.032247, ""sma_200"": 15.793615, ""sma_50"": 16.178987, ""volume"": 53968148.0, ""volume_sma_20"": 32358626.15}",3851.0666978440604,3861.722535055307,4108.896687653191,-247.17415259788413,3.277373340879272,31.688666966154045,3.277373340879272,31.688666966154045,479.95643894782955,579.9564389478296,active,16.627891357954816,16.322056397356555,16.322056397356555,16.313895369157876,16.322056397356555,,92.89746852255809,1544.689014022123,45.0,28.411293625274773,28.411293625274773,0.6313620805616617,0.3058349605982613,0.01839288903291693,-29.169432485473205,-1.0266844188862978,1.5301042977793866,0.0,stop_loss,stop loss,True,False,False,False,False,12,sideways_normal_volatility,True,valid_loss,,True,trend breakout
350,B_ETF_trend_following,v1_fixed_rules,IWM,equity_index,2015-06-10,2015-06-11,2015-06-10,2015-06-29,sideways_normal_volatility,sideways_normal_volatility,175.47613525390625,169.34670669555663,True,0.11260371338696062,normal_volatility,trend_following_breakout,trend_breakout,Trend filter and 20-day breakout conditions were met.,"{""atr_20"": 1.277381, ""bollinger_lower"": 106.551777, ""breakout_level"": 109.021698, ""close"": 109.221085, ""ema_10"": 108.273668, ""momentum_126"": 0.091426, ""momentum_63"": 0.044073, ""realized_vol_20"": 0.112604, ""rsi_2"": 80.31081, ""sma_100"": 106.2765, ""sma_200"": 102.507031, ""sma_50"": 107.812886, ""volume"": 42563500.0, ""volume_sma_20"": 27909990.0}",3851.0666978440604,3860.336942953931,4108.896687653191,-248.55974469926014,31.688666966154045,49.017942943100294,31.688666966154045,49.017942943100294,478.5708468464533,578.5708468464534,active,109.43178920580986,106.87702806571208,108.87430362246698,108.81986647065575,108.87430362246698,,6.783129626076504,742.2900113964879,45.0,17.32927597694625,17.32927597694625,0.38509502170991666,2.5547611400977814,0.023345694689255306,-4.150751233693609,-0.23952248433318857,0.7402146357796411,0.0,stop_loss,stop loss,True,False,False,False,False,12,sideways_normal_volatility,True,valid_loss,,True,trend breakout
351,A_ETF_sector_momentum,v1_fixed_rules,XLY,equity_index,2015-06-19,2015-06-22,2015-06-19,2015-06-29,sideways_normal_volatility,sideways_normal_volatility,176.2126922607422,169.73694831848144,True,0.09744500287178803,normal_volatility,weekly_momentum_rotation,ranked_momentum_risk_on,Weekly momentum rotation selected an eligible top-ranked ETF.,"{""atr_20"": 0.296725, ""bollinger_lower"": 33.568919, ""breakout_level"": 34.552483, ""close"": 34.431118, ""ema_10"": 34.134204, ""momentum_126"": 0.121172, ""momentum_63"": 0.012064, ""rank_at_signal"": 1.0, ""rank_score"": 0.683647, ""realized_vol_20"": 0.097445, ""rsi_2"": 77.250788, ""score"": 0.683647, ""sma_100"": 33.488568, ""sma_200"": 31.881508, ""sma_50"": 33.892952, ""volume"": 11966600.0, ""volume_sma_20"": 9394700.0}",3815.4328794823564,3844.02703364441,4108.896687653191,-264.86965400878125,40.21174274892191,66.56442580110559,40.21174274892191,66.56442580110559,672.8656669939153,802.8656669939153,active,34.62623309475039,34.03278373939305,34.03278373939305,34.01576734752335,34.03278373939305,,44.405951096392236,1537.6108134577642,45.0,26.352683052183682,26.352683052183682,0.5856151789374151,0.5934493553573432,0.017138721204049044,-27.108312117386436,-1.028673705205138,1.524056657399071,0.0,stop_loss,stop loss,True,False,False,False,False,5,sideways_normal_volatility,True,valid_loss,,True,weekly rank score=0.6836
352,A_ETF_sector_momentum,v1_fixed_rules,XLV,equity_index,2015-06-26,2015-06-29,2015-06-26,2015-07-08,sideways_normal_volatility,sideways_normal_volatility,175.3851776123047,170.03837043762206,True,0.10900291532551992,normal_volatility,weekly_momentum_rotation,ranked_momentum_risk_on,Weekly momentum rotation selected an eligible top-ranked ETF.,"{""atr_20"": 0.623371, ""bollinger_lower"": 61.290086, ""breakout_level"": 63.956589, ""close"": 63.571766, ""ema_10"": 63.273044, ""momentum_126"": 0.114001, ""momentum_63"": 0.043973, ""rank_at_signal"": 2.0, ""rank_score"": 0.724631, ""realized_vol_20"": 0.109003, ""rsi_2"": 79.244098, ""score"": 0.724631, ""sma_100"": 61.085188, ""sma_200"": 58.419841, ""sma_50"": 61.994952, ""volume"": 6147500.0, ""volume_sma_20"": 6945360.0}",3822.7796412699645,3732.12043921226,4108.896687653191,-376.77624844093134,58.545473653942096,58.5688751504186,58.545473653942096,58.5688751504186,638.3399911645295,768.3399911645295,active,63.051146286141815,61.80440495185555,61.80440495185555,61.77350274937963,61.80440495185555,,0.018770129643529646,1.1834781899640348,45.0,0.023401496476500284,0.023401496476500284,0.0005200332550333396,1.2467413342862628,0.019773491962037294,-0.023981534823243937,-1.0247863783978997,0.001171487422552413,0.0,stop_loss,stop loss,True,False,False,False,False,6,sideways_normal_volatility,True,valid_loss,,True,weekly rank score=0.7246
353,B_ETF_trend_following,v1_fixed_rules,SHY,bond,2015-06-29,2015-06-30,2015-06-29,2015-07-13,sideways_normal_volatility,sideways_normal_volatility,171.707275390625,170.0759136199951,True,0.009365707469058859,normal_volatility,trend_following_breakout,trend_breakout,Trend filter and 20-day breakout conditions were met.,"{""atr_20"": 0.055529, ""bollinger_lower"": 69.108725, ""breakout_level"": 69.271523, ""close"": 69.296021, ""ema_10"": 69.226588, ""momentum_126"": 0.00786, ""momentum_63"": 0.001875, ""realized_vol_20"": 0.009366, ""rsi_2"": 73.667912, ""sma_100"": 69.162944, ""sma_200"": 69.057171, ""sma_50"": 69.222415, ""volume"": 895700.0, ""volume_sma_20"": 1117395.0}",3765.325386437465,3765.329468989352,4108.896687653191,-343.5672186638394,0.023401496476500284,2.436590995533225,0.0,2.413189499056725,446.6362552286628,546.6362552286628,active,69.31432501614607,69.20326660635699,69.27178943140561,69.23524701604086,69.27178943140561,,21.729011820354636,1506.1317875957411,45.0,2.413189499056725,2.413189499056725,0.053626433312371664,0.11105840978908077,0.0016022432558235376,-1.718286799016172,-0.7120397298628315,1.505272644196233,0.0,stop_loss_gap,stop loss gap,True,False,False,True,False,8,sideways_normal_volatility,True,valid_loss,,True,trend breakout
354,A_ETF_sector_momentum,v1_fixed_rules,SHY,bond,2015-07-02,2015-07-06,2015-07-02,2015-07-13,sideways_normal_volatility,sideways_normal_volatility,173.28709411621094,170.21640144348146,True,0.011153799124513171,normal_volatility,weekly_momentum_rotation,ranked_momentum_risk_on,Weekly momentum rotation selected an eligible top-ranked ETF.,"{""atr_20"": 0.060511, ""bollinger_lower"": 69.094941, ""breakout_level"": 69.296021, ""close"": 69.343399, ""ema_10"": 69.257858, ""momentum_126"": 0.007594, ""momentum_63"": 0.001415, ""rank_at_signal"": 2.0, ""rank_score"": 0.403852, ""realized_vol_20"": 0.011154, ""rsi_2"": 64.357718, ""score"": 0.403852, ""sma_100"": 69.170335, ""sma_200"": 69.065312, ""sma_50"": 69.224081, ""volume"": 2175100.0, ""volume_sma_20"": 1805395.0}",3765.9682847606528,3766.3230788091896,4108.896687653191,-342.5736088440017,2.436590995533225,5.063944111529473,2.413189499056725,5.040542615052972,645.7485976432702,775.7485976432702,active,69.3944287147522,69.27340639092242,69.27340639092242,69.23524701604086,69.27340639092242,,21.70965680424156,1506.529231523676,45.0,2.6273531159962475,2.6273531159962475,0.05838562479991661,0.12102232382977718,0.0017439775219887312,-3.455780048539289,-1.3153085618751768,1.5048013414994064,0.0,stop_loss_gap,stop loss gap,True,False,False,True,False,5,sideways_normal_volatility,True,valid_loss,,True,weekly rank score=0.4039
358,A_ETF_sector_momentum,v1_fixed_rules,QQQ,equity_index,2015-07-17,2015-07-20,2015-07-17,2015-07-24,sideways_normal_volatility,sideways_normal_volatility,177.6085968017578,170.75882064819336,True,0.16540377990699456,normal_volatility,weekly_momentum_rotation,ranked_momentum_risk_on,Weekly momentum rotation selected an eligible top-ranked ETF.,"{""atr_20"": 1.271672, ""bollinger_lower"": 97.17397, ""breakout_level"": 103.415649, ""close"": 104.939995, ""ema_10"": 101.703263, ""momentum_126"": 0.145139, ""momentum_63"": 0.073967, ""rank_at_signal"": 2.0, ""rank_score"": 0.662336, ""realized_vol_20"": 0.165404, ""rsi_2"": 100.0, ""score"": 0.662336, ""sma_100"": 99.902742, ""sma_200"": 96.737363, ""sma_50"": 100.810199, ""volume"": 35926800.0, ""volume_sma_20"": 28212155.0}",3783.6005916370486,3785.7542374217073,4108.896687653191,-323.14245023148396,35.568506497013814,71.76226806078301,35.568506497013814,71.76226806078301,642.2913855425653,772.2913855425653,active,105.21431796088181,102.67097476514432,102.67097476514432,102.61963927776175,102.67097476514432,,14.230781604475562,1497.2819805651595,45.0,36.19376156376919,36.19376156376919,0.8043058125282043,2.543343195737492,0.02417297612177741,-36.9243056732699,-1.0201842549085032,1.4788198277285247,0.0,stop_loss,stop loss,True,False,False,False,False,4,sideways_normal_volatility,True,valid_loss,,True,weekly rank score=0.6623
356,A_ETF_sector_momentum,v1_fixed_rules,XLY,equity_index,2015-07-10,2015-07-13,2015-07-10,2015-08-06,sideways_normal_volatility,sideways_normal_volatility,173.42919921875,170.4160652923584,True,0.14986437024038526,normal_volatility,weekly_momentum_rotation,ranked_momentum_risk_on,Weekly momentum rotation selected an eligible top-ranked ETF.,"{""atr_20"": 0.398286, ""bollinger_lower"": 33.68984, ""breakout_level"": 34.760105, ""close"": 34.528915, ""ema_10"": 34.271025, ""momentum_126"": 0.090052, ""momentum_63"": 0.016262, ""rank_at_signal"": 1.0, ""rank_score"": 0.354699, ""realized_vol_20"": 0.149864, ""rsi_2"": 100.0, ""score"": 0.354699, ""sma_100"": 33.810904, ""sma_200"": 32.185507, ""sma_50"": 34.032166, ""volume"": 9316600.0, ""volume_sma_20"": 11197330.0}",3770.453797048754,3776.1286229366888,4108.896687653191,-332.7680647165025,16.101652576997626,16.128200437392138,12.55004323739016,12.576591097784672,643.2069026729303,773.2069026729303,active,34.79082059653415,33.994249218676096,34.74676476713249,34.72939138474892,34.74676476713249,,0.03332766043627897,1.1594966551407908,45.0,0.02654786039451199,0.02654786039451199,0.0005899524532113775,0.7965713778580508,0.022896021542458386,-0.002047291911246226,-0.07711702113927965,0.0011584730091851675,0.0,stop_loss,stop loss,True,False,False,False,False,18,sideways_normal_volatility,True,valid_loss,,True,weekly rank score=0.3547
357,B_ETF_trend_following,v1_fixed_rules,XLY,equity_index,2015-07-13,2015-07-14,2015-07-13,2015-08-06,sideways_normal_volatility,sideways_normal_volatility,175.34332275390625,170.4709986114502,True,0.15609395060789563,normal_volatility,trend_following_breakout,trend_breakout,Trend filter and 20-day breakout conditions were met.,"{""atr_20"": 0.413436, ""bollinger_lower"": 33.683945, ""breakout_level"": 34.760105, ""close"": 35.026833, ""ema_10"": 34.408444, ""momentum_126"": 0.118717, ""momentum_63"": 0.036595, ""realized_vol_20"": 0.156094, ""rsi_2"": 100.0, ""sma_100"": 33.831335, ""sma_200"": 32.211732, ""sma_50"": 34.065228, ""volume"": 12129400.0, ""volume_sma_20"": 11397030.0}",3774.2770413884236,3775.512429266754,4108.896687653191,-333.38425838643707,5.717566222985421,41.26962140503684,5.717566222985421,41.26962140503684,460.27427761833195,560.274277618332,active,35.12440423359437,34.297533192282536,34.74676476713249,34.72939138474892,34.74676476713249,,42.99588860392063,1510.2049717067018,45.0,35.55205518205142,35.55205518205142,0.7900456707122537,0.8268710413118328,0.02354121185409262,-16.983928446076167,-0.4777200181285318,1.5017130074836638,0.0,stop_loss,stop loss,True,False,False,False,False,17,sideways_normal_volatility,True,valid_loss,,True,trend breakout
355,B_ETF_trend_following,v1_fixed_rules,XLP,equity_index,2015-07-07,2015-07-08,2015-07-07,2015-08-12,sideways_normal_volatility,sideways_normal_volatility,173.8805694580078,170.29971290588378,True,0.13030174663673638,normal_volatility,trend_following_breakout,trend_breakout,Trend filter and 20-day breakout conditions were met.,"{""atr_20"": 0.355465, ""bollinger_lower"": 35.498769, ""breakout_level"": 36.684155, ""close"": 36.886909, ""ema_10"": 36.288749, ""momentum_126"": 0.035766, ""momentum_63"": 0.002727, ""realized_vol_20"": 0.130302, ""rsi_2"": 96.118545, ""sma_100"": 36.487285, ""sma_200"": 35.828986, ""sma_50"": 36.357832, ""volume"": 17427000.0, ""volume_sma_20"": 7740680.0}",3765.22024020549,3768.395777671226,4108.896687653191,-340.5009099819654,4.8178040670143565,19.419238265774997,0.023401496476500284,14.624835695237142,449.04399781919113,549.0439978191912,active,36.58979911744972,35.87886989073671,37.44637402656584,37.4163910965964,37.44637402656584,,20.53852008064219,751.500323920405,45.0,14.601434198760641,14.601434198760641,0.32447631552801426,0.710929226713013,0.01942971111787192,16.9769759622018,1.1626923582371649,0.7599888119015059,0.0,stop_loss_gap,stop loss gap,True,False,False,True,False,25,sideways_normal_volatility,True,valid_win,,True,trend breakout
359,A_ETF_sector_momentum,v1_fixed_rules,XLF,equity_index,2015-07-24,2015-07-27,2015-07-24,2015-08-12,sideways_normal_volatility,sideways_normal_volatility,173.86380004882812,171.14926475524902,True,0.15996363363523214,normal_volatility,weekly_momentum_rotation,ranked_momentum_risk_on,Weekly momentum rotation selected an eligible top-ranked ETF.,"{""atr_20"": 0.20401, ""bollinger_lower"": 15.946977, ""breakout_level"": 16.970886, ""close"": 16.665697, ""ema_10"": 16.730508, ""momentum_126"": 0.065376, ""momentum_63"": 0.03912, ""rank_at_signal"": 2.0, ""rank_score"": 0.326625, ""realized_vol_20"": 0.159964, ""rsi_2"": 0.0, ""score"": 0.326625, ""sma_100"": 16.261071, ""sma_200"": 15.994772, ""sma_50"": 16.472978, ""volume"": 32149658.0, ""volume_sma_20"": 40298225.35}",3734.9219891015264,3723.1733401467973,4108.896687653191,-385.723347506394,35.568506497013814,71.54743054485337,35.568506497013814,71.54743054485337,605.3533007307554,735.3533007307554,active,16.56119420221448,16.153175017197285,16.49486605657706,16.48661862354877,16.49486605657706,,88.17949098722711,1460.3576748918897,45.0,35.97892404783956,35.97892404783956,0.7995316455075459,0.4080191850171957,0.024637063006159147,-6.576036566820091,-0.18277468659363547,1.4570696566084798,0.0,stop_loss,stop loss,True,False,False,False,False,12,sideways_normal_volatility,True,valid_loss,,True,weekly rank score=0.3266
360,A_ETF_sector_momentum,v1_fixed_rules,XLY,equity_index,2015-08-14,2015-08-17,2015-08-14,2015-08-21,sideways_normal_volatility,sideways_normal_volatility,175.05075073242188,172.41616065979005,True,0.10554584449229343,normal_volatility,weekly_momentum_rotation,ranked_momentum_risk_on,Weekly momentum rotation selected an eligible top-ranked ETF.,"{""atr_20"": 0.437001, ""bollinger_lower"": 34.487609, ""breakout_level"": 35.693676, ""close"": 34.83567, ""ema_10"": 34.943964, ""momentum_126"": 0.053186, ""momentum_63"": 0.026361, ""rank_at_signal"": 1.0, ""rank_score"": 0.376836, ""realized_vol_20"": 0.105546, ""rsi_2"": 100.0, ""score"": 0.376836, ""sma_100"": 34.215823, ""sma_200"": 32.96199, ""sma_50"": 34.659461, ""volume"": 9479200.0, ""volume_sma_20"": 9856560.0}",3716.6374308315317,3716.6374308315317,4108.896687653191,-392.2592568216596,0.0,37.4141942613389,0.0,37.4141942613389,598.775203761165,728.775203761165,active,34.72855028284231,33.854547403305155,34.09215085331146,33.79184001046438,34.09215085331146,,42.807861549783624,1486.6549723326127,45.0,37.4141942613389,37.4141942613389,0.8314265391408644,0.8740028795371586,0.025166696346923555,-40.09856365221483,-1.0717473526791879,1.4666056905065052,0.0,sma_exit,sma exit,False,False,False,False,False,4,sideways_normal_volatility,True,valid_loss,,True,weekly rank score=0.3768
362,A_ETF_sector_momentum,v1_fixed_rules,SHY,bond,2015-10-23,2015-10-26,2015-10-23,2015-10-28,sideways_high_volatility,sideways_normal_volatility,174.3560333251953,171.71247444152831,True,0.009902275300037353,high_volatility,weekly_momentum_rotation,ranked_momentum_risk_on,Weekly momentum rotation selected an eligible top-ranked ETF.,"{""atr_20"": 0.05644, ""bollinger_lower"": 69.450168, ""breakout_level"": 69.611702, ""close"": 69.51355, ""ema_10"": 69.537356, ""momentum_126"": 0.003399, ""momentum_63"": 0.002808, ""rank_at_signal"": 1.0, ""rank_score"": 0.313401, ""realized_vol_20"": 0.009902, ""rsi_2"": 30.012128, ""score"": 0.313401, ""sma_100"": 69.337587, ""sma_200"": 69.245766, ""sma_50"": 69.4141, ""volume"": 5657200.0, ""volume_sma_20"": 3232410.0}",3662.8139600784425,3673.060593375112,4108.896687653191,-435.83609427807914,42.97677661673056,45.361393666749535,0.0,2.384617050018978,558.6766401089502,688.6766401089502,active,69.54830657958983,69.4354265484458,69.4354265484458,69.40070883517159,69.4354265484458,,21.125233806644754,1469.2242373500449,45.0,2.384617050018978,2.384617050018978,0.05299149000042173,0.11288003114403011,0.0016230449984407922,-3.1180368601689064,-1.307562931391475,1.4676652189199606,0.0,stop_loss,stop loss,True,False,False,False,False,2,sideways_normal_volatility,True,valid_loss,,True,weekly rank score=0.3134
363,A_ETF_sector_momentum,v1_fixed_rules,XLP,equity_index,2015-10-23,2015-10-26,2015-10-23,2015-11-02,sideways_high_volatility,sideways_normal_volatility,174.3560333251953,171.71247444152831,True,0.1457558611924473,high_volatility,weekly_momentum_rotation,ranked_momentum_risk_on,Weekly momentum rotation selected an eligible top-ranked ETF.,"{""atr_20"": 0.435717, ""bollinger_lower"": 35.164753, ""breakout_level"": 38.409744, ""close"": 38.349281, ""ema_10"": 37.654589, ""momentum_126"": 0.050365, ""momentum_63"": 0.028547, ""rank_at_signal"": 2.0, ""rank_score"": 0.270698, ""realized_vol_20"": 0.145756, ""rsi_2"": 92.523409, ""score"": 0.270698, ""sma_100"": 36.5615, ""sma_200"": 36.560433, ""sma_50"": 36.245252, ""volume"": 13360200.0, ""volume_sma_20"": 11005250.0}",3662.8139600784425,3672.326348378936,4108.896687653191,-436.5703392742553,45.361393666749535,62.09349250587489,42.97677661673056,59.70887545585592,557.9423951127735,687.9423951127735,active,38.36845323969398,37.49701907238972,37.49701907238972,37.703109543269605,37.49701907238972,,19.200645862768198,736.6990829575452,45.0,16.732098839125356,16.732098839125356,0.37182441864723015,0.8714341673042583,0.02271225691221554,-12.775028692069526,-0.7635042569911881,0.7303115686115105,0.0,rank_drop_exit,rank drop exit,False,False,False,False,False,5,sideways_normal_volatility,True,valid_loss,,True,weekly rank score=0.2707
361,B_ETF_trend_following,v1_fixed_rules,XLY,equity_index,2015-10-22,2015-10-23,2015-10-22,2015-11-13,sideways_high_volatility,sideways_high_volatility,172.46551513671875,171.69326538085937,True,0.18745434993763976,high_volatility,trend_following_breakout,trend_breakout,Trend filter and 20-day breakout conditions were met.,"{""atr_20"": 0.524103, ""bollinger_lower"": 32.478942, ""breakout_level"": 35.100834, ""close"": 35.359638, ""ema_10"": 34.827753, ""momentum_126"": 0.027843, ""momentum_63"": 0.008734, ""realized_vol_20"": 0.187454, ""rsi_2"": 74.637452, ""sma_100"": 34.236942, ""sma_200"": 33.670809, ""sma_50"": 33.842235, ""volume"": 16455000.0, ""volume_sma_20"": 14429340.0}",3676.538867179317,3676.538867179317,4108.896687653191,-432.3578204738742,0.0,42.97677661673056,0.0,42.97677661673056,444.9110159457722,544.9110159457722,active,35.86841229782892,34.82020581980027,35.46730400424002,35.37765090329655,35.46730400424002,,41.000296714018255,1470.615546871727,45.0,42.97677661673056,42.97677661673056,0.9550394803717902,1.0482064780286464,0.02922366536118169,-20.121362791612558,-0.46819152983612666,1.4605548654759208,0.0,stop_loss_gap,stop loss gap,True,False,False,True,False,15,sideways_high_volatility,True,valid_loss,,True,trend breakout
364,A_ETF_sector_momentum,v1_fixed_rules,XLY,equity_index,2015-10-30,2015-11-02,2015-10-30,2015-11-13,sideways_normal_volatility,sideways_normal_volatility,174.70889282226562,171.90137741088867,True,0.11457412511268966,normal_volatility,weekly_momentum_rotation,ranked_momentum_risk_on,Weekly momentum rotation selected an eligible top-ranked ETF.,"{""atr_20"": 0.418569, ""bollinger_lower"": 33.832306, ""breakout_level"": 36.055771, ""close"": 36.131626, ""ema_10"": 35.587709, ""momentum_126"": 0.065657, ""momentum_63"": 0.016575, ""rank_at_signal"": 1.0, ""rank_score"": 0.358859, ""realized_vol_20"": 0.114574, ""rsi_2"": 100.0, ""score"": 0.358859, ""sma_100"": 34.35311, ""sma_200"": 33.814139, ""sma_50"": 33.957522, ""volume"": 15542200.0, ""volume_sma_20"": 13512890.0}",3671.364332715172,3678.2072690130717,4108.896687653191,-430.6894186401196,32.11177120455451,66.06145325190374,32.11177120455451,66.06145325190374,542.7835745567118,672.7835745567118,active,36.27917199439436,35.44203431829946,35.46730400424002,35.37765090329655,35.46730400424002,,40.55447869186658,1471.2829076052287,45.0,33.949682047349235,33.949682047349235,0.754437378829983,0.8371376760948976,0.02307488374388057,-36.56071787919455,-1.0769089922021577,1.4530025486656315,0.0,stop_loss_gap,stop loss gap,True,False,False,True,False,9,sideways_normal_volatility,True,valid_loss,,True,weekly rank score=0.3589
365,A_ETF_sector_momentum,v1_fixed_rules,QQQ,equity_index,2015-10-30,2015-11-02,2015-10-30,2015-11-13,sideways_normal_volatility,sideways_normal_volatility,174.70889282226562,171.90137741088867,True,0.14799622672163057,normal_volatility,weekly_momentum_rotation,ranked_momentum_risk_on,Weekly momentum rotation selected an eligible top-ranked ETF.,"{""atr_20"": 1.256252, ""bollinger_lower"": 95.026046, ""breakout_level"": 105.593552, ""close"": 104.954544, ""ema_10"": 103.403347, ""momentum_126"": 0.042452, ""momentum_63"": 0.017973, ""rank_at_signal"": 2.0, ""rank_score"": 0.204142, ""realized_vol_20"": 0.147996, ""rsi_2"": 0.0, ""score"": 0.204142, ""sma_100"": 99.747988, ""sma_200"": 99.18594, ""sma_50"": 97.787102, ""volume"": 27199200.0, ""volume_sma_20"": 32095860.0}",3671.364332715172,3678.919635866565,4108.896687653191,-429.97705178662636,66.06145325190374,83.21353134157273,66.06145325190374,83.21353134157273,543.4959414102045,673.4959414102045,active,105.28498427058229,102.77247931450985,103.60243845575187,103.27291499475913,103.60243845575187,,6.826684281045656,718.7473471501232,45.0,17.15207808966899,17.15207808966899,0.3811572908815331,2.5125049560724335,0.02386384890000362,-13.735761697636825,-0.8008220126930349,0.7118794663013048,0.0,stop_loss_gap,stop loss gap,True,False,False,True,False,9,sideways_normal_volatility,True,valid_loss,,True,weekly rank score=0.2041
366,A_ETF_sector_momentum,v1_fixed_rules,QQQ,equity_index,2015-11-20,2015-11-23,2015-11-20,2015-12-03,sideways_normal_volatility,sideways_normal_volatility,175.8684844970703,172.38519233703613,True,0.13889781837085152,normal_volatility,weekly_momentum_rotation,ranked_momentum_risk_on,Weekly momentum rotation selected an eligible top-ranked ETF.,"{""atr_20"": 1.162715, ""bollinger_lower"": 102.568477, ""breakout_level"": 106.519646, ""close"": 106.019516, ""ema_10"": 104.678555, ""momentum_126"": 0.053319, ""momentum_63"": 0.165534, ""rank_at_signal"": 1.0, ""rank_score"": 0.787821, ""realized_vol_20"": 0.138898, ""rsi_2"": 100.0, ""score"": 0.787821, ""sma_100"": 100.382036, ""sma_200"": 99.993678, ""sma_50"": 100.694782, ""volume"": 22727600.0, ""volume_sma_20"": 29997805.0}",3590.227959258635,3590.227959258635,4108.896687653191,-518.6687283945562,0.0,31.472450094901408,0.0,31.472450094901408,492.4870949798804,622.4870949798803,active,106.10960773216061,103.78417786263947,103.78417786263947,103.73228577370816,103.78417786263947,,13.534035365849263,1436.0911837034541,45.0,31.472450094901408,31.472450094901408,0.699387779886698,2.3254298695211446,0.02191535638686876,-32.17475946170556,-1.0223150522023683,1.4200038039726013,0.0,stop_loss,stop loss,True,False,False,False,False,7,sideways_normal_volatility,True,valid_loss,,True,weekly rank score=0.7878
367,A_ETF_sector_momentum,v1_fixed_rules,XLK,equity_index,2015-11-20,2015-11-23,2015-11-20,2015-12-03,sideways_normal_volatility,sideways_normal_volatility,175.8684844970703,172.38519233703613,True,0.14502020267762192,normal_volatility,weekly_momentum_rotation,ranked_momentum_risk_on,Weekly momentum rotation selected an eligible top-ranked ETF.,"{""atr_20"": 0.21288, ""bollinger_lower"": 18.966396, ""breakout_level"": 19.685196, ""close"": 19.623035, ""ema_10"": 19.355772, ""momentum_126"": 0.037911, ""momentum_63"": 0.168403, ""rank_at_signal"": 2.0, ""rank_score"": 0.711327, ""realized_vol_20"": 0.14502, ""rsi_2"": 100.0, ""score"": 0.711327, ""sma_100"": 18.489768, ""sma_200"": 18.59813, ""sma_50"": 18.642134, ""volume"": 14576400.0, ""volume_sma_20"": 19320940.0}",3590.227959258635,3584.8728187834613,4108.896687653191,-524.02386886973,31.472450094901408,62.548059521563815,31.472450094901408,62.548059521563815,487.1319545047063,617.1319545047063,active,19.646173521602634,19.22041447382912,19.22041447382912,19.210804266592206,19.22041447382912,,72.9887235260666,1433.9491275133848,45.0,31.07560942666241,31.07560942666241,0.6905690983702758,0.42575904777351425,0.021671347211982835,-31.777046185705746,-1.0225719389574228,1.418060604420532,0.0,stop_loss,stop loss,True,False,False,False,False,7,sideways_normal_volatility,True,valid_loss,,True,weekly rank score=0.7113
368,B_ETF_trend_following,v1_fixed_rules,XLY,equity_index,2015-11-25,2015-11-27,2015-11-25,2015-12-03,sideways_normal_volatility,sideways_normal_volatility,175.87686157226562,172.46193290710448,True,0.15512099502638624,normal_volatility,trend_following_breakout,trend_breakout,Trend filter and 20-day breakout conditions were met.,"{""atr_20"": 0.450026, ""bollinger_lower"": 35.011105, ""breakout_level"": 36.435078, ""close"": 36.488617, ""ema_10"": 36.034658, ""momentum_126"": 0.079149, ""momentum_63"": 0.086696, ""realized_vol_20"": 0.155121, ""rsi_2"": 70.691587, ""sma_100"": 34.651532, ""sma_200"": 34.213708, ""sma_50"": 34.973036, ""volume"": 7406400.0, ""volume_sma_20"": 13186260.0}",3570.5466235012946,3575.7919172443953,4108.896687653191,-533.104770408796,62.548059521563815,80.29945008495531,62.548059521563815,80.29945008495531,424.7896531541596,524.7896531541596,active,36.515803030630835,35.615751102365905,35.615751102365905,35.59794322681473,35.615751102365905,,19.72262933496699,720.1876480417961,45.0,17.7513905633915,17.7513905633915,0.3944753458531444,0.9000519282649293,0.024648285223521766,-18.102608692130598,-1.0197853868115219,0.7111363436957308,0.0,stop_loss,stop loss,True,False,False,False,False,4,sideways_normal_volatility,True,valid_loss,,True,trend breakout
