combination_id,horizon,cost_mode,rolling_method,possible_window_count,window_start,window_end,target_300_hit,target_400_hit,target_600_hit,target_900_hit,target_1200_hit,stop_hit,final_equity,worst_drawdown,combo_benchmark_target_300_hit,combo_benchmark_target_400_hit,top2_benchmark_target_300_hit,top2_benchmark_target_400_hit,incremental_target_300_vs_combo,incremental_target_400_vs_combo,incremental_target_300_vs_top2,incremental_target_400_vs_top2,primary_component_id,secondary_component_id,component_primary_return_contribution_if_available,component_secondary_return_contribution_if_available,component_primary_share_of_profit_if_available,component_secondary_share_of_profit_if_available,turnover_cost_total,component_contribution_status,combo_benchmark_final_equity,top2_benchmark_final_equity,spy200d_benchmark_final_equity,combo_benchmark_worst_drawdown,top2_benchmark_worst_drawdown,spy200d_benchmark_worst_drawdown,combo_drawdown_overlap_flags_if_available,top2_drawdown_overlap_flags_if_available,spy200d_drawdown_overlap_flags_if_available
combo_plus_top2_50_50_v1,30,standard,deterministic_stratified_sample,4853,2007-01-03,2007-02-14,False,False,False,False,False,False,3048.2336033615206,-26.29154518014184,False,False,False,False,False,False,False,False,combo_SPY200d_GLD_50_50_v1,asset_class_tsmom_top2_v1,48.983603361519435,-0.7499999999999174,1.015549325526799,-0.015549325526822356,0.0,available_final_equity_window_contribution,3098.1760779526794,2998.5,3000.0,-51.001027929889005,-1.5,0.0,False,False,False
combo_plus_top2_50_50_v1,30,standard,deterministic_stratified_sample,4853,2007-03-21,2007-05-02,False,False,False,False,False,False,3010.0566015083127,-22.619873229486075,False,False,False,False,False,False,False,False,combo_SPY200d_GLD_50_50_v1,asset_class_tsmom_top2_v1,10.056601508312061,0.0,0.9999999999999342,0.0,0.0,available_final_equity_window_contribution,3019.791680712058,3000.0,3000.0,-45.65718103559493,0.0,0.0,False,False,False
combo_plus_top2_50_50_v1,30,standard,deterministic_stratified_sample,4853,2008-07-11,2008-08-21,False,False,False,False,False,False,2737.357427632161,-403.42233845162855,False,False,False,False,False,False,False,False,combo_SPY200d_GLD_50_50_v1,asset_class_tsmom_top2_v1,-102.46829122016825,-160.17428114766847,0.3901434953837502,0.6098565046162413,0.0,available_final_equity_window_contribution,2794.88542169908,2679.930573525017,3004.3173992258826,-302.8666218640542,-501.53283066985887,-9.750222679690069,True,True,False
combo_plus_top2_50_50_v1,30,standard,deterministic_stratified_sample,4853,2008-08-11,2008-09-22,False,False,False,False,False,False,3032.1009991716555,-136.57795110046027,False,False,False,False,False,False,False,False,combo_SPY200d_GLD_50_50_v1,asset_class_tsmom_top2_v1,78.41779973861085,-46.31680056695466,2.4428460721513003,-1.4428460721512797,0.0,available_final_equity_window_contribution,3157.023922639964,2907.420954760917,3005.4326083558067,-172.10523220429877,-145.3223384033904,-18.988437632285695,False,False,False
combo_plus_top2_50_50_v1,30,standard,deterministic_stratified_sample,4853,2008-10-28,2008-12-09,False,False,False,False,False,False,3166.9315972045215,-41.839299742720414,False,False,False,False,False,False,False,False,combo_SPY200d_GLD_50_50_v1,asset_class_tsmom_top2_v1,31.788186595443374,135.1434106090779,0.19042642092795098,0.8095735790720477,0.0,available_final_equity_window_contribution,3058.8660883871107,3272.559702775977,3000.200980690655,-126.29755468917665,-58.777619449085705,-16.68511918909644,False,False,False
combo_plus_top2_50_50_v1,30,standard,deterministic_stratified_sample,4853,2008-10-29,2008-12-10,False,False,False,False,False,False,3197.689631956923,-41.790293344016845,False,False,False,False,False,False,False,False,combo_SPY200d_GLD_50_50_v1,asset_class_tsmom_top2_v1,66.38380390565808,131.30582805126423,0.33579810558867945,0.6642018944113159,0.0,available_final_equity_window_contribution,3125.6462491743246,3264.70535370762,3005.433630071634,-126.18663138380452,-58.69155961969227,-16.703289333348494,False,False,False
combo_plus_top2_50_50_v1,30,standard,deterministic_stratified_sample,4853,2008-10-30,2008-12-11,False,False,False,False,False,False,3243.361153236328,-37.87121409104566,False,False,True,False,False,False,False,False,combo_SPY200d_GLD_50_50_v1,asset_class_tsmom_top2_v1,89.68434673346925,153.6768065028591,0.36852367578311407,0.6314763242168877,0.0,available_final_equity_window_contribution,3171.7486143178426,3309.8098912015844,3007.065970870972,-127.21229762153598,-59.144740753749375,-16.681483695737825,False,False,False
combo_plus_top2_50_50_v1,30,standard,deterministic_stratified_sample,4853,2008-10-31,2008-12-12,False,False,False,False,False,False,3267.094470575467,-38.09996882543601,False,False,True,False,False,False,False,False,combo_SPY200d_GLD_50_50_v1,asset_class_tsmom_top2_v1,104.84294571401604,162.25152486144992,0.3925313223000359,0.6074686776999607,0.0,available_final_equity_window_contribution,3202.8466882542953,3325.862627133318,3002.815870154374,-128.49272815453696,-59.26582845683288,-16.69965283041347,False,False,False
combo_plus_top2_50_50_v1,30,standard,deterministic_stratified_sample,4853,2008-11-03,2008-12-15,False,False,False,False,False,False,3288.92496766281,-38.10424999889938,False,False,True,False,False,False,False,False,combo_SPY200d_GLD_50_50_v1,asset_class_tsmom_top2_v1,125.50639596715043,163.41857169565918,0.434390966562719,0.5656090334372792,0.0,available_final_equity_window_contribution,3243.8855369543357,3327.7635834873226,3003.010737552038,-128.727458780083,-59.17122778843395,-16.704376789332855,False,False,False
combo_plus_top2_50_50_v1,30,standard,deterministic_stratified_sample,4853,2008-11-05,2008-12-17,True,False,False,False,False,False,3304.0935183021493,-31.100620324909414,False,False,True,False,True,False,False,False,combo_SPY200d_GLD_50_50_v1,asset_class_tsmom_top2_v1,131.91534421504812,172.17817408710167,0.4337986056117651,0.5662013943882366,0.0,available_final_equity_window_contribution,3257.092479904616,3345.6270840960774,3000.395869922604,-127.08293585496631,-58.16330620140252,-16.689826298109438,False,False,False
combo_plus_top2_50_50_v1,30,standard,deterministic_stratified_sample,4853,2009-05-28,2009-07-09,False,False,False,False,False,False,2841.7749131306723,-212.92233254176244,False,False,False,False,False,False,False,False,combo_SPY200d_GLD_50_50_v1,asset_class_tsmom_top2_v1,-67.8612630702206,-90.36382379910548,0.42889066716875773,0.571109332831232,0.0,available_final_equity_window_contribution,2862.7581013382533,2820.64848379686,2872.606271306905,-214.49451524936376,-233.96772947920044,-213.2678546773932,True,True,True
combo_plus_top2_50_50_v1,30,standard,deterministic_stratified_sample,4853,2010-03-19,2010-04-30,False,False,False,False,False,False,3135.896236241124,-58.344634674889676,False,False,False,False,False,False,False,False,combo_SPY200d_GLD_50_50_v1,asset_class_tsmom_top2_v1,67.94811812056167,67.94811812056201,0.4999999999999979,0.5000000000000004,0.0,available_final_equity_window_contribution,3135.896236241124,3135.8962362411244,3073.4665624651097,-58.344634674889676,-58.344634674889676,-86.14281304796077,False,False,False
combo_plus_top2_50_50_v1,30,standard,deterministic_stratified_sample,4853,2011-10-25,2011-12-06,False,False,False,False,False,False,2972.2176772638786,-138.64837706446724,False,False,False,False,False,False,False,False,combo_SPY200d_GLD_50_50_v1,asset_class_tsmom_top2_v1,-46.040950130559054,18.258627394437962,1.6572030556213566,-0.6572030556213674,0.0,available_final_equity_window_contribution,2908.953553204875,3035.976890486551,2773.5195604674423,-179.90277610187286,-96.49608553862754,-233.33603355048763,False,False,False
combo_plus_top2_50_50_v1,30,standard,deterministic_stratified_sample,4853,2012-05-03,2012-06-14,False,False,False,False,False,False,2952.387260152231,-111.37952738985405,False,False,False,False,False,False,False,False,combo_SPY200d_GLD_50_50_v1,asset_class_tsmom_top2_v1,-35.33090036906472,-12.281839478704267,0.742047201694913,0.2579527983050908,0.0,available_final_equity_window_contribution,2929.3013152649755,2974.963423724671,2875.4752095460144,-158.71368558743643,-78.7918892397256,-240.21595684392787,False,False,False
combo_plus_top2_50_50_v1,30,standard,deterministic_stratified_sample,4853,2013-06-06,2013-07-18,False,False,False,False,False,False,3026.024380207021,-153.79093651111498,False,False,False,False,False,False,False,False,combo_SPY200d_GLD_50_50_v1,asset_class_tsmom_top2_v1,-36.71497631936798,62.73935652638931,-1.4107915741817758,2.4107915741817947,0.0,available_final_equity_window_contribution,2923.982569359786,3129.6672273495055,3129.6672273495055,-239.7119973760805,-144.69785385805335,-144.69785385805335,True,False,False
combo_plus_top2_50_50_v1,30,standard,deterministic_stratified_sample,4853,2015-01-13,2015-02-25,False,False,False,False,False,False,3053.7865370975214,-51.028577521165516,False,False,False,False,False,False,False,False,combo_SPY200d_GLD_50_50_v1,asset_class_tsmom_top2_v1,20.52644327623921,33.2600938212827,0.3816279014025817,0.6183720985974273,0.0,available_final_equity_window_contribution,3040.6794827473923,3066.3970276895666,3141.776482070292,-95.30255599682141,-28.682216191646148,-98.72390197361256,False,False,False
combo_plus_top2_50_50_v1,30,standard,deterministic_stratified_sample,4853,2015-05-08,2015-06-19,False,False,False,False,False,False,3004.188693077472,-75.2978154424377,False,False,False,False,False,False,False,False,combo_SPY200d_GLD_50_50_v1,asset_class_tsmom_top2_v1,8.596765719843889,-4.408072642370602,2.0523742276748336,-1.0523742276745696,0.0,available_final_equity_window_contribution,3017.165995764541,2990.878685367526,3003.0536909232083,-97.45909620077282,-64.02912172127435,-71.59023800135401,False,False,False
combo_plus_top2_50_50_v1,30,standard,deterministic_stratified_sample,4853,2016-01-12,2016-02-24,False,False,False,False,False,False,3143.21884398,-46.756610253968574,False,False,False,False,False,False,False,False,combo_SPY200d_GLD_50_50_v1,asset_class_tsmom_top2_v1,94.70395986858064,48.514884111420336,0.6612534861809496,0.3387465138190558,0.0,available_final_equity_window_contribution,3189.31208999376,3097.066272632093,3000.0009325635333,-58.30275931466804,-40.60386336904912,-10.141939278301834,False,False,False
combo_plus_top2_50_50_v1,30,standard,deterministic_stratified_sample,4853,2016-08-22,2016-10-03,False,False,False,False,False,False,2960.352858547092,-74.34708356868623,False,False,False,False,False,False,False,False,combo_SPY200d_GLD_50_50_v1,asset_class_tsmom_top2_v1,-19.82357072645412,-19.823570726453458,0.5000000000000053,0.4999999999999886,0.0,available_final_equity_window_contribution,2960.3528585470917,2960.3528585470926,2977.2107002519897,-74.34708356868623,-74.34708356868623,-80.72087216309137,False,False,False
combo_plus_top2_50_50_v1,30,standard,deterministic_stratified_sample,4853,2017-08-09,2017-09-20,False,False,False,False,False,False,3054.4127490115497,-28.27832587752846,False,False,False,False,False,False,False,False,combo_SPY200d_GLD_50_50_v1,asset_class_tsmom_top2_v1,27.206374505775106,27.206374505774768,0.5000000000000042,0.49999999999999806,0.0,available_final_equity_window_contribution,3054.41274901155,3054.4127490115497,3049.151264291228,-28.278325877528005,-28.27832587752846,-55.08649686782337,False,False,False
combo_plus_top2_50_50_v1,30,standard,deterministic_stratified_sample,4853,2017-10-09,2017-11-17,False,False,False,False,False,False,3033.101949546721,-38.86475918620863,False,False,False,False,False,False,False,False,combo_SPY200d_GLD_50_50_v1,asset_class_tsmom_top2_v1,16.550974773360625,16.55097477336046,0.500000000000007,0.5000000000000019,0.0,available_final_equity_window_contribution,3033.101949546721,3033.1019495467203,3046.189410038017,-38.86475918620863,-38.864759186209085,-31.541190847530743,False,False,False
combo_plus_top2_50_50_v1,30,standard,deterministic_stratified_sample,4853,2017-10-10,2017-11-20,False,False,False,False,False,False,3008.645312019226,-38.76282680324675,False,False,False,False,False,False,False,False,combo_SPY200d_GLD_50_50_v1,asset_class_tsmom_top2_v1,4.322656009613478,4.322656009613144,0.5000000000000604,0.5000000000000218,0.0,available_final_equity_window_contribution,3008.6453120192264,3008.645312019226,3043.3588866798873,-38.7628268032463,-38.76282680324721,-31.458202351873297,False,False,False
combo_plus_top2_50_50_v1,30,standard,deterministic_stratified_sample,4853,2017-10-11,2017-11-21,False,False,False,False,False,False,3013.798856134131,-38.67084185539943,False,False,False,False,False,False,False,False,combo_SPY200d_GLD_50_50_v1,asset_class_tsmom_top2_v1,6.899428067064695,6.899428067064858,0.4999999999999488,0.4999999999999607,0.0,available_final_equity_window_contribution,3013.7988561341303,3013.7988561341303,3058.465320441664,-38.670841855399885,-38.67084185539943,-31.408857185531815,False,False,False
combo_plus_top2_50_50_v1,30,standard,deterministic_stratified_sample,4853,2017-10-19,2017-11-30,False,False,False,False,False,False,3038.120284424591,-26.225488752432284,False,False,False,False,False,False,False,False,combo_SPY200d_GLD_50_50_v1,asset_class_tsmom_top2_v1,19.060142212295712,19.060142212295546,0.5000000000000073,0.500000000000003,0.0,available_final_equity_window_contribution,3038.1202844245913,3038.120284424591,3108.135496764451,-26.22548875243183,-26.225488752432284,-31.31430913262284,False,False,False
combo_plus_top2_50_50_v1,30,standard,deterministic_stratified_sample,4853,2017-10-20,2017-12-01,False,False,False,False,False,False,3042.958674708442,-24.421760806550992,False,False,False,False,False,False,False,False,combo_SPY200d_GLD_50_50_v1,asset_class_tsmom_top2_v1,21.479337354220828,21.479337354220156,0.4999999999999986,0.49999999999998296,0.0,available_final_equity_window_contribution,3042.9586747084422,3042.9586747084404,3085.7602061355396,-24.421760806550992,-24.421760806550992,-31.15353492362783,False,False,False
combo_plus_top2_50_50_v1,30,standard,deterministic_stratified_sample,4853,2018-04-02,2018-05-11,False,False,False,False,False,False,3062.112817940551,-91.32524961983927,False,False,False,False,False,False,False,False,combo_SPY200d_GLD_50_50_v1,asset_class_tsmom_top2_v1,31.05640897027547,31.056408970275132,0.5,0.49999999999999456,0.0,available_final_equity_window_contribution,3062.1128179405514,3062.112817940551,3179.205437809552,-91.32524961983881,-91.32524961983927,-90.53555347446718,False,False,False
combo_plus_top2_50_50_v1,30,standard,deterministic_stratified_sample,4853,2018-09-24,2018-11-02,False,False,False,False,False,False,2864.4116313831846,-185.97816568794997,False,False,False,False,False,False,False,False,combo_SPY200d_GLD_50_50_v1,asset_class_tsmom_top2_v1,-38.070708443221676,-97.51766017359323,0.2807815215390107,0.7192184784609857,0.0,available_final_equity_window_contribution,2923.327096944763,2803.936366558684,2767.203823896327,-104.08945016817506,-288.34690326173495,-241.62846092684777,False,True,True
combo_plus_top2_50_50_v1,30,standard,deterministic_stratified_sample,4853,2019-11-06,2019-12-18,False,False,False,False,False,False,3032.755739419959,-39.45116146137116,False,False,False,False,False,False,False,False,combo_SPY200d_GLD_50_50_v1,asset_class_tsmom_top2_v1,22.63919457969045,10.116544840268727,0.6911519929205389,0.3088480070794696,0.0,available_final_equity_window_contribution,3045.5301381445197,3019.950255396019,3122.0127487814298,-30.235598990842846,-48.667401147059536,-57.928453053586054,False,False,False
combo_plus_top2_50_50_v1,30,standard,deterministic_stratified_sample,4853,2021-06-17,2021-07-29,False,False,False,False,False,False,3114.611256924671,-66.34886611311231,False,False,False,False,False,False,False,False,combo_SPY200d_GLD_50_50_v1,asset_class_tsmom_top2_v1,60.04389550023625,54.567361424436974,0.5238917808893802,0.4761082191106382,0.0,available_final_equity_window_contribution,3120.183201346548,3108.804818442165,3143.055041052206,-53.06898256137674,-85.43654783416014,-86.37781657029745,False,False,False
combo_plus_top2_50_50_v1,30,standard,deterministic_stratified_sample,4853,2022-05-18,2022-06-30,False,False,False,False,False,False,2988.517496864409,-79.61487963883383,False,False,False,False,False,False,False,False,combo_SPY200d_GLD_50_50_v1,asset_class_tsmom_top2_v1,-3.380245732713126,-8.102257402877543,0.294382304345802,0.7056176956541838,0.0,available_final_equity_window_contribution,2993.6331732342837,2983.000977473967,3002.65862323969,-52.24491360105321,-107.66119651712006,-9.161692093105557,False,False,False
combo_plus_top2_50_50_v1,30,standard,deterministic_stratified_sample,4853,2023-01-20,2023-03-03,False,False,False,False,False,False,2944.769438440858,-166.02905139113773,False,False,False,False,False,False,False,False,combo_SPY200d_GLD_50_50_v1,asset_class_tsmom_top2_v1,-13.217260698379462,-42.0133008607636,0.23931063391825388,0.760689366081762,0.0,available_final_equity_window_contribution,2973.2538752195496,2916.3971337122825,3059.9468097435383,-166.253436723282,-165.793868509596,-166.85585977044184,True,True,False
combo_plus_top2_50_50_v1,30,standard,deterministic_stratified_sample,4853,2023-01-25,2023-03-08,False,False,False,False,False,False,2855.45865333742,-171.25941824334814,False,False,False,False,False,False,False,False,combo_SPY200d_GLD_50_50_v1,asset_class_tsmom_top2_v1,-54.44426571965397,-90.0970809429268,0.3766691467649714,0.6233308532350336,0.0,available_final_equity_window_contribution,2890.2183393158366,2820.9755231708186,2989.283786320755,-164.56875541023282,-188.30056688560853,-165.15607246939862,True,True,False
combo_plus_top2_50_50_v1,30,standard,deterministic_stratified_sample,4853,2024-09-04,2024-10-15,False,False,False,False,False,False,3185.0638836200364,-36.45641621594268,False,False,False,False,False,False,False,False,combo_SPY200d_GLD_50_50_v1,asset_class_tsmom_top2_v1,92.53194181001813,92.53194181001865,0.49999999999999944,0.5000000000000023,0.0,available_final_equity_window_contribution,3185.0638836200364,3185.0638836200374,3166.667119117994,-36.45641621594223,-36.45641621594268,-57.664468884356666,False,False,False
combo_plus_top2_50_50_v1,30,standard,deterministic_stratified_sample,4853,2026-04-07,2026-05-18,False,False,False,False,False,False,3036.063335238337,-111.72534806990461,False,False,False,False,False,False,False,False,combo_SPY200d_GLD_50_50_v1,asset_class_tsmom_top2_v1,43.1540101403649,-7.090674902029553,1.1966172805473128,-0.1966172805473587,0.0,available_final_equity_window_contribution,3086.4871847849804,2986.355659994803,3274.7249328827847,-98.09716134291875,-128.82642234441164,-42.205705566580946,False,False,False
combo_plus_top2_50_50_v1,30,standard,deterministic_stratified_sample,4853,2026-04-10,2026-05-21,False,False,False,False,False,False,3017.392525784954,-110.9229178282153,False,False,False,False,False,False,False,False,combo_SPY200d_GLD_50_50_v1,asset_class_tsmom_top2_v1,32.17828119877626,-14.785755413822725,1.8501212300408312,-0.8501212300408669,0.0,available_final_equity_window_contribution,3064.5368914380015,2970.872219530325,3279.3098049248333,-97.29833347771728,-128.0253511771666,-63.75652124233784,False,False,False
combo_plus_top2_50_50_v1,30,standard,deterministic_stratified_sample,4853,2026-04-13,2026-05-22,False,False,False,False,False,False,3008.937384190637,-110.81547122717302,False,False,False,False,False,False,False,False,combo_SPY200d_GLD_50_50_v1,asset_class_tsmom_top2_v1,25.09270145942078,-16.1553172687849,2.8076113686270614,-1.8076113686272093,0.0,available_final_equity_window_contribution,3050.1842622135273,2968.1577724279973,3260.341238221087,-97.02069834641316,-128.14355189989465,-63.13949696212012,False,False,False
combo_plus_top2_50_50_v1,30,standard,deterministic_stratified_sample,4853,2026-04-14,2026-05-26,False,False,False,False,False,False,2974.8595691478104,-109.174301491611,False,False,False,False,False,False,False,False,combo_SPY200d_GLD_50_50_v1,asset_class_tsmom_top2_v1,4.446170724212423,-29.586601576402973,-0.17685340201021965,1.176853402010256,0.0,available_final_equity_window_contribution,3009.0150920108813,2941.0163242558174,3242.4761819551773,-95.37386696806243,-126.52429202406074,-62.37941127433896,False,False,False
combo_plus_top2_50_50_v1,30,standard,deterministic_stratified_sample,4853,2026-04-15,2026-05-27,False,False,False,False,False,False,2966.006596458896,-109.58816249996335,False,False,False,False,False,False,False,False,combo_SPY200d_GLD_50_50_v1,asset_class_tsmom_top2_v1,-3.711356283672435,-30.2820472574312,0.10917871990031164,0.890821280099683,0.0,available_final_equity_window_contribution,2992.4883882902172,2939.702585957266,3216.532928629747,-95.49377882683712,-127.32610532982744,-61.89102947840911,False,False,False
combo_plus_top2_50_50_v1,30,standard,deterministic_stratified_sample,4853,2026-04-16,2026-05-28,False,False,False,False,False,False,2990.508604122802,-109.6168489709712,False,False,False,False,False,False,False,False,combo_SPY200d_GLD_50_50_v1,asset_class_tsmom_top2_v1,6.95423834992496,-16.44563422712487,-0.7326886835087822,1.7326886835089728,0.0,available_final_equity_window_contribution,3014.0165396588636,2967.1302538889677,3226.3489630346994,-95.41770390854708,-127.49448453390323,-61.73931673781772,False,False,False
combo_plus_top2_50_50_v1,30,standard,deterministic_stratified_sample,4853,2026-04-17,2026-05-29,False,False,False,False,False,False,2977.152304909604,-108.42091458596997,False,False,False,False,False,False,False,False,combo_SPY200d_GLD_50_50_v1,asset_class_tsmom_top2_v1,-2.3127485705122357,-20.534946519884016,0.10122459011125369,0.8987754098887585,0.0,available_final_equity_window_contribution,2995.640023508585,2958.7330361296636,3195.76406707593,-94.22208514764725,-126.31075256465328,-61.00206498807847,False,False,False
combo_plus_top2_50_50_v1,60,standard,deterministic_stratified_sample,4823,2007-01-03,2007-03-29,False,False,False,False,False,False,3041.5073864826536,-59.07158123438239,False,False,False,False,False,False,False,False,combo_SPY200d_GLD_50_50_v1,asset_class_tsmom_top2_v1,42.25738648265014,-0.7499999999999174,1.018069073086786,-0.01806907308686734,0.0,available_final_equity_window_contribution,3083.457686939983,2998.5,3000.0,-120.28986809024218,-1.5,0.0,False,False,False
combo_plus_top2_50_50_v1,60,standard,deterministic_stratified_sample,4823,2007-03-21,2007-06-14,False,False,False,False,False,False,2997.3768459672983,-44.35397455140583,False,False,False,False,False,False,False,False,combo_SPY200d_GLD_50_50_v1,asset_class_tsmom_top2_v1,-9.665961154427444,7.042807121725064,3.684862205545793,-2.684862205545525,0.0,available_final_equity_window_contribution,2979.9403876288725,3014.087014547832,3012.57997136538,-99.01761279135599,-2.628463882168944,-2.627149650511001,False,False,False
combo_plus_top2_50_50_v1,60,standard,deterministic_stratified_sample,4823,2008-07-08,2008-09-30,False,False,False,False,False,False,2768.1911319149785,-418.0314389058667,False,False,False,False,False,False,False,False,combo_SPY200d_GLD_50_50_v1,asset_class_tsmom_top2_v1,-35.97240267814085,-195.83646540687857,0.15518130507822983,0.8448186949217614,0.0,available_final_equity_window_contribution,2926.3775362883343,2613.462294826128,3024.20032367003,-389.7062421458122,-512.2339339953478,-19.036505654130906,True,True,False
combo_plus_top2_50_50_v1,60,standard,deterministic_stratified_sample,4823,2008-08-06,2008-10-29,False,False,False,False,False,False,2763.630472734198,-252.31861107953046,False,False,False,False,False,False,False,False,combo_SPY200d_GLD_50_50_v1,asset_class_tsmom_top2_v1,-96.71459394219411,-139.65493332360896,0.4091669305300795,0.5908330694699253,0.0,available_final_equity_window_contribution,2794.34549784148,2723.9034518982453,3010.8623585010428,-346.0612737865508,-339.93430454963755,-21.43927548544525,True,True,False
combo_plus_top2_50_50_v1,60,standard,deterministic_stratified_sample,4823,2008-10-28,2009-01-23,True,False,False,False,False,False,3303.805802074202,-75.95846353131037,True,False,True,True,False,False,False,False,combo_SPY200d_GLD_50_50_v1,asset_class_tsmom_top2_v1,158.88835110248652,144.917450971714,0.5229931423879767,0.47700685761201883,0.0,available_final_equity_window_contribution,3305.7259253937136,3292.2502659445922,3012.1822832833154,-126.29755468917665,-117.35880088287558,-19.70013970432592,False,False,False
combo_plus_top2_50_50_v1,60,standard,deterministic_stratified_sample,4823,2008-10-29,2009-01-26,True,False,False,False,False,False,3299.557505372773,-75.86949333411349,True,False,True,True,False,False,False,False,combo_SPY200d_GLD_50_50_v1,asset_class_tsmom_top2_v1,161.11974036688986,138.43776500588132,0.5378591338126898,0.4621408661873041,0.0,available_final_equity_window_contribution,3310.298166811495,3279.234940507558,3014.8071076849224,-126.18663138380452,-124.69968540393529,-19.721593214855147,False,False,False
combo_plus_top2_50_50_v1,60,standard,deterministic_stratified_sample,4823,2008-10-30,2009-01-27,True,False,False,False,False,False,3330.928777631081,-76.47073967812094,True,False,True,True,False,False,False,False,combo_SPY200d_GLD_50_50_v1,asset_class_tsmom_top2_v1,168.89587478862128,162.03290284246032,0.5103692582967387,0.48963074170326254,0.0,available_final_equity_window_contribution,3325.7844947913536,3326.243645288269,3009.558146580366,-127.21229762153598,-125.66254182168996,-19.695847273072104,False,False,False
combo_plus_top2_50_50_v1,60,standard,deterministic_stratified_sample,4823,2008-10-31,2009-01-28,True,False,False,False,False,False,3328.371177532409,-76.9326483906757,True,False,True,True,False,False,False,False,combo_SPY200d_GLD_50_50_v1,asset_class_tsmom_top2_v1,173.03063781506282,155.34053971734502,0.5269361309824011,0.47306386901759506,0.0,available_final_equity_window_contribution,3335.3546638542566,3311.6604029007335,3002.68269759388,-128.49272815453696,-125.9198121784284,-19.717299591593928,False,False,False
combo_plus_top2_50_50_v1,60,standard,deterministic_stratified_sample,4823,2008-11-03,2009-01-29,True,False,False,False,False,False,3329.321956585534,-76.94129307000048,True,False,True,True,False,False,False,False,combo_SPY200d_GLD_50_50_v1,asset_class_tsmom_top2_v1,198.03578021733492,131.28617636819666,0.6013439925797953,0.3986560074201979,0.0,available_final_equity_window_contribution,3386.1178814495906,3263.3187983653165,3012.373957451389,-128.727458780083,-168.43514431178028,-19.7228771754053,False,False,False
combo_plus_top2_50_50_v1,60,standard,deterministic_stratified_sample,4823,2008-11-05,2009-02-02,True,False,False,False,False,False,3287.5180266576535,-75.78604180761522,True,False,True,False,False,False,False,False,combo_SPY200d_GLD_50_50_v1,asset_class_tsmom_top2_v1,171.20457354424425,116.31345311340897,0.5954568328618115,0.40454316713818744,0.0,available_final_equity_window_contribution,3333.459793808707,3232.388172024482,3014.213467581635,-127.08293585496631,-166.9195542544062,-19.705697393432274,False,False,False
combo_plus_top2_50_50_v1,60,standard,deterministic_stratified_sample,4823,2009-05-19,2009-08-12,False,False,False,False,False,False,3132.1926117653516,-215.31488532597177,False,False,False,False,False,False,False,False,combo_SPY200d_GLD_50_50_v1,asset_class_tsmom_top2_v1,87.52274199716376,44.669869768185904,0.6620849745560741,0.33791502544391167,0.0,available_final_equity_window_contribution,3176.2608522286264,3088.3348934920914,3284.0948146920728,-218.34424824134067,-235.03115622333098,-214.5709490495783,True,True,True
combo_plus_top2_50_50_v1,60,standard,deterministic_stratified_sample,4823,2010-03-12,2010-06-07,False,False,False,False,False,False,3049.642106455791,-209.5138633146148,False,False,False,False,False,False,False,False,combo_SPY200d_GLD_50_50_v1,asset_class_tsmom_top2_v1,-0.11027824367612915,49.75238469946644,-0.00222146583917301,1.0022214658391635,0.0,available_final_equity_window_contribution,2999.571548668764,3099.7010557043363,2652.722059166285,-243.3818398950475,-209.5138633146148,-525.3043186051846,True,True,True
combo_plus_top2_50_50_v1,60,standard,deterministic_stratified_sample,4823,2011-10-13,2012-01-09,False,False,False,False,False,False,2901.3904894665557,-272.9145268670791,False,False,False,False,False,False,False,False,combo_SPY200d_GLD_50_50_v1,asset_class_tsmom_top2_v1,-92.84716383120744,-5.762346702237407,0.9415639863633383,0.05843601363666696,0.0,available_final_equity_window_contribution,2818.5101458819313,2985.221740536031,2739.0024540225277,-341.36308219659713,-206.80362903054174,-338.08143896131287,True,True,True
combo_plus_top2_50_50_v1,60,standard,deterministic_stratified_sample,4823,2012-04-27,2012-07-23,False,False,False,False,False,False,2948.454517106472,-136.87557327037985,False,False,False,False,False,False,False,False,combo_SPY200d_GLD_50_50_v1,asset_class_tsmom_top2_v1,-61.28874818277472,9.743265289245645,1.1890226794338559,-0.18902267943383627,0.0,available_final_equity_window_contribution,2877.2721200728297,3020.0088844662628,2901.7009056770494,-194.66090224370782,-93.33409157348933,-270.1049468388819,False,False,False
combo_plus_top2_50_50_v1,60,standard,deterministic_stratified_sample,4823,2013-05-22,2013-08-15,False,False,False,False,False,False,3021.9262748836454,-173.77038355705054,False,False,False,False,False,False,False,False,combo_SPY200d_GLD_50_50_v1,asset_class_tsmom_top2_v1,10.176090770490042,11.750184113155719,0.4641048616096792,0.5358951383903364,0.0,available_final_equity_window_contribution,3015.054600178355,3025.837374559681,3024.0531876703108,-271.88846948217133,-143.65855819854642,-152.0326559729897,True,False,True
combo_plus_top2_50_50_v1,60,standard,deterministic_stratified_sample,4823,2014-12-24,2015-03-23,False,False,False,False,False,False,3062.3308030929797,-113.96499020250076,False,False,False,False,False,False,False,False,combo_SPY200d_GLD_50_50_v1,asset_class_tsmom_top2_v1,24.40551697881763,37.925286114161075,0.3915482517113019,0.6084517482886813,0.0,available_final_equity_window_contribution,3047.685358470499,3076.121064119518,3045.7341057727112,-196.94101506731295,-67.47280893026164,-140.06069892893174,False,False,False
combo_plus_top2_50_50_v1,60,standard,deterministic_stratified_sample,4823,2015-04-28,2015-07-22,False,False,False,False,False,False,2922.5196044960317,-115.04380614366255,False,False,False,False,False,False,False,False,combo_SPY200d_GLD_50_50_v1,asset_class_tsmom_top2_v1,-72.57519866325069,-4.905196840718224,0.9366911228471153,0.06330887715289209,0.0,available_final_equity_window_contribution,2855.9173695818617,2989.7196710476555,3013.5946762990134,-171.66425490374786,-107.02794495963735,-113.153284395436,False,False,False
combo_plus_top2_50_50_v1,60,standard,deterministic_stratified_sample,4823,2015-12-21,2016-03-17,False,False,False,False,False,False,3175.968984013858,-53.97311868815541,False,False,False,False,False,False,False,False,combo_SPY200d_GLD_50_50_v1,asset_class_tsmom_top2_v1,114.9652886966681,61.003695317190505,0.6533270015789502,0.3466729984210529,0.0,available_final_equity_window_contribution,3229.3589762312026,3122.3407208453314,2978.320614634912,-58.68080495065351,-63.58730087355025,-65.6929832464075,False,False,False
combo_plus_top2_50_50_v1,60,standard,deterministic_stratified_sample,4823,2016-08-01,2016-10-24,False,False,False,False,False,False,2892.16345120865,-146.9953969444955,False,False,False,False,False,False,False,False,combo_SPY200d_GLD_50_50_v1,asset_class_tsmom_top2_v1,-53.54327439567566,-54.29327439567478,0.4965225148226413,0.5034774851773609,0.0,available_final_equity_window_contribution,2892.8860518967767,2891.440850520523,2986.6610705504313,-147.03212342167444,-146.95867046731792,-82.14192117547555,False,False,False
combo_plus_top2_50_50_v1,60,standard,deterministic_stratified_sample,4823,2017-08-09,2017-11-01,False,False,False,False,False,False,3068.4434991808753,-49.80970390783341,False,False,False,False,False,False,False,False,combo_SPY200d_GLD_50_50_v1,asset_class_tsmom_top2_v1,34.221749590437405,34.221749590437064,0.49999999999999656,0.4999999999999916,0.0,available_final_equity_window_contribution,3068.4434991808757,3068.4434991808753,3139.750568950708,-49.809703907832954,-49.80970390783341,-55.08649686782337,False,False,False
combo_plus_top2_50_50_v1,60,standard,deterministic_stratified_sample,4823,2017-10-09,2018-01-03,False,False,False,False,False,False,3132.1110566219077,-38.86475918620863,False,False,False,False,False,False,False,False,combo_SPY200d_GLD_50_50_v1,asset_class_tsmom_top2_v1,70.08304969055843,62.02800693135067,0.5304858766751905,0.46951412332482023,0.0,available_final_equity_window_contribution,3139.7079230863214,3124.3832950478472,3211.4880001976085,-47.24239638347126,-38.864759186209085,-31.541190847530743,False,False,False
combo_plus_top2_50_50_v1,60,standard,deterministic_stratified_sample,4823,2017-10-10,2018-01-04,False,False,False,False,False,False,3138.4881467761397,-38.76282680324675,False,False,False,False,False,False,False,False,combo_SPY200d_GLD_50_50_v1,asset_class_tsmom_top2_v1,73.26103160299031,65.22711517314897,0.5290057908090409,0.47099420919095597,0.0,available_final_equity_window_contribution,3146.1004807324307,3130.7446512030724,3216.538007999625,-47.11849158794257,-38.76282680324721,-31.458202351873297,False,False,False
combo_plus_top2_50_50_v1,60,standard,deterministic_stratified_sample,4823,2017-10-11,2018-01-05,False,False,False,False,False,False,3139.8514513395653,-38.67084185539943,False,False,False,False,False,False,False,False,combo_SPY200d_GLD_50_50_v1,asset_class_tsmom_top2_v1,73.93315156411748,65.91829977544757,0.5286548752690784,0.4713451247309198,0.0,available_final_equity_window_contribution,3147.467091961085,3132.1045921269506,3232.894994149117,-47.00667848377225,-38.67084185539943,-31.408857185531815,False,False,False
combo_plus_top2_50_50_v1,60,standard,deterministic_stratified_sample,4823,2017-10-19,2018-01-16,False,False,False,False,False,False,3183.643239110212,-29.476391135246104,False,False,False,False,False,False,False,False,combo_SPY200d_GLD_50_50_v1,asset_class_tsmom_top2_v1,95.82943034873666,87.81380876147496,0.5218238951406502,0.4781761048593472,0.0,available_final_equity_window_contribution,3191.365095749591,3175.7883337623616,3265.01134262465,-47.011193311478564,-26.225488752432284,-31.31430913262284,False,False,False
combo_plus_top2_50_50_v1,60,standard,deterministic_stratified_sample,4823,2017-10-20,2018-01-17,False,False,False,False,False,False,3187.855372295464,-29.494269891767544,False,False,False,False,False,False,False,False,combo_SPY200d_GLD_50_50_v1,asset_class_tsmom_top2_v1,97.93792785880744,89.9174444366576,0.5213474954805556,0.4786525045194506,0.0,available_final_equity_window_contribution,3195.587445371226,3179.9900744805573,3279.2088830213333,-47.039707713905955,-24.421760806550992,-31.15353492362783,False,False,False
combo_plus_top2_50_50_v1,60,standard,deterministic_stratified_sample,4823,2018-03-06,2018-05-30,False,False,False,False,False,False,2970.0592313588004,-99.67577944369395,False,False,False,False,False,False,False,False,combo_SPY200d_GLD_50_50_v1,asset_class_tsmom_top2_v1,-14.970384320600317,-14.970384320599642,0.5000000000000171,0.49999999999999456,0.0,available_final_equity_window_contribution,2970.0592313587995,2970.0592313588,3009.034449915426,-99.67577944369395,-99.67577944369441,-223.9326457445609,False,False,False
combo_plus_top2_50_50_v1,60,standard,deterministic_stratified_sample,4823,2018-09-06,2018-11-29,False,False,False,False,False,False,2861.6130223881346,-194.28293429634414,False,False,False,False,False,False,False,False,combo_SPY200d_GLD_50_50_v1,asset_class_tsmom_top2_v1,-42.678550720913336,-95.70842689095039,0.30840004932121623,0.6915999506787717,0.0,available_final_equity_window_contribution,2912.9306819153016,2808.092258591767,2769.9797950661605,-147.55908630174963,-291.7041532465396,-286.4477175876632,False,True,True
combo_plus_top2_50_50_v1,60,standard,deterministic_stratified_sample,4823,2019-10-09,2020-01-03,False,False,False,False,False,False,3138.821315886883,-65.42213948402969,False,False,False,False,False,False,False,False,combo_SPY200d_GLD_50_50_v1,asset_class_tsmom_top2_v1,102.10046095962275,36.72085492726202,0.7354811493273712,0.26451885067264164,0.0,available_final_equity_window_contribution,3207.9564589961683,3070.8313318464075,3337.0598939926276,-50.62328467685393,-90.35866260669945,-61.07676807128473,False,False,False
combo_plus_top2_50_50_v1,60,standard,deterministic_stratified_sample,4823,2021-05-14,2021-08-09,False,False,False,False,False,False,3019.778233849023,-137.0681853068386,False,False,False,False,False,False,False,False,combo_SPY200d_GLD_50_50_v1,asset_class_tsmom_top2_v1,-1.347177012619765,21.125410861643232,-0.06811412095252997,1.0681141209525609,0.0,available_final_equity_window_contribution,2997.6377702569794,3041.4992027600206,3194.414686889431,-137.8724719673105,-136.26362266532396,-87.49542132802253,False,False,False
combo_plus_top2_50_50_v1,60,standard,deterministic_stratified_sample,4823,2022-03-31,2022-06-27,False,False,False,False,False,False,2806.208500897541,-217.69123758349087,False,False,False,False,False,False,False,False,combo_SPY200d_GLD_50_50_v1,asset_class_tsmom_top2_v1,-65.25941970770222,-128.5320793947537,0.3367506831308378,0.6632493168691461,0.0,available_final_equity_window_contribution,2868.6103155327874,2743.852874061685,2912.604290868346,-158.01235195939398,-277.62615836840405,-123.93200529621163,True,True,False
combo_plus_top2_50_50_v1,60,standard,deterministic_stratified_sample,4823,2022-05-02,2022-07-27,False,False,False,False,False,False,2908.1168324166656,-142.92282350036066,False,False,False,False,False,False,False,False,combo_SPY200d_GLD_50_50_v1,asset_class_tsmom_top2_v1,-48.76894294809044,-43.11422463524333,0.5307712416842719,0.46922875831572125,0.0,available_final_equity_window_contribution,2902.364305617616,2913.080271739355,3012.2537522815433,-154.06820889429218,-132.40113625971117,-9.170099118622147,False,False,False
combo_plus_top2_50_50_v1,60,standard,deterministic_stratified_sample,4823,2022-12-16,2023-03-15,False,False,False,False,False,False,3098.4678723816455,-179.88096783770698,False,False,False,False,False,False,False,False,combo_SPY200d_GLD_50_50_v1,asset_class_tsmom_top2_v1,18.46536142356486,80.00251095808095,0.18752676357214373,0.8124732364278592,0.0,available_final_equity_window_contribution,3036.5820262490465,3160.5084480101677,2870.408583098506,-172.86763890163138,-199.5171124704625,-245.18549216556949,True,True,True
combo_plus_top2_50_50_v1,60,standard,deterministic_stratified_sample,4823,2024-07-26,2024-10-18,True,False,False,False,False,False,3325.0178251959032,-129.76525213685045,True,False,True,False,False,False,False,False,combo_SPY200d_GLD_50_50_v1,asset_class_tsmom_top2_v1,162.50891259795205,162.50891259795276,0.5000000000000013,0.5000000000000036,0.0,available_final_equity_window_contribution,3325.0178251959032,3325.0178251959046,3231.116879656167,-129.76525213685045,-129.76525213685045,-184.20726104098503,False,False,False
combo_plus_top2_50_50_v1,60,standard,deterministic_stratified_sample,4823,2025-05-06,2025-07-31,False,False,False,False,False,False,3009.249753372759,-115.29059087496717,False,False,False,False,False,False,False,False,combo_SPY200d_GLD_50_50_v1,asset_class_tsmom_top2_v1,32.1199058688101,-22.87015249604914,3.4725148416826146,-2.472514841682423,0.0,available_final_equity_window_contribution,3065.155006371756,2953.9088078921427,3251.1978417308565,-100.89731207104933,-129.64916081829506,-80.72259219719263,False,False,False
combo_plus_top2_50_50_v1,60,standard,deterministic_stratified_sample,4823,2026-02-26,2026-05-21,False,False,False,False,False,False,2821.9584820466994,-364.94446034020666,False,False,False,False,False,False,False,False,combo_SPY200d_GLD_50_50_v1,asset_class_tsmom_top2_v1,-68.71516317520197,-109.32635477810112,0.38595022085368647,0.6140497791463273,0.0,available_final_equity_window_contribution,2863.119248982482,2780.9958846390464,3117.5943863780453,-361.72291683665117,-368.2483640357582,-172.07934841021506,True,True,True
combo_plus_top2_50_50_v1,60,standard,deterministic_stratified_sample,4823,2026-02-27,2026-05-22,False,False,False,False,False,False,2805.096984362216,-363.4308664562868,False,False,False,False,False,False,False,False,combo_SPY200d_GLD_50_50_v1,asset_class_tsmom_top2_v1,-77.23012873794116,-117.67288689984184,0.3962490189555041,0.6037509810444911,0.0,available_final_equity_window_contribution,2846.011811401722,2764.3791427671435,3144.953265337564,-360.222684187313,-366.7210673313566,-160.1400475542482,True,True,True
combo_plus_top2_50_50_v1,60,standard,deterministic_stratified_sample,4823,2026-03-02,2026-05-26,False,False,False,False,False,False,2796.1600310080125,-360.9962221213186,False,False,False,False,False,False,False,False,combo_SPY200d_GLD_50_50_v1,asset_class_tsmom_top2_v1,-81.83406959975981,-122.00589939223079,0.4014623334395059,0.5985376665605096,0.0,available_final_equity_window_contribution,2836.9445046576725,2755.5719152131674,3164.032377426684,-357.80953165039455,-364.26438175096564,-160.04904706195612,True,True,True
combo_plus_top2_50_50_v1,60,standard,deterministic_stratified_sample,4823,2026-03-03,2026-05-27,False,False,False,False,False,False,2853.537896254514,-312.96234229012225,False,False,False,False,False,False,False,False,combo_SPY200d_GLD_50_50_v1,asset_class_tsmom_top2_v1,-52.59384968321656,-93.86825406226794,0.35909527678648806,0.6409047232135029,0.0,available_final_equity_window_contribution,2895.159276950724,2812.116902722755,3191.616342428209,-309.6881884413365,-316.3202013377736,-155.96007796201047,True,True,True
combo_plus_top2_50_50_v1,60,standard,deterministic_stratified_sample,4823,2026-03-04,2026-05-28,False,False,False,False,False,False,2855.1251289831243,-310.65211187877276,False,False,False,False,False,False,False,False,combo_SPY200d_GLD_50_50_v1,asset_class_tsmom_top2_v1,-51.9525733472832,-92.9222976695934,0.3586030688595508,0.6413969311404557,0.0,available_final_equity_window_contribution,2896.7696608762176,2813.6810957164885,3186.7396371517007,-307.4021272311029,-313.9851838289346,-154.86744041602196,True,True,True
combo_plus_top2_50_50_v1,60,standard,deterministic_stratified_sample,4823,2026-03-05,2026-05-29,False,False,False,False,False,False,2899.2297495764624,-313.40906408688625,False,False,False,False,False,False,False,False,combo_SPY200d_GLD_50_50_v1,asset_class_tsmom_top2_v1,-29.71846552274223,-71.0517849007978,0.29491308593394816,0.7050869140660757,0.0,available_final_equity_window_contribution,2941.517586472296,2857.1455085148946,3212.5910087396296,-310.13023671770316,-316.7717161355604,-138.91532880024806,True,True,False
combo_plus_top2_50_50_v1,90,standard,deterministic_stratified_sample,4793,2007-01-03,2007-05-11,False,False,False,False,False,False,3051.43451633347,-59.07158123438239,False,False,False,False,False,False,False,False,combo_SPY200d_GLD_50_50_v1,asset_class_tsmom_top2_v1,52.184516333466334,-0.7499999999999174,1.0145816477622471,-0.014581647762319246,0.0,available_final_equity_window_contribution,3103.141752603975,2998.5,3000.0,-120.28986809024218,-1.5,0.0,False,False,False
combo_plus_top2_50_50_v1,90,standard,deterministic_stratified_sample,4793,2007-03-21,2007-07-27,False,False,False,False,False,False,3014.4979726254505,-48.80000015835549,False,False,False,False,False,False,False,False,combo_SPY200d_GLD_50_50_v1,asset_class_tsmom_top2_v1,2.5681592664249937,11.929813359024584,0.17713919958137508,0.8228608004185592,0.0,available_final_equity_window_contribution,3004.050812806442,3023.826232996352,3022.314320205724,-109.47997424702226,-8.893454424440733,-8.889007698187015,False,False,False
combo_plus_top2_50_50_v1,90,standard,deterministic_stratified_sample,4793,2008-07-08,2008-11-11,False,False,False,False,False,False,2673.1173009019326,-450.67136855130093,False,False,False,False,False,False,False,False,combo_SPY200d_GLD_50_50_v1,asset_class_tsmom_top2_v1,-141.66860639976542,-185.21409269830048,0.43339279438971995,0.5666072056102754,0.0,available_final_equity_window_contribution,2701.4208067678364,2634.9981869806998,3022.8915736626154,-418.8418573895342,-539.082920535167,-21.479484854517068,True,True,False
combo_plus_top2_50_50_v1,90,standard,deterministic_stratified_sample,4793,2008-08-04,2008-12-09,False,False,False,False,False,False,2874.580770901981,-311.7244736807579,False,False,False,False,False,False,False,False,combo_SPY200d_GLD_50_50_v1,asset_class_tsmom_top2_v1,-82.847358548782,-42.57187054923436,0.6605634490388567,0.33943655096112185,0.0,available_final_equity_window_contribution,2818.0663588951206,2916.534301426334,3004.841247866713,-346.2951608526255,-385.20431329488474,-21.37169414372056,True,True,False
combo_plus_top2_50_50_v1,90,standard,deterministic_stratified_sample,4793,2008-10-28,2009-03-09,True,False,False,False,False,False,3297.96186753266,-111.42304616805768,True,True,True,True,False,False,False,False,combo_SPY200d_GLD_50_50_v1,asset_class_tsmom_top2_v1,177.73447963715026,120.2273878955091,0.5965007573248227,0.4034992426751748,0.0,available_final_equity_window_contribution,3342.3575455132204,3242.5887402255194,3003.66913822602,-159.41876122666918,-206.85671448895846,-19.70013970432592,False,False,False
combo_plus_top2_50_50_v1,90,standard,deterministic_stratified_sample,4793,2008-10-29,2009-03-10,True,False,False,False,False,False,3246.3211469286625,-123.76150704621887,True,True,True,True,False,False,False,False,combo_SPY200d_GLD_50_50_v1,asset_class_tsmom_top2_v1,156.53817388534256,89.78297304331889,0.6355044048681612,0.3644955951318345,0.0,available_final_equity_window_contribution,3299.5385354787077,3182.587689314964,3015.7913709607556,-169.35349795946922,-221.3469365965293,-19.721593214855147,False,False,False
combo_plus_top2_50_50_v1,90,standard,deterministic_stratified_sample,4793,2008-10-30,2009-03-11,True,False,False,False,False,False,3295.5336633658308,-124.74228535869133,True,True,True,True,False,False,False,False,combo_SPY200d_GLD_50_50_v1,asset_class_tsmom_top2_v1,177.59096680404502,117.9426965617869,0.6009162028496611,0.3990837971503428,0.0,available_final_equity_window_contribution,3341.855731264481,3238.260114029824,3003.0146736651395,-170.73003177445344,-223.0560453064827,-19.695847273072104,False,False,False
combo_plus_top2_50_50_v1,90,standard,deterministic_stratified_sample,4793,2008-10-31,2009-03-12,True,True,False,False,False,False,3354.8164952896436,-125.49577026904626,True,True,True,True,False,False,False,False,combo_SPY200d_GLD_50_50_v1,asset_class_tsmom_top2_v1,213.2441432563262,141.57235203331612,0.600998392372516,0.3990016076274804,0.0,available_final_equity_window_contribution,3415.285830853639,3283.7138112476878,3013.8201454385057,-172.44848156013768,-223.51271049498564,-19.717299591593928,False,False,False
combo_plus_top2_50_50_v1,90,standard,deterministic_stratified_sample,4793,2008-11-03,2009-03-13,True,True,False,False,False,False,3358.0743358467575,-125.5098718333802,True,True,True,True,False,False,False,False,combo_SPY200d_GLD_50_50_v1,asset_class_tsmom_top2_v1,217.6625917827177,140.41174406403834,0.6078698471031143,0.3921301528968815,0.0,available_final_equity_window_contribution,3424.908423045042,3280.860226750735,3014.0165731331404,-172.7635105935501,-223.15593742086776,-19.7228771754053,False,False,False
combo_plus_top2_50_50_v1,90,standard,deterministic_stratified_sample,4793,2008-11-05,2009-03-17,True,False,False,False,False,False,3276.465794352804,-123.62537740792914,True,True,True,False,False,False,False,False,combo_SPY200d_GLD_50_50_v1,asset_class_tsmom_top2_v1,181.54439878284936,94.9213955699544,0.656661339272867,0.3433386607271318,0.0,available_final_equity_window_contribution,3353.579038576218,3190.4615261730883,3003.862523931359,-170.5564169673171,-219.35470335817536,-19.705697393432274,False,False,False
combo_plus_top2_50_50_v1,90,standard,deterministic_stratified_sample,4793,2009-05-19,2009-09-24,True,False,False,False,False,False,3284.1250528672495,-215.31488532597177,True,False,True,False,False,False,False,False,combo_SPY200d_GLD_50_50_v1,asset_class_tsmom_top2_v1,163.48896254811245,120.63609031913552,0.5754119916503763,0.4245880083496185,0.0,available_final_equity_window_contribution,3330.3308998504745,3238.1399398183976,3437.5538929051827,-218.34424824134067,-235.03115622333098,-214.5709490495783,True,True,True
combo_plus_top2_50_50_v1,90,standard,deterministic_stratified_sample,4793,2010-03-05,2010-07-13,False,False,False,False,False,False,2976.8993685654195,-233.85807704332137,False,False,False,False,False,False,False,False,combo_SPY200d_GLD_50_50_v1,asset_class_tsmom_top2_v1,-47.27919755755392,24.178566122973713,2.046662563811108,-1.0466625638111189,0.0,available_final_equity_window_contribution,2906.7752957488183,3047.7005115322468,2621.5641334566994,-312.0467682175786,-207.8945302461393,-590.6927129967235,True,True,True
combo_plus_top2_50_50_v1,90,standard,deterministic_stratified_sample,4793,2011-10-04,2012-02-10,False,False,False,False,False,False,3031.856024918096,-275.177892927868,False,False,False,False,False,False,False,False,combo_SPY200d_GLD_50_50_v1,asset_class_tsmom_top2_v1,11.839133802090913,20.016891116005414,0.3716450446196644,0.6283549553803472,0.0,available_final_equity_window_contribution,3024.5875319743027,3036.6476783197104,2866.208776787759,-345.90014756363735,-207.48569879536535,-337.08898784343955,True,True,True
combo_plus_top2_50_50_v1,90,standard,deterministic_stratified_sample,4793,2012-04-19,2012-08-24,False,False,False,False,False,False,3104.190480242887,-139.28595622720604,False,False,False,False,False,False,False,False,combo_SPY200d_GLD_50_50_v1,asset_class_tsmom_top2_v1,40.561552535542205,63.6289277073437,0.3893019059033587,0.6106980940966295,0.0,available_final_equity_window_contribution,3078.1616168763867,3128.7289010811055,3098.5300034541674,-197.74141326039353,-95.14356853810068,-275.34149728998773,False,False,False
combo_plus_top2_50_50_v1,90,standard,deterministic_stratified_sample,4793,2013-05-08,2013-09-13,False,False,False,False,False,False,2995.3480432769306,-194.48976250353962,False,False,False,False,False,False,False,False,combo_SPY200d_GLD_50_50_v1,asset_class_tsmom_top2_v1,-42.92733755631663,38.275380833251845,9.227802430628197,-8.22780243062918,0.0,available_final_equity_window_contribution,2909.3385766795923,3079.655846337264,3126.4716838512777,-301.08172663422556,-166.8750246433192,-170.42236542439696,True,True,True
combo_plus_top2_50_50_v1,90,standard,deterministic_stratified_sample,4793,2014-12-05,2015-04-16,False,False,False,False,False,False,3073.1986199490784,-113.93397174842266,False,False,False,False,False,False,False,False,combo_SPY200d_GLD_50_50_v1,asset_class_tsmom_top2_v1,24.357363204114062,48.8412567449632,0.3327571369659507,0.6672428630340334,0.0,available_final_equity_window_contribution,3046.6303103242394,3098.5227214450124,3064.5473158327595,-196.01944261092012,-67.7458710456799,-145.5298083146149,False,False,False
combo_plus_top2_50_50_v1,90,standard,deterministic_stratified_sample,4793,2015-04-10,2015-08-17,False,False,False,False,False,False,2942.6767461384547,-132.90686831395806,False,False,False,False,False,False,False,False,combo_SPY200d_GLD_50_50_v1,asset_class_tsmom_top2_v1,-51.443866253626375,-5.8793876079224034,0.8974345102230317,0.1025654897770298,0.0,available_final_equity_window_contribution,2897.441500735661,2987.14326028138,3022.4863819132233,-202.85666831379967,-118.12575346089307,-113.90749159177494,False,False,False
combo_plus_top2_50_50_v1,90,standard,deterministic_stratified_sample,4793,2015-12-21,2016-04-29,False,False,False,False,False,False,3240.691951329956,-62.414805989626075,True,False,False,False,False,False,False,False,combo_SPY200d_GLD_50_50_v1,asset_class_tsmom_top2_v1,150.0149123310691,90.67703899888951,0.6232651798373562,0.3767348201626554,0.0,available_final_equity_window_contribution,3300.6627642886247,3180.6126939649953,3018.553316571961,-64.86306069595048,-73.35518457011676,-65.6929832464075,False,False,False
combo_plus_top2_50_50_v1,90,standard,deterministic_stratified_sample,4793,2016-07-11,2016-11-14,False,False,False,False,False,False,2858.8900907961247,-161.49165508246642,False,False,False,False,False,False,False,False,combo_SPY200d_GLD_50_50_v1,asset_class_tsmom_top2_v1,-62.24053094539913,-78.8693782584784,0.44107838561127655,0.5589216143887393,0.0,available_final_equity_window_contribution,2874.9074179025783,2842.880993166569,3060.226187610547,-162.39643441370072,-160.58734061410087,-133.36227485374047,True,True,False
combo_plus_top2_50_50_v1,90,standard,deterministic_stratified_sample,4793,2017-08-09,2017-12-14,False,False,False,False,False,False,3109.105352924248,-49.80970390783341,False,False,False,False,False,False,False,False,combo_SPY200d_GLD_50_50_v1,asset_class_tsmom_top2_v1,44.688640738788656,64.41671218545926,0.409591642765832,0.5904083572341662,0.0,available_final_equity_window_contribution,3089.279422903286,3128.9714395760298,3239.373407378906,-49.809703907832954,-49.80970390783341,-55.08649686782337,False,False,False
combo_plus_top2_50_50_v1,90,standard,deterministic_stratified_sample,4793,2017-10-09,2018-02-15,False,False,False,False,False,False,3193.897822798819,-205.1470036737519,False,False,False,False,False,False,False,False,combo_SPY200d_GLD_50_50_v1,asset_class_tsmom_top2_v1,100.9764327790142,92.92139001980713,0.5207713594792833,0.47922864052072817,0.0,available_final_equity_window_contribution,3201.6445517053457,3186.0176166310607,3241.8844805025883,-205.64458321812754,-204.64085076175024,-343.74416340343305,True,True,True
combo_plus_top2_50_50_v1,90,standard,deterministic_stratified_sample,4793,2017-10-10,2018-02-16,False,False,False,False,False,False,3180.7766215220768,-204.60895523655563,False,False,False,False,False,False,False,False,combo_SPY200d_GLD_50_50_v1,asset_class_tsmom_top2_v1,94.40526897595913,86.37135254611795,0.5222205624881102,0.47777943751189156,0.0,available_final_equity_window_contribution,3188.4915252435585,3172.928788891909,3234.301574747592,-205.10522975628282,-204.10412983496462,-342.83973303015864,True,True,True
combo_plus_top2_50_50_v1,90,standard,deterministic_stratified_sample,4793,2017-10-11,2018-02-20,False,False,False,False,False,False,3141.9682533001624,-204.12341417496373,False,False,False,False,False,False,False,False,combo_SPY200d_GLD_50_50_v1,asset_class_tsmom_top2_v1,74.9915525444158,66.97670075574588,0.5282276199162763,0.4717723800837189,0.0,available_final_equity_window_contribution,3149.5890281782695,3134.216171366974,3209.0106354499226,-204.61851102552646,-203.61978673394697,-342.30195647619803,True,True,True
combo_plus_top2_50_50_v1,90,standard,deterministic_stratified_sample,4793,2017-10-19,2018-02-28,False,False,False,False,False,False,3128.425761641047,-204.14301951776588,False,False,False,False,False,False,False,False,combo_SPY200d_GLD_50_50_v1,asset_class_tsmom_top2_v1,68.22069161415398,60.20507002689264,0.5312072184148885,0.4687927815851098,0.0,available_final_equity_window_contribution,3136.0136895035557,3120.707092682294,3202.298117051414,-204.638163920657,-203.63934370508696,-341.2715470187404,True,True,True
combo_plus_top2_50_50_v1,90,standard,deterministic_stratified_sample,4793,2017-10-20,2018-03-01,False,False,False,False,False,False,3104.0584021051964,-204.2668414376426,False,False,False,False,False,False,False,False,combo_SPY200d_GLD_50_50_v1,asset_class_tsmom_top2_v1,56.03944276367476,48.018959341524194,0.5385383748928075,0.4614616251072173,0.0,available_final_equity_window_contribution,3111.5872274732164,3096.399853985481,3139.5314509865552,-204.76228616787512,-203.76286012293713,-339.5193875573191,True,True,True
combo_plus_top2_50_50_v1,90,standard,deterministic_stratified_sample,4793,2018-02-08,2018-06-18,False,False,False,False,False,False,3096.6801148507184,-108.76166850284744,False,False,False,False,False,False,False,False,combo_SPY200d_GLD_50_50_v1,asset_class_tsmom_top2_v1,38.4593546418871,58.22076020883106,0.39780005124395373,0.602199948756044,0.0,available_final_equity_window_contribution,3076.9834970576376,3116.4264970532163,3247.8497895968226,-108.7616685028479,-108.76166850284653,-237.18801635583168,False,False,False
combo_plus_top2_50_50_v1,90,standard,deterministic_stratified_sample,4793,2018-08-10,2018-12-18,False,False,False,False,False,False,2844.380688440964,-221.0597020774626,False,False,False,False,False,False,False,False,combo_SPY200d_GLD_50_50_v1,asset_class_tsmom_top2_v1,-37.835965668449006,-117.78334589058474,0.24313155796281447,0.7568684420371721,0.0,available_final_equity_window_contribution,2922.9460338209124,2764.451923786062,2758.1367612960507,-148.12159502369923,-325.58736764314926,-354.0695895855383,False,True,True
combo_plus_top2_50_50_v1,90,standard,deterministic_stratified_sample,4793,2019-09-11,2020-01-17,False,False,False,False,False,False,3197.7781489881622,-65.51812604514726,False,False,False,False,False,False,False,False,combo_SPY200d_GLD_50_50_v1,asset_class_tsmom_top2_v1,116.32688429661529,81.45126469154715,0.5881685357646759,0.4118314642353252,0.0,available_final_equity_window_contribution,3234.830641707275,3160.413674238928,3348.4347837998735,-76.93401931295284,-106.09758878298908,-118.8981113296636,False,False,False
combo_plus_top2_50_50_v1,90,standard,deterministic_stratified_sample,4793,2021-04-14,2021-08-19,False,False,False,False,False,False,3105.23253117617,-140.43602470118685,False,False,False,False,False,False,False,False,combo_SPY200d_GLD_50_50_v1,asset_class_tsmom_top2_v1,72.81988240609252,32.41264877007705,0.6919902200602255,0.308009779939769,0.0,available_final_equity_window_contribution,3146.4839139003766,3063.6106405978553,3217.6378071563445,-142.93777303251,-144.29258716368895,-121.83730963106518,False,False,False
combo_plus_top2_50_50_v1,90,standard,deterministic_stratified_sample,4793,2022-01-19,2022-05-26,False,False,False,False,False,False,2743.8855845556996,-320.868393464832,False,False,False,False,False,False,False,False,combo_SPY200d_GLD_50_50_v1,asset_class_tsmom_top2_v1,-55.695395498473445,-200.41901994582915,0.2174629467921771,0.7825370532078313,0.0,available_final_equity_window_contribution,2885.53811960088,2604.881120565183,2754.5147084888595,-210.71316273508955,-454.97869395930184,-247.59505099946819,True,True,True
combo_plus_top2_50_50_v1,90,standard,deterministic_stratified_sample,4793,2022-05-02,2022-09-08,False,False,False,False,False,False,2889.541219094125,-142.92282350036066,False,False,False,False,False,False,False,False,combo_SPY200d_GLD_50_50_v1,asset_class_tsmom_top2_v1,-67.14815493743815,-43.310625968434756,0.6079023721496352,0.39209762785034724,0.0,available_final_equity_window_contribution,2865.4458441497745,2912.6726673275784,2984.4551504463175,-160.00148175366576,-132.40113625971117,-34.54252542626773,False,False,False
combo_plus_top2_50_50_v1,90,standard,deterministic_stratified_sample,4793,2022-11-10,2023-03-22,False,False,False,False,False,False,3170.7003415082713,-180.41348633938924,False,False,False,False,False,False,False,False,combo_SPY200d_GLD_50_50_v1,asset_class_tsmom_top2_v1,34.972098776959974,135.7282427313119,0.2048742168173424,0.7951257831826608,0.0,available_final_equity_window_contribution,3068.0291228125316,3274.262808894956,2786.2115275181136,-172.74635636911216,-200.80511422671088,-277.09273496283504,True,True,True
combo_plus_top2_50_50_v1,90,standard,deterministic_stratified_sample,4793,2024-06-14,2024-10-22,True,False,False,False,False,False,3388.6205362218425,-182.6473735896061,True,False,True,False,False,False,False,False,combo_SPY200d_GLD_50_50_v1,asset_class_tsmom_top2_v1,194.31026811092042,194.3102681109211,0.4999999999999979,0.4999999999999996,0.0,available_final_equity_window_contribution,3388.620536221841,3388.6205362218425,3244.3906808219326,-182.64737358960656,-182.6473735896061,-263.27297749821946,True,True,True
combo_plus_top2_50_50_v1,90,standard,deterministic_stratified_sample,4793,2025-05-06,2025-09-12,False,False,False,False,False,False,3230.162176269439,-115.29059087496717,False,False,False,False,False,False,False,False,combo_SPY200d_GLD_50_50_v1,asset_class_tsmom_top2_v1,143.03990912505978,87.12226714438202,0.6214744379094258,0.3785255620905864,0.0,available_final_equity_window_contribution,3290.848746430034,3169.8066582338924,3381.486110288632,-100.89731207104933,-129.64916081829506,-80.72259219719263,False,False,False
combo_plus_top2_50_50_v1,90,standard,deterministic_stratified_sample,4793,2026-01-13,2026-05-21,False,False,False,False,False,False,3004.507088610144,-416.13411944504105,False,False,False,False,False,False,False,False,combo_SPY200d_GLD_50_50_v1,asset_class_tsmom_top2_v1,23.87268112513539,-19.365592514993114,5.296696646124546,-4.296696646124909,0.0,available_final_equity_window_contribution,3048.330488854325,2960.8946772078625,3097.5072763897274,-412.7041787303665,-419.6517481190731,-197.73747913717898,True,True,True
combo_plus_top2_50_50_v1,90,standard,deterministic_stratified_sample,4793,2026-01-14,2026-05-22,False,False,False,False,False,False,2991.0563063445684,-415.03283200156557,False,False,False,False,False,False,False,False,combo_SPY200d_GLD_50_50_v1,asset_class_tsmom_top2_v1,17.09007554439449,-26.033769199828466,-1.9108520710585246,2.9108520710587884,0.0,available_final_equity_window_contribution,3034.683515001432,2947.6391419603624,3125.045635655995,-411.6119685301737,-418.541151368554,-198.71420662589708,True,True,True
combo_plus_top2_50_50_v1,90,standard,deterministic_stratified_sample,4793,2026-01-15,2026-05-26,False,False,False,False,False,False,3006.753183449415,-415.7405151587286,False,False,False,False,False,False,False,False,combo_SPY200d_GLD_50_50_v1,asset_class_tsmom_top2_v1,24.975279885261525,-18.22209643584949,3.698297265628968,-2.698297265629376,0.0,available_final_equity_window_contribution,3050.6093449786326,2963.108168492111,3137.248191020821,-412.3138186850415,-419.25481665130883,-198.17453487948887,True,True,True
combo_plus_top2_50_50_v1,90,standard,deterministic_stratified_sample,4793,2026-01-16,2026-05-27,False,False,False,False,False,False,2994.954917321379,-416.91972210823405,False,False,False,False,False,False,False,False,combo_SPY200d_GLD_50_50_v1,asset_class_tsmom_top2_v1,19.1374093690358,-24.1824920476594,-3.793279632488997,4.793279632489527,0.0,available_final_equity_window_contribution,3038.638990676575,2951.481162015336,3139.335175682454,-413.48330614811584,-420.4439915702369,-198.34071940961576,True,True,True
combo_plus_top2_50_50_v1,90,standard,deterministic_stratified_sample,4793,2026-01-20,2026-05-28,False,False,False,False,False,False,2992.7500962338454,-413.3075404365195,False,False,False,False,False,False,False,False,combo_SPY200d_GLD_50_50_v1,asset_class_tsmom_top2_v1,17.847337573451387,-25.097241339604555,-2.461734410430352,3.4617344104301537,0.0,available_final_equity_window_contribution,3036.4020103182756,2949.3083453669733,3222.248103471704,-409.9008974952576,-416.8012757192,-202.46219901202176,True,True,True
combo_plus_top2_50_50_v1,90,standard,deterministic_stratified_sample,4793,2026-01-21,2026-05-29,False,False,False,False,False,False,2973.4295989283605,-407.98133214716927,False,False,False,False,False,False,False,False,combo_SPY200d_GLD_50_50_v1,asset_class_tsmom_top2_v1,7.910379993564302,-34.480781065205285,-0.2977139852814501,1.2977139852815067,0.0,available_final_equity_window_contribution,3016.799706426428,2930.268297883078,3193.4204703525243,-404.61858990477504,-411.4300443900984,-200.1522263156362,True,True,True
combo_plus_top2_50_50_v1,180,standard,deterministic_stratified_sample,4703,2007-01-03,2007-09-19,False,False,False,False,False,False,3143.548033975001,-59.07158123438239,False,False,False,False,False,False,False,False,combo_SPY200d_GLD_50_50_v1,asset_class_tsmom_top2_v1,121.3524270624484,22.195606912551394,0.8453785377762955,0.15462146222369552,0.0,available_final_equity_window_contribution,3243.2235082526886,3043.59552461725,3043.595524945417,-120.28986809024218,-15.544776620444736,-15.54477662212048,False,False,False
combo_plus_top2_50_50_v1,180,standard,deterministic_stratified_sample,4703,2007-03-21,2007-12-04,False,False,False,False,False,False,3172.0085156882387,-106.27051284209483,True,False,False,False,False,False,False,False,combo_SPY200d_GLD_50_50_v1,asset_class_tsmom_top2_v1,98.85014576160884,73.15836992662803,0.5746816973920776,0.4253183026079116,0.0,available_final_equity_window_contribution,3197.02086476704,3143.4069801553605,2809.753543242906,-168.4888880900121,-87.76248347677529,-246.67165296094936,False,False,False
combo_plus_top2_50_50_v1,180,standard,deterministic_stratified_sample,4703,2008-07-08,2009-03-24,False,False,False,False,False,False,2962.7128988110317,-450.67136855130093,False,False,False,False,False,False,False,False,combo_SPY200d_GLD_50_50_v1,asset_class_tsmom_top2_v1,34.08296018720283,-71.37006137617175,-0.9140683802281343,1.91406838022815,0.0,available_final_equity_window_contribution,3049.1956841304486,2858.1115986937994,3022.8294455014798,-422.5084133096693,-539.082920535167,-22.74109238790561,True,True,False
combo_plus_top2_50_50_v1,180,standard,deterministic_stratified_sample,4703,2008-07-23,2009-04-08,False,False,False,False,False,False,2897.261510998182,-371.7687965477894,False,False,False,False,False,False,False,False,combo_SPY200d_GLD_50_50_v1,asset_class_tsmom_top2_v1,-3.003993322511992,-99.7344956793061,0.029239220390508542,0.970760779609493,0.0,available_final_equity_window_contribution,2973.101136052405,2803.178956700865,3008.5774450280073,-350.69073353095473,-453.80223944071577,-22.62992767884225,True,True,False
combo_plus_top2_50_50_v1,180,standard,deterministic_stratified_sample,4703,2008-10-28,2009-07-16,True,False,False,False,False,False,3291.7854912782886,-236.74898395654873,True,True,True,True,False,False,False,False,combo_SPY200d_GLD_50_50_v1,asset_class_tsmom_top2_v1,202.86230107178727,88.92319020650122,0.6952446476453094,0.30475535235469015,0.0,available_final_equity_window_contribution,3393.2833926984954,3181.0913744584136,3037.461678907396,-244.04882931361317,-362.4404888563172,-214.84746569441813,True,True,True
combo_plus_top2_50_50_v1,180,standard,deterministic_stratified_sample,4703,2008-10-29,2009-07-17,True,False,False,False,False,False,3305.0456748137876,-236.4716797193446,True,True,True,True,False,False,False,False,combo_SPY200d_GLD_50_50_v1,asset_class_tsmom_top2_v1,209.86559727714925,95.18007753663778,0.6879808979598213,0.31201910204017674,0.0,available_final_equity_window_contribution,3407.9519501442,3192.969191287619,3074.080977201142,-243.8344886410141,-361.90981805120055,-215.0814352213829,True,True,True
combo_plus_top2_50_50_v1,180,standard,deterministic_stratified_sample,4703,2008-10-30,2009-07-20,True,True,False,False,False,False,3373.3919558289926,-238.3456573438757,True,True,True,True,False,False,False,False,combo_SPY200d_GLD_50_50_v1,asset_class_tsmom_top2_v1,244.79584083635038,128.59611499264528,0.6556001997762985,0.34439980022370964,0.0,available_final_equity_window_contribution,3479.128301885466,3258.3403189284995,3102.6831154925894,-245.8164165191979,-364.7042692948421,-214.80065293115467,True,True,True
combo_plus_top2_50_50_v1,180,standard,deterministic_stratified_sample,4703,2008-10-31,2009-07-21,True,True,False,False,False,False,3398.8878123125496,-239.78534442144246,True,True,True,True,False,False,False,False,combo_SPY200d_GLD_50_50_v1,asset_class_tsmom_top2_v1,263.872006181728,135.01580613082078,0.6615193496435293,0.3384806503564686,0.0,available_final_equity_window_contribution,3519.44782379913,3269.93637463464,3120.4281799420323,-248.29063364371132,-365.4509325097156,-215.0346094582037,True,True,True
combo_plus_top2_50_50_v1,180,standard,deterministic_stratified_sample,4703,2008-11-03,2009-07-22,True,True,False,False,False,False,3404.571810643514,-239.81228834515787,True,True,True,True,False,False,False,False,combo_SPY200d_GLD_50_50_v1,asset_class_tsmom_top2_v1,269.288206608982,135.2836040345289,0.6656128764400341,0.3343871235599588,0.0,available_final_equity_window_contribution,3531.376708450599,3269.809076294155,3120.657907804127,-248.74421118533155,-364.86759632117446,-215.09543794797492,True,True,True
combo_plus_top2_50_50_v1,180,standard,deterministic_stratified_sample,4703,2008-11-05,2009-07-24,True,False,False,False,False,False,3396.910954281469,-236.2115761944765,True,True,True,False,False,False,False,False,combo_SPY200d_GLD_50_50_v1,asset_class_tsmom_top2_v1,267.6076789027102,129.30327537875945,0.6742259844835032,0.32577401551649837,0.0,available_final_equity_window_contribution,3531.441455784202,3255.763265326352,3199.8452600423457,-245.56644661465634,-358.6524485122559,-214.90807721483498,True,True,True
combo_plus_top2_50_50_v1,180,standard,deterministic_stratified_sample,4703,2009-05-19,2010-02-03,True,True,True,False,False,False,3560.343957854498,-262.86300342988534,True,True,True,True,False,False,False,False,combo_SPY200d_GLD_50_50_v1,asset_class_tsmom_top2_v1,301.59841504173664,258.74554281275806,0.5382380068780028,0.4617619931219912,0.0,available_final_equity_window_contribution,3610.4360540676576,3510.491160911884,3614.696199558636,-266.56134241470227,-259.1823320990143,-252.43451555241654,True,True,True
combo_plus_top2_50_50_v1,180,standard,deterministic_stratified_sample,4703,2010-02-11,2010-10-27,True,False,False,False,False,False,3305.6900963342828,-287.58504913094566,True,False,True,True,False,False,False,False,combo_SPY200d_GLD_50_50_v1,asset_class_tsmom_top2_v1,105.9245864060716,199.76550992821095,0.34650970926529256,0.6534902907347067,0.0,available_final_equity_window_contribution,3204.1668218958625,3408.153670446594,2780.8808862338874,-383.1238331675181,-217.36776831304587,-759.1803745546249,True,True,True
combo_plus_top2_50_50_v1,180,standard,deterministic_stratified_sample,4703,2011-08-31,2012-05-17,False,False,False,False,False,False,2782.8644684077626,-346.5729471257009,False,False,False,False,False,False,False,False,combo_SPY200d_GLD_50_50_v1,asset_class_tsmom_top2_v1,-152.2400590098952,-64.89547258233982,0.7011291882702526,0.29887081172973645,0.0,available_final_equity_window_contribution,2700.4127173788816,2863.587176929019,2803.168089368317,-434.3488406486558,-261.065721357299,-337.66927502469207,True,True,True
combo_plus_top2_50_50_v1,180,standard,deterministic_stratified_sample,4703,2012-03-23,2012-12-10,False,False,False,False,False,False,3050.581314771899,-167.10416291151796,False,False,False,False,False,False,False,False,combo_SPY200d_GLD_50_50_v1,asset_class_tsmom_top2_v1,29.70774243877381,20.873572333123366,0.5873264183175843,0.4126735816823779,0.0,available_final_equity_window_contribution,3054.790294134054,3043.41592211871,3015.685676418996,-232.28803931365792,-152.4850571173315,-295.16634664750745,True,False,True
combo_plus_top2_50_50_v1,180,standard,deterministic_stratified_sample,4703,2013-03-26,2013-12-09,False,False,False,False,False,False,3135.493317085113,-195.84765025928937,False,False,True,True,False,False,False,False,combo_SPY200d_GLD_50_50_v1,asset_class_tsmom_top2_v1,-58.61358034929069,194.10689743440327,-0.4325938844088617,1.4325938844088573,0.0,available_final_equity_window_contribution,2874.5468413922245,3409.932966893995,3519.724973491715,-354.2312576729728,-171.64055258405142,-178.2238105476099,True,True,True
combo_plus_top2_50_50_v1,180,standard,deterministic_stratified_sample,4703,2014-10-14,2015-07-01,False,False,False,False,False,False,3130.392883046077,-118.3676049085957,False,False,False,False,False,False,False,False,combo_SPY200d_GLD_50_50_v1,asset_class_tsmom_top2_v1,40.91696491803731,89.47591812804085,0.31379753221330736,0.686202467786703,0.0,available_final_equity_window_contribution,3077.711843411064,3180.4262717138918,3317.4279950070018,-201.45848734520405,-85.78524423788485,-158.9445200906789,False,False,False
combo_plus_top2_50_50_v1,180,standard,deterministic_stratified_sample,4703,2015-02-18,2015-11-02,False,False,False,False,False,False,2830.44352515206,-253.5610488762345,False,False,False,False,False,False,False,False,combo_SPY200d_GLD_50_50_v1,asset_class_tsmom_top2_v1,-45.31731951863942,-124.23915532929924,0.2672697669568823,0.7327302330431094,0.0,available_final_equity_window_contribution,2907.9053237260987,2747.8399820395416,3006.1012818773775,-208.89575405031155,-366.30669650456093,-127.79191109031353,True,True,False
combo_plus_top2_50_50_v1,180,standard,deterministic_stratified_sample,4703,2015-12-21,2016-09-07,True,False,False,False,False,False,3385.8880792656937,-92.67163984344143,True,True,True,False,False,False,False,False,combo_SPY200d_GLD_50_50_v1,asset_class_tsmom_top2_v1,224.3420410829821,161.54603818271363,0.5813655646214376,0.4186344353785676,0.0,available_final_equity_window_contribution,3451.396355385077,3318.936161496689,3166.69027496155,-85.24466457992958,-110.67232365314885,-171.63614326949892,False,False,False
combo_plus_top2_50_50_v1,180,standard,deterministic_stratified_sample,4703,2016-05-05,2017-01-20,False,False,False,False,False,False,3056.2981039983406,-207.58867275935017,False,False,False,False,False,False,False,False,combo_SPY200d_GLD_50_50_v1,asset_class_tsmom_top2_v1,36.95138015495314,19.34672384338522,0.6563521243280643,0.34364787567189603,0.0,available_final_equity_window_contribution,3072.8746023839603,3038.0485716737257,3315.9287178977693,-217.4286618515771,-225.63205214070786,-171.7131100569036,True,True,False
combo_plus_top2_50_50_v1,180,standard,deterministic_stratified_sample,4703,2017-08-09,2018-04-26,True,False,False,False,False,False,3183.444598849734,-209.19660090655407,True,False,True,False,False,False,False,False,combo_SPY200d_GLD_50_50_v1,asset_class_tsmom_top2_v1,95.82932398580803,87.615274863927,0.522388364589056,0.477611635410949,0.0,available_final_equity_window_contribution,3191.165973691533,3175.5901836009125,3276.9693046021093,-209.7040026599293,-208.68045654746675,-354.8110675705857,True,True,True
combo_plus_top2_50_50_v1,180,standard,deterministic_stratified_sample,4703,2017-10-09,2018-06-26,False,False,False,False,False,False,3105.095101139888,-205.1470036737519,False,False,False,False,False,False,False,False,combo_SPY200d_GLD_50_50_v1,asset_class_tsmom_top2_v1,47.554226690874685,57.54087444901702,0.4524875676895458,0.5475124323104904,0.0,available_final_equity_window_contribution,3094.941091603759,3115.015210536513,3252.3599920131614,-205.64458321812754,-204.64085076175024,-343.74416340343305,True,True,True
combo_plus_top2_50_50_v1,180,standard,deterministic_stratified_sample,4703,2017-10-10,2018-06-27,False,False,False,False,False,False,3073.2957098601764,-204.60895523655563,False,False,False,False,False,False,False,False,combo_SPY200d_GLD_50_50_v1,asset_class_tsmom_top2_v1,32.66716486785238,40.628544992321224,0.4456899991850866,0.5543100008148748,0.0,available_final_equity_window_contribution,3065.2382258982593,3081.1087652478236,3216.9315768478555,-205.10522975628282,-204.10412983496462,-342.83973303015864,True,True,True
combo_plus_top2_50_50_v1,180,standard,deterministic_stratified_sample,4703,2017-10-11,2018-06-28,False,False,False,False,False,False,3076.8223590037883,-204.12341417496373,False,False,False,False,False,False,False,False,combo_SPY200d_GLD_50_50_v1,asset_class_tsmom_top2_v1,31.085300628899372,45.73705837488635,0.4046387149783631,0.5953612850216037,0.0,available_final_equity_window_contribution,3062.0639490192957,3091.3707066878096,3230.248464783383,-204.61851102552646,-203.61978673394697,-342.30195647619803,True,True,True
combo_plus_top2_50_50_v1,180,standard,deterministic_stratified_sample,4703,2017-10-19,2018-07-09,False,False,False,False,False,False,3142.947789762148,-204.14301951776588,False,False,False,False,False,False,False,False,combo_SPY200d_GLD_50_50_v1,asset_class_tsmom_top2_v1,57.26291461734539,85.68487514480137,0.40058621901482727,0.5994137809851625,0.0,available_final_equity_window_contribution,3114.10128612877,3171.6729291870565,3303.864489883666,-204.638163920657,-203.63934370508696,-341.2715470187404,True,True,True
combo_plus_top2_50_50_v1,180,standard,deterministic_stratified_sample,4703,2017-10-20,2018-07-10,False,False,False,False,False,False,3151.889435106371,-204.2668414376426,False,False,False,False,False,False,False,False,combo_SPY200d_GLD_50_50_v1,asset_class_tsmom_top2_v1,59.584778521863356,92.30465658450734,0.3922904741869312,0.6077095258130674,0.0,available_final_equity_window_contribution,3118.7194739953406,3185.016099004011,3298.7288669729005,-204.76228616787512,-203.76286012293713,-339.5193875573191,True,True,True
combo_plus_top2_50_50_v1,180,standard,deterministic_stratified_sample,4703,2017-11-21,2018-08-09,False,False,False,False,False,False,3158.9086137218333,-203.18882306246314,False,False,False,False,False,False,False,False,combo_SPY200d_GLD_50_50_v1,asset_class_tsmom_top2_v1,40.60913196460959,118.2994817572206,0.25555022483359624,0.7444497751663844,0.0,available_final_equity_window_contribution,3080.9374157772377,3238.296579894006,3334.357531509255,-203.68165308284233,-202.68750150944152,-335.75854614571927,True,True,True
combo_plus_top2_50_50_v1,180,standard,deterministic_stratified_sample,4703,2018-05-24,2019-02-11,False,False,False,False,False,False,2917.459130909964,-260.6764167168594,False,False,False,False,False,False,False,False,combo_SPY200d_GLD_50_50_v1,asset_class_tsmom_top2_v1,-33.9776623019626,-48.563206788076826,0.41164652948952685,0.588353470510517,0.0,available_final_equity_window_contribution,2933.711782657832,2896.2803395403425,2859.1866253904013,-175.24373203395908,-437.8510250057543,-383.83055924635073,True,True,True
combo_plus_top2_50_50_v1,180,standard,deterministic_stratified_sample,4703,2019-06-17,2020-03-03,True,True,False,False,False,False,3259.067358506167,-263.9119568555502,True,True,True,False,False,False,False,True,combo_SPY200d_GLD_50_50_v1,asset_class_tsmom_top2_v1,170.01288494233722,89.05447356382999,0.656249733361489,0.34375026663851266,0.0,available_final_equity_window_contribution,3343.466703256849,3175.391549305192,3033.8200623774555,-269.45613350469966,-258.37896603809395,-524.6162080784534,True,True,True
combo_plus_top2_50_50_v1,180,standard,deterministic_stratified_sample,4703,2021-01-05,2021-09-21,True,False,False,False,False,False,3201.436447280886,-145.5292658628664,False,False,True,True,True,False,False,False,combo_SPY200d_GLD_50_50_v1,asset_class_tsmom_top2_v1,59.34188946745087,142.09455781343195,0.2945936064127641,0.7054063935872196,0.0,available_final_equity_window_contribution,3111.582989705876,3291.5242828550354,3537.597110006217,-182.6854414267941,-155.53858372812465,-147.76655813887828,False,False,False
combo_plus_top2_50_50_v1,180,standard,deterministic_stratified_sample,4703,2021-10-06,2022-06-23,False,False,False,False,False,False,2831.054259018911,-411.8986361440175,False,False,False,False,False,False,False,False,combo_SPY200d_GLD_50_50_v1,asset_class_tsmom_top2_v1,-2.1912481221713453,-166.75449285891668,0.012970129400400956,0.987029870599594,0.0,available_final_equity_window_contribution,2990.957776321934,2674.128184780989,2871.94832492405,-226.89139166208724,-592.6773336849215,-437.79533655105115,True,True,True
combo_plus_top2_50_50_v1,180,standard,deterministic_stratified_sample,4703,2022-05-02,2023-01-18,False,False,False,False,False,False,3018.9547082482704,-171.81817887636043,False,False,False,False,False,False,False,False,combo_SPY200d_GLD_50_50_v1,asset_class_tsmom_top2_v1,-6.909537259121853,25.864245507395434,-0.36452881092233796,1.364528810922504,0.0,available_final_equity_window_contribution,2983.842311093937,3051.0514314027982,2897.903203854297,-222.68244569098624,-132.40113625971117,-116.88950481112352,True,False,False
combo_plus_top2_50_50_v1,180,standard,deterministic_stratified_sample,4703,2022-07-27,2023-04-13,False,False,False,False,False,False,3292.8611628585036,-181.26233428727846,False,False,True,False,False,False,False,False,combo_SPY200d_GLD_50_50_v1,asset_class_tsmom_top2_v1,112.99689602061879,179.86426683788318,0.3858377632517066,0.614162236748288,0.0,available_final_equity_window_contribution,3218.821948010629,3363.7851645973365,2924.3632087913415,-173.49765936818358,-201.70730101197069,-275.80762113462015,True,True,True
combo_plus_top2_50_50_v1,180,standard,deterministic_stratified_sample,4703,2024-02-16,2024-11-01,True,True,True,False,False,False,3760.1781463612806,-205.4258105546387,True,True,True,True,False,False,False,False,combo_SPY200d_GLD_50_50_v1,asset_class_tsmom_top2_v1,380.0890731806403,380.0890731806405,0.5,0.5000000000000003,0.0,available_final_equity_window_contribution,3760.178146361281,3760.17814636128,3461.9417174401788,-205.4258105546387,-205.4258105546387,-286.96785750875324,True,True,True
combo_plus_top2_50_50_v1,180,standard,deterministic_stratified_sample,4703,2025-05-06,2026-01-22,True,True,True,False,False,False,3859.5650395366415,-173.34545187537424,True,True,True,True,False,False,False,False,combo_SPY200d_GLD_50_50_v1,asset_class_tsmom_top2_v1,457.74134075866016,401.8236987779833,0.5325267079328994,0.4674732920671029,0.0,available_final_equity_window_contribution,3932.0764961693626,3787.4491411261934,3564.197427656927,-176.6021740933911,-170.10649544652915,-179.8048709316845,False,False,False
combo_plus_top2_50_50_v1,180,standard,deterministic_stratified_sample,4703,2025-09-04,2026-05-21,True,True,True,False,False,False,3547.2226176543136,-491.30200626551186,True,True,True,True,False,False,False,False,combo_SPY200d_GLD_50_50_v1,asset_class_tsmom_top2_v1,299.1355924585749,248.08702519573555,0.5466433272455526,0.4533566727544416,0.0,available_final_equity_window_contribution,3598.962005162492,3495.732330704054,3329.558983444518,-487.25250232976214,-495.45503756982725,-212.55110683460316,True,True,True
combo_plus_top2_50_50_v1,180,standard,deterministic_stratified_sample,4703,2025-09-05,2026-05-22,True,True,True,False,False,False,3522.3088697842836,-488.7483469668932,True,True,True,True,False,False,False,False,combo_SPY200d_GLD_50_50_v1,asset_class_tsmom_top2_v1,286.5460499746739,235.76281980960582,0.5486141755414167,0.4513858244585759,0.0,available_final_equity_window_contribution,3573.684868186598,3471.180222394071,3352.3582528978714,-484.719891293209,-492.8797919009671,-213.16847438950845,True,True,True
combo_plus_top2_50_50_v1,180,standard,deterministic_stratified_sample,4703,2025-09-08,2026-05-26,True,True,True,False,False,False,3510.4656595514116,-485.3882951824544,True,True,True,True,False,False,False,False,combo_SPY200d_GLD_50_50_v1,asset_class_tsmom_top2_v1,280.4498823413587,230.01577721005214,0.5494000959590764,0.4505999040409222,0.0,available_final_equity_window_contribution,3561.6689142300834,3459.5089242059285,3366.34304414654,-481.3875343741511,-489.49133721959925,-212.64605998592242,True,True,True
combo_plus_top2_50_50_v1,180,standard,deterministic_stratified_sample,4703,2025-09-09,2026-05-27,True,True,True,False,False,False,3486.727981766912,-485.37814469855766,True,True,True,True,False,False,False,False,combo_SPY200d_GLD_50_50_v1,asset_class_tsmom_top2_v1,268.58051610782536,218.14746565908536,0.5518082505403302,0.4481917494596675,0.0,available_final_equity_window_contribution,3537.585001364837,3436.115814544833,3357.9971968465998,-481.37746755452736,-489.48110093251535,-212.15561337863437,True,True,True
combo_plus_top2_50_50_v1,180,standard,deterministic_stratified_sample,4703,2025-09-10,2026-05-28,True,True,True,False,False,False,3503.255723725981,-483.8098605411278,True,True,True,True,False,False,False,False,combo_SPY200d_GLD_50_50_v1,asset_class_tsmom_top2_v1,276.7629110723268,226.49281265365533,0.549944884924989,0.45005511507501283,0.0,available_final_equity_window_contribution,3554.353815096965,3452.403645376849,3366.788875375907,-479.82210981055823,-487.89955989211376,-211.54407029781532,True,True,True
combo_plus_top2_50_50_v1,180,standard,deterministic_stratified_sample,4703,2025-09-11,2026-05-29,True,True,True,False,False,False,3514.098421747504,-482.1659661683343,True,True,True,True,False,False,False,False,combo_SPY200d_GLD_50_50_v1,asset_class_tsmom_top2_v1,282.0988559412466,231.9995658062602,0.5487253879954482,0.45127461200455754,0.0,available_final_equity_window_contribution,3565.3546634842896,3463.0889544514034,3347.3597389833894,-478.19176506029316,-486.24176949466937,-209.80059164050454,True,True,True
combo_plus_managed_futures_80_20_v1,30,standard,deterministic_stratified_sample,1349,2020-12-02,2021-01-14,False,False,False,False,False,False,3012.9771493590874,-64.81292024582808,False,False,False,False,False,False,False,False,combo_SPY200d_GLD_50_50_v1,managed_futures_proxy_etf_trend_v1,13.280016586159872,-0.30286722707313096,1.0233385020617298,-0.023338502061783225,0.0,available_final_equity_window_contribution,3071.823365276107,3071.823365276107,3108.6444505657673,-58.0139217131491,-58.0139217131491,-45.067132174571725,False,False,False
combo_plus_managed_futures_80_20_v1,30,standard,deterministic_stratified_sample,1349,2021-02-12,2021-03-26,False,False,False,False,False,False,2945.586962849673,-94.55852238748048,False,False,False,False,False,False,False,False,combo_SPY200d_GLD_50_50_v1,managed_futures_proxy_etf_trend_v1,-56.08855941393788,1.6755222636126692,1.0307926620413028,-0.030792662041335805,0.0,available_final_equity_window_contribution,2943.2507553695455,3035.4286590219494,3035.4286590219494,-162.76881135850226,-121.79115004881578,-121.79115004881578,False,False,False
combo_plus_managed_futures_80_20_v1,30,standard,deterministic_stratified_sample,1349,2021-05-14,2021-06-25,False,False,False,False,False,False,2952.89940000771,-90.36987448729587,False,False,False,False,False,False,False,False,combo_SPY200d_GLD_50_50_v1,managed_futures_proxy_etf_trend_v1,-45.36426488539028,-1.7363351069001762,0.9631356053387022,0.03686439466130796,0.0,available_final_equity_window_contribution,2987.573501662599,2952.7111721910333,3082.2817355892435,-137.8724719673105,-136.26362266532396,-64.68739925941236,False,False,False
combo_plus_managed_futures_80_20_v1,30,standard,deterministic_stratified_sample,1349,2021-10-22,2021-12-03,False,False,False,False,False,False,2963.722400326291,-137.37940404562505,False,False,False,False,False,False,False,False,combo_SPY200d_GLD_50_50_v1,managed_futures_proxy_etf_trend_v1,-6.105489230619325,-30.172110443089114,0.1682991511437858,0.8317008488561954,0.0,available_final_equity_window_contribution,2992.202024892566,2996.5521299476886,3001.9860191986136,-132.66773395744667,-127.3169417969566,-127.3169417969566,False,False,False
combo_plus_managed_futures_80_20_v1,30,standard,deterministic_stratified_sample,1349,2021-12-07,2022-01-19,False,False,False,False,False,False,3000.478703834961,-58.92324427411222,False,False,False,False,False,False,False,False,combo_SPY200d_GLD_50_50_v1,managed_futures_proxy_etf_trend_v1,-0.19827115174831267,0.6769749867090635,-0.414183336894506,1.4141833368941428,0.0,available_final_equity_window_contribution,2999.360782188352,2967.4528520747876,2904.2696320750497,-73.48626117526192,-77.0031381379863,-166.89406840909032,False,False,False
combo_plus_managed_futures_80_20_v1,30,standard,deterministic_stratified_sample,1349,2022-03-02,2022-04-12,False,False,False,False,False,False,3071.05644507707,-109.9335499250983,False,False,False,False,False,False,False,False,combo_SPY200d_GLD_50_50_v1,managed_futures_proxy_etf_trend_v1,10.185485054768646,60.87096002230253,0.14334357768280104,0.8566564223172178,0.0,available_final_equity_window_contribution,3012.63252481454,2981.0824481360314,2954.3229836757546,-108.01161122629355,-221.7862450969742,-148.35999360950655,False,False,False
combo_plus_managed_futures_80_20_v1,30,standard,deterministic_stratified_sample,1349,2022-04-05,2022-05-17,False,False,False,False,False,False,2958.904294916182,-91.20860198428136,False,False,False,False,False,False,False,False,combo_SPY200d_GLD_50_50_v1,managed_futures_proxy_etf_trend_v1,-101.39627944949095,60.30057436567269,2.4673205933000895,-1.4673205933000792,0.0,available_final_equity_window_contribution,2875.5121417073037,2761.2795520975897,2915.2353389450323,-136.0583906181132,-266.632020976303,-85.72128022686047,False,False,False
combo_plus_managed_futures_80_20_v1,30,standard,deterministic_stratified_sample,1349,2022-06-27,2022-08-08,False,False,False,False,False,False,2951.432040532909,-94.67288073018972,False,False,False,False,False,False,False,False,combo_SPY200d_GLD_50_50_v1,managed_futures_proxy_etf_trend_v1,-20.35890475561912,-28.209054711471232,0.41918386069758695,0.5808161393024,0.0,available_final_equity_window_contribution,2974.3610502461306,2972.2809964605167,3004.268408987726,-105.8313772287429,-31.196306140716388,-9.164986632913951,False,False,False
combo_plus_managed_futures_80_20_v1,30,standard,deterministic_stratified_sample,1349,2022-09-15,2022-10-26,False,False,False,False,False,False,3012.928879864468,-52.70333472028824,False,False,False,False,False,False,False,False,combo_SPY200d_GLD_50_50_v1,managed_futures_proxy_etf_trend_v1,4.112151645869707,8.81672821860027,0.318059390216086,0.6819406097840712,0.0,available_final_equity_window_contribution,3004.736463343722,3007.0551695542867,3007.0551695542867,-87.32359767713706,-9.660309490860527,-9.660309490860527,False,False,False
combo_plus_managed_futures_80_20_v1,30,standard,deterministic_stratified_sample,1349,2022-09-28,2022-11-08,False,False,False,False,False,False,3042.8895358286068,-58.06173169977683,False,False,False,False,False,False,False,False,combo_SPY200d_GLD_50_50_v1,managed_futures_proxy_etf_trend_v1,45.27946993167064,-2.389934103064416,1.0557230116132388,-0.055723011613251376,0.0,available_final_equity_window_contribution,3056.146299990807,3017.161802142455,3017.161802142455,-87.36115253800153,-9.652924357530082,-9.652924357530082,False,False,False
combo_plus_managed_futures_80_20_v1,30,standard,deterministic_stratified_sample,1349,2023-01-05,2023-02-16,False,False,False,False,False,False,3029.761479299277,-79.56457201285275,False,False,False,False,False,False,False,False,combo_SPY200d_GLD_50_50_v1,managed_futures_proxy_etf_trend_v1,25.001768786037207,4.759710513240975,0.8400714404893312,0.15992855951070187,0.0,available_final_equity_window_contribution,3030.9756595210456,3088.5099550621458,3054.9804887337714,-104.07597665272851,-107.65460540787353,-72.50638960034621,False,False,False
combo_plus_managed_futures_80_20_v1,30,standard,deterministic_stratified_sample,1349,2023-02-27,2023-04-10,False,False,False,False,False,False,3118.292212591232,-53.79743474159022,False,False,False,False,False,False,False,False,combo_SPY200d_GLD_50_50_v1,managed_futures_proxy_etf_trend_v1,115.13878291341338,3.1534296778171886,0.9733420348749802,0.02665796512500882,0.0,available_final_equity_window_contribution,3144.1709719277505,3243.4107126384374,3001.699891149922,-67.8264109328934,-69.4581405823601,-192.91731528523223,False,False,False
combo_plus_managed_futures_80_20_v1,30,standard,deterministic_stratified_sample,1349,2023-08-09,2023-09-20,False,False,False,False,False,False,3005.95813351788,-43.253669566790904,False,False,False,False,False,False,False,False,combo_SPY200d_GLD_50_50_v1,managed_futures_proxy_etf_trend_v1,-4.1301359590997535,10.088269476978924,-0.6931929180011582,1.6931929180010166,0.0,available_final_equity_window_contribution,2994.7005911425344,2994.700591142533,2962.5613908047485,-54.567113495917056,-54.56711349591751,-79.55159549463315,False,False,False
combo_plus_managed_futures_80_20_v1,30,standard,deterministic_stratified_sample,1349,2023-08-10,2023-09-21,False,False,False,False,False,False,2980.4809943478062,-53.308459376483825,False,False,False,False,False,False,False,False,combo_SPY200d_GLD_50_50_v1,managed_futures_proxy_etf_trend_v1,-31.872846334029862,12.353840681835168,1.6329134230486608,-0.6329134230486126,0.0,available_final_equity_window_contribution,2960.1488528308446,2960.148852830845,2912.5498058922694,-80.17342706303089,-80.17342706303089,-122.973301497997,False,False,False
combo_plus_managed_futures_80_20_v1,30,standard,deterministic_stratified_sample,1349,2024-01-19,2024-03-01,False,False,False,False,False,False,3112.8808927016644,-37.12825892819865,False,False,False,False,False,False,False,False,combo_SPY200d_GLD_50_50_v1,managed_futures_proxy_etf_trend_v1,107.4192201082316,5.4616725934331125,0.9516156148067719,0.048384385193231044,0.0,available_final_equity_window_contribution,3134.397789636537,3134.3977896365363,3189.1670140315014,-46.704094111024006,-46.704094111024006,-52.17290923472183,False,False,False
combo_plus_managed_futures_80_20_v1,30,standard,deterministic_stratified_sample,1349,2024-06-11,2024-07-24,False,False,False,False,False,False,3056.9887190447726,-100.29806242769564,False,False,False,False,False,False,False,False,combo_SPY200d_GLD_50_50_v1,managed_futures_proxy_etf_trend_v1,57.50944214471374,-0.5207230999399535,1.0091373013583984,-0.00913730135837679,0.0,available_final_equity_window_contribution,3071.452960406869,3071.452960406868,3033.668538421824,-111.6206414057001,-111.6206414057001,-132.44870332847722,False,False,False
combo_plus_managed_futures_80_20_v1,30,standard,deterministic_stratified_sample,1349,2024-07-01,2024-08-12,False,False,False,False,False,False,3015.119223275948,-178.97415237080304,False,False,False,False,False,False,False,False,combo_SPY200d_GLD_50_50_v1,managed_futures_proxy_etf_trend_v1,44.496115505998176,-29.376892230049847,2.943015966751629,-1.943015966751615,0.0,available_final_equity_window_contribution,3055.1055786814695,3055.105578681469,2933.601494461761,-181.97066569748313,-181.97066569748358,-261.1944929262313,True,True,True
combo_plus_managed_futures_80_20_v1,30,standard,deterministic_stratified_sample,1349,2024-07-05,2024-08-15,False,False,False,False,False,False,3005.448067992018,-176.03445787153942,False,False,False,False,False,False,False,False,combo_SPY200d_GLD_50_50_v1,managed_futures_proxy_etf_trend_v1,30.20461112389524,-24.756543131877354,5.5440958461143275,-4.544095846114342,0.0,available_final_equity_window_contribution,3037.6195307012686,3037.619530701269,2991.5075841513994,-178.23300975066422,-178.23300975066377,-256.81484854787277,True,True,True
combo_plus_managed_futures_80_20_v1,30,standard,deterministic_stratified_sample,1349,2024-07-08,2024-08-16,False,False,False,False,False,False,3051.4658638822757,-176.91381781602104,False,False,False,False,False,False,False,False,combo_SPY200d_GLD_50_50_v1,managed_futures_proxy_etf_trend_v1,73.67819941455511,-22.21233553228096,1.4315935623482092,-0.4315935623482394,0.0,available_final_equity_window_contribution,3092.419707766193,3092.419707766193,2994.759382775489,-179.24108371063858,-179.24108371063858,-256.5188699256246,True,True,True
combo_plus_managed_futures_80_20_v1,30,standard,deterministic_stratified_sample,1349,2024-07-09,2024-08-19,False,False,False,False,False,False,3058.4371306623734,-176.70118040468378,False,False,False,False,False,False,False,False,combo_SPY200d_GLD_50_50_v1,managed_futures_proxy_etf_trend_v1,80.05112863748258,-21.61399797510928,1.3698675436339658,-0.36986754363396784,0.0,available_final_equity_window_contribution,3100.534401623727,3100.5344016237264,3020.45605298246,-179.00226430795237,-179.00226430795283,-256.26962410958595,True,True,True
combo_plus_managed_futures_80_20_v1,30,standard,deterministic_stratified_sample,1349,2024-12-10,2025-01-24,False,False,False,False,False,False,3052.939111852608,-98.17799802815671,False,False,False,False,False,False,False,False,combo_SPY200d_GLD_50_50_v1,managed_futures_proxy_etf_trend_v1,49.719676345807834,3.2194355068007687,0.9391860687847605,0.06081393121524672,0.0,available_final_equity_window_contribution,3061.669555384142,3061.669555384143,3035.9131724198983,-123.21104576095422,-123.21104576095422,-124.50042005066643,False,False,False
combo_plus_managed_futures_80_20_v1,30,standard,deterministic_stratified_sample,1349,2025-04-24,2025-06-05,False,False,False,False,False,False,3027.5101463344286,-81.28387623355957,False,False,False,False,False,False,False,False,combo_SPY200d_GLD_50_50_v1,managed_futures_proxy_etf_trend_v1,26.436796549262237,1.0733497851657112,0.9609834941581886,0.03901650584178934,0.0,available_final_equity_window_contribution,3032.49132231144,2942.697837272648,3045.8374068170215,-102.2097991064411,-164.90376147668348,-80.83904803501218,False,False,False
combo_plus_managed_futures_80_20_v1,30,standard,deterministic_stratified_sample,1349,2025-04-25,2025-06-06,False,False,False,False,False,False,3038.0600126532754,-81.6164497624477,False,False,False,False,False,False,False,False,combo_SPY200d_GLD_50_50_v1,managed_futures_proxy_etf_trend_v1,35.25565506039606,2.8043575928772624,0.9263174813306845,0.07368251866926066,0.0,available_final_equity_window_contribution,3043.5540774101487,2943.159671776454,3075.77279625634,-102.74434113776579,-166.71119080618564,-80.80378562296755,False,False,False
combo_plus_managed_futures_80_20_v1,30,standard,deterministic_stratified_sample,1349,2025-04-28,2025-06-09,False,False,False,False,False,False,3025.8034234243805,-81.14885747048993,False,False,False,False,False,False,False,False,combo_SPY200d_GLD_50_50_v1,managed_futures_proxy_etf_trend_v1,24.72139271992969,1.0820307044499704,0.95806638961602,0.041933610383946454,0.0,available_final_equity_window_contribution,3030.3618868228173,2911.3154535417652,3078.209856092024,-102.01235356452162,-164.37021322687224,-80.7949906050103,False,False,False
combo_plus_managed_futures_80_20_v1,30,standard,deterministic_stratified_sample,1349,2025-04-29,2025-06-10,False,False,False,False,False,False,3050.340269773859,-81.61046167672157,False,False,False,False,False,False,False,False,combo_SPY200d_GLD_50_50_v1,managed_futures_proxy_etf_trend_v1,47.415012973680206,2.9252568001788357,0.9418903233272364,0.05810967667276766,0.0,available_final_equity_window_contribution,3058.7797348060135,2942.8895889652317,3104.773127951206,-102.66289188419069,-136.4826309947307,-81.03277032239157,False,False,False
combo_plus_managed_futures_80_20_v1,30,standard,deterministic_stratified_sample,1349,2025-04-30,2025-06-11,False,False,False,False,False,False,3058.811874721915,-81.70533985051634,False,False,False,False,False,False,False,False,combo_SPY200d_GLD_50_50_v1,managed_futures_proxy_etf_trend_v1,55.91916626503653,2.892708456876872,0.9508142110661096,0.04918578893386242,0.0,available_final_equity_window_contribution,3069.493470571373,2979.259963507319,3086.495887080213,-102.89076645366913,-130.31555366367775,-80.78614842247907,False,False,False
combo_plus_managed_futures_80_20_v1,30,standard,deterministic_stratified_sample,1349,2025-05-01,2025-06-12,False,False,False,False,False,False,3102.4728156330393,-82.37792872319687,False,False,False,False,False,False,False,False,combo_SPY200d_GLD_50_50_v1,managed_futures_proxy_etf_trend_v1,101.44467685703445,1.0281387760052316,0.9899667168345732,0.01003328316543045,0.0,available_final_equity_window_contribution,3126.753837410794,3067.97193616115,3098.0175471442376,-103.95799321524055,-133.07992819835772,-80.76673186496191,False,False,False
combo_plus_managed_futures_80_20_v1,30,standard,deterministic_stratified_sample,1349,2025-05-23,2025-07-08,False,False,False,False,False,False,3069.9076685057994,-23.572419767097927,False,False,False,False,False,False,False,False,combo_SPY200d_GLD_50_50_v1,managed_futures_proxy_etf_trend_v1,66.98377859911884,2.9238899066813877,0.9581749760909564,0.04182502390905553,0.0,available_final_equity_window_contribution,3083.6974448373267,2992.2903354805517,3223.0871750021993,-32.33453163234344,-55.841996763325824,-39.956604064430394,False,False,False
combo_plus_managed_futures_80_20_v1,30,standard,deterministic_stratified_sample,1349,2025-06-06,2025-07-21,False,False,False,False,False,False,3098.252854059013,-23.365697292769255,False,False,False,False,False,False,False,False,combo_SPY200d_GLD_50_50_v1,managed_futures_proxy_etf_trend_v1,95.11297063756575,3.1398834214485714,0.9680428273405551,0.031957172659459715,0.0,available_final_equity_window_contribution,3119.14919003672,3064.1620952112767,3157.6702038267686,-32.01572941726636,-56.23359206867599,-38.620801221632064,False,False,False
combo_plus_managed_futures_80_20_v1,30,standard,deterministic_stratified_sample,1349,2025-10-02,2025-11-12,False,False,False,False,False,False,3151.2193422470395,-129.82686295826852,False,False,False,False,False,False,False,False,combo_SPY200d_GLD_50_50_v1,managed_futures_proxy_etf_trend_v1,133.64228412053276,17.577058126505513,0.8837644849837264,0.11623551501626521,0.0,available_final_equity_window_contribution,3166.9938238628424,3166.9938238628415,3063.477185480181,-154.92040447175623,-154.92040447175668,-90.06008848860256,False,False,False
combo_plus_managed_futures_80_20_v1,30,standard,deterministic_stratified_sample,1349,2025-10-03,2025-11-13,False,False,False,False,False,False,3105.483726500294,-129.3951585385198,False,False,False,False,False,False,False,False,combo_SPY200d_GLD_50_50_v1,managed_futures_proxy_etf_trend_v1,92.60630753613225,12.877418964161865,0.8779203258037557,0.12207967419624666,0.0,available_final_equity_window_contribution,3115.4276654207347,3115.4276654207347,3012.686268718598,-154.3017954173647,-154.3017954173647,-90.06141845819093,False,False,False
combo_plus_managed_futures_80_20_v1,30,standard,deterministic_stratified_sample,1349,2025-10-06,2025-11-14,False,False,False,False,False,False,3048.455749601394,-127.99312086875716,False,False,False,False,False,False,False,False,combo_SPY200d_GLD_50_50_v1,managed_futures_proxy_etf_trend_v1,42.599112126381144,5.856637475013088,0.8791343127866009,0.12086568721340343,0.0,available_final_equity_window_contribution,3052.8189959184106,3052.81899591841,3001.429621441873,-152.59034459009263,-152.59034459009263,-89.7395917398917,False,False,False
combo_plus_managed_futures_80_20_v1,30,standard,deterministic_stratified_sample,1349,2025-11-03,2025-12-15,False,False,False,False,False,False,3089.2304811470767,-95.4486726123605,False,False,False,False,False,False,False,False,combo_SPY200d_GLD_50_50_v1,managed_futures_proxy_etf_trend_v1,82.49431128432367,6.736169862751642,0.924508197466178,0.0754918025338063,0.0,available_final_equity_window_contribution,3102.919662171266,3102.9196621712654,2988.5413415100265,-113.35796028114919,-113.35796028114964,-135.43751131264435,False,False,False
combo_plus_managed_futures_80_20_v1,30,standard,deterministic_stratified_sample,1349,2026-04-01,2026-05-13,False,False,False,False,False,False,3128.8957064348024,-49.870301945228675,False,False,False,False,False,False,False,False,combo_SPY200d_GLD_50_50_v1,managed_futures_proxy_etf_trend_v1,98.75696724139598,30.13873919340654,0.7661773225266345,0.2338226774733666,0.0,available_final_equity_window_contribution,3122.2807153012695,3017.563872224264,3302.442910400892,-97.59694495336134,-128.02423908916717,-26.960159556310828,False,False,False
combo_plus_managed_futures_80_20_v1,30,standard,deterministic_stratified_sample,1349,2026-04-10,2026-05-21,False,False,False,False,False,False,3072.6971882413613,-69.21201872591337,False,False,False,False,False,False,False,False,combo_SPY200d_GLD_50_50_v1,managed_futures_proxy_etf_trend_v1,52.488685639092736,20.208502602270208,0.7220180987581731,0.2779819012418489,0.0,available_final_equity_window_contribution,3064.5368914380015,2970.872219530325,3279.3098049248333,-97.29833347771728,-128.0253511771666,-63.75652124233784,False,False,False
combo_plus_managed_futures_80_20_v1,30,standard,deterministic_stratified_sample,1349,2026-04-13,2026-05-22,False,False,False,False,False,False,3056.9917817097066,-68.95802865968744,False,False,False,False,False,False,False,False,combo_SPY200d_GLD_50_50_v1,managed_futures_proxy_etf_trend_v1,40.95862630912786,16.033155400580608,0.7186760104773481,0.2813239895226841,0.0,available_final_equity_window_contribution,3050.1842622135273,2968.1577724279973,3260.341238221087,-97.02069834641316,-128.14355189989465,-63.13949696212012,False,False,False
combo_plus_managed_futures_80_20_v1,30,standard,deterministic_stratified_sample,1349,2026-04-14,2026-05-26,False,False,False,False,False,False,3024.8696950331255,-68.09898770061045,False,False,False,False,False,False,False,False,combo_SPY200d_GLD_50_50_v1,managed_futures_proxy_etf_trend_v1,8.065342203318394,16.80435282980772,0.3243040251428764,0.675695974857149,0.0,available_final_equity_window_contribution,3009.0150920108813,2941.0163242558174,3242.4761819551773,-95.37386696806243,-126.52429202406074,-62.37941127433896,False,False,False
combo_plus_managed_futures_80_20_v1,30,standard,deterministic_stratified_sample,1349,2026-04-15,2026-05-27,False,False,False,False,False,False,3006.318448320383,-68.15228061063226,False,False,False,False,False,False,False,False,combo_SPY200d_GLD_50_50_v1,managed_futures_proxy_etf_trend_v1,-5.238074172766325,11.556522493149629,-0.829012742870499,1.829012742870525,0.0,available_final_equity_window_contribution,2992.4883882902172,2939.702585957266,3216.532928629747,-95.49377882683712,-127.32610532982744,-61.89102947840911,False,False,False
combo_plus_managed_futures_80_20_v1,30,standard,deterministic_stratified_sample,1349,2026-04-16,2026-05-28,False,False,False,False,False,False,3019.4490150529946,-68.02245093676584,False,False,False,False,False,False,False,False,combo_SPY200d_GLD_50_50_v1,managed_futures_proxy_etf_trend_v1,12.058851261160026,7.390163791834378,0.620023750729902,0.3799762492700888,0.0,available_final_equity_window_contribution,3014.0165396588636,2967.1302538889677,3226.3489630346994,-95.41770390854708,-127.49448453390323,-61.73931673781772,False,False,False
combo_plus_managed_futures_80_20_v1,30,standard,deterministic_stratified_sample,1349,2026-04-17,2026-05-29,False,False,False,False,False,False,3012.4727533446107,-67.58568200321679,False,False,False,False,False,False,False,False,combo_SPY200d_GLD_50_50_v1,managed_futures_proxy_etf_trend_v1,-2.6412390841051767,15.113992428716495,-0.21176070841218156,1.2117607084122282,0.0,available_final_equity_window_contribution,2995.640023508585,2958.7330361296636,3195.76406707593,-94.22208514764725,-126.31075256465328,-61.00206498807847,False,False,False
combo_plus_managed_futures_80_20_v1,60,standard,deterministic_stratified_sample,1319,2020-12-02,2021-03-01,False,False,False,False,False,False,2930.2576369399744,-147.5324326649411,False,False,False,False,False,False,False,False,combo_SPY200d_GLD_50_50_v1,managed_futures_proxy_etf_trend_v1,-69.30886565433298,-0.4334974056914147,0.9937843028731403,0.006215697126842603,0.0,available_final_equity_window_contribution,3010.995942261566,3178.911250439087,3199.9834131843104,-150.7653542818507,-100.20327481292816,-117.62368015664833,False,False,False
combo_plus_managed_futures_80_20_v1,60,standard,deterministic_stratified_sample,1319,2021-02-12,2021-05-10,False,False,False,False,False,False,3016.4967188006844,-94.55852238748048,False,False,False,False,False,False,False,False,combo_SPY200d_GLD_50_50_v1,managed_futures_proxy_etf_trend_v1,14.853891926044994,1.6428268746416994,0.9004149313273563,0.09958506867277986,0.0,available_final_equity_window_contribution,3115.151080359893,3203.765134099808,3203.765134099808,-162.76881135850226,-121.79115004881578,-121.79115004881578,False,False,False
combo_plus_managed_futures_80_20_v1,60,standard,deterministic_stratified_sample,1319,2021-05-11,2021-08-04,False,False,False,False,False,False,2977.134581341876,-96.47194634821199,False,False,False,False,False,False,False,False,combo_SPY200d_GLD_50_50_v1,managed_futures_proxy_etf_trend_v1,-20.929887070619888,-1.9355315875049195,0.9153511415450813,0.08464885845495958,0.0,available_final_equity_window_contribution,3071.504245073611,3037.1086578773156,3189.803401427301,-138.4910668708926,-137.04329487953373,-87.99605199925873,False,False,False
combo_plus_managed_futures_80_20_v1,60,standard,deterministic_stratified_sample,1319,2021-10-15,2022-01-10,False,False,False,False,False,False,3047.1897660761238,-139.1494595484951,False,False,False,False,False,False,False,False,combo_SPY200d_GLD_50_50_v1,managed_futures_proxy_etf_trend_v1,80.08917260292107,-32.89940652679801,1.69717248595227,-0.6971724859522851,0.0,available_final_equity_window_contribution,3100.5244788804885,3059.2107706763086,3143.1501435390232,-134.7275846127559,-129.38717267583206,-129.38717267583206,False,False,False
combo_plus_managed_futures_80_20_v1,60,standard,deterministic_stratified_sample,1319,2021-12-01,2022-02-25,False,False,False,False,False,False,3007.983758575475,-138.3464444344877,False,False,False,False,False,False,False,False,combo_SPY200d_GLD_50_50_v1,managed_futures_proxy_etf_trend_v1,2.3510820951966185,5.632676480279095,0.2944831150604739,0.7055168849396287,0.0,available_final_equity_window_contribution,3002.1941842983215,2885.762788705929,2820.4701345124217,-175.49118849033493,-305.16842247880504,-379.87383221953087,False,False,False
combo_plus_managed_futures_80_20_v1,60,standard,deterministic_stratified_sample,1319,2022-02-28,2022-05-23,False,False,False,False,False,False,3056.5123629443356,-111.05107218228386,False,False,False,False,False,False,False,False,combo_SPY200d_GLD_50_50_v1,managed_futures_proxy_etf_trend_v1,-54.71484955111767,111.22721249545374,-0.9681925635459903,1.9681925635459991,0.0,available_final_equity_window_contribution,2934.661412813466,2731.218799433009,2956.3282760076095,-214.28418565122138,-444.6613940593402,-157.85391395066745,False,False,False
combo_plus_managed_futures_80_20_v1,60,standard,deterministic_stratified_sample,1319,2022-03-24,2022-06-17,False,False,False,False,False,False,2967.915572072987,-90.59308330297927,False,False,False,False,False,False,False,False,combo_SPY200d_GLD_50_50_v1,managed_futures_proxy_etf_trend_v1,-109.96755915759658,77.8831312305844,3.4274433506420876,-2.4274433506421182,0.0,available_final_equity_window_contribution,2864.525330835497,2728.520431862599,2919.720340050662,-165.01128239712762,-314.49350318422876,-155.8804692602248,False,False,False
combo_plus_managed_futures_80_20_v1,60,standard,deterministic_stratified_sample,1319,2022-06-21,2022-09-14,False,False,False,False,False,False,2905.6062255687402,-111.89175317369381,False,False,False,False,False,False,False,False,combo_SPY200d_GLD_50_50_v1,managed_futures_proxy_etf_trend_v1,-92.51114215266355,-1.8826322785961636,0.9800555461423232,0.01994445385767628,0.0,available_final_equity_window_contribution,2883.4187463792055,2974.4160290244854,2991.5713866335063,-124.28964710268383,-55.853384144094434,-34.51948987346941,False,False,False
combo_plus_managed_futures_80_20_v1,60,standard,deterministic_stratified_sample,1319,2022-08-31,2022-11-23,False,False,False,False,False,False,3011.9740968712895,-57.930928558292635,False,False,False,False,False,False,False,False,combo_SPY200d_GLD_50_50_v1,managed_futures_proxy_etf_trend_v1,39.95176174617367,-27.977664874885015,3.336515661733687,-2.3365156617337552,0.0,available_final_equity_window_contribution,3048.289645186328,3019.1416775618713,3019.1416775618713,-87.82606456981739,-9.67077027054438,-9.67077027054438,False,False,False
combo_plus_managed_futures_80_20_v1,60,standard,deterministic_stratified_sample,1319,2022-09-20,2022-12-13,False,False,False,False,False,False,3040.46211411033,-58.24430688708253,False,False,False,False,False,False,False,False,combo_SPY200d_GLD_50_50_v1,managed_futures_proxy_etf_trend_v1,93.1656971969551,-52.7035830866238,2.3025415069246282,-1.302541506924592,0.0,available_final_equity_window_contribution,3115.6696873094006,3030.705015879109,2972.0579034388666,-87.30232867916266,-9.661363668538343,-63.38751424667362,False,False,False
combo_plus_managed_futures_80_20_v1,60,standard,deterministic_stratified_sample,1319,2022-12-22,2023-03-21,False,False,False,False,False,False,3059.7050812172047,-134.48718685801077,False,False,False,False,False,False,False,False,combo_SPY200d_GLD_50_50_v1,managed_futures_proxy_etf_trend_v1,55.41069798099885,4.2943832362065475,0.9280734043291384,0.07192659567087355,0.0,available_final_equity_window_contribution,3068.7273437585022,3195.6297816118927,2894.276654938388,-172.78343275338693,-199.31842567841113,-282.93330147824327,False,False,False
combo_plus_managed_futures_80_20_v1,60,standard,deterministic_stratified_sample,1319,2023-02-08,2023-05-04,False,False,False,False,False,False,3065.9800386824977,-82.23455434900825,False,False,False,False,False,False,False,False,combo_SPY200d_GLD_50_50_v1,managed_futures_proxy_etf_trend_v1,59.776405521668906,6.203633160823115,0.9059771214945587,0.09402287850535515,0.0,available_final_equity_window_contribution,3074.1438319206227,3171.173299946051,2875.4626467825888,-105.37129879094437,-128.4880729683582,-256.3231626924562,False,False,False
combo_plus_managed_futures_80_20_v1,60,standard,deterministic_stratified_sample,1319,2023-07-19,2023-10-11,False,False,False,False,False,False,2889.7261682229046,-168.66332325425492,False,False,False,False,False,False,False,False,combo_SPY200d_GLD_50_50_v1,managed_futures_proxy_etf_trend_v1,-110.0527086324069,-0.2211231446892894,0.9979947813445396,0.0020052186554672534,0.0,available_final_equity_window_contribution,2863.074822154279,2856.839484121155,2885.7146287998794,-223.51385501486766,-239.6068443333611,-228.776058305275,True,True,True
combo_plus_managed_futures_80_20_v1,60,standard,deterministic_stratified_sample,1319,2023-07-31,2023-10-23,False,False,False,False,False,False,2920.0170286292173,-167.96967734127657,False,False,False,False,False,False,False,False,combo_SPY200d_GLD_50_50_v1,managed_futures_proxy_etf_trend_v1,-90.65736228715755,10.674390916374932,1.1334582941022635,-0.13345829410226465,0.0,available_final_equity_window_contribution,2887.072806442612,2755.0427225430453,2765.087351191845,-221.44838377248743,-244.95727745695467,-234.91264880815515,True,True,True
combo_plus_managed_futures_80_20_v1,60,standard,deterministic_stratified_sample,1319,2023-12-21,2024-03-19,False,False,False,False,False,False,3193.596637241619,-51.41490757220299,False,False,False,False,False,False,False,False,combo_SPY200d_GLD_50_50_v1,managed_futures_proxy_etf_trend_v1,179.29091151648066,14.305725725138972,0.9261055050905446,0.07389449490945776,0.0,available_final_equity_window_contribution,3224.7906755794006,3224.7906755794,3283.1329121565363,-66.65013488699151,-66.65013488699151,-59.720836151542244,False,False,False
combo_plus_managed_futures_80_20_v1,60,standard,deterministic_stratified_sample,1319,2024-05-23,2024-08-19,False,False,False,False,False,False,3161.476866319927,-182.65430029612799,False,False,False,False,False,False,False,False,combo_SPY200d_GLD_50_50_v1,managed_futures_proxy_etf_trend_v1,171.29356757513736,-9.816701255209958,1.0607932360773025,-0.06079323607730014,0.0,available_final_equity_window_contribution,3214.821397661564,3214.8213976615634,3202.231820795326,-185.60036270705723,-185.60036270705723,-271.6923307712618,True,True,True
combo_plus_managed_futures_80_20_v1,60,standard,deterministic_stratified_sample,1319,2024-05-31,2024-08-26,False,False,False,False,False,False,3167.6093064048077,-182.56687842599194,False,False,False,False,False,False,False,False,combo_SPY200d_GLD_50_50_v1,managed_futures_proxy_etf_trend_v1,179.23228421755238,-11.622977812744113,1.069345659033234,-0.06934565903323085,0.0,available_final_equity_window_contribution,3224.881366741162,3224.881366741162,3200.4047589466177,-185.5228432504009,-185.5228432504,-270.9659728393499,True,True,True
combo_plus_managed_futures_80_20_v1,60,standard,deterministic_stratified_sample,1319,2024-07-05,2024-09-27,False,False,False,False,False,False,3153.526279842727,-176.03445787153942,False,False,False,False,False,False,False,False,combo_SPY200d_GLD_50_50_v1,managed_futures_proxy_etf_trend_v1,169.73025984358566,-16.203980000859264,1.1055453178273977,-0.10554531782740185,0.0,available_final_equity_window_contribution,3214.3639335531034,3214.3639335531034,3100.5128011522793,-178.23300975066422,-178.23300975066377,-256.81484854787277,True,True,True
combo_plus_managed_futures_80_20_v1,60,standard,deterministic_stratified_sample,1319,2024-07-08,2024-09-30,False,False,False,False,False,False,3163.8029305616296,-176.91381781602104,False,False,False,False,False,False,False,False,combo_SPY200d_GLD_50_50_v1,managed_futures_proxy_etf_trend_v1,179.08256147120778,-15.279630909580119,1.0932805710935025,-0.09328057109351454,0.0,available_final_equity_window_contribution,3226.091767434985,3226.0917674349835,3109.3496112886237,-179.24108371063858,-179.24108371063858,-256.5188699256246,True,True,True
combo_plus_managed_futures_80_20_v1,60,standard,deterministic_stratified_sample,1319,2024-07-09,2024-10-01,False,False,False,False,False,False,3161.419927081326,-176.70118040468378,False,False,False,False,False,False,False,False,combo_SPY200d_GLD_50_50_v1,managed_futures_proxy_etf_trend_v1,177.60677602883152,-16.18684894750594,1.1002778853898894,-0.10027788538989203,0.0,available_final_equity_window_contribution,3224.262732117716,3224.262732117717,3078.5009232105035,-179.00226430795237,-179.00226430795283,-256.26962410958595,True,True,True
combo_plus_managed_futures_80_20_v1,60,standard,deterministic_stratified_sample,1319,2024-11-06,2025-02-04,False,False,False,False,False,False,3116.3780199846155,-99.54523912406785,False,False,False,False,False,False,False,False,combo_SPY200d_GLD_50_50_v1,managed_futures_proxy_etf_trend_v1,109.9117544846633,6.466265499951641,0.9444373989108334,0.05556260108916135,0.0,available_final_equity_window_contribution,3136.8201031725207,3136.8201031725184,3064.795166505362,-125.21146189721367,-125.21146189721458,-128.75464477100377,False,False,False
combo_plus_managed_futures_80_20_v1,60,standard,deterministic_stratified_sample,1319,2025-04-17,2025-07-15,False,False,False,False,False,False,3099.9225861008363,-81.66852145536768,False,False,False,False,False,False,False,False,combo_SPY200d_GLD_50_50_v1,managed_futures_proxy_etf_trend_v1,92.26446806491474,7.658118035923478,0.923359489233061,0.07664051076695849,0.0,available_final_equity_window_contribution,3114.7165115259704,2948.816948711954,3215.172261821299,-102.72608112207081,-229.85061795781303,-81.10354990269843,False,False,False
combo_plus_managed_futures_80_20_v1,60,standard,deterministic_stratified_sample,1319,2025-04-24,2025-07-21,False,False,False,False,False,False,3124.7743330358203,-81.28387623355957,False,False,False,False,False,False,False,False,combo_SPY200d_GLD_50_50_v1,managed_futures_proxy_etf_trend_v1,118.55280414536307,6.221528890456034,0.9501377507770677,0.04986224922292275,0.0,available_final_equity_window_contribution,3147.969665810831,2973.514862699034,3238.8381688348286,-102.2097991064411,-164.90376147668348,-80.83904803501218,False,False,False
combo_plus_managed_futures_80_20_v1,60,standard,deterministic_stratified_sample,1319,2025-04-25,2025-07-22,False,False,False,False,False,False,3147.869574272678,-81.6164497624477,False,False,False,False,False,False,False,False,combo_SPY200d_GLD_50_50_v1,managed_futures_proxy_etf_trend_v1,143.65866555804527,4.210908714629876,0.9715228184341169,0.0284771815658627,0.0,available_final_equity_window_contribution,3179.666664679452,3024.646342540545,3237.8887149114535,-102.74434113776579,-166.71119080618564,-80.80378562296755,False,False,False
combo_plus_managed_futures_80_20_v1,60,standard,deterministic_stratified_sample,1319,2025-04-28,2025-07-23,False,False,False,False,False,False,3125.0285549562486,-81.14885747048993,False,False,False,False,False,False,False,False,combo_SPY200d_GLD_50_50_v1,managed_futures_proxy_etf_trend_v1,120.83855541724706,4.189999539002861,0.966487659235382,0.03351234076462831,0.0,available_final_equity_window_contribution,3150.867440635194,2958.345932021709,3265.079762841986,-102.01235356452162,-164.37021322687224,-80.7949906050103,False,False,False
combo_plus_managed_futures_80_20_v1,60,standard,deterministic_stratified_sample,1319,2025-04-29,2025-07-24,False,False,False,False,False,False,3135.5296067646045,-81.61046167672157,False,False,False,False,False,False,False,False,combo_SPY200d_GLD_50_50_v1,managed_futures_proxy_etf_trend_v1,129.54513900114918,5.984467763456604,0.9558438343745105,0.04415616562549883,0.0,available_final_equity_window_contribution,3161.7851628138546,2976.0924200331756,3275.7729890301425,-102.66289188419069,-136.4826309947307,-81.03277032239157,False,False,False
combo_plus_managed_futures_80_20_v1,60,standard,deterministic_stratified_sample,1319,2025-04-30,2025-07-25,False,False,False,False,False,False,3133.069814525493,-81.70533985051634,False,False,False,False,False,False,False,False,combo_SPY200d_GLD_50_50_v1,managed_futures_proxy_etf_trend_v1,128.70658919962145,4.363225325870144,0.9672110061817553,0.03278899381823562,0.0,available_final_equity_window_contribution,3160.8403942974724,2988.1494676257157,3279.5988058047824,-102.89076645366913,-130.31555366367775,-80.78614842247907,False,False,False
combo_plus_managed_futures_80_20_v1,60,standard,deterministic_stratified_sample,1319,2025-05-01,2025-07-28,False,False,False,False,False,False,3152.2926542963487,-82.37792872319687,False,False,False,False,False,False,False,False,combo_SPY200d_GLD_50_50_v1,managed_futures_proxy_etf_trend_v1,146.1103097630154,6.182344533334036,0.9594048408841639,0.04059515911584096,0.0,available_final_equity_window_contribution,3182.8880107705127,3038.277546707383,3277.9875770861486,-103.95799321524055,-133.07992819835772,-80.76673186496191,False,False,False
combo_plus_managed_futures_80_20_v1,60,standard,deterministic_stratified_sample,1319,2025-05-08,2025-08-04,False,False,False,False,False,False,3135.9401884134786,-49.452323602431534,False,False,False,False,False,False,False,False,combo_SPY200d_GLD_50_50_v1,managed_futures_proxy_etf_trend_v1,129.77902087435714,6.161167539120814,0.9546773650159912,0.04532263498400395,0.0,available_final_equity_window_contribution,3162.292630430031,3072.6111305808645,3255.360275362524,-62.95192223124832,-83.56353607078017,-80.9424792190157,False,False,False
combo_plus_managed_futures_80_20_v1,60,standard,deterministic_stratified_sample,1319,2025-05-14,2025-08-08,False,False,False,False,False,False,3193.8699446468463,-50.02969912318986,False,False,False,False,False,False,False,False,combo_SPY200d_GLD_50_50_v1,managed_futures_proxy_etf_trend_v1,189.33002105902415,4.53992358782148,0.9765826332901054,0.023417366709891054,0.0,available_final_equity_window_contribution,3237.8891992821154,3151.457185262167,3262.8038385512164,-63.93024304153823,-79.22440995934312,-80.36233791967743,False,False,False
combo_plus_managed_futures_80_20_v1,60,standard,deterministic_stratified_sample,1319,2025-09-25,2025-12-18,False,False,False,False,False,False,3244.350536399169,-132.43221500036088,False,False,False,False,False,False,False,False,combo_SPY200d_GLD_50_50_v1,managed_futures_proxy_etf_trend_v1,220.85346268271016,23.497073716460147,0.903838665293232,0.09616133470677359,0.0,available_final_equity_window_contribution,3276.6188395996337,3276.618839599634,3083.9752140978435,-158.49286244811947,-158.49286244811992,-158.9242204314387,False,False,False
combo_plus_managed_futures_80_20_v1,60,standard,deterministic_stratified_sample,1319,2025-10-02,2025-12-26,False,False,False,False,False,False,3276.2494389142976,-129.82686295826852,True,False,True,False,False,False,False,False,combo_SPY200d_GLD_50_50_v1,managed_futures_proxy_etf_trend_v1,250.14457031927432,26.104868595019692,0.9055025461857249,0.09449745381426224,0.0,available_final_equity_window_contribution,3313.4211815948615,3313.42118159486,3103.687245245805,-154.92040447175623,-154.92040447175668,-156.2716207712033,False,False,False
combo_plus_managed_futures_80_20_v1,60,standard,deterministic_stratified_sample,1319,2025-10-03,2025-12-29,False,False,False,False,False,False,3199.9892531895557,-129.3951585385198,True,False,True,False,False,False,False,False,combo_SPY200d_GLD_50_50_v1,managed_futures_proxy_etf_trend_v1,178.21422105429673,21.775032135256833,0.8911189887057582,0.10888101129423097,0.0,available_final_equity_window_contribution,3222.4842679616168,3222.4842679616163,3092.672528448232,-154.3017954173647,-154.3017954173647,-156.2739285249113,False,False,False
combo_plus_managed_futures_80_20_v1,60,standard,deterministic_stratified_sample,1319,2025-10-06,2025-12-30,False,False,False,False,False,False,3165.0413684696696,-127.99312086875716,False,False,False,False,False,False,False,False,combo_SPY200d_GLD_50_50_v1,managed_futures_proxy_etf_trend_v1,149.03164619403645,16.009722275631567,0.9029957008713527,0.09700429912863785,0.0,available_final_equity_window_contribution,3185.955442453812,3185.9554424538114,3077.8581598371998,-152.59034459009263,-152.59034459009263,-155.7154971073969,False,False,False
combo_plus_managed_futures_80_20_v1,60,standard,deterministic_stratified_sample,1319,2026-02-26,2026-05-21,False,False,False,False,False,False,2915.767460940251,-300.03293646868906,False,False,False,False,False,False,False,False,combo_SPY200d_GLD_50_50_v1,managed_futures_proxy_etf_trend_v1,-108.43916032785941,24.206621268111828,1.2873785064337189,-0.28737850643373436,0.0,available_final_equity_window_contribution,2863.119248982482,2780.9958846390464,3117.5943863780453,-361.72291683665117,-368.2483640357582,-172.07934841021506,True,True,True
combo_plus_managed_futures_80_20_v1,60,standard,deterministic_stratified_sample,1319,2026-02-27,2026-05-22,False,False,False,False,False,False,2898.789114622848,-298.7180613344499,False,False,False,False,False,False,False,False,combo_SPY200d_GLD_50_50_v1,managed_futures_proxy_etf_trend_v1,-122.17767216136174,20.96678678421121,1.2071594049007597,-0.2071594049007736,0.0,available_final_equity_window_contribution,2846.011811401722,2764.3791427671435,3144.953265337564,-360.222684187313,-366.7210673313566,-160.1400475542482,True,True,True
combo_plus_managed_futures_80_20_v1,60,standard,deterministic_stratified_sample,1319,2026-03-02,2026-05-26,False,False,False,False,False,False,2888.5513103599037,-297.0765457653474,False,False,False,False,False,False,False,False,combo_SPY200d_GLD_50_50_v1,managed_futures_proxy_etf_trend_v1,-129.44667024398746,17.997980603892696,1.1614911818345504,-0.16149118183456415,0.0,available_final_equity_window_contribution,2836.9445046576725,2755.5719152131674,3164.032377426684,-357.80953165039455,-364.26438175096564,-160.04904706195612,True,True,True
combo_plus_managed_futures_80_20_v1,60,standard,deterministic_stratified_sample,1319,2026-03-03,2026-05-27,False,False,False,False,False,False,2943.0393314858497,-259.2153983569824,False,False,False,False,False,False,False,False,combo_SPY200d_GLD_50_50_v1,managed_futures_proxy_etf_trend_v1,-83.01256926912072,26.051900754971705,1.4573664852353094,-0.4573664852353313,0.0,available_final_equity_window_contribution,2895.159276950724,2812.116902722755,3191.616342428209,-309.6881884413365,-316.3202013377736,-155.96007796201047,True,True,True
combo_plus_managed_futures_80_20_v1,60,standard,deterministic_stratified_sample,1319,2026-03-04,2026-05-28,False,False,False,False,False,False,2937.607128518863,-257.12103509705366,False,False,False,False,False,False,False,False,combo_SPY200d_GLD_50_50_v1,managed_futures_proxy_etf_trend_v1,-81.369308419939,18.97643693880195,1.3041443114946125,-0.3041443114946085,0.0,available_final_equity_window_contribution,2896.7696608762176,2813.6810957164885,3186.7396371517007,-307.4021272311029,-313.9851838289346,-154.86744041602196,True,True,True
combo_plus_managed_futures_80_20_v1,60,standard,deterministic_stratified_sample,1319,2026-03-05,2026-05-29,False,False,False,False,False,False,2975.065575391487,-259.32682015005776,False,False,False,False,False,False,False,False,combo_SPY200d_GLD_50_50_v1,managed_futures_proxy_etf_trend_v1,-45.33215056072706,20.397725952214458,1.818054808662001,-0.8180548086620141,0.0,available_final_equity_window_contribution,2941.517586472296,2857.1455085148946,3212.5910087396296,-310.13023671770316,-316.7717161355604,-138.91532880024806,True,True,False
combo_plus_managed_futures_80_20_v1,90,standard,deterministic_stratified_sample,1289,2020-12-02,2021-04-13,False,False,False,False,False,False,2949.703876519549,-176.9181232762976,False,False,True,False,False,False,False,False,combo_SPY200d_GLD_50_50_v1,managed_futures_proxy_etf_trend_v1,-51.53589637474691,1.2397728942973973,1.0246494721363102,-0.02464947213634202,0.0,available_final_equity_window_contribution,3123.8457910306975,3379.9068204122946,3402.311329683693,-190.28627797031095,-130.06810438636467,-130.93029148366577,True,False,False
combo_plus_managed_futures_80_20_v1,90,standard,deterministic_stratified_sample,1289,2021-02-12,2021-06-22,False,False,False,False,False,False,2975.5829471160882,-94.55852238748048,False,False,False,False,False,False,False,False,combo_SPY200d_GLD_50_50_v1,managed_futures_proxy_etf_trend_v1,-25.924808140583544,1.5077552566744983,1.0617500917838134,-0.06175009178392484,0.0,available_final_equity_window_contribution,3086.608551309674,3126.872190991245,3254.0074149512307,-162.76881135850226,-151.7003536033044,-128.09225557887203,False,False,False
combo_plus_managed_futures_80_20_v1,90,standard,deterministic_stratified_sample,1289,2021-05-07,2021-09-14,False,False,False,False,False,False,2976.668990694612,-118.45454291709939,False,False,False,False,False,False,False,False,combo_SPY200d_GLD_50_50_v1,managed_futures_proxy_etf_trend_v1,-21.343173871296408,-1.9878354340945923,0.914798566659849,0.08520143334028586,0.0,available_final_equity_window_contribution,3060.0819122712905,3032.051200184288,3167.0362291467986,-137.41137102794664,-140.64525350928216,-118.75758579691137,False,False,False
combo_plus_managed_futures_80_20_v1,90,standard,deterministic_stratified_sample,1289,2021-10-08,2022-02-15,False,False,False,False,False,False,3038.7991762977263,-175.73335231049623,False,False,False,False,False,False,False,False,combo_SPY200d_GLD_50_50_v1,managed_futures_proxy_etf_trend_v1,51.78690294240735,-12.987726644684065,1.334742329193267,-0.33474232919334374,0.0,available_final_equity_window_contribution,3063.6667467389634,3025.7020597128994,2959.130894601163,-181.74536910385132,-240.67579625761573,-326.04796160553224,True,True,True
combo_plus_managed_futures_80_20_v1,90,standard,deterministic_stratified_sample,1289,2021-11-22,2022-03-31,False,False,False,False,False,False,3000.3540116920594,-134.01535137448263,False,False,False,False,False,False,False,False,combo_SPY200d_GLD_50_50_v1,managed_futures_proxy_etf_trend_v1,-16.364795542977586,16.718807235033196,-46.2267092021083,47.22670920209751,0.0,available_final_equity_window_contribution,2978.6306260737465,2713.726932778804,2750.8321534733877,-170.9602288131432,-331.9444062461903,-372.7468284045508,False,False,False
combo_plus_managed_futures_80_20_v1,90,standard,deterministic_stratified_sample,1289,2022-02-28,2022-07-07,False,False,False,False,False,False,2983.1605039658916,-167.94436126898563,False,False,False,False,False,False,False,False,combo_SPY200d_GLD_50_50_v1,managed_futures_proxy_etf_trend_v1,-129.60070961658332,112.76121358247431,7.69623445702159,-6.696234457021553,0.0,available_final_equity_window_contribution,2845.03480085217,2657.287766537315,2958.074605443341,-269.90850518778325,-454.7484926215343,-157.85391395066745,True,True,False
combo_plus_managed_futures_80_20_v1,90,standard,deterministic_stratified_sample,1289,2022-03-15,2022-07-22,False,False,False,False,False,False,2938.809972768235,-168.7470802600019,False,False,False,False,False,False,False,False,combo_SPY200d_GLD_50_50_v1,managed_futures_proxy_etf_trend_v1,-139.95871666798732,78.76868943622242,2.287279855880376,-1.2872798558803746,0.0,available_final_equity_window_contribution,2830.904934152048,2751.30967280814,2967.364428601374,-258.5288302478684,-329.0706044402941,-157.83314790406303,True,True,False
combo_plus_managed_futures_80_20_v1,90,standard,deterministic_stratified_sample,1289,2022-06-21,2022-10-26,False,False,False,False,False,False,2893.7931383976693,-119.91908848098501,False,False,False,False,False,False,False,False,combo_SPY200d_GLD_50_50_v1,managed_futures_proxy_etf_trend_v1,-113.30247379890001,7.095612196570691,1.0668093576019346,-0.0668093576019478,0.0,available_final_equity_window_contribution,2857.23274615257,2973.635357481302,2990.786212458757,-187.4740654018292,-55.853384144094434,-34.51948987346941,False,False,False
combo_plus_managed_futures_80_20_v1,90,standard,deterministic_stratified_sample,1289,2022-08-17,2022-12-22,False,False,False,False,False,False,2990.452539136408,-57.667336786847954,False,False,False,False,False,False,False,False,combo_SPY200d_GLD_50_50_v1,managed_futures_proxy_etf_trend_v1,3.8041471812032324,-13.351608044792773,-0.39844595705125363,1.3984459570510146,0.0,available_final_equity_window_contribution,3002.38045943379,3041.6627753707553,2953.863972664536,-119.34158270239777,-9.681347196198203,-86.6914964304492,False,False,False
combo_plus_managed_futures_80_20_v1,90,standard,deterministic_stratified_sample,1289,2022-09-20,2023-01-27,False,False,False,False,False,False,3121.920840315709,-58.24430688708253,False,False,False,False,False,False,False,False,combo_SPY200d_GLD_50_50_v1,managed_futures_proxy_etf_trend_v1,173.39523478877481,-51.474394473064656,1.42219520747868,-0.42219520747867073,0.0,available_final_equity_window_contribution,3218.5078796576504,3179.461438913277,2979.8269735416898,-87.30232867916266,-38.14207477519676,-115.99930643492598,False,False,False
combo_plus_managed_futures_80_20_v1,90,standard,deterministic_stratified_sample,1289,2022-12-22,2023-05-03,False,False,False,False,False,False,3151.398093968281,-134.48718685801077,False,False,True,False,False,False,False,False,combo_SPY200d_GLD_50_50_v1,managed_futures_proxy_etf_trend_v1,144.28695096150162,7.111143006778371,0.9530301682115677,0.04696983178842532,0.0,available_final_equity_window_contribution,3180.2898825945376,3297.731985499008,2960.3736468633183,-172.78343275338693,-199.31842567841113,-282.93330147824327,False,False,False
combo_plus_managed_futures_80_20_v1,90,standard,deterministic_stratified_sample,1289,2023-01-20,2023-05-30,False,False,False,False,False,False,3070.4003035820115,-131.35001764398112,False,False,False,False,False,False,False,False,combo_SPY200d_GLD_50_50_v1,managed_futures_proxy_etf_trend_v1,60.98134403884008,9.418959543169697,0.866208537975991,0.1337914620239849,0.0,available_final_equity_window_contribution,3075.3633712769742,3134.5689757938912,3090.491518987955,-167.74898997267064,-190.21204228144734,-286.82111102074896,False,False,False
combo_plus_managed_futures_80_20_v1,90,standard,deterministic_stratified_sample,1289,2023-06-27,2023-11-01,False,False,False,False,False,False,2998.983341847918,-173.9701695220965,False,False,False,False,False,False,False,False,combo_SPY200d_GLD_50_50_v1,managed_futures_proxy_etf_trend_v1,-10.586644461136693,9.569986309053405,10.41318012298991,-9.413180122988715,0.0,available_final_equity_window_contribution,2986.5982310294585,2874.4159137277884,2874.1147281772573,-232.15724059944296,-323.0687631623068,-275.46917922818875,True,True,True
combo_plus_managed_futures_80_20_v1,90,standard,deterministic_stratified_sample,1289,2023-07-13,2023-11-16,False,False,False,False,False,False,2985.3699570102926,-170.14001665137812,False,False,False,False,False,False,False,False,combo_SPY200d_GLD_50_50_v1,managed_futures_proxy_etf_trend_v1,0.6736610186004732,-15.303704008308403,-0.046046414154381654,1.0460464141544203,0.0,available_final_equity_window_contribution,3000.4692384639397,2979.859578810719,2967.489896176671,-225.9358261326547,-314.4110763647036,-267.26443987306584,True,True,True
combo_plus_managed_futures_80_20_v1,90,standard,deterministic_stratified_sample,1289,2023-11-28,2024-04-08,True,False,False,False,False,False,3364.9625667306736,-52.117677955603995,True,True,True,True,False,False,False,False,combo_SPY200d_GLD_50_50_v1,managed_futures_proxy_etf_trend_v1,348.6292743808954,16.333292349776773,0.9552466640727254,0.04475333592727066,0.0,available_final_equity_window_contribution,3441.1352219301043,3430.2025524375026,3445.197767561372,-68.11912943286916,-67.90271133820625,-67.08153765947736,False,False,False
combo_plus_managed_futures_80_20_v1,90,standard,deterministic_stratified_sample,1289,2024-04-29,2024-09-05,False,False,False,False,False,False,3177.254153471555,-184.77677532007283,False,False,False,False,False,False,False,False,combo_SPY200d_GLD_50_50_v1,managed_futures_proxy_etf_trend_v1,189.80573168862477,-12.551578217067242,1.070811193821102,-0.07081119382108841,0.0,available_final_equity_window_contribution,3237.8839419912697,3237.883941991269,3243.047842274043,-188.30532078174247,-188.30532078174247,-280.1617473984852,True,True,True
combo_plus_managed_futures_80_20_v1,90,standard,deterministic_stratified_sample,1289,2024-05-02,2024-09-10,False,False,False,False,False,False,3216.093364591264,-186.99118312363726,True,False,True,False,False,False,False,False,combo_SPY200d_GLD_50_50_v1,managed_futures_proxy_etf_trend_v1,220.70726637874802,-4.613901787482286,1.0213514274082915,-0.02135142740828428,0.0,available_final_equity_window_contribution,3276.550331443088,3276.5503314430857,3270.461641764329,-190.582334410999,-190.582334410999,-282.9521373459338,True,True,True
combo_plus_managed_futures_80_20_v1,90,standard,deterministic_stratified_sample,1289,2024-07-05,2024-11-08,False,False,False,False,False,False,3231.161771602783,-176.03445787153942,True,False,True,False,False,False,False,False,combo_SPY200d_GLD_50_50_v1,managed_futures_proxy_etf_trend_v1,245.2629386435161,-14.101167040734108,1.0610012933495063,-0.061001293349511314,0.0,available_final_equity_window_contribution,3310.5245404170964,3310.5245404170964,3245.4828633133666,-178.23300975066422,-178.23300975066377,-256.81484854787277,True,True,True
combo_plus_managed_futures_80_20_v1,90,standard,deterministic_stratified_sample,1289,2024-07-08,2024-11-11,False,False,False,False,False,False,3217.9815140728147,-176.91381781602104,True,False,True,False,False,False,False,False,combo_SPY200d_GLD_50_50_v1,managed_futures_proxy_etf_trend_v1,230.8032560727135,-12.82174199990174,1.0588203181101672,-0.05882031811018047,0.0,available_final_equity_window_contribution,3291.763245665946,3291.7632456659453,3244.8309299107445,-179.24108371063858,-179.24108371063858,-256.5188699256246,True,True,True
combo_plus_managed_futures_80_20_v1,90,standard,deterministic_stratified_sample,1289,2024-07-09,2024-11-12,False,False,False,False,False,False,3200.9858033209384,-176.70118040468378,True,False,True,False,False,False,False,False,combo_SPY200d_GLD_50_50_v1,managed_futures_proxy_etf_trend_v1,212.23716894043378,-11.251365619495447,1.0559808973250162,-0.05598089732501666,0.0,available_final_equity_window_contribution,3268.084203614469,3268.084203614469,3231.6083327091906,-179.00226430795237,-179.00226430795283,-256.26962410958595,True,True,True
combo_plus_managed_futures_80_20_v1,90,standard,deterministic_stratified_sample,1289,2024-10-07,2025-02-14,False,False,False,False,False,False,3214.984378913357,-101.53824037637241,False,False,False,False,False,False,False,False,combo_SPY200d_GLD_50_50_v1,managed_futures_proxy_etf_trend_v1,205.1450624992143,9.839316414140788,0.9542324123088585,0.0457675876911328,0.0,available_final_equity_window_contribution,3256.7080758290285,3256.708075829029,3232.222974427229,-128.21913637862008,-128.21913637862008,-134.02454979764389,False,False,False
combo_plus_managed_futures_80_20_v1,90,standard,deterministic_stratified_sample,1289,2025-02-07,2025-06-17,False,False,False,False,False,False,3159.783589779847,-125.98176158622027,False,False,True,False,False,False,False,False,combo_SPY200d_GLD_50_50_v1,managed_futures_proxy_etf_trend_v1,150.89950439188442,8.884085387959082,0.9443992627765901,0.05560073722338923,0.0,available_final_equity_window_contribution,3187.739387565979,3203.505267661777,2849.69394336103,-159.16463838082336,-247.2907070786082,-298.8760870692163,False,False,False
combo_plus_managed_futures_80_20_v1,90,standard,deterministic_stratified_sample,1289,2025-03-13,2025-07-22,False,False,False,False,False,False,3276.4779007532525,-84.95094465480997,True,False,True,False,False,False,False,False,combo_SPY200d_GLD_50_50_v1,managed_futures_proxy_etf_trend_v1,268.95535644608145,7.522544307172965,0.9727915168385026,0.02720848316150444,0.0,available_final_equity_window_contribution,3338.052375703143,3309.5032253680406,3215.9702083892507,-107.86224727098897,-252.64479354227433,-80.2567939076439,False,False,False
combo_plus_managed_futures_80_20_v1,90,standard,deterministic_stratified_sample,1289,2025-04-24,2025-09-02,False,False,False,False,False,False,3199.986521195541,-81.28387623355957,False,False,False,False,False,False,False,False,combo_SPY200d_GLD_50_50_v1,managed_futures_proxy_etf_trend_v1,192.50301144271717,7.483509752822189,0.9625799293468041,0.037420070653186796,0.0,available_final_equity_window_contribution,3241.090241586086,3055.911679928628,3298.0753892183748,-102.2097991064411,-164.90376147668348,-80.83904803501218,False,False,False
combo_plus_managed_futures_80_20_v1,90,standard,deterministic_stratified_sample,1289,2025-04-25,2025-09-03,False,False,False,False,False,False,3231.0594057060507,-81.6164497624477,False,False,False,False,False,False,False,False,combo_SPY200d_GLD_50_50_v1,managed_futures_proxy_etf_trend_v1,222.85950606866535,8.199899637381014,0.9645117254052964,0.03548827459468483,0.0,available_final_equity_window_contribution,3279.6278650629647,3108.331188185391,3314.50338828097,-102.74434113776579,-166.71119080618564,-80.80378562296755,False,False,False
combo_plus_managed_futures_80_20_v1,90,standard,deterministic_stratified_sample,1289,2025-04-28,2025-09-04,False,False,False,False,False,False,3219.6472009059958,-81.14885747048993,False,False,False,False,False,False,False,False,combo_SPY200d_GLD_50_50_v1,managed_futures_proxy_etf_trend_v1,209.5211193204012,10.12608158559628,0.9538984264592185,0.046101573540789274,0.0,available_final_equity_window_contribution,3262.6748207866044,3070.718593223263,3341.839788960628,-102.01235356452162,-164.37021322687224,-80.7949906050103,False,False,False
combo_plus_managed_futures_80_20_v1,90,standard,deterministic_stratified_sample,1289,2025-04-29,2025-09-05,False,False,False,False,False,False,3252.711184797859,-81.61046167672157,True,False,False,False,False,False,False,False,combo_SPY200d_GLD_50_50_v1,managed_futures_proxy_etf_trend_v1,239.5418191079774,13.169365689882232,0.9478876817406573,0.052112318259345224,0.0,available_final_equity_window_contribution,3300.636922577944,3117.1201797198655,3341.9678779613023,-102.66289188419069,-136.4826309947307,-81.03277032239157,False,False,False
combo_plus_managed_futures_80_20_v1,90,standard,deterministic_stratified_sample,1289,2025-04-30,2025-09-08,False,False,False,False,False,False,3277.279275199225,-81.70533985051634,True,False,False,False,False,False,False,False,combo_SPY200d_GLD_50_50_v1,managed_futures_proxy_etf_trend_v1,263.17601456799093,14.103260631233265,0.9491369824841722,0.05086301751582434,0.0,available_final_equity_window_contribution,3330.8621884176746,3162.3596049742996,3339.9819856703007,-102.89076645366913,-130.31555366367775,-80.78614842247907,False,False,False
combo_plus_managed_futures_80_20_v1,90,standard,deterministic_stratified_sample,1289,2025-05-01,2025-09-09,True,False,False,False,False,False,3304.721652559659,-82.37792872319687,True,False,False,False,False,False,True,False,combo_SPY200d_GLD_50_50_v1,managed_futures_proxy_etf_trend_v1,290.2388101348126,14.482842424847131,0.9524718958984674,0.04752810410153459,0.0,available_final_equity_window_contribution,3365.481686017585,3229.5100492722345,3346.8985198265445,-103.95799321524055,-133.07992819835772,-80.76673186496191,False,False,False
combo_plus_managed_futures_80_20_v1,90,standard,deterministic_stratified_sample,1289,2025-05-08,2025-09-16,True,False,False,False,False,False,3325.2701342359424,-49.452323602431534,True,False,False,False,False,False,True,False,combo_SPY200d_GLD_50_50_v1,managed_futures_proxy_etf_trend_v1,302.33818348859074,22.93195074735004,0.9294987509344544,0.07050124906554074,0.0,available_final_equity_window_contribution,3380.703001784535,3260.4067755766587,3404.055992662058,-62.95192223124832,-83.56353607078017,-80.9424792190157,False,False,False
combo_plus_managed_futures_80_20_v1,90,standard,deterministic_stratified_sample,1289,2025-08-15,2025-12-22,True,True,False,False,False,False,3510.1778116166856,-140.81580561278906,True,True,True,True,False,False,False,False,combo_SPY200d_GLD_50_50_v1,managed_futures_proxy_etf_trend_v1,463.40861241726884,46.76919919941231,0.9083276494302811,0.09167235056971008,0.0,available_final_equity_window_contribution,3584.659659534046,3603.4811967500673,3211.2918095102204,-170.0220915355012,-170.91480588702098,-162.9833701839948,False,False,False
combo_plus_managed_futures_80_20_v1,90,standard,deterministic_stratified_sample,1289,2025-10-02,2026-02-10,True,True,False,False,False,False,3463.9620802146737,-213.08933011379986,True,True,True,True,False,False,False,False,combo_SPY200d_GLD_50_50_v1,managed_futures_proxy_etf_trend_v1,404.187448523074,59.77463169159528,0.8711648338503393,0.12883516614965118,0.0,available_final_equity_window_contribution,3506.774774070241,3506.774774070241,3111.825070780154,-252.05420585426737,-252.05420585426737,-156.2716207712033,True,True,False
combo_plus_managed_futures_80_20_v1,90,standard,deterministic_stratified_sample,1289,2025-10-03,2026-02-11,True,True,False,False,False,False,3468.4739481054726,-212.38075868632086,True,True,True,True,False,False,False,False,combo_SPY200d_GLD_50_50_v1,managed_futures_proxy_etf_trend_v1,408.55418706338116,59.91976104208894,0.8720958523213311,0.1279041476786636,0.0,available_final_equity_window_contribution,3512.121069631771,3512.121069631769,3111.1519996771344,-251.04773408271194,-251.04773408271194,-156.2739285249113,True,True,False
combo_plus_managed_futures_80_20_v1,90,standard,deterministic_stratified_sample,1289,2025-10-06,2026-02-12,True,True,False,False,False,False,3352.1578134960223,-210.0795456627866,True,True,True,True,False,False,False,False,combo_SPY200d_GLD_50_50_v1,managed_futures_proxy_etf_trend_v1,308.63970997283855,43.51810352318152,0.8764244271874567,0.12357557281253698,0.0,available_final_equity_window_contribution,3386.0292830291783,3386.0292830291787,3052.142521979451,-248.26321786228482,-248.26321786228482,-155.7154971073969,True,True,False
combo_plus_managed_futures_80_20_v1,90,standard,deterministic_stratified_sample,1289,2026-01-13,2026-05-21,False,False,False,False,False,False,3096.756603666467,-320.3774361822216,False,False,False,False,False,False,False,False,combo_SPY200d_GLD_50_50_v1,managed_futures_proxy_etf_trend_v1,40.79824261590963,55.95836105055738,0.42165848190110744,0.5783415180988919,0.0,available_final_equity_window_contribution,3048.330488854325,2960.8946772078625,3097.5072763897274,-412.7041787303665,-419.6517481190731,-197.73747913717898,True,True,True
combo_plus_managed_futures_80_20_v1,90,standard,deterministic_stratified_sample,1289,2026-01-14,2026-05-22,False,False,False,False,False,False,3082.8012651665704,-319.3957923802932,False,False,False,False,False,False,False,False,combo_SPY200d_GLD_50_50_v1,managed_futures_proxy_etf_trend_v1,29.791627444345945,53.009637722223,0.3597967662017538,0.6402032337982289,0.0,available_final_equity_window_contribution,3034.683515001432,2947.6391419603624,3125.045635655995,-411.6119685301737,-418.541151368554,-198.71420662589708,True,True,True
combo_plus_managed_futures_80_20_v1,90,standard,deterministic_stratified_sample,1289,2026-01-15,2026-05-26,False,False,False,False,False,False,3094.681451426352,-319.9948823595432,False,False,False,False,False,False,False,False,combo_SPY200d_GLD_50_50_v1,managed_futures_proxy_etf_trend_v1,42.67942209381261,52.00202933253753,0.4507685660798181,0.5492314339201629,0.0,available_final_equity_window_contribution,3050.6093449786326,2963.108168492111,3137.248191020821,-412.3138186850415,-419.25481665130883,-198.17453487948887,True,True,True
combo_plus_managed_futures_80_20_v1,90,standard,deterministic_stratified_sample,1289,2026-01-16,2026-05-27,False,False,False,False,False,False,3083.9664244767355,-321.10579867061506,False,False,False,False,False,False,False,False,combo_SPY200d_GLD_50_50_v1,managed_futures_proxy_etf_trend_v1,32.891825349034114,51.0745991277015,0.3917259256186076,0.6082740743813939,0.0,available_final_equity_window_contribution,3038.638990676575,2951.481162015336,3139.335175682454,-413.48330614811584,-420.4439915702369,-198.34071940961576,True,True,True
combo_plus_managed_futures_80_20_v1,90,standard,deterministic_stratified_sample,1289,2026-01-20,2026-05-28,False,False,False,False,False,False,3081.1519993554543,-318.80916251460394,False,False,False,False,False,False,False,False,combo_SPY200d_GLD_50_50_v1,managed_futures_proxy_etf_trend_v1,31.420398655326643,49.73160070012956,0.3871796000700115,0.6128203999300115,0.0,available_final_equity_window_contribution,3036.4020103182756,2949.3083453669733,3222.248103471704,-409.9008974952576,-416.8012757192,-202.46219901202176,True,True,True
combo_plus_managed_futures_80_20_v1,90,standard,deterministic_stratified_sample,1289,2026-01-21,2026-05-29,False,False,False,False,False,False,3059.685971037034,-315.2837038829334,False,False,False,False,False,False,False,False,combo_SPY200d_GLD_50_50_v1,managed_futures_proxy_etf_trend_v1,15.968688714426968,43.7172823226075,0.2675450937125357,0.7324549062874713,0.0,available_final_equity_window_contribution,3016.799706426428,2930.268297883078,3193.4204703525243,-404.61858990477504,-411.4300443900984,-200.1522263156362,True,True,True
combo_plus_managed_futures_80_20_v1,180,standard,deterministic_stratified_sample,1199,2020-12-02,2021-08-19,False,False,False,False,False,False,2974.230053583822,-176.9181232762976,True,False,True,True,False,False,False,False,combo_SPY200d_GLD_50_50_v1,managed_futures_proxy_etf_trend_v1,-26.91225318763609,1.1423067714605066,1.0443270914502611,-0.04432709145034892,0.0,available_final_equity_window_contribution,3263.664995839427,3439.7843908844343,3636.6719954504715,-190.28627797031095,-162.00994423662587,-137.7042285340085,True,False,False
combo_plus_managed_futures_80_20_v1,180,standard,deterministic_stratified_sample,1199,2021-02-12,2021-10-28,False,False,False,False,False,False,3044.2574718584497,-140.63156705216352,False,False,True,False,False,False,False,False,combo_SPY200d_GLD_50_50_v1,managed_futures_proxy_etf_trend_v1,30.72490210727055,13.532569751178094,0.6942308454838804,0.30576915451609665,0.0,available_final_equity_window_contribution,3239.1387022848135,3374.967295712079,3536.089652681517,-162.76881135850226,-168.24480015955214,-178.24561913239995,False,False,False
combo_plus_managed_futures_80_20_v1,180,standard,deterministic_stratified_sample,1199,2021-04-27,2022-01-10,False,False,False,False,False,False,3070.082481599533,-142.00635137606378,False,False,False,False,False,False,False,False,combo_SPY200d_GLD_50_50_v1,managed_futures_proxy_etf_trend_v1,87.14346869239,-17.060987092857474,1.2434415377918182,-0.2434415377918236,0.0,available_final_equity_window_contribution,3208.854463493724,3138.298961490243,3378.3429863103183,-149.9534585610363,-157.702600670445,-167.07676949680308,False,False,False
combo_plus_managed_futures_80_20_v1,180,standard,deterministic_stratified_sample,1199,2021-09-17,2022-06-03,False,False,False,False,False,False,3119.8480139765193,-175.78046282683545,False,False,False,False,False,False,False,False,combo_SPY200d_GLD_50_50_v1,managed_futures_proxy_etf_trend_v1,-2.089076362116886,121.93709033863645,-0.01743104698027103,1.0174310469802734,0.0,available_final_equity_window_contribution,3000.305598293574,2698.8053560842213,2828.109036006156,-224.9718940800767,-586.6655557645936,-431.348421654342,True,True,True
combo_plus_managed_futures_80_20_v1,180,standard,deterministic_stratified_sample,1199,2021-10-27,2022-07-15,False,False,False,False,False,False,2935.6702154038653,-173.090713170227,False,False,False,False,False,False,False,False,combo_SPY200d_GLD_50_50_v1,managed_futures_proxy_etf_trend_v1,-162.88254899830295,98.55276440216586,2.53199276230889,-1.5319927623088527,0.0,available_final_equity_window_contribution,2802.9520520312044,2529.963287813009,2751.57716629965,-301.6943095091142,-574.390338144055,-419.4325307289223,True,True,True
combo_plus_managed_futures_80_20_v1,180,standard,deterministic_stratified_sample,1199,2022-02-09,2022-10-26,False,False,False,False,False,False,2947.6687059142664,-188.69888037467445,False,False,False,False,False,False,False,False,combo_SPY200d_GLD_50_50_v1,managed_futures_proxy_etf_trend_v1,-207.67096561357855,155.33967152784513,3.9683896460376893,-2.968389646037693,0.0,available_final_equity_window_contribution,2751.281139775057,2550.608552152688,2772.64826227601,-369.75017900215835,-464.4303703012247,-238.96180074346603,True,True,True
combo_plus_managed_futures_80_20_v1,180,standard,deterministic_stratified_sample,1199,2022-02-28,2022-11-11,False,False,False,False,False,False,3011.5098341988,-189.7734845660907,False,False,False,False,False,False,False,False,combo_SPY200d_GLD_50_50_v1,managed_futures_proxy_etf_trend_v1,-106.37053207064025,117.88036626944111,-9.241708458470233,10.241708458470304,0.0,available_final_equity_window_contribution,2870.6867775823343,2685.25698459724,2962.0382627089716,-373.3780307912425,-455.0399642396492,-176.66237521543462,True,True,True
combo_plus_managed_futures_80_20_v1,180,standard,deterministic_stratified_sample,1199,2022-06-21,2023-03-08,False,False,False,False,False,False,2915.883092457726,-129.96189898395414,False,False,False,False,False,False,False,False,combo_SPY200d_GLD_50_50_v1,managed_futures_proxy_etf_trend_v1,-41.1484099217038,-42.968497620569764,0.489181201781867,0.5108187982181276,0.0,available_final_equity_window_contribution,2945.049509119881,2987.3527510754193,2914.001657196393,-187.4740654018292,-199.40627343072674,-160.996781595039,False,False,False
combo_plus_managed_futures_80_20_v1,180,standard,deterministic_stratified_sample,1199,2022-07-06,2023-03-22,False,False,False,False,False,False,3063.667879599385,-134.656888471618,False,False,True,False,False,False,False,False,combo_SPY200d_GLD_50_50_v1,managed_futures_proxy_etf_trend_v1,68.01500893022941,-4.347129330846197,1.068278217496764,-0.06827821749678939,0.0,available_final_equity_window_contribution,3082.0033039611167,3299.3755868937433,2782.0605671384437,-173.53317708691839,-202.34523930185833,-276.679915995946,False,False,False
combo_plus_managed_futures_80_20_v1,180,standard,deterministic_stratified_sample,1199,2022-09-20,2023-06-07,False,False,False,False,False,False,3172.059619943222,-135.40046478503382,True,False,True,False,False,False,False,False,combo_SPY200d_GLD_50_50_v1,managed_futures_proxy_etf_trend_v1,213.6051923517614,-41.54557240853911,1.241460328822352,-0.2414603288223508,0.0,available_final_equity_window_contribution,3269.247552605481,3331.4814997972444,3043.976067840533,-177.89084218030257,-201.6693465055223,-278.28529664982807,False,False,False
combo_plus_managed_futures_80_20_v1,180,standard,deterministic_stratified_sample,1199,2022-11-25,2023-08-15,False,False,False,False,False,False,3174.5550998028148,-134.05495561537782,True,False,True,True,False,False,False,False,combo_SPY200d_GLD_50_50_v1,managed_futures_proxy_etf_trend_v1,168.24998053490484,6.305119267909394,0.9638789168862297,0.03612108311376716,0.0,available_final_equity_window_contribution,3210.2497363123134,3349.975309766463,3155.279665801361,-172.78291661665935,-200.58584813259586,-276.79016776011713,False,False,False
combo_plus_managed_futures_80_20_v1,180,standard,deterministic_stratified_sample,1199,2022-12-22,2023-09-12,False,False,False,False,False,False,3210.816402647666,-134.48718685801077,True,False,True,True,False,False,False,False,combo_SPY200d_GLD_50_50_v1,managed_futures_proxy_etf_trend_v1,184.08602059740304,26.730382050264495,0.8732053971391538,0.12679460286085295,0.0,available_final_equity_window_contribution,3229.8470716125503,3349.119227973518,3247.883585434801,-172.78343275338693,-199.31842567841113,-282.93330147824327,False,False,False
combo_plus_managed_futures_80_20_v1,180,standard,deterministic_stratified_sample,1199,2023-04-21,2024-01-08,False,False,False,False,False,False,3176.9143306313536,-176.07333904837878,False,False,False,False,False,False,False,False,combo_SPY200d_GLD_50_50_v1,managed_futures_proxy_etf_trend_v1,199.3381578129796,-22.423827181624112,1.1267496369661079,-0.12674963696609698,0.0,available_final_equity_window_contribution,3250.371126875127,3186.3636631555696,3438.1880627352903,-235.16980076511754,-327.26102563132645,-292.5708178001569,True,True,True
combo_plus_managed_futures_80_20_v1,180,standard,deterministic_stratified_sample,1199,2023-05-19,2024-02-06,False,False,False,False,False,False,3216.958825740772,-175.03072693330978,True,False,False,False,False,False,False,False,combo_SPY200d_GLD_50_50_v1,managed_futures_proxy_etf_trend_v1,238.30347405182889,-21.34464831105589,1.0983811017513516,-0.098381101751348,0.0,available_final_equity_window_contribution,3300.5316663398244,3235.536423445333,3523.703151243272,-233.61321012896406,-325.0948825023265,-288.08396200934067,True,True,True
combo_plus_managed_futures_80_20_v1,180,standard,deterministic_stratified_sample,1199,2023-09-13,2024-05-30,True,True,False,False,False,False,3454.674167334894,-130.35739712577106,True,True,True,True,False,False,False,False,combo_SPY200d_GLD_50_50_v1,managed_futures_proxy_etf_trend_v1,458.912787307857,-4.238619972957543,1.0093223241553577,-0.009322324155345193,0.0,available_final_equity_window_contribution,3588.2102257033393,3517.5499143497063,3492.9590022259035,-160.5701992737686,-250.5611029923557,-219.1696171770359,False,False,False
combo_plus_managed_futures_80_20_v1,180,standard,deterministic_stratified_sample,1199,2024-02-06,2024-10-22,True,True,True,False,False,False,3667.34238671256,-199.98180084160504,True,True,True,True,False,False,False,False,combo_SPY200d_GLD_50_50_v1,managed_futures_proxy_etf_trend_v1,638.1130023783645,29.22938433419634,0.9562003179834206,0.043799682016580986,0.0,available_final_equity_window_contribution,3810.133590647037,3810.1335906470395,3575.97884469798,-205.3670176162973,-205.36701761629774,-290.1804038210871,True,True,True
combo_plus_managed_futures_80_20_v1,180,standard,deterministic_stratified_sample,1199,2024-02-09,2024-10-25,True,True,True,False,False,False,3639.1469365620846,-199.31344085846013,True,True,True,True,False,False,False,False,combo_SPY200d_GLD_50_50_v1,managed_futures_proxy_etf_trend_v1,610.3932286619182,28.753707900167832,0.9550123668669522,0.04498763313304998,0.0,available_final_equity_window_contribution,3773.6189560688154,3773.6189560688154,3498.6045578105045,-204.39371573743074,-204.39371573743074,-286.0002062131225,True,True,True
combo_plus_managed_futures_80_20_v1,180,standard,deterministic_stratified_sample,1199,2024-07-01,2025-03-19,True,True,False,False,False,False,3385.0560029037565,-178.97415237080304,True,True,True,True,False,False,False,False,combo_SPY200d_GLD_50_50_v1,managed_futures_proxy_etf_trend_v1,389.65994935989215,-4.603946456134932,1.0119565632568164,-0.01195656325681455,0.0,available_final_equity_window_contribution,3494.3692509627995,3515.4933491805855,3103.6629709049535,-185.86302159501565,-185.8630215950161,-290.22522535516146,True,True,True
combo_plus_managed_futures_80_20_v1,180,standard,deterministic_stratified_sample,1199,2024-07-05,2025-03-24,True,False,False,False,False,False,3312.213659764192,-176.03445787153942,True,True,True,True,False,False,False,False,combo_SPY200d_GLD_50_50_v1,managed_futures_proxy_etf_trend_v1,316.21465570312904,-4.000995938941372,1.012814929180097,-0.012814929180110938,0.0,available_final_equity_window_contribution,3399.982673185193,3445.8679077235165,3053.286831972081,-182.0454171185147,-182.0454171185147,-285.35880086648194,True,True,True
combo_plus_managed_futures_80_20_v1,180,standard,deterministic_stratified_sample,1199,2024-07-08,2025-03-25,True,True,False,False,False,False,3336.5602986956105,-176.91381781602104,True,True,True,True,False,False,False,False,combo_SPY200d_GLD_50_50_v1,managed_futures_proxy_etf_trend_v1,339.0878260853437,-2.5275273897408694,1.0075098798032,-0.007509879803223011,0.0,available_final_equity_window_contribution,3429.1355405891654,3477.146892990737,3054.0491097476597,-183.0750537990989,-183.07505379909935,-285.0299253937269,True,True,True
combo_plus_managed_futures_80_20_v1,180,standard,deterministic_stratified_sample,1199,2024-07-09,2025-03-26,True,True,False,False,False,False,3315.6078008995723,-176.70118040468378,True,True,True,True,False,False,False,False,combo_SPY200d_GLD_50_50_v1,managed_futures_proxy_etf_trend_v1,318.4671558693932,-2.8593549698242597,1.0090598361690393,-0.009059836169049946,0.0,available_final_equity_window_contribution,3402.710636799493,3450.352013925078,3014.657128173488,-182.83112604498092,-182.83112604498092,-314.9058122687816,True,True,True
combo_plus_managed_futures_80_20_v1,180,standard,deterministic_stratified_sample,1199,2024-07-10,2025-03-27,True,False,False,False,False,False,3312.500357221177,-175.64099540102552,True,True,True,True,False,False,False,False,combo_SPY200d_GLD_50_50_v1,managed_futures_proxy_etf_trend_v1,317.029449063361,-4.529091842184503,1.014493077327839,-0.014493077327841148,0.0,available_final_equity_window_contribution,3401.1365304424294,3445.544539418328,2982.7853847701554,-181.60029219534454,-181.60029219534454,-314.1540728528039,True,True,True
combo_plus_managed_futures_80_20_v1,180,standard,deterministic_stratified_sample,1199,2024-10-23,2025-07-15,True,False,False,False,False,False,3330.0621051316807,-131.1811669848471,True,True,True,True,False,False,False,False,combo_SPY200d_GLD_50_50_v1,managed_futures_proxy_etf_trend_v1,310.5443622613891,19.517742870292967,0.9408664534133512,0.059133546586652895,0.0,available_final_equity_window_contribution,3388.6709310014407,3327.301719018152,3103.528980322775,-166.9278641409337,-259.3522655187121,-311.7011269121226,False,False,False
combo_plus_managed_futures_80_20_v1,180,standard,deterministic_stratified_sample,1199,2024-11-20,2025-08-12,True,False,False,False,False,False,3384.617353555583,-131.28576739272467,True,True,True,True,False,False,False,False,combo_SPY200d_GLD_50_50_v1,managed_futures_proxy_etf_trend_v1,365.35636155006335,19.260992005516837,0.9499216771488282,0.05007832285116414,0.0,available_final_equity_window_contribution,3458.81239822134,3372.168334932557,3138.1197416669834,-167.14577092695072,-259.69082264885856,-305.0975183502601,False,False,False
combo_plus_managed_futures_80_20_v1,180,standard,deterministic_stratified_sample,1199,2024-12-16,2025-09-05,True,True,False,False,False,False,3456.8773041619243,-129.68794517710785,True,True,True,True,False,False,False,False,combo_SPY200d_GLD_50_50_v1,managed_futures_proxy_etf_trend_v1,433.6636014771652,23.213702684757227,0.9491905102895376,0.050809489710458317,0.0,available_final_equity_window_contribution,3546.386176383225,3470.7470450551937,3075.493897610637,-164.75515398856533,-255.97657205236146,-296.90686206973487,False,False,False
combo_plus_managed_futures_80_20_v1,180,standard,deterministic_stratified_sample,1199,2025-04-17,2026-01-05,True,True,True,False,False,False,3696.8483805297265,-147.70001570584327,True,True,True,True,False,False,False,False,combo_SPY200d_GLD_50_50_v1,managed_futures_proxy_etf_trend_v1,633.6791493090482,63.16923122067808,0.9093501068730925,0.09064989312690722,0.0,available_final_equity_window_contribution,3802.44188136431,3588.1122717102016,3574.4690485579413,-179.80309772253486,-229.85061795781303,-180.65343202473787,False,False,False
combo_plus_managed_futures_80_20_v1,180,standard,deterministic_stratified_sample,1199,2025-04-24,2026-01-09,True,True,True,False,False,False,3715.8044206053596,-147.004373072798,True,True,True,True,False,False,False,False,combo_SPY200d_GLD_50_50_v1,managed_futures_proxy_etf_trend_v1,652.6612624193621,63.143158185991645,0.9117871357477828,0.08821286425220892,0.0,available_final_equity_window_contribution,3827.2581729852473,3606.7966924991133,3595.708567230705,-178.89944107862493,-168.5942999421518,-180.06426952529455,False,False,False
combo_plus_managed_futures_80_20_v1,180,standard,deterministic_stratified_sample,1199,2025-04-25,2026-01-12,True,True,True,False,False,False,3768.1834717234537,-147.60584245861128,True,True,True,True,False,False,False,False,combo_SPY200d_GLD_50_50_v1,managed_futures_proxy_etf_trend_v1,698.1546684112149,70.02880331223027,0.9088384404377692,0.09116155956221961,0.0,available_final_equity_window_contribution,3886.3108835319017,3683.326835630058,3599.7845315245027,-179.8350585191547,-170.44217945547416,-179.9857245569783,False,False,False
combo_plus_managed_futures_80_20_v1,180,standard,deterministic_stratified_sample,1199,2025-04-28,2026-01-13,True,True,True,False,False,False,3740.9494360247654,-146.76018751549054,True,True,True,True,False,False,False,False,combo_SPY200d_GLD_50_50_v1,managed_futures_proxy_etf_trend_v1,671.9062365378938,69.04319948686901,0.9068179336807487,0.09318206631924789,0.0,available_final_equity_window_contribution,3852.0241680305758,3625.394157872316,3592.1958199675355,-178.55384899839692,-168.04881090747722,-179.9661341669089,False,False,False
combo_plus_managed_futures_80_20_v1,180,standard,deterministic_stratified_sample,1199,2025-04-29,2026-01-14,True,True,True,False,False,False,3773.792302634656,-147.59501282266046,True,True,True,True,False,False,False,False,combo_SPY200d_GLD_50_50_v1,managed_futures_proxy_etf_trend_v1,699.009184908594,74.78311772606027,0.9033550508690303,0.09664494913096713,0.0,available_final_equity_window_contribution,3886.8752432621372,3670.7634135544176,3585.0591968239814,-179.69249659193792,-169.70152137590867,-180.49577463347578,False,False,False
combo_plus_managed_futures_80_20_v1,180,standard,deterministic_stratified_sample,1199,2025-04-30,2026-01-15,True,True,True,False,False,False,3771.1061587385175,-147.76660289812935,True,True,True,True,False,False,False,False,combo_SPY200d_GLD_50_50_v1,managed_futures_proxy_etf_trend_v1,699.9983057297102,71.10785300880443,0.9077846127890673,0.09221538721092894,0.0,available_final_equity_window_contribution,3888.8716884051564,3692.140365069513,3583.881299929113,-180.09134908428632,-170.9808377932377,-179.9464387204971,False,False,False
combo_plus_managed_futures_80_20_v1,180,standard,deterministic_stratified_sample,1199,2025-05-01,2026-01-16,True,True,True,False,False,False,3788.9953292589207,-148.98300041932816,True,True,True,True,False,False,False,False,combo_SPY200d_GLD_50_50_v1,managed_futures_proxy_etf_trend_v1,721.998555893047,66.99677336587133,0.9150859696104896,0.08491403038950733,0.0,available_final_equity_window_contribution,3918.0954273784887,3759.7971812764445,3580.017812295041,-181.9593331016522,-174.6078420964518,-179.90318946990556,False,False,False
combo_plus_managed_futures_80_20_v1,180,standard,deterministic_stratified_sample,1199,2025-05-08,2026-01-26,True,True,True,True,False,False,3918.723494393622,-147.72436243140737,True,True,True,True,False,False,False,False,combo_SPY200d_GLD_50_50_v1,managed_futures_proxy_etf_trend_v1,843.7486701977424,74.97482419587335,0.9183923948245554,0.08160760517543793,0.0,available_final_equity_window_contribution,4074.6790433450547,3929.688929849729,3593.3581912782856,-179.95186093141592,-173.54859813142775,-180.29465646139033,False,False,False
combo_plus_managed_futures_80_20_v1,180,standard,deterministic_stratified_sample,1199,2025-09-04,2026-05-21,True,True,True,False,False,False,3598.1612726798558,-372.2506580421841,True,True,True,True,False,False,False,False,combo_SPY200d_GLD_50_50_v1,managed_futures_proxy_etf_trend_v1,478.2447946234585,119.91647805639357,0.7995248379769678,0.2004751620230261,0.0,available_final_equity_window_contribution,3598.962005162492,3495.732330704054,3329.558983444518,-487.25250232976214,-495.45503756982725,-212.55110683460316,True,True,True
combo_plus_managed_futures_80_20_v1,180,standard,deterministic_stratified_sample,1199,2025-09-05,2026-05-22,True,True,True,False,False,False,3576.662981764537,-370.56268272817897,True,True,True,True,False,False,False,False,combo_SPY200d_GLD_50_50_v1,managed_futures_proxy_etf_trend_v1,458.33442535628194,118.32855640825306,0.7948046603474002,0.20519533965259618,0.0,available_final_equity_window_contribution,3573.684868186598,3471.180222394071,3352.3582528978714,-484.719891293209,-492.8797919009671,-213.16847438950845,True,True,True
combo_plus_managed_futures_80_20_v1,180,standard,deterministic_stratified_sample,1199,2025-09-08,2026-05-26,True,True,True,False,False,False,3560.9941359356158,-368.21234026737875,True,True,True,True,False,False,False,False,combo_SPY200d_GLD_50_50_v1,managed_futures_proxy_etf_trend_v1,448.9747078100612,112.01942812555397,0.8003197877661758,0.19968021223382312,0.0,available_final_equity_window_contribution,3561.6689142300834,3459.5089242059285,3366.34304414654,-481.3875343741511,-489.49133721959925,-212.64605998592242,True,True,True
combo_plus_managed_futures_80_20_v1,180,standard,deterministic_stratified_sample,1199,2025-09-09,2026-05-27,True,True,True,False,False,False,3535.890645701733,-368.1606196450962,True,True,True,True,False,False,False,False,combo_SPY200d_GLD_50_50_v1,managed_futures_proxy_etf_trend_v1,429.6598501096767,106.23079559205569,0.8017677739962226,0.1982322260037766,0.0,available_final_equity_window_contribution,3537.585001364837,3436.115814544833,3357.9971968465998,-481.37746755452736,-489.48110093251535,-212.15561337863437,True,True,True
combo_plus_managed_futures_80_20_v1,180,standard,deterministic_stratified_sample,1199,2025-09-10,2026-05-28,True,True,True,False,False,False,3547.142860511809,-367.02559462044746,True,True,True,True,False,False,False,False,combo_SPY200d_GLD_50_50_v1,managed_futures_proxy_etf_trend_v1,443.13124336770227,104.01161714409936,0.809900439810524,0.19009956018946259,0.0,available_final_equity_window_contribution,3554.353815096965,3452.403645376849,3366.788875375907,-479.82210981055823,-487.89955989211376,-211.54407029781532,True,True,True
combo_plus_managed_futures_80_20_v1,180,standard,deterministic_stratified_sample,1199,2025-09-11,2026-05-29,True,True,True,False,False,False,3549.443907830302,-365.7505484480007,True,True,True,True,False,False,False,False,combo_SPY200d_GLD_50_50_v1,managed_futures_proxy_etf_trend_v1,451.86111573432066,97.58279209597924,0.8223971715669286,0.1776028284330674,0.0,available_final_equity_window_contribution,3565.3546634842896,3463.0889544514034,3347.3597389833894,-478.19176506029316,-486.24176949466937,-209.80059164050454,True,True,True
top2_plus_managed_futures_80_20_v1,30,standard,deterministic_stratified_sample,1349,2020-12-02,2021-01-14,False,False,False,False,False,False,2998.504402055375,-9.152803874508209,False,False,False,False,False,False,False,False,asset_class_tsmom_top2_v1,managed_futures_proxy_etf_trend_v1,-1.1964783557002168,-0.2991195889250542,0.8000000000001808,0.2000000000000452,0.0,available_final_equity_window_contribution,3071.823365276107,3071.823365276107,3108.6444505657673,-58.0139217131491,-58.0139217131491,-45.067132174571725,False,False,False
top2_plus_managed_futures_80_20_v1,30,standard,deterministic_stratified_sample,1349,2021-02-12,2021-03-26,False,False,False,False,False,False,3008.500351208926,-9.485157019841154,False,False,False,False,False,False,False,False,asset_class_tsmom_top2_v1,managed_futures_proxy_etf_trend_v1,6.800280967140261,1.7000702417850653,0.7999999999999294,0.19999999999998236,0.0,available_final_equity_window_contribution,2943.2507553695455,3035.4286590219494,3035.4286590219494,-162.76881135850226,-121.79115004881578,-121.79115004881578,False,False,False
top2_plus_managed_futures_80_20_v1,30,standard,deterministic_stratified_sample,1349,2021-05-14,2021-06-25,False,False,False,False,False,False,2991.1961747349706,-9.457764666842195,False,False,False,False,False,False,False,False,asset_class_tsmom_top2_v1,managed_futures_proxy_etf_trend_v1,-7.043060212023326,-1.7607650530058314,0.7999999999999738,0.19999999999999346,0.0,available_final_equity_window_contribution,2987.573501662599,2952.7111721910333,3082.2817355892435,-137.8724719673105,-136.26362266532396,-64.68739925941236,False,False,False
top2_plus_managed_futures_80_20_v1,30,standard,deterministic_stratified_sample,1349,2021-10-22,2021-12-03,False,False,False,False,False,False,2966.9924111299165,-139.1755066043138,False,False,False,False,False,False,False,False,asset_class_tsmom_top2_v1,managed_futures_proxy_etf_trend_v1,-2.3547870009310667,-30.652801869152942,0.0713407759106371,0.9286592240893781,0.0,available_final_equity_window_contribution,2992.202024892566,2996.5521299476886,3001.9860191986136,-132.66773395744667,-127.3169417969566,-127.3169417969566,False,False,False
top2_plus_managed_futures_80_20_v1,30,standard,deterministic_stratified_sample,1349,2021-12-07,2022-01-19,False,False,False,False,False,False,2974.8434363044744,-60.58944370354948,False,False,False,False,False,False,False,False,asset_class_tsmom_top2_v1,managed_futures_proxy_etf_trend_v1,-25.841035882360067,0.6844721868352505,1.027208492984922,-0.027208492984953727,0.0,available_final_equity_window_contribution,2999.360782188352,2967.4528520747876,2904.2696320750497,-73.48626117526192,-77.0031381379863,-166.89406840909032,False,False,False
top2_plus_managed_futures_80_20_v1,30,standard,deterministic_stratified_sample,1349,2022-03-02,2022-04-12,False,False,False,False,False,False,3045.3457363203834,-192.11563429114085,False,False,False,False,False,False,False,False,asset_class_tsmom_top2_v1,managed_futures_proxy_etf_trend_v1,-15.200512081592882,60.5462484019787,-0.33521370067068684,1.335213700670741,0.0,available_final_equity_window_contribution,3012.63252481454,2981.0824481360314,2954.3229836757546,-108.01161122629355,-221.7862450969742,-148.35999360950655,False,True,False
top2_plus_managed_futures_80_20_v1,30,standard,deterministic_stratified_sample,1349,2022-04-05,2022-05-17,False,False,False,False,False,False,2864.7579535252908,-188.35040078275415,False,False,False,False,False,False,False,False,asset_class_tsmom_top2_v1,managed_futures_proxy_etf_trend_v1,-194.8657076928166,59.62366121810643,1.440866304320951,-0.4408663043209441,0.0,available_final_equity_window_contribution,2875.5121417073037,2761.2795520975897,2915.2353389450323,-136.0583906181132,-266.632020976303,-85.72128022686047,False,True,False
top2_plus_managed_futures_80_20_v1,30,standard,deterministic_stratified_sample,1349,2022-06-27,2022-08-08,False,False,False,False,False,False,2949.465509369862,-63.44555937716859,False,False,False,False,False,False,False,False,asset_class_tsmom_top2_v1,managed_futures_proxy_etf_trend_v1,-22.132367036622963,-28.402123593514926,0.4379655708535742,0.5620344291464245,0.0,available_final_equity_window_contribution,2974.3610502461306,2972.2809964605167,3004.268408987726,-105.8313772287429,-31.196306140716388,-9.164986632913951,False,False,False
top2_plus_managed_futures_80_20_v1,30,standard,deterministic_stratified_sample,1349,2022-09-15,2022-10-26,False,False,False,False,False,False,3013.943021537123,-32.12708973994722,False,False,False,False,False,False,False,False,asset_class_tsmom_top2_v1,managed_futures_proxy_etf_trend_v1,5.643821648399573,8.29919988872339,0.4047775177979173,0.5952224822020759,0.0,available_final_equity_window_contribution,3004.736463343722,3007.0551695542867,3007.0551695542867,-87.32359767713706,-9.660309490860527,-9.660309490860527,False,False,False
top2_plus_managed_futures_80_20_v1,30,standard,deterministic_stratified_sample,1349,2022-09-28,2022-11-08,False,False,False,False,False,False,3010.8962131685275,-28.129242465548487,False,False,False,False,False,False,False,False,asset_class_tsmom_top2_v1,managed_futures_proxy_etf_trend_v1,13.700299952646825,-2.8040867841193604,1.2573450739949334,-0.2573450739949401,0.0,available_final_equity_window_contribution,3056.146299990807,3017.161802142455,3017.161802142455,-87.36115253800153,-9.652924357530082,-9.652924357530082,False,False,False
top2_plus_managed_futures_80_20_v1,30,standard,deterministic_stratified_sample,1349,2023-01-05,2023-02-16,False,False,False,False,False,False,3075.8058424523497,-82.03916072338234,False,False,False,False,False,False,False,False,asset_class_tsmom_top2_v1,managed_futures_proxy_etf_trend_v1,70.98139051236441,4.824451939985982,0.9363577821456461,0.06364221785436333,0.0,available_final_equity_window_contribution,3030.9756595210456,3088.5099550621458,3054.9804887337714,-104.07597665272851,-107.65460540787353,-72.50638960034621,False,False,False
top2_plus_managed_futures_80_20_v1,30,standard,deterministic_stratified_sample,1349,2023-02-27,2023-04-10,False,False,False,False,False,False,3197.5010493945506,-54.30797426937352,False,False,False,False,False,False,False,False,asset_class_tsmom_top2_v1,managed_futures_proxy_etf_trend_v1,194.272442230339,3.2286071642103513,0.9836527088128947,0.01634729118709905,0.0,available_final_equity_window_contribution,3144.1709719277505,3243.4107126384374,3001.699891149922,-67.8264109328934,-69.4581405823601,-192.91731528523223,False,False,False
top2_plus_managed_futures_80_20_v1,30,standard,deterministic_stratified_sample,1349,2023-08-09,2023-09-20,False,False,False,False,False,False,3005.958133517878,-43.25366956679136,False,False,False,False,False,False,False,False,asset_class_tsmom_top2_v1,managed_futures_proxy_etf_trend_v1,-4.1301359591008335,10.088269476978919,-0.6931929180015511,1.6931929180015326,0.0,available_final_equity_window_contribution,2994.7005911425344,2994.700591142533,2962.5613908047485,-54.567113495917056,-54.56711349591751,-79.55159549463315,False,False,False
top2_plus_managed_futures_80_20_v1,30,standard,deterministic_stratified_sample,1349,2023-08-10,2023-09-21,False,False,False,False,False,False,2980.4809943478062,-53.308459376483825,False,False,False,False,False,False,False,False,asset_class_tsmom_top2_v1,managed_futures_proxy_etf_trend_v1,-31.8728463340296,12.353840681835168,1.6329134230486473,-0.6329134230486126,0.0,available_final_equity_window_contribution,2960.1488528308446,2960.148852830845,2912.5498058922694,-80.17342706303089,-80.17342706303089,-122.973301497997,False,False,False
top2_plus_managed_futures_80_20_v1,30,standard,deterministic_stratified_sample,1349,2024-01-19,2024-03-01,False,False,False,False,False,False,3112.8808927016644,-37.12825892819865,False,False,False,False,False,False,False,False,asset_class_tsmom_top2_v1,managed_futures_proxy_etf_trend_v1,107.41922010823134,5.4616725934331125,0.9516156148067696,0.048384385193231044,0.0,available_final_equity_window_contribution,3134.397789636537,3134.3977896365363,3189.1670140315014,-46.704094111024006,-46.704094111024006,-52.17290923472183,False,False,False
top2_plus_managed_futures_80_20_v1,30,standard,deterministic_stratified_sample,1349,2024-06-11,2024-07-24,False,False,False,False,False,False,3056.9887190447726,-100.29806242769564,False,False,False,False,False,False,False,False,asset_class_tsmom_top2_v1,managed_futures_proxy_etf_trend_v1,57.5094421447132,-0.5207230999399535,1.0091373013583889,-0.00913730135837679,0.0,available_final_equity_window_contribution,3071.452960406869,3071.452960406868,3033.668538421824,-111.6206414057001,-111.6206414057001,-132.44870332847722,False,False,False
top2_plus_managed_futures_80_20_v1,30,standard,deterministic_stratified_sample,1349,2024-07-01,2024-08-12,False,False,False,False,False,False,3015.119223275948,-178.97415237080304,False,False,False,False,False,False,False,False,asset_class_tsmom_top2_v1,managed_futures_proxy_etf_trend_v1,44.496115505997906,-29.376892230049847,2.943015966751611,-1.943015966751615,0.0,available_final_equity_window_contribution,3055.1055786814695,3055.105578681469,2933.601494461761,-181.97066569748313,-181.97066569748358,-261.1944929262313,True,True,True
top2_plus_managed_futures_80_20_v1,30,standard,deterministic_stratified_sample,1349,2024-07-05,2024-08-15,False,False,False,False,False,False,3005.4480679920193,-176.0344578715385,False,False,False,False,False,False,False,False,asset_class_tsmom_top2_v1,managed_futures_proxy_etf_trend_v1,30.204611123896033,-24.756543131877365,5.544095846113084,-4.544095846113207,0.0,available_final_equity_window_contribution,3037.6195307012686,3037.619530701269,2991.5075841513994,-178.23300975066422,-178.23300975066377,-256.81484854787277,True,True,True
top2_plus_managed_futures_80_20_v1,30,standard,deterministic_stratified_sample,1349,2024-07-08,2024-08-16,False,False,False,False,False,False,3051.4658638822757,-176.91381781602104,False,False,False,False,False,False,False,False,asset_class_tsmom_top2_v1,managed_futures_proxy_etf_trend_v1,73.67819941455511,-22.21233553228096,1.4315935623482092,-0.4315935623482394,0.0,available_final_equity_window_contribution,3092.419707766193,3092.419707766193,2994.759382775489,-179.24108371063858,-179.24108371063858,-256.5188699256246,True,True,True
top2_plus_managed_futures_80_20_v1,30,standard,deterministic_stratified_sample,1349,2024-07-09,2024-08-19,False,False,False,False,False,False,3058.437130662373,-176.70118040468424,False,False,False,False,False,False,False,False,asset_class_tsmom_top2_v1,managed_futures_proxy_etf_trend_v1,80.05112863748202,-21.613997975109285,1.369867543633967,-0.3698675436339708,0.0,available_final_equity_window_contribution,3100.534401623727,3100.5344016237264,3020.45605298246,-179.00226430795237,-179.00226430795283,-256.26962410958595,True,True,True
top2_plus_managed_futures_80_20_v1,30,standard,deterministic_stratified_sample,1349,2024-12-10,2025-01-24,False,False,False,False,False,False,3052.93911185261,-98.17799802815671,False,False,False,False,False,False,False,False,asset_class_tsmom_top2_v1,managed_futures_proxy_etf_trend_v1,49.719676345808935,3.219435506800769,0.939186068784749,0.060813931215244636,0.0,available_final_equity_window_contribution,3061.669555384142,3061.669555384143,3035.9131724198983,-123.21104576095422,-123.21104576095422,-124.50042005066643,False,False,False
top2_plus_managed_futures_80_20_v1,30,standard,deterministic_stratified_sample,1349,2025-04-24,2025-06-05,False,False,False,False,False,False,2955.8349584808147,-131.2227381558755,False,False,False,False,False,False,False,False,asset_class_tsmom_top2_v1,managed_futures_proxy_etf_trend_v1,-45.23418187583066,1.0691403566455973,1.0242078422179446,-0.024207842217948868,0.0,available_final_equity_window_contribution,3032.49132231144,2942.697837272648,3045.8374068170215,-102.2097991064411,-164.90376147668348,-80.83904803501218,False,False,False
top2_plus_managed_futures_80_20_v1,30,standard,deterministic_stratified_sample,1349,2025-04-25,2025-06-06,False,False,False,False,False,False,2957.8962764421194,-132.35918265299188,False,False,False,False,False,False,False,False,asset_class_tsmom_top2_v1,managed_futures_proxy_etf_trend_v1,-44.86928034057951,2.7655567826967653,1.0656843753711491,-0.06568437537109789,0.0,available_final_equity_window_contribution,3043.5540774101487,2943.159671776454,3075.77279625634,-102.74434113776579,-166.71119080618564,-80.80378562296755,False,False,False
top2_plus_managed_futures_80_20_v1,30,standard,deterministic_stratified_sample,1349,2025-04-28,2025-06-09,False,False,False,False,False,False,2930.5690409214994,-130.86529589424435,False,False,False,False,False,False,False,False,asset_class_tsmom_top2_v1,managed_futures_proxy_etf_trend_v1,-70.5116455225181,1.0806864440184405,1.0155649073318385,-0.01556490733185158,0.0,available_final_equity_window_contribution,3030.3618868228173,2911.3154535417652,3078.209856092024,-102.01235356452162,-164.37021322687224,-80.7949906050103,False,False,False
top2_plus_managed_futures_80_20_v1,30,standard,deterministic_stratified_sample,1349,2025-04-29,2025-06-10,False,False,False,False,False,False,2957.7594281929287,-106.62455779809443,False,False,False,False,False,False,False,False,asset_class_tsmom_top2_v1,managed_futures_proxy_etf_trend_v1,-45.17040550676778,2.9298336996971472,1.0693606543272691,-0.06936065432728532,0.0,available_final_equity_window_contribution,3058.7797348060135,2942.8895889652317,3104.773127951206,-102.66289188419069,-136.4826309947307,-81.03277032239157,False,False,False
top2_plus_managed_futures_80_20_v1,30,standard,deterministic_stratified_sample,1349,2025-04-30,2025-06-11,False,False,False,False,False,False,2986.8758275733235,-104.00392489698015,False,False,False,False,False,False,False,False,asset_class_tsmom_top2_v1,managed_futures_proxy_etf_trend_v1,-15.978940705264144,2.8547682785879522,1.2175198698841343,-0.21751986988415958,0.0,available_final_equity_window_contribution,3069.493470571373,2979.259963507319,3086.495887080213,-102.89076645366913,-130.31555366367775,-80.78614842247907,False,False,False
top2_plus_managed_futures_80_20_v1,30,standard,deterministic_stratified_sample,1349,2025-05-01,2025-06-12,False,False,False,False,False,False,3055.8602325244997,-105.75627995884133,False,False,False,False,False,False,False,False,asset_class_tsmom_top2_v1,managed_futures_proxy_etf_trend_v1,54.820545514778104,1.039687009723018,0.9813877070908078,0.01861229290921807,0.0,available_final_equity_window_contribution,3126.753837410794,3067.97193616115,3098.0175471442376,-103.95799321524055,-133.07992819835772,-80.76673186496191,False,False,False
top2_plus_managed_futures_80_20_v1,30,standard,deterministic_stratified_sample,1349,2025-05-23,2025-07-08,False,False,False,False,False,False,2996.9619775585857,-43.66838891743737,False,False,False,False,False,False,False,False,asset_class_tsmom_top2_v1,managed_futures_proxy_etf_trend_v1,-5.955649554760184,2.9176271133441603,1.960370494165129,-0.9603704941645752,0.0,available_final_equity_window_contribution,3083.6974448373267,2992.2903354805517,3223.0871750021993,-32.33453163234344,-55.841996763325824,-39.956604064430394,False,False,False
top2_plus_managed_futures_80_20_v1,30,standard,deterministic_stratified_sample,1349,2025-06-06,2025-07-21,False,False,False,False,False,False,3054.505513502429,-43.87381272886023,False,False,False,False,False,False,False,False,asset_class_tsmom_top2_v1,managed_futures_proxy_etf_trend_v1,51.40457207292705,3.100941429501539,0.943107747634305,0.056892252365686735,0.0,available_final_equity_window_contribution,3119.14919003672,3064.1620952112767,3157.6702038267686,-32.01572941726636,-56.23359206867599,-38.620801221632064,False,False,False
top2_plus_managed_futures_80_20_v1,30,standard,deterministic_stratified_sample,1349,2025-10-02,2025-11-12,False,False,False,False,False,False,3151.2193422470395,-129.82686295826852,False,False,False,False,False,False,False,False,asset_class_tsmom_top2_v1,managed_futures_proxy_etf_trend_v1,133.6422841205322,17.577058126505513,0.8837644849837226,0.11623551501626521,0.0,available_final_equity_window_contribution,3166.9938238628424,3166.9938238628415,3063.477185480181,-154.92040447175623,-154.92040447175668,-90.06008848860256,False,False,False
top2_plus_managed_futures_80_20_v1,30,standard,deterministic_stratified_sample,1349,2025-10-03,2025-11-13,False,False,False,False,False,False,3105.4837265002943,-129.39515853851935,False,False,False,False,False,False,False,False,asset_class_tsmom_top2_v1,managed_futures_proxy_etf_trend_v1,92.606307536132,12.877418964161869,0.8779203258037495,0.12207967419624617,0.0,available_final_equity_window_contribution,3115.4276654207347,3115.4276654207347,3012.686268718598,-154.3017954173647,-154.3017954173647,-90.06141845819093,False,False,False
top2_plus_managed_futures_80_20_v1,30,standard,deterministic_stratified_sample,1349,2025-10-06,2025-11-14,False,False,False,False,False,False,3048.4557496013936,-127.99312086875716,False,False,False,False,False,False,False,False,asset_class_tsmom_top2_v1,managed_futures_proxy_etf_trend_v1,42.59911212638056,5.856637475013086,0.8791343127865971,0.12086568721340453,0.0,available_final_equity_window_contribution,3052.8189959184106,3052.81899591841,3001.429621441873,-152.59034459009263,-152.59034459009263,-89.7395917398917,False,False,False
top2_plus_managed_futures_80_20_v1,30,standard,deterministic_stratified_sample,1349,2025-11-03,2025-12-15,False,False,False,False,False,False,3089.2304811470767,-95.4486726123605,False,False,False,False,False,False,False,False,asset_class_tsmom_top2_v1,managed_futures_proxy_etf_trend_v1,82.49431128432342,6.736169862751642,0.9245081974661751,0.0754918025338063,0.0,available_final_equity_window_contribution,3102.919662171266,3102.9196621712654,2988.5413415100265,-113.35796028114919,-113.35796028114964,-135.43751131264435,False,False,False
top2_plus_managed_futures_80_20_v1,30,standard,deterministic_stratified_sample,1349,2026-04-01,2026-05-13,False,False,False,False,False,False,3044.533121374503,-80.95651876970032,False,False,False,False,False,False,False,False,asset_class_tsmom_top2_v1,managed_futures_proxy_etf_trend_v1,14.959619928281567,29.573501446221446,0.3359212080033209,0.6640787919966789,0.0,available_final_equity_window_contribution,3122.2807153012695,3017.563872224264,3302.442910400892,-97.59694495336134,-128.02423908916717,-26.960159556310828,False,False,False
top2_plus_managed_futures_80_20_v1,30,standard,deterministic_stratified_sample,1349,2026-04-10,2026-05-21,False,False,False,False,False,False,2997.197769227095,-80.88158427164763,False,False,False,False,False,False,False,False,asset_class_tsmom_top2_v1,managed_futures_proxy_etf_trend_v1,-22.68090711721176,19.878676344305596,8.093875542483389,-7.0938755424830475,0.0,available_final_equity_window_contribution,3064.5368914380015,2970.872219530325,3279.3098049248333,-97.29833347771728,-128.0253511771666,-63.75652124233784,False,False,False
top2_plus_managed_futures_80_20_v1,30,standard,deterministic_stratified_sample,1349,2026-04-13,2026-05-22,False,False,False,False,False,False,2990.899122844076,-80.8285572469099,False,False,False,False,False,False,False,False,asset_class_tsmom_top2_v1,managed_futures_proxy_etf_trend_v1,-24.8513152565447,15.750438100619785,2.7306505549707487,-1.730650554970657,0.0,available_final_equity_window_contribution,3050.1842622135273,2968.1577724279973,3260.341238221087,-97.02069834641316,-128.14355189989465,-63.13949696212012,False,False,False
top2_plus_managed_futures_80_20_v1,30,standard,deterministic_stratified_sample,1349,2026-04-14,2026-05-26,False,False,False,False,False,False,2969.9576672714693,-80.10446780770462,False,False,False,False,False,False,False,False,asset_class_tsmom_top2_v1,managed_futures_proxy_etf_trend_v1,-46.68205430633964,16.63972157780974,1.5538758167739237,-0.5538758167739508,0.0,available_final_equity_window_contribution,3009.0150920108813,2941.0163242558174,3242.4761819551773,-95.37386696806243,-126.52429202406074,-62.37941127433896,False,False,False
top2_plus_managed_futures_80_20_v1,30,standard,deterministic_stratified_sample,1349,2026-04-15,2026-05-27,False,False,False,False,False,False,2963.7060427091424,-78.04626828461778,False,False,False,False,False,False,False,False,asset_class_tsmom_top2_v1,managed_futures_proxy_etf_trend_v1,-47.81559943517621,11.521642144318879,1.3174534551849724,-0.31745345518498075,0.0,available_final_equity_window_contribution,2992.4883882902172,2939.702585957266,3216.532928629747,-95.49377882683712,-127.32610532982744,-61.89102947840911,False,False,False
top2_plus_managed_futures_80_20_v1,30,standard,deterministic_stratified_sample,1349,2026-04-16,2026-05-28,False,False,False,False,False,False,2981.6929573416123,-78.02954962327522,False,False,False,False,False,False,False,False,asset_class_tsmom_top2_v1,managed_futures_proxy_etf_trend_v1,-25.679668564474127,7.372625906088312,1.4027207476194177,-0.4027207476195191,0.0,available_final_equity_window_contribution,3014.0165396588636,2967.1302538889677,3226.3489630346994,-95.41770390854708,-127.49448453390323,-61.73931673781772,False,False,False
top2_plus_managed_futures_80_20_v1,30,standard,deterministic_stratified_sample,1349,2026-04-17,2026-05-29,False,False,False,False,False,False,2982.6697779892834,-77.73352319114429,False,False,False,False,False,False,False,False,asset_class_tsmom_top2_v1,managed_futures_proxy_etf_trend_v1,-32.507137299212,15.176915288496218,1.8757484629516175,-0.8757484629516662,0.0,available_final_equity_window_contribution,2995.640023508585,2958.7330361296636,3195.76406707593,-94.22208514764725,-126.31075256465328,-61.00206498807847,False,False,False
top2_plus_managed_futures_80_20_v1,60,standard,deterministic_stratified_sample,1319,2020-12-02,2021-03-01,False,False,False,False,False,False,2997.850926174355,-9.479393902867287,False,False,False,False,False,False,False,False,asset_class_tsmom_top2_v1,managed_futures_proxy_etf_trend_v1,-1.7192590605163407,-0.4298147651290852,0.8000000000002363,0.20000000000005907,0.0,available_final_equity_window_contribution,3010.995942261566,3178.911250439087,3199.9834131843104,-150.7653542818507,-100.20327481292816,-117.62368015664833,False,False,False
top2_plus_managed_futures_80_20_v1,60,standard,deterministic_stratified_sample,1319,2021-02-12,2021-05-10,False,False,False,False,False,False,3008.1714905969848,-9.814017631782463,False,False,False,False,False,False,False,False,asset_class_tsmom_top2_v1,managed_futures_proxy_etf_trend_v1,6.5371924775873556,1.6342981193968389,0.7999999999999439,0.19999999999998597,0.0,available_final_equity_window_contribution,3115.151080359893,3203.765134099808,3203.765134099808,-162.76881135850226,-121.79115004881578,-121.79115004881578,False,False,False
top2_plus_managed_futures_80_20_v1,60,standard,deterministic_stratified_sample,1319,2021-05-11,2021-08-04,False,False,False,False,False,False,2990.21559347171,-9.784406528291129,False,False,False,False,False,False,False,False,asset_class_tsmom_top2_v1,managed_futures_proxy_etf_trend_v1,-7.827525222630859,-1.9568813056577148,0.7999999999998655,0.19999999999996637,0.0,available_final_equity_window_contribution,3071.504245073611,3037.1086578773156,3189.803401427301,-138.4910668708926,-137.04329487953373,-87.99605199925873,False,False,False
top2_plus_managed_futures_80_20_v1,60,standard,deterministic_stratified_sample,1319,2021-10-15,2022-01-10,False,False,False,False,False,False,3014.39359769512,-141.05033196402974,False,False,False,False,False,False,False,False,asset_class_tsmom_top2_v1,managed_futures_proxy_etf_trend_v1,47.73461396505301,-33.34101626993235,3.3163782242737163,-2.316378224273685,0.0,available_final_equity_window_contribution,3100.5244788804885,3059.2107706763086,3143.1501435390232,-134.7275846127559,-129.38717267583206,-129.38717267583206,False,False,False
top2_plus_managed_futures_80_20_v1,60,standard,deterministic_stratified_sample,1319,2021-12-01,2022-02-25,False,False,False,False,False,False,2915.182857270703,-232.7725257929592,False,False,False,False,False,False,False,False,asset_class_tsmom_top2_v1,managed_futures_proxy_etf_trend_v1,-90.274451226917,5.457308497619401,1.064342045982824,-0.06434204598281501,0.0,available_final_equity_window_contribution,3002.1941842983215,2885.762788705929,2820.4701345124217,-175.49118849033493,-305.16842247880504,-379.87383221953087,False,True,True
top2_plus_managed_futures_80_20_v1,60,standard,deterministic_stratified_sample,1319,2022-02-28,2022-05-23,False,False,False,False,False,False,2886.4368944150383,-299.25796263970096,False,False,False,False,False,False,False,False,asset_class_tsmom_top2_v1,managed_futures_proxy_etf_trend_v1,-221.32625247866457,107.76314689370469,1.9489274385251851,-0.9489274385252012,0.0,available_final_equity_window_contribution,2934.661412813466,2731.218799433009,2956.3282760076095,-214.28418565122138,-444.6613940593402,-157.85391395066745,True,True,True
top2_plus_managed_futures_80_20_v1,60,standard,deterministic_stratified_sample,1319,2022-03-24,2022-06-17,False,False,False,False,False,False,2855.5655011567815,-194.76337191648236,False,False,False,False,False,False,False,False,asset_class_tsmom_top2_v1,managed_futures_proxy_etf_trend_v1,-220.79640916775364,76.36191032453537,1.5286957820750622,-0.5286957820750642,0.0,available_final_equity_window_contribution,2864.525330835497,2728.520431862599,2919.720340050662,-165.01128239712762,-314.49350318422876,-155.8804692602248,True,True,True
top2_plus_managed_futures_80_20_v1,60,standard,deterministic_stratified_sample,1319,2022-06-21,2022-09-14,False,False,False,False,False,False,2978.045444330623,-87.99930252128888,False,False,False,False,False,False,False,False,asset_class_tsmom_top2_v1,managed_futures_proxy_etf_trend_v1,-20.26965338264754,-1.684902286729089,0.9232550040136039,0.07674499598637981,0.0,available_final_equity_window_contribution,2883.4187463792055,2974.4160290244854,2991.5713866335063,-124.28964710268383,-55.853384144094434,-34.51948987346941,False,False,False
top2_plus_managed_futures_80_20_v1,60,standard,deterministic_stratified_sample,1319,2022-08-31,2022-11-23,False,False,False,False,False,False,2986.967528114589,-69.28141834581311,False,False,False,False,False,False,False,False,asset_class_tsmom_top2_v1,managed_futures_proxy_etf_trend_v1,15.339329955163844,-28.371801840573024,-1.1770084823536384,2.177008482353513,0.0,available_final_equity_window_contribution,3048.289645186328,3019.1416775618713,3019.1416775618713,-87.82606456981739,-9.67077027054438,-9.67077027054438,False,False,False
top2_plus_managed_futures_80_20_v1,60,standard,deterministic_stratified_sample,1319,2022-09-20,2022-12-13,False,False,False,False,False,False,2972.0157593325057,-79.19688926837352,False,False,False,False,False,False,False,False,asset_class_tsmom_top2_v1,managed_futures_proxy_etf_trend_v1,24.367002027614515,-52.35124269510874,-0.8707401539723938,1.870740153972391,0.0,available_final_equity_window_contribution,3115.6696873094006,3030.705015879109,2972.0579034388666,-87.30232867916266,-9.661363668538343,-63.38751424667362,False,False,False
top2_plus_managed_futures_80_20_v1,60,standard,deterministic_stratified_sample,1319,2022-12-22,2023-03-21,False,False,False,False,False,False,3161.2087168339604,-154.70676760924243,False,False,False,False,False,False,False,False,asset_class_tsmom_top2_v1,managed_futures_proxy_etf_trend_v1,156.87431972712045,4.33439710683856,0.9731131343765723,0.026886865623419395,0.0,available_final_equity_window_contribution,3068.7273437585022,3195.6297816118927,2894.276654938388,-172.78343275338693,-199.31842567841113,-282.93330147824327,False,False,False
top2_plus_managed_futures_80_20_v1,60,standard,deterministic_stratified_sample,1319,2023-02-08,2023-05-04,False,False,False,False,False,False,3143.860075564739,-100.0516621927627,False,False,False,False,False,False,False,False,asset_class_tsmom_top2_v1,managed_futures_proxy_etf_trend_v1,137.54026642919598,6.319809135540852,0.9560697496457314,0.0439302503542538,0.0,available_final_equity_window_contribution,3074.1438319206227,3171.173299946051,2875.4626467825888,-105.37129879094437,-128.4880729683582,-256.3231626924562,False,False,False
top2_plus_managed_futures_80_20_v1,60,standard,deterministic_stratified_sample,1319,2023-07-19,2023-10-11,False,False,False,False,False,False,2884.730792006941,-174.35984011676283,False,False,False,False,False,False,False,False,asset_class_tsmom_top2_v1,managed_futures_proxy_etf_trend_v1,-115.09027315856106,-0.17893483449905379,0.9984476788067407,0.0015523211932698332,0.0,available_final_equity_window_contribution,2863.074822154279,2856.839484121155,2885.7146287998794,-223.51385501486766,-239.6068443333611,-228.776058305275,True,True,True
top2_plus_managed_futures_80_20_v1,60,standard,deterministic_stratified_sample,1319,2023-07-31,2023-10-23,False,False,False,False,False,False,2812.801027759117,-187.198972240883,False,False,False,False,False,False,False,False,asset_class_tsmom_top2_v1,managed_futures_proxy_etf_trend_v1,-197.99298855253474,10.79401631165078,1.0576606601117569,-0.05766066011175162,0.0,available_final_equity_window_contribution,2887.072806442612,2755.0427225430453,2765.087351191845,-221.44838377248743,-244.95727745695467,-234.91264880815515,True,True,True
top2_plus_managed_futures_80_20_v1,60,standard,deterministic_stratified_sample,1319,2023-12-21,2024-03-19,False,False,False,False,False,False,3193.5966372416183,-51.41490757220299,False,False,False,False,False,False,False,False,asset_class_tsmom_top2_v1,managed_futures_proxy_etf_trend_v1,179.29091151648012,14.305725725138968,0.9261055050905461,0.0738944949094581,0.0,available_final_equity_window_contribution,3224.7906755794006,3224.7906755794,3283.1329121565363,-66.65013488699151,-66.65013488699151,-59.720836151542244,False,False,False
top2_plus_managed_futures_80_20_v1,60,standard,deterministic_stratified_sample,1319,2024-05-23,2024-08-19,False,False,False,False,False,False,3161.4768663199266,-182.65430029612799,False,False,False,False,False,False,False,False,asset_class_tsmom_top2_v1,managed_futures_proxy_etf_trend_v1,171.2935675751368,-9.816701255209958,1.060793236077302,-0.060793236077300306,0.0,available_final_equity_window_contribution,3214.821397661564,3214.8213976615634,3202.231820795326,-185.60036270705723,-185.60036270705723,-271.6923307712618,True,True,True
top2_plus_managed_futures_80_20_v1,60,standard,deterministic_stratified_sample,1319,2024-05-31,2024-08-26,False,False,False,False,False,False,3167.609306404807,-182.5668784259915,False,False,False,False,False,False,False,False,asset_class_tsmom_top2_v1,managed_futures_proxy_etf_trend_v1,179.232284217552,-11.62297781274411,1.0693456590332375,-0.06934565903323121,0.0,available_final_equity_window_contribution,3224.881366741162,3224.881366741162,3200.4047589466177,-185.5228432504009,-185.5228432504,-270.9659728393499,True,True,True
top2_plus_managed_futures_80_20_v1,60,standard,deterministic_stratified_sample,1319,2024-07-05,2024-09-27,False,False,False,False,False,False,3153.526279842728,-176.0344578715385,False,False,False,False,False,False,False,False,asset_class_tsmom_top2_v1,managed_futures_proxy_etf_trend_v1,169.7302598435862,-16.20398000085927,1.1055453178273946,-0.10554531782740127,0.0,available_final_equity_window_contribution,3214.3639335531034,3214.3639335531034,3100.5128011522793,-178.23300975066422,-178.23300975066377,-256.81484854787277,True,True,True
top2_plus_managed_futures_80_20_v1,60,standard,deterministic_stratified_sample,1319,2024-07-08,2024-09-30,False,False,False,False,False,False,3163.8029305616287,-176.91381781602104,False,False,False,False,False,False,False,False,asset_class_tsmom_top2_v1,managed_futures_proxy_etf_trend_v1,179.0825614712067,-15.279630909580119,1.093280571093502,-0.09328057109351506,0.0,available_final_equity_window_contribution,3226.091767434985,3226.0917674349835,3109.3496112886237,-179.24108371063858,-179.24108371063858,-256.5188699256246,True,True,True
top2_plus_managed_futures_80_20_v1,60,standard,deterministic_stratified_sample,1319,2024-07-09,2024-10-01,False,False,False,False,False,False,3161.419927081326,-176.70118040468424,False,False,False,False,False,False,False,False,asset_class_tsmom_top2_v1,managed_futures_proxy_etf_trend_v1,177.60677602883237,-16.18684894750594,1.1002778853898945,-0.10027788538989203,0.0,available_final_equity_window_contribution,3224.262732117716,3224.262732117717,3078.5009232105035,-179.00226430795237,-179.00226430795283,-256.26962410958595,True,True,True
top2_plus_managed_futures_80_20_v1,60,standard,deterministic_stratified_sample,1319,2024-11-06,2025-02-04,False,False,False,False,False,False,3116.378019984614,-99.5452391240683,False,False,False,False,False,False,False,False,asset_class_tsmom_top2_v1,managed_futures_proxy_etf_trend_v1,109.91175448466221,6.46626549995164,0.9444373989108351,0.05556260108916199,0.0,available_final_equity_window_contribution,3136.8201031725207,3136.8201031725184,3064.795166505362,-125.21146189721367,-125.21146189721458,-128.75464477100377,False,False,False
top2_plus_managed_futures_80_20_v1,60,standard,deterministic_stratified_sample,1319,2025-04-17,2025-07-15,False,False,False,False,False,False,2967.7606609615705,-182.13781910534544,False,False,False,False,False,False,False,False,asset_class_tsmom_top2_v1,managed_futures_proxy_etf_trend_v1,-39.73137813041045,7.492039091979619,1.2323881107813763,-0.23238811078133617,0.0,available_final_equity_window_contribution,3114.7165115259704,2948.816948711954,3215.172261821299,-102.72608112207081,-229.85061795781303,-81.10354990269843,False,True,False
top2_plus_managed_futures_80_20_v1,60,standard,deterministic_stratified_sample,1319,2025-04-24,2025-07-21,False,False,False,False,False,False,2985.778719793078,-131.2227381558755,False,False,False,False,False,False,False,False,asset_class_tsmom_top2_v1,managed_futures_proxy_etf_trend_v1,-20.256098888488182,6.03481868156698,1.4243512956469782,-0.4243512956470395,0.0,available_final_equity_window_contribution,3147.969665810831,2973.514862699034,3238.8381688348286,-102.2097991064411,-164.90376147668348,-80.83904803501218,False,False,False
top2_plus_managed_futures_80_20_v1,60,standard,deterministic_stratified_sample,1319,2025-04-25,2025-07-22,False,False,False,False,False,False,3024.7943064626447,-132.35918265299188,False,False,False,False,False,False,False,False,asset_class_tsmom_top2_v1,managed_futures_proxy_etf_trend_v1,20.67333147946652,4.120974983175371,0.8337934965276445,0.1662065034722411,0.0,available_final_equity_window_contribution,3179.666664679452,3024.646342540545,3237.8887149114535,-102.74434113776579,-166.71119080618564,-80.80378562296755,False,False,False
top2_plus_managed_futures_80_20_v1,60,standard,deterministic_stratified_sample,1319,2025-04-28,2025-07-23,False,False,False,False,False,False,2971.603156044974,-130.86529589424435,False,False,False,False,False,False,False,False,asset_class_tsmom_top2_v1,managed_futures_proxy_etf_trend_v1,-32.471855007754954,4.075011052729168,1.1435022518411917,-0.14350225184119278,0.0,available_final_equity_window_contribution,3150.867440635194,2958.345932021709,3265.079762841986,-102.01235356452162,-164.37021322687224,-80.7949906050103,False,False,False
top2_plus_managed_futures_80_20_v1,60,standard,deterministic_stratified_sample,1319,2025-04-29,2025-07-24,False,False,False,False,False,False,2987.603084497235,-106.62455779809443,False,False,False,False,False,False,False,False,asset_class_tsmom_top2_v1,managed_futures_proxy_etf_trend_v1,-18.281849554513258,5.884934051749912,1.4747095396783112,-0.47470953967843177,0.0,available_final_equity_window_contribution,3161.7851628138546,2976.0924200331756,3275.7729890301425,-102.66289188419069,-136.4826309947307,-81.03277032239157,False,False,False
top2_plus_managed_futures_80_20_v1,60,standard,deterministic_stratified_sample,1319,2025-04-30,2025-07-25,False,False,False,False,False,False,2995.6282881370985,-104.00392489698015,False,False,False,False,False,False,False,False,asset_class_tsmom_top2_v1,managed_futures_proxy_etf_trend_v1,-8.64361103258097,4.271899169681054,1.9771685105623993,-0.9771685105627662,0.0,available_final_equity_window_contribution,3160.8403942974724,2988.1494676257157,3279.5988058047824,-102.89076645366913,-130.31555366367775,-80.78614842247907,False,False,False
top2_plus_managed_futures_80_20_v1,60,standard,deterministic_stratified_sample,1319,2025-05-01,2025-07-28,False,False,False,False,False,False,3037.3726478661774,-105.75627995884133,False,False,False,False,False,False,False,False,asset_class_tsmom_top2_v1,managed_futures_proxy_etf_trend_v1,31.315657919485446,6.056989946692941,0.8379298687002156,0.16207013129981002,0.0,available_final_equity_window_contribution,3182.8880107705127,3038.277546707383,3277.9875770861486,-103.95799321524055,-133.07992819835772,-80.76673186496191,False,False,False
top2_plus_managed_futures_80_20_v1,60,standard,deterministic_stratified_sample,1319,2025-05-08,2025-08-04,False,False,False,False,False,False,3064.808807213965,-65.00192773342587,False,False,False,False,False,False,False,False,asset_class_tsmom_top2_v1,managed_futures_proxy_etf_trend_v1,58.70234978104744,6.106457432916284,0.905777351946054,0.09422264805392801,0.0,available_final_equity_window_contribution,3162.292630430031,3072.6111305808645,3255.360275362524,-62.95192223124832,-83.56353607078017,-80.9424792190157,False,False,False
top2_plus_managed_futures_80_20_v1,60,standard,deterministic_stratified_sample,1319,2025-05-14,2025-08-08,False,False,False,False,False,False,3125.661541127334,-62.43150399686738,False,False,False,False,False,False,False,False,asset_class_tsmom_top2_v1,managed_futures_proxy_etf_trend_v1,121.14593963158129,4.515601495751955,0.9640653659405847,0.035934634059407625,0.0,available_final_equity_window_contribution,3237.8891992821154,3151.457185262167,3262.8038385512164,-63.93024304153823,-79.22440995934312,-80.36233791967743,False,False,False
top2_plus_managed_futures_80_20_v1,60,standard,deterministic_stratified_sample,1319,2025-09-25,2025-12-18,False,False,False,False,False,False,3244.3505363991694,-132.43221500036088,False,False,False,False,False,False,False,False,asset_class_tsmom_top2_v1,managed_futures_proxy_etf_trend_v1,220.8534626827105,23.497073716460154,0.9038386652932316,0.09616133470677343,0.0,available_final_equity_window_contribution,3276.6188395996337,3276.618839599634,3083.9752140978435,-158.49286244811947,-158.49286244811992,-158.9242204314387,False,False,False
top2_plus_managed_futures_80_20_v1,60,standard,deterministic_stratified_sample,1319,2025-10-02,2025-12-26,False,False,False,False,False,False,3276.249438914296,-129.82686295826852,True,False,True,False,False,False,False,False,asset_class_tsmom_top2_v1,managed_futures_proxy_etf_trend_v1,250.14457031927267,26.104868595019685,0.9055025461857233,0.09449745381426268,0.0,available_final_equity_window_contribution,3313.4211815948615,3313.42118159486,3103.687245245805,-154.92040447175623,-154.92040447175668,-156.2716207712033,False,False,False
top2_plus_managed_futures_80_20_v1,60,standard,deterministic_stratified_sample,1319,2025-10-03,2025-12-29,False,False,False,False,False,False,3199.989253189556,-129.39515853851935,True,False,True,False,False,False,False,False,asset_class_tsmom_top2_v1,managed_futures_proxy_etf_trend_v1,178.21422105429625,21.775032135256836,0.8911189887057538,0.10888101129423074,0.0,available_final_equity_window_contribution,3222.4842679616168,3222.4842679616163,3092.672528448232,-154.3017954173647,-154.3017954173647,-156.2739285249113,False,False,False
top2_plus_managed_futures_80_20_v1,60,standard,deterministic_stratified_sample,1319,2025-10-06,2025-12-30,False,False,False,False,False,False,3165.041368469669,-127.99312086875716,False,False,False,False,False,False,False,False,asset_class_tsmom_top2_v1,managed_futures_proxy_etf_trend_v1,149.0316461940359,16.009722275631564,0.9029957008713517,0.0970042991286381,0.0,available_final_equity_window_contribution,3185.955442453812,3185.9554424538114,3077.8581598371998,-152.59034459009263,-152.59034459009263,-155.7154971073969,False,False,False
top2_plus_managed_futures_80_20_v1,60,standard,deterministic_stratified_sample,1319,2026-02-26,2026-05-21,False,False,False,False,False,False,2848.9072874116396,-305.22034734662793,False,False,False,False,False,False,False,False,asset_class_tsmom_top2_v1,managed_futures_proxy_etf_trend_v1,-175.0396622514639,23.946949663101233,1.158491758158747,-0.15849175815873207,0.0,available_final_equity_window_contribution,2863.119248982482,2780.9958846390464,3117.5943863780453,-361.72291683665117,-368.2483640357582,-172.07934841021506,True,True,True
top2_plus_managed_futures_80_20_v1,60,standard,deterministic_stratified_sample,1319,2026-02-27,2026-05-22,False,False,False,False,False,False,2832.318264041353,-303.88273871634647,False,False,False,False,False,False,False,False,asset_class_tsmom_top2_v1,managed_futures_proxy_etf_trend_v1,-188.3885675915797,20.706831632932563,1.1234888911099967,-0.12348889110999654,0.0,available_final_equity_window_contribution,2846.011811401722,2764.3791427671435,3144.953265337564,-360.222684187313,-366.7210673313566,-160.1400475542482,True,True,True
top2_plus_managed_futures_80_20_v1,60,standard,deterministic_stratified_sample,1319,2026-03-02,2026-05-26,False,False,False,False,False,False,2822.3152183381153,-302.2128422107371,False,False,False,False,False,False,False,False,asset_class_tsmom_top2_v1,managed_futures_proxy_etf_trend_v1,-195.48076432772226,17.795982665838988,1.1001547937836422,-0.10015479378365029,0.0,available_final_equity_window_contribution,2836.9445046576725,2755.5719152131674,3164.032377426684,-357.80953165039455,-364.26438175096564,-160.04904706195612,True,True,True
top2_plus_managed_futures_80_20_v1,60,standard,deterministic_stratified_sample,1319,2026-03-03,2026-05-27,False,False,False,False,False,False,2875.5537987605376,-264.4849963786687,False,False,False,False,False,False,False,False,asset_class_tsmom_top2_v1,managed_futures_proxy_etf_trend_v1,-150.3939575313704,25.947756291906813,1.2085058124191246,-0.2085058124191152,0.0,available_final_equity_window_contribution,2895.159276950724,2812.116902722755,3191.616342428209,-309.6881884413365,-316.3202013377736,-155.96007796201047,True,True,True
top2_plus_managed_futures_80_20_v1,60,standard,deterministic_stratified_sample,1319,2026-03-04,2026-05-28,False,False,False,False,False,False,2870.2461592362383,-262.348056741871,False,False,False,False,False,False,False,False,asset_class_tsmom_top2_v1,managed_futures_proxy_etf_trend_v1,-148.63454182659262,18.880701062830003,1.1455116931544738,-0.14551169315446655,0.0,available_final_equity_window_contribution,2896.7696608762176,2813.6810957164885,3186.7396371517007,-307.4021272311029,-313.9851838289346,-154.86744041602196,True,True,True
top2_plus_managed_futures_80_20_v1,60,standard,deterministic_stratified_sample,1319,2026-03-05,2026-05-29,False,False,False,False,False,False,2906.8456630375904,-264.59868326889546,False,False,False,False,False,False,False,False,asset_class_tsmom_top2_v1,managed_futures_proxy_etf_trend_v1,-113.52853396232994,20.37419699992043,1.2187144223692117,-0.2187144223692128,0.0,available_final_equity_window_contribution,2941.517586472296,2857.1455085148946,3212.5910087396296,-310.13023671770316,-316.7717161355604,-138.91532880024806,True,True,False
top2_plus_managed_futures_80_20_v1,90,standard,deterministic_stratified_sample,1289,2020-12-02,2021-04-13,False,False,False,False,False,False,3006.3437460332166,-9.808054701336914,False,False,True,False,False,False,False,False,asset_class_tsmom_top2_v1,managed_futures_proxy_etf_trend_v1,5.074996826573741,1.2687492066434352,0.8000000000000757,0.2000000000000189,0.0,available_final_equity_window_contribution,3123.8457910306975,3379.9068204122946,3402.311329683693,-190.28627797031095,-130.06810438636467,-130.93029148366577,False,False,False
top2_plus_managed_futures_80_20_v1,90,standard,deterministic_stratified_sample,1289,2021-02-12,2021-06-22,False,False,False,False,False,False,3007.515841402162,-10.469370822454493,False,False,False,False,False,False,False,False,asset_class_tsmom_top2_v1,managed_futures_proxy_etf_trend_v1,6.012673121729021,1.5031682804322553,0.7999999999999128,0.1999999999999782,0.0,available_final_equity_window_contribution,3086.608551309674,3126.872190991245,3254.0074149512307,-162.76881135850226,-151.7003536033044,-128.09225557887203,False,False,False
top2_plus_managed_futures_80_20_v1,90,standard,deterministic_stratified_sample,1289,2021-05-07,2021-09-14,False,False,False,False,False,False,2989.8888069872683,-10.111193012732656,False,False,False,False,False,False,False,False,asset_class_tsmom_top2_v1,managed_futures_proxy_etf_trend_v1,-8.088954410184913,-2.0222386025462282,0.7999999999999521,0.19999999999998802,0.0,available_final_equity_window_contribution,3060.0819122712905,3032.051200184288,3167.0362291467986,-137.41137102794664,-140.64525350928216,-118.75758579691137,False,False,False
top2_plus_managed_futures_80_20_v1,90,standard,deterministic_stratified_sample,1289,2021-10-08,2022-02-15,False,False,False,False,False,False,3008.791861896348,-221.49482336034907,False,False,False,False,False,False,False,False,asset_class_tsmom_top2_v1,managed_futures_proxy_etf_trend_v1,22.49672232350794,-13.704860427159652,2.558812068334745,-1.5588120683347246,0.0,available_final_equity_window_contribution,3063.6667467389634,3025.7020597128994,2959.130894601163,-181.74536910385132,-240.67579625761573,-326.04796160553224,True,True,True
top2_plus_managed_futures_80_20_v1,90,standard,deterministic_stratified_sample,1289,2021-11-22,2022-03-31,False,False,False,False,False,False,2785.9296626373953,-294.2927523737085,False,False,False,False,False,False,False,False,asset_class_tsmom_top2_v1,managed_futures_proxy_etf_trend_v1,-227.7016510779923,13.631313715388542,1.063676798398734,-0.0636767983987386,0.0,available_final_equity_window_contribution,2978.6306260737465,2713.726932778804,2750.8321534733877,-170.9602288131432,-331.9444062461903,-372.7468284045508,True,True,True
top2_plus_managed_futures_80_20_v1,90,standard,deterministic_stratified_sample,1289,2022-02-28,2022-07-07,False,False,False,False,False,False,2825.817790868653,-322.6698496832546,False,False,False,False,False,False,False,False,asset_class_tsmom_top2_v1,managed_futures_proxy_etf_trend_v1,-283.84282628684184,109.66061715549752,1.6295741551469367,-0.6295741551469521,0.0,available_final_equity_window_contribution,2845.03480085217,2657.287766537315,2958.074605443341,-269.90850518778325,-454.7484926215343,-157.85391395066745,True,True,True
top2_plus_managed_futures_80_20_v1,90,standard,deterministic_stratified_sample,1289,2022-03-15,2022-07-22,False,False,False,False,False,False,2873.435547477961,-224.32181590434993,False,False,False,False,False,False,False,False,asset_class_tsmom_top2_v1,managed_futures_proxy_etf_trend_v1,-205.2644843103986,78.70003178836141,1.6218178186695442,-0.6218178186695597,0.0,available_final_equity_window_contribution,2830.904934152048,2751.30967280814,2967.364428601374,-258.5288302478684,-329.0706044402941,-157.83314790406303,True,True,True
top2_plus_managed_futures_80_20_v1,90,standard,deterministic_stratified_sample,1289,2022-06-21,2022-10-26,False,False,False,False,False,False,2986.1693235489597,-87.99930252128888,False,False,False,False,False,False,False,False,asset_class_tsmom_top2_v1,managed_futures_proxy_etf_trend_v1,-20.891357591331143,7.060681140290745,1.510508735077797,-0.5105087350777892,0.0,available_final_equity_window_contribution,2857.23274615257,2973.635357481302,2990.786212458757,-187.4740654018292,-55.853384144094434,-34.51948987346941,False,False,False
top2_plus_managed_futures_80_20_v1,90,standard,deterministic_stratified_sample,1289,2022-08-17,2022-12-22,False,False,False,False,False,False,3019.34468617831,-80.33405335307998,False,False,False,False,False,False,False,False,asset_class_tsmom_top2_v1,managed_futures_proxy_etf_trend_v1,33.403772314314175,-14.059086136003367,1.7267673409852358,-0.7267673409851932,0.0,available_final_equity_window_contribution,3002.38045943379,3041.6627753707553,2953.863972664536,-119.34158270239777,-9.681347196198203,-86.6914964304492,False,False,False
top2_plus_managed_futures_80_20_v1,90,standard,deterministic_stratified_sample,1289,2022-09-20,2023-01-27,False,False,False,False,False,False,3089.694550635904,-79.19688926837352,False,False,False,False,False,False,False,False,asset_class_tsmom_top2_v1,managed_futures_proxy_etf_trend_v1,140.84923287714076,-51.15468224123754,1.5703209601761492,-0.5703209601761561,0.0,available_final_equity_window_contribution,3218.5078796576504,3179.461438913277,2979.8269735416898,-87.30232867916266,-38.14207477519676,-115.99930643492598,False,False,False
top2_plus_managed_futures_80_20_v1,90,standard,deterministic_stratified_sample,1289,2022-12-22,2023-05-03,False,False,False,False,False,False,3245.0613398170103,-154.70676760924243,False,False,True,False,False,False,False,False,asset_class_tsmom_top2_v1,managed_futures_proxy_etf_trend_v1,237.80309734730145,7.258242469706771,0.9703819359058076,0.029618064094183813,0.0,available_final_equity_window_contribution,3180.2898825945376,3297.731985499008,2960.3736468633183,-172.78343275338693,-199.31842567841113,-282.93330147824327,False,False,False
top2_plus_managed_futures_80_20_v1,90,standard,deterministic_stratified_sample,1289,2023-01-20,2023-05-30,False,False,False,False,False,False,3118.3061986474668,-149.02620892886034,False,False,False,False,False,False,False,False,asset_class_tsmom_top2_v1,managed_futures_proxy_etf_trend_v1,108.79498515771553,9.511213489752022,0.9196051128471036,0.08039488715290305,0.0,available_final_equity_window_contribution,3075.3633712769742,3134.5689757938912,3090.491518987955,-167.74898997267064,-190.21204228144734,-286.82111102074896,False,False,False
top2_plus_managed_futures_80_20_v1,90,standard,deterministic_stratified_sample,1289,2023-06-27,2023-11-01,False,False,False,False,False,False,2908.835131533598,-247.63477362245476,False,False,False,False,False,False,False,False,asset_class_tsmom_top2_v1,managed_futures_proxy_etf_trend_v1,-101.07574536916613,9.91087690276277,1.1087137739513855,-0.1087137739513697,0.0,available_final_equity_window_contribution,2986.5982310294585,2874.4159137277884,2874.1147281772573,-232.15724059944296,-323.0687631623068,-275.46917922818875,True,True,True
top2_plus_managed_futures_80_20_v1,90,standard,deterministic_stratified_sample,1289,2023-07-13,2023-11-16,False,False,False,False,False,False,2969.5436212337945,-242.18280998015143,False,False,False,False,False,False,False,False,asset_class_tsmom_top2_v1,managed_futures_proxy_etf_trend_v1,-15.867891520957421,-14.588487245247414,0.5210038804273243,0.4789961195726543,0.0,available_final_equity_window_contribution,3000.4692384639397,2979.859578810719,2967.489896176671,-225.9358261326547,-314.4110763647036,-267.26443987306584,True,True,True
top2_plus_managed_futures_80_20_v1,90,standard,deterministic_stratified_sample,1289,2023-11-28,2024-04-08,True,False,False,False,False,False,3356.3225034306483,-51.983857733936475,True,True,True,True,False,False,False,False,asset_class_tsmom_top2_v1,managed_futures_proxy_etf_trend_v1,340.0932465591126,16.229256871538247,0.9544534607966614,0.04554653920334553,0.0,available_final_equity_window_contribution,3441.1352219301043,3430.2025524375026,3445.197767561372,-68.11912943286916,-67.90271133820625,-67.08153765947736,False,False,False
top2_plus_managed_futures_80_20_v1,90,standard,deterministic_stratified_sample,1289,2024-04-29,2024-09-05,False,False,False,False,False,False,3177.254153471554,-184.77677532007283,False,False,False,False,False,False,False,False,asset_class_tsmom_top2_v1,managed_futures_proxy_etf_trend_v1,189.80573168862412,-12.551578217067238,1.0708111938211038,-0.07081119382108876,0.0,available_final_equity_window_contribution,3237.8839419912697,3237.883941991269,3243.047842274043,-188.30532078174247,-188.30532078174247,-280.1617473984852,True,True,True
top2_plus_managed_futures_80_20_v1,90,standard,deterministic_stratified_sample,1289,2024-05-02,2024-09-10,False,False,False,False,False,False,3216.0933645912633,-186.99118312363635,True,False,True,False,False,False,False,False,asset_class_tsmom_top2_v1,managed_futures_proxy_etf_trend_v1,220.70726637874637,-4.613901787482288,1.0213514274082882,-0.02135142740828438,0.0,available_final_equity_window_contribution,3276.550331443088,3276.5503314430857,3270.461641764329,-190.582334410999,-190.582334410999,-282.9521373459338,True,True,True
top2_plus_managed_futures_80_20_v1,90,standard,deterministic_stratified_sample,1289,2024-07-05,2024-11-08,False,False,False,False,False,False,3231.161771602784,-176.0344578715385,True,False,True,False,False,False,False,False,asset_class_tsmom_top2_v1,managed_futures_proxy_etf_trend_v1,245.26293864351663,-14.101167040734113,1.0610012933495045,-0.0610012933495111,0.0,available_final_equity_window_contribution,3310.5245404170964,3310.5245404170964,3245.4828633133666,-178.23300975066422,-178.23300975066377,-256.81484854787277,True,True,True
top2_plus_managed_futures_80_20_v1,90,standard,deterministic_stratified_sample,1289,2024-07-08,2024-11-11,False,False,False,False,False,False,3217.981514072814,-176.91381781602104,True,False,True,False,False,False,False,False,asset_class_tsmom_top2_v1,managed_futures_proxy_etf_trend_v1,230.80325607271308,-12.821741999901738,1.0588203181101674,-0.05882031811018058,0.0,available_final_equity_window_contribution,3291.763245665946,3291.7632456659453,3244.8309299107445,-179.24108371063858,-179.24108371063858,-256.5188699256246,True,True,True
top2_plus_managed_futures_80_20_v1,90,standard,deterministic_stratified_sample,1289,2024-07-09,2024-11-12,False,False,False,False,False,False,3200.985803320938,-176.70118040468424,True,False,True,False,False,False,False,False,asset_class_tsmom_top2_v1,managed_futures_proxy_etf_trend_v1,212.23716894043406,-11.251365619495447,1.05598089732502,-0.055980897325016786,0.0,available_final_equity_window_contribution,3268.084203614469,3268.084203614469,3231.6083327091906,-179.00226430795237,-179.00226430795283,-256.26962410958595,True,True,True
top2_plus_managed_futures_80_20_v1,90,standard,deterministic_stratified_sample,1289,2024-10-07,2025-02-14,False,False,False,False,False,False,3214.9843789133574,-101.53824037637241,False,False,False,False,False,False,False,False,asset_class_tsmom_top2_v1,managed_futures_proxy_etf_trend_v1,205.14506249921433,9.83931641414079,0.9542324123088566,0.04576758769113272,0.0,available_final_equity_window_contribution,3256.7080758290285,3256.708075829029,3232.222974427229,-128.21913637862008,-128.21913637862008,-134.02454979764389,False,False,False
top2_plus_managed_futures_80_20_v1,90,standard,deterministic_stratified_sample,1289,2025-02-07,2025-06-17,False,False,False,False,False,False,3173.875195640408,-193.5212377484254,False,False,True,False,False,False,False,False,asset_class_tsmom_top2_v1,managed_futures_proxy_etf_trend_v1,164.87966070866514,8.995534931742055,0.9482644151823323,0.05173558481766287,0.0,available_final_equity_window_contribution,3187.739387565979,3203.505267661777,2849.69394336103,-159.16463838082336,-247.2907070786082,-298.8760870692163,False,True,True
top2_plus_managed_futures_80_20_v1,90,standard,deterministic_stratified_sample,1289,2025-03-13,2025-07-22,True,False,False,False,False,False,3255.7076035006985,-196.58064889566413,True,False,True,False,False,False,False,False,asset_class_tsmom_top2_v1,managed_futures_proxy_etf_trend_v1,248.02722910196144,7.680374398738147,0.9699642314362542,0.03003576856375007,0.0,available_final_equity_window_contribution,3338.052375703143,3309.5032253680406,3215.9702083892507,-107.86224727098897,-252.64479354227433,-80.2567939076439,False,True,False
top2_plus_managed_futures_80_20_v1,90,standard,deterministic_stratified_sample,1289,2025-04-24,2025-09-02,False,False,False,False,False,False,3053.2558545008383,-131.2227381558755,False,False,False,False,False,False,False,False,asset_class_tsmom_top2_v1,managed_futures_proxy_etf_trend_v1,46.02021353922292,7.2356409616162916,0.8641343561297762,0.13586564387024153,0.0,available_final_equity_window_contribution,3241.090241586086,3055.911679928628,3298.0753892183748,-102.2097991064411,-164.90376147668348,-80.83904803501218,False,False,False
top2_plus_managed_futures_80_20_v1,90,standard,deterministic_stratified_sample,1289,2025-04-25,2025-09-03,False,False,False,False,False,False,3095.700193824879,-132.35918265299188,False,False,False,False,False,False,False,False,asset_class_tsmom_top2_v1,managed_futures_proxy_etf_trend_v1,87.75669587894429,7.943497945932049,0.9169960098464321,0.08300399015353913,0.0,available_final_equity_window_contribution,3279.6278650629647,3108.331188185391,3314.50338828097,-102.74434113776579,-166.71119080618564,-80.80378562296755,False,False,False
top2_plus_managed_futures_80_20_v1,90,standard,deterministic_stratified_sample,1289,2025-04-28,2025-09-04,False,False,False,False,False,False,3067.5238055320274,-130.86529589424435,False,False,False,False,False,False,False,False,asset_class_tsmom_top2_v1,managed_futures_proxy_etf_trend_v1,57.7927365333276,9.73106899870003,0.855886839877764,0.1441131601222396,0.0,available_final_equity_window_contribution,3262.6748207866044,3070.718593223263,3341.839788960628,-102.01235356452162,-164.37021322687224,-80.7949906050103,False,False,False
top2_plus_managed_futures_80_20_v1,90,standard,deterministic_stratified_sample,1289,2025-04-29,2025-09-05,False,False,False,False,False,False,3107.5318353565135,-106.62455779809443,True,False,False,False,False,False,False,False,asset_class_tsmom_top2_v1,managed_futures_proxy_etf_trend_v1,94.78223888615942,12.749596470354856,0.8814342150109892,0.11856578498901792,0.0,available_final_equity_window_contribution,3300.636922577944,3117.1201797198655,3341.9678779613023,-102.66289188419069,-136.4826309947307,-81.03277032239157,False,False,False
top2_plus_managed_futures_80_20_v1,90,standard,deterministic_stratified_sample,1289,2025-04-30,2025-09-08,False,False,False,False,False,False,3144.2687167955037,-104.00392489698015,True,False,False,False,False,False,False,False,asset_class_tsmom_top2_v1,managed_futures_proxy_etf_trend_v1,130.65110995656414,13.617606838940665,0.9056094270371722,0.09439057296283566,0.0,available_final_equity_window_contribution,3330.8621884176746,3162.3596049742996,3339.9819856703007,-102.89076645366913,-130.31555366367775,-80.78614842247907,False,False,False
top2_plus_managed_futures_80_20_v1,90,standard,deterministic_stratified_sample,1289,2025-05-01,2025-09-09,False,False,False,False,False,False,3197.695448178109,-105.75627995884133,True,False,False,False,False,False,False,False,asset_class_tsmom_top2_v1,managed_futures_proxy_etf_trend_v1,183.59939979817503,14.096048379936216,0.9286981642226052,0.07130183577740604,0.0,available_final_equity_window_contribution,3365.481686017585,3229.5100492722345,3346.8985198265445,-103.95799321524055,-133.07992819835772,-80.76673186496191,False,False,False
top2_plus_managed_futures_80_20_v1,90,standard,deterministic_stratified_sample,1289,2025-05-08,2025-09-16,False,False,False,False,False,False,3230.474539998876,-65.00192773342587,True,False,False,False,False,False,False,False,asset_class_tsmom_top2_v1,managed_futures_proxy_etf_trend_v1,208.07600571175263,22.398534287122764,0.9028155809000308,0.09718441909996652,0.0,available_final_equity_window_contribution,3380.703001784535,3260.4067755766587,3404.055992662058,-62.95192223124832,-83.56353607078017,-80.9424792190157,False,False,False
top2_plus_managed_futures_80_20_v1,90,standard,deterministic_stratified_sample,1289,2025-08-15,2025-12-22,True,True,False,False,False,False,3524.8972532613884,-141.40629707635844,True,True,True,True,False,False,False,False,asset_class_tsmom_top2_v1,managed_futures_proxy_etf_trend_v1,477.93350487182374,46.96374838955964,0.9105277307172769,0.08947226928271355,0.0,available_final_equity_window_contribution,3584.659659534046,3603.4811967500673,3211.2918095102204,-170.0220915355012,-170.91480588702098,-162.9833701839948,False,False,False
top2_plus_managed_futures_80_20_v1,90,standard,deterministic_stratified_sample,1289,2025-10-02,2026-02-10,True,True,False,False,False,False,3463.9620802146733,-213.08933011380032,True,True,True,True,False,False,False,False,asset_class_tsmom_top2_v1,managed_futures_proxy_etf_trend_v1,404.1874485230733,59.774631691595246,0.8711648338503385,0.12883516614965124,0.0,available_final_equity_window_contribution,3506.774774070241,3506.774774070241,3111.825070780154,-252.05420585426737,-252.05420585426737,-156.2716207712033,True,True,False
top2_plus_managed_futures_80_20_v1,90,standard,deterministic_stratified_sample,1289,2025-10-03,2026-02-11,True,True,False,False,False,False,3468.473948105472,-212.38075868632086,True,True,True,True,False,False,False,False,asset_class_tsmom_top2_v1,managed_futures_proxy_etf_trend_v1,408.5541870633787,59.91976104208897,0.8720958523213268,0.12790414767866376,0.0,available_final_equity_window_contribution,3512.121069631771,3512.121069631769,3111.1519996771344,-251.04773408271194,-251.04773408271194,-156.2739285249113,True,True,False
top2_plus_managed_futures_80_20_v1,90,standard,deterministic_stratified_sample,1289,2025-10-06,2026-02-12,True,True,False,False,False,False,3352.1578134960223,-210.0795456627866,True,True,True,True,False,False,False,False,asset_class_tsmom_top2_v1,managed_futures_proxy_etf_trend_v1,308.63970997283855,43.51810352318151,0.8764244271874567,0.12357557281253695,0.0,available_final_equity_window_contribution,3386.0292830291783,3386.0292830291787,3052.142521979451,-248.26321786228482,-248.26321786228482,-155.7154971073969,True,True,False
top2_plus_managed_futures_80_20_v1,90,standard,deterministic_stratified_sample,1289,2026-01-13,2026-05-21,False,False,False,False,False,False,3025.746248186932,-325.88684291900336,False,False,False,False,False,False,False,False,asset_class_tsmom_top2_v1,managed_futures_proxy_etf_trend_v1,-29.93632277803899,55.68257096497152,-1.1627450555391496,2.16274505553917,0.0,available_final_equity_window_contribution,3048.330488854325,2960.8946772078625,3097.5072763897274,-412.7041787303665,-419.6517481190731,-197.73747913717898,True,True,True
top2_plus_managed_futures_80_20_v1,90,standard,deterministic_stratified_sample,1289,2026-01-14,2026-05-22,False,False,False,False,False,False,3012.1109133794575,-324.8883181686547,False,False,False,False,False,False,False,False,asset_class_tsmom_top2_v1,managed_futures_proxy_etf_trend_v1,-40.62226750594222,52.733180885399044,-3.3541869414114927,4.354186941411434,0.0,available_final_equity_window_contribution,3034.683515001432,2947.6391419603624,3125.045635655995,-411.6119685301737,-418.541151368554,-198.71420662589708,True,True,True
top2_plus_managed_futures_80_20_v1,90,standard,deterministic_stratified_sample,1289,2026-01-15,2026-05-26,False,False,False,False,False,False,3023.718680344656,-325.49771046634123,False,False,False,False,False,False,False,False,asset_class_tsmom_top2_v1,managed_futures_proxy_etf_trend_v1,-28.06693625881736,51.78561660347184,-1.1833262159182847,2.183326215918214,0.0,available_final_equity_window_contribution,3050.6093449786326,2963.108168492111,3137.248191020821,-412.3138186850415,-419.25481665130883,-198.17453487948887,True,True,True
top2_plus_managed_futures_80_20_v1,90,standard,deterministic_stratified_sample,1289,2026-01-16,2026-05-27,False,False,False,False,False,False,3013.2493549370256,-326.627730775127,False,False,False,False,False,False,False,False,asset_class_tsmom_top2_v1,managed_futures_proxy_etf_trend_v1,-37.71611278222167,50.96546771924518,-2.8466376636060375,3.8466376636058794,0.0,available_final_equity_window_contribution,3038.638990676575,2951.481162015336,3139.335175682454,-413.48330614811584,-420.4439915702369,-198.34071940961576,True,True,True
top2_plus_managed_futures_80_20_v1,90,standard,deterministic_stratified_sample,1289,2026-01-20,2026-05-28,False,False,False,False,False,False,3010.4994661529217,-324.2916002562738,False,False,False,False,False,False,False,False,asset_class_tsmom_top2_v1,managed_futures_proxy_etf_trend_v1,-39.13172058007069,49.63118673299381,-3.7270200227448043,4.727020022744936,0.0,available_final_equity_window_contribution,3036.4020103182756,2949.3083453669733,3222.248103471704,-409.9008974952576,-416.8012757192,-202.46219901202176,True,True,True
top2_plus_managed_futures_80_20_v1,90,standard,deterministic_stratified_sample,1289,2026-01-21,2026-05-29,False,False,False,False,False,False,2989.5256658319518,-320.70551567739085,False,False,False,False,False,False,False,False,asset_class_tsmom_top2_v1,managed_futures_proxy_etf_trend_v1,-54.167418299581676,43.69308413153476,5.171442635926048,-4.171442635926175,0.0,available_final_equity_window_contribution,3016.799706426428,2930.268297883078,3193.4204703525243,-404.61858990477504,-411.4300443900984,-200.1522263156362,True,True,True
top2_plus_managed_futures_80_20_v1,180,standard,deterministic_stratified_sample,1199,2020-12-02,2021-08-19,False,False,False,False,False,False,3005.688495206391,-10.79137467802775,True,False,True,True,False,False,False,False,asset_class_tsmom_top2_v1,managed_futures_proxy_etf_trend_v1,4.550796165112913,1.1376990412782282,0.8000000000000124,0.2000000000000031,0.0,available_final_equity_window_contribution,3263.664995839427,3439.7843908844343,3636.6719954504715,-190.28627797031095,-162.00994423662587,-137.7042285340085,False,False,False
top2_plus_managed_futures_80_20_v1,180,standard,deterministic_stratified_sample,1199,2021-02-12,2021-10-28,False,False,False,False,False,False,3142.9334287921715,-42.537090514359534,False,False,True,False,False,False,False,False,asset_class_tsmom_top2_v1,managed_futures_proxy_etf_trend_v1,129.21957371206005,13.713855080110697,0.904054249618179,0.09594575038181555,0.0,available_final_equity_window_contribution,3239.1387022848135,3374.967295712079,3536.089652681517,-162.76881135850226,-168.24480015955214,-178.24561913239995,False,False,False
top2_plus_managed_futures_80_20_v1,180,standard,deterministic_stratified_sample,1199,2021-04-27,2022-01-10,False,False,False,False,False,False,3091.867046156317,-144.67549081262996,False,False,False,False,False,False,False,False,asset_class_tsmom_top2_v1,managed_futures_proxy_etf_trend_v1,109.87146318214346,-18.004417025823333,1.1959834105821903,-0.19598341058215585,0.0,available_final_equity_window_contribution,3208.854463493724,3138.298961490243,3378.3429863103183,-149.9534585610363,-157.702600670445,-167.07676949680308,False,False,False
top2_plus_managed_futures_80_20_v1,180,standard,deterministic_stratified_sample,1199,2021-09-17,2022-06-03,False,False,False,False,False,False,2880.4218293861823,-395.9900058760327,False,False,False,False,False,False,False,False,asset_class_tsmom_top2_v1,managed_futures_proxy_etf_trend_v1,-233.75401370696602,114.17584309314952,1.9548217915281838,-0.9548217915281941,0.0,available_final_equity_window_contribution,3000.305598293574,2698.8053560842213,2828.109036006156,-224.9718940800767,-586.6655557645936,-431.348421654342,True,True,True
top2_plus_managed_futures_80_20_v1,180,standard,deterministic_stratified_sample,1199,2021-10-27,2022-07-15,False,False,False,False,False,False,2706.42670431602,-402.74989813569664,False,False,False,False,False,False,False,False,asset_class_tsmom_top2_v1,managed_futures_proxy_etf_trend_v1,-384.09658998262404,90.5232942986474,1.3083498929551431,-0.30834989295515514,0.0,available_final_equity_window_contribution,2802.9520520312044,2529.963287813009,2751.57716629965,-301.6943095091142,-574.390338144055,-419.4325307289223,True,True,True
top2_plus_managed_futures_80_20_v1,180,standard,deterministic_stratified_sample,1199,2022-02-09,2022-10-26,False,False,False,False,False,False,2774.8579553748255,-324.8278281576695,False,False,False,False,False,False,False,False,asset_class_tsmom_top2_v1,managed_futures_proxy_etf_trend_v1,-370.6876393529952,145.54559472781742,1.646461192844414,-0.6464611928443997,0.0,available_final_equity_window_contribution,2751.281139775057,2550.608552152688,2772.64826227601,-369.75017900215835,-464.4303703012247,-238.96180074346603,True,True,True
top2_plus_managed_futures_80_20_v1,180,standard,deterministic_stratified_sample,1199,2022-02-28,2022-11-11,False,False,False,False,False,False,2853.817666662973,-336.40269146526,False,False,False,False,False,False,False,False,asset_class_tsmom_top2_v1,managed_futures_proxy_etf_trend_v1,-259.89627480655173,113.71394146952618,1.777891136867779,-0.7778911368677894,0.0,available_final_equity_window_contribution,2870.6867775823343,2685.25698459724,2962.0382627089716,-373.3780307912425,-455.0399642396492,-176.66237521543462,True,True,True
top2_plus_managed_futures_80_20_v1,180,standard,deterministic_stratified_sample,1199,2022-06-21,2023-03-08,False,False,False,False,False,False,2946.784025591887,-152.25724325120746,False,False,False,False,False,False,False,False,asset_class_tsmom_top2_v1,managed_futures_proxy_etf_trend_v1,-9.399984668290928,-43.81598973982298,0.1766384017739197,0.8233615982260937,0.0,available_final_equity_window_contribution,2945.049509119881,2987.3527510754193,2914.001657196393,-187.4740654018292,-199.40627343072674,-160.996781595039,False,False,False
top2_plus_managed_futures_80_20_v1,180,standard,deterministic_stratified_sample,1199,2022-07-06,2023-03-22,False,False,False,False,False,False,3233.1132558273293,-156.09345718796794,False,False,True,False,False,False,False,False,asset_class_tsmom_top2_v1,managed_futures_proxy_etf_trend_v1,238.33141298112582,-5.21815715379508,1.0223846436157267,-0.02238464361572064,0.0,available_final_equity_window_contribution,3082.0033039611167,3299.3755868937433,2782.0605671384437,-173.53317708691839,-202.34523930185833,-276.679915995946,False,False,False
top2_plus_managed_futures_80_20_v1,180,standard,deterministic_stratified_sample,1199,2022-09-20,2023-06-07,False,False,False,False,False,False,3219.0047761736046,-153.50028820461375,True,False,True,False,False,False,False,False,asset_class_tsmom_top2_v1,managed_futures_proxy_etf_trend_v1,260.1417765850286,-41.13700041142614,1.1878360880075731,-0.18783608800758272,0.0,available_final_equity_window_contribution,3269.247552605481,3331.4814997972444,3043.976067840533,-177.89084218030257,-201.6693465055223,-278.28529664982807,False,False,False
top2_plus_managed_futures_80_20_v1,180,standard,deterministic_stratified_sample,1199,2022-11-25,2023-08-15,True,False,False,False,False,False,3285.1821171074,-154.9773442308906,True,False,True,True,False,False,False,False,asset_class_tsmom_top2_v1,managed_futures_proxy_etf_trend_v1,278.35600171397857,6.826115393418244,0.9760640131903835,0.023935986809606034,0.0,available_final_equity_window_contribution,3210.2497363123134,3349.975309766463,3155.279665801361,-172.78291661665935,-200.58584813259586,-276.79016776011713,False,False,False
top2_plus_managed_futures_80_20_v1,180,standard,deterministic_stratified_sample,1199,2022-12-22,2023-09-12,True,False,False,False,False,False,3306.245630288541,-154.70676760924243,True,False,True,True,False,False,False,False,asset_class_tsmom_top2_v1,managed_futures_proxy_etf_trend_v1,278.78504199064525,27.460588297896564,0.910331493474624,0.08966850652537804,0.0,available_final_equity_window_contribution,3229.8470716125503,3349.119227973518,3247.883585434801,-172.78343275338693,-199.31842567841113,-282.93330147824327,False,False,False
top2_plus_managed_futures_80_20_v1,180,standard,deterministic_stratified_sample,1199,2023-04-21,2024-01-08,False,False,False,False,False,False,3127.2690932591536,-250.62849324094395,False,False,False,False,False,False,False,False,asset_class_tsmom_top2_v1,managed_futures_proxy_etf_trend_v1,148.84245696746592,-21.573363708310236,1.1695098405736517,-0.16950984057363522,0.0,available_final_equity_window_contribution,3250.371126875127,3186.3636631555696,3438.1880627352903,-235.16980076511754,-327.26102563132645,-292.5708178001569,True,True,True
top2_plus_managed_futures_80_20_v1,180,standard,deterministic_stratified_sample,1199,2023-05-19,2024-02-06,False,False,False,False,False,False,3166.6878181216416,-249.14440538956023,True,False,False,False,False,False,False,False,asset_class_tsmom_top2_v1,managed_futures_proxy_etf_trend_v1,187.2297536703819,-20.54193554873859,1.123235973571564,-0.12323597357155378,0.0,available_final_equity_window_contribution,3300.5316663398244,3235.536423445333,3523.703151243272,-233.61321012896406,-325.0948825023265,-288.08396200934067,True,True,True
top2_plus_managed_futures_80_20_v1,180,standard,deterministic_stratified_sample,1199,2023-09-13,2024-05-30,True,True,False,False,False,False,3400.68841221796,-203.1003680432168,True,True,True,True,False,False,False,False,asset_class_tsmom_top2_v1,managed_futures_proxy_etf_trend_v1,404.6512454424675,-3.96283322450393,1.0098900619625404,-0.009890061962531357,0.0,available_final_equity_window_contribution,3588.2102257033393,3517.5499143497063,3492.9590022259035,-160.5701992737686,-250.5611029923557,-219.1696171770359,False,True,True
top2_plus_managed_futures_80_20_v1,180,standard,deterministic_stratified_sample,1199,2024-02-06,2024-10-22,True,True,True,False,False,False,3667.342386712561,-199.9818008416055,True,True,True,True,False,False,False,False,asset_class_tsmom_top2_v1,managed_futures_proxy_etf_trend_v1,638.1130023783659,29.229384334196336,0.9562003179834206,0.04379968201658089,0.0,available_final_equity_window_contribution,3810.133590647037,3810.1335906470395,3575.97884469798,-205.3670176162973,-205.36701761629774,-290.1804038210871,True,True,True
top2_plus_managed_futures_80_20_v1,180,standard,deterministic_stratified_sample,1199,2024-02-09,2024-10-25,True,True,True,False,False,False,3639.146936562085,-199.31344085846013,True,True,True,True,False,False,False,False,asset_class_tsmom_top2_v1,managed_futures_proxy_etf_trend_v1,610.393228661919,28.753707900167853,0.9550123668669528,0.04498763313304998,0.0,available_final_equity_window_contribution,3773.6189560688154,3773.6189560688154,3498.6045578105045,-204.39371573743074,-204.39371573743074,-286.0002062131225,True,True,True
top2_plus_managed_futures_80_20_v1,180,standard,deterministic_stratified_sample,1199,2024-07-01,2025-03-19,True,True,False,False,False,False,3401.4503072465695,-178.97415237080304,True,True,True,True,False,False,False,False,asset_class_tsmom_top2_v1,managed_futures_proxy_etf_trend_v1,406.0571585597294,-4.606851313158782,1.011475520705805,-0.011475520705802496,0.0,available_final_equity_window_contribution,3494.3692509627995,3515.4933491805855,3103.6629709049535,-185.86302159501565,-185.8630215950161,-290.22522535516146,True,True,True
top2_plus_managed_futures_80_20_v1,180,standard,deterministic_stratified_sample,1199,2024-07-05,2025-03-24,True,False,False,False,False,False,3347.971232840848,-176.0344578715385,True,True,True,True,False,False,False,False,asset_class_tsmom_top2_v1,managed_futures_proxy_etf_trend_v1,351.9735992518081,-4.0023664109652435,1.0115020037095723,-0.011502003709587707,0.0,available_final_equity_window_contribution,3399.982673185193,3445.8679077235165,3053.286831972081,-182.0454171185147,-182.0454171185147,-285.35880086648194,True,True,True
top2_plus_managed_futures_80_20_v1,180,standard,deterministic_stratified_sample,1199,2024-07-08,2025-03-25,True,True,False,False,False,False,3373.926588362097,-176.91381781602104,True,True,True,True,False,False,False,False,asset_class_tsmom_top2_v1,managed_futures_proxy_etf_trend_v1,376.4547090631499,-2.5281207010604145,1.006761008122281,-0.006761008122300932,0.0,available_final_equity_window_contribution,3429.1355405891654,3477.146892990737,3054.0491097476597,-183.0750537990989,-183.07505379909935,-285.0299253937269,True,True,True
top2_plus_managed_futures_80_20_v1,180,standard,deterministic_stratified_sample,1199,2024-07-09,2025-03-26,True,True,False,False,False,False,3352.7394425957536,-176.70118040468424,True,True,True,True,False,False,False,False,asset_class_tsmom_top2_v1,managed_futures_proxy_etf_trend_v1,355.59857537348427,-2.859132777732226,1.0081055091449107,-0.008105509144915354,0.0,available_final_equity_window_contribution,3402.710636799493,3450.352013925078,3014.657128173488,-182.83112604498092,-182.83112604498092,-314.9058122687816,True,True,True
top2_plus_managed_futures_80_20_v1,180,standard,deterministic_stratified_sample,1199,2024-07-10,2025-03-27,True,False,False,False,False,False,3347.098975374299,-175.64099540102552,True,True,True,True,False,False,False,False,asset_class_tsmom_top2_v1,managed_futures_proxy_etf_trend_v1,351.62623561001783,-4.527260235721224,1.0130431391531394,-0.013043139153145563,0.0,available_final_equity_window_contribution,3401.1365304424294,3445.544539418328,2982.7853847701554,-181.60029219534454,-181.60029219534454,-314.1540728528039,True,True,True
top2_plus_managed_futures_80_20_v1,180,standard,deterministic_stratified_sample,1199,2024-10-23,2025-07-15,True,True,False,False,False,False,3283.3802995759934,-201.5080713632983,True,True,True,True,False,False,False,False,asset_class_tsmom_top2_v1,managed_futures_proxy_etf_trend_v1,263.7805873229455,19.599712253047972,0.9308360098342268,0.06916399016577357,0.0,available_final_equity_window_contribution,3388.6709310014407,3327.301719018152,3103.528980322775,-166.9278641409337,-259.3522655187121,-311.7011269121226,False,True,True
top2_plus_managed_futures_80_20_v1,180,standard,deterministic_stratified_sample,1199,2024-11-20,2025-08-12,True,True,False,False,False,False,3318.3650886190135,-201.66874859265636,True,True,True,True,False,False,False,False,asset_class_tsmom_top2_v1,managed_futures_proxy_etf_trend_v1,299.02194489553995,19.343143723470742,0.9392422586051155,0.06075774139487582,0.0,available_final_equity_window_contribution,3458.81239822134,3372.168334932557,3138.1197416669834,-167.14577092695072,-259.69082264885856,-305.0975183502601,False,True,True
top2_plus_managed_futures_80_20_v1,180,standard,deterministic_stratified_sample,1199,2024-12-16,2025-09-05,True,False,False,False,False,False,3399.5440060304577,-199.2143255954329,True,True,True,True,False,False,False,False,asset_class_tsmom_top2_v1,managed_futures_proxy_etf_trend_v1,376.355074489469,23.188931540986466,0.9419615081418067,0.058038491858187824,0.0,available_final_equity_window_contribution,3546.386176383225,3470.7470450551937,3075.493897610637,-164.75515398856533,-255.97657205236146,-296.90686206973487,False,True,True
top2_plus_managed_futures_80_20_v1,180,standard,deterministic_stratified_sample,1199,2025-04-17,2026-01-05,True,True,False,False,False,False,3530.022809312716,-182.13781910534544,True,True,True,True,False,False,False,False,asset_class_tsmom_top2_v1,managed_futures_proxy_etf_trend_v1,469.5242561407917,60.49855317191887,0.8858566987892967,0.11414330121069265,0.0,available_final_equity_window_contribution,3802.44188136431,3588.1122717102016,3574.4690485579413,-179.80309772253486,-229.85061795781303,-180.65343202473787,False,True,False
top2_plus_managed_futures_80_20_v1,180,standard,deterministic_stratified_sample,1199,2025-04-24,2026-01-09,True,True,False,False,False,False,3544.0114073153445,-140.2079108917028,True,True,True,True,False,False,False,False,asset_class_tsmom_top2_v1,managed_futures_proxy_etf_trend_v1,483.6890752647766,60.32233205056479,0.8891156853709115,0.11088431462908283,0.0,available_final_equity_window_contribution,3827.2581729852473,3606.7966924991133,3595.708567230705,-178.89944107862493,-168.5942999421518,-180.06426952529455,False,False,False
top2_plus_managed_futures_80_20_v1,180,standard,deterministic_stratified_sample,1199,2025-04-25,2026-01-12,True,True,True,False,False,False,3610.3224481670986,-141.42217079074726,True,True,True,True,False,False,False,False,asset_class_tsmom_top2_v1,managed_futures_proxy_etf_trend_v1,543.1402532315003,67.18219493559177,0.889923441064051,0.11007655893593828,0.0,available_final_equity_window_contribution,3886.3108835319017,3683.326835630058,3599.7845315245027,-179.8350585191547,-170.44217945547416,-179.9857245569783,False,False,False
top2_plus_managed_futures_80_20_v1,180,standard,deterministic_stratified_sample,1199,2025-04-28,2026-01-13,True,True,False,False,False,False,3564.1953090600855,-139.8259935999895,True,True,True,True,False,False,False,False,asset_class_tsmom_top2_v1,managed_futures_proxy_etf_trend_v1,498.3308656765623,65.86444338351922,0.8832594983938288,0.1167405016061642,0.0,available_final_equity_window_contribution,3852.0241680305758,3625.394157872316,3592.1958199675355,-178.55384899839692,-168.04881090747722,-179.9661341669089,False,False,False
top2_plus_managed_futures_80_20_v1,180,standard,deterministic_stratified_sample,1199,2025-04-29,2026-01-14,True,True,True,False,False,False,3605.3553648629113,-141.0073551042242,True,True,True,True,False,False,False,False,asset_class_tsmom_top2_v1,managed_futures_proxy_etf_trend_v1,533.7420436194968,71.61332124341192,0.881700360812641,0.11829963918735478,0.0,available_final_equity_window_contribution,3886.8752432621372,3670.7634135544176,3585.0591968239814,-179.69249659193792,-169.70152137590867,-180.49577463347578,False,False,False
top2_plus_managed_futures_80_20_v1,180,standard,deterministic_stratified_sample,1199,2025-04-30,2026-01-15,True,True,True,False,False,False,3618.0533079273764,-141.76939707144356,True,True,True,True,False,False,False,False,asset_class_tsmom_top2_v1,managed_futures_proxy_etf_trend_v1,549.7446779941065,68.30862993326657,0.8894777698669053,0.11052223013308926,0.0,available_final_equity_window_contribution,3888.8716884051564,3692.140365069513,3583.881299929113,-180.09134908428632,-170.9808377932377,-179.9464387204971,False,False,False
top2_plus_managed_futures_80_20_v1,180,standard,deterministic_stratified_sample,1199,2025-05-01,2026-01-16,True,True,True,False,False,False,3666.2855124742255,-144.15806000720568,True,True,True,True,False,False,False,False,asset_class_tsmom_top2_v1,managed_futures_proxy_etf_trend_v1,601.376241199712,64.9092712745144,0.9025803952520663,0.09741960474793505,0.0,available_final_equity_window_contribution,3918.0954273784887,3759.7971812764445,3580.017812295041,-181.9593331016522,-174.6078420964518,-179.90318946990556,False,False,False
top2_plus_managed_futures_80_20_v1,180,standard,deterministic_stratified_sample,1199,2025-05-08,2026-01-26,True,True,True,False,False,False,3807.009947131045,-143.51308991679252,True,True,True,True,False,False,False,False,asset_class_tsmom_top2_v1,managed_futures_proxy_etf_trend_v1,734.0521587451632,72.95778838587832,0.9095949329432061,0.09040506705678955,0.0,available_final_equity_window_contribution,4074.6790433450547,3929.688929849729,3593.3581912782856,-179.95186093141592,-173.54859813142775,-180.29465646139033,False,False,False
top2_plus_managed_futures_80_20_v1,180,standard,deterministic_stratified_sample,1199,2025-09-04,2026-05-21,True,True,True,False,False,False,3515.653428588016,-378.65210849271716,True,True,True,True,False,False,False,False,asset_class_tsmom_top2_v1,managed_futures_proxy_etf_trend_v1,396.05739457431866,119.59603401369122,0.7680689637976802,0.23193103620230762,0.0,available_final_equity_window_contribution,3598.962005162492,3495.732330704054,3329.558983444518,-487.25250232976214,-495.45503756982725,-212.55110683460316,True,True,True
top2_plus_managed_futures_80_20_v1,180,standard,deterministic_stratified_sample,1199,2025-09-05,2026-05-22,True,True,True,False,False,False,3494.6481054694823,-376.9351057207332,True,True,True,True,False,False,False,False,asset_class_tsmom_top2_v1,managed_futures_proxy_etf_trend_v1,376.64029401014665,118.00781145933371,0.7614307825007606,0.23856921749923551,0.0,available_final_equity_window_contribution,3573.684868186598,3471.180222394071,3352.3582528978714,-484.719891293209,-492.8797919009671,-213.16847438950845,True,True,True
top2_plus_managed_futures_80_20_v1,180,standard,deterministic_stratified_sample,1199,2025-09-08,2026-05-26,True,True,True,False,False,False,3479.3385550113885,-374.54434533056155,True,True,True,True,False,False,False,False,asset_class_tsmom_top2_v1,managed_futures_proxy_etf_trend_v1,367.5681491103284,111.77040590105672,0.7668236682976513,0.23317633170234175,0.0,available_final_equity_window_contribution,3561.6689142300834,3459.5089242059285,3366.34304414654,-481.3875343741511,-489.49133721959925,-212.64605998592242,True,True,True
top2_plus_managed_futures_80_20_v1,180,standard,deterministic_stratified_sample,1199,2025-09-09,2026-05-27,True,True,True,False,False,False,3454.8107018047053,-374.4917352887578,True,True,True,True,False,False,False,False,asset_class_tsmom_top2_v1,managed_futures_proxy_etf_trend_v1,348.70502972996087,106.10567207474037,0.7667036601080113,0.23329633989197973,0.0,available_final_equity_window_contribution,3537.585001364837,3436.115814544833,3357.9971968465998,-481.37746755452736,-489.48110093251535,-212.15561337863437,True,True,True
top2_plus_managed_futures_80_20_v1,180,standard,deterministic_stratified_sample,1199,2025-09-10,2026-05-28,True,True,True,False,False,False,3465.8048970556524,-373.33719167818344,True,True,True,True,False,False,False,False,asset_class_tsmom_top2_v1,managed_futures_proxy_etf_trend_v1,361.9088804034057,103.89601665223931,0.7769537905054835,0.22304620949450055,0.0,available_final_equity_window_contribution,3554.353815096965,3452.403645376849,3366.788875375907,-479.82210981055823,-487.89955989211376,-211.54407029781532,True,True,True
top2_plus_managed_futures_80_20_v1,180,standard,deterministic_stratified_sample,1199,2025-09-11,2026-05-29,True,True,True,False,False,False,3468.053180076209,-372.04021903034345,True,True,True,True,False,False,False,False,asset_class_tsmom_top2_v1,managed_futures_proxy_etf_trend_v1,370.4984595283193,97.55472054788684,0.7915734264811408,0.20842657351885277,0.0,available_final_equity_window_contribution,3565.3546634842896,3463.0889544514034,3347.3597389833894,-478.19176506029316,-486.24176949466937,-209.80059164050454,True,True,True
