attribution_family,experiment_id,horizon,cost_mode,window_start,window_end,target_300_hit,target_400_hit,target_600_hit,target_900_hit,target_1200_hit,benchmark_combo_target_300_hit,benchmark_combo_target_400_hit,benchmark_top2_target_300_hit,benchmark_top2_target_400_hit,incremental_300_vs_combo,incremental_400_vs_combo,incremental_300_vs_top2,incremental_400_vs_top2,component_id,component_return_contribution,component_final_equity_contribution,component_drawdown_contribution,component_recovery_contribution,contribution_status,rank,worst_drawdown,stop_hit,target_hit_before_stop,overlap_with_combo,overlap_with_top2,overlap_with_spy200d
target_window_attribution,combo_plus_top2_50_50_v1,30,standard,2007-01-03,2007-02-14,False,False,False,False,False,False,False,False,False,False,False,False,False,,,,,,,,,,,,,
target_window_attribution,combo_plus_top2_50_50_v1,30,standard,2007-03-21,2007-05-02,False,False,False,False,False,False,False,False,False,False,False,False,False,,,,,,,,,,,,,
target_window_attribution,combo_plus_top2_50_50_v1,30,standard,2008-07-11,2008-08-21,False,False,False,False,False,False,False,False,False,False,False,False,False,,,,,,,,,,,,,
target_window_attribution,combo_plus_top2_50_50_v1,30,standard,2008-08-11,2008-09-22,False,False,False,False,False,False,False,False,False,False,False,False,False,,,,,,,,,,,,,
target_window_attribution,combo_plus_top2_50_50_v1,30,standard,2008-10-28,2008-12-09,False,False,False,False,False,False,False,False,False,False,False,False,False,,,,,,,,,,,,,
target_window_attribution,combo_plus_top2_50_50_v1,30,standard,2008-10-29,2008-12-10,False,False,False,False,False,False,False,False,False,False,False,False,False,,,,,,,,,,,,,
target_window_attribution,combo_plus_top2_50_50_v1,30,standard,2008-10-30,2008-12-11,False,False,False,False,False,False,False,True,False,False,False,False,False,,,,,,,,,,,,,
target_window_attribution,combo_plus_top2_50_50_v1,30,standard,2008-10-31,2008-12-12,False,False,False,False,False,False,False,True,False,False,False,False,False,,,,,,,,,,,,,
target_window_attribution,combo_plus_top2_50_50_v1,30,standard,2008-11-03,2008-12-15,False,False,False,False,False,False,False,True,False,False,False,False,False,,,,,,,,,,,,,
target_window_attribution,combo_plus_top2_50_50_v1,30,standard,2008-11-05,2008-12-17,True,False,False,False,False,False,False,True,False,True,False,False,False,,,,,,,,,,,,,
target_window_attribution,combo_plus_top2_50_50_v1,30,standard,2009-05-28,2009-07-09,False,False,False,False,False,False,False,False,False,False,False,False,False,,,,,,,,,,,,,
target_window_attribution,combo_plus_top2_50_50_v1,30,standard,2010-03-19,2010-04-30,False,False,False,False,False,False,False,False,False,False,False,False,False,,,,,,,,,,,,,
target_window_attribution,combo_plus_top2_50_50_v1,30,standard,2011-10-25,2011-12-06,False,False,False,False,False,False,False,False,False,False,False,False,False,,,,,,,,,,,,,
target_window_attribution,combo_plus_top2_50_50_v1,30,standard,2012-05-03,2012-06-14,False,False,False,False,False,False,False,False,False,False,False,False,False,,,,,,,,,,,,,
target_window_attribution,combo_plus_top2_50_50_v1,30,standard,2013-06-06,2013-07-18,False,False,False,False,False,False,False,False,False,False,False,False,False,,,,,,,,,,,,,
target_window_attribution,combo_plus_top2_50_50_v1,30,standard,2015-01-13,2015-02-25,False,False,False,False,False,False,False,False,False,False,False,False,False,,,,,,,,,,,,,
target_window_attribution,combo_plus_top2_50_50_v1,30,standard,2015-05-08,2015-06-19,False,False,False,False,False,False,False,False,False,False,False,False,False,,,,,,,,,,,,,
target_window_attribution,combo_plus_top2_50_50_v1,30,standard,2016-01-12,2016-02-24,False,False,False,False,False,False,False,False,False,False,False,False,False,,,,,,,,,,,,,
target_window_attribution,combo_plus_top2_50_50_v1,30,standard,2016-08-22,2016-10-03,False,False,False,False,False,False,False,False,False,False,False,False,False,,,,,,,,,,,,,
target_window_attribution,combo_plus_top2_50_50_v1,30,standard,2017-08-09,2017-09-20,False,False,False,False,False,False,False,False,False,False,False,False,False,,,,,,,,,,,,,
target_window_attribution,combo_plus_top2_50_50_v1,30,standard,2017-10-09,2017-11-17,False,False,False,False,False,False,False,False,False,False,False,False,False,,,,,,,,,,,,,
target_window_attribution,combo_plus_top2_50_50_v1,30,standard,2017-10-10,2017-11-20,False,False,False,False,False,False,False,False,False,False,False,False,False,,,,,,,,,,,,,
target_window_attribution,combo_plus_top2_50_50_v1,30,standard,2017-10-11,2017-11-21,False,False,False,False,False,False,False,False,False,False,False,False,False,,,,,,,,,,,,,
target_window_attribution,combo_plus_top2_50_50_v1,30,standard,2017-10-19,2017-11-30,False,False,False,False,False,False,False,False,False,False,False,False,False,,,,,,,,,,,,,
target_window_attribution,combo_plus_top2_50_50_v1,30,standard,2017-10-20,2017-12-01,False,False,False,False,False,False,False,False,False,False,False,False,False,,,,,,,,,,,,,
target_window_attribution,combo_plus_top2_50_50_v1,30,standard,2018-04-02,2018-05-11,False,False,False,False,False,False,False,False,False,False,False,False,False,,,,,,,,,,,,,
target_window_attribution,combo_plus_top2_50_50_v1,30,standard,2018-09-24,2018-11-02,False,False,False,False,False,False,False,False,False,False,False,False,False,,,,,,,,,,,,,
target_window_attribution,combo_plus_top2_50_50_v1,30,standard,2019-11-06,2019-12-18,False,False,False,False,False,False,False,False,False,False,False,False,False,,,,,,,,,,,,,
target_window_attribution,combo_plus_top2_50_50_v1,30,standard,2021-06-17,2021-07-29,False,False,False,False,False,False,False,False,False,False,False,False,False,,,,,,,,,,,,,
target_window_attribution,combo_plus_top2_50_50_v1,30,standard,2022-05-18,2022-06-30,False,False,False,False,False,False,False,False,False,False,False,False,False,,,,,,,,,,,,,
target_window_attribution,combo_plus_top2_50_50_v1,30,standard,2023-01-20,2023-03-03,False,False,False,False,False,False,False,False,False,False,False,False,False,,,,,,,,,,,,,
target_window_attribution,combo_plus_top2_50_50_v1,30,standard,2023-01-25,2023-03-08,False,False,False,False,False,False,False,False,False,False,False,False,False,,,,,,,,,,,,,
target_window_attribution,combo_plus_top2_50_50_v1,30,standard,2024-09-04,2024-10-15,False,False,False,False,False,False,False,False,False,False,False,False,False,,,,,,,,,,,,,
target_window_attribution,combo_plus_top2_50_50_v1,30,standard,2026-04-07,2026-05-18,False,False,False,False,False,False,False,False,False,False,False,False,False,,,,,,,,,,,,,
target_window_attribution,combo_plus_top2_50_50_v1,30,standard,2026-04-10,2026-05-21,False,False,False,False,False,False,False,False,False,False,False,False,False,,,,,,,,,,,,,
target_window_attribution,combo_plus_top2_50_50_v1,30,standard,2026-04-13,2026-05-22,False,False,False,False,False,False,False,False,False,False,False,False,False,,,,,,,,,,,,,
target_window_attribution,combo_plus_top2_50_50_v1,30,standard,2026-04-14,2026-05-26,False,False,False,False,False,False,False,False,False,False,False,False,False,,,,,,,,,,,,,
target_window_attribution,combo_plus_top2_50_50_v1,30,standard,2026-04-15,2026-05-27,False,False,False,False,False,False,False,False,False,False,False,False,False,,,,,,,,,,,,,
target_window_attribution,combo_plus_top2_50_50_v1,30,standard,2026-04-16,2026-05-28,False,False,False,False,False,False,False,False,False,False,False,False,False,,,,,,,,,,,,,
target_window_attribution,combo_plus_top2_50_50_v1,30,standard,2026-04-17,2026-05-29,False,False,False,False,False,False,False,False,False,False,False,False,False,,,,,,,,,,,,,
target_window_attribution,combo_plus_top2_50_50_v1,60,standard,2007-01-03,2007-03-29,False,False,False,False,False,False,False,False,False,False,False,False,False,,,,,,,,,,,,,
target_window_attribution,combo_plus_top2_50_50_v1,60,standard,2007-03-21,2007-06-14,False,False,False,False,False,False,False,False,False,False,False,False,False,,,,,,,,,,,,,
target_window_attribution,combo_plus_top2_50_50_v1,60,standard,2008-07-08,2008-09-30,False,False,False,False,False,False,False,False,False,False,False,False,False,,,,,,,,,,,,,
target_window_attribution,combo_plus_top2_50_50_v1,60,standard,2008-08-06,2008-10-29,False,False,False,False,False,False,False,False,False,False,False,False,False,,,,,,,,,,,,,
target_window_attribution,combo_plus_top2_50_50_v1,60,standard,2008-10-28,2009-01-23,True,False,False,False,False,True,False,True,True,False,False,False,False,,,,,,,,,,,,,
target_window_attribution,combo_plus_top2_50_50_v1,60,standard,2008-10-29,2009-01-26,True,False,False,False,False,True,False,True,True,False,False,False,False,,,,,,,,,,,,,
target_window_attribution,combo_plus_top2_50_50_v1,60,standard,2008-10-30,2009-01-27,True,False,False,False,False,True,False,True,True,False,False,False,False,,,,,,,,,,,,,
target_window_attribution,combo_plus_top2_50_50_v1,60,standard,2008-10-31,2009-01-28,True,False,False,False,False,True,False,True,True,False,False,False,False,,,,,,,,,,,,,
target_window_attribution,combo_plus_top2_50_50_v1,60,standard,2008-11-03,2009-01-29,True,False,False,False,False,True,False,True,True,False,False,False,False,,,,,,,,,,,,,
target_window_attribution,combo_plus_top2_50_50_v1,60,standard,2008-11-05,2009-02-02,True,False,False,False,False,True,False,True,False,False,False,False,False,,,,,,,,,,,,,
target_window_attribution,combo_plus_top2_50_50_v1,60,standard,2009-05-19,2009-08-12,False,False,False,False,False,False,False,False,False,False,False,False,False,,,,,,,,,,,,,
target_window_attribution,combo_plus_top2_50_50_v1,60,standard,2010-03-12,2010-06-07,False,False,False,False,False,False,False,False,False,False,False,False,False,,,,,,,,,,,,,
target_window_attribution,combo_plus_top2_50_50_v1,60,standard,2011-10-13,2012-01-09,False,False,False,False,False,False,False,False,False,False,False,False,False,,,,,,,,,,,,,
target_window_attribution,combo_plus_top2_50_50_v1,60,standard,2012-04-27,2012-07-23,False,False,False,False,False,False,False,False,False,False,False,False,False,,,,,,,,,,,,,
target_window_attribution,combo_plus_top2_50_50_v1,60,standard,2013-05-22,2013-08-15,False,False,False,False,False,False,False,False,False,False,False,False,False,,,,,,,,,,,,,
target_window_attribution,combo_plus_top2_50_50_v1,60,standard,2014-12-24,2015-03-23,False,False,False,False,False,False,False,False,False,False,False,False,False,,,,,,,,,,,,,
target_window_attribution,combo_plus_top2_50_50_v1,60,standard,2015-04-28,2015-07-22,False,False,False,False,False,False,False,False,False,False,False,False,False,,,,,,,,,,,,,
target_window_attribution,combo_plus_top2_50_50_v1,60,standard,2015-12-21,2016-03-17,False,False,False,False,False,False,False,False,False,False,False,False,False,,,,,,,,,,,,,
target_window_attribution,combo_plus_top2_50_50_v1,60,standard,2016-08-01,2016-10-24,False,False,False,False,False,False,False,False,False,False,False,False,False,,,,,,,,,,,,,
target_window_attribution,combo_plus_top2_50_50_v1,60,standard,2017-08-09,2017-11-01,False,False,False,False,False,False,False,False,False,False,False,False,False,,,,,,,,,,,,,
target_window_attribution,combo_plus_top2_50_50_v1,60,standard,2017-10-09,2018-01-03,False,False,False,False,False,False,False,False,False,False,False,False,False,,,,,,,,,,,,,
target_window_attribution,combo_plus_top2_50_50_v1,60,standard,2017-10-10,2018-01-04,False,False,False,False,False,False,False,False,False,False,False,False,False,,,,,,,,,,,,,
target_window_attribution,combo_plus_top2_50_50_v1,60,standard,2017-10-11,2018-01-05,False,False,False,False,False,False,False,False,False,False,False,False,False,,,,,,,,,,,,,
target_window_attribution,combo_plus_top2_50_50_v1,60,standard,2017-10-19,2018-01-16,False,False,False,False,False,False,False,False,False,False,False,False,False,,,,,,,,,,,,,
target_window_attribution,combo_plus_top2_50_50_v1,60,standard,2017-10-20,2018-01-17,False,False,False,False,False,False,False,False,False,False,False,False,False,,,,,,,,,,,,,
target_window_attribution,combo_plus_top2_50_50_v1,60,standard,2018-03-06,2018-05-30,False,False,False,False,False,False,False,False,False,False,False,False,False,,,,,,,,,,,,,
target_window_attribution,combo_plus_top2_50_50_v1,60,standard,2018-09-06,2018-11-29,False,False,False,False,False,False,False,False,False,False,False,False,False,,,,,,,,,,,,,
target_window_attribution,combo_plus_top2_50_50_v1,60,standard,2019-10-09,2020-01-03,False,False,False,False,False,False,False,False,False,False,False,False,False,,,,,,,,,,,,,
target_window_attribution,combo_plus_top2_50_50_v1,60,standard,2021-05-14,2021-08-09,False,False,False,False,False,False,False,False,False,False,False,False,False,,,,,,,,,,,,,
target_window_attribution,combo_plus_top2_50_50_v1,60,standard,2022-03-31,2022-06-27,False,False,False,False,False,False,False,False,False,False,False,False,False,,,,,,,,,,,,,
target_window_attribution,combo_plus_top2_50_50_v1,60,standard,2022-05-02,2022-07-27,False,False,False,False,False,False,False,False,False,False,False,False,False,,,,,,,,,,,,,
target_window_attribution,combo_plus_top2_50_50_v1,60,standard,2022-12-16,2023-03-15,False,False,False,False,False,False,False,False,False,False,False,False,False,,,,,,,,,,,,,
target_window_attribution,combo_plus_top2_50_50_v1,60,standard,2024-07-26,2024-10-18,True,False,False,False,False,True,False,True,False,False,False,False,False,,,,,,,,,,,,,
target_window_attribution,combo_plus_top2_50_50_v1,60,standard,2025-05-06,2025-07-31,False,False,False,False,False,False,False,False,False,False,False,False,False,,,,,,,,,,,,,
target_window_attribution,combo_plus_top2_50_50_v1,60,standard,2026-02-26,2026-05-21,False,False,False,False,False,False,False,False,False,False,False,False,False,,,,,,,,,,,,,
target_window_attribution,combo_plus_top2_50_50_v1,60,standard,2026-02-27,2026-05-22,False,False,False,False,False,False,False,False,False,False,False,False,False,,,,,,,,,,,,,
target_window_attribution,combo_plus_top2_50_50_v1,60,standard,2026-03-02,2026-05-26,False,False,False,False,False,False,False,False,False,False,False,False,False,,,,,,,,,,,,,
target_window_attribution,combo_plus_top2_50_50_v1,60,standard,2026-03-03,2026-05-27,False,False,False,False,False,False,False,False,False,False,False,False,False,,,,,,,,,,,,,
target_window_attribution,combo_plus_top2_50_50_v1,60,standard,2026-03-04,2026-05-28,False,False,False,False,False,False,False,False,False,False,False,False,False,,,,,,,,,,,,,
target_window_attribution,combo_plus_top2_50_50_v1,60,standard,2026-03-05,2026-05-29,False,False,False,False,False,False,False,False,False,False,False,False,False,,,,,,,,,,,,,
target_window_attribution,combo_plus_top2_50_50_v1,90,standard,2007-01-03,2007-05-11,False,False,False,False,False,False,False,False,False,False,False,False,False,,,,,,,,,,,,,
target_window_attribution,combo_plus_top2_50_50_v1,90,standard,2007-03-21,2007-07-27,False,False,False,False,False,False,False,False,False,False,False,False,False,,,,,,,,,,,,,
target_window_attribution,combo_plus_top2_50_50_v1,90,standard,2008-07-08,2008-11-11,False,False,False,False,False,False,False,False,False,False,False,False,False,,,,,,,,,,,,,
target_window_attribution,combo_plus_top2_50_50_v1,90,standard,2008-08-04,2008-12-09,False,False,False,False,False,False,False,False,False,False,False,False,False,,,,,,,,,,,,,
target_window_attribution,combo_plus_top2_50_50_v1,90,standard,2008-10-28,2009-03-09,True,False,False,False,False,True,True,True,True,False,False,False,False,,,,,,,,,,,,,
target_window_attribution,combo_plus_top2_50_50_v1,90,standard,2008-10-29,2009-03-10,True,False,False,False,False,True,True,True,True,False,False,False,False,,,,,,,,,,,,,
target_window_attribution,combo_plus_top2_50_50_v1,90,standard,2008-10-30,2009-03-11,True,False,False,False,False,True,True,True,True,False,False,False,False,,,,,,,,,,,,,
target_window_attribution,combo_plus_top2_50_50_v1,90,standard,2008-10-31,2009-03-12,True,True,False,False,False,True,True,True,True,False,False,False,False,,,,,,,,,,,,,
target_window_attribution,combo_plus_top2_50_50_v1,90,standard,2008-11-03,2009-03-13,True,True,False,False,False,True,True,True,True,False,False,False,False,,,,,,,,,,,,,
target_window_attribution,combo_plus_top2_50_50_v1,90,standard,2008-11-05,2009-03-17,True,False,False,False,False,True,True,True,False,False,False,False,False,,,,,,,,,,,,,
target_window_attribution,combo_plus_top2_50_50_v1,90,standard,2009-05-19,2009-09-24,True,False,False,False,False,True,False,True,False,False,False,False,False,,,,,,,,,,,,,
target_window_attribution,combo_plus_top2_50_50_v1,90,standard,2010-03-05,2010-07-13,False,False,False,False,False,False,False,False,False,False,False,False,False,,,,,,,,,,,,,
target_window_attribution,combo_plus_top2_50_50_v1,90,standard,2011-10-04,2012-02-10,False,False,False,False,False,False,False,False,False,False,False,False,False,,,,,,,,,,,,,
target_window_attribution,combo_plus_top2_50_50_v1,90,standard,2012-04-19,2012-08-24,False,False,False,False,False,False,False,False,False,False,False,False,False,,,,,,,,,,,,,
target_window_attribution,combo_plus_top2_50_50_v1,90,standard,2013-05-08,2013-09-13,False,False,False,False,False,False,False,False,False,False,False,False,False,,,,,,,,,,,,,
target_window_attribution,combo_plus_top2_50_50_v1,90,standard,2014-12-05,2015-04-16,False,False,False,False,False,False,False,False,False,False,False,False,False,,,,,,,,,,,,,
target_window_attribution,combo_plus_top2_50_50_v1,90,standard,2015-04-10,2015-08-17,False,False,False,False,False,False,False,False,False,False,False,False,False,,,,,,,,,,,,,
target_window_attribution,combo_plus_top2_50_50_v1,90,standard,2015-12-21,2016-04-29,False,False,False,False,False,True,False,False,False,False,False,False,False,,,,,,,,,,,,,
target_window_attribution,combo_plus_top2_50_50_v1,90,standard,2016-07-11,2016-11-14,False,False,False,False,False,False,False,False,False,False,False,False,False,,,,,,,,,,,,,
target_window_attribution,combo_plus_top2_50_50_v1,90,standard,2017-08-09,2017-12-14,False,False,False,False,False,False,False,False,False,False,False,False,False,,,,,,,,,,,,,
target_window_attribution,combo_plus_top2_50_50_v1,90,standard,2017-10-09,2018-02-15,False,False,False,False,False,False,False,False,False,False,False,False,False,,,,,,,,,,,,,
target_window_attribution,combo_plus_top2_50_50_v1,90,standard,2017-10-10,2018-02-16,False,False,False,False,False,False,False,False,False,False,False,False,False,,,,,,,,,,,,,
target_window_attribution,combo_plus_top2_50_50_v1,90,standard,2017-10-11,2018-02-20,False,False,False,False,False,False,False,False,False,False,False,False,False,,,,,,,,,,,,,
target_window_attribution,combo_plus_top2_50_50_v1,90,standard,2017-10-19,2018-02-28,False,False,False,False,False,False,False,False,False,False,False,False,False,,,,,,,,,,,,,
target_window_attribution,combo_plus_top2_50_50_v1,90,standard,2017-10-20,2018-03-01,False,False,False,False,False,False,False,False,False,False,False,False,False,,,,,,,,,,,,,
target_window_attribution,combo_plus_top2_50_50_v1,90,standard,2018-02-08,2018-06-18,False,False,False,False,False,False,False,False,False,False,False,False,False,,,,,,,,,,,,,
target_window_attribution,combo_plus_top2_50_50_v1,90,standard,2018-08-10,2018-12-18,False,False,False,False,False,False,False,False,False,False,False,False,False,,,,,,,,,,,,,
target_window_attribution,combo_plus_top2_50_50_v1,90,standard,2019-09-11,2020-01-17,False,False,False,False,False,False,False,False,False,False,False,False,False,,,,,,,,,,,,,
target_window_attribution,combo_plus_top2_50_50_v1,90,standard,2021-04-14,2021-08-19,False,False,False,False,False,False,False,False,False,False,False,False,False,,,,,,,,,,,,,
target_window_attribution,combo_plus_top2_50_50_v1,90,standard,2022-01-19,2022-05-26,False,False,False,False,False,False,False,False,False,False,False,False,False,,,,,,,,,,,,,
target_window_attribution,combo_plus_top2_50_50_v1,90,standard,2022-05-02,2022-09-08,False,False,False,False,False,False,False,False,False,False,False,False,False,,,,,,,,,,,,,
target_window_attribution,combo_plus_top2_50_50_v1,90,standard,2022-11-10,2023-03-22,False,False,False,False,False,False,False,False,False,False,False,False,False,,,,,,,,,,,,,
target_window_attribution,combo_plus_top2_50_50_v1,90,standard,2024-06-14,2024-10-22,True,False,False,False,False,True,False,True,False,False,False,False,False,,,,,,,,,,,,,
target_window_attribution,combo_plus_top2_50_50_v1,90,standard,2025-05-06,2025-09-12,False,False,False,False,False,False,False,False,False,False,False,False,False,,,,,,,,,,,,,
target_window_attribution,combo_plus_top2_50_50_v1,90,standard,2026-01-13,2026-05-21,False,False,False,False,False,False,False,False,False,False,False,False,False,,,,,,,,,,,,,
target_window_attribution,combo_plus_top2_50_50_v1,90,standard,2026-01-14,2026-05-22,False,False,False,False,False,False,False,False,False,False,False,False,False,,,,,,,,,,,,,
target_window_attribution,combo_plus_top2_50_50_v1,90,standard,2026-01-15,2026-05-26,False,False,False,False,False,False,False,False,False,False,False,False,False,,,,,,,,,,,,,
target_window_attribution,combo_plus_top2_50_50_v1,90,standard,2026-01-16,2026-05-27,False,False,False,False,False,False,False,False,False,False,False,False,False,,,,,,,,,,,,,
target_window_attribution,combo_plus_top2_50_50_v1,90,standard,2026-01-20,2026-05-28,False,False,False,False,False,False,False,False,False,False,False,False,False,,,,,,,,,,,,,
target_window_attribution,combo_plus_top2_50_50_v1,90,standard,2026-01-21,2026-05-29,False,False,False,False,False,False,False,False,False,False,False,False,False,,,,,,,,,,,,,
target_window_attribution,combo_plus_top2_50_50_v1,180,standard,2007-01-03,2007-09-19,False,False,False,False,False,False,False,False,False,False,False,False,False,,,,,,,,,,,,,
target_window_attribution,combo_plus_top2_50_50_v1,180,standard,2007-03-21,2007-12-04,False,False,False,False,False,True,False,False,False,False,False,False,False,,,,,,,,,,,,,
target_window_attribution,combo_plus_top2_50_50_v1,180,standard,2008-07-08,2009-03-24,False,False,False,False,False,False,False,False,False,False,False,False,False,,,,,,,,,,,,,
target_window_attribution,combo_plus_top2_50_50_v1,180,standard,2008-07-23,2009-04-08,False,False,False,False,False,False,False,False,False,False,False,False,False,,,,,,,,,,,,,
target_window_attribution,combo_plus_top2_50_50_v1,180,standard,2008-10-28,2009-07-16,True,False,False,False,False,True,True,True,True,False,False,False,False,,,,,,,,,,,,,
target_window_attribution,combo_plus_top2_50_50_v1,180,standard,2008-10-29,2009-07-17,True,False,False,False,False,True,True,True,True,False,False,False,False,,,,,,,,,,,,,
target_window_attribution,combo_plus_top2_50_50_v1,180,standard,2008-10-30,2009-07-20,True,True,False,False,False,True,True,True,True,False,False,False,False,,,,,,,,,,,,,
target_window_attribution,combo_plus_top2_50_50_v1,180,standard,2008-10-31,2009-07-21,True,True,False,False,False,True,True,True,True,False,False,False,False,,,,,,,,,,,,,
target_window_attribution,combo_plus_top2_50_50_v1,180,standard,2008-11-03,2009-07-22,True,True,False,False,False,True,True,True,True,False,False,False,False,,,,,,,,,,,,,
target_window_attribution,combo_plus_top2_50_50_v1,180,standard,2008-11-05,2009-07-24,True,False,False,False,False,True,True,True,False,False,False,False,False,,,,,,,,,,,,,
target_window_attribution,combo_plus_top2_50_50_v1,180,standard,2009-05-19,2010-02-03,True,True,True,False,False,True,True,True,True,False,False,False,False,,,,,,,,,,,,,
target_window_attribution,combo_plus_top2_50_50_v1,180,standard,2010-02-11,2010-10-27,True,False,False,False,False,True,False,True,True,False,False,False,False,,,,,,,,,,,,,
target_window_attribution,combo_plus_top2_50_50_v1,180,standard,2011-08-31,2012-05-17,False,False,False,False,False,False,False,False,False,False,False,False,False,,,,,,,,,,,,,
target_window_attribution,combo_plus_top2_50_50_v1,180,standard,2012-03-23,2012-12-10,False,False,False,False,False,False,False,False,False,False,False,False,False,,,,,,,,,,,,,
target_window_attribution,combo_plus_top2_50_50_v1,180,standard,2013-03-26,2013-12-09,False,False,False,False,False,False,False,True,True,False,False,False,False,,,,,,,,,,,,,
target_window_attribution,combo_plus_top2_50_50_v1,180,standard,2014-10-14,2015-07-01,False,False,False,False,False,False,False,False,False,False,False,False,False,,,,,,,,,,,,,
target_window_attribution,combo_plus_top2_50_50_v1,180,standard,2015-02-18,2015-11-02,False,False,False,False,False,False,False,False,False,False,False,False,False,,,,,,,,,,,,,
target_window_attribution,combo_plus_top2_50_50_v1,180,standard,2015-12-21,2016-09-07,True,False,False,False,False,True,True,True,False,False,False,False,False,,,,,,,,,,,,,
target_window_attribution,combo_plus_top2_50_50_v1,180,standard,2016-05-05,2017-01-20,False,False,False,False,False,False,False,False,False,False,False,False,False,,,,,,,,,,,,,
target_window_attribution,combo_plus_top2_50_50_v1,180,standard,2017-08-09,2018-04-26,True,False,False,False,False,True,False,True,False,False,False,False,False,,,,,,,,,,,,,
target_window_attribution,combo_plus_top2_50_50_v1,180,standard,2017-10-09,2018-06-26,False,False,False,False,False,False,False,False,False,False,False,False,False,,,,,,,,,,,,,
target_window_attribution,combo_plus_top2_50_50_v1,180,standard,2017-10-10,2018-06-27,False,False,False,False,False,False,False,False,False,False,False,False,False,,,,,,,,,,,,,
target_window_attribution,combo_plus_top2_50_50_v1,180,standard,2017-10-11,2018-06-28,False,False,False,False,False,False,False,False,False,False,False,False,False,,,,,,,,,,,,,
target_window_attribution,combo_plus_top2_50_50_v1,180,standard,2017-10-19,2018-07-09,False,False,False,False,False,False,False,False,False,False,False,False,False,,,,,,,,,,,,,
target_window_attribution,combo_plus_top2_50_50_v1,180,standard,2017-10-20,2018-07-10,False,False,False,False,False,False,False,False,False,False,False,False,False,,,,,,,,,,,,,
target_window_attribution,combo_plus_top2_50_50_v1,180,standard,2017-11-21,2018-08-09,False,False,False,False,False,False,False,False,False,False,False,False,False,,,,,,,,,,,,,
target_window_attribution,combo_plus_top2_50_50_v1,180,standard,2018-05-24,2019-02-11,False,False,False,False,False,False,False,False,False,False,False,False,False,,,,,,,,,,,,,
target_window_attribution,combo_plus_top2_50_50_v1,180,standard,2019-06-17,2020-03-03,True,True,False,False,False,True,True,True,False,False,False,False,True,,,,,,,,,,,,,
target_window_attribution,combo_plus_top2_50_50_v1,180,standard,2021-01-05,2021-09-21,True,False,False,False,False,False,False,True,True,True,False,False,False,,,,,,,,,,,,,
target_window_attribution,combo_plus_top2_50_50_v1,180,standard,2021-10-06,2022-06-23,False,False,False,False,False,False,False,False,False,False,False,False,False,,,,,,,,,,,,,
target_window_attribution,combo_plus_top2_50_50_v1,180,standard,2022-05-02,2023-01-18,False,False,False,False,False,False,False,False,False,False,False,False,False,,,,,,,,,,,,,
target_window_attribution,combo_plus_top2_50_50_v1,180,standard,2022-07-27,2023-04-13,False,False,False,False,False,False,False,True,False,False,False,False,False,,,,,,,,,,,,,
target_window_attribution,combo_plus_top2_50_50_v1,180,standard,2024-02-16,2024-11-01,True,True,True,False,False,True,True,True,True,False,False,False,False,,,,,,,,,,,,,
target_window_attribution,combo_plus_top2_50_50_v1,180,standard,2025-05-06,2026-01-22,True,True,True,False,False,True,True,True,True,False,False,False,False,,,,,,,,,,,,,
target_window_attribution,combo_plus_top2_50_50_v1,180,standard,2025-09-04,2026-05-21,True,True,True,False,False,True,True,True,True,False,False,False,False,,,,,,,,,,,,,
target_window_attribution,combo_plus_top2_50_50_v1,180,standard,2025-09-05,2026-05-22,True,True,True,False,False,True,True,True,True,False,False,False,False,,,,,,,,,,,,,
target_window_attribution,combo_plus_top2_50_50_v1,180,standard,2025-09-08,2026-05-26,True,True,True,False,False,True,True,True,True,False,False,False,False,,,,,,,,,,,,,
target_window_attribution,combo_plus_top2_50_50_v1,180,standard,2025-09-09,2026-05-27,True,True,True,False,False,True,True,True,True,False,False,False,False,,,,,,,,,,,,,
target_window_attribution,combo_plus_top2_50_50_v1,180,standard,2025-09-10,2026-05-28,True,True,True,False,False,True,True,True,True,False,False,False,False,,,,,,,,,,,,,
target_window_attribution,combo_plus_top2_50_50_v1,180,standard,2025-09-11,2026-05-29,True,True,True,False,False,True,True,True,True,False,False,False,False,,,,,,,,,,,,,
target_window_attribution,combo_plus_managed_futures_80_20_v1,30,standard,2020-12-02,2021-01-14,False,False,False,False,False,False,False,False,False,False,False,False,False,,,,,,,,,,,,,
target_window_attribution,combo_plus_managed_futures_80_20_v1,30,standard,2021-02-12,2021-03-26,False,False,False,False,False,False,False,False,False,False,False,False,False,,,,,,,,,,,,,
target_window_attribution,combo_plus_managed_futures_80_20_v1,30,standard,2021-05-14,2021-06-25,False,False,False,False,False,False,False,False,False,False,False,False,False,,,,,,,,,,,,,
target_window_attribution,combo_plus_managed_futures_80_20_v1,30,standard,2021-10-22,2021-12-03,False,False,False,False,False,False,False,False,False,False,False,False,False,,,,,,,,,,,,,
target_window_attribution,combo_plus_managed_futures_80_20_v1,30,standard,2021-12-07,2022-01-19,False,False,False,False,False,False,False,False,False,False,False,False,False,,,,,,,,,,,,,
target_window_attribution,combo_plus_managed_futures_80_20_v1,30,standard,2022-03-02,2022-04-12,False,False,False,False,False,False,False,False,False,False,False,False,False,,,,,,,,,,,,,
target_window_attribution,combo_plus_managed_futures_80_20_v1,30,standard,2022-04-05,2022-05-17,False,False,False,False,False,False,False,False,False,False,False,False,False,,,,,,,,,,,,,
target_window_attribution,combo_plus_managed_futures_80_20_v1,30,standard,2022-06-27,2022-08-08,False,False,False,False,False,False,False,False,False,False,False,False,False,,,,,,,,,,,,,
target_window_attribution,combo_plus_managed_futures_80_20_v1,30,standard,2022-09-15,2022-10-26,False,False,False,False,False,False,False,False,False,False,False,False,False,,,,,,,,,,,,,
target_window_attribution,combo_plus_managed_futures_80_20_v1,30,standard,2022-09-28,2022-11-08,False,False,False,False,False,False,False,False,False,False,False,False,False,,,,,,,,,,,,,
target_window_attribution,combo_plus_managed_futures_80_20_v1,30,standard,2023-01-05,2023-02-16,False,False,False,False,False,False,False,False,False,False,False,False,False,,,,,,,,,,,,,
target_window_attribution,combo_plus_managed_futures_80_20_v1,30,standard,2023-02-27,2023-04-10,False,False,False,False,False,False,False,False,False,False,False,False,False,,,,,,,,,,,,,
target_window_attribution,combo_plus_managed_futures_80_20_v1,30,standard,2023-08-09,2023-09-20,False,False,False,False,False,False,False,False,False,False,False,False,False,,,,,,,,,,,,,
target_window_attribution,combo_plus_managed_futures_80_20_v1,30,standard,2023-08-10,2023-09-21,False,False,False,False,False,False,False,False,False,False,False,False,False,,,,,,,,,,,,,
target_window_attribution,combo_plus_managed_futures_80_20_v1,30,standard,2024-01-19,2024-03-01,False,False,False,False,False,False,False,False,False,False,False,False,False,,,,,,,,,,,,,
target_window_attribution,combo_plus_managed_futures_80_20_v1,30,standard,2024-06-11,2024-07-24,False,False,False,False,False,False,False,False,False,False,False,False,False,,,,,,,,,,,,,
target_window_attribution,combo_plus_managed_futures_80_20_v1,30,standard,2024-07-01,2024-08-12,False,False,False,False,False,False,False,False,False,False,False,False,False,,,,,,,,,,,,,
target_window_attribution,combo_plus_managed_futures_80_20_v1,30,standard,2024-07-05,2024-08-15,False,False,False,False,False,False,False,False,False,False,False,False,False,,,,,,,,,,,,,
target_window_attribution,combo_plus_managed_futures_80_20_v1,30,standard,2024-07-08,2024-08-16,False,False,False,False,False,False,False,False,False,False,False,False,False,,,,,,,,,,,,,
target_window_attribution,combo_plus_managed_futures_80_20_v1,30,standard,2024-07-09,2024-08-19,False,False,False,False,False,False,False,False,False,False,False,False,False,,,,,,,,,,,,,
target_window_attribution,combo_plus_managed_futures_80_20_v1,30,standard,2024-12-10,2025-01-24,False,False,False,False,False,False,False,False,False,False,False,False,False,,,,,,,,,,,,,
target_window_attribution,combo_plus_managed_futures_80_20_v1,30,standard,2025-04-24,2025-06-05,False,False,False,False,False,False,False,False,False,False,False,False,False,,,,,,,,,,,,,
target_window_attribution,combo_plus_managed_futures_80_20_v1,30,standard,2025-04-25,2025-06-06,False,False,False,False,False,False,False,False,False,False,False,False,False,,,,,,,,,,,,,
target_window_attribution,combo_plus_managed_futures_80_20_v1,30,standard,2025-04-28,2025-06-09,False,False,False,False,False,False,False,False,False,False,False,False,False,,,,,,,,,,,,,
target_window_attribution,combo_plus_managed_futures_80_20_v1,30,standard,2025-04-29,2025-06-10,False,False,False,False,False,False,False,False,False,False,False,False,False,,,,,,,,,,,,,
target_window_attribution,combo_plus_managed_futures_80_20_v1,30,standard,2025-04-30,2025-06-11,False,False,False,False,False,False,False,False,False,False,False,False,False,,,,,,,,,,,,,
target_window_attribution,combo_plus_managed_futures_80_20_v1,30,standard,2025-05-01,2025-06-12,False,False,False,False,False,False,False,False,False,False,False,False,False,,,,,,,,,,,,,
target_window_attribution,combo_plus_managed_futures_80_20_v1,30,standard,2025-05-23,2025-07-08,False,False,False,False,False,False,False,False,False,False,False,False,False,,,,,,,,,,,,,
target_window_attribution,combo_plus_managed_futures_80_20_v1,30,standard,2025-06-06,2025-07-21,False,False,False,False,False,False,False,False,False,False,False,False,False,,,,,,,,,,,,,
target_window_attribution,combo_plus_managed_futures_80_20_v1,30,standard,2025-10-02,2025-11-12,False,False,False,False,False,False,False,False,False,False,False,False,False,,,,,,,,,,,,,
target_window_attribution,combo_plus_managed_futures_80_20_v1,30,standard,2025-10-03,2025-11-13,False,False,False,False,False,False,False,False,False,False,False,False,False,,,,,,,,,,,,,
target_window_attribution,combo_plus_managed_futures_80_20_v1,30,standard,2025-10-06,2025-11-14,False,False,False,False,False,False,False,False,False,False,False,False,False,,,,,,,,,,,,,
target_window_attribution,combo_plus_managed_futures_80_20_v1,30,standard,2025-11-03,2025-12-15,False,False,False,False,False,False,False,False,False,False,False,False,False,,,,,,,,,,,,,
target_window_attribution,combo_plus_managed_futures_80_20_v1,30,standard,2026-04-01,2026-05-13,False,False,False,False,False,False,False,False,False,False,False,False,False,,,,,,,,,,,,,
target_window_attribution,combo_plus_managed_futures_80_20_v1,30,standard,2026-04-10,2026-05-21,False,False,False,False,False,False,False,False,False,False,False,False,False,,,,,,,,,,,,,
target_window_attribution,combo_plus_managed_futures_80_20_v1,30,standard,2026-04-13,2026-05-22,False,False,False,False,False,False,False,False,False,False,False,False,False,,,,,,,,,,,,,
target_window_attribution,combo_plus_managed_futures_80_20_v1,30,standard,2026-04-14,2026-05-26,False,False,False,False,False,False,False,False,False,False,False,False,False,,,,,,,,,,,,,
target_window_attribution,combo_plus_managed_futures_80_20_v1,30,standard,2026-04-15,2026-05-27,False,False,False,False,False,False,False,False,False,False,False,False,False,,,,,,,,,,,,,
target_window_attribution,combo_plus_managed_futures_80_20_v1,30,standard,2026-04-16,2026-05-28,False,False,False,False,False,False,False,False,False,False,False,False,False,,,,,,,,,,,,,
target_window_attribution,combo_plus_managed_futures_80_20_v1,30,standard,2026-04-17,2026-05-29,False,False,False,False,False,False,False,False,False,False,False,False,False,,,,,,,,,,,,,
target_window_attribution,combo_plus_managed_futures_80_20_v1,60,standard,2020-12-02,2021-03-01,False,False,False,False,False,False,False,False,False,False,False,False,False,,,,,,,,,,,,,
target_window_attribution,combo_plus_managed_futures_80_20_v1,60,standard,2021-02-12,2021-05-10,False,False,False,False,False,False,False,False,False,False,False,False,False,,,,,,,,,,,,,
target_window_attribution,combo_plus_managed_futures_80_20_v1,60,standard,2021-05-11,2021-08-04,False,False,False,False,False,False,False,False,False,False,False,False,False,,,,,,,,,,,,,
target_window_attribution,combo_plus_managed_futures_80_20_v1,60,standard,2021-10-15,2022-01-10,False,False,False,False,False,False,False,False,False,False,False,False,False,,,,,,,,,,,,,
target_window_attribution,combo_plus_managed_futures_80_20_v1,60,standard,2021-12-01,2022-02-25,False,False,False,False,False,False,False,False,False,False,False,False,False,,,,,,,,,,,,,
target_window_attribution,combo_plus_managed_futures_80_20_v1,60,standard,2022-02-28,2022-05-23,False,False,False,False,False,False,False,False,False,False,False,False,False,,,,,,,,,,,,,
target_window_attribution,combo_plus_managed_futures_80_20_v1,60,standard,2022-03-24,2022-06-17,False,False,False,False,False,False,False,False,False,False,False,False,False,,,,,,,,,,,,,
target_window_attribution,combo_plus_managed_futures_80_20_v1,60,standard,2022-06-21,2022-09-14,False,False,False,False,False,False,False,False,False,False,False,False,False,,,,,,,,,,,,,
target_window_attribution,combo_plus_managed_futures_80_20_v1,60,standard,2022-08-31,2022-11-23,False,False,False,False,False,False,False,False,False,False,False,False,False,,,,,,,,,,,,,
target_window_attribution,combo_plus_managed_futures_80_20_v1,60,standard,2022-09-20,2022-12-13,False,False,False,False,False,False,False,False,False,False,False,False,False,,,,,,,,,,,,,
target_window_attribution,combo_plus_managed_futures_80_20_v1,60,standard,2022-12-22,2023-03-21,False,False,False,False,False,False,False,False,False,False,False,False,False,,,,,,,,,,,,,
target_window_attribution,combo_plus_managed_futures_80_20_v1,60,standard,2023-02-08,2023-05-04,False,False,False,False,False,False,False,False,False,False,False,False,False,,,,,,,,,,,,,
target_window_attribution,combo_plus_managed_futures_80_20_v1,60,standard,2023-07-19,2023-10-11,False,False,False,False,False,False,False,False,False,False,False,False,False,,,,,,,,,,,,,
target_window_attribution,combo_plus_managed_futures_80_20_v1,60,standard,2023-07-31,2023-10-23,False,False,False,False,False,False,False,False,False,False,False,False,False,,,,,,,,,,,,,
target_window_attribution,combo_plus_managed_futures_80_20_v1,60,standard,2023-12-21,2024-03-19,False,False,False,False,False,False,False,False,False,False,False,False,False,,,,,,,,,,,,,
target_window_attribution,combo_plus_managed_futures_80_20_v1,60,standard,2024-05-23,2024-08-19,False,False,False,False,False,False,False,False,False,False,False,False,False,,,,,,,,,,,,,
target_window_attribution,combo_plus_managed_futures_80_20_v1,60,standard,2024-05-31,2024-08-26,False,False,False,False,False,False,False,False,False,False,False,False,False,,,,,,,,,,,,,
target_window_attribution,combo_plus_managed_futures_80_20_v1,60,standard,2024-07-05,2024-09-27,False,False,False,False,False,False,False,False,False,False,False,False,False,,,,,,,,,,,,,
target_window_attribution,combo_plus_managed_futures_80_20_v1,60,standard,2024-07-08,2024-09-30,False,False,False,False,False,False,False,False,False,False,False,False,False,,,,,,,,,,,,,
target_window_attribution,combo_plus_managed_futures_80_20_v1,60,standard,2024-07-09,2024-10-01,False,False,False,False,False,False,False,False,False,False,False,False,False,,,,,,,,,,,,,
target_window_attribution,combo_plus_managed_futures_80_20_v1,60,standard,2024-11-06,2025-02-04,False,False,False,False,False,False,False,False,False,False,False,False,False,,,,,,,,,,,,,
target_window_attribution,combo_plus_managed_futures_80_20_v1,60,standard,2025-04-17,2025-07-15,False,False,False,False,False,False,False,False,False,False,False,False,False,,,,,,,,,,,,,
target_window_attribution,combo_plus_managed_futures_80_20_v1,60,standard,2025-04-24,2025-07-21,False,False,False,False,False,False,False,False,False,False,False,False,False,,,,,,,,,,,,,
target_window_attribution,combo_plus_managed_futures_80_20_v1,60,standard,2025-04-25,2025-07-22,False,False,False,False,False,False,False,False,False,False,False,False,False,,,,,,,,,,,,,
target_window_attribution,combo_plus_managed_futures_80_20_v1,60,standard,2025-04-28,2025-07-23,False,False,False,False,False,False,False,False,False,False,False,False,False,,,,,,,,,,,,,
target_window_attribution,combo_plus_managed_futures_80_20_v1,60,standard,2025-04-29,2025-07-24,False,False,False,False,False,False,False,False,False,False,False,False,False,,,,,,,,,,,,,
target_window_attribution,combo_plus_managed_futures_80_20_v1,60,standard,2025-04-30,2025-07-25,False,False,False,False,False,False,False,False,False,False,False,False,False,,,,,,,,,,,,,
target_window_attribution,combo_plus_managed_futures_80_20_v1,60,standard,2025-05-01,2025-07-28,False,False,False,False,False,False,False,False,False,False,False,False,False,,,,,,,,,,,,,
target_window_attribution,combo_plus_managed_futures_80_20_v1,60,standard,2025-05-08,2025-08-04,False,False,False,False,False,False,False,False,False,False,False,False,False,,,,,,,,,,,,,
target_window_attribution,combo_plus_managed_futures_80_20_v1,60,standard,2025-05-14,2025-08-08,False,False,False,False,False,False,False,False,False,False,False,False,False,,,,,,,,,,,,,
target_window_attribution,combo_plus_managed_futures_80_20_v1,60,standard,2025-09-25,2025-12-18,False,False,False,False,False,False,False,False,False,False,False,False,False,,,,,,,,,,,,,
target_window_attribution,combo_plus_managed_futures_80_20_v1,60,standard,2025-10-02,2025-12-26,False,False,False,False,False,True,False,True,False,False,False,False,False,,,,,,,,,,,,,
target_window_attribution,combo_plus_managed_futures_80_20_v1,60,standard,2025-10-03,2025-12-29,False,False,False,False,False,True,False,True,False,False,False,False,False,,,,,,,,,,,,,
target_window_attribution,combo_plus_managed_futures_80_20_v1,60,standard,2025-10-06,2025-12-30,False,False,False,False,False,False,False,False,False,False,False,False,False,,,,,,,,,,,,,
target_window_attribution,combo_plus_managed_futures_80_20_v1,60,standard,2026-02-26,2026-05-21,False,False,False,False,False,False,False,False,False,False,False,False,False,,,,,,,,,,,,,
target_window_attribution,combo_plus_managed_futures_80_20_v1,60,standard,2026-02-27,2026-05-22,False,False,False,False,False,False,False,False,False,False,False,False,False,,,,,,,,,,,,,
target_window_attribution,combo_plus_managed_futures_80_20_v1,60,standard,2026-03-02,2026-05-26,False,False,False,False,False,False,False,False,False,False,False,False,False,,,,,,,,,,,,,
target_window_attribution,combo_plus_managed_futures_80_20_v1,60,standard,2026-03-03,2026-05-27,False,False,False,False,False,False,False,False,False,False,False,False,False,,,,,,,,,,,,,
target_window_attribution,combo_plus_managed_futures_80_20_v1,60,standard,2026-03-04,2026-05-28,False,False,False,False,False,False,False,False,False,False,False,False,False,,,,,,,,,,,,,
target_window_attribution,combo_plus_managed_futures_80_20_v1,60,standard,2026-03-05,2026-05-29,False,False,False,False,False,False,False,False,False,False,False,False,False,,,,,,,,,,,,,
target_window_attribution,combo_plus_managed_futures_80_20_v1,90,standard,2020-12-02,2021-04-13,False,False,False,False,False,False,False,True,False,False,False,False,False,,,,,,,,,,,,,
target_window_attribution,combo_plus_managed_futures_80_20_v1,90,standard,2021-02-12,2021-06-22,False,False,False,False,False,False,False,False,False,False,False,False,False,,,,,,,,,,,,,
target_window_attribution,combo_plus_managed_futures_80_20_v1,90,standard,2021-05-07,2021-09-14,False,False,False,False,False,False,False,False,False,False,False,False,False,,,,,,,,,,,,,
target_window_attribution,combo_plus_managed_futures_80_20_v1,90,standard,2021-10-08,2022-02-15,False,False,False,False,False,False,False,False,False,False,False,False,False,,,,,,,,,,,,,
target_window_attribution,combo_plus_managed_futures_80_20_v1,90,standard,2021-11-22,2022-03-31,False,False,False,False,False,False,False,False,False,False,False,False,False,,,,,,,,,,,,,
target_window_attribution,combo_plus_managed_futures_80_20_v1,90,standard,2022-02-28,2022-07-07,False,False,False,False,False,False,False,False,False,False,False,False,False,,,,,,,,,,,,,
target_window_attribution,combo_plus_managed_futures_80_20_v1,90,standard,2022-03-15,2022-07-22,False,False,False,False,False,False,False,False,False,False,False,False,False,,,,,,,,,,,,,
target_window_attribution,combo_plus_managed_futures_80_20_v1,90,standard,2022-06-21,2022-10-26,False,False,False,False,False,False,False,False,False,False,False,False,False,,,,,,,,,,,,,
target_window_attribution,combo_plus_managed_futures_80_20_v1,90,standard,2022-08-17,2022-12-22,False,False,False,False,False,False,False,False,False,False,False,False,False,,,,,,,,,,,,,
target_window_attribution,combo_plus_managed_futures_80_20_v1,90,standard,2022-09-20,2023-01-27,False,False,False,False,False,False,False,False,False,False,False,False,False,,,,,,,,,,,,,
target_window_attribution,combo_plus_managed_futures_80_20_v1,90,standard,2022-12-22,2023-05-03,False,False,False,False,False,False,False,True,False,False,False,False,False,,,,,,,,,,,,,
target_window_attribution,combo_plus_managed_futures_80_20_v1,90,standard,2023-01-20,2023-05-30,False,False,False,False,False,False,False,False,False,False,False,False,False,,,,,,,,,,,,,
target_window_attribution,combo_plus_managed_futures_80_20_v1,90,standard,2023-06-27,2023-11-01,False,False,False,False,False,False,False,False,False,False,False,False,False,,,,,,,,,,,,,
target_window_attribution,combo_plus_managed_futures_80_20_v1,90,standard,2023-07-13,2023-11-16,False,False,False,False,False,False,False,False,False,False,False,False,False,,,,,,,,,,,,,
target_window_attribution,combo_plus_managed_futures_80_20_v1,90,standard,2023-11-28,2024-04-08,True,False,False,False,False,True,True,True,True,False,False,False,False,,,,,,,,,,,,,
target_window_attribution,combo_plus_managed_futures_80_20_v1,90,standard,2024-04-29,2024-09-05,False,False,False,False,False,False,False,False,False,False,False,False,False,,,,,,,,,,,,,
target_window_attribution,combo_plus_managed_futures_80_20_v1,90,standard,2024-05-02,2024-09-10,False,False,False,False,False,True,False,True,False,False,False,False,False,,,,,,,,,,,,,
target_window_attribution,combo_plus_managed_futures_80_20_v1,90,standard,2024-07-05,2024-11-08,False,False,False,False,False,True,False,True,False,False,False,False,False,,,,,,,,,,,,,
target_window_attribution,combo_plus_managed_futures_80_20_v1,90,standard,2024-07-08,2024-11-11,False,False,False,False,False,True,False,True,False,False,False,False,False,,,,,,,,,,,,,
target_window_attribution,combo_plus_managed_futures_80_20_v1,90,standard,2024-07-09,2024-11-12,False,False,False,False,False,True,False,True,False,False,False,False,False,,,,,,,,,,,,,
target_window_attribution,combo_plus_managed_futures_80_20_v1,90,standard,2024-10-07,2025-02-14,False,False,False,False,False,False,False,False,False,False,False,False,False,,,,,,,,,,,,,
target_window_attribution,combo_plus_managed_futures_80_20_v1,90,standard,2025-02-07,2025-06-17,False,False,False,False,False,False,False,True,False,False,False,False,False,,,,,,,,,,,,,
target_window_attribution,combo_plus_managed_futures_80_20_v1,90,standard,2025-03-13,2025-07-22,False,False,False,False,False,True,False,True,False,False,False,False,False,,,,,,,,,,,,,
target_window_attribution,combo_plus_managed_futures_80_20_v1,90,standard,2025-04-24,2025-09-02,False,False,False,False,False,False,False,False,False,False,False,False,False,,,,,,,,,,,,,
target_window_attribution,combo_plus_managed_futures_80_20_v1,90,standard,2025-04-25,2025-09-03,False,False,False,False,False,False,False,False,False,False,False,False,False,,,,,,,,,,,,,
target_window_attribution,combo_plus_managed_futures_80_20_v1,90,standard,2025-04-28,2025-09-04,False,False,False,False,False,False,False,False,False,False,False,False,False,,,,,,,,,,,,,
target_window_attribution,combo_plus_managed_futures_80_20_v1,90,standard,2025-04-29,2025-09-05,False,False,False,False,False,True,False,False,False,False,False,False,False,,,,,,,,,,,,,
target_window_attribution,combo_plus_managed_futures_80_20_v1,90,standard,2025-04-30,2025-09-08,False,False,False,False,False,True,False,False,False,False,False,False,False,,,,,,,,,,,,,
target_window_attribution,combo_plus_managed_futures_80_20_v1,90,standard,2025-05-01,2025-09-09,True,False,False,False,False,True,False,False,False,False,False,True,False,,,,,,,,,,,,,
target_window_attribution,combo_plus_managed_futures_80_20_v1,90,standard,2025-05-08,2025-09-16,True,False,False,False,False,True,False,False,False,False,False,True,False,,,,,,,,,,,,,
target_window_attribution,combo_plus_managed_futures_80_20_v1,90,standard,2025-08-15,2025-12-22,True,True,False,False,False,True,True,True,True,False,False,False,False,,,,,,,,,,,,,
target_window_attribution,combo_plus_managed_futures_80_20_v1,90,standard,2025-10-02,2026-02-10,True,True,False,False,False,True,True,True,True,False,False,False,False,,,,,,,,,,,,,
target_window_attribution,combo_plus_managed_futures_80_20_v1,90,standard,2025-10-03,2026-02-11,True,True,False,False,False,True,True,True,True,False,False,False,False,,,,,,,,,,,,,
target_window_attribution,combo_plus_managed_futures_80_20_v1,90,standard,2025-10-06,2026-02-12,True,True,False,False,False,True,True,True,True,False,False,False,False,,,,,,,,,,,,,
target_window_attribution,combo_plus_managed_futures_80_20_v1,90,standard,2026-01-13,2026-05-21,False,False,False,False,False,False,False,False,False,False,False,False,False,,,,,,,,,,,,,
target_window_attribution,combo_plus_managed_futures_80_20_v1,90,standard,2026-01-14,2026-05-22,False,False,False,False,False,False,False,False,False,False,False,False,False,,,,,,,,,,,,,
target_window_attribution,combo_plus_managed_futures_80_20_v1,90,standard,2026-01-15,2026-05-26,False,False,False,False,False,False,False,False,False,False,False,False,False,,,,,,,,,,,,,
target_window_attribution,combo_plus_managed_futures_80_20_v1,90,standard,2026-01-16,2026-05-27,False,False,False,False,False,False,False,False,False,False,False,False,False,,,,,,,,,,,,,
target_window_attribution,combo_plus_managed_futures_80_20_v1,90,standard,2026-01-20,2026-05-28,False,False,False,False,False,False,False,False,False,False,False,False,False,,,,,,,,,,,,,
target_window_attribution,combo_plus_managed_futures_80_20_v1,90,standard,2026-01-21,2026-05-29,False,False,False,False,False,False,False,False,False,False,False,False,False,,,,,,,,,,,,,
target_window_attribution,combo_plus_managed_futures_80_20_v1,180,standard,2020-12-02,2021-08-19,False,False,False,False,False,True,False,True,True,False,False,False,False,,,,,,,,,,,,,
target_window_attribution,combo_plus_managed_futures_80_20_v1,180,standard,2021-02-12,2021-10-28,False,False,False,False,False,False,False,True,False,False,False,False,False,,,,,,,,,,,,,
target_window_attribution,combo_plus_managed_futures_80_20_v1,180,standard,2021-04-27,2022-01-10,False,False,False,False,False,False,False,False,False,False,False,False,False,,,,,,,,,,,,,
target_window_attribution,combo_plus_managed_futures_80_20_v1,180,standard,2021-09-17,2022-06-03,False,False,False,False,False,False,False,False,False,False,False,False,False,,,,,,,,,,,,,
target_window_attribution,combo_plus_managed_futures_80_20_v1,180,standard,2021-10-27,2022-07-15,False,False,False,False,False,False,False,False,False,False,False,False,False,,,,,,,,,,,,,
target_window_attribution,combo_plus_managed_futures_80_20_v1,180,standard,2022-02-09,2022-10-26,False,False,False,False,False,False,False,False,False,False,False,False,False,,,,,,,,,,,,,
target_window_attribution,combo_plus_managed_futures_80_20_v1,180,standard,2022-02-28,2022-11-11,False,False,False,False,False,False,False,False,False,False,False,False,False,,,,,,,,,,,,,
target_window_attribution,combo_plus_managed_futures_80_20_v1,180,standard,2022-06-21,2023-03-08,False,False,False,False,False,False,False,False,False,False,False,False,False,,,,,,,,,,,,,
target_window_attribution,combo_plus_managed_futures_80_20_v1,180,standard,2022-07-06,2023-03-22,False,False,False,False,False,False,False,True,False,False,False,False,False,,,,,,,,,,,,,
target_window_attribution,combo_plus_managed_futures_80_20_v1,180,standard,2022-09-20,2023-06-07,False,False,False,False,False,True,False,True,False,False,False,False,False,,,,,,,,,,,,,
target_window_attribution,combo_plus_managed_futures_80_20_v1,180,standard,2022-11-25,2023-08-15,False,False,False,False,False,True,False,True,True,False,False,False,False,,,,,,,,,,,,,
target_window_attribution,combo_plus_managed_futures_80_20_v1,180,standard,2022-12-22,2023-09-12,False,False,False,False,False,True,False,True,True,False,False,False,False,,,,,,,,,,,,,
target_window_attribution,combo_plus_managed_futures_80_20_v1,180,standard,2023-04-21,2024-01-08,False,False,False,False,False,False,False,False,False,False,False,False,False,,,,,,,,,,,,,
target_window_attribution,combo_plus_managed_futures_80_20_v1,180,standard,2023-05-19,2024-02-06,False,False,False,False,False,True,False,False,False,False,False,False,False,,,,,,,,,,,,,
target_window_attribution,combo_plus_managed_futures_80_20_v1,180,standard,2023-09-13,2024-05-30,True,True,False,False,False,True,True,True,True,False,False,False,False,,,,,,,,,,,,,
target_window_attribution,combo_plus_managed_futures_80_20_v1,180,standard,2024-02-06,2024-10-22,True,True,True,False,False,True,True,True,True,False,False,False,False,,,,,,,,,,,,,
target_window_attribution,combo_plus_managed_futures_80_20_v1,180,standard,2024-02-09,2024-10-25,True,True,True,False,False,True,True,True,True,False,False,False,False,,,,,,,,,,,,,
target_window_attribution,combo_plus_managed_futures_80_20_v1,180,standard,2024-07-01,2025-03-19,True,True,False,False,False,True,True,True,True,False,False,False,False,,,,,,,,,,,,,
target_window_attribution,combo_plus_managed_futures_80_20_v1,180,standard,2024-07-05,2025-03-24,True,False,False,False,False,True,True,True,True,False,False,False,False,,,,,,,,,,,,,
target_window_attribution,combo_plus_managed_futures_80_20_v1,180,standard,2024-07-08,2025-03-25,True,True,False,False,False,True,True,True,True,False,False,False,False,,,,,,,,,,,,,
target_window_attribution,combo_plus_managed_futures_80_20_v1,180,standard,2024-07-09,2025-03-26,True,True,False,False,False,True,True,True,True,False,False,False,False,,,,,,,,,,,,,
target_window_attribution,combo_plus_managed_futures_80_20_v1,180,standard,2024-07-10,2025-03-27,True,False,False,False,False,True,True,True,True,False,False,False,False,,,,,,,,,,,,,
target_window_attribution,combo_plus_managed_futures_80_20_v1,180,standard,2024-10-23,2025-07-15,True,False,False,False,False,True,True,True,True,False,False,False,False,,,,,,,,,,,,,
target_window_attribution,combo_plus_managed_futures_80_20_v1,180,standard,2024-11-20,2025-08-12,True,False,False,False,False,True,True,True,True,False,False,False,False,,,,,,,,,,,,,
target_window_attribution,combo_plus_managed_futures_80_20_v1,180,standard,2024-12-16,2025-09-05,True,True,False,False,False,True,True,True,True,False,False,False,False,,,,,,,,,,,,,
target_window_attribution,combo_plus_managed_futures_80_20_v1,180,standard,2025-04-17,2026-01-05,True,True,True,False,False,True,True,True,True,False,False,False,False,,,,,,,,,,,,,
target_window_attribution,combo_plus_managed_futures_80_20_v1,180,standard,2025-04-24,2026-01-09,True,True,True,False,False,True,True,True,True,False,False,False,False,,,,,,,,,,,,,
target_window_attribution,combo_plus_managed_futures_80_20_v1,180,standard,2025-04-25,2026-01-12,True,True,True,False,False,True,True,True,True,False,False,False,False,,,,,,,,,,,,,
target_window_attribution,combo_plus_managed_futures_80_20_v1,180,standard,2025-04-28,2026-01-13,True,True,True,False,False,True,True,True,True,False,False,False,False,,,,,,,,,,,,,
target_window_attribution,combo_plus_managed_futures_80_20_v1,180,standard,2025-04-29,2026-01-14,True,True,True,False,False,True,True,True,True,False,False,False,False,,,,,,,,,,,,,
target_window_attribution,combo_plus_managed_futures_80_20_v1,180,standard,2025-04-30,2026-01-15,True,True,True,False,False,True,True,True,True,False,False,False,False,,,,,,,,,,,,,
target_window_attribution,combo_plus_managed_futures_80_20_v1,180,standard,2025-05-01,2026-01-16,True,True,True,False,False,True,True,True,True,False,False,False,False,,,,,,,,,,,,,
target_window_attribution,combo_plus_managed_futures_80_20_v1,180,standard,2025-05-08,2026-01-26,True,True,True,True,False,True,True,True,True,False,False,False,False,,,,,,,,,,,,,
target_window_attribution,combo_plus_managed_futures_80_20_v1,180,standard,2025-09-04,2026-05-21,True,True,True,False,False,True,True,True,True,False,False,False,False,,,,,,,,,,,,,
target_window_attribution,combo_plus_managed_futures_80_20_v1,180,standard,2025-09-05,2026-05-22,True,True,True,False,False,True,True,True,True,False,False,False,False,,,,,,,,,,,,,
target_window_attribution,combo_plus_managed_futures_80_20_v1,180,standard,2025-09-08,2026-05-26,True,True,True,False,False,True,True,True,True,False,False,False,False,,,,,,,,,,,,,
target_window_attribution,combo_plus_managed_futures_80_20_v1,180,standard,2025-09-09,2026-05-27,True,True,True,False,False,True,True,True,True,False,False,False,False,,,,,,,,,,,,,
target_window_attribution,combo_plus_managed_futures_80_20_v1,180,standard,2025-09-10,2026-05-28,True,True,True,False,False,True,True,True,True,False,False,False,False,,,,,,,,,,,,,
target_window_attribution,combo_plus_managed_futures_80_20_v1,180,standard,2025-09-11,2026-05-29,True,True,True,False,False,True,True,True,True,False,False,False,False,,,,,,,,,,,,,
target_window_attribution,top2_plus_managed_futures_80_20_v1,30,standard,2020-12-02,2021-01-14,False,False,False,False,False,False,False,False,False,False,False,False,False,,,,,,,,,,,,,
target_window_attribution,top2_plus_managed_futures_80_20_v1,30,standard,2021-02-12,2021-03-26,False,False,False,False,False,False,False,False,False,False,False,False,False,,,,,,,,,,,,,
target_window_attribution,top2_plus_managed_futures_80_20_v1,30,standard,2021-05-14,2021-06-25,False,False,False,False,False,False,False,False,False,False,False,False,False,,,,,,,,,,,,,
target_window_attribution,top2_plus_managed_futures_80_20_v1,30,standard,2021-10-22,2021-12-03,False,False,False,False,False,False,False,False,False,False,False,False,False,,,,,,,,,,,,,
target_window_attribution,top2_plus_managed_futures_80_20_v1,30,standard,2021-12-07,2022-01-19,False,False,False,False,False,False,False,False,False,False,False,False,False,,,,,,,,,,,,,
target_window_attribution,top2_plus_managed_futures_80_20_v1,30,standard,2022-03-02,2022-04-12,False,False,False,False,False,False,False,False,False,False,False,False,False,,,,,,,,,,,,,
target_window_attribution,top2_plus_managed_futures_80_20_v1,30,standard,2022-04-05,2022-05-17,False,False,False,False,False,False,False,False,False,False,False,False,False,,,,,,,,,,,,,
target_window_attribution,top2_plus_managed_futures_80_20_v1,30,standard,2022-06-27,2022-08-08,False,False,False,False,False,False,False,False,False,False,False,False,False,,,,,,,,,,,,,
target_window_attribution,top2_plus_managed_futures_80_20_v1,30,standard,2022-09-15,2022-10-26,False,False,False,False,False,False,False,False,False,False,False,False,False,,,,,,,,,,,,,
target_window_attribution,top2_plus_managed_futures_80_20_v1,30,standard,2022-09-28,2022-11-08,False,False,False,False,False,False,False,False,False,False,False,False,False,,,,,,,,,,,,,
target_window_attribution,top2_plus_managed_futures_80_20_v1,30,standard,2023-01-05,2023-02-16,False,False,False,False,False,False,False,False,False,False,False,False,False,,,,,,,,,,,,,
target_window_attribution,top2_plus_managed_futures_80_20_v1,30,standard,2023-02-27,2023-04-10,False,False,False,False,False,False,False,False,False,False,False,False,False,,,,,,,,,,,,,
target_window_attribution,top2_plus_managed_futures_80_20_v1,30,standard,2023-08-09,2023-09-20,False,False,False,False,False,False,False,False,False,False,False,False,False,,,,,,,,,,,,,
target_window_attribution,top2_plus_managed_futures_80_20_v1,30,standard,2023-08-10,2023-09-21,False,False,False,False,False,False,False,False,False,False,False,False,False,,,,,,,,,,,,,
target_window_attribution,top2_plus_managed_futures_80_20_v1,30,standard,2024-01-19,2024-03-01,False,False,False,False,False,False,False,False,False,False,False,False,False,,,,,,,,,,,,,
target_window_attribution,top2_plus_managed_futures_80_20_v1,30,standard,2024-06-11,2024-07-24,False,False,False,False,False,False,False,False,False,False,False,False,False,,,,,,,,,,,,,
target_window_attribution,top2_plus_managed_futures_80_20_v1,30,standard,2024-07-01,2024-08-12,False,False,False,False,False,False,False,False,False,False,False,False,False,,,,,,,,,,,,,
target_window_attribution,top2_plus_managed_futures_80_20_v1,30,standard,2024-07-05,2024-08-15,False,False,False,False,False,False,False,False,False,False,False,False,False,,,,,,,,,,,,,
target_window_attribution,top2_plus_managed_futures_80_20_v1,30,standard,2024-07-08,2024-08-16,False,False,False,False,False,False,False,False,False,False,False,False,False,,,,,,,,,,,,,
target_window_attribution,top2_plus_managed_futures_80_20_v1,30,standard,2024-07-09,2024-08-19,False,False,False,False,False,False,False,False,False,False,False,False,False,,,,,,,,,,,,,
target_window_attribution,top2_plus_managed_futures_80_20_v1,30,standard,2024-12-10,2025-01-24,False,False,False,False,False,False,False,False,False,False,False,False,False,,,,,,,,,,,,,
target_window_attribution,top2_plus_managed_futures_80_20_v1,30,standard,2025-04-24,2025-06-05,False,False,False,False,False,False,False,False,False,False,False,False,False,,,,,,,,,,,,,
target_window_attribution,top2_plus_managed_futures_80_20_v1,30,standard,2025-04-25,2025-06-06,False,False,False,False,False,False,False,False,False,False,False,False,False,,,,,,,,,,,,,
target_window_attribution,top2_plus_managed_futures_80_20_v1,30,standard,2025-04-28,2025-06-09,False,False,False,False,False,False,False,False,False,False,False,False,False,,,,,,,,,,,,,
target_window_attribution,top2_plus_managed_futures_80_20_v1,30,standard,2025-04-29,2025-06-10,False,False,False,False,False,False,False,False,False,False,False,False,False,,,,,,,,,,,,,
target_window_attribution,top2_plus_managed_futures_80_20_v1,30,standard,2025-04-30,2025-06-11,False,False,False,False,False,False,False,False,False,False,False,False,False,,,,,,,,,,,,,
target_window_attribution,top2_plus_managed_futures_80_20_v1,30,standard,2025-05-01,2025-06-12,False,False,False,False,False,False,False,False,False,False,False,False,False,,,,,,,,,,,,,
target_window_attribution,top2_plus_managed_futures_80_20_v1,30,standard,2025-05-23,2025-07-08,False,False,False,False,False,False,False,False,False,False,False,False,False,,,,,,,,,,,,,
target_window_attribution,top2_plus_managed_futures_80_20_v1,30,standard,2025-06-06,2025-07-21,False,False,False,False,False,False,False,False,False,False,False,False,False,,,,,,,,,,,,,
target_window_attribution,top2_plus_managed_futures_80_20_v1,30,standard,2025-10-02,2025-11-12,False,False,False,False,False,False,False,False,False,False,False,False,False,,,,,,,,,,,,,
target_window_attribution,top2_plus_managed_futures_80_20_v1,30,standard,2025-10-03,2025-11-13,False,False,False,False,False,False,False,False,False,False,False,False,False,,,,,,,,,,,,,
target_window_attribution,top2_plus_managed_futures_80_20_v1,30,standard,2025-10-06,2025-11-14,False,False,False,False,False,False,False,False,False,False,False,False,False,,,,,,,,,,,,,
target_window_attribution,top2_plus_managed_futures_80_20_v1,30,standard,2025-11-03,2025-12-15,False,False,False,False,False,False,False,False,False,False,False,False,False,,,,,,,,,,,,,
target_window_attribution,top2_plus_managed_futures_80_20_v1,30,standard,2026-04-01,2026-05-13,False,False,False,False,False,False,False,False,False,False,False,False,False,,,,,,,,,,,,,
target_window_attribution,top2_plus_managed_futures_80_20_v1,30,standard,2026-04-10,2026-05-21,False,False,False,False,False,False,False,False,False,False,False,False,False,,,,,,,,,,,,,
target_window_attribution,top2_plus_managed_futures_80_20_v1,30,standard,2026-04-13,2026-05-22,False,False,False,False,False,False,False,False,False,False,False,False,False,,,,,,,,,,,,,
target_window_attribution,top2_plus_managed_futures_80_20_v1,30,standard,2026-04-14,2026-05-26,False,False,False,False,False,False,False,False,False,False,False,False,False,,,,,,,,,,,,,
target_window_attribution,top2_plus_managed_futures_80_20_v1,30,standard,2026-04-15,2026-05-27,False,False,False,False,False,False,False,False,False,False,False,False,False,,,,,,,,,,,,,
target_window_attribution,top2_plus_managed_futures_80_20_v1,30,standard,2026-04-16,2026-05-28,False,False,False,False,False,False,False,False,False,False,False,False,False,,,,,,,,,,,,,
target_window_attribution,top2_plus_managed_futures_80_20_v1,30,standard,2026-04-17,2026-05-29,False,False,False,False,False,False,False,False,False,False,False,False,False,,,,,,,,,,,,,
target_window_attribution,top2_plus_managed_futures_80_20_v1,60,standard,2020-12-02,2021-03-01,False,False,False,False,False,False,False,False,False,False,False,False,False,,,,,,,,,,,,,
target_window_attribution,top2_plus_managed_futures_80_20_v1,60,standard,2021-02-12,2021-05-10,False,False,False,False,False,False,False,False,False,False,False,False,False,,,,,,,,,,,,,
target_window_attribution,top2_plus_managed_futures_80_20_v1,60,standard,2021-05-11,2021-08-04,False,False,False,False,False,False,False,False,False,False,False,False,False,,,,,,,,,,,,,
target_window_attribution,top2_plus_managed_futures_80_20_v1,60,standard,2021-10-15,2022-01-10,False,False,False,False,False,False,False,False,False,False,False,False,False,,,,,,,,,,,,,
target_window_attribution,top2_plus_managed_futures_80_20_v1,60,standard,2021-12-01,2022-02-25,False,False,False,False,False,False,False,False,False,False,False,False,False,,,,,,,,,,,,,
target_window_attribution,top2_plus_managed_futures_80_20_v1,60,standard,2022-02-28,2022-05-23,False,False,False,False,False,False,False,False,False,False,False,False,False,,,,,,,,,,,,,
target_window_attribution,top2_plus_managed_futures_80_20_v1,60,standard,2022-03-24,2022-06-17,False,False,False,False,False,False,False,False,False,False,False,False,False,,,,,,,,,,,,,
target_window_attribution,top2_plus_managed_futures_80_20_v1,60,standard,2022-06-21,2022-09-14,False,False,False,False,False,False,False,False,False,False,False,False,False,,,,,,,,,,,,,
target_window_attribution,top2_plus_managed_futures_80_20_v1,60,standard,2022-08-31,2022-11-23,False,False,False,False,False,False,False,False,False,False,False,False,False,,,,,,,,,,,,,
target_window_attribution,top2_plus_managed_futures_80_20_v1,60,standard,2022-09-20,2022-12-13,False,False,False,False,False,False,False,False,False,False,False,False,False,,,,,,,,,,,,,
target_window_attribution,top2_plus_managed_futures_80_20_v1,60,standard,2022-12-22,2023-03-21,False,False,False,False,False,False,False,False,False,False,False,False,False,,,,,,,,,,,,,
target_window_attribution,top2_plus_managed_futures_80_20_v1,60,standard,2023-02-08,2023-05-04,False,False,False,False,False,False,False,False,False,False,False,False,False,,,,,,,,,,,,,
target_window_attribution,top2_plus_managed_futures_80_20_v1,60,standard,2023-07-19,2023-10-11,False,False,False,False,False,False,False,False,False,False,False,False,False,,,,,,,,,,,,,
target_window_attribution,top2_plus_managed_futures_80_20_v1,60,standard,2023-07-31,2023-10-23,False,False,False,False,False,False,False,False,False,False,False,False,False,,,,,,,,,,,,,
target_window_attribution,top2_plus_managed_futures_80_20_v1,60,standard,2023-12-21,2024-03-19,False,False,False,False,False,False,False,False,False,False,False,False,False,,,,,,,,,,,,,
target_window_attribution,top2_plus_managed_futures_80_20_v1,60,standard,2024-05-23,2024-08-19,False,False,False,False,False,False,False,False,False,False,False,False,False,,,,,,,,,,,,,
target_window_attribution,top2_plus_managed_futures_80_20_v1,60,standard,2024-05-31,2024-08-26,False,False,False,False,False,False,False,False,False,False,False,False,False,,,,,,,,,,,,,
target_window_attribution,top2_plus_managed_futures_80_20_v1,60,standard,2024-07-05,2024-09-27,False,False,False,False,False,False,False,False,False,False,False,False,False,,,,,,,,,,,,,
target_window_attribution,top2_plus_managed_futures_80_20_v1,60,standard,2024-07-08,2024-09-30,False,False,False,False,False,False,False,False,False,False,False,False,False,,,,,,,,,,,,,
target_window_attribution,top2_plus_managed_futures_80_20_v1,60,standard,2024-07-09,2024-10-01,False,False,False,False,False,False,False,False,False,False,False,False,False,,,,,,,,,,,,,
target_window_attribution,top2_plus_managed_futures_80_20_v1,60,standard,2024-11-06,2025-02-04,False,False,False,False,False,False,False,False,False,False,False,False,False,,,,,,,,,,,,,
target_window_attribution,top2_plus_managed_futures_80_20_v1,60,standard,2025-04-17,2025-07-15,False,False,False,False,False,False,False,False,False,False,False,False,False,,,,,,,,,,,,,
target_window_attribution,top2_plus_managed_futures_80_20_v1,60,standard,2025-04-24,2025-07-21,False,False,False,False,False,False,False,False,False,False,False,False,False,,,,,,,,,,,,,
target_window_attribution,top2_plus_managed_futures_80_20_v1,60,standard,2025-04-25,2025-07-22,False,False,False,False,False,False,False,False,False,False,False,False,False,,,,,,,,,,,,,
target_window_attribution,top2_plus_managed_futures_80_20_v1,60,standard,2025-04-28,2025-07-23,False,False,False,False,False,False,False,False,False,False,False,False,False,,,,,,,,,,,,,
target_window_attribution,top2_plus_managed_futures_80_20_v1,60,standard,2025-04-29,2025-07-24,False,False,False,False,False,False,False,False,False,False,False,False,False,,,,,,,,,,,,,
target_window_attribution,top2_plus_managed_futures_80_20_v1,60,standard,2025-04-30,2025-07-25,False,False,False,False,False,False,False,False,False,False,False,False,False,,,,,,,,,,,,,
target_window_attribution,top2_plus_managed_futures_80_20_v1,60,standard,2025-05-01,2025-07-28,False,False,False,False,False,False,False,False,False,False,False,False,False,,,,,,,,,,,,,
target_window_attribution,top2_plus_managed_futures_80_20_v1,60,standard,2025-05-08,2025-08-04,False,False,False,False,False,False,False,False,False,False,False,False,False,,,,,,,,,,,,,
target_window_attribution,top2_plus_managed_futures_80_20_v1,60,standard,2025-05-14,2025-08-08,False,False,False,False,False,False,False,False,False,False,False,False,False,,,,,,,,,,,,,
target_window_attribution,top2_plus_managed_futures_80_20_v1,60,standard,2025-09-25,2025-12-18,False,False,False,False,False,False,False,False,False,False,False,False,False,,,,,,,,,,,,,
target_window_attribution,top2_plus_managed_futures_80_20_v1,60,standard,2025-10-02,2025-12-26,False,False,False,False,False,True,False,True,False,False,False,False,False,,,,,,,,,,,,,
target_window_attribution,top2_plus_managed_futures_80_20_v1,60,standard,2025-10-03,2025-12-29,False,False,False,False,False,True,False,True,False,False,False,False,False,,,,,,,,,,,,,
target_window_attribution,top2_plus_managed_futures_80_20_v1,60,standard,2025-10-06,2025-12-30,False,False,False,False,False,False,False,False,False,False,False,False,False,,,,,,,,,,,,,
target_window_attribution,top2_plus_managed_futures_80_20_v1,60,standard,2026-02-26,2026-05-21,False,False,False,False,False,False,False,False,False,False,False,False,False,,,,,,,,,,,,,
target_window_attribution,top2_plus_managed_futures_80_20_v1,60,standard,2026-02-27,2026-05-22,False,False,False,False,False,False,False,False,False,False,False,False,False,,,,,,,,,,,,,
target_window_attribution,top2_plus_managed_futures_80_20_v1,60,standard,2026-03-02,2026-05-26,False,False,False,False,False,False,False,False,False,False,False,False,False,,,,,,,,,,,,,
target_window_attribution,top2_plus_managed_futures_80_20_v1,60,standard,2026-03-03,2026-05-27,False,False,False,False,False,False,False,False,False,False,False,False,False,,,,,,,,,,,,,
target_window_attribution,top2_plus_managed_futures_80_20_v1,60,standard,2026-03-04,2026-05-28,False,False,False,False,False,False,False,False,False,False,False,False,False,,,,,,,,,,,,,
target_window_attribution,top2_plus_managed_futures_80_20_v1,60,standard,2026-03-05,2026-05-29,False,False,False,False,False,False,False,False,False,False,False,False,False,,,,,,,,,,,,,
target_window_attribution,top2_plus_managed_futures_80_20_v1,90,standard,2020-12-02,2021-04-13,False,False,False,False,False,False,False,True,False,False,False,False,False,,,,,,,,,,,,,
target_window_attribution,top2_plus_managed_futures_80_20_v1,90,standard,2021-02-12,2021-06-22,False,False,False,False,False,False,False,False,False,False,False,False,False,,,,,,,,,,,,,
target_window_attribution,top2_plus_managed_futures_80_20_v1,90,standard,2021-05-07,2021-09-14,False,False,False,False,False,False,False,False,False,False,False,False,False,,,,,,,,,,,,,
target_window_attribution,top2_plus_managed_futures_80_20_v1,90,standard,2021-10-08,2022-02-15,False,False,False,False,False,False,False,False,False,False,False,False,False,,,,,,,,,,,,,
target_window_attribution,top2_plus_managed_futures_80_20_v1,90,standard,2021-11-22,2022-03-31,False,False,False,False,False,False,False,False,False,False,False,False,False,,,,,,,,,,,,,
target_window_attribution,top2_plus_managed_futures_80_20_v1,90,standard,2022-02-28,2022-07-07,False,False,False,False,False,False,False,False,False,False,False,False,False,,,,,,,,,,,,,
target_window_attribution,top2_plus_managed_futures_80_20_v1,90,standard,2022-03-15,2022-07-22,False,False,False,False,False,False,False,False,False,False,False,False,False,,,,,,,,,,,,,
target_window_attribution,top2_plus_managed_futures_80_20_v1,90,standard,2022-06-21,2022-10-26,False,False,False,False,False,False,False,False,False,False,False,False,False,,,,,,,,,,,,,
target_window_attribution,top2_plus_managed_futures_80_20_v1,90,standard,2022-08-17,2022-12-22,False,False,False,False,False,False,False,False,False,False,False,False,False,,,,,,,,,,,,,
target_window_attribution,top2_plus_managed_futures_80_20_v1,90,standard,2022-09-20,2023-01-27,False,False,False,False,False,False,False,False,False,False,False,False,False,,,,,,,,,,,,,
target_window_attribution,top2_plus_managed_futures_80_20_v1,90,standard,2022-12-22,2023-05-03,False,False,False,False,False,False,False,True,False,False,False,False,False,,,,,,,,,,,,,
target_window_attribution,top2_plus_managed_futures_80_20_v1,90,standard,2023-01-20,2023-05-30,False,False,False,False,False,False,False,False,False,False,False,False,False,,,,,,,,,,,,,
target_window_attribution,top2_plus_managed_futures_80_20_v1,90,standard,2023-06-27,2023-11-01,False,False,False,False,False,False,False,False,False,False,False,False,False,,,,,,,,,,,,,
target_window_attribution,top2_plus_managed_futures_80_20_v1,90,standard,2023-07-13,2023-11-16,False,False,False,False,False,False,False,False,False,False,False,False,False,,,,,,,,,,,,,
target_window_attribution,top2_plus_managed_futures_80_20_v1,90,standard,2023-11-28,2024-04-08,True,False,False,False,False,True,True,True,True,False,False,False,False,,,,,,,,,,,,,
target_window_attribution,top2_plus_managed_futures_80_20_v1,90,standard,2024-04-29,2024-09-05,False,False,False,False,False,False,False,False,False,False,False,False,False,,,,,,,,,,,,,
target_window_attribution,top2_plus_managed_futures_80_20_v1,90,standard,2024-05-02,2024-09-10,False,False,False,False,False,True,False,True,False,False,False,False,False,,,,,,,,,,,,,
target_window_attribution,top2_plus_managed_futures_80_20_v1,90,standard,2024-07-05,2024-11-08,False,False,False,False,False,True,False,True,False,False,False,False,False,,,,,,,,,,,,,
target_window_attribution,top2_plus_managed_futures_80_20_v1,90,standard,2024-07-08,2024-11-11,False,False,False,False,False,True,False,True,False,False,False,False,False,,,,,,,,,,,,,
target_window_attribution,top2_plus_managed_futures_80_20_v1,90,standard,2024-07-09,2024-11-12,False,False,False,False,False,True,False,True,False,False,False,False,False,,,,,,,,,,,,,
target_window_attribution,top2_plus_managed_futures_80_20_v1,90,standard,2024-10-07,2025-02-14,False,False,False,False,False,False,False,False,False,False,False,False,False,,,,,,,,,,,,,
target_window_attribution,top2_plus_managed_futures_80_20_v1,90,standard,2025-02-07,2025-06-17,False,False,False,False,False,False,False,True,False,False,False,False,False,,,,,,,,,,,,,
target_window_attribution,top2_plus_managed_futures_80_20_v1,90,standard,2025-03-13,2025-07-22,True,False,False,False,False,True,False,True,False,False,False,False,False,,,,,,,,,,,,,
target_window_attribution,top2_plus_managed_futures_80_20_v1,90,standard,2025-04-24,2025-09-02,False,False,False,False,False,False,False,False,False,False,False,False,False,,,,,,,,,,,,,
target_window_attribution,top2_plus_managed_futures_80_20_v1,90,standard,2025-04-25,2025-09-03,False,False,False,False,False,False,False,False,False,False,False,False,False,,,,,,,,,,,,,
target_window_attribution,top2_plus_managed_futures_80_20_v1,90,standard,2025-04-28,2025-09-04,False,False,False,False,False,False,False,False,False,False,False,False,False,,,,,,,,,,,,,
target_window_attribution,top2_plus_managed_futures_80_20_v1,90,standard,2025-04-29,2025-09-05,False,False,False,False,False,True,False,False,False,False,False,False,False,,,,,,,,,,,,,
target_window_attribution,top2_plus_managed_futures_80_20_v1,90,standard,2025-04-30,2025-09-08,False,False,False,False,False,True,False,False,False,False,False,False,False,,,,,,,,,,,,,
target_window_attribution,top2_plus_managed_futures_80_20_v1,90,standard,2025-05-01,2025-09-09,False,False,False,False,False,True,False,False,False,False,False,False,False,,,,,,,,,,,,,
target_window_attribution,top2_plus_managed_futures_80_20_v1,90,standard,2025-05-08,2025-09-16,False,False,False,False,False,True,False,False,False,False,False,False,False,,,,,,,,,,,,,
target_window_attribution,top2_plus_managed_futures_80_20_v1,90,standard,2025-08-15,2025-12-22,True,True,False,False,False,True,True,True,True,False,False,False,False,,,,,,,,,,,,,
target_window_attribution,top2_plus_managed_futures_80_20_v1,90,standard,2025-10-02,2026-02-10,True,True,False,False,False,True,True,True,True,False,False,False,False,,,,,,,,,,,,,
target_window_attribution,top2_plus_managed_futures_80_20_v1,90,standard,2025-10-03,2026-02-11,True,True,False,False,False,True,True,True,True,False,False,False,False,,,,,,,,,,,,,
target_window_attribution,top2_plus_managed_futures_80_20_v1,90,standard,2025-10-06,2026-02-12,True,True,False,False,False,True,True,True,True,False,False,False,False,,,,,,,,,,,,,
target_window_attribution,top2_plus_managed_futures_80_20_v1,90,standard,2026-01-13,2026-05-21,False,False,False,False,False,False,False,False,False,False,False,False,False,,,,,,,,,,,,,
target_window_attribution,top2_plus_managed_futures_80_20_v1,90,standard,2026-01-14,2026-05-22,False,False,False,False,False,False,False,False,False,False,False,False,False,,,,,,,,,,,,,
target_window_attribution,top2_plus_managed_futures_80_20_v1,90,standard,2026-01-15,2026-05-26,False,False,False,False,False,False,False,False,False,False,False,False,False,,,,,,,,,,,,,
target_window_attribution,top2_plus_managed_futures_80_20_v1,90,standard,2026-01-16,2026-05-27,False,False,False,False,False,False,False,False,False,False,False,False,False,,,,,,,,,,,,,
target_window_attribution,top2_plus_managed_futures_80_20_v1,90,standard,2026-01-20,2026-05-28,False,False,False,False,False,False,False,False,False,False,False,False,False,,,,,,,,,,,,,
target_window_attribution,top2_plus_managed_futures_80_20_v1,90,standard,2026-01-21,2026-05-29,False,False,False,False,False,False,False,False,False,False,False,False,False,,,,,,,,,,,,,
target_window_attribution,top2_plus_managed_futures_80_20_v1,180,standard,2020-12-02,2021-08-19,False,False,False,False,False,True,False,True,True,False,False,False,False,,,,,,,,,,,,,
target_window_attribution,top2_plus_managed_futures_80_20_v1,180,standard,2021-02-12,2021-10-28,False,False,False,False,False,False,False,True,False,False,False,False,False,,,,,,,,,,,,,
target_window_attribution,top2_plus_managed_futures_80_20_v1,180,standard,2021-04-27,2022-01-10,False,False,False,False,False,False,False,False,False,False,False,False,False,,,,,,,,,,,,,
target_window_attribution,top2_plus_managed_futures_80_20_v1,180,standard,2021-09-17,2022-06-03,False,False,False,False,False,False,False,False,False,False,False,False,False,,,,,,,,,,,,,
target_window_attribution,top2_plus_managed_futures_80_20_v1,180,standard,2021-10-27,2022-07-15,False,False,False,False,False,False,False,False,False,False,False,False,False,,,,,,,,,,,,,
target_window_attribution,top2_plus_managed_futures_80_20_v1,180,standard,2022-02-09,2022-10-26,False,False,False,False,False,False,False,False,False,False,False,False,False,,,,,,,,,,,,,
target_window_attribution,top2_plus_managed_futures_80_20_v1,180,standard,2022-02-28,2022-11-11,False,False,False,False,False,False,False,False,False,False,False,False,False,,,,,,,,,,,,,
target_window_attribution,top2_plus_managed_futures_80_20_v1,180,standard,2022-06-21,2023-03-08,False,False,False,False,False,False,False,False,False,False,False,False,False,,,,,,,,,,,,,
target_window_attribution,top2_plus_managed_futures_80_20_v1,180,standard,2022-07-06,2023-03-22,False,False,False,False,False,False,False,True,False,False,False,False,False,,,,,,,,,,,,,
target_window_attribution,top2_plus_managed_futures_80_20_v1,180,standard,2022-09-20,2023-06-07,False,False,False,False,False,True,False,True,False,False,False,False,False,,,,,,,,,,,,,
target_window_attribution,top2_plus_managed_futures_80_20_v1,180,standard,2022-11-25,2023-08-15,True,False,False,False,False,True,False,True,True,False,False,False,False,,,,,,,,,,,,,
target_window_attribution,top2_plus_managed_futures_80_20_v1,180,standard,2022-12-22,2023-09-12,True,False,False,False,False,True,False,True,True,False,False,False,False,,,,,,,,,,,,,
target_window_attribution,top2_plus_managed_futures_80_20_v1,180,standard,2023-04-21,2024-01-08,False,False,False,False,False,False,False,False,False,False,False,False,False,,,,,,,,,,,,,
target_window_attribution,top2_plus_managed_futures_80_20_v1,180,standard,2023-05-19,2024-02-06,False,False,False,False,False,True,False,False,False,False,False,False,False,,,,,,,,,,,,,
target_window_attribution,top2_plus_managed_futures_80_20_v1,180,standard,2023-09-13,2024-05-30,True,True,False,False,False,True,True,True,True,False,False,False,False,,,,,,,,,,,,,
target_window_attribution,top2_plus_managed_futures_80_20_v1,180,standard,2024-02-06,2024-10-22,True,True,True,False,False,True,True,True,True,False,False,False,False,,,,,,,,,,,,,
target_window_attribution,top2_plus_managed_futures_80_20_v1,180,standard,2024-02-09,2024-10-25,True,True,True,False,False,True,True,True,True,False,False,False,False,,,,,,,,,,,,,
target_window_attribution,top2_plus_managed_futures_80_20_v1,180,standard,2024-07-01,2025-03-19,True,True,False,False,False,True,True,True,True,False,False,False,False,,,,,,,,,,,,,
target_window_attribution,top2_plus_managed_futures_80_20_v1,180,standard,2024-07-05,2025-03-24,True,False,False,False,False,True,True,True,True,False,False,False,False,,,,,,,,,,,,,
target_window_attribution,top2_plus_managed_futures_80_20_v1,180,standard,2024-07-08,2025-03-25,True,True,False,False,False,True,True,True,True,False,False,False,False,,,,,,,,,,,,,
target_window_attribution,top2_plus_managed_futures_80_20_v1,180,standard,2024-07-09,2025-03-26,True,True,False,False,False,True,True,True,True,False,False,False,False,,,,,,,,,,,,,
target_window_attribution,top2_plus_managed_futures_80_20_v1,180,standard,2024-07-10,2025-03-27,True,False,False,False,False,True,True,True,True,False,False,False,False,,,,,,,,,,,,,
target_window_attribution,top2_plus_managed_futures_80_20_v1,180,standard,2024-10-23,2025-07-15,True,True,False,False,False,True,True,True,True,False,False,False,False,,,,,,,,,,,,,
target_window_attribution,top2_plus_managed_futures_80_20_v1,180,standard,2024-11-20,2025-08-12,True,True,False,False,False,True,True,True,True,False,False,False,False,,,,,,,,,,,,,
target_window_attribution,top2_plus_managed_futures_80_20_v1,180,standard,2024-12-16,2025-09-05,True,False,False,False,False,True,True,True,True,False,False,False,False,,,,,,,,,,,,,
target_window_attribution,top2_plus_managed_futures_80_20_v1,180,standard,2025-04-17,2026-01-05,True,True,False,False,False,True,True,True,True,False,False,False,False,,,,,,,,,,,,,
target_window_attribution,top2_plus_managed_futures_80_20_v1,180,standard,2025-04-24,2026-01-09,True,True,False,False,False,True,True,True,True,False,False,False,False,,,,,,,,,,,,,
target_window_attribution,top2_plus_managed_futures_80_20_v1,180,standard,2025-04-25,2026-01-12,True,True,True,False,False,True,True,True,True,False,False,False,False,,,,,,,,,,,,,
target_window_attribution,top2_plus_managed_futures_80_20_v1,180,standard,2025-04-28,2026-01-13,True,True,False,False,False,True,True,True,True,False,False,False,False,,,,,,,,,,,,,
target_window_attribution,top2_plus_managed_futures_80_20_v1,180,standard,2025-04-29,2026-01-14,True,True,True,False,False,True,True,True,True,False,False,False,False,,,,,,,,,,,,,
target_window_attribution,top2_plus_managed_futures_80_20_v1,180,standard,2025-04-30,2026-01-15,True,True,True,False,False,True,True,True,True,False,False,False,False,,,,,,,,,,,,,
target_window_attribution,top2_plus_managed_futures_80_20_v1,180,standard,2025-05-01,2026-01-16,True,True,True,False,False,True,True,True,True,False,False,False,False,,,,,,,,,,,,,
target_window_attribution,top2_plus_managed_futures_80_20_v1,180,standard,2025-05-08,2026-01-26,True,True,True,False,False,True,True,True,True,False,False,False,False,,,,,,,,,,,,,
target_window_attribution,top2_plus_managed_futures_80_20_v1,180,standard,2025-09-04,2026-05-21,True,True,True,False,False,True,True,True,True,False,False,False,False,,,,,,,,,,,,,
target_window_attribution,top2_plus_managed_futures_80_20_v1,180,standard,2025-09-05,2026-05-22,True,True,True,False,False,True,True,True,True,False,False,False,False,,,,,,,,,,,,,
target_window_attribution,top2_plus_managed_futures_80_20_v1,180,standard,2025-09-08,2026-05-26,True,True,True,False,False,True,True,True,True,False,False,False,False,,,,,,,,,,,,,
target_window_attribution,top2_plus_managed_futures_80_20_v1,180,standard,2025-09-09,2026-05-27,True,True,True,False,False,True,True,True,True,False,False,False,False,,,,,,,,,,,,,
target_window_attribution,top2_plus_managed_futures_80_20_v1,180,standard,2025-09-10,2026-05-28,True,True,True,False,False,True,True,True,True,False,False,False,False,,,,,,,,,,,,,
target_window_attribution,top2_plus_managed_futures_80_20_v1,180,standard,2025-09-11,2026-05-29,True,True,True,False,False,True,True,True,True,False,False,False,False,,,,,,,,,,,,,
component_contribution,combo_plus_top2_50_50_v1,30,standard,2007-01-03,2007-02-14,,,,,,,,,,,,,,combo_SPY200d_GLD_50_50_v1,48.983603361519435,48.983603361519435,unavailable_needs_component_daily_contribution_stream,unavailable_needs_component_daily_contribution_stream,available_final_equity_window_contribution,,,,,,,
component_contribution,combo_plus_top2_50_50_v1,30,standard,2007-01-03,2007-02-14,,,,,,,,,,,,,,asset_class_tsmom_top2_v1,-0.7499999999999174,-0.7499999999999174,unavailable_needs_component_daily_contribution_stream,unavailable_needs_component_daily_contribution_stream,available_final_equity_window_contribution,,,,,,,
component_contribution,combo_plus_top2_50_50_v1,30,standard,2007-03-21,2007-05-02,,,,,,,,,,,,,,combo_SPY200d_GLD_50_50_v1,10.056601508312061,10.056601508312061,unavailable_needs_component_daily_contribution_stream,unavailable_needs_component_daily_contribution_stream,available_final_equity_window_contribution,,,,,,,
component_contribution,combo_plus_top2_50_50_v1,30,standard,2007-03-21,2007-05-02,,,,,,,,,,,,,,asset_class_tsmom_top2_v1,0.0,0.0,unavailable_needs_component_daily_contribution_stream,unavailable_needs_component_daily_contribution_stream,available_final_equity_window_contribution,,,,,,,
component_contribution,combo_plus_top2_50_50_v1,30,standard,2008-07-11,2008-08-21,,,,,,,,,,,,,,combo_SPY200d_GLD_50_50_v1,-102.46829122016825,-102.46829122016825,unavailable_needs_component_daily_contribution_stream,unavailable_needs_component_daily_contribution_stream,available_final_equity_window_contribution,,,,,,,
component_contribution,combo_plus_top2_50_50_v1,30,standard,2008-07-11,2008-08-21,,,,,,,,,,,,,,asset_class_tsmom_top2_v1,-160.17428114766847,-160.17428114766847,unavailable_needs_component_daily_contribution_stream,unavailable_needs_component_daily_contribution_stream,available_final_equity_window_contribution,,,,,,,
component_contribution,combo_plus_top2_50_50_v1,30,standard,2008-08-11,2008-09-22,,,,,,,,,,,,,,combo_SPY200d_GLD_50_50_v1,78.41779973861085,78.41779973861085,unavailable_needs_component_daily_contribution_stream,unavailable_needs_component_daily_contribution_stream,available_final_equity_window_contribution,,,,,,,
component_contribution,combo_plus_top2_50_50_v1,30,standard,2008-08-11,2008-09-22,,,,,,,,,,,,,,asset_class_tsmom_top2_v1,-46.31680056695466,-46.31680056695466,unavailable_needs_component_daily_contribution_stream,unavailable_needs_component_daily_contribution_stream,available_final_equity_window_contribution,,,,,,,
component_contribution,combo_plus_top2_50_50_v1,30,standard,2008-10-28,2008-12-09,,,,,,,,,,,,,,combo_SPY200d_GLD_50_50_v1,31.788186595443374,31.788186595443374,unavailable_needs_component_daily_contribution_stream,unavailable_needs_component_daily_contribution_stream,available_final_equity_window_contribution,,,,,,,
component_contribution,combo_plus_top2_50_50_v1,30,standard,2008-10-28,2008-12-09,,,,,,,,,,,,,,asset_class_tsmom_top2_v1,135.1434106090779,135.1434106090779,unavailable_needs_component_daily_contribution_stream,unavailable_needs_component_daily_contribution_stream,available_final_equity_window_contribution,,,,,,,
component_contribution,combo_plus_top2_50_50_v1,30,standard,2008-10-29,2008-12-10,,,,,,,,,,,,,,combo_SPY200d_GLD_50_50_v1,66.38380390565808,66.38380390565808,unavailable_needs_component_daily_contribution_stream,unavailable_needs_component_daily_contribution_stream,available_final_equity_window_contribution,,,,,,,
component_contribution,combo_plus_top2_50_50_v1,30,standard,2008-10-29,2008-12-10,,,,,,,,,,,,,,asset_class_tsmom_top2_v1,131.30582805126423,131.30582805126423,unavailable_needs_component_daily_contribution_stream,unavailable_needs_component_daily_contribution_stream,available_final_equity_window_contribution,,,,,,,
component_contribution,combo_plus_top2_50_50_v1,30,standard,2008-10-30,2008-12-11,,,,,,,,,,,,,,combo_SPY200d_GLD_50_50_v1,89.68434673346925,89.68434673346925,unavailable_needs_component_daily_contribution_stream,unavailable_needs_component_daily_contribution_stream,available_final_equity_window_contribution,,,,,,,
component_contribution,combo_plus_top2_50_50_v1,30,standard,2008-10-30,2008-12-11,,,,,,,,,,,,,,asset_class_tsmom_top2_v1,153.6768065028591,153.6768065028591,unavailable_needs_component_daily_contribution_stream,unavailable_needs_component_daily_contribution_stream,available_final_equity_window_contribution,,,,,,,
component_contribution,combo_plus_top2_50_50_v1,30,standard,2008-10-31,2008-12-12,,,,,,,,,,,,,,combo_SPY200d_GLD_50_50_v1,104.84294571401604,104.84294571401604,unavailable_needs_component_daily_contribution_stream,unavailable_needs_component_daily_contribution_stream,available_final_equity_window_contribution,,,,,,,
component_contribution,combo_plus_top2_50_50_v1,30,standard,2008-10-31,2008-12-12,,,,,,,,,,,,,,asset_class_tsmom_top2_v1,162.25152486144992,162.25152486144992,unavailable_needs_component_daily_contribution_stream,unavailable_needs_component_daily_contribution_stream,available_final_equity_window_contribution,,,,,,,
component_contribution,combo_plus_top2_50_50_v1,30,standard,2008-11-03,2008-12-15,,,,,,,,,,,,,,combo_SPY200d_GLD_50_50_v1,125.50639596715043,125.50639596715043,unavailable_needs_component_daily_contribution_stream,unavailable_needs_component_daily_contribution_stream,available_final_equity_window_contribution,,,,,,,
component_contribution,combo_plus_top2_50_50_v1,30,standard,2008-11-03,2008-12-15,,,,,,,,,,,,,,asset_class_tsmom_top2_v1,163.41857169565918,163.41857169565918,unavailable_needs_component_daily_contribution_stream,unavailable_needs_component_daily_contribution_stream,available_final_equity_window_contribution,,,,,,,
component_contribution,combo_plus_top2_50_50_v1,30,standard,2008-11-05,2008-12-17,,,,,,,,,,,,,,combo_SPY200d_GLD_50_50_v1,131.91534421504812,131.91534421504812,unavailable_needs_component_daily_contribution_stream,unavailable_needs_component_daily_contribution_stream,available_final_equity_window_contribution,,,,,,,
component_contribution,combo_plus_top2_50_50_v1,30,standard,2008-11-05,2008-12-17,,,,,,,,,,,,,,asset_class_tsmom_top2_v1,172.17817408710167,172.17817408710167,unavailable_needs_component_daily_contribution_stream,unavailable_needs_component_daily_contribution_stream,available_final_equity_window_contribution,,,,,,,
component_contribution,combo_plus_top2_50_50_v1,30,standard,2009-05-28,2009-07-09,,,,,,,,,,,,,,combo_SPY200d_GLD_50_50_v1,-67.8612630702206,-67.8612630702206,unavailable_needs_component_daily_contribution_stream,unavailable_needs_component_daily_contribution_stream,available_final_equity_window_contribution,,,,,,,
component_contribution,combo_plus_top2_50_50_v1,30,standard,2009-05-28,2009-07-09,,,,,,,,,,,,,,asset_class_tsmom_top2_v1,-90.36382379910548,-90.36382379910548,unavailable_needs_component_daily_contribution_stream,unavailable_needs_component_daily_contribution_stream,available_final_equity_window_contribution,,,,,,,
component_contribution,combo_plus_top2_50_50_v1,30,standard,2010-03-19,2010-04-30,,,,,,,,,,,,,,combo_SPY200d_GLD_50_50_v1,67.94811812056167,67.94811812056167,unavailable_needs_component_daily_contribution_stream,unavailable_needs_component_daily_contribution_stream,available_final_equity_window_contribution,,,,,,,
component_contribution,combo_plus_top2_50_50_v1,30,standard,2010-03-19,2010-04-30,,,,,,,,,,,,,,asset_class_tsmom_top2_v1,67.94811812056201,67.94811812056201,unavailable_needs_component_daily_contribution_stream,unavailable_needs_component_daily_contribution_stream,available_final_equity_window_contribution,,,,,,,
component_contribution,combo_plus_top2_50_50_v1,30,standard,2011-10-25,2011-12-06,,,,,,,,,,,,,,combo_SPY200d_GLD_50_50_v1,-46.040950130559054,-46.040950130559054,unavailable_needs_component_daily_contribution_stream,unavailable_needs_component_daily_contribution_stream,available_final_equity_window_contribution,,,,,,,
component_contribution,combo_plus_top2_50_50_v1,30,standard,2011-10-25,2011-12-06,,,,,,,,,,,,,,asset_class_tsmom_top2_v1,18.258627394437962,18.258627394437962,unavailable_needs_component_daily_contribution_stream,unavailable_needs_component_daily_contribution_stream,available_final_equity_window_contribution,,,,,,,
component_contribution,combo_plus_top2_50_50_v1,30,standard,2012-05-03,2012-06-14,,,,,,,,,,,,,,combo_SPY200d_GLD_50_50_v1,-35.33090036906472,-35.33090036906472,unavailable_needs_component_daily_contribution_stream,unavailable_needs_component_daily_contribution_stream,available_final_equity_window_contribution,,,,,,,
component_contribution,combo_plus_top2_50_50_v1,30,standard,2012-05-03,2012-06-14,,,,,,,,,,,,,,asset_class_tsmom_top2_v1,-12.281839478704267,-12.281839478704267,unavailable_needs_component_daily_contribution_stream,unavailable_needs_component_daily_contribution_stream,available_final_equity_window_contribution,,,,,,,
component_contribution,combo_plus_top2_50_50_v1,30,standard,2013-06-06,2013-07-18,,,,,,,,,,,,,,combo_SPY200d_GLD_50_50_v1,-36.71497631936798,-36.71497631936798,unavailable_needs_component_daily_contribution_stream,unavailable_needs_component_daily_contribution_stream,available_final_equity_window_contribution,,,,,,,
component_contribution,combo_plus_top2_50_50_v1,30,standard,2013-06-06,2013-07-18,,,,,,,,,,,,,,asset_class_tsmom_top2_v1,62.73935652638931,62.73935652638931,unavailable_needs_component_daily_contribution_stream,unavailable_needs_component_daily_contribution_stream,available_final_equity_window_contribution,,,,,,,
component_contribution,combo_plus_top2_50_50_v1,30,standard,2015-01-13,2015-02-25,,,,,,,,,,,,,,combo_SPY200d_GLD_50_50_v1,20.52644327623921,20.52644327623921,unavailable_needs_component_daily_contribution_stream,unavailable_needs_component_daily_contribution_stream,available_final_equity_window_contribution,,,,,,,
component_contribution,combo_plus_top2_50_50_v1,30,standard,2015-01-13,2015-02-25,,,,,,,,,,,,,,asset_class_tsmom_top2_v1,33.2600938212827,33.2600938212827,unavailable_needs_component_daily_contribution_stream,unavailable_needs_component_daily_contribution_stream,available_final_equity_window_contribution,,,,,,,
component_contribution,combo_plus_top2_50_50_v1,30,standard,2015-05-08,2015-06-19,,,,,,,,,,,,,,combo_SPY200d_GLD_50_50_v1,8.596765719843889,8.596765719843889,unavailable_needs_component_daily_contribution_stream,unavailable_needs_component_daily_contribution_stream,available_final_equity_window_contribution,,,,,,,
component_contribution,combo_plus_top2_50_50_v1,30,standard,2015-05-08,2015-06-19,,,,,,,,,,,,,,asset_class_tsmom_top2_v1,-4.408072642370602,-4.408072642370602,unavailable_needs_component_daily_contribution_stream,unavailable_needs_component_daily_contribution_stream,available_final_equity_window_contribution,,,,,,,
component_contribution,combo_plus_top2_50_50_v1,30,standard,2016-01-12,2016-02-24,,,,,,,,,,,,,,combo_SPY200d_GLD_50_50_v1,94.70395986858064,94.70395986858064,unavailable_needs_component_daily_contribution_stream,unavailable_needs_component_daily_contribution_stream,available_final_equity_window_contribution,,,,,,,
component_contribution,combo_plus_top2_50_50_v1,30,standard,2016-01-12,2016-02-24,,,,,,,,,,,,,,asset_class_tsmom_top2_v1,48.514884111420336,48.514884111420336,unavailable_needs_component_daily_contribution_stream,unavailable_needs_component_daily_contribution_stream,available_final_equity_window_contribution,,,,,,,
component_contribution,combo_plus_top2_50_50_v1,30,standard,2016-08-22,2016-10-03,,,,,,,,,,,,,,combo_SPY200d_GLD_50_50_v1,-19.82357072645412,-19.82357072645412,unavailable_needs_component_daily_contribution_stream,unavailable_needs_component_daily_contribution_stream,available_final_equity_window_contribution,,,,,,,
component_contribution,combo_plus_top2_50_50_v1,30,standard,2016-08-22,2016-10-03,,,,,,,,,,,,,,asset_class_tsmom_top2_v1,-19.823570726453458,-19.823570726453458,unavailable_needs_component_daily_contribution_stream,unavailable_needs_component_daily_contribution_stream,available_final_equity_window_contribution,,,,,,,
component_contribution,combo_plus_top2_50_50_v1,30,standard,2017-08-09,2017-09-20,,,,,,,,,,,,,,combo_SPY200d_GLD_50_50_v1,27.206374505775106,27.206374505775106,unavailable_needs_component_daily_contribution_stream,unavailable_needs_component_daily_contribution_stream,available_final_equity_window_contribution,,,,,,,
component_contribution,combo_plus_top2_50_50_v1,30,standard,2017-08-09,2017-09-20,,,,,,,,,,,,,,asset_class_tsmom_top2_v1,27.206374505774768,27.206374505774768,unavailable_needs_component_daily_contribution_stream,unavailable_needs_component_daily_contribution_stream,available_final_equity_window_contribution,,,,,,,
component_contribution,combo_plus_top2_50_50_v1,30,standard,2017-10-09,2017-11-17,,,,,,,,,,,,,,combo_SPY200d_GLD_50_50_v1,16.550974773360625,16.550974773360625,unavailable_needs_component_daily_contribution_stream,unavailable_needs_component_daily_contribution_stream,available_final_equity_window_contribution,,,,,,,
component_contribution,combo_plus_top2_50_50_v1,30,standard,2017-10-09,2017-11-17,,,,,,,,,,,,,,asset_class_tsmom_top2_v1,16.55097477336046,16.55097477336046,unavailable_needs_component_daily_contribution_stream,unavailable_needs_component_daily_contribution_stream,available_final_equity_window_contribution,,,,,,,
component_contribution,combo_plus_top2_50_50_v1,30,standard,2017-10-10,2017-11-20,,,,,,,,,,,,,,combo_SPY200d_GLD_50_50_v1,4.322656009613478,4.322656009613478,unavailable_needs_component_daily_contribution_stream,unavailable_needs_component_daily_contribution_stream,available_final_equity_window_contribution,,,,,,,
component_contribution,combo_plus_top2_50_50_v1,30,standard,2017-10-10,2017-11-20,,,,,,,,,,,,,,asset_class_tsmom_top2_v1,4.322656009613144,4.322656009613144,unavailable_needs_component_daily_contribution_stream,unavailable_needs_component_daily_contribution_stream,available_final_equity_window_contribution,,,,,,,
component_contribution,combo_plus_top2_50_50_v1,30,standard,2017-10-11,2017-11-21,,,,,,,,,,,,,,combo_SPY200d_GLD_50_50_v1,6.899428067064695,6.899428067064695,unavailable_needs_component_daily_contribution_stream,unavailable_needs_component_daily_contribution_stream,available_final_equity_window_contribution,,,,,,,
component_contribution,combo_plus_top2_50_50_v1,30,standard,2017-10-11,2017-11-21,,,,,,,,,,,,,,asset_class_tsmom_top2_v1,6.899428067064858,6.899428067064858,unavailable_needs_component_daily_contribution_stream,unavailable_needs_component_daily_contribution_stream,available_final_equity_window_contribution,,,,,,,
component_contribution,combo_plus_top2_50_50_v1,30,standard,2017-10-19,2017-11-30,,,,,,,,,,,,,,combo_SPY200d_GLD_50_50_v1,19.060142212295712,19.060142212295712,unavailable_needs_component_daily_contribution_stream,unavailable_needs_component_daily_contribution_stream,available_final_equity_window_contribution,,,,,,,
component_contribution,combo_plus_top2_50_50_v1,30,standard,2017-10-19,2017-11-30,,,,,,,,,,,,,,asset_class_tsmom_top2_v1,19.060142212295546,19.060142212295546,unavailable_needs_component_daily_contribution_stream,unavailable_needs_component_daily_contribution_stream,available_final_equity_window_contribution,,,,,,,
component_contribution,combo_plus_top2_50_50_v1,30,standard,2017-10-20,2017-12-01,,,,,,,,,,,,,,combo_SPY200d_GLD_50_50_v1,21.479337354220828,21.479337354220828,unavailable_needs_component_daily_contribution_stream,unavailable_needs_component_daily_contribution_stream,available_final_equity_window_contribution,,,,,,,
component_contribution,combo_plus_top2_50_50_v1,30,standard,2017-10-20,2017-12-01,,,,,,,,,,,,,,asset_class_tsmom_top2_v1,21.479337354220156,21.479337354220156,unavailable_needs_component_daily_contribution_stream,unavailable_needs_component_daily_contribution_stream,available_final_equity_window_contribution,,,,,,,
component_contribution,combo_plus_top2_50_50_v1,30,standard,2018-04-02,2018-05-11,,,,,,,,,,,,,,combo_SPY200d_GLD_50_50_v1,31.05640897027547,31.05640897027547,unavailable_needs_component_daily_contribution_stream,unavailable_needs_component_daily_contribution_stream,available_final_equity_window_contribution,,,,,,,
component_contribution,combo_plus_top2_50_50_v1,30,standard,2018-04-02,2018-05-11,,,,,,,,,,,,,,asset_class_tsmom_top2_v1,31.056408970275132,31.056408970275132,unavailable_needs_component_daily_contribution_stream,unavailable_needs_component_daily_contribution_stream,available_final_equity_window_contribution,,,,,,,
component_contribution,combo_plus_top2_50_50_v1,30,standard,2018-09-24,2018-11-02,,,,,,,,,,,,,,combo_SPY200d_GLD_50_50_v1,-38.070708443221676,-38.070708443221676,unavailable_needs_component_daily_contribution_stream,unavailable_needs_component_daily_contribution_stream,available_final_equity_window_contribution,,,,,,,
component_contribution,combo_plus_top2_50_50_v1,30,standard,2018-09-24,2018-11-02,,,,,,,,,,,,,,asset_class_tsmom_top2_v1,-97.51766017359323,-97.51766017359323,unavailable_needs_component_daily_contribution_stream,unavailable_needs_component_daily_contribution_stream,available_final_equity_window_contribution,,,,,,,
component_contribution,combo_plus_top2_50_50_v1,30,standard,2019-11-06,2019-12-18,,,,,,,,,,,,,,combo_SPY200d_GLD_50_50_v1,22.63919457969045,22.63919457969045,unavailable_needs_component_daily_contribution_stream,unavailable_needs_component_daily_contribution_stream,available_final_equity_window_contribution,,,,,,,
component_contribution,combo_plus_top2_50_50_v1,30,standard,2019-11-06,2019-12-18,,,,,,,,,,,,,,asset_class_tsmom_top2_v1,10.116544840268727,10.116544840268727,unavailable_needs_component_daily_contribution_stream,unavailable_needs_component_daily_contribution_stream,available_final_equity_window_contribution,,,,,,,
component_contribution,combo_plus_top2_50_50_v1,30,standard,2021-06-17,2021-07-29,,,,,,,,,,,,,,combo_SPY200d_GLD_50_50_v1,60.04389550023625,60.04389550023625,unavailable_needs_component_daily_contribution_stream,unavailable_needs_component_daily_contribution_stream,available_final_equity_window_contribution,,,,,,,
component_contribution,combo_plus_top2_50_50_v1,30,standard,2021-06-17,2021-07-29,,,,,,,,,,,,,,asset_class_tsmom_top2_v1,54.567361424436974,54.567361424436974,unavailable_needs_component_daily_contribution_stream,unavailable_needs_component_daily_contribution_stream,available_final_equity_window_contribution,,,,,,,
component_contribution,combo_plus_top2_50_50_v1,30,standard,2022-05-18,2022-06-30,,,,,,,,,,,,,,combo_SPY200d_GLD_50_50_v1,-3.380245732713126,-3.380245732713126,unavailable_needs_component_daily_contribution_stream,unavailable_needs_component_daily_contribution_stream,available_final_equity_window_contribution,,,,,,,
component_contribution,combo_plus_top2_50_50_v1,30,standard,2022-05-18,2022-06-30,,,,,,,,,,,,,,asset_class_tsmom_top2_v1,-8.102257402877543,-8.102257402877543,unavailable_needs_component_daily_contribution_stream,unavailable_needs_component_daily_contribution_stream,available_final_equity_window_contribution,,,,,,,
component_contribution,combo_plus_top2_50_50_v1,30,standard,2023-01-20,2023-03-03,,,,,,,,,,,,,,combo_SPY200d_GLD_50_50_v1,-13.217260698379462,-13.217260698379462,unavailable_needs_component_daily_contribution_stream,unavailable_needs_component_daily_contribution_stream,available_final_equity_window_contribution,,,,,,,
component_contribution,combo_plus_top2_50_50_v1,30,standard,2023-01-20,2023-03-03,,,,,,,,,,,,,,asset_class_tsmom_top2_v1,-42.0133008607636,-42.0133008607636,unavailable_needs_component_daily_contribution_stream,unavailable_needs_component_daily_contribution_stream,available_final_equity_window_contribution,,,,,,,
component_contribution,combo_plus_top2_50_50_v1,30,standard,2023-01-25,2023-03-08,,,,,,,,,,,,,,combo_SPY200d_GLD_50_50_v1,-54.44426571965397,-54.44426571965397,unavailable_needs_component_daily_contribution_stream,unavailable_needs_component_daily_contribution_stream,available_final_equity_window_contribution,,,,,,,
component_contribution,combo_plus_top2_50_50_v1,30,standard,2023-01-25,2023-03-08,,,,,,,,,,,,,,asset_class_tsmom_top2_v1,-90.0970809429268,-90.0970809429268,unavailable_needs_component_daily_contribution_stream,unavailable_needs_component_daily_contribution_stream,available_final_equity_window_contribution,,,,,,,
component_contribution,combo_plus_top2_50_50_v1,30,standard,2024-09-04,2024-10-15,,,,,,,,,,,,,,combo_SPY200d_GLD_50_50_v1,92.53194181001813,92.53194181001813,unavailable_needs_component_daily_contribution_stream,unavailable_needs_component_daily_contribution_stream,available_final_equity_window_contribution,,,,,,,
component_contribution,combo_plus_top2_50_50_v1,30,standard,2024-09-04,2024-10-15,,,,,,,,,,,,,,asset_class_tsmom_top2_v1,92.53194181001865,92.53194181001865,unavailable_needs_component_daily_contribution_stream,unavailable_needs_component_daily_contribution_stream,available_final_equity_window_contribution,,,,,,,
component_contribution,combo_plus_top2_50_50_v1,30,standard,2026-04-07,2026-05-18,,,,,,,,,,,,,,combo_SPY200d_GLD_50_50_v1,43.1540101403649,43.1540101403649,unavailable_needs_component_daily_contribution_stream,unavailable_needs_component_daily_contribution_stream,available_final_equity_window_contribution,,,,,,,
component_contribution,combo_plus_top2_50_50_v1,30,standard,2026-04-07,2026-05-18,,,,,,,,,,,,,,asset_class_tsmom_top2_v1,-7.090674902029553,-7.090674902029553,unavailable_needs_component_daily_contribution_stream,unavailable_needs_component_daily_contribution_stream,available_final_equity_window_contribution,,,,,,,
component_contribution,combo_plus_top2_50_50_v1,30,standard,2026-04-10,2026-05-21,,,,,,,,,,,,,,combo_SPY200d_GLD_50_50_v1,32.17828119877626,32.17828119877626,unavailable_needs_component_daily_contribution_stream,unavailable_needs_component_daily_contribution_stream,available_final_equity_window_contribution,,,,,,,
component_contribution,combo_plus_top2_50_50_v1,30,standard,2026-04-10,2026-05-21,,,,,,,,,,,,,,asset_class_tsmom_top2_v1,-14.785755413822725,-14.785755413822725,unavailable_needs_component_daily_contribution_stream,unavailable_needs_component_daily_contribution_stream,available_final_equity_window_contribution,,,,,,,
component_contribution,combo_plus_top2_50_50_v1,30,standard,2026-04-13,2026-05-22,,,,,,,,,,,,,,combo_SPY200d_GLD_50_50_v1,25.09270145942078,25.09270145942078,unavailable_needs_component_daily_contribution_stream,unavailable_needs_component_daily_contribution_stream,available_final_equity_window_contribution,,,,,,,
component_contribution,combo_plus_top2_50_50_v1,30,standard,2026-04-13,2026-05-22,,,,,,,,,,,,,,asset_class_tsmom_top2_v1,-16.1553172687849,-16.1553172687849,unavailable_needs_component_daily_contribution_stream,unavailable_needs_component_daily_contribution_stream,available_final_equity_window_contribution,,,,,,,
component_contribution,combo_plus_top2_50_50_v1,30,standard,2026-04-14,2026-05-26,,,,,,,,,,,,,,combo_SPY200d_GLD_50_50_v1,4.446170724212423,4.446170724212423,unavailable_needs_component_daily_contribution_stream,unavailable_needs_component_daily_contribution_stream,available_final_equity_window_contribution,,,,,,,
component_contribution,combo_plus_top2_50_50_v1,30,standard,2026-04-14,2026-05-26,,,,,,,,,,,,,,asset_class_tsmom_top2_v1,-29.586601576402973,-29.586601576402973,unavailable_needs_component_daily_contribution_stream,unavailable_needs_component_daily_contribution_stream,available_final_equity_window_contribution,,,,,,,
component_contribution,combo_plus_top2_50_50_v1,30,standard,2026-04-15,2026-05-27,,,,,,,,,,,,,,combo_SPY200d_GLD_50_50_v1,-3.711356283672435,-3.711356283672435,unavailable_needs_component_daily_contribution_stream,unavailable_needs_component_daily_contribution_stream,available_final_equity_window_contribution,,,,,,,
component_contribution,combo_plus_top2_50_50_v1,30,standard,2026-04-15,2026-05-27,,,,,,,,,,,,,,asset_class_tsmom_top2_v1,-30.2820472574312,-30.2820472574312,unavailable_needs_component_daily_contribution_stream,unavailable_needs_component_daily_contribution_stream,available_final_equity_window_contribution,,,,,,,
component_contribution,combo_plus_top2_50_50_v1,30,standard,2026-04-16,2026-05-28,,,,,,,,,,,,,,combo_SPY200d_GLD_50_50_v1,6.95423834992496,6.95423834992496,unavailable_needs_component_daily_contribution_stream,unavailable_needs_component_daily_contribution_stream,available_final_equity_window_contribution,,,,,,,
component_contribution,combo_plus_top2_50_50_v1,30,standard,2026-04-16,2026-05-28,,,,,,,,,,,,,,asset_class_tsmom_top2_v1,-16.44563422712487,-16.44563422712487,unavailable_needs_component_daily_contribution_stream,unavailable_needs_component_daily_contribution_stream,available_final_equity_window_contribution,,,,,,,
component_contribution,combo_plus_top2_50_50_v1,30,standard,2026-04-17,2026-05-29,,,,,,,,,,,,,,combo_SPY200d_GLD_50_50_v1,-2.3127485705122357,-2.3127485705122357,unavailable_needs_component_daily_contribution_stream,unavailable_needs_component_daily_contribution_stream,available_final_equity_window_contribution,,,,,,,
component_contribution,combo_plus_top2_50_50_v1,30,standard,2026-04-17,2026-05-29,,,,,,,,,,,,,,asset_class_tsmom_top2_v1,-20.534946519884016,-20.534946519884016,unavailable_needs_component_daily_contribution_stream,unavailable_needs_component_daily_contribution_stream,available_final_equity_window_contribution,,,,,,,
component_contribution,combo_plus_top2_50_50_v1,60,standard,2007-01-03,2007-03-29,,,,,,,,,,,,,,combo_SPY200d_GLD_50_50_v1,42.25738648265014,42.25738648265014,unavailable_needs_component_daily_contribution_stream,unavailable_needs_component_daily_contribution_stream,available_final_equity_window_contribution,,,,,,,
component_contribution,combo_plus_top2_50_50_v1,60,standard,2007-01-03,2007-03-29,,,,,,,,,,,,,,asset_class_tsmom_top2_v1,-0.7499999999999174,-0.7499999999999174,unavailable_needs_component_daily_contribution_stream,unavailable_needs_component_daily_contribution_stream,available_final_equity_window_contribution,,,,,,,
component_contribution,combo_plus_top2_50_50_v1,60,standard,2007-03-21,2007-06-14,,,,,,,,,,,,,,combo_SPY200d_GLD_50_50_v1,-9.665961154427444,-9.665961154427444,unavailable_needs_component_daily_contribution_stream,unavailable_needs_component_daily_contribution_stream,available_final_equity_window_contribution,,,,,,,
component_contribution,combo_plus_top2_50_50_v1,60,standard,2007-03-21,2007-06-14,,,,,,,,,,,,,,asset_class_tsmom_top2_v1,7.042807121725064,7.042807121725064,unavailable_needs_component_daily_contribution_stream,unavailable_needs_component_daily_contribution_stream,available_final_equity_window_contribution,,,,,,,
component_contribution,combo_plus_top2_50_50_v1,60,standard,2008-07-08,2008-09-30,,,,,,,,,,,,,,combo_SPY200d_GLD_50_50_v1,-35.97240267814085,-35.97240267814085,unavailable_needs_component_daily_contribution_stream,unavailable_needs_component_daily_contribution_stream,available_final_equity_window_contribution,,,,,,,
component_contribution,combo_plus_top2_50_50_v1,60,standard,2008-07-08,2008-09-30,,,,,,,,,,,,,,asset_class_tsmom_top2_v1,-195.83646540687857,-195.83646540687857,unavailable_needs_component_daily_contribution_stream,unavailable_needs_component_daily_contribution_stream,available_final_equity_window_contribution,,,,,,,
component_contribution,combo_plus_top2_50_50_v1,60,standard,2008-08-06,2008-10-29,,,,,,,,,,,,,,combo_SPY200d_GLD_50_50_v1,-96.71459394219411,-96.71459394219411,unavailable_needs_component_daily_contribution_stream,unavailable_needs_component_daily_contribution_stream,available_final_equity_window_contribution,,,,,,,
component_contribution,combo_plus_top2_50_50_v1,60,standard,2008-08-06,2008-10-29,,,,,,,,,,,,,,asset_class_tsmom_top2_v1,-139.65493332360896,-139.65493332360896,unavailable_needs_component_daily_contribution_stream,unavailable_needs_component_daily_contribution_stream,available_final_equity_window_contribution,,,,,,,
component_contribution,combo_plus_top2_50_50_v1,60,standard,2008-10-28,2009-01-23,,,,,,,,,,,,,,combo_SPY200d_GLD_50_50_v1,158.88835110248652,158.88835110248652,unavailable_needs_component_daily_contribution_stream,unavailable_needs_component_daily_contribution_stream,available_final_equity_window_contribution,,,,,,,
component_contribution,combo_plus_top2_50_50_v1,60,standard,2008-10-28,2009-01-23,,,,,,,,,,,,,,asset_class_tsmom_top2_v1,144.917450971714,144.917450971714,unavailable_needs_component_daily_contribution_stream,unavailable_needs_component_daily_contribution_stream,available_final_equity_window_contribution,,,,,,,
component_contribution,combo_plus_top2_50_50_v1,60,standard,2008-10-29,2009-01-26,,,,,,,,,,,,,,combo_SPY200d_GLD_50_50_v1,161.11974036688986,161.11974036688986,unavailable_needs_component_daily_contribution_stream,unavailable_needs_component_daily_contribution_stream,available_final_equity_window_contribution,,,,,,,
component_contribution,combo_plus_top2_50_50_v1,60,standard,2008-10-29,2009-01-26,,,,,,,,,,,,,,asset_class_tsmom_top2_v1,138.43776500588132,138.43776500588132,unavailable_needs_component_daily_contribution_stream,unavailable_needs_component_daily_contribution_stream,available_final_equity_window_contribution,,,,,,,
component_contribution,combo_plus_top2_50_50_v1,60,standard,2008-10-30,2009-01-27,,,,,,,,,,,,,,combo_SPY200d_GLD_50_50_v1,168.89587478862128,168.89587478862128,unavailable_needs_component_daily_contribution_stream,unavailable_needs_component_daily_contribution_stream,available_final_equity_window_contribution,,,,,,,
component_contribution,combo_plus_top2_50_50_v1,60,standard,2008-10-30,2009-01-27,,,,,,,,,,,,,,asset_class_tsmom_top2_v1,162.03290284246032,162.03290284246032,unavailable_needs_component_daily_contribution_stream,unavailable_needs_component_daily_contribution_stream,available_final_equity_window_contribution,,,,,,,
component_contribution,combo_plus_top2_50_50_v1,60,standard,2008-10-31,2009-01-28,,,,,,,,,,,,,,combo_SPY200d_GLD_50_50_v1,173.03063781506282,173.03063781506282,unavailable_needs_component_daily_contribution_stream,unavailable_needs_component_daily_contribution_stream,available_final_equity_window_contribution,,,,,,,
component_contribution,combo_plus_top2_50_50_v1,60,standard,2008-10-31,2009-01-28,,,,,,,,,,,,,,asset_class_tsmom_top2_v1,155.34053971734502,155.34053971734502,unavailable_needs_component_daily_contribution_stream,unavailable_needs_component_daily_contribution_stream,available_final_equity_window_contribution,,,,,,,
component_contribution,combo_plus_top2_50_50_v1,60,standard,2008-11-03,2009-01-29,,,,,,,,,,,,,,combo_SPY200d_GLD_50_50_v1,198.03578021733492,198.03578021733492,unavailable_needs_component_daily_contribution_stream,unavailable_needs_component_daily_contribution_stream,available_final_equity_window_contribution,,,,,,,
component_contribution,combo_plus_top2_50_50_v1,60,standard,2008-11-03,2009-01-29,,,,,,,,,,,,,,asset_class_tsmom_top2_v1,131.28617636819666,131.28617636819666,unavailable_needs_component_daily_contribution_stream,unavailable_needs_component_daily_contribution_stream,available_final_equity_window_contribution,,,,,,,
component_contribution,combo_plus_top2_50_50_v1,60,standard,2008-11-05,2009-02-02,,,,,,,,,,,,,,combo_SPY200d_GLD_50_50_v1,171.20457354424425,171.20457354424425,unavailable_needs_component_daily_contribution_stream,unavailable_needs_component_daily_contribution_stream,available_final_equity_window_contribution,,,,,,,
component_contribution,combo_plus_top2_50_50_v1,60,standard,2008-11-05,2009-02-02,,,,,,,,,,,,,,asset_class_tsmom_top2_v1,116.31345311340897,116.31345311340897,unavailable_needs_component_daily_contribution_stream,unavailable_needs_component_daily_contribution_stream,available_final_equity_window_contribution,,,,,,,
component_contribution,combo_plus_top2_50_50_v1,60,standard,2009-05-19,2009-08-12,,,,,,,,,,,,,,combo_SPY200d_GLD_50_50_v1,87.52274199716376,87.52274199716376,unavailable_needs_component_daily_contribution_stream,unavailable_needs_component_daily_contribution_stream,available_final_equity_window_contribution,,,,,,,
component_contribution,combo_plus_top2_50_50_v1,60,standard,2009-05-19,2009-08-12,,,,,,,,,,,,,,asset_class_tsmom_top2_v1,44.669869768185904,44.669869768185904,unavailable_needs_component_daily_contribution_stream,unavailable_needs_component_daily_contribution_stream,available_final_equity_window_contribution,,,,,,,
component_contribution,combo_plus_top2_50_50_v1,60,standard,2010-03-12,2010-06-07,,,,,,,,,,,,,,combo_SPY200d_GLD_50_50_v1,-0.11027824367612915,-0.11027824367612915,unavailable_needs_component_daily_contribution_stream,unavailable_needs_component_daily_contribution_stream,available_final_equity_window_contribution,,,,,,,
component_contribution,combo_plus_top2_50_50_v1,60,standard,2010-03-12,2010-06-07,,,,,,,,,,,,,,asset_class_tsmom_top2_v1,49.75238469946644,49.75238469946644,unavailable_needs_component_daily_contribution_stream,unavailable_needs_component_daily_contribution_stream,available_final_equity_window_contribution,,,,,,,
component_contribution,combo_plus_top2_50_50_v1,60,standard,2011-10-13,2012-01-09,,,,,,,,,,,,,,combo_SPY200d_GLD_50_50_v1,-92.84716383120744,-92.84716383120744,unavailable_needs_component_daily_contribution_stream,unavailable_needs_component_daily_contribution_stream,available_final_equity_window_contribution,,,,,,,
component_contribution,combo_plus_top2_50_50_v1,60,standard,2011-10-13,2012-01-09,,,,,,,,,,,,,,asset_class_tsmom_top2_v1,-5.762346702237407,-5.762346702237407,unavailable_needs_component_daily_contribution_stream,unavailable_needs_component_daily_contribution_stream,available_final_equity_window_contribution,,,,,,,
component_contribution,combo_plus_top2_50_50_v1,60,standard,2012-04-27,2012-07-23,,,,,,,,,,,,,,combo_SPY200d_GLD_50_50_v1,-61.28874818277472,-61.28874818277472,unavailable_needs_component_daily_contribution_stream,unavailable_needs_component_daily_contribution_stream,available_final_equity_window_contribution,,,,,,,
component_contribution,combo_plus_top2_50_50_v1,60,standard,2012-04-27,2012-07-23,,,,,,,,,,,,,,asset_class_tsmom_top2_v1,9.743265289245645,9.743265289245645,unavailable_needs_component_daily_contribution_stream,unavailable_needs_component_daily_contribution_stream,available_final_equity_window_contribution,,,,,,,
component_contribution,combo_plus_top2_50_50_v1,60,standard,2013-05-22,2013-08-15,,,,,,,,,,,,,,combo_SPY200d_GLD_50_50_v1,10.176090770490042,10.176090770490042,unavailable_needs_component_daily_contribution_stream,unavailable_needs_component_daily_contribution_stream,available_final_equity_window_contribution,,,,,,,
component_contribution,combo_plus_top2_50_50_v1,60,standard,2013-05-22,2013-08-15,,,,,,,,,,,,,,asset_class_tsmom_top2_v1,11.750184113155719,11.750184113155719,unavailable_needs_component_daily_contribution_stream,unavailable_needs_component_daily_contribution_stream,available_final_equity_window_contribution,,,,,,,
component_contribution,combo_plus_top2_50_50_v1,60,standard,2014-12-24,2015-03-23,,,,,,,,,,,,,,combo_SPY200d_GLD_50_50_v1,24.40551697881763,24.40551697881763,unavailable_needs_component_daily_contribution_stream,unavailable_needs_component_daily_contribution_stream,available_final_equity_window_contribution,,,,,,,
component_contribution,combo_plus_top2_50_50_v1,60,standard,2014-12-24,2015-03-23,,,,,,,,,,,,,,asset_class_tsmom_top2_v1,37.925286114161075,37.925286114161075,unavailable_needs_component_daily_contribution_stream,unavailable_needs_component_daily_contribution_stream,available_final_equity_window_contribution,,,,,,,
component_contribution,combo_plus_top2_50_50_v1,60,standard,2015-04-28,2015-07-22,,,,,,,,,,,,,,combo_SPY200d_GLD_50_50_v1,-72.57519866325069,-72.57519866325069,unavailable_needs_component_daily_contribution_stream,unavailable_needs_component_daily_contribution_stream,available_final_equity_window_contribution,,,,,,,
component_contribution,combo_plus_top2_50_50_v1,60,standard,2015-04-28,2015-07-22,,,,,,,,,,,,,,asset_class_tsmom_top2_v1,-4.905196840718224,-4.905196840718224,unavailable_needs_component_daily_contribution_stream,unavailable_needs_component_daily_contribution_stream,available_final_equity_window_contribution,,,,,,,
component_contribution,combo_plus_top2_50_50_v1,60,standard,2015-12-21,2016-03-17,,,,,,,,,,,,,,combo_SPY200d_GLD_50_50_v1,114.9652886966681,114.9652886966681,unavailable_needs_component_daily_contribution_stream,unavailable_needs_component_daily_contribution_stream,available_final_equity_window_contribution,,,,,,,
component_contribution,combo_plus_top2_50_50_v1,60,standard,2015-12-21,2016-03-17,,,,,,,,,,,,,,asset_class_tsmom_top2_v1,61.003695317190505,61.003695317190505,unavailable_needs_component_daily_contribution_stream,unavailable_needs_component_daily_contribution_stream,available_final_equity_window_contribution,,,,,,,
component_contribution,combo_plus_top2_50_50_v1,60,standard,2016-08-01,2016-10-24,,,,,,,,,,,,,,combo_SPY200d_GLD_50_50_v1,-53.54327439567566,-53.54327439567566,unavailable_needs_component_daily_contribution_stream,unavailable_needs_component_daily_contribution_stream,available_final_equity_window_contribution,,,,,,,
component_contribution,combo_plus_top2_50_50_v1,60,standard,2016-08-01,2016-10-24,,,,,,,,,,,,,,asset_class_tsmom_top2_v1,-54.29327439567478,-54.29327439567478,unavailable_needs_component_daily_contribution_stream,unavailable_needs_component_daily_contribution_stream,available_final_equity_window_contribution,,,,,,,
component_contribution,combo_plus_top2_50_50_v1,60,standard,2017-08-09,2017-11-01,,,,,,,,,,,,,,combo_SPY200d_GLD_50_50_v1,34.221749590437405,34.221749590437405,unavailable_needs_component_daily_contribution_stream,unavailable_needs_component_daily_contribution_stream,available_final_equity_window_contribution,,,,,,,
component_contribution,combo_plus_top2_50_50_v1,60,standard,2017-08-09,2017-11-01,,,,,,,,,,,,,,asset_class_tsmom_top2_v1,34.221749590437064,34.221749590437064,unavailable_needs_component_daily_contribution_stream,unavailable_needs_component_daily_contribution_stream,available_final_equity_window_contribution,,,,,,,
component_contribution,combo_plus_top2_50_50_v1,60,standard,2017-10-09,2018-01-03,,,,,,,,,,,,,,combo_SPY200d_GLD_50_50_v1,70.08304969055843,70.08304969055843,unavailable_needs_component_daily_contribution_stream,unavailable_needs_component_daily_contribution_stream,available_final_equity_window_contribution,,,,,,,
component_contribution,combo_plus_top2_50_50_v1,60,standard,2017-10-09,2018-01-03,,,,,,,,,,,,,,asset_class_tsmom_top2_v1,62.02800693135067,62.02800693135067,unavailable_needs_component_daily_contribution_stream,unavailable_needs_component_daily_contribution_stream,available_final_equity_window_contribution,,,,,,,
component_contribution,combo_plus_top2_50_50_v1,60,standard,2017-10-10,2018-01-04,,,,,,,,,,,,,,combo_SPY200d_GLD_50_50_v1,73.26103160299031,73.26103160299031,unavailable_needs_component_daily_contribution_stream,unavailable_needs_component_daily_contribution_stream,available_final_equity_window_contribution,,,,,,,
component_contribution,combo_plus_top2_50_50_v1,60,standard,2017-10-10,2018-01-04,,,,,,,,,,,,,,asset_class_tsmom_top2_v1,65.22711517314897,65.22711517314897,unavailable_needs_component_daily_contribution_stream,unavailable_needs_component_daily_contribution_stream,available_final_equity_window_contribution,,,,,,,
component_contribution,combo_plus_top2_50_50_v1,60,standard,2017-10-11,2018-01-05,,,,,,,,,,,,,,combo_SPY200d_GLD_50_50_v1,73.93315156411748,73.93315156411748,unavailable_needs_component_daily_contribution_stream,unavailable_needs_component_daily_contribution_stream,available_final_equity_window_contribution,,,,,,,
component_contribution,combo_plus_top2_50_50_v1,60,standard,2017-10-11,2018-01-05,,,,,,,,,,,,,,asset_class_tsmom_top2_v1,65.91829977544757,65.91829977544757,unavailable_needs_component_daily_contribution_stream,unavailable_needs_component_daily_contribution_stream,available_final_equity_window_contribution,,,,,,,
component_contribution,combo_plus_top2_50_50_v1,60,standard,2017-10-19,2018-01-16,,,,,,,,,,,,,,combo_SPY200d_GLD_50_50_v1,95.82943034873666,95.82943034873666,unavailable_needs_component_daily_contribution_stream,unavailable_needs_component_daily_contribution_stream,available_final_equity_window_contribution,,,,,,,
component_contribution,combo_plus_top2_50_50_v1,60,standard,2017-10-19,2018-01-16,,,,,,,,,,,,,,asset_class_tsmom_top2_v1,87.81380876147496,87.81380876147496,unavailable_needs_component_daily_contribution_stream,unavailable_needs_component_daily_contribution_stream,available_final_equity_window_contribution,,,,,,,
component_contribution,combo_plus_top2_50_50_v1,60,standard,2017-10-20,2018-01-17,,,,,,,,,,,,,,combo_SPY200d_GLD_50_50_v1,97.93792785880744,97.93792785880744,unavailable_needs_component_daily_contribution_stream,unavailable_needs_component_daily_contribution_stream,available_final_equity_window_contribution,,,,,,,
component_contribution,combo_plus_top2_50_50_v1,60,standard,2017-10-20,2018-01-17,,,,,,,,,,,,,,asset_class_tsmom_top2_v1,89.9174444366576,89.9174444366576,unavailable_needs_component_daily_contribution_stream,unavailable_needs_component_daily_contribution_stream,available_final_equity_window_contribution,,,,,,,
component_contribution,combo_plus_top2_50_50_v1,60,standard,2018-03-06,2018-05-30,,,,,,,,,,,,,,combo_SPY200d_GLD_50_50_v1,-14.970384320600317,-14.970384320600317,unavailable_needs_component_daily_contribution_stream,unavailable_needs_component_daily_contribution_stream,available_final_equity_window_contribution,,,,,,,
component_contribution,combo_plus_top2_50_50_v1,60,standard,2018-03-06,2018-05-30,,,,,,,,,,,,,,asset_class_tsmom_top2_v1,-14.970384320599642,-14.970384320599642,unavailable_needs_component_daily_contribution_stream,unavailable_needs_component_daily_contribution_stream,available_final_equity_window_contribution,,,,,,,
component_contribution,combo_plus_top2_50_50_v1,60,standard,2018-09-06,2018-11-29,,,,,,,,,,,,,,combo_SPY200d_GLD_50_50_v1,-42.678550720913336,-42.678550720913336,unavailable_needs_component_daily_contribution_stream,unavailable_needs_component_daily_contribution_stream,available_final_equity_window_contribution,,,,,,,
component_contribution,combo_plus_top2_50_50_v1,60,standard,2018-09-06,2018-11-29,,,,,,,,,,,,,,asset_class_tsmom_top2_v1,-95.70842689095039,-95.70842689095039,unavailable_needs_component_daily_contribution_stream,unavailable_needs_component_daily_contribution_stream,available_final_equity_window_contribution,,,,,,,
component_contribution,combo_plus_top2_50_50_v1,60,standard,2019-10-09,2020-01-03,,,,,,,,,,,,,,combo_SPY200d_GLD_50_50_v1,102.10046095962275,102.10046095962275,unavailable_needs_component_daily_contribution_stream,unavailable_needs_component_daily_contribution_stream,available_final_equity_window_contribution,,,,,,,
component_contribution,combo_plus_top2_50_50_v1,60,standard,2019-10-09,2020-01-03,,,,,,,,,,,,,,asset_class_tsmom_top2_v1,36.72085492726202,36.72085492726202,unavailable_needs_component_daily_contribution_stream,unavailable_needs_component_daily_contribution_stream,available_final_equity_window_contribution,,,,,,,
component_contribution,combo_plus_top2_50_50_v1,60,standard,2021-05-14,2021-08-09,,,,,,,,,,,,,,combo_SPY200d_GLD_50_50_v1,-1.347177012619765,-1.347177012619765,unavailable_needs_component_daily_contribution_stream,unavailable_needs_component_daily_contribution_stream,available_final_equity_window_contribution,,,,,,,
component_contribution,combo_plus_top2_50_50_v1,60,standard,2021-05-14,2021-08-09,,,,,,,,,,,,,,asset_class_tsmom_top2_v1,21.125410861643232,21.125410861643232,unavailable_needs_component_daily_contribution_stream,unavailable_needs_component_daily_contribution_stream,available_final_equity_window_contribution,,,,,,,
component_contribution,combo_plus_top2_50_50_v1,60,standard,2022-03-31,2022-06-27,,,,,,,,,,,,,,combo_SPY200d_GLD_50_50_v1,-65.25941970770222,-65.25941970770222,unavailable_needs_component_daily_contribution_stream,unavailable_needs_component_daily_contribution_stream,available_final_equity_window_contribution,,,,,,,
component_contribution,combo_plus_top2_50_50_v1,60,standard,2022-03-31,2022-06-27,,,,,,,,,,,,,,asset_class_tsmom_top2_v1,-128.5320793947537,-128.5320793947537,unavailable_needs_component_daily_contribution_stream,unavailable_needs_component_daily_contribution_stream,available_final_equity_window_contribution,,,,,,,
component_contribution,combo_plus_top2_50_50_v1,60,standard,2022-05-02,2022-07-27,,,,,,,,,,,,,,combo_SPY200d_GLD_50_50_v1,-48.76894294809044,-48.76894294809044,unavailable_needs_component_daily_contribution_stream,unavailable_needs_component_daily_contribution_stream,available_final_equity_window_contribution,,,,,,,
component_contribution,combo_plus_top2_50_50_v1,60,standard,2022-05-02,2022-07-27,,,,,,,,,,,,,,asset_class_tsmom_top2_v1,-43.11422463524333,-43.11422463524333,unavailable_needs_component_daily_contribution_stream,unavailable_needs_component_daily_contribution_stream,available_final_equity_window_contribution,,,,,,,
component_contribution,combo_plus_top2_50_50_v1,60,standard,2022-12-16,2023-03-15,,,,,,,,,,,,,,combo_SPY200d_GLD_50_50_v1,18.46536142356486,18.46536142356486,unavailable_needs_component_daily_contribution_stream,unavailable_needs_component_daily_contribution_stream,available_final_equity_window_contribution,,,,,,,
component_contribution,combo_plus_top2_50_50_v1,60,standard,2022-12-16,2023-03-15,,,,,,,,,,,,,,asset_class_tsmom_top2_v1,80.00251095808095,80.00251095808095,unavailable_needs_component_daily_contribution_stream,unavailable_needs_component_daily_contribution_stream,available_final_equity_window_contribution,,,,,,,
component_contribution,combo_plus_top2_50_50_v1,60,standard,2024-07-26,2024-10-18,,,,,,,,,,,,,,combo_SPY200d_GLD_50_50_v1,162.50891259795205,162.50891259795205,unavailable_needs_component_daily_contribution_stream,unavailable_needs_component_daily_contribution_stream,available_final_equity_window_contribution,,,,,,,
component_contribution,combo_plus_top2_50_50_v1,60,standard,2024-07-26,2024-10-18,,,,,,,,,,,,,,asset_class_tsmom_top2_v1,162.50891259795276,162.50891259795276,unavailable_needs_component_daily_contribution_stream,unavailable_needs_component_daily_contribution_stream,available_final_equity_window_contribution,,,,,,,
component_contribution,combo_plus_top2_50_50_v1,60,standard,2025-05-06,2025-07-31,,,,,,,,,,,,,,combo_SPY200d_GLD_50_50_v1,32.1199058688101,32.1199058688101,unavailable_needs_component_daily_contribution_stream,unavailable_needs_component_daily_contribution_stream,available_final_equity_window_contribution,,,,,,,
component_contribution,combo_plus_top2_50_50_v1,60,standard,2025-05-06,2025-07-31,,,,,,,,,,,,,,asset_class_tsmom_top2_v1,-22.87015249604914,-22.87015249604914,unavailable_needs_component_daily_contribution_stream,unavailable_needs_component_daily_contribution_stream,available_final_equity_window_contribution,,,,,,,
component_contribution,combo_plus_top2_50_50_v1,60,standard,2026-02-26,2026-05-21,,,,,,,,,,,,,,combo_SPY200d_GLD_50_50_v1,-68.71516317520197,-68.71516317520197,unavailable_needs_component_daily_contribution_stream,unavailable_needs_component_daily_contribution_stream,available_final_equity_window_contribution,,,,,,,
component_contribution,combo_plus_top2_50_50_v1,60,standard,2026-02-26,2026-05-21,,,,,,,,,,,,,,asset_class_tsmom_top2_v1,-109.32635477810112,-109.32635477810112,unavailable_needs_component_daily_contribution_stream,unavailable_needs_component_daily_contribution_stream,available_final_equity_window_contribution,,,,,,,
component_contribution,combo_plus_top2_50_50_v1,60,standard,2026-02-27,2026-05-22,,,,,,,,,,,,,,combo_SPY200d_GLD_50_50_v1,-77.23012873794116,-77.23012873794116,unavailable_needs_component_daily_contribution_stream,unavailable_needs_component_daily_contribution_stream,available_final_equity_window_contribution,,,,,,,
component_contribution,combo_plus_top2_50_50_v1,60,standard,2026-02-27,2026-05-22,,,,,,,,,,,,,,asset_class_tsmom_top2_v1,-117.67288689984184,-117.67288689984184,unavailable_needs_component_daily_contribution_stream,unavailable_needs_component_daily_contribution_stream,available_final_equity_window_contribution,,,,,,,
component_contribution,combo_plus_top2_50_50_v1,60,standard,2026-03-02,2026-05-26,,,,,,,,,,,,,,combo_SPY200d_GLD_50_50_v1,-81.83406959975981,-81.83406959975981,unavailable_needs_component_daily_contribution_stream,unavailable_needs_component_daily_contribution_stream,available_final_equity_window_contribution,,,,,,,
component_contribution,combo_plus_top2_50_50_v1,60,standard,2026-03-02,2026-05-26,,,,,,,,,,,,,,asset_class_tsmom_top2_v1,-122.00589939223079,-122.00589939223079,unavailable_needs_component_daily_contribution_stream,unavailable_needs_component_daily_contribution_stream,available_final_equity_window_contribution,,,,,,,
component_contribution,combo_plus_top2_50_50_v1,60,standard,2026-03-03,2026-05-27,,,,,,,,,,,,,,combo_SPY200d_GLD_50_50_v1,-52.59384968321656,-52.59384968321656,unavailable_needs_component_daily_contribution_stream,unavailable_needs_component_daily_contribution_stream,available_final_equity_window_contribution,,,,,,,
component_contribution,combo_plus_top2_50_50_v1,60,standard,2026-03-03,2026-05-27,,,,,,,,,,,,,,asset_class_tsmom_top2_v1,-93.86825406226794,-93.86825406226794,unavailable_needs_component_daily_contribution_stream,unavailable_needs_component_daily_contribution_stream,available_final_equity_window_contribution,,,,,,,
component_contribution,combo_plus_top2_50_50_v1,60,standard,2026-03-04,2026-05-28,,,,,,,,,,,,,,combo_SPY200d_GLD_50_50_v1,-51.9525733472832,-51.9525733472832,unavailable_needs_component_daily_contribution_stream,unavailable_needs_component_daily_contribution_stream,available_final_equity_window_contribution,,,,,,,
component_contribution,combo_plus_top2_50_50_v1,60,standard,2026-03-04,2026-05-28,,,,,,,,,,,,,,asset_class_tsmom_top2_v1,-92.9222976695934,-92.9222976695934,unavailable_needs_component_daily_contribution_stream,unavailable_needs_component_daily_contribution_stream,available_final_equity_window_contribution,,,,,,,
component_contribution,combo_plus_top2_50_50_v1,60,standard,2026-03-05,2026-05-29,,,,,,,,,,,,,,combo_SPY200d_GLD_50_50_v1,-29.71846552274223,-29.71846552274223,unavailable_needs_component_daily_contribution_stream,unavailable_needs_component_daily_contribution_stream,available_final_equity_window_contribution,,,,,,,
component_contribution,combo_plus_top2_50_50_v1,60,standard,2026-03-05,2026-05-29,,,,,,,,,,,,,,asset_class_tsmom_top2_v1,-71.0517849007978,-71.0517849007978,unavailable_needs_component_daily_contribution_stream,unavailable_needs_component_daily_contribution_stream,available_final_equity_window_contribution,,,,,,,
component_contribution,combo_plus_top2_50_50_v1,90,standard,2007-01-03,2007-05-11,,,,,,,,,,,,,,combo_SPY200d_GLD_50_50_v1,52.184516333466334,52.184516333466334,unavailable_needs_component_daily_contribution_stream,unavailable_needs_component_daily_contribution_stream,available_final_equity_window_contribution,,,,,,,
component_contribution,combo_plus_top2_50_50_v1,90,standard,2007-01-03,2007-05-11,,,,,,,,,,,,,,asset_class_tsmom_top2_v1,-0.7499999999999174,-0.7499999999999174,unavailable_needs_component_daily_contribution_stream,unavailable_needs_component_daily_contribution_stream,available_final_equity_window_contribution,,,,,,,
component_contribution,combo_plus_top2_50_50_v1,90,standard,2007-03-21,2007-07-27,,,,,,,,,,,,,,combo_SPY200d_GLD_50_50_v1,2.5681592664249937,2.5681592664249937,unavailable_needs_component_daily_contribution_stream,unavailable_needs_component_daily_contribution_stream,available_final_equity_window_contribution,,,,,,,
component_contribution,combo_plus_top2_50_50_v1,90,standard,2007-03-21,2007-07-27,,,,,,,,,,,,,,asset_class_tsmom_top2_v1,11.929813359024584,11.929813359024584,unavailable_needs_component_daily_contribution_stream,unavailable_needs_component_daily_contribution_stream,available_final_equity_window_contribution,,,,,,,
component_contribution,combo_plus_top2_50_50_v1,90,standard,2008-07-08,2008-11-11,,,,,,,,,,,,,,combo_SPY200d_GLD_50_50_v1,-141.66860639976542,-141.66860639976542,unavailable_needs_component_daily_contribution_stream,unavailable_needs_component_daily_contribution_stream,available_final_equity_window_contribution,,,,,,,
component_contribution,combo_plus_top2_50_50_v1,90,standard,2008-07-08,2008-11-11,,,,,,,,,,,,,,asset_class_tsmom_top2_v1,-185.21409269830048,-185.21409269830048,unavailable_needs_component_daily_contribution_stream,unavailable_needs_component_daily_contribution_stream,available_final_equity_window_contribution,,,,,,,
component_contribution,combo_plus_top2_50_50_v1,90,standard,2008-08-04,2008-12-09,,,,,,,,,,,,,,combo_SPY200d_GLD_50_50_v1,-82.847358548782,-82.847358548782,unavailable_needs_component_daily_contribution_stream,unavailable_needs_component_daily_contribution_stream,available_final_equity_window_contribution,,,,,,,
component_contribution,combo_plus_top2_50_50_v1,90,standard,2008-08-04,2008-12-09,,,,,,,,,,,,,,asset_class_tsmom_top2_v1,-42.57187054923436,-42.57187054923436,unavailable_needs_component_daily_contribution_stream,unavailable_needs_component_daily_contribution_stream,available_final_equity_window_contribution,,,,,,,
component_contribution,combo_plus_top2_50_50_v1,90,standard,2008-10-28,2009-03-09,,,,,,,,,,,,,,combo_SPY200d_GLD_50_50_v1,177.73447963715026,177.73447963715026,unavailable_needs_component_daily_contribution_stream,unavailable_needs_component_daily_contribution_stream,available_final_equity_window_contribution,,,,,,,
component_contribution,combo_plus_top2_50_50_v1,90,standard,2008-10-28,2009-03-09,,,,,,,,,,,,,,asset_class_tsmom_top2_v1,120.2273878955091,120.2273878955091,unavailable_needs_component_daily_contribution_stream,unavailable_needs_component_daily_contribution_stream,available_final_equity_window_contribution,,,,,,,
component_contribution,combo_plus_top2_50_50_v1,90,standard,2008-10-29,2009-03-10,,,,,,,,,,,,,,combo_SPY200d_GLD_50_50_v1,156.53817388534256,156.53817388534256,unavailable_needs_component_daily_contribution_stream,unavailable_needs_component_daily_contribution_stream,available_final_equity_window_contribution,,,,,,,
component_contribution,combo_plus_top2_50_50_v1,90,standard,2008-10-29,2009-03-10,,,,,,,,,,,,,,asset_class_tsmom_top2_v1,89.78297304331889,89.78297304331889,unavailable_needs_component_daily_contribution_stream,unavailable_needs_component_daily_contribution_stream,available_final_equity_window_contribution,,,,,,,
component_contribution,combo_plus_top2_50_50_v1,90,standard,2008-10-30,2009-03-11,,,,,,,,,,,,,,combo_SPY200d_GLD_50_50_v1,177.59096680404502,177.59096680404502,unavailable_needs_component_daily_contribution_stream,unavailable_needs_component_daily_contribution_stream,available_final_equity_window_contribution,,,,,,,
component_contribution,combo_plus_top2_50_50_v1,90,standard,2008-10-30,2009-03-11,,,,,,,,,,,,,,asset_class_tsmom_top2_v1,117.9426965617869,117.9426965617869,unavailable_needs_component_daily_contribution_stream,unavailable_needs_component_daily_contribution_stream,available_final_equity_window_contribution,,,,,,,
component_contribution,combo_plus_top2_50_50_v1,90,standard,2008-10-31,2009-03-12,,,,,,,,,,,,,,combo_SPY200d_GLD_50_50_v1,213.2441432563262,213.2441432563262,unavailable_needs_component_daily_contribution_stream,unavailable_needs_component_daily_contribution_stream,available_final_equity_window_contribution,,,,,,,
component_contribution,combo_plus_top2_50_50_v1,90,standard,2008-10-31,2009-03-12,,,,,,,,,,,,,,asset_class_tsmom_top2_v1,141.57235203331612,141.57235203331612,unavailable_needs_component_daily_contribution_stream,unavailable_needs_component_daily_contribution_stream,available_final_equity_window_contribution,,,,,,,
component_contribution,combo_plus_top2_50_50_v1,90,standard,2008-11-03,2009-03-13,,,,,,,,,,,,,,combo_SPY200d_GLD_50_50_v1,217.6625917827177,217.6625917827177,unavailable_needs_component_daily_contribution_stream,unavailable_needs_component_daily_contribution_stream,available_final_equity_window_contribution,,,,,,,
component_contribution,combo_plus_top2_50_50_v1,90,standard,2008-11-03,2009-03-13,,,,,,,,,,,,,,asset_class_tsmom_top2_v1,140.41174406403834,140.41174406403834,unavailable_needs_component_daily_contribution_stream,unavailable_needs_component_daily_contribution_stream,available_final_equity_window_contribution,,,,,,,
component_contribution,combo_plus_top2_50_50_v1,90,standard,2008-11-05,2009-03-17,,,,,,,,,,,,,,combo_SPY200d_GLD_50_50_v1,181.54439878284936,181.54439878284936,unavailable_needs_component_daily_contribution_stream,unavailable_needs_component_daily_contribution_stream,available_final_equity_window_contribution,,,,,,,
component_contribution,combo_plus_top2_50_50_v1,90,standard,2008-11-05,2009-03-17,,,,,,,,,,,,,,asset_class_tsmom_top2_v1,94.9213955699544,94.9213955699544,unavailable_needs_component_daily_contribution_stream,unavailable_needs_component_daily_contribution_stream,available_final_equity_window_contribution,,,,,,,
component_contribution,combo_plus_top2_50_50_v1,90,standard,2009-05-19,2009-09-24,,,,,,,,,,,,,,combo_SPY200d_GLD_50_50_v1,163.48896254811245,163.48896254811245,unavailable_needs_component_daily_contribution_stream,unavailable_needs_component_daily_contribution_stream,available_final_equity_window_contribution,,,,,,,
component_contribution,combo_plus_top2_50_50_v1,90,standard,2009-05-19,2009-09-24,,,,,,,,,,,,,,asset_class_tsmom_top2_v1,120.63609031913552,120.63609031913552,unavailable_needs_component_daily_contribution_stream,unavailable_needs_component_daily_contribution_stream,available_final_equity_window_contribution,,,,,,,
component_contribution,combo_plus_top2_50_50_v1,90,standard,2010-03-05,2010-07-13,,,,,,,,,,,,,,combo_SPY200d_GLD_50_50_v1,-47.27919755755392,-47.27919755755392,unavailable_needs_component_daily_contribution_stream,unavailable_needs_component_daily_contribution_stream,available_final_equity_window_contribution,,,,,,,
component_contribution,combo_plus_top2_50_50_v1,90,standard,2010-03-05,2010-07-13,,,,,,,,,,,,,,asset_class_tsmom_top2_v1,24.178566122973713,24.178566122973713,unavailable_needs_component_daily_contribution_stream,unavailable_needs_component_daily_contribution_stream,available_final_equity_window_contribution,,,,,,,
component_contribution,combo_plus_top2_50_50_v1,90,standard,2011-10-04,2012-02-10,,,,,,,,,,,,,,combo_SPY200d_GLD_50_50_v1,11.839133802090913,11.839133802090913,unavailable_needs_component_daily_contribution_stream,unavailable_needs_component_daily_contribution_stream,available_final_equity_window_contribution,,,,,,,
component_contribution,combo_plus_top2_50_50_v1,90,standard,2011-10-04,2012-02-10,,,,,,,,,,,,,,asset_class_tsmom_top2_v1,20.016891116005414,20.016891116005414,unavailable_needs_component_daily_contribution_stream,unavailable_needs_component_daily_contribution_stream,available_final_equity_window_contribution,,,,,,,
component_contribution,combo_plus_top2_50_50_v1,90,standard,2012-04-19,2012-08-24,,,,,,,,,,,,,,combo_SPY200d_GLD_50_50_v1,40.561552535542205,40.561552535542205,unavailable_needs_component_daily_contribution_stream,unavailable_needs_component_daily_contribution_stream,available_final_equity_window_contribution,,,,,,,
component_contribution,combo_plus_top2_50_50_v1,90,standard,2012-04-19,2012-08-24,,,,,,,,,,,,,,asset_class_tsmom_top2_v1,63.6289277073437,63.6289277073437,unavailable_needs_component_daily_contribution_stream,unavailable_needs_component_daily_contribution_stream,available_final_equity_window_contribution,,,,,,,
component_contribution,combo_plus_top2_50_50_v1,90,standard,2013-05-08,2013-09-13,,,,,,,,,,,,,,combo_SPY200d_GLD_50_50_v1,-42.92733755631663,-42.92733755631663,unavailable_needs_component_daily_contribution_stream,unavailable_needs_component_daily_contribution_stream,available_final_equity_window_contribution,,,,,,,
component_contribution,combo_plus_top2_50_50_v1,90,standard,2013-05-08,2013-09-13,,,,,,,,,,,,,,asset_class_tsmom_top2_v1,38.275380833251845,38.275380833251845,unavailable_needs_component_daily_contribution_stream,unavailable_needs_component_daily_contribution_stream,available_final_equity_window_contribution,,,,,,,
component_contribution,combo_plus_top2_50_50_v1,90,standard,2014-12-05,2015-04-16,,,,,,,,,,,,,,combo_SPY200d_GLD_50_50_v1,24.357363204114062,24.357363204114062,unavailable_needs_component_daily_contribution_stream,unavailable_needs_component_daily_contribution_stream,available_final_equity_window_contribution,,,,,,,
component_contribution,combo_plus_top2_50_50_v1,90,standard,2014-12-05,2015-04-16,,,,,,,,,,,,,,asset_class_tsmom_top2_v1,48.8412567449632,48.8412567449632,unavailable_needs_component_daily_contribution_stream,unavailable_needs_component_daily_contribution_stream,available_final_equity_window_contribution,,,,,,,
component_contribution,combo_plus_top2_50_50_v1,90,standard,2015-04-10,2015-08-17,,,,,,,,,,,,,,combo_SPY200d_GLD_50_50_v1,-51.443866253626375,-51.443866253626375,unavailable_needs_component_daily_contribution_stream,unavailable_needs_component_daily_contribution_stream,available_final_equity_window_contribution,,,,,,,
component_contribution,combo_plus_top2_50_50_v1,90,standard,2015-04-10,2015-08-17,,,,,,,,,,,,,,asset_class_tsmom_top2_v1,-5.8793876079224034,-5.8793876079224034,unavailable_needs_component_daily_contribution_stream,unavailable_needs_component_daily_contribution_stream,available_final_equity_window_contribution,,,,,,,
component_contribution,combo_plus_top2_50_50_v1,90,standard,2015-12-21,2016-04-29,,,,,,,,,,,,,,combo_SPY200d_GLD_50_50_v1,150.0149123310691,150.0149123310691,unavailable_needs_component_daily_contribution_stream,unavailable_needs_component_daily_contribution_stream,available_final_equity_window_contribution,,,,,,,
component_contribution,combo_plus_top2_50_50_v1,90,standard,2015-12-21,2016-04-29,,,,,,,,,,,,,,asset_class_tsmom_top2_v1,90.67703899888951,90.67703899888951,unavailable_needs_component_daily_contribution_stream,unavailable_needs_component_daily_contribution_stream,available_final_equity_window_contribution,,,,,,,
component_contribution,combo_plus_top2_50_50_v1,90,standard,2016-07-11,2016-11-14,,,,,,,,,,,,,,combo_SPY200d_GLD_50_50_v1,-62.24053094539913,-62.24053094539913,unavailable_needs_component_daily_contribution_stream,unavailable_needs_component_daily_contribution_stream,available_final_equity_window_contribution,,,,,,,
component_contribution,combo_plus_top2_50_50_v1,90,standard,2016-07-11,2016-11-14,,,,,,,,,,,,,,asset_class_tsmom_top2_v1,-78.8693782584784,-78.8693782584784,unavailable_needs_component_daily_contribution_stream,unavailable_needs_component_daily_contribution_stream,available_final_equity_window_contribution,,,,,,,
component_contribution,combo_plus_top2_50_50_v1,90,standard,2017-08-09,2017-12-14,,,,,,,,,,,,,,combo_SPY200d_GLD_50_50_v1,44.688640738788656,44.688640738788656,unavailable_needs_component_daily_contribution_stream,unavailable_needs_component_daily_contribution_stream,available_final_equity_window_contribution,,,,,,,
component_contribution,combo_plus_top2_50_50_v1,90,standard,2017-08-09,2017-12-14,,,,,,,,,,,,,,asset_class_tsmom_top2_v1,64.41671218545926,64.41671218545926,unavailable_needs_component_daily_contribution_stream,unavailable_needs_component_daily_contribution_stream,available_final_equity_window_contribution,,,,,,,
component_contribution,combo_plus_top2_50_50_v1,90,standard,2017-10-09,2018-02-15,,,,,,,,,,,,,,combo_SPY200d_GLD_50_50_v1,100.9764327790142,100.9764327790142,unavailable_needs_component_daily_contribution_stream,unavailable_needs_component_daily_contribution_stream,available_final_equity_window_contribution,,,,,,,
component_contribution,combo_plus_top2_50_50_v1,90,standard,2017-10-09,2018-02-15,,,,,,,,,,,,,,asset_class_tsmom_top2_v1,92.92139001980713,92.92139001980713,unavailable_needs_component_daily_contribution_stream,unavailable_needs_component_daily_contribution_stream,available_final_equity_window_contribution,,,,,,,
component_contribution,combo_plus_top2_50_50_v1,90,standard,2017-10-10,2018-02-16,,,,,,,,,,,,,,combo_SPY200d_GLD_50_50_v1,94.40526897595913,94.40526897595913,unavailable_needs_component_daily_contribution_stream,unavailable_needs_component_daily_contribution_stream,available_final_equity_window_contribution,,,,,,,
component_contribution,combo_plus_top2_50_50_v1,90,standard,2017-10-10,2018-02-16,,,,,,,,,,,,,,asset_class_tsmom_top2_v1,86.37135254611795,86.37135254611795,unavailable_needs_component_daily_contribution_stream,unavailable_needs_component_daily_contribution_stream,available_final_equity_window_contribution,,,,,,,
component_contribution,combo_plus_top2_50_50_v1,90,standard,2017-10-11,2018-02-20,,,,,,,,,,,,,,combo_SPY200d_GLD_50_50_v1,74.9915525444158,74.9915525444158,unavailable_needs_component_daily_contribution_stream,unavailable_needs_component_daily_contribution_stream,available_final_equity_window_contribution,,,,,,,
component_contribution,combo_plus_top2_50_50_v1,90,standard,2017-10-11,2018-02-20,,,,,,,,,,,,,,asset_class_tsmom_top2_v1,66.97670075574588,66.97670075574588,unavailable_needs_component_daily_contribution_stream,unavailable_needs_component_daily_contribution_stream,available_final_equity_window_contribution,,,,,,,
component_contribution,combo_plus_top2_50_50_v1,90,standard,2017-10-19,2018-02-28,,,,,,,,,,,,,,combo_SPY200d_GLD_50_50_v1,68.22069161415398,68.22069161415398,unavailable_needs_component_daily_contribution_stream,unavailable_needs_component_daily_contribution_stream,available_final_equity_window_contribution,,,,,,,
component_contribution,combo_plus_top2_50_50_v1,90,standard,2017-10-19,2018-02-28,,,,,,,,,,,,,,asset_class_tsmom_top2_v1,60.20507002689264,60.20507002689264,unavailable_needs_component_daily_contribution_stream,unavailable_needs_component_daily_contribution_stream,available_final_equity_window_contribution,,,,,,,
component_contribution,combo_plus_top2_50_50_v1,90,standard,2017-10-20,2018-03-01,,,,,,,,,,,,,,combo_SPY200d_GLD_50_50_v1,56.03944276367476,56.03944276367476,unavailable_needs_component_daily_contribution_stream,unavailable_needs_component_daily_contribution_stream,available_final_equity_window_contribution,,,,,,,
component_contribution,combo_plus_top2_50_50_v1,90,standard,2017-10-20,2018-03-01,,,,,,,,,,,,,,asset_class_tsmom_top2_v1,48.018959341524194,48.018959341524194,unavailable_needs_component_daily_contribution_stream,unavailable_needs_component_daily_contribution_stream,available_final_equity_window_contribution,,,,,,,
component_contribution,combo_plus_top2_50_50_v1,90,standard,2018-02-08,2018-06-18,,,,,,,,,,,,,,combo_SPY200d_GLD_50_50_v1,38.4593546418871,38.4593546418871,unavailable_needs_component_daily_contribution_stream,unavailable_needs_component_daily_contribution_stream,available_final_equity_window_contribution,,,,,,,
component_contribution,combo_plus_top2_50_50_v1,90,standard,2018-02-08,2018-06-18,,,,,,,,,,,,,,asset_class_tsmom_top2_v1,58.22076020883106,58.22076020883106,unavailable_needs_component_daily_contribution_stream,unavailable_needs_component_daily_contribution_stream,available_final_equity_window_contribution,,,,,,,
component_contribution,combo_plus_top2_50_50_v1,90,standard,2018-08-10,2018-12-18,,,,,,,,,,,,,,combo_SPY200d_GLD_50_50_v1,-37.835965668449006,-37.835965668449006,unavailable_needs_component_daily_contribution_stream,unavailable_needs_component_daily_contribution_stream,available_final_equity_window_contribution,,,,,,,
component_contribution,combo_plus_top2_50_50_v1,90,standard,2018-08-10,2018-12-18,,,,,,,,,,,,,,asset_class_tsmom_top2_v1,-117.78334589058474,-117.78334589058474,unavailable_needs_component_daily_contribution_stream,unavailable_needs_component_daily_contribution_stream,available_final_equity_window_contribution,,,,,,,
component_contribution,combo_plus_top2_50_50_v1,90,standard,2019-09-11,2020-01-17,,,,,,,,,,,,,,combo_SPY200d_GLD_50_50_v1,116.32688429661529,116.32688429661529,unavailable_needs_component_daily_contribution_stream,unavailable_needs_component_daily_contribution_stream,available_final_equity_window_contribution,,,,,,,
component_contribution,combo_plus_top2_50_50_v1,90,standard,2019-09-11,2020-01-17,,,,,,,,,,,,,,asset_class_tsmom_top2_v1,81.45126469154715,81.45126469154715,unavailable_needs_component_daily_contribution_stream,unavailable_needs_component_daily_contribution_stream,available_final_equity_window_contribution,,,,,,,
component_contribution,combo_plus_top2_50_50_v1,90,standard,2021-04-14,2021-08-19,,,,,,,,,,,,,,combo_SPY200d_GLD_50_50_v1,72.81988240609252,72.81988240609252,unavailable_needs_component_daily_contribution_stream,unavailable_needs_component_daily_contribution_stream,available_final_equity_window_contribution,,,,,,,
component_contribution,combo_plus_top2_50_50_v1,90,standard,2021-04-14,2021-08-19,,,,,,,,,,,,,,asset_class_tsmom_top2_v1,32.41264877007705,32.41264877007705,unavailable_needs_component_daily_contribution_stream,unavailable_needs_component_daily_contribution_stream,available_final_equity_window_contribution,,,,,,,
component_contribution,combo_plus_top2_50_50_v1,90,standard,2022-01-19,2022-05-26,,,,,,,,,,,,,,combo_SPY200d_GLD_50_50_v1,-55.695395498473445,-55.695395498473445,unavailable_needs_component_daily_contribution_stream,unavailable_needs_component_daily_contribution_stream,available_final_equity_window_contribution,,,,,,,
component_contribution,combo_plus_top2_50_50_v1,90,standard,2022-01-19,2022-05-26,,,,,,,,,,,,,,asset_class_tsmom_top2_v1,-200.41901994582915,-200.41901994582915,unavailable_needs_component_daily_contribution_stream,unavailable_needs_component_daily_contribution_stream,available_final_equity_window_contribution,,,,,,,
component_contribution,combo_plus_top2_50_50_v1,90,standard,2022-05-02,2022-09-08,,,,,,,,,,,,,,combo_SPY200d_GLD_50_50_v1,-67.14815493743815,-67.14815493743815,unavailable_needs_component_daily_contribution_stream,unavailable_needs_component_daily_contribution_stream,available_final_equity_window_contribution,,,,,,,
component_contribution,combo_plus_top2_50_50_v1,90,standard,2022-05-02,2022-09-08,,,,,,,,,,,,,,asset_class_tsmom_top2_v1,-43.310625968434756,-43.310625968434756,unavailable_needs_component_daily_contribution_stream,unavailable_needs_component_daily_contribution_stream,available_final_equity_window_contribution,,,,,,,
component_contribution,combo_plus_top2_50_50_v1,90,standard,2022-11-10,2023-03-22,,,,,,,,,,,,,,combo_SPY200d_GLD_50_50_v1,34.972098776959974,34.972098776959974,unavailable_needs_component_daily_contribution_stream,unavailable_needs_component_daily_contribution_stream,available_final_equity_window_contribution,,,,,,,
component_contribution,combo_plus_top2_50_50_v1,90,standard,2022-11-10,2023-03-22,,,,,,,,,,,,,,asset_class_tsmom_top2_v1,135.7282427313119,135.7282427313119,unavailable_needs_component_daily_contribution_stream,unavailable_needs_component_daily_contribution_stream,available_final_equity_window_contribution,,,,,,,
component_contribution,combo_plus_top2_50_50_v1,90,standard,2024-06-14,2024-10-22,,,,,,,,,,,,,,combo_SPY200d_GLD_50_50_v1,194.31026811092042,194.31026811092042,unavailable_needs_component_daily_contribution_stream,unavailable_needs_component_daily_contribution_stream,available_final_equity_window_contribution,,,,,,,
component_contribution,combo_plus_top2_50_50_v1,90,standard,2024-06-14,2024-10-22,,,,,,,,,,,,,,asset_class_tsmom_top2_v1,194.3102681109211,194.3102681109211,unavailable_needs_component_daily_contribution_stream,unavailable_needs_component_daily_contribution_stream,available_final_equity_window_contribution,,,,,,,
component_contribution,combo_plus_top2_50_50_v1,90,standard,2025-05-06,2025-09-12,,,,,,,,,,,,,,combo_SPY200d_GLD_50_50_v1,143.03990912505978,143.03990912505978,unavailable_needs_component_daily_contribution_stream,unavailable_needs_component_daily_contribution_stream,available_final_equity_window_contribution,,,,,,,
component_contribution,combo_plus_top2_50_50_v1,90,standard,2025-05-06,2025-09-12,,,,,,,,,,,,,,asset_class_tsmom_top2_v1,87.12226714438202,87.12226714438202,unavailable_needs_component_daily_contribution_stream,unavailable_needs_component_daily_contribution_stream,available_final_equity_window_contribution,,,,,,,
component_contribution,combo_plus_top2_50_50_v1,90,standard,2026-01-13,2026-05-21,,,,,,,,,,,,,,combo_SPY200d_GLD_50_50_v1,23.87268112513539,23.87268112513539,unavailable_needs_component_daily_contribution_stream,unavailable_needs_component_daily_contribution_stream,available_final_equity_window_contribution,,,,,,,
component_contribution,combo_plus_top2_50_50_v1,90,standard,2026-01-13,2026-05-21,,,,,,,,,,,,,,asset_class_tsmom_top2_v1,-19.365592514993114,-19.365592514993114,unavailable_needs_component_daily_contribution_stream,unavailable_needs_component_daily_contribution_stream,available_final_equity_window_contribution,,,,,,,
component_contribution,combo_plus_top2_50_50_v1,90,standard,2026-01-14,2026-05-22,,,,,,,,,,,,,,combo_SPY200d_GLD_50_50_v1,17.09007554439449,17.09007554439449,unavailable_needs_component_daily_contribution_stream,unavailable_needs_component_daily_contribution_stream,available_final_equity_window_contribution,,,,,,,
component_contribution,combo_plus_top2_50_50_v1,90,standard,2026-01-14,2026-05-22,,,,,,,,,,,,,,asset_class_tsmom_top2_v1,-26.033769199828466,-26.033769199828466,unavailable_needs_component_daily_contribution_stream,unavailable_needs_component_daily_contribution_stream,available_final_equity_window_contribution,,,,,,,
component_contribution,combo_plus_top2_50_50_v1,90,standard,2026-01-15,2026-05-26,,,,,,,,,,,,,,combo_SPY200d_GLD_50_50_v1,24.975279885261525,24.975279885261525,unavailable_needs_component_daily_contribution_stream,unavailable_needs_component_daily_contribution_stream,available_final_equity_window_contribution,,,,,,,
component_contribution,combo_plus_top2_50_50_v1,90,standard,2026-01-15,2026-05-26,,,,,,,,,,,,,,asset_class_tsmom_top2_v1,-18.22209643584949,-18.22209643584949,unavailable_needs_component_daily_contribution_stream,unavailable_needs_component_daily_contribution_stream,available_final_equity_window_contribution,,,,,,,
component_contribution,combo_plus_top2_50_50_v1,90,standard,2026-01-16,2026-05-27,,,,,,,,,,,,,,combo_SPY200d_GLD_50_50_v1,19.1374093690358,19.1374093690358,unavailable_needs_component_daily_contribution_stream,unavailable_needs_component_daily_contribution_stream,available_final_equity_window_contribution,,,,,,,
component_contribution,combo_plus_top2_50_50_v1,90,standard,2026-01-16,2026-05-27,,,,,,,,,,,,,,asset_class_tsmom_top2_v1,-24.1824920476594,-24.1824920476594,unavailable_needs_component_daily_contribution_stream,unavailable_needs_component_daily_contribution_stream,available_final_equity_window_contribution,,,,,,,
component_contribution,combo_plus_top2_50_50_v1,90,standard,2026-01-20,2026-05-28,,,,,,,,,,,,,,combo_SPY200d_GLD_50_50_v1,17.847337573451387,17.847337573451387,unavailable_needs_component_daily_contribution_stream,unavailable_needs_component_daily_contribution_stream,available_final_equity_window_contribution,,,,,,,
component_contribution,combo_plus_top2_50_50_v1,90,standard,2026-01-20,2026-05-28,,,,,,,,,,,,,,asset_class_tsmom_top2_v1,-25.097241339604555,-25.097241339604555,unavailable_needs_component_daily_contribution_stream,unavailable_needs_component_daily_contribution_stream,available_final_equity_window_contribution,,,,,,,
component_contribution,combo_plus_top2_50_50_v1,90,standard,2026-01-21,2026-05-29,,,,,,,,,,,,,,combo_SPY200d_GLD_50_50_v1,7.910379993564302,7.910379993564302,unavailable_needs_component_daily_contribution_stream,unavailable_needs_component_daily_contribution_stream,available_final_equity_window_contribution,,,,,,,
component_contribution,combo_plus_top2_50_50_v1,90,standard,2026-01-21,2026-05-29,,,,,,,,,,,,,,asset_class_tsmom_top2_v1,-34.480781065205285,-34.480781065205285,unavailable_needs_component_daily_contribution_stream,unavailable_needs_component_daily_contribution_stream,available_final_equity_window_contribution,,,,,,,
component_contribution,combo_plus_top2_50_50_v1,180,standard,2007-01-03,2007-09-19,,,,,,,,,,,,,,combo_SPY200d_GLD_50_50_v1,121.3524270624484,121.3524270624484,unavailable_needs_component_daily_contribution_stream,unavailable_needs_component_daily_contribution_stream,available_final_equity_window_contribution,,,,,,,
component_contribution,combo_plus_top2_50_50_v1,180,standard,2007-01-03,2007-09-19,,,,,,,,,,,,,,asset_class_tsmom_top2_v1,22.195606912551394,22.195606912551394,unavailable_needs_component_daily_contribution_stream,unavailable_needs_component_daily_contribution_stream,available_final_equity_window_contribution,,,,,,,
component_contribution,combo_plus_top2_50_50_v1,180,standard,2007-03-21,2007-12-04,,,,,,,,,,,,,,combo_SPY200d_GLD_50_50_v1,98.85014576160884,98.85014576160884,unavailable_needs_component_daily_contribution_stream,unavailable_needs_component_daily_contribution_stream,available_final_equity_window_contribution,,,,,,,
component_contribution,combo_plus_top2_50_50_v1,180,standard,2007-03-21,2007-12-04,,,,,,,,,,,,,,asset_class_tsmom_top2_v1,73.15836992662803,73.15836992662803,unavailable_needs_component_daily_contribution_stream,unavailable_needs_component_daily_contribution_stream,available_final_equity_window_contribution,,,,,,,
component_contribution,combo_plus_top2_50_50_v1,180,standard,2008-07-08,2009-03-24,,,,,,,,,,,,,,combo_SPY200d_GLD_50_50_v1,34.08296018720283,34.08296018720283,unavailable_needs_component_daily_contribution_stream,unavailable_needs_component_daily_contribution_stream,available_final_equity_window_contribution,,,,,,,
component_contribution,combo_plus_top2_50_50_v1,180,standard,2008-07-08,2009-03-24,,,,,,,,,,,,,,asset_class_tsmom_top2_v1,-71.37006137617175,-71.37006137617175,unavailable_needs_component_daily_contribution_stream,unavailable_needs_component_daily_contribution_stream,available_final_equity_window_contribution,,,,,,,
component_contribution,combo_plus_top2_50_50_v1,180,standard,2008-07-23,2009-04-08,,,,,,,,,,,,,,combo_SPY200d_GLD_50_50_v1,-3.003993322511992,-3.003993322511992,unavailable_needs_component_daily_contribution_stream,unavailable_needs_component_daily_contribution_stream,available_final_equity_window_contribution,,,,,,,
component_contribution,combo_plus_top2_50_50_v1,180,standard,2008-07-23,2009-04-08,,,,,,,,,,,,,,asset_class_tsmom_top2_v1,-99.7344956793061,-99.7344956793061,unavailable_needs_component_daily_contribution_stream,unavailable_needs_component_daily_contribution_stream,available_final_equity_window_contribution,,,,,,,
component_contribution,combo_plus_top2_50_50_v1,180,standard,2008-10-28,2009-07-16,,,,,,,,,,,,,,combo_SPY200d_GLD_50_50_v1,202.86230107178727,202.86230107178727,unavailable_needs_component_daily_contribution_stream,unavailable_needs_component_daily_contribution_stream,available_final_equity_window_contribution,,,,,,,
component_contribution,combo_plus_top2_50_50_v1,180,standard,2008-10-28,2009-07-16,,,,,,,,,,,,,,asset_class_tsmom_top2_v1,88.92319020650122,88.92319020650122,unavailable_needs_component_daily_contribution_stream,unavailable_needs_component_daily_contribution_stream,available_final_equity_window_contribution,,,,,,,
component_contribution,combo_plus_top2_50_50_v1,180,standard,2008-10-29,2009-07-17,,,,,,,,,,,,,,combo_SPY200d_GLD_50_50_v1,209.86559727714925,209.86559727714925,unavailable_needs_component_daily_contribution_stream,unavailable_needs_component_daily_contribution_stream,available_final_equity_window_contribution,,,,,,,
component_contribution,combo_plus_top2_50_50_v1,180,standard,2008-10-29,2009-07-17,,,,,,,,,,,,,,asset_class_tsmom_top2_v1,95.18007753663778,95.18007753663778,unavailable_needs_component_daily_contribution_stream,unavailable_needs_component_daily_contribution_stream,available_final_equity_window_contribution,,,,,,,
component_contribution,combo_plus_top2_50_50_v1,180,standard,2008-10-30,2009-07-20,,,,,,,,,,,,,,combo_SPY200d_GLD_50_50_v1,244.79584083635038,244.79584083635038,unavailable_needs_component_daily_contribution_stream,unavailable_needs_component_daily_contribution_stream,available_final_equity_window_contribution,,,,,,,
component_contribution,combo_plus_top2_50_50_v1,180,standard,2008-10-30,2009-07-20,,,,,,,,,,,,,,asset_class_tsmom_top2_v1,128.59611499264528,128.59611499264528,unavailable_needs_component_daily_contribution_stream,unavailable_needs_component_daily_contribution_stream,available_final_equity_window_contribution,,,,,,,
component_contribution,combo_plus_top2_50_50_v1,180,standard,2008-10-31,2009-07-21,,,,,,,,,,,,,,combo_SPY200d_GLD_50_50_v1,263.872006181728,263.872006181728,unavailable_needs_component_daily_contribution_stream,unavailable_needs_component_daily_contribution_stream,available_final_equity_window_contribution,,,,,,,
component_contribution,combo_plus_top2_50_50_v1,180,standard,2008-10-31,2009-07-21,,,,,,,,,,,,,,asset_class_tsmom_top2_v1,135.01580613082078,135.01580613082078,unavailable_needs_component_daily_contribution_stream,unavailable_needs_component_daily_contribution_stream,available_final_equity_window_contribution,,,,,,,
component_contribution,combo_plus_top2_50_50_v1,180,standard,2008-11-03,2009-07-22,,,,,,,,,,,,,,combo_SPY200d_GLD_50_50_v1,269.288206608982,269.288206608982,unavailable_needs_component_daily_contribution_stream,unavailable_needs_component_daily_contribution_stream,available_final_equity_window_contribution,,,,,,,
component_contribution,combo_plus_top2_50_50_v1,180,standard,2008-11-03,2009-07-22,,,,,,,,,,,,,,asset_class_tsmom_top2_v1,135.2836040345289,135.2836040345289,unavailable_needs_component_daily_contribution_stream,unavailable_needs_component_daily_contribution_stream,available_final_equity_window_contribution,,,,,,,
component_contribution,combo_plus_top2_50_50_v1,180,standard,2008-11-05,2009-07-24,,,,,,,,,,,,,,combo_SPY200d_GLD_50_50_v1,267.6076789027102,267.6076789027102,unavailable_needs_component_daily_contribution_stream,unavailable_needs_component_daily_contribution_stream,available_final_equity_window_contribution,,,,,,,
component_contribution,combo_plus_top2_50_50_v1,180,standard,2008-11-05,2009-07-24,,,,,,,,,,,,,,asset_class_tsmom_top2_v1,129.30327537875945,129.30327537875945,unavailable_needs_component_daily_contribution_stream,unavailable_needs_component_daily_contribution_stream,available_final_equity_window_contribution,,,,,,,
component_contribution,combo_plus_top2_50_50_v1,180,standard,2009-05-19,2010-02-03,,,,,,,,,,,,,,combo_SPY200d_GLD_50_50_v1,301.59841504173664,301.59841504173664,unavailable_needs_component_daily_contribution_stream,unavailable_needs_component_daily_contribution_stream,available_final_equity_window_contribution,,,,,,,
component_contribution,combo_plus_top2_50_50_v1,180,standard,2009-05-19,2010-02-03,,,,,,,,,,,,,,asset_class_tsmom_top2_v1,258.74554281275806,258.74554281275806,unavailable_needs_component_daily_contribution_stream,unavailable_needs_component_daily_contribution_stream,available_final_equity_window_contribution,,,,,,,
component_contribution,combo_plus_top2_50_50_v1,180,standard,2010-02-11,2010-10-27,,,,,,,,,,,,,,combo_SPY200d_GLD_50_50_v1,105.9245864060716,105.9245864060716,unavailable_needs_component_daily_contribution_stream,unavailable_needs_component_daily_contribution_stream,available_final_equity_window_contribution,,,,,,,
component_contribution,combo_plus_top2_50_50_v1,180,standard,2010-02-11,2010-10-27,,,,,,,,,,,,,,asset_class_tsmom_top2_v1,199.76550992821095,199.76550992821095,unavailable_needs_component_daily_contribution_stream,unavailable_needs_component_daily_contribution_stream,available_final_equity_window_contribution,,,,,,,
component_contribution,combo_plus_top2_50_50_v1,180,standard,2011-08-31,2012-05-17,,,,,,,,,,,,,,combo_SPY200d_GLD_50_50_v1,-152.2400590098952,-152.2400590098952,unavailable_needs_component_daily_contribution_stream,unavailable_needs_component_daily_contribution_stream,available_final_equity_window_contribution,,,,,,,
component_contribution,combo_plus_top2_50_50_v1,180,standard,2011-08-31,2012-05-17,,,,,,,,,,,,,,asset_class_tsmom_top2_v1,-64.89547258233982,-64.89547258233982,unavailable_needs_component_daily_contribution_stream,unavailable_needs_component_daily_contribution_stream,available_final_equity_window_contribution,,,,,,,
component_contribution,combo_plus_top2_50_50_v1,180,standard,2012-03-23,2012-12-10,,,,,,,,,,,,,,combo_SPY200d_GLD_50_50_v1,29.70774243877381,29.70774243877381,unavailable_needs_component_daily_contribution_stream,unavailable_needs_component_daily_contribution_stream,available_final_equity_window_contribution,,,,,,,
component_contribution,combo_plus_top2_50_50_v1,180,standard,2012-03-23,2012-12-10,,,,,,,,,,,,,,asset_class_tsmom_top2_v1,20.873572333123366,20.873572333123366,unavailable_needs_component_daily_contribution_stream,unavailable_needs_component_daily_contribution_stream,available_final_equity_window_contribution,,,,,,,
component_contribution,combo_plus_top2_50_50_v1,180,standard,2013-03-26,2013-12-09,,,,,,,,,,,,,,combo_SPY200d_GLD_50_50_v1,-58.61358034929069,-58.61358034929069,unavailable_needs_component_daily_contribution_stream,unavailable_needs_component_daily_contribution_stream,available_final_equity_window_contribution,,,,,,,
component_contribution,combo_plus_top2_50_50_v1,180,standard,2013-03-26,2013-12-09,,,,,,,,,,,,,,asset_class_tsmom_top2_v1,194.10689743440327,194.10689743440327,unavailable_needs_component_daily_contribution_stream,unavailable_needs_component_daily_contribution_stream,available_final_equity_window_contribution,,,,,,,
component_contribution,combo_plus_top2_50_50_v1,180,standard,2014-10-14,2015-07-01,,,,,,,,,,,,,,combo_SPY200d_GLD_50_50_v1,40.91696491803731,40.91696491803731,unavailable_needs_component_daily_contribution_stream,unavailable_needs_component_daily_contribution_stream,available_final_equity_window_contribution,,,,,,,
component_contribution,combo_plus_top2_50_50_v1,180,standard,2014-10-14,2015-07-01,,,,,,,,,,,,,,asset_class_tsmom_top2_v1,89.47591812804085,89.47591812804085,unavailable_needs_component_daily_contribution_stream,unavailable_needs_component_daily_contribution_stream,available_final_equity_window_contribution,,,,,,,
component_contribution,combo_plus_top2_50_50_v1,180,standard,2015-02-18,2015-11-02,,,,,,,,,,,,,,combo_SPY200d_GLD_50_50_v1,-45.31731951863942,-45.31731951863942,unavailable_needs_component_daily_contribution_stream,unavailable_needs_component_daily_contribution_stream,available_final_equity_window_contribution,,,,,,,
component_contribution,combo_plus_top2_50_50_v1,180,standard,2015-02-18,2015-11-02,,,,,,,,,,,,,,asset_class_tsmom_top2_v1,-124.23915532929924,-124.23915532929924,unavailable_needs_component_daily_contribution_stream,unavailable_needs_component_daily_contribution_stream,available_final_equity_window_contribution,,,,,,,
component_contribution,combo_plus_top2_50_50_v1,180,standard,2015-12-21,2016-09-07,,,,,,,,,,,,,,combo_SPY200d_GLD_50_50_v1,224.3420410829821,224.3420410829821,unavailable_needs_component_daily_contribution_stream,unavailable_needs_component_daily_contribution_stream,available_final_equity_window_contribution,,,,,,,
component_contribution,combo_plus_top2_50_50_v1,180,standard,2015-12-21,2016-09-07,,,,,,,,,,,,,,asset_class_tsmom_top2_v1,161.54603818271363,161.54603818271363,unavailable_needs_component_daily_contribution_stream,unavailable_needs_component_daily_contribution_stream,available_final_equity_window_contribution,,,,,,,
component_contribution,combo_plus_top2_50_50_v1,180,standard,2016-05-05,2017-01-20,,,,,,,,,,,,,,combo_SPY200d_GLD_50_50_v1,36.95138015495314,36.95138015495314,unavailable_needs_component_daily_contribution_stream,unavailable_needs_component_daily_contribution_stream,available_final_equity_window_contribution,,,,,,,
component_contribution,combo_plus_top2_50_50_v1,180,standard,2016-05-05,2017-01-20,,,,,,,,,,,,,,asset_class_tsmom_top2_v1,19.34672384338522,19.34672384338522,unavailable_needs_component_daily_contribution_stream,unavailable_needs_component_daily_contribution_stream,available_final_equity_window_contribution,,,,,,,
component_contribution,combo_plus_top2_50_50_v1,180,standard,2017-08-09,2018-04-26,,,,,,,,,,,,,,combo_SPY200d_GLD_50_50_v1,95.82932398580803,95.82932398580803,unavailable_needs_component_daily_contribution_stream,unavailable_needs_component_daily_contribution_stream,available_final_equity_window_contribution,,,,,,,
component_contribution,combo_plus_top2_50_50_v1,180,standard,2017-08-09,2018-04-26,,,,,,,,,,,,,,asset_class_tsmom_top2_v1,87.615274863927,87.615274863927,unavailable_needs_component_daily_contribution_stream,unavailable_needs_component_daily_contribution_stream,available_final_equity_window_contribution,,,,,,,
component_contribution,combo_plus_top2_50_50_v1,180,standard,2017-10-09,2018-06-26,,,,,,,,,,,,,,combo_SPY200d_GLD_50_50_v1,47.554226690874685,47.554226690874685,unavailable_needs_component_daily_contribution_stream,unavailable_needs_component_daily_contribution_stream,available_final_equity_window_contribution,,,,,,,
component_contribution,combo_plus_top2_50_50_v1,180,standard,2017-10-09,2018-06-26,,,,,,,,,,,,,,asset_class_tsmom_top2_v1,57.54087444901702,57.54087444901702,unavailable_needs_component_daily_contribution_stream,unavailable_needs_component_daily_contribution_stream,available_final_equity_window_contribution,,,,,,,
component_contribution,combo_plus_top2_50_50_v1,180,standard,2017-10-10,2018-06-27,,,,,,,,,,,,,,combo_SPY200d_GLD_50_50_v1,32.66716486785238,32.66716486785238,unavailable_needs_component_daily_contribution_stream,unavailable_needs_component_daily_contribution_stream,available_final_equity_window_contribution,,,,,,,
component_contribution,combo_plus_top2_50_50_v1,180,standard,2017-10-10,2018-06-27,,,,,,,,,,,,,,asset_class_tsmom_top2_v1,40.628544992321224,40.628544992321224,unavailable_needs_component_daily_contribution_stream,unavailable_needs_component_daily_contribution_stream,available_final_equity_window_contribution,,,,,,,
component_contribution,combo_plus_top2_50_50_v1,180,standard,2017-10-11,2018-06-28,,,,,,,,,,,,,,combo_SPY200d_GLD_50_50_v1,31.085300628899372,31.085300628899372,unavailable_needs_component_daily_contribution_stream,unavailable_needs_component_daily_contribution_stream,available_final_equity_window_contribution,,,,,,,
component_contribution,combo_plus_top2_50_50_v1,180,standard,2017-10-11,2018-06-28,,,,,,,,,,,,,,asset_class_tsmom_top2_v1,45.73705837488635,45.73705837488635,unavailable_needs_component_daily_contribution_stream,unavailable_needs_component_daily_contribution_stream,available_final_equity_window_contribution,,,,,,,
component_contribution,combo_plus_top2_50_50_v1,180,standard,2017-10-19,2018-07-09,,,,,,,,,,,,,,combo_SPY200d_GLD_50_50_v1,57.26291461734539,57.26291461734539,unavailable_needs_component_daily_contribution_stream,unavailable_needs_component_daily_contribution_stream,available_final_equity_window_contribution,,,,,,,
component_contribution,combo_plus_top2_50_50_v1,180,standard,2017-10-19,2018-07-09,,,,,,,,,,,,,,asset_class_tsmom_top2_v1,85.68487514480137,85.68487514480137,unavailable_needs_component_daily_contribution_stream,unavailable_needs_component_daily_contribution_stream,available_final_equity_window_contribution,,,,,,,
component_contribution,combo_plus_top2_50_50_v1,180,standard,2017-10-20,2018-07-10,,,,,,,,,,,,,,combo_SPY200d_GLD_50_50_v1,59.584778521863356,59.584778521863356,unavailable_needs_component_daily_contribution_stream,unavailable_needs_component_daily_contribution_stream,available_final_equity_window_contribution,,,,,,,
component_contribution,combo_plus_top2_50_50_v1,180,standard,2017-10-20,2018-07-10,,,,,,,,,,,,,,asset_class_tsmom_top2_v1,92.30465658450734,92.30465658450734,unavailable_needs_component_daily_contribution_stream,unavailable_needs_component_daily_contribution_stream,available_final_equity_window_contribution,,,,,,,
component_contribution,combo_plus_top2_50_50_v1,180,standard,2017-11-21,2018-08-09,,,,,,,,,,,,,,combo_SPY200d_GLD_50_50_v1,40.60913196460959,40.60913196460959,unavailable_needs_component_daily_contribution_stream,unavailable_needs_component_daily_contribution_stream,available_final_equity_window_contribution,,,,,,,
component_contribution,combo_plus_top2_50_50_v1,180,standard,2017-11-21,2018-08-09,,,,,,,,,,,,,,asset_class_tsmom_top2_v1,118.2994817572206,118.2994817572206,unavailable_needs_component_daily_contribution_stream,unavailable_needs_component_daily_contribution_stream,available_final_equity_window_contribution,,,,,,,
component_contribution,combo_plus_top2_50_50_v1,180,standard,2018-05-24,2019-02-11,,,,,,,,,,,,,,combo_SPY200d_GLD_50_50_v1,-33.9776623019626,-33.9776623019626,unavailable_needs_component_daily_contribution_stream,unavailable_needs_component_daily_contribution_stream,available_final_equity_window_contribution,,,,,,,
component_contribution,combo_plus_top2_50_50_v1,180,standard,2018-05-24,2019-02-11,,,,,,,,,,,,,,asset_class_tsmom_top2_v1,-48.563206788076826,-48.563206788076826,unavailable_needs_component_daily_contribution_stream,unavailable_needs_component_daily_contribution_stream,available_final_equity_window_contribution,,,,,,,
component_contribution,combo_plus_top2_50_50_v1,180,standard,2019-06-17,2020-03-03,,,,,,,,,,,,,,combo_SPY200d_GLD_50_50_v1,170.01288494233722,170.01288494233722,unavailable_needs_component_daily_contribution_stream,unavailable_needs_component_daily_contribution_stream,available_final_equity_window_contribution,,,,,,,
component_contribution,combo_plus_top2_50_50_v1,180,standard,2019-06-17,2020-03-03,,,,,,,,,,,,,,asset_class_tsmom_top2_v1,89.05447356382999,89.05447356382999,unavailable_needs_component_daily_contribution_stream,unavailable_needs_component_daily_contribution_stream,available_final_equity_window_contribution,,,,,,,
component_contribution,combo_plus_top2_50_50_v1,180,standard,2021-01-05,2021-09-21,,,,,,,,,,,,,,combo_SPY200d_GLD_50_50_v1,59.34188946745087,59.34188946745087,unavailable_needs_component_daily_contribution_stream,unavailable_needs_component_daily_contribution_stream,available_final_equity_window_contribution,,,,,,,
component_contribution,combo_plus_top2_50_50_v1,180,standard,2021-01-05,2021-09-21,,,,,,,,,,,,,,asset_class_tsmom_top2_v1,142.09455781343195,142.09455781343195,unavailable_needs_component_daily_contribution_stream,unavailable_needs_component_daily_contribution_stream,available_final_equity_window_contribution,,,,,,,
component_contribution,combo_plus_top2_50_50_v1,180,standard,2021-10-06,2022-06-23,,,,,,,,,,,,,,combo_SPY200d_GLD_50_50_v1,-2.1912481221713453,-2.1912481221713453,unavailable_needs_component_daily_contribution_stream,unavailable_needs_component_daily_contribution_stream,available_final_equity_window_contribution,,,,,,,
component_contribution,combo_plus_top2_50_50_v1,180,standard,2021-10-06,2022-06-23,,,,,,,,,,,,,,asset_class_tsmom_top2_v1,-166.75449285891668,-166.75449285891668,unavailable_needs_component_daily_contribution_stream,unavailable_needs_component_daily_contribution_stream,available_final_equity_window_contribution,,,,,,,
component_contribution,combo_plus_top2_50_50_v1,180,standard,2022-05-02,2023-01-18,,,,,,,,,,,,,,combo_SPY200d_GLD_50_50_v1,-6.909537259121853,-6.909537259121853,unavailable_needs_component_daily_contribution_stream,unavailable_needs_component_daily_contribution_stream,available_final_equity_window_contribution,,,,,,,
component_contribution,combo_plus_top2_50_50_v1,180,standard,2022-05-02,2023-01-18,,,,,,,,,,,,,,asset_class_tsmom_top2_v1,25.864245507395434,25.864245507395434,unavailable_needs_component_daily_contribution_stream,unavailable_needs_component_daily_contribution_stream,available_final_equity_window_contribution,,,,,,,
component_contribution,combo_plus_top2_50_50_v1,180,standard,2022-07-27,2023-04-13,,,,,,,,,,,,,,combo_SPY200d_GLD_50_50_v1,112.99689602061879,112.99689602061879,unavailable_needs_component_daily_contribution_stream,unavailable_needs_component_daily_contribution_stream,available_final_equity_window_contribution,,,,,,,
component_contribution,combo_plus_top2_50_50_v1,180,standard,2022-07-27,2023-04-13,,,,,,,,,,,,,,asset_class_tsmom_top2_v1,179.86426683788318,179.86426683788318,unavailable_needs_component_daily_contribution_stream,unavailable_needs_component_daily_contribution_stream,available_final_equity_window_contribution,,,,,,,
component_contribution,combo_plus_top2_50_50_v1,180,standard,2024-02-16,2024-11-01,,,,,,,,,,,,,,combo_SPY200d_GLD_50_50_v1,380.0890731806403,380.0890731806403,unavailable_needs_component_daily_contribution_stream,unavailable_needs_component_daily_contribution_stream,available_final_equity_window_contribution,,,,,,,
component_contribution,combo_plus_top2_50_50_v1,180,standard,2024-02-16,2024-11-01,,,,,,,,,,,,,,asset_class_tsmom_top2_v1,380.0890731806405,380.0890731806405,unavailable_needs_component_daily_contribution_stream,unavailable_needs_component_daily_contribution_stream,available_final_equity_window_contribution,,,,,,,
component_contribution,combo_plus_top2_50_50_v1,180,standard,2025-05-06,2026-01-22,,,,,,,,,,,,,,combo_SPY200d_GLD_50_50_v1,457.74134075866016,457.74134075866016,unavailable_needs_component_daily_contribution_stream,unavailable_needs_component_daily_contribution_stream,available_final_equity_window_contribution,,,,,,,
component_contribution,combo_plus_top2_50_50_v1,180,standard,2025-05-06,2026-01-22,,,,,,,,,,,,,,asset_class_tsmom_top2_v1,401.8236987779833,401.8236987779833,unavailable_needs_component_daily_contribution_stream,unavailable_needs_component_daily_contribution_stream,available_final_equity_window_contribution,,,,,,,
component_contribution,combo_plus_top2_50_50_v1,180,standard,2025-09-04,2026-05-21,,,,,,,,,,,,,,combo_SPY200d_GLD_50_50_v1,299.1355924585749,299.1355924585749,unavailable_needs_component_daily_contribution_stream,unavailable_needs_component_daily_contribution_stream,available_final_equity_window_contribution,,,,,,,
component_contribution,combo_plus_top2_50_50_v1,180,standard,2025-09-04,2026-05-21,,,,,,,,,,,,,,asset_class_tsmom_top2_v1,248.08702519573555,248.08702519573555,unavailable_needs_component_daily_contribution_stream,unavailable_needs_component_daily_contribution_stream,available_final_equity_window_contribution,,,,,,,
component_contribution,combo_plus_top2_50_50_v1,180,standard,2025-09-05,2026-05-22,,,,,,,,,,,,,,combo_SPY200d_GLD_50_50_v1,286.5460499746739,286.5460499746739,unavailable_needs_component_daily_contribution_stream,unavailable_needs_component_daily_contribution_stream,available_final_equity_window_contribution,,,,,,,
component_contribution,combo_plus_top2_50_50_v1,180,standard,2025-09-05,2026-05-22,,,,,,,,,,,,,,asset_class_tsmom_top2_v1,235.76281980960582,235.76281980960582,unavailable_needs_component_daily_contribution_stream,unavailable_needs_component_daily_contribution_stream,available_final_equity_window_contribution,,,,,,,
component_contribution,combo_plus_top2_50_50_v1,180,standard,2025-09-08,2026-05-26,,,,,,,,,,,,,,combo_SPY200d_GLD_50_50_v1,280.4498823413587,280.4498823413587,unavailable_needs_component_daily_contribution_stream,unavailable_needs_component_daily_contribution_stream,available_final_equity_window_contribution,,,,,,,
component_contribution,combo_plus_top2_50_50_v1,180,standard,2025-09-08,2026-05-26,,,,,,,,,,,,,,asset_class_tsmom_top2_v1,230.01577721005214,230.01577721005214,unavailable_needs_component_daily_contribution_stream,unavailable_needs_component_daily_contribution_stream,available_final_equity_window_contribution,,,,,,,
component_contribution,combo_plus_top2_50_50_v1,180,standard,2025-09-09,2026-05-27,,,,,,,,,,,,,,combo_SPY200d_GLD_50_50_v1,268.58051610782536,268.58051610782536,unavailable_needs_component_daily_contribution_stream,unavailable_needs_component_daily_contribution_stream,available_final_equity_window_contribution,,,,,,,
component_contribution,combo_plus_top2_50_50_v1,180,standard,2025-09-09,2026-05-27,,,,,,,,,,,,,,asset_class_tsmom_top2_v1,218.14746565908536,218.14746565908536,unavailable_needs_component_daily_contribution_stream,unavailable_needs_component_daily_contribution_stream,available_final_equity_window_contribution,,,,,,,
component_contribution,combo_plus_top2_50_50_v1,180,standard,2025-09-10,2026-05-28,,,,,,,,,,,,,,combo_SPY200d_GLD_50_50_v1,276.7629110723268,276.7629110723268,unavailable_needs_component_daily_contribution_stream,unavailable_needs_component_daily_contribution_stream,available_final_equity_window_contribution,,,,,,,
component_contribution,combo_plus_top2_50_50_v1,180,standard,2025-09-10,2026-05-28,,,,,,,,,,,,,,asset_class_tsmom_top2_v1,226.49281265365533,226.49281265365533,unavailable_needs_component_daily_contribution_stream,unavailable_needs_component_daily_contribution_stream,available_final_equity_window_contribution,,,,,,,
component_contribution,combo_plus_top2_50_50_v1,180,standard,2025-09-11,2026-05-29,,,,,,,,,,,,,,combo_SPY200d_GLD_50_50_v1,282.0988559412466,282.0988559412466,unavailable_needs_component_daily_contribution_stream,unavailable_needs_component_daily_contribution_stream,available_final_equity_window_contribution,,,,,,,
component_contribution,combo_plus_top2_50_50_v1,180,standard,2025-09-11,2026-05-29,,,,,,,,,,,,,,asset_class_tsmom_top2_v1,231.9995658062602,231.9995658062602,unavailable_needs_component_daily_contribution_stream,unavailable_needs_component_daily_contribution_stream,available_final_equity_window_contribution,,,,,,,
component_contribution,combo_plus_managed_futures_80_20_v1,30,standard,2020-12-02,2021-01-14,,,,,,,,,,,,,,combo_SPY200d_GLD_50_50_v1,13.280016586159872,13.280016586159872,unavailable_needs_component_daily_contribution_stream,unavailable_needs_component_daily_contribution_stream,available_final_equity_window_contribution,,,,,,,
component_contribution,combo_plus_managed_futures_80_20_v1,30,standard,2020-12-02,2021-01-14,,,,,,,,,,,,,,managed_futures_proxy_etf_trend_v1,-0.30286722707313096,-0.30286722707313096,unavailable_needs_component_daily_contribution_stream,unavailable_needs_component_daily_contribution_stream,available_final_equity_window_contribution,,,,,,,
component_contribution,combo_plus_managed_futures_80_20_v1,30,standard,2021-02-12,2021-03-26,,,,,,,,,,,,,,combo_SPY200d_GLD_50_50_v1,-56.08855941393788,-56.08855941393788,unavailable_needs_component_daily_contribution_stream,unavailable_needs_component_daily_contribution_stream,available_final_equity_window_contribution,,,,,,,
component_contribution,combo_plus_managed_futures_80_20_v1,30,standard,2021-02-12,2021-03-26,,,,,,,,,,,,,,managed_futures_proxy_etf_trend_v1,1.6755222636126692,1.6755222636126692,unavailable_needs_component_daily_contribution_stream,unavailable_needs_component_daily_contribution_stream,available_final_equity_window_contribution,,,,,,,
component_contribution,combo_plus_managed_futures_80_20_v1,30,standard,2021-05-14,2021-06-25,,,,,,,,,,,,,,combo_SPY200d_GLD_50_50_v1,-45.36426488539028,-45.36426488539028,unavailable_needs_component_daily_contribution_stream,unavailable_needs_component_daily_contribution_stream,available_final_equity_window_contribution,,,,,,,
component_contribution,combo_plus_managed_futures_80_20_v1,30,standard,2021-05-14,2021-06-25,,,,,,,,,,,,,,managed_futures_proxy_etf_trend_v1,-1.7363351069001762,-1.7363351069001762,unavailable_needs_component_daily_contribution_stream,unavailable_needs_component_daily_contribution_stream,available_final_equity_window_contribution,,,,,,,
component_contribution,combo_plus_managed_futures_80_20_v1,30,standard,2021-10-22,2021-12-03,,,,,,,,,,,,,,combo_SPY200d_GLD_50_50_v1,-6.105489230619325,-6.105489230619325,unavailable_needs_component_daily_contribution_stream,unavailable_needs_component_daily_contribution_stream,available_final_equity_window_contribution,,,,,,,
component_contribution,combo_plus_managed_futures_80_20_v1,30,standard,2021-10-22,2021-12-03,,,,,,,,,,,,,,managed_futures_proxy_etf_trend_v1,-30.172110443089114,-30.172110443089114,unavailable_needs_component_daily_contribution_stream,unavailable_needs_component_daily_contribution_stream,available_final_equity_window_contribution,,,,,,,
component_contribution,combo_plus_managed_futures_80_20_v1,30,standard,2021-12-07,2022-01-19,,,,,,,,,,,,,,combo_SPY200d_GLD_50_50_v1,-0.19827115174831267,-0.19827115174831267,unavailable_needs_component_daily_contribution_stream,unavailable_needs_component_daily_contribution_stream,available_final_equity_window_contribution,,,,,,,
component_contribution,combo_plus_managed_futures_80_20_v1,30,standard,2021-12-07,2022-01-19,,,,,,,,,,,,,,managed_futures_proxy_etf_trend_v1,0.6769749867090635,0.6769749867090635,unavailable_needs_component_daily_contribution_stream,unavailable_needs_component_daily_contribution_stream,available_final_equity_window_contribution,,,,,,,
component_contribution,combo_plus_managed_futures_80_20_v1,30,standard,2022-03-02,2022-04-12,,,,,,,,,,,,,,combo_SPY200d_GLD_50_50_v1,10.185485054768646,10.185485054768646,unavailable_needs_component_daily_contribution_stream,unavailable_needs_component_daily_contribution_stream,available_final_equity_window_contribution,,,,,,,
component_contribution,combo_plus_managed_futures_80_20_v1,30,standard,2022-03-02,2022-04-12,,,,,,,,,,,,,,managed_futures_proxy_etf_trend_v1,60.87096002230253,60.87096002230253,unavailable_needs_component_daily_contribution_stream,unavailable_needs_component_daily_contribution_stream,available_final_equity_window_contribution,,,,,,,
component_contribution,combo_plus_managed_futures_80_20_v1,30,standard,2022-04-05,2022-05-17,,,,,,,,,,,,,,combo_SPY200d_GLD_50_50_v1,-101.39627944949095,-101.39627944949095,unavailable_needs_component_daily_contribution_stream,unavailable_needs_component_daily_contribution_stream,available_final_equity_window_contribution,,,,,,,
component_contribution,combo_plus_managed_futures_80_20_v1,30,standard,2022-04-05,2022-05-17,,,,,,,,,,,,,,managed_futures_proxy_etf_trend_v1,60.30057436567269,60.30057436567269,unavailable_needs_component_daily_contribution_stream,unavailable_needs_component_daily_contribution_stream,available_final_equity_window_contribution,,,,,,,
component_contribution,combo_plus_managed_futures_80_20_v1,30,standard,2022-06-27,2022-08-08,,,,,,,,,,,,,,combo_SPY200d_GLD_50_50_v1,-20.35890475561912,-20.35890475561912,unavailable_needs_component_daily_contribution_stream,unavailable_needs_component_daily_contribution_stream,available_final_equity_window_contribution,,,,,,,
component_contribution,combo_plus_managed_futures_80_20_v1,30,standard,2022-06-27,2022-08-08,,,,,,,,,,,,,,managed_futures_proxy_etf_trend_v1,-28.209054711471232,-28.209054711471232,unavailable_needs_component_daily_contribution_stream,unavailable_needs_component_daily_contribution_stream,available_final_equity_window_contribution,,,,,,,
component_contribution,combo_plus_managed_futures_80_20_v1,30,standard,2022-09-15,2022-10-26,,,,,,,,,,,,,,combo_SPY200d_GLD_50_50_v1,4.112151645869707,4.112151645869707,unavailable_needs_component_daily_contribution_stream,unavailable_needs_component_daily_contribution_stream,available_final_equity_window_contribution,,,,,,,
component_contribution,combo_plus_managed_futures_80_20_v1,30,standard,2022-09-15,2022-10-26,,,,,,,,,,,,,,managed_futures_proxy_etf_trend_v1,8.81672821860027,8.81672821860027,unavailable_needs_component_daily_contribution_stream,unavailable_needs_component_daily_contribution_stream,available_final_equity_window_contribution,,,,,,,
component_contribution,combo_plus_managed_futures_80_20_v1,30,standard,2022-09-28,2022-11-08,,,,,,,,,,,,,,combo_SPY200d_GLD_50_50_v1,45.27946993167064,45.27946993167064,unavailable_needs_component_daily_contribution_stream,unavailable_needs_component_daily_contribution_stream,available_final_equity_window_contribution,,,,,,,
component_contribution,combo_plus_managed_futures_80_20_v1,30,standard,2022-09-28,2022-11-08,,,,,,,,,,,,,,managed_futures_proxy_etf_trend_v1,-2.389934103064416,-2.389934103064416,unavailable_needs_component_daily_contribution_stream,unavailable_needs_component_daily_contribution_stream,available_final_equity_window_contribution,,,,,,,
component_contribution,combo_plus_managed_futures_80_20_v1,30,standard,2023-01-05,2023-02-16,,,,,,,,,,,,,,combo_SPY200d_GLD_50_50_v1,25.001768786037207,25.001768786037207,unavailable_needs_component_daily_contribution_stream,unavailable_needs_component_daily_contribution_stream,available_final_equity_window_contribution,,,,,,,
component_contribution,combo_plus_managed_futures_80_20_v1,30,standard,2023-01-05,2023-02-16,,,,,,,,,,,,,,managed_futures_proxy_etf_trend_v1,4.759710513240975,4.759710513240975,unavailable_needs_component_daily_contribution_stream,unavailable_needs_component_daily_contribution_stream,available_final_equity_window_contribution,,,,,,,
component_contribution,combo_plus_managed_futures_80_20_v1,30,standard,2023-02-27,2023-04-10,,,,,,,,,,,,,,combo_SPY200d_GLD_50_50_v1,115.13878291341338,115.13878291341338,unavailable_needs_component_daily_contribution_stream,unavailable_needs_component_daily_contribution_stream,available_final_equity_window_contribution,,,,,,,
component_contribution,combo_plus_managed_futures_80_20_v1,30,standard,2023-02-27,2023-04-10,,,,,,,,,,,,,,managed_futures_proxy_etf_trend_v1,3.1534296778171886,3.1534296778171886,unavailable_needs_component_daily_contribution_stream,unavailable_needs_component_daily_contribution_stream,available_final_equity_window_contribution,,,,,,,
component_contribution,combo_plus_managed_futures_80_20_v1,30,standard,2023-08-09,2023-09-20,,,,,,,,,,,,,,combo_SPY200d_GLD_50_50_v1,-4.1301359590997535,-4.1301359590997535,unavailable_needs_component_daily_contribution_stream,unavailable_needs_component_daily_contribution_stream,available_final_equity_window_contribution,,,,,,,
component_contribution,combo_plus_managed_futures_80_20_v1,30,standard,2023-08-09,2023-09-20,,,,,,,,,,,,,,managed_futures_proxy_etf_trend_v1,10.088269476978924,10.088269476978924,unavailable_needs_component_daily_contribution_stream,unavailable_needs_component_daily_contribution_stream,available_final_equity_window_contribution,,,,,,,
component_contribution,combo_plus_managed_futures_80_20_v1,30,standard,2023-08-10,2023-09-21,,,,,,,,,,,,,,combo_SPY200d_GLD_50_50_v1,-31.872846334029862,-31.872846334029862,unavailable_needs_component_daily_contribution_stream,unavailable_needs_component_daily_contribution_stream,available_final_equity_window_contribution,,,,,,,
component_contribution,combo_plus_managed_futures_80_20_v1,30,standard,2023-08-10,2023-09-21,,,,,,,,,,,,,,managed_futures_proxy_etf_trend_v1,12.353840681835168,12.353840681835168,unavailable_needs_component_daily_contribution_stream,unavailable_needs_component_daily_contribution_stream,available_final_equity_window_contribution,,,,,,,
component_contribution,combo_plus_managed_futures_80_20_v1,30,standard,2024-01-19,2024-03-01,,,,,,,,,,,,,,combo_SPY200d_GLD_50_50_v1,107.4192201082316,107.4192201082316,unavailable_needs_component_daily_contribution_stream,unavailable_needs_component_daily_contribution_stream,available_final_equity_window_contribution,,,,,,,
component_contribution,combo_plus_managed_futures_80_20_v1,30,standard,2024-01-19,2024-03-01,,,,,,,,,,,,,,managed_futures_proxy_etf_trend_v1,5.4616725934331125,5.4616725934331125,unavailable_needs_component_daily_contribution_stream,unavailable_needs_component_daily_contribution_stream,available_final_equity_window_contribution,,,,,,,
component_contribution,combo_plus_managed_futures_80_20_v1,30,standard,2024-06-11,2024-07-24,,,,,,,,,,,,,,combo_SPY200d_GLD_50_50_v1,57.50944214471374,57.50944214471374,unavailable_needs_component_daily_contribution_stream,unavailable_needs_component_daily_contribution_stream,available_final_equity_window_contribution,,,,,,,
component_contribution,combo_plus_managed_futures_80_20_v1,30,standard,2024-06-11,2024-07-24,,,,,,,,,,,,,,managed_futures_proxy_etf_trend_v1,-0.5207230999399535,-0.5207230999399535,unavailable_needs_component_daily_contribution_stream,unavailable_needs_component_daily_contribution_stream,available_final_equity_window_contribution,,,,,,,
component_contribution,combo_plus_managed_futures_80_20_v1,30,standard,2024-07-01,2024-08-12,,,,,,,,,,,,,,combo_SPY200d_GLD_50_50_v1,44.496115505998176,44.496115505998176,unavailable_needs_component_daily_contribution_stream,unavailable_needs_component_daily_contribution_stream,available_final_equity_window_contribution,,,,,,,
component_contribution,combo_plus_managed_futures_80_20_v1,30,standard,2024-07-01,2024-08-12,,,,,,,,,,,,,,managed_futures_proxy_etf_trend_v1,-29.376892230049847,-29.376892230049847,unavailable_needs_component_daily_contribution_stream,unavailable_needs_component_daily_contribution_stream,available_final_equity_window_contribution,,,,,,,
component_contribution,combo_plus_managed_futures_80_20_v1,30,standard,2024-07-05,2024-08-15,,,,,,,,,,,,,,combo_SPY200d_GLD_50_50_v1,30.20461112389524,30.20461112389524,unavailable_needs_component_daily_contribution_stream,unavailable_needs_component_daily_contribution_stream,available_final_equity_window_contribution,,,,,,,
component_contribution,combo_plus_managed_futures_80_20_v1,30,standard,2024-07-05,2024-08-15,,,,,,,,,,,,,,managed_futures_proxy_etf_trend_v1,-24.756543131877354,-24.756543131877354,unavailable_needs_component_daily_contribution_stream,unavailable_needs_component_daily_contribution_stream,available_final_equity_window_contribution,,,,,,,
component_contribution,combo_plus_managed_futures_80_20_v1,30,standard,2024-07-08,2024-08-16,,,,,,,,,,,,,,combo_SPY200d_GLD_50_50_v1,73.67819941455511,73.67819941455511,unavailable_needs_component_daily_contribution_stream,unavailable_needs_component_daily_contribution_stream,available_final_equity_window_contribution,,,,,,,
component_contribution,combo_plus_managed_futures_80_20_v1,30,standard,2024-07-08,2024-08-16,,,,,,,,,,,,,,managed_futures_proxy_etf_trend_v1,-22.21233553228096,-22.21233553228096,unavailable_needs_component_daily_contribution_stream,unavailable_needs_component_daily_contribution_stream,available_final_equity_window_contribution,,,,,,,
component_contribution,combo_plus_managed_futures_80_20_v1,30,standard,2024-07-09,2024-08-19,,,,,,,,,,,,,,combo_SPY200d_GLD_50_50_v1,80.05112863748258,80.05112863748258,unavailable_needs_component_daily_contribution_stream,unavailable_needs_component_daily_contribution_stream,available_final_equity_window_contribution,,,,,,,
component_contribution,combo_plus_managed_futures_80_20_v1,30,standard,2024-07-09,2024-08-19,,,,,,,,,,,,,,managed_futures_proxy_etf_trend_v1,-21.61399797510928,-21.61399797510928,unavailable_needs_component_daily_contribution_stream,unavailable_needs_component_daily_contribution_stream,available_final_equity_window_contribution,,,,,,,
component_contribution,combo_plus_managed_futures_80_20_v1,30,standard,2024-12-10,2025-01-24,,,,,,,,,,,,,,combo_SPY200d_GLD_50_50_v1,49.719676345807834,49.719676345807834,unavailable_needs_component_daily_contribution_stream,unavailable_needs_component_daily_contribution_stream,available_final_equity_window_contribution,,,,,,,
component_contribution,combo_plus_managed_futures_80_20_v1,30,standard,2024-12-10,2025-01-24,,,,,,,,,,,,,,managed_futures_proxy_etf_trend_v1,3.2194355068007687,3.2194355068007687,unavailable_needs_component_daily_contribution_stream,unavailable_needs_component_daily_contribution_stream,available_final_equity_window_contribution,,,,,,,
component_contribution,combo_plus_managed_futures_80_20_v1,30,standard,2025-04-24,2025-06-05,,,,,,,,,,,,,,combo_SPY200d_GLD_50_50_v1,26.436796549262237,26.436796549262237,unavailable_needs_component_daily_contribution_stream,unavailable_needs_component_daily_contribution_stream,available_final_equity_window_contribution,,,,,,,
component_contribution,combo_plus_managed_futures_80_20_v1,30,standard,2025-04-24,2025-06-05,,,,,,,,,,,,,,managed_futures_proxy_etf_trend_v1,1.0733497851657112,1.0733497851657112,unavailable_needs_component_daily_contribution_stream,unavailable_needs_component_daily_contribution_stream,available_final_equity_window_contribution,,,,,,,
component_contribution,combo_plus_managed_futures_80_20_v1,30,standard,2025-04-25,2025-06-06,,,,,,,,,,,,,,combo_SPY200d_GLD_50_50_v1,35.25565506039606,35.25565506039606,unavailable_needs_component_daily_contribution_stream,unavailable_needs_component_daily_contribution_stream,available_final_equity_window_contribution,,,,,,,
component_contribution,combo_plus_managed_futures_80_20_v1,30,standard,2025-04-25,2025-06-06,,,,,,,,,,,,,,managed_futures_proxy_etf_trend_v1,2.8043575928772624,2.8043575928772624,unavailable_needs_component_daily_contribution_stream,unavailable_needs_component_daily_contribution_stream,available_final_equity_window_contribution,,,,,,,
component_contribution,combo_plus_managed_futures_80_20_v1,30,standard,2025-04-28,2025-06-09,,,,,,,,,,,,,,combo_SPY200d_GLD_50_50_v1,24.72139271992969,24.72139271992969,unavailable_needs_component_daily_contribution_stream,unavailable_needs_component_daily_contribution_stream,available_final_equity_window_contribution,,,,,,,
component_contribution,combo_plus_managed_futures_80_20_v1,30,standard,2025-04-28,2025-06-09,,,,,,,,,,,,,,managed_futures_proxy_etf_trend_v1,1.0820307044499704,1.0820307044499704,unavailable_needs_component_daily_contribution_stream,unavailable_needs_component_daily_contribution_stream,available_final_equity_window_contribution,,,,,,,
component_contribution,combo_plus_managed_futures_80_20_v1,30,standard,2025-04-29,2025-06-10,,,,,,,,,,,,,,combo_SPY200d_GLD_50_50_v1,47.415012973680206,47.415012973680206,unavailable_needs_component_daily_contribution_stream,unavailable_needs_component_daily_contribution_stream,available_final_equity_window_contribution,,,,,,,
component_contribution,combo_plus_managed_futures_80_20_v1,30,standard,2025-04-29,2025-06-10,,,,,,,,,,,,,,managed_futures_proxy_etf_trend_v1,2.9252568001788357,2.9252568001788357,unavailable_needs_component_daily_contribution_stream,unavailable_needs_component_daily_contribution_stream,available_final_equity_window_contribution,,,,,,,
component_contribution,combo_plus_managed_futures_80_20_v1,30,standard,2025-04-30,2025-06-11,,,,,,,,,,,,,,combo_SPY200d_GLD_50_50_v1,55.91916626503653,55.91916626503653,unavailable_needs_component_daily_contribution_stream,unavailable_needs_component_daily_contribution_stream,available_final_equity_window_contribution,,,,,,,
component_contribution,combo_plus_managed_futures_80_20_v1,30,standard,2025-04-30,2025-06-11,,,,,,,,,,,,,,managed_futures_proxy_etf_trend_v1,2.892708456876872,2.892708456876872,unavailable_needs_component_daily_contribution_stream,unavailable_needs_component_daily_contribution_stream,available_final_equity_window_contribution,,,,,,,
component_contribution,combo_plus_managed_futures_80_20_v1,30,standard,2025-05-01,2025-06-12,,,,,,,,,,,,,,combo_SPY200d_GLD_50_50_v1,101.44467685703445,101.44467685703445,unavailable_needs_component_daily_contribution_stream,unavailable_needs_component_daily_contribution_stream,available_final_equity_window_contribution,,,,,,,
component_contribution,combo_plus_managed_futures_80_20_v1,30,standard,2025-05-01,2025-06-12,,,,,,,,,,,,,,managed_futures_proxy_etf_trend_v1,1.0281387760052316,1.0281387760052316,unavailable_needs_component_daily_contribution_stream,unavailable_needs_component_daily_contribution_stream,available_final_equity_window_contribution,,,,,,,
component_contribution,combo_plus_managed_futures_80_20_v1,30,standard,2025-05-23,2025-07-08,,,,,,,,,,,,,,combo_SPY200d_GLD_50_50_v1,66.98377859911884,66.98377859911884,unavailable_needs_component_daily_contribution_stream,unavailable_needs_component_daily_contribution_stream,available_final_equity_window_contribution,,,,,,,
component_contribution,combo_plus_managed_futures_80_20_v1,30,standard,2025-05-23,2025-07-08,,,,,,,,,,,,,,managed_futures_proxy_etf_trend_v1,2.9238899066813877,2.9238899066813877,unavailable_needs_component_daily_contribution_stream,unavailable_needs_component_daily_contribution_stream,available_final_equity_window_contribution,,,,,,,
component_contribution,combo_plus_managed_futures_80_20_v1,30,standard,2025-06-06,2025-07-21,,,,,,,,,,,,,,combo_SPY200d_GLD_50_50_v1,95.11297063756575,95.11297063756575,unavailable_needs_component_daily_contribution_stream,unavailable_needs_component_daily_contribution_stream,available_final_equity_window_contribution,,,,,,,
component_contribution,combo_plus_managed_futures_80_20_v1,30,standard,2025-06-06,2025-07-21,,,,,,,,,,,,,,managed_futures_proxy_etf_trend_v1,3.1398834214485714,3.1398834214485714,unavailable_needs_component_daily_contribution_stream,unavailable_needs_component_daily_contribution_stream,available_final_equity_window_contribution,,,,,,,
component_contribution,combo_plus_managed_futures_80_20_v1,30,standard,2025-10-02,2025-11-12,,,,,,,,,,,,,,combo_SPY200d_GLD_50_50_v1,133.64228412053276,133.64228412053276,unavailable_needs_component_daily_contribution_stream,unavailable_needs_component_daily_contribution_stream,available_final_equity_window_contribution,,,,,,,
component_contribution,combo_plus_managed_futures_80_20_v1,30,standard,2025-10-02,2025-11-12,,,,,,,,,,,,,,managed_futures_proxy_etf_trend_v1,17.577058126505513,17.577058126505513,unavailable_needs_component_daily_contribution_stream,unavailable_needs_component_daily_contribution_stream,available_final_equity_window_contribution,,,,,,,
component_contribution,combo_plus_managed_futures_80_20_v1,30,standard,2025-10-03,2025-11-13,,,,,,,,,,,,,,combo_SPY200d_GLD_50_50_v1,92.60630753613225,92.60630753613225,unavailable_needs_component_daily_contribution_stream,unavailable_needs_component_daily_contribution_stream,available_final_equity_window_contribution,,,,,,,
component_contribution,combo_plus_managed_futures_80_20_v1,30,standard,2025-10-03,2025-11-13,,,,,,,,,,,,,,managed_futures_proxy_etf_trend_v1,12.877418964161865,12.877418964161865,unavailable_needs_component_daily_contribution_stream,unavailable_needs_component_daily_contribution_stream,available_final_equity_window_contribution,,,,,,,
component_contribution,combo_plus_managed_futures_80_20_v1,30,standard,2025-10-06,2025-11-14,,,,,,,,,,,,,,combo_SPY200d_GLD_50_50_v1,42.599112126381144,42.599112126381144,unavailable_needs_component_daily_contribution_stream,unavailable_needs_component_daily_contribution_stream,available_final_equity_window_contribution,,,,,,,
component_contribution,combo_plus_managed_futures_80_20_v1,30,standard,2025-10-06,2025-11-14,,,,,,,,,,,,,,managed_futures_proxy_etf_trend_v1,5.856637475013088,5.856637475013088,unavailable_needs_component_daily_contribution_stream,unavailable_needs_component_daily_contribution_stream,available_final_equity_window_contribution,,,,,,,
component_contribution,combo_plus_managed_futures_80_20_v1,30,standard,2025-11-03,2025-12-15,,,,,,,,,,,,,,combo_SPY200d_GLD_50_50_v1,82.49431128432367,82.49431128432367,unavailable_needs_component_daily_contribution_stream,unavailable_needs_component_daily_contribution_stream,available_final_equity_window_contribution,,,,,,,
component_contribution,combo_plus_managed_futures_80_20_v1,30,standard,2025-11-03,2025-12-15,,,,,,,,,,,,,,managed_futures_proxy_etf_trend_v1,6.736169862751642,6.736169862751642,unavailable_needs_component_daily_contribution_stream,unavailable_needs_component_daily_contribution_stream,available_final_equity_window_contribution,,,,,,,
component_contribution,combo_plus_managed_futures_80_20_v1,30,standard,2026-04-01,2026-05-13,,,,,,,,,,,,,,combo_SPY200d_GLD_50_50_v1,98.75696724139598,98.75696724139598,unavailable_needs_component_daily_contribution_stream,unavailable_needs_component_daily_contribution_stream,available_final_equity_window_contribution,,,,,,,
component_contribution,combo_plus_managed_futures_80_20_v1,30,standard,2026-04-01,2026-05-13,,,,,,,,,,,,,,managed_futures_proxy_etf_trend_v1,30.13873919340654,30.13873919340654,unavailable_needs_component_daily_contribution_stream,unavailable_needs_component_daily_contribution_stream,available_final_equity_window_contribution,,,,,,,
component_contribution,combo_plus_managed_futures_80_20_v1,30,standard,2026-04-10,2026-05-21,,,,,,,,,,,,,,combo_SPY200d_GLD_50_50_v1,52.488685639092736,52.488685639092736,unavailable_needs_component_daily_contribution_stream,unavailable_needs_component_daily_contribution_stream,available_final_equity_window_contribution,,,,,,,
component_contribution,combo_plus_managed_futures_80_20_v1,30,standard,2026-04-10,2026-05-21,,,,,,,,,,,,,,managed_futures_proxy_etf_trend_v1,20.208502602270208,20.208502602270208,unavailable_needs_component_daily_contribution_stream,unavailable_needs_component_daily_contribution_stream,available_final_equity_window_contribution,,,,,,,
component_contribution,combo_plus_managed_futures_80_20_v1,30,standard,2026-04-13,2026-05-22,,,,,,,,,,,,,,combo_SPY200d_GLD_50_50_v1,40.95862630912786,40.95862630912786,unavailable_needs_component_daily_contribution_stream,unavailable_needs_component_daily_contribution_stream,available_final_equity_window_contribution,,,,,,,
component_contribution,combo_plus_managed_futures_80_20_v1,30,standard,2026-04-13,2026-05-22,,,,,,,,,,,,,,managed_futures_proxy_etf_trend_v1,16.033155400580608,16.033155400580608,unavailable_needs_component_daily_contribution_stream,unavailable_needs_component_daily_contribution_stream,available_final_equity_window_contribution,,,,,,,
component_contribution,combo_plus_managed_futures_80_20_v1,30,standard,2026-04-14,2026-05-26,,,,,,,,,,,,,,combo_SPY200d_GLD_50_50_v1,8.065342203318394,8.065342203318394,unavailable_needs_component_daily_contribution_stream,unavailable_needs_component_daily_contribution_stream,available_final_equity_window_contribution,,,,,,,
component_contribution,combo_plus_managed_futures_80_20_v1,30,standard,2026-04-14,2026-05-26,,,,,,,,,,,,,,managed_futures_proxy_etf_trend_v1,16.80435282980772,16.80435282980772,unavailable_needs_component_daily_contribution_stream,unavailable_needs_component_daily_contribution_stream,available_final_equity_window_contribution,,,,,,,
component_contribution,combo_plus_managed_futures_80_20_v1,30,standard,2026-04-15,2026-05-27,,,,,,,,,,,,,,combo_SPY200d_GLD_50_50_v1,-5.238074172766325,-5.238074172766325,unavailable_needs_component_daily_contribution_stream,unavailable_needs_component_daily_contribution_stream,available_final_equity_window_contribution,,,,,,,
component_contribution,combo_plus_managed_futures_80_20_v1,30,standard,2026-04-15,2026-05-27,,,,,,,,,,,,,,managed_futures_proxy_etf_trend_v1,11.556522493149629,11.556522493149629,unavailable_needs_component_daily_contribution_stream,unavailable_needs_component_daily_contribution_stream,available_final_equity_window_contribution,,,,,,,
component_contribution,combo_plus_managed_futures_80_20_v1,30,standard,2026-04-16,2026-05-28,,,,,,,,,,,,,,combo_SPY200d_GLD_50_50_v1,12.058851261160026,12.058851261160026,unavailable_needs_component_daily_contribution_stream,unavailable_needs_component_daily_contribution_stream,available_final_equity_window_contribution,,,,,,,
component_contribution,combo_plus_managed_futures_80_20_v1,30,standard,2026-04-16,2026-05-28,,,,,,,,,,,,,,managed_futures_proxy_etf_trend_v1,7.390163791834378,7.390163791834378,unavailable_needs_component_daily_contribution_stream,unavailable_needs_component_daily_contribution_stream,available_final_equity_window_contribution,,,,,,,
component_contribution,combo_plus_managed_futures_80_20_v1,30,standard,2026-04-17,2026-05-29,,,,,,,,,,,,,,combo_SPY200d_GLD_50_50_v1,-2.6412390841051767,-2.6412390841051767,unavailable_needs_component_daily_contribution_stream,unavailable_needs_component_daily_contribution_stream,available_final_equity_window_contribution,,,,,,,
component_contribution,combo_plus_managed_futures_80_20_v1,30,standard,2026-04-17,2026-05-29,,,,,,,,,,,,,,managed_futures_proxy_etf_trend_v1,15.113992428716495,15.113992428716495,unavailable_needs_component_daily_contribution_stream,unavailable_needs_component_daily_contribution_stream,available_final_equity_window_contribution,,,,,,,
component_contribution,combo_plus_managed_futures_80_20_v1,60,standard,2020-12-02,2021-03-01,,,,,,,,,,,,,,combo_SPY200d_GLD_50_50_v1,-69.30886565433298,-69.30886565433298,unavailable_needs_component_daily_contribution_stream,unavailable_needs_component_daily_contribution_stream,available_final_equity_window_contribution,,,,,,,
component_contribution,combo_plus_managed_futures_80_20_v1,60,standard,2020-12-02,2021-03-01,,,,,,,,,,,,,,managed_futures_proxy_etf_trend_v1,-0.4334974056914147,-0.4334974056914147,unavailable_needs_component_daily_contribution_stream,unavailable_needs_component_daily_contribution_stream,available_final_equity_window_contribution,,,,,,,
component_contribution,combo_plus_managed_futures_80_20_v1,60,standard,2021-02-12,2021-05-10,,,,,,,,,,,,,,combo_SPY200d_GLD_50_50_v1,14.853891926044994,14.853891926044994,unavailable_needs_component_daily_contribution_stream,unavailable_needs_component_daily_contribution_stream,available_final_equity_window_contribution,,,,,,,
component_contribution,combo_plus_managed_futures_80_20_v1,60,standard,2021-02-12,2021-05-10,,,,,,,,,,,,,,managed_futures_proxy_etf_trend_v1,1.6428268746416994,1.6428268746416994,unavailable_needs_component_daily_contribution_stream,unavailable_needs_component_daily_contribution_stream,available_final_equity_window_contribution,,,,,,,
component_contribution,combo_plus_managed_futures_80_20_v1,60,standard,2021-05-11,2021-08-04,,,,,,,,,,,,,,combo_SPY200d_GLD_50_50_v1,-20.929887070619888,-20.929887070619888,unavailable_needs_component_daily_contribution_stream,unavailable_needs_component_daily_contribution_stream,available_final_equity_window_contribution,,,,,,,
component_contribution,combo_plus_managed_futures_80_20_v1,60,standard,2021-05-11,2021-08-04,,,,,,,,,,,,,,managed_futures_proxy_etf_trend_v1,-1.9355315875049195,-1.9355315875049195,unavailable_needs_component_daily_contribution_stream,unavailable_needs_component_daily_contribution_stream,available_final_equity_window_contribution,,,,,,,
component_contribution,combo_plus_managed_futures_80_20_v1,60,standard,2021-10-15,2022-01-10,,,,,,,,,,,,,,combo_SPY200d_GLD_50_50_v1,80.08917260292107,80.08917260292107,unavailable_needs_component_daily_contribution_stream,unavailable_needs_component_daily_contribution_stream,available_final_equity_window_contribution,,,,,,,
component_contribution,combo_plus_managed_futures_80_20_v1,60,standard,2021-10-15,2022-01-10,,,,,,,,,,,,,,managed_futures_proxy_etf_trend_v1,-32.89940652679801,-32.89940652679801,unavailable_needs_component_daily_contribution_stream,unavailable_needs_component_daily_contribution_stream,available_final_equity_window_contribution,,,,,,,
component_contribution,combo_plus_managed_futures_80_20_v1,60,standard,2021-12-01,2022-02-25,,,,,,,,,,,,,,combo_SPY200d_GLD_50_50_v1,2.3510820951966185,2.3510820951966185,unavailable_needs_component_daily_contribution_stream,unavailable_needs_component_daily_contribution_stream,available_final_equity_window_contribution,,,,,,,
component_contribution,combo_plus_managed_futures_80_20_v1,60,standard,2021-12-01,2022-02-25,,,,,,,,,,,,,,managed_futures_proxy_etf_trend_v1,5.632676480279095,5.632676480279095,unavailable_needs_component_daily_contribution_stream,unavailable_needs_component_daily_contribution_stream,available_final_equity_window_contribution,,,,,,,
component_contribution,combo_plus_managed_futures_80_20_v1,60,standard,2022-02-28,2022-05-23,,,,,,,,,,,,,,combo_SPY200d_GLD_50_50_v1,-54.71484955111767,-54.71484955111767,unavailable_needs_component_daily_contribution_stream,unavailable_needs_component_daily_contribution_stream,available_final_equity_window_contribution,,,,,,,
component_contribution,combo_plus_managed_futures_80_20_v1,60,standard,2022-02-28,2022-05-23,,,,,,,,,,,,,,managed_futures_proxy_etf_trend_v1,111.22721249545374,111.22721249545374,unavailable_needs_component_daily_contribution_stream,unavailable_needs_component_daily_contribution_stream,available_final_equity_window_contribution,,,,,,,
component_contribution,combo_plus_managed_futures_80_20_v1,60,standard,2022-03-24,2022-06-17,,,,,,,,,,,,,,combo_SPY200d_GLD_50_50_v1,-109.96755915759658,-109.96755915759658,unavailable_needs_component_daily_contribution_stream,unavailable_needs_component_daily_contribution_stream,available_final_equity_window_contribution,,,,,,,
component_contribution,combo_plus_managed_futures_80_20_v1,60,standard,2022-03-24,2022-06-17,,,,,,,,,,,,,,managed_futures_proxy_etf_trend_v1,77.8831312305844,77.8831312305844,unavailable_needs_component_daily_contribution_stream,unavailable_needs_component_daily_contribution_stream,available_final_equity_window_contribution,,,,,,,
component_contribution,combo_plus_managed_futures_80_20_v1,60,standard,2022-06-21,2022-09-14,,,,,,,,,,,,,,combo_SPY200d_GLD_50_50_v1,-92.51114215266355,-92.51114215266355,unavailable_needs_component_daily_contribution_stream,unavailable_needs_component_daily_contribution_stream,available_final_equity_window_contribution,,,,,,,
component_contribution,combo_plus_managed_futures_80_20_v1,60,standard,2022-06-21,2022-09-14,,,,,,,,,,,,,,managed_futures_proxy_etf_trend_v1,-1.8826322785961636,-1.8826322785961636,unavailable_needs_component_daily_contribution_stream,unavailable_needs_component_daily_contribution_stream,available_final_equity_window_contribution,,,,,,,
component_contribution,combo_plus_managed_futures_80_20_v1,60,standard,2022-08-31,2022-11-23,,,,,,,,,,,,,,combo_SPY200d_GLD_50_50_v1,39.95176174617367,39.95176174617367,unavailable_needs_component_daily_contribution_stream,unavailable_needs_component_daily_contribution_stream,available_final_equity_window_contribution,,,,,,,
component_contribution,combo_plus_managed_futures_80_20_v1,60,standard,2022-08-31,2022-11-23,,,,,,,,,,,,,,managed_futures_proxy_etf_trend_v1,-27.977664874885015,-27.977664874885015,unavailable_needs_component_daily_contribution_stream,unavailable_needs_component_daily_contribution_stream,available_final_equity_window_contribution,,,,,,,
component_contribution,combo_plus_managed_futures_80_20_v1,60,standard,2022-09-20,2022-12-13,,,,,,,,,,,,,,combo_SPY200d_GLD_50_50_v1,93.1656971969551,93.1656971969551,unavailable_needs_component_daily_contribution_stream,unavailable_needs_component_daily_contribution_stream,available_final_equity_window_contribution,,,,,,,
component_contribution,combo_plus_managed_futures_80_20_v1,60,standard,2022-09-20,2022-12-13,,,,,,,,,,,,,,managed_futures_proxy_etf_trend_v1,-52.7035830866238,-52.7035830866238,unavailable_needs_component_daily_contribution_stream,unavailable_needs_component_daily_contribution_stream,available_final_equity_window_contribution,,,,,,,
component_contribution,combo_plus_managed_futures_80_20_v1,60,standard,2022-12-22,2023-03-21,,,,,,,,,,,,,,combo_SPY200d_GLD_50_50_v1,55.41069798099885,55.41069798099885,unavailable_needs_component_daily_contribution_stream,unavailable_needs_component_daily_contribution_stream,available_final_equity_window_contribution,,,,,,,
component_contribution,combo_plus_managed_futures_80_20_v1,60,standard,2022-12-22,2023-03-21,,,,,,,,,,,,,,managed_futures_proxy_etf_trend_v1,4.2943832362065475,4.2943832362065475,unavailable_needs_component_daily_contribution_stream,unavailable_needs_component_daily_contribution_stream,available_final_equity_window_contribution,,,,,,,
component_contribution,combo_plus_managed_futures_80_20_v1,60,standard,2023-02-08,2023-05-04,,,,,,,,,,,,,,combo_SPY200d_GLD_50_50_v1,59.776405521668906,59.776405521668906,unavailable_needs_component_daily_contribution_stream,unavailable_needs_component_daily_contribution_stream,available_final_equity_window_contribution,,,,,,,
component_contribution,combo_plus_managed_futures_80_20_v1,60,standard,2023-02-08,2023-05-04,,,,,,,,,,,,,,managed_futures_proxy_etf_trend_v1,6.203633160823115,6.203633160823115,unavailable_needs_component_daily_contribution_stream,unavailable_needs_component_daily_contribution_stream,available_final_equity_window_contribution,,,,,,,
component_contribution,combo_plus_managed_futures_80_20_v1,60,standard,2023-07-19,2023-10-11,,,,,,,,,,,,,,combo_SPY200d_GLD_50_50_v1,-110.0527086324069,-110.0527086324069,unavailable_needs_component_daily_contribution_stream,unavailable_needs_component_daily_contribution_stream,available_final_equity_window_contribution,,,,,,,
component_contribution,combo_plus_managed_futures_80_20_v1,60,standard,2023-07-19,2023-10-11,,,,,,,,,,,,,,managed_futures_proxy_etf_trend_v1,-0.2211231446892894,-0.2211231446892894,unavailable_needs_component_daily_contribution_stream,unavailable_needs_component_daily_contribution_stream,available_final_equity_window_contribution,,,,,,,
component_contribution,combo_plus_managed_futures_80_20_v1,60,standard,2023-07-31,2023-10-23,,,,,,,,,,,,,,combo_SPY200d_GLD_50_50_v1,-90.65736228715755,-90.65736228715755,unavailable_needs_component_daily_contribution_stream,unavailable_needs_component_daily_contribution_stream,available_final_equity_window_contribution,,,,,,,
component_contribution,combo_plus_managed_futures_80_20_v1,60,standard,2023-07-31,2023-10-23,,,,,,,,,,,,,,managed_futures_proxy_etf_trend_v1,10.674390916374932,10.674390916374932,unavailable_needs_component_daily_contribution_stream,unavailable_needs_component_daily_contribution_stream,available_final_equity_window_contribution,,,,,,,
component_contribution,combo_plus_managed_futures_80_20_v1,60,standard,2023-12-21,2024-03-19,,,,,,,,,,,,,,combo_SPY200d_GLD_50_50_v1,179.29091151648066,179.29091151648066,unavailable_needs_component_daily_contribution_stream,unavailable_needs_component_daily_contribution_stream,available_final_equity_window_contribution,,,,,,,
component_contribution,combo_plus_managed_futures_80_20_v1,60,standard,2023-12-21,2024-03-19,,,,,,,,,,,,,,managed_futures_proxy_etf_trend_v1,14.305725725138972,14.305725725138972,unavailable_needs_component_daily_contribution_stream,unavailable_needs_component_daily_contribution_stream,available_final_equity_window_contribution,,,,,,,
component_contribution,combo_plus_managed_futures_80_20_v1,60,standard,2024-05-23,2024-08-19,,,,,,,,,,,,,,combo_SPY200d_GLD_50_50_v1,171.29356757513736,171.29356757513736,unavailable_needs_component_daily_contribution_stream,unavailable_needs_component_daily_contribution_stream,available_final_equity_window_contribution,,,,,,,
component_contribution,combo_plus_managed_futures_80_20_v1,60,standard,2024-05-23,2024-08-19,,,,,,,,,,,,,,managed_futures_proxy_etf_trend_v1,-9.816701255209958,-9.816701255209958,unavailable_needs_component_daily_contribution_stream,unavailable_needs_component_daily_contribution_stream,available_final_equity_window_contribution,,,,,,,
component_contribution,combo_plus_managed_futures_80_20_v1,60,standard,2024-05-31,2024-08-26,,,,,,,,,,,,,,combo_SPY200d_GLD_50_50_v1,179.23228421755238,179.23228421755238,unavailable_needs_component_daily_contribution_stream,unavailable_needs_component_daily_contribution_stream,available_final_equity_window_contribution,,,,,,,
component_contribution,combo_plus_managed_futures_80_20_v1,60,standard,2024-05-31,2024-08-26,,,,,,,,,,,,,,managed_futures_proxy_etf_trend_v1,-11.622977812744113,-11.622977812744113,unavailable_needs_component_daily_contribution_stream,unavailable_needs_component_daily_contribution_stream,available_final_equity_window_contribution,,,,,,,
component_contribution,combo_plus_managed_futures_80_20_v1,60,standard,2024-07-05,2024-09-27,,,,,,,,,,,,,,combo_SPY200d_GLD_50_50_v1,169.73025984358566,169.73025984358566,unavailable_needs_component_daily_contribution_stream,unavailable_needs_component_daily_contribution_stream,available_final_equity_window_contribution,,,,,,,
component_contribution,combo_plus_managed_futures_80_20_v1,60,standard,2024-07-05,2024-09-27,,,,,,,,,,,,,,managed_futures_proxy_etf_trend_v1,-16.203980000859264,-16.203980000859264,unavailable_needs_component_daily_contribution_stream,unavailable_needs_component_daily_contribution_stream,available_final_equity_window_contribution,,,,,,,
component_contribution,combo_plus_managed_futures_80_20_v1,60,standard,2024-07-08,2024-09-30,,,,,,,,,,,,,,combo_SPY200d_GLD_50_50_v1,179.08256147120778,179.08256147120778,unavailable_needs_component_daily_contribution_stream,unavailable_needs_component_daily_contribution_stream,available_final_equity_window_contribution,,,,,,,
component_contribution,combo_plus_managed_futures_80_20_v1,60,standard,2024-07-08,2024-09-30,,,,,,,,,,,,,,managed_futures_proxy_etf_trend_v1,-15.279630909580119,-15.279630909580119,unavailable_needs_component_daily_contribution_stream,unavailable_needs_component_daily_contribution_stream,available_final_equity_window_contribution,,,,,,,
component_contribution,combo_plus_managed_futures_80_20_v1,60,standard,2024-07-09,2024-10-01,,,,,,,,,,,,,,combo_SPY200d_GLD_50_50_v1,177.60677602883152,177.60677602883152,unavailable_needs_component_daily_contribution_stream,unavailable_needs_component_daily_contribution_stream,available_final_equity_window_contribution,,,,,,,
component_contribution,combo_plus_managed_futures_80_20_v1,60,standard,2024-07-09,2024-10-01,,,,,,,,,,,,,,managed_futures_proxy_etf_trend_v1,-16.18684894750594,-16.18684894750594,unavailable_needs_component_daily_contribution_stream,unavailable_needs_component_daily_contribution_stream,available_final_equity_window_contribution,,,,,,,
component_contribution,combo_plus_managed_futures_80_20_v1,60,standard,2024-11-06,2025-02-04,,,,,,,,,,,,,,combo_SPY200d_GLD_50_50_v1,109.9117544846633,109.9117544846633,unavailable_needs_component_daily_contribution_stream,unavailable_needs_component_daily_contribution_stream,available_final_equity_window_contribution,,,,,,,
component_contribution,combo_plus_managed_futures_80_20_v1,60,standard,2024-11-06,2025-02-04,,,,,,,,,,,,,,managed_futures_proxy_etf_trend_v1,6.466265499951641,6.466265499951641,unavailable_needs_component_daily_contribution_stream,unavailable_needs_component_daily_contribution_stream,available_final_equity_window_contribution,,,,,,,
component_contribution,combo_plus_managed_futures_80_20_v1,60,standard,2025-04-17,2025-07-15,,,,,,,,,,,,,,combo_SPY200d_GLD_50_50_v1,92.26446806491474,92.26446806491474,unavailable_needs_component_daily_contribution_stream,unavailable_needs_component_daily_contribution_stream,available_final_equity_window_contribution,,,,,,,
component_contribution,combo_plus_managed_futures_80_20_v1,60,standard,2025-04-17,2025-07-15,,,,,,,,,,,,,,managed_futures_proxy_etf_trend_v1,7.658118035923478,7.658118035923478,unavailable_needs_component_daily_contribution_stream,unavailable_needs_component_daily_contribution_stream,available_final_equity_window_contribution,,,,,,,
component_contribution,combo_plus_managed_futures_80_20_v1,60,standard,2025-04-24,2025-07-21,,,,,,,,,,,,,,combo_SPY200d_GLD_50_50_v1,118.55280414536307,118.55280414536307,unavailable_needs_component_daily_contribution_stream,unavailable_needs_component_daily_contribution_stream,available_final_equity_window_contribution,,,,,,,
component_contribution,combo_plus_managed_futures_80_20_v1,60,standard,2025-04-24,2025-07-21,,,,,,,,,,,,,,managed_futures_proxy_etf_trend_v1,6.221528890456034,6.221528890456034,unavailable_needs_component_daily_contribution_stream,unavailable_needs_component_daily_contribution_stream,available_final_equity_window_contribution,,,,,,,
component_contribution,combo_plus_managed_futures_80_20_v1,60,standard,2025-04-25,2025-07-22,,,,,,,,,,,,,,combo_SPY200d_GLD_50_50_v1,143.65866555804527,143.65866555804527,unavailable_needs_component_daily_contribution_stream,unavailable_needs_component_daily_contribution_stream,available_final_equity_window_contribution,,,,,,,
component_contribution,combo_plus_managed_futures_80_20_v1,60,standard,2025-04-25,2025-07-22,,,,,,,,,,,,,,managed_futures_proxy_etf_trend_v1,4.210908714629876,4.210908714629876,unavailable_needs_component_daily_contribution_stream,unavailable_needs_component_daily_contribution_stream,available_final_equity_window_contribution,,,,,,,
component_contribution,combo_plus_managed_futures_80_20_v1,60,standard,2025-04-28,2025-07-23,,,,,,,,,,,,,,combo_SPY200d_GLD_50_50_v1,120.83855541724706,120.83855541724706,unavailable_needs_component_daily_contribution_stream,unavailable_needs_component_daily_contribution_stream,available_final_equity_window_contribution,,,,,,,
component_contribution,combo_plus_managed_futures_80_20_v1,60,standard,2025-04-28,2025-07-23,,,,,,,,,,,,,,managed_futures_proxy_etf_trend_v1,4.189999539002861,4.189999539002861,unavailable_needs_component_daily_contribution_stream,unavailable_needs_component_daily_contribution_stream,available_final_equity_window_contribution,,,,,,,
component_contribution,combo_plus_managed_futures_80_20_v1,60,standard,2025-04-29,2025-07-24,,,,,,,,,,,,,,combo_SPY200d_GLD_50_50_v1,129.54513900114918,129.54513900114918,unavailable_needs_component_daily_contribution_stream,unavailable_needs_component_daily_contribution_stream,available_final_equity_window_contribution,,,,,,,
component_contribution,combo_plus_managed_futures_80_20_v1,60,standard,2025-04-29,2025-07-24,,,,,,,,,,,,,,managed_futures_proxy_etf_trend_v1,5.984467763456604,5.984467763456604,unavailable_needs_component_daily_contribution_stream,unavailable_needs_component_daily_contribution_stream,available_final_equity_window_contribution,,,,,,,
component_contribution,combo_plus_managed_futures_80_20_v1,60,standard,2025-04-30,2025-07-25,,,,,,,,,,,,,,combo_SPY200d_GLD_50_50_v1,128.70658919962145,128.70658919962145,unavailable_needs_component_daily_contribution_stream,unavailable_needs_component_daily_contribution_stream,available_final_equity_window_contribution,,,,,,,
component_contribution,combo_plus_managed_futures_80_20_v1,60,standard,2025-04-30,2025-07-25,,,,,,,,,,,,,,managed_futures_proxy_etf_trend_v1,4.363225325870144,4.363225325870144,unavailable_needs_component_daily_contribution_stream,unavailable_needs_component_daily_contribution_stream,available_final_equity_window_contribution,,,,,,,
component_contribution,combo_plus_managed_futures_80_20_v1,60,standard,2025-05-01,2025-07-28,,,,,,,,,,,,,,combo_SPY200d_GLD_50_50_v1,146.1103097630154,146.1103097630154,unavailable_needs_component_daily_contribution_stream,unavailable_needs_component_daily_contribution_stream,available_final_equity_window_contribution,,,,,,,
component_contribution,combo_plus_managed_futures_80_20_v1,60,standard,2025-05-01,2025-07-28,,,,,,,,,,,,,,managed_futures_proxy_etf_trend_v1,6.182344533334036,6.182344533334036,unavailable_needs_component_daily_contribution_stream,unavailable_needs_component_daily_contribution_stream,available_final_equity_window_contribution,,,,,,,
component_contribution,combo_plus_managed_futures_80_20_v1,60,standard,2025-05-08,2025-08-04,,,,,,,,,,,,,,combo_SPY200d_GLD_50_50_v1,129.77902087435714,129.77902087435714,unavailable_needs_component_daily_contribution_stream,unavailable_needs_component_daily_contribution_stream,available_final_equity_window_contribution,,,,,,,
component_contribution,combo_plus_managed_futures_80_20_v1,60,standard,2025-05-08,2025-08-04,,,,,,,,,,,,,,managed_futures_proxy_etf_trend_v1,6.161167539120814,6.161167539120814,unavailable_needs_component_daily_contribution_stream,unavailable_needs_component_daily_contribution_stream,available_final_equity_window_contribution,,,,,,,
component_contribution,combo_plus_managed_futures_80_20_v1,60,standard,2025-05-14,2025-08-08,,,,,,,,,,,,,,combo_SPY200d_GLD_50_50_v1,189.33002105902415,189.33002105902415,unavailable_needs_component_daily_contribution_stream,unavailable_needs_component_daily_contribution_stream,available_final_equity_window_contribution,,,,,,,
component_contribution,combo_plus_managed_futures_80_20_v1,60,standard,2025-05-14,2025-08-08,,,,,,,,,,,,,,managed_futures_proxy_etf_trend_v1,4.53992358782148,4.53992358782148,unavailable_needs_component_daily_contribution_stream,unavailable_needs_component_daily_contribution_stream,available_final_equity_window_contribution,,,,,,,
component_contribution,combo_plus_managed_futures_80_20_v1,60,standard,2025-09-25,2025-12-18,,,,,,,,,,,,,,combo_SPY200d_GLD_50_50_v1,220.85346268271016,220.85346268271016,unavailable_needs_component_daily_contribution_stream,unavailable_needs_component_daily_contribution_stream,available_final_equity_window_contribution,,,,,,,
component_contribution,combo_plus_managed_futures_80_20_v1,60,standard,2025-09-25,2025-12-18,,,,,,,,,,,,,,managed_futures_proxy_etf_trend_v1,23.497073716460147,23.497073716460147,unavailable_needs_component_daily_contribution_stream,unavailable_needs_component_daily_contribution_stream,available_final_equity_window_contribution,,,,,,,
component_contribution,combo_plus_managed_futures_80_20_v1,60,standard,2025-10-02,2025-12-26,,,,,,,,,,,,,,combo_SPY200d_GLD_50_50_v1,250.14457031927432,250.14457031927432,unavailable_needs_component_daily_contribution_stream,unavailable_needs_component_daily_contribution_stream,available_final_equity_window_contribution,,,,,,,
component_contribution,combo_plus_managed_futures_80_20_v1,60,standard,2025-10-02,2025-12-26,,,,,,,,,,,,,,managed_futures_proxy_etf_trend_v1,26.104868595019692,26.104868595019692,unavailable_needs_component_daily_contribution_stream,unavailable_needs_component_daily_contribution_stream,available_final_equity_window_contribution,,,,,,,
component_contribution,combo_plus_managed_futures_80_20_v1,60,standard,2025-10-03,2025-12-29,,,,,,,,,,,,,,combo_SPY200d_GLD_50_50_v1,178.21422105429673,178.21422105429673,unavailable_needs_component_daily_contribution_stream,unavailable_needs_component_daily_contribution_stream,available_final_equity_window_contribution,,,,,,,
component_contribution,combo_plus_managed_futures_80_20_v1,60,standard,2025-10-03,2025-12-29,,,,,,,,,,,,,,managed_futures_proxy_etf_trend_v1,21.775032135256833,21.775032135256833,unavailable_needs_component_daily_contribution_stream,unavailable_needs_component_daily_contribution_stream,available_final_equity_window_contribution,,,,,,,
component_contribution,combo_plus_managed_futures_80_20_v1,60,standard,2025-10-06,2025-12-30,,,,,,,,,,,,,,combo_SPY200d_GLD_50_50_v1,149.03164619403645,149.03164619403645,unavailable_needs_component_daily_contribution_stream,unavailable_needs_component_daily_contribution_stream,available_final_equity_window_contribution,,,,,,,
component_contribution,combo_plus_managed_futures_80_20_v1,60,standard,2025-10-06,2025-12-30,,,,,,,,,,,,,,managed_futures_proxy_etf_trend_v1,16.009722275631567,16.009722275631567,unavailable_needs_component_daily_contribution_stream,unavailable_needs_component_daily_contribution_stream,available_final_equity_window_contribution,,,,,,,
component_contribution,combo_plus_managed_futures_80_20_v1,60,standard,2026-02-26,2026-05-21,,,,,,,,,,,,,,combo_SPY200d_GLD_50_50_v1,-108.43916032785941,-108.43916032785941,unavailable_needs_component_daily_contribution_stream,unavailable_needs_component_daily_contribution_stream,available_final_equity_window_contribution,,,,,,,
component_contribution,combo_plus_managed_futures_80_20_v1,60,standard,2026-02-26,2026-05-21,,,,,,,,,,,,,,managed_futures_proxy_etf_trend_v1,24.206621268111828,24.206621268111828,unavailable_needs_component_daily_contribution_stream,unavailable_needs_component_daily_contribution_stream,available_final_equity_window_contribution,,,,,,,
component_contribution,combo_plus_managed_futures_80_20_v1,60,standard,2026-02-27,2026-05-22,,,,,,,,,,,,,,combo_SPY200d_GLD_50_50_v1,-122.17767216136174,-122.17767216136174,unavailable_needs_component_daily_contribution_stream,unavailable_needs_component_daily_contribution_stream,available_final_equity_window_contribution,,,,,,,
component_contribution,combo_plus_managed_futures_80_20_v1,60,standard,2026-02-27,2026-05-22,,,,,,,,,,,,,,managed_futures_proxy_etf_trend_v1,20.96678678421121,20.96678678421121,unavailable_needs_component_daily_contribution_stream,unavailable_needs_component_daily_contribution_stream,available_final_equity_window_contribution,,,,,,,
component_contribution,combo_plus_managed_futures_80_20_v1,60,standard,2026-03-02,2026-05-26,,,,,,,,,,,,,,combo_SPY200d_GLD_50_50_v1,-129.44667024398746,-129.44667024398746,unavailable_needs_component_daily_contribution_stream,unavailable_needs_component_daily_contribution_stream,available_final_equity_window_contribution,,,,,,,
component_contribution,combo_plus_managed_futures_80_20_v1,60,standard,2026-03-02,2026-05-26,,,,,,,,,,,,,,managed_futures_proxy_etf_trend_v1,17.997980603892696,17.997980603892696,unavailable_needs_component_daily_contribution_stream,unavailable_needs_component_daily_contribution_stream,available_final_equity_window_contribution,,,,,,,
component_contribution,combo_plus_managed_futures_80_20_v1,60,standard,2026-03-03,2026-05-27,,,,,,,,,,,,,,combo_SPY200d_GLD_50_50_v1,-83.01256926912072,-83.01256926912072,unavailable_needs_component_daily_contribution_stream,unavailable_needs_component_daily_contribution_stream,available_final_equity_window_contribution,,,,,,,
component_contribution,combo_plus_managed_futures_80_20_v1,60,standard,2026-03-03,2026-05-27,,,,,,,,,,,,,,managed_futures_proxy_etf_trend_v1,26.051900754971705,26.051900754971705,unavailable_needs_component_daily_contribution_stream,unavailable_needs_component_daily_contribution_stream,available_final_equity_window_contribution,,,,,,,
component_contribution,combo_plus_managed_futures_80_20_v1,60,standard,2026-03-04,2026-05-28,,,,,,,,,,,,,,combo_SPY200d_GLD_50_50_v1,-81.369308419939,-81.369308419939,unavailable_needs_component_daily_contribution_stream,unavailable_needs_component_daily_contribution_stream,available_final_equity_window_contribution,,,,,,,
component_contribution,combo_plus_managed_futures_80_20_v1,60,standard,2026-03-04,2026-05-28,,,,,,,,,,,,,,managed_futures_proxy_etf_trend_v1,18.97643693880195,18.97643693880195,unavailable_needs_component_daily_contribution_stream,unavailable_needs_component_daily_contribution_stream,available_final_equity_window_contribution,,,,,,,
component_contribution,combo_plus_managed_futures_80_20_v1,60,standard,2026-03-05,2026-05-29,,,,,,,,,,,,,,combo_SPY200d_GLD_50_50_v1,-45.33215056072706,-45.33215056072706,unavailable_needs_component_daily_contribution_stream,unavailable_needs_component_daily_contribution_stream,available_final_equity_window_contribution,,,,,,,
component_contribution,combo_plus_managed_futures_80_20_v1,60,standard,2026-03-05,2026-05-29,,,,,,,,,,,,,,managed_futures_proxy_etf_trend_v1,20.397725952214458,20.397725952214458,unavailable_needs_component_daily_contribution_stream,unavailable_needs_component_daily_contribution_stream,available_final_equity_window_contribution,,,,,,,
component_contribution,combo_plus_managed_futures_80_20_v1,90,standard,2020-12-02,2021-04-13,,,,,,,,,,,,,,combo_SPY200d_GLD_50_50_v1,-51.53589637474691,-51.53589637474691,unavailable_needs_component_daily_contribution_stream,unavailable_needs_component_daily_contribution_stream,available_final_equity_window_contribution,,,,,,,
component_contribution,combo_plus_managed_futures_80_20_v1,90,standard,2020-12-02,2021-04-13,,,,,,,,,,,,,,managed_futures_proxy_etf_trend_v1,1.2397728942973973,1.2397728942973973,unavailable_needs_component_daily_contribution_stream,unavailable_needs_component_daily_contribution_stream,available_final_equity_window_contribution,,,,,,,
component_contribution,combo_plus_managed_futures_80_20_v1,90,standard,2021-02-12,2021-06-22,,,,,,,,,,,,,,combo_SPY200d_GLD_50_50_v1,-25.924808140583544,-25.924808140583544,unavailable_needs_component_daily_contribution_stream,unavailable_needs_component_daily_contribution_stream,available_final_equity_window_contribution,,,,,,,
component_contribution,combo_plus_managed_futures_80_20_v1,90,standard,2021-02-12,2021-06-22,,,,,,,,,,,,,,managed_futures_proxy_etf_trend_v1,1.5077552566744983,1.5077552566744983,unavailable_needs_component_daily_contribution_stream,unavailable_needs_component_daily_contribution_stream,available_final_equity_window_contribution,,,,,,,
component_contribution,combo_plus_managed_futures_80_20_v1,90,standard,2021-05-07,2021-09-14,,,,,,,,,,,,,,combo_SPY200d_GLD_50_50_v1,-21.343173871296408,-21.343173871296408,unavailable_needs_component_daily_contribution_stream,unavailable_needs_component_daily_contribution_stream,available_final_equity_window_contribution,,,,,,,
component_contribution,combo_plus_managed_futures_80_20_v1,90,standard,2021-05-07,2021-09-14,,,,,,,,,,,,,,managed_futures_proxy_etf_trend_v1,-1.9878354340945923,-1.9878354340945923,unavailable_needs_component_daily_contribution_stream,unavailable_needs_component_daily_contribution_stream,available_final_equity_window_contribution,,,,,,,
component_contribution,combo_plus_managed_futures_80_20_v1,90,standard,2021-10-08,2022-02-15,,,,,,,,,,,,,,combo_SPY200d_GLD_50_50_v1,51.78690294240735,51.78690294240735,unavailable_needs_component_daily_contribution_stream,unavailable_needs_component_daily_contribution_stream,available_final_equity_window_contribution,,,,,,,
component_contribution,combo_plus_managed_futures_80_20_v1,90,standard,2021-10-08,2022-02-15,,,,,,,,,,,,,,managed_futures_proxy_etf_trend_v1,-12.987726644684065,-12.987726644684065,unavailable_needs_component_daily_contribution_stream,unavailable_needs_component_daily_contribution_stream,available_final_equity_window_contribution,,,,,,,
component_contribution,combo_plus_managed_futures_80_20_v1,90,standard,2021-11-22,2022-03-31,,,,,,,,,,,,,,combo_SPY200d_GLD_50_50_v1,-16.364795542977586,-16.364795542977586,unavailable_needs_component_daily_contribution_stream,unavailable_needs_component_daily_contribution_stream,available_final_equity_window_contribution,,,,,,,
component_contribution,combo_plus_managed_futures_80_20_v1,90,standard,2021-11-22,2022-03-31,,,,,,,,,,,,,,managed_futures_proxy_etf_trend_v1,16.718807235033196,16.718807235033196,unavailable_needs_component_daily_contribution_stream,unavailable_needs_component_daily_contribution_stream,available_final_equity_window_contribution,,,,,,,
component_contribution,combo_plus_managed_futures_80_20_v1,90,standard,2022-02-28,2022-07-07,,,,,,,,,,,,,,combo_SPY200d_GLD_50_50_v1,-129.60070961658332,-129.60070961658332,unavailable_needs_component_daily_contribution_stream,unavailable_needs_component_daily_contribution_stream,available_final_equity_window_contribution,,,,,,,
component_contribution,combo_plus_managed_futures_80_20_v1,90,standard,2022-02-28,2022-07-07,,,,,,,,,,,,,,managed_futures_proxy_etf_trend_v1,112.76121358247431,112.76121358247431,unavailable_needs_component_daily_contribution_stream,unavailable_needs_component_daily_contribution_stream,available_final_equity_window_contribution,,,,,,,
component_contribution,combo_plus_managed_futures_80_20_v1,90,standard,2022-03-15,2022-07-22,,,,,,,,,,,,,,combo_SPY200d_GLD_50_50_v1,-139.95871666798732,-139.95871666798732,unavailable_needs_component_daily_contribution_stream,unavailable_needs_component_daily_contribution_stream,available_final_equity_window_contribution,,,,,,,
component_contribution,combo_plus_managed_futures_80_20_v1,90,standard,2022-03-15,2022-07-22,,,,,,,,,,,,,,managed_futures_proxy_etf_trend_v1,78.76868943622242,78.76868943622242,unavailable_needs_component_daily_contribution_stream,unavailable_needs_component_daily_contribution_stream,available_final_equity_window_contribution,,,,,,,
component_contribution,combo_plus_managed_futures_80_20_v1,90,standard,2022-06-21,2022-10-26,,,,,,,,,,,,,,combo_SPY200d_GLD_50_50_v1,-113.30247379890001,-113.30247379890001,unavailable_needs_component_daily_contribution_stream,unavailable_needs_component_daily_contribution_stream,available_final_equity_window_contribution,,,,,,,
component_contribution,combo_plus_managed_futures_80_20_v1,90,standard,2022-06-21,2022-10-26,,,,,,,,,,,,,,managed_futures_proxy_etf_trend_v1,7.095612196570691,7.095612196570691,unavailable_needs_component_daily_contribution_stream,unavailable_needs_component_daily_contribution_stream,available_final_equity_window_contribution,,,,,,,
component_contribution,combo_plus_managed_futures_80_20_v1,90,standard,2022-08-17,2022-12-22,,,,,,,,,,,,,,combo_SPY200d_GLD_50_50_v1,3.8041471812032324,3.8041471812032324,unavailable_needs_component_daily_contribution_stream,unavailable_needs_component_daily_contribution_stream,available_final_equity_window_contribution,,,,,,,
component_contribution,combo_plus_managed_futures_80_20_v1,90,standard,2022-08-17,2022-12-22,,,,,,,,,,,,,,managed_futures_proxy_etf_trend_v1,-13.351608044792773,-13.351608044792773,unavailable_needs_component_daily_contribution_stream,unavailable_needs_component_daily_contribution_stream,available_final_equity_window_contribution,,,,,,,
component_contribution,combo_plus_managed_futures_80_20_v1,90,standard,2022-09-20,2023-01-27,,,,,,,,,,,,,,combo_SPY200d_GLD_50_50_v1,173.39523478877481,173.39523478877481,unavailable_needs_component_daily_contribution_stream,unavailable_needs_component_daily_contribution_stream,available_final_equity_window_contribution,,,,,,,
component_contribution,combo_plus_managed_futures_80_20_v1,90,standard,2022-09-20,2023-01-27,,,,,,,,,,,,,,managed_futures_proxy_etf_trend_v1,-51.474394473064656,-51.474394473064656,unavailable_needs_component_daily_contribution_stream,unavailable_needs_component_daily_contribution_stream,available_final_equity_window_contribution,,,,,,,
component_contribution,combo_plus_managed_futures_80_20_v1,90,standard,2022-12-22,2023-05-03,,,,,,,,,,,,,,combo_SPY200d_GLD_50_50_v1,144.28695096150162,144.28695096150162,unavailable_needs_component_daily_contribution_stream,unavailable_needs_component_daily_contribution_stream,available_final_equity_window_contribution,,,,,,,
component_contribution,combo_plus_managed_futures_80_20_v1,90,standard,2022-12-22,2023-05-03,,,,,,,,,,,,,,managed_futures_proxy_etf_trend_v1,7.111143006778371,7.111143006778371,unavailable_needs_component_daily_contribution_stream,unavailable_needs_component_daily_contribution_stream,available_final_equity_window_contribution,,,,,,,
component_contribution,combo_plus_managed_futures_80_20_v1,90,standard,2023-01-20,2023-05-30,,,,,,,,,,,,,,combo_SPY200d_GLD_50_50_v1,60.98134403884008,60.98134403884008,unavailable_needs_component_daily_contribution_stream,unavailable_needs_component_daily_contribution_stream,available_final_equity_window_contribution,,,,,,,
component_contribution,combo_plus_managed_futures_80_20_v1,90,standard,2023-01-20,2023-05-30,,,,,,,,,,,,,,managed_futures_proxy_etf_trend_v1,9.418959543169697,9.418959543169697,unavailable_needs_component_daily_contribution_stream,unavailable_needs_component_daily_contribution_stream,available_final_equity_window_contribution,,,,,,,
component_contribution,combo_plus_managed_futures_80_20_v1,90,standard,2023-06-27,2023-11-01,,,,,,,,,,,,,,combo_SPY200d_GLD_50_50_v1,-10.586644461136693,-10.586644461136693,unavailable_needs_component_daily_contribution_stream,unavailable_needs_component_daily_contribution_stream,available_final_equity_window_contribution,,,,,,,
component_contribution,combo_plus_managed_futures_80_20_v1,90,standard,2023-06-27,2023-11-01,,,,,,,,,,,,,,managed_futures_proxy_etf_trend_v1,9.569986309053405,9.569986309053405,unavailable_needs_component_daily_contribution_stream,unavailable_needs_component_daily_contribution_stream,available_final_equity_window_contribution,,,,,,,
component_contribution,combo_plus_managed_futures_80_20_v1,90,standard,2023-07-13,2023-11-16,,,,,,,,,,,,,,combo_SPY200d_GLD_50_50_v1,0.6736610186004732,0.6736610186004732,unavailable_needs_component_daily_contribution_stream,unavailable_needs_component_daily_contribution_stream,available_final_equity_window_contribution,,,,,,,
component_contribution,combo_plus_managed_futures_80_20_v1,90,standard,2023-07-13,2023-11-16,,,,,,,,,,,,,,managed_futures_proxy_etf_trend_v1,-15.303704008308403,-15.303704008308403,unavailable_needs_component_daily_contribution_stream,unavailable_needs_component_daily_contribution_stream,available_final_equity_window_contribution,,,,,,,
component_contribution,combo_plus_managed_futures_80_20_v1,90,standard,2023-11-28,2024-04-08,,,,,,,,,,,,,,combo_SPY200d_GLD_50_50_v1,348.6292743808954,348.6292743808954,unavailable_needs_component_daily_contribution_stream,unavailable_needs_component_daily_contribution_stream,available_final_equity_window_contribution,,,,,,,
component_contribution,combo_plus_managed_futures_80_20_v1,90,standard,2023-11-28,2024-04-08,,,,,,,,,,,,,,managed_futures_proxy_etf_trend_v1,16.333292349776773,16.333292349776773,unavailable_needs_component_daily_contribution_stream,unavailable_needs_component_daily_contribution_stream,available_final_equity_window_contribution,,,,,,,
component_contribution,combo_plus_managed_futures_80_20_v1,90,standard,2024-04-29,2024-09-05,,,,,,,,,,,,,,combo_SPY200d_GLD_50_50_v1,189.80573168862477,189.80573168862477,unavailable_needs_component_daily_contribution_stream,unavailable_needs_component_daily_contribution_stream,available_final_equity_window_contribution,,,,,,,
component_contribution,combo_plus_managed_futures_80_20_v1,90,standard,2024-04-29,2024-09-05,,,,,,,,,,,,,,managed_futures_proxy_etf_trend_v1,-12.551578217067242,-12.551578217067242,unavailable_needs_component_daily_contribution_stream,unavailable_needs_component_daily_contribution_stream,available_final_equity_window_contribution,,,,,,,
component_contribution,combo_plus_managed_futures_80_20_v1,90,standard,2024-05-02,2024-09-10,,,,,,,,,,,,,,combo_SPY200d_GLD_50_50_v1,220.70726637874802,220.70726637874802,unavailable_needs_component_daily_contribution_stream,unavailable_needs_component_daily_contribution_stream,available_final_equity_window_contribution,,,,,,,
component_contribution,combo_plus_managed_futures_80_20_v1,90,standard,2024-05-02,2024-09-10,,,,,,,,,,,,,,managed_futures_proxy_etf_trend_v1,-4.613901787482286,-4.613901787482286,unavailable_needs_component_daily_contribution_stream,unavailable_needs_component_daily_contribution_stream,available_final_equity_window_contribution,,,,,,,
component_contribution,combo_plus_managed_futures_80_20_v1,90,standard,2024-07-05,2024-11-08,,,,,,,,,,,,,,combo_SPY200d_GLD_50_50_v1,245.2629386435161,245.2629386435161,unavailable_needs_component_daily_contribution_stream,unavailable_needs_component_daily_contribution_stream,available_final_equity_window_contribution,,,,,,,
component_contribution,combo_plus_managed_futures_80_20_v1,90,standard,2024-07-05,2024-11-08,,,,,,,,,,,,,,managed_futures_proxy_etf_trend_v1,-14.101167040734108,-14.101167040734108,unavailable_needs_component_daily_contribution_stream,unavailable_needs_component_daily_contribution_stream,available_final_equity_window_contribution,,,,,,,
component_contribution,combo_plus_managed_futures_80_20_v1,90,standard,2024-07-08,2024-11-11,,,,,,,,,,,,,,combo_SPY200d_GLD_50_50_v1,230.8032560727135,230.8032560727135,unavailable_needs_component_daily_contribution_stream,unavailable_needs_component_daily_contribution_stream,available_final_equity_window_contribution,,,,,,,
component_contribution,combo_plus_managed_futures_80_20_v1,90,standard,2024-07-08,2024-11-11,,,,,,,,,,,,,,managed_futures_proxy_etf_trend_v1,-12.82174199990174,-12.82174199990174,unavailable_needs_component_daily_contribution_stream,unavailable_needs_component_daily_contribution_stream,available_final_equity_window_contribution,,,,,,,
component_contribution,combo_plus_managed_futures_80_20_v1,90,standard,2024-07-09,2024-11-12,,,,,,,,,,,,,,combo_SPY200d_GLD_50_50_v1,212.23716894043378,212.23716894043378,unavailable_needs_component_daily_contribution_stream,unavailable_needs_component_daily_contribution_stream,available_final_equity_window_contribution,,,,,,,
component_contribution,combo_plus_managed_futures_80_20_v1,90,standard,2024-07-09,2024-11-12,,,,,,,,,,,,,,managed_futures_proxy_etf_trend_v1,-11.251365619495447,-11.251365619495447,unavailable_needs_component_daily_contribution_stream,unavailable_needs_component_daily_contribution_stream,available_final_equity_window_contribution,,,,,,,
component_contribution,combo_plus_managed_futures_80_20_v1,90,standard,2024-10-07,2025-02-14,,,,,,,,,,,,,,combo_SPY200d_GLD_50_50_v1,205.1450624992143,205.1450624992143,unavailable_needs_component_daily_contribution_stream,unavailable_needs_component_daily_contribution_stream,available_final_equity_window_contribution,,,,,,,
component_contribution,combo_plus_managed_futures_80_20_v1,90,standard,2024-10-07,2025-02-14,,,,,,,,,,,,,,managed_futures_proxy_etf_trend_v1,9.839316414140788,9.839316414140788,unavailable_needs_component_daily_contribution_stream,unavailable_needs_component_daily_contribution_stream,available_final_equity_window_contribution,,,,,,,
component_contribution,combo_plus_managed_futures_80_20_v1,90,standard,2025-02-07,2025-06-17,,,,,,,,,,,,,,combo_SPY200d_GLD_50_50_v1,150.89950439188442,150.89950439188442,unavailable_needs_component_daily_contribution_stream,unavailable_needs_component_daily_contribution_stream,available_final_equity_window_contribution,,,,,,,
component_contribution,combo_plus_managed_futures_80_20_v1,90,standard,2025-02-07,2025-06-17,,,,,,,,,,,,,,managed_futures_proxy_etf_trend_v1,8.884085387959082,8.884085387959082,unavailable_needs_component_daily_contribution_stream,unavailable_needs_component_daily_contribution_stream,available_final_equity_window_contribution,,,,,,,
component_contribution,combo_plus_managed_futures_80_20_v1,90,standard,2025-03-13,2025-07-22,,,,,,,,,,,,,,combo_SPY200d_GLD_50_50_v1,268.95535644608145,268.95535644608145,unavailable_needs_component_daily_contribution_stream,unavailable_needs_component_daily_contribution_stream,available_final_equity_window_contribution,,,,,,,
component_contribution,combo_plus_managed_futures_80_20_v1,90,standard,2025-03-13,2025-07-22,,,,,,,,,,,,,,managed_futures_proxy_etf_trend_v1,7.522544307172965,7.522544307172965,unavailable_needs_component_daily_contribution_stream,unavailable_needs_component_daily_contribution_stream,available_final_equity_window_contribution,,,,,,,
component_contribution,combo_plus_managed_futures_80_20_v1,90,standard,2025-04-24,2025-09-02,,,,,,,,,,,,,,combo_SPY200d_GLD_50_50_v1,192.50301144271717,192.50301144271717,unavailable_needs_component_daily_contribution_stream,unavailable_needs_component_daily_contribution_stream,available_final_equity_window_contribution,,,,,,,
component_contribution,combo_plus_managed_futures_80_20_v1,90,standard,2025-04-24,2025-09-02,,,,,,,,,,,,,,managed_futures_proxy_etf_trend_v1,7.483509752822189,7.483509752822189,unavailable_needs_component_daily_contribution_stream,unavailable_needs_component_daily_contribution_stream,available_final_equity_window_contribution,,,,,,,
component_contribution,combo_plus_managed_futures_80_20_v1,90,standard,2025-04-25,2025-09-03,,,,,,,,,,,,,,combo_SPY200d_GLD_50_50_v1,222.85950606866535,222.85950606866535,unavailable_needs_component_daily_contribution_stream,unavailable_needs_component_daily_contribution_stream,available_final_equity_window_contribution,,,,,,,
component_contribution,combo_plus_managed_futures_80_20_v1,90,standard,2025-04-25,2025-09-03,,,,,,,,,,,,,,managed_futures_proxy_etf_trend_v1,8.199899637381014,8.199899637381014,unavailable_needs_component_daily_contribution_stream,unavailable_needs_component_daily_contribution_stream,available_final_equity_window_contribution,,,,,,,
component_contribution,combo_plus_managed_futures_80_20_v1,90,standard,2025-04-28,2025-09-04,,,,,,,,,,,,,,combo_SPY200d_GLD_50_50_v1,209.5211193204012,209.5211193204012,unavailable_needs_component_daily_contribution_stream,unavailable_needs_component_daily_contribution_stream,available_final_equity_window_contribution,,,,,,,
component_contribution,combo_plus_managed_futures_80_20_v1,90,standard,2025-04-28,2025-09-04,,,,,,,,,,,,,,managed_futures_proxy_etf_trend_v1,10.12608158559628,10.12608158559628,unavailable_needs_component_daily_contribution_stream,unavailable_needs_component_daily_contribution_stream,available_final_equity_window_contribution,,,,,,,
component_contribution,combo_plus_managed_futures_80_20_v1,90,standard,2025-04-29,2025-09-05,,,,,,,,,,,,,,combo_SPY200d_GLD_50_50_v1,239.5418191079774,239.5418191079774,unavailable_needs_component_daily_contribution_stream,unavailable_needs_component_daily_contribution_stream,available_final_equity_window_contribution,,,,,,,
component_contribution,combo_plus_managed_futures_80_20_v1,90,standard,2025-04-29,2025-09-05,,,,,,,,,,,,,,managed_futures_proxy_etf_trend_v1,13.169365689882232,13.169365689882232,unavailable_needs_component_daily_contribution_stream,unavailable_needs_component_daily_contribution_stream,available_final_equity_window_contribution,,,,,,,
component_contribution,combo_plus_managed_futures_80_20_v1,90,standard,2025-04-30,2025-09-08,,,,,,,,,,,,,,combo_SPY200d_GLD_50_50_v1,263.17601456799093,263.17601456799093,unavailable_needs_component_daily_contribution_stream,unavailable_needs_component_daily_contribution_stream,available_final_equity_window_contribution,,,,,,,
component_contribution,combo_plus_managed_futures_80_20_v1,90,standard,2025-04-30,2025-09-08,,,,,,,,,,,,,,managed_futures_proxy_etf_trend_v1,14.103260631233265,14.103260631233265,unavailable_needs_component_daily_contribution_stream,unavailable_needs_component_daily_contribution_stream,available_final_equity_window_contribution,,,,,,,
component_contribution,combo_plus_managed_futures_80_20_v1,90,standard,2025-05-01,2025-09-09,,,,,,,,,,,,,,combo_SPY200d_GLD_50_50_v1,290.2388101348126,290.2388101348126,unavailable_needs_component_daily_contribution_stream,unavailable_needs_component_daily_contribution_stream,available_final_equity_window_contribution,,,,,,,
component_contribution,combo_plus_managed_futures_80_20_v1,90,standard,2025-05-01,2025-09-09,,,,,,,,,,,,,,managed_futures_proxy_etf_trend_v1,14.482842424847131,14.482842424847131,unavailable_needs_component_daily_contribution_stream,unavailable_needs_component_daily_contribution_stream,available_final_equity_window_contribution,,,,,,,
component_contribution,combo_plus_managed_futures_80_20_v1,90,standard,2025-05-08,2025-09-16,,,,,,,,,,,,,,combo_SPY200d_GLD_50_50_v1,302.33818348859074,302.33818348859074,unavailable_needs_component_daily_contribution_stream,unavailable_needs_component_daily_contribution_stream,available_final_equity_window_contribution,,,,,,,
component_contribution,combo_plus_managed_futures_80_20_v1,90,standard,2025-05-08,2025-09-16,,,,,,,,,,,,,,managed_futures_proxy_etf_trend_v1,22.93195074735004,22.93195074735004,unavailable_needs_component_daily_contribution_stream,unavailable_needs_component_daily_contribution_stream,available_final_equity_window_contribution,,,,,,,
component_contribution,combo_plus_managed_futures_80_20_v1,90,standard,2025-08-15,2025-12-22,,,,,,,,,,,,,,combo_SPY200d_GLD_50_50_v1,463.40861241726884,463.40861241726884,unavailable_needs_component_daily_contribution_stream,unavailable_needs_component_daily_contribution_stream,available_final_equity_window_contribution,,,,,,,
component_contribution,combo_plus_managed_futures_80_20_v1,90,standard,2025-08-15,2025-12-22,,,,,,,,,,,,,,managed_futures_proxy_etf_trend_v1,46.76919919941231,46.76919919941231,unavailable_needs_component_daily_contribution_stream,unavailable_needs_component_daily_contribution_stream,available_final_equity_window_contribution,,,,,,,
component_contribution,combo_plus_managed_futures_80_20_v1,90,standard,2025-10-02,2026-02-10,,,,,,,,,,,,,,combo_SPY200d_GLD_50_50_v1,404.187448523074,404.187448523074,unavailable_needs_component_daily_contribution_stream,unavailable_needs_component_daily_contribution_stream,available_final_equity_window_contribution,,,,,,,
component_contribution,combo_plus_managed_futures_80_20_v1,90,standard,2025-10-02,2026-02-10,,,,,,,,,,,,,,managed_futures_proxy_etf_trend_v1,59.77463169159528,59.77463169159528,unavailable_needs_component_daily_contribution_stream,unavailable_needs_component_daily_contribution_stream,available_final_equity_window_contribution,,,,,,,
component_contribution,combo_plus_managed_futures_80_20_v1,90,standard,2025-10-03,2026-02-11,,,,,,,,,,,,,,combo_SPY200d_GLD_50_50_v1,408.55418706338116,408.55418706338116,unavailable_needs_component_daily_contribution_stream,unavailable_needs_component_daily_contribution_stream,available_final_equity_window_contribution,,,,,,,
component_contribution,combo_plus_managed_futures_80_20_v1,90,standard,2025-10-03,2026-02-11,,,,,,,,,,,,,,managed_futures_proxy_etf_trend_v1,59.91976104208894,59.91976104208894,unavailable_needs_component_daily_contribution_stream,unavailable_needs_component_daily_contribution_stream,available_final_equity_window_contribution,,,,,,,
component_contribution,combo_plus_managed_futures_80_20_v1,90,standard,2025-10-06,2026-02-12,,,,,,,,,,,,,,combo_SPY200d_GLD_50_50_v1,308.63970997283855,308.63970997283855,unavailable_needs_component_daily_contribution_stream,unavailable_needs_component_daily_contribution_stream,available_final_equity_window_contribution,,,,,,,
component_contribution,combo_plus_managed_futures_80_20_v1,90,standard,2025-10-06,2026-02-12,,,,,,,,,,,,,,managed_futures_proxy_etf_trend_v1,43.51810352318152,43.51810352318152,unavailable_needs_component_daily_contribution_stream,unavailable_needs_component_daily_contribution_stream,available_final_equity_window_contribution,,,,,,,
component_contribution,combo_plus_managed_futures_80_20_v1,90,standard,2026-01-13,2026-05-21,,,,,,,,,,,,,,combo_SPY200d_GLD_50_50_v1,40.79824261590963,40.79824261590963,unavailable_needs_component_daily_contribution_stream,unavailable_needs_component_daily_contribution_stream,available_final_equity_window_contribution,,,,,,,
component_contribution,combo_plus_managed_futures_80_20_v1,90,standard,2026-01-13,2026-05-21,,,,,,,,,,,,,,managed_futures_proxy_etf_trend_v1,55.95836105055738,55.95836105055738,unavailable_needs_component_daily_contribution_stream,unavailable_needs_component_daily_contribution_stream,available_final_equity_window_contribution,,,,,,,
component_contribution,combo_plus_managed_futures_80_20_v1,90,standard,2026-01-14,2026-05-22,,,,,,,,,,,,,,combo_SPY200d_GLD_50_50_v1,29.791627444345945,29.791627444345945,unavailable_needs_component_daily_contribution_stream,unavailable_needs_component_daily_contribution_stream,available_final_equity_window_contribution,,,,,,,
component_contribution,combo_plus_managed_futures_80_20_v1,90,standard,2026-01-14,2026-05-22,,,,,,,,,,,,,,managed_futures_proxy_etf_trend_v1,53.009637722223,53.009637722223,unavailable_needs_component_daily_contribution_stream,unavailable_needs_component_daily_contribution_stream,available_final_equity_window_contribution,,,,,,,
component_contribution,combo_plus_managed_futures_80_20_v1,90,standard,2026-01-15,2026-05-26,,,,,,,,,,,,,,combo_SPY200d_GLD_50_50_v1,42.67942209381261,42.67942209381261,unavailable_needs_component_daily_contribution_stream,unavailable_needs_component_daily_contribution_stream,available_final_equity_window_contribution,,,,,,,
component_contribution,combo_plus_managed_futures_80_20_v1,90,standard,2026-01-15,2026-05-26,,,,,,,,,,,,,,managed_futures_proxy_etf_trend_v1,52.00202933253753,52.00202933253753,unavailable_needs_component_daily_contribution_stream,unavailable_needs_component_daily_contribution_stream,available_final_equity_window_contribution,,,,,,,
component_contribution,combo_plus_managed_futures_80_20_v1,90,standard,2026-01-16,2026-05-27,,,,,,,,,,,,,,combo_SPY200d_GLD_50_50_v1,32.891825349034114,32.891825349034114,unavailable_needs_component_daily_contribution_stream,unavailable_needs_component_daily_contribution_stream,available_final_equity_window_contribution,,,,,,,
component_contribution,combo_plus_managed_futures_80_20_v1,90,standard,2026-01-16,2026-05-27,,,,,,,,,,,,,,managed_futures_proxy_etf_trend_v1,51.0745991277015,51.0745991277015,unavailable_needs_component_daily_contribution_stream,unavailable_needs_component_daily_contribution_stream,available_final_equity_window_contribution,,,,,,,
component_contribution,combo_plus_managed_futures_80_20_v1,90,standard,2026-01-20,2026-05-28,,,,,,,,,,,,,,combo_SPY200d_GLD_50_50_v1,31.420398655326643,31.420398655326643,unavailable_needs_component_daily_contribution_stream,unavailable_needs_component_daily_contribution_stream,available_final_equity_window_contribution,,,,,,,
component_contribution,combo_plus_managed_futures_80_20_v1,90,standard,2026-01-20,2026-05-28,,,,,,,,,,,,,,managed_futures_proxy_etf_trend_v1,49.73160070012956,49.73160070012956,unavailable_needs_component_daily_contribution_stream,unavailable_needs_component_daily_contribution_stream,available_final_equity_window_contribution,,,,,,,
component_contribution,combo_plus_managed_futures_80_20_v1,90,standard,2026-01-21,2026-05-29,,,,,,,,,,,,,,combo_SPY200d_GLD_50_50_v1,15.968688714426968,15.968688714426968,unavailable_needs_component_daily_contribution_stream,unavailable_needs_component_daily_contribution_stream,available_final_equity_window_contribution,,,,,,,
component_contribution,combo_plus_managed_futures_80_20_v1,90,standard,2026-01-21,2026-05-29,,,,,,,,,,,,,,managed_futures_proxy_etf_trend_v1,43.7172823226075,43.7172823226075,unavailable_needs_component_daily_contribution_stream,unavailable_needs_component_daily_contribution_stream,available_final_equity_window_contribution,,,,,,,
component_contribution,combo_plus_managed_futures_80_20_v1,180,standard,2020-12-02,2021-08-19,,,,,,,,,,,,,,combo_SPY200d_GLD_50_50_v1,-26.91225318763609,-26.91225318763609,unavailable_needs_component_daily_contribution_stream,unavailable_needs_component_daily_contribution_stream,available_final_equity_window_contribution,,,,,,,
component_contribution,combo_plus_managed_futures_80_20_v1,180,standard,2020-12-02,2021-08-19,,,,,,,,,,,,,,managed_futures_proxy_etf_trend_v1,1.1423067714605066,1.1423067714605066,unavailable_needs_component_daily_contribution_stream,unavailable_needs_component_daily_contribution_stream,available_final_equity_window_contribution,,,,,,,
component_contribution,combo_plus_managed_futures_80_20_v1,180,standard,2021-02-12,2021-10-28,,,,,,,,,,,,,,combo_SPY200d_GLD_50_50_v1,30.72490210727055,30.72490210727055,unavailable_needs_component_daily_contribution_stream,unavailable_needs_component_daily_contribution_stream,available_final_equity_window_contribution,,,,,,,
component_contribution,combo_plus_managed_futures_80_20_v1,180,standard,2021-02-12,2021-10-28,,,,,,,,,,,,,,managed_futures_proxy_etf_trend_v1,13.532569751178094,13.532569751178094,unavailable_needs_component_daily_contribution_stream,unavailable_needs_component_daily_contribution_stream,available_final_equity_window_contribution,,,,,,,
component_contribution,combo_plus_managed_futures_80_20_v1,180,standard,2021-04-27,2022-01-10,,,,,,,,,,,,,,combo_SPY200d_GLD_50_50_v1,87.14346869239,87.14346869239,unavailable_needs_component_daily_contribution_stream,unavailable_needs_component_daily_contribution_stream,available_final_equity_window_contribution,,,,,,,
component_contribution,combo_plus_managed_futures_80_20_v1,180,standard,2021-04-27,2022-01-10,,,,,,,,,,,,,,managed_futures_proxy_etf_trend_v1,-17.060987092857474,-17.060987092857474,unavailable_needs_component_daily_contribution_stream,unavailable_needs_component_daily_contribution_stream,available_final_equity_window_contribution,,,,,,,
component_contribution,combo_plus_managed_futures_80_20_v1,180,standard,2021-09-17,2022-06-03,,,,,,,,,,,,,,combo_SPY200d_GLD_50_50_v1,-2.089076362116886,-2.089076362116886,unavailable_needs_component_daily_contribution_stream,unavailable_needs_component_daily_contribution_stream,available_final_equity_window_contribution,,,,,,,
component_contribution,combo_plus_managed_futures_80_20_v1,180,standard,2021-09-17,2022-06-03,,,,,,,,,,,,,,managed_futures_proxy_etf_trend_v1,121.93709033863645,121.93709033863645,unavailable_needs_component_daily_contribution_stream,unavailable_needs_component_daily_contribution_stream,available_final_equity_window_contribution,,,,,,,
component_contribution,combo_plus_managed_futures_80_20_v1,180,standard,2021-10-27,2022-07-15,,,,,,,,,,,,,,combo_SPY200d_GLD_50_50_v1,-162.88254899830295,-162.88254899830295,unavailable_needs_component_daily_contribution_stream,unavailable_needs_component_daily_contribution_stream,available_final_equity_window_contribution,,,,,,,
component_contribution,combo_plus_managed_futures_80_20_v1,180,standard,2021-10-27,2022-07-15,,,,,,,,,,,,,,managed_futures_proxy_etf_trend_v1,98.55276440216586,98.55276440216586,unavailable_needs_component_daily_contribution_stream,unavailable_needs_component_daily_contribution_stream,available_final_equity_window_contribution,,,,,,,
component_contribution,combo_plus_managed_futures_80_20_v1,180,standard,2022-02-09,2022-10-26,,,,,,,,,,,,,,combo_SPY200d_GLD_50_50_v1,-207.67096561357855,-207.67096561357855,unavailable_needs_component_daily_contribution_stream,unavailable_needs_component_daily_contribution_stream,available_final_equity_window_contribution,,,,,,,
component_contribution,combo_plus_managed_futures_80_20_v1,180,standard,2022-02-09,2022-10-26,,,,,,,,,,,,,,managed_futures_proxy_etf_trend_v1,155.33967152784513,155.33967152784513,unavailable_needs_component_daily_contribution_stream,unavailable_needs_component_daily_contribution_stream,available_final_equity_window_contribution,,,,,,,
component_contribution,combo_plus_managed_futures_80_20_v1,180,standard,2022-02-28,2022-11-11,,,,,,,,,,,,,,combo_SPY200d_GLD_50_50_v1,-106.37053207064025,-106.37053207064025,unavailable_needs_component_daily_contribution_stream,unavailable_needs_component_daily_contribution_stream,available_final_equity_window_contribution,,,,,,,
component_contribution,combo_plus_managed_futures_80_20_v1,180,standard,2022-02-28,2022-11-11,,,,,,,,,,,,,,managed_futures_proxy_etf_trend_v1,117.88036626944111,117.88036626944111,unavailable_needs_component_daily_contribution_stream,unavailable_needs_component_daily_contribution_stream,available_final_equity_window_contribution,,,,,,,
component_contribution,combo_plus_managed_futures_80_20_v1,180,standard,2022-06-21,2023-03-08,,,,,,,,,,,,,,combo_SPY200d_GLD_50_50_v1,-41.1484099217038,-41.1484099217038,unavailable_needs_component_daily_contribution_stream,unavailable_needs_component_daily_contribution_stream,available_final_equity_window_contribution,,,,,,,
component_contribution,combo_plus_managed_futures_80_20_v1,180,standard,2022-06-21,2023-03-08,,,,,,,,,,,,,,managed_futures_proxy_etf_trend_v1,-42.968497620569764,-42.968497620569764,unavailable_needs_component_daily_contribution_stream,unavailable_needs_component_daily_contribution_stream,available_final_equity_window_contribution,,,,,,,
component_contribution,combo_plus_managed_futures_80_20_v1,180,standard,2022-07-06,2023-03-22,,,,,,,,,,,,,,combo_SPY200d_GLD_50_50_v1,68.01500893022941,68.01500893022941,unavailable_needs_component_daily_contribution_stream,unavailable_needs_component_daily_contribution_stream,available_final_equity_window_contribution,,,,,,,
component_contribution,combo_plus_managed_futures_80_20_v1,180,standard,2022-07-06,2023-03-22,,,,,,,,,,,,,,managed_futures_proxy_etf_trend_v1,-4.347129330846197,-4.347129330846197,unavailable_needs_component_daily_contribution_stream,unavailable_needs_component_daily_contribution_stream,available_final_equity_window_contribution,,,,,,,
component_contribution,combo_plus_managed_futures_80_20_v1,180,standard,2022-09-20,2023-06-07,,,,,,,,,,,,,,combo_SPY200d_GLD_50_50_v1,213.6051923517614,213.6051923517614,unavailable_needs_component_daily_contribution_stream,unavailable_needs_component_daily_contribution_stream,available_final_equity_window_contribution,,,,,,,
component_contribution,combo_plus_managed_futures_80_20_v1,180,standard,2022-09-20,2023-06-07,,,,,,,,,,,,,,managed_futures_proxy_etf_trend_v1,-41.54557240853911,-41.54557240853911,unavailable_needs_component_daily_contribution_stream,unavailable_needs_component_daily_contribution_stream,available_final_equity_window_contribution,,,,,,,
component_contribution,combo_plus_managed_futures_80_20_v1,180,standard,2022-11-25,2023-08-15,,,,,,,,,,,,,,combo_SPY200d_GLD_50_50_v1,168.24998053490484,168.24998053490484,unavailable_needs_component_daily_contribution_stream,unavailable_needs_component_daily_contribution_stream,available_final_equity_window_contribution,,,,,,,
component_contribution,combo_plus_managed_futures_80_20_v1,180,standard,2022-11-25,2023-08-15,,,,,,,,,,,,,,managed_futures_proxy_etf_trend_v1,6.305119267909394,6.305119267909394,unavailable_needs_component_daily_contribution_stream,unavailable_needs_component_daily_contribution_stream,available_final_equity_window_contribution,,,,,,,
component_contribution,combo_plus_managed_futures_80_20_v1,180,standard,2022-12-22,2023-09-12,,,,,,,,,,,,,,combo_SPY200d_GLD_50_50_v1,184.08602059740304,184.08602059740304,unavailable_needs_component_daily_contribution_stream,unavailable_needs_component_daily_contribution_stream,available_final_equity_window_contribution,,,,,,,
component_contribution,combo_plus_managed_futures_80_20_v1,180,standard,2022-12-22,2023-09-12,,,,,,,,,,,,,,managed_futures_proxy_etf_trend_v1,26.730382050264495,26.730382050264495,unavailable_needs_component_daily_contribution_stream,unavailable_needs_component_daily_contribution_stream,available_final_equity_window_contribution,,,,,,,
component_contribution,combo_plus_managed_futures_80_20_v1,180,standard,2023-04-21,2024-01-08,,,,,,,,,,,,,,combo_SPY200d_GLD_50_50_v1,199.3381578129796,199.3381578129796,unavailable_needs_component_daily_contribution_stream,unavailable_needs_component_daily_contribution_stream,available_final_equity_window_contribution,,,,,,,
component_contribution,combo_plus_managed_futures_80_20_v1,180,standard,2023-04-21,2024-01-08,,,,,,,,,,,,,,managed_futures_proxy_etf_trend_v1,-22.423827181624112,-22.423827181624112,unavailable_needs_component_daily_contribution_stream,unavailable_needs_component_daily_contribution_stream,available_final_equity_window_contribution,,,,,,,
component_contribution,combo_plus_managed_futures_80_20_v1,180,standard,2023-05-19,2024-02-06,,,,,,,,,,,,,,combo_SPY200d_GLD_50_50_v1,238.30347405182889,238.30347405182889,unavailable_needs_component_daily_contribution_stream,unavailable_needs_component_daily_contribution_stream,available_final_equity_window_contribution,,,,,,,
component_contribution,combo_plus_managed_futures_80_20_v1,180,standard,2023-05-19,2024-02-06,,,,,,,,,,,,,,managed_futures_proxy_etf_trend_v1,-21.34464831105589,-21.34464831105589,unavailable_needs_component_daily_contribution_stream,unavailable_needs_component_daily_contribution_stream,available_final_equity_window_contribution,,,,,,,
component_contribution,combo_plus_managed_futures_80_20_v1,180,standard,2023-09-13,2024-05-30,,,,,,,,,,,,,,combo_SPY200d_GLD_50_50_v1,458.912787307857,458.912787307857,unavailable_needs_component_daily_contribution_stream,unavailable_needs_component_daily_contribution_stream,available_final_equity_window_contribution,,,,,,,
component_contribution,combo_plus_managed_futures_80_20_v1,180,standard,2023-09-13,2024-05-30,,,,,,,,,,,,,,managed_futures_proxy_etf_trend_v1,-4.238619972957543,-4.238619972957543,unavailable_needs_component_daily_contribution_stream,unavailable_needs_component_daily_contribution_stream,available_final_equity_window_contribution,,,,,,,
component_contribution,combo_plus_managed_futures_80_20_v1,180,standard,2024-02-06,2024-10-22,,,,,,,,,,,,,,combo_SPY200d_GLD_50_50_v1,638.1130023783645,638.1130023783645,unavailable_needs_component_daily_contribution_stream,unavailable_needs_component_daily_contribution_stream,available_final_equity_window_contribution,,,,,,,
component_contribution,combo_plus_managed_futures_80_20_v1,180,standard,2024-02-06,2024-10-22,,,,,,,,,,,,,,managed_futures_proxy_etf_trend_v1,29.22938433419634,29.22938433419634,unavailable_needs_component_daily_contribution_stream,unavailable_needs_component_daily_contribution_stream,available_final_equity_window_contribution,,,,,,,
component_contribution,combo_plus_managed_futures_80_20_v1,180,standard,2024-02-09,2024-10-25,,,,,,,,,,,,,,combo_SPY200d_GLD_50_50_v1,610.3932286619182,610.3932286619182,unavailable_needs_component_daily_contribution_stream,unavailable_needs_component_daily_contribution_stream,available_final_equity_window_contribution,,,,,,,
component_contribution,combo_plus_managed_futures_80_20_v1,180,standard,2024-02-09,2024-10-25,,,,,,,,,,,,,,managed_futures_proxy_etf_trend_v1,28.753707900167832,28.753707900167832,unavailable_needs_component_daily_contribution_stream,unavailable_needs_component_daily_contribution_stream,available_final_equity_window_contribution,,,,,,,
component_contribution,combo_plus_managed_futures_80_20_v1,180,standard,2024-07-01,2025-03-19,,,,,,,,,,,,,,combo_SPY200d_GLD_50_50_v1,389.65994935989215,389.65994935989215,unavailable_needs_component_daily_contribution_stream,unavailable_needs_component_daily_contribution_stream,available_final_equity_window_contribution,,,,,,,
component_contribution,combo_plus_managed_futures_80_20_v1,180,standard,2024-07-01,2025-03-19,,,,,,,,,,,,,,managed_futures_proxy_etf_trend_v1,-4.603946456134932,-4.603946456134932,unavailable_needs_component_daily_contribution_stream,unavailable_needs_component_daily_contribution_stream,available_final_equity_window_contribution,,,,,,,
component_contribution,combo_plus_managed_futures_80_20_v1,180,standard,2024-07-05,2025-03-24,,,,,,,,,,,,,,combo_SPY200d_GLD_50_50_v1,316.21465570312904,316.21465570312904,unavailable_needs_component_daily_contribution_stream,unavailable_needs_component_daily_contribution_stream,available_final_equity_window_contribution,,,,,,,
component_contribution,combo_plus_managed_futures_80_20_v1,180,standard,2024-07-05,2025-03-24,,,,,,,,,,,,,,managed_futures_proxy_etf_trend_v1,-4.000995938941372,-4.000995938941372,unavailable_needs_component_daily_contribution_stream,unavailable_needs_component_daily_contribution_stream,available_final_equity_window_contribution,,,,,,,
component_contribution,combo_plus_managed_futures_80_20_v1,180,standard,2024-07-08,2025-03-25,,,,,,,,,,,,,,combo_SPY200d_GLD_50_50_v1,339.0878260853437,339.0878260853437,unavailable_needs_component_daily_contribution_stream,unavailable_needs_component_daily_contribution_stream,available_final_equity_window_contribution,,,,,,,
component_contribution,combo_plus_managed_futures_80_20_v1,180,standard,2024-07-08,2025-03-25,,,,,,,,,,,,,,managed_futures_proxy_etf_trend_v1,-2.5275273897408694,-2.5275273897408694,unavailable_needs_component_daily_contribution_stream,unavailable_needs_component_daily_contribution_stream,available_final_equity_window_contribution,,,,,,,
component_contribution,combo_plus_managed_futures_80_20_v1,180,standard,2024-07-09,2025-03-26,,,,,,,,,,,,,,combo_SPY200d_GLD_50_50_v1,318.4671558693932,318.4671558693932,unavailable_needs_component_daily_contribution_stream,unavailable_needs_component_daily_contribution_stream,available_final_equity_window_contribution,,,,,,,
component_contribution,combo_plus_managed_futures_80_20_v1,180,standard,2024-07-09,2025-03-26,,,,,,,,,,,,,,managed_futures_proxy_etf_trend_v1,-2.8593549698242597,-2.8593549698242597,unavailable_needs_component_daily_contribution_stream,unavailable_needs_component_daily_contribution_stream,available_final_equity_window_contribution,,,,,,,
component_contribution,combo_plus_managed_futures_80_20_v1,180,standard,2024-07-10,2025-03-27,,,,,,,,,,,,,,combo_SPY200d_GLD_50_50_v1,317.029449063361,317.029449063361,unavailable_needs_component_daily_contribution_stream,unavailable_needs_component_daily_contribution_stream,available_final_equity_window_contribution,,,,,,,
component_contribution,combo_plus_managed_futures_80_20_v1,180,standard,2024-07-10,2025-03-27,,,,,,,,,,,,,,managed_futures_proxy_etf_trend_v1,-4.529091842184503,-4.529091842184503,unavailable_needs_component_daily_contribution_stream,unavailable_needs_component_daily_contribution_stream,available_final_equity_window_contribution,,,,,,,
component_contribution,combo_plus_managed_futures_80_20_v1,180,standard,2024-10-23,2025-07-15,,,,,,,,,,,,,,combo_SPY200d_GLD_50_50_v1,310.5443622613891,310.5443622613891,unavailable_needs_component_daily_contribution_stream,unavailable_needs_component_daily_contribution_stream,available_final_equity_window_contribution,,,,,,,
component_contribution,combo_plus_managed_futures_80_20_v1,180,standard,2024-10-23,2025-07-15,,,,,,,,,,,,,,managed_futures_proxy_etf_trend_v1,19.517742870292967,19.517742870292967,unavailable_needs_component_daily_contribution_stream,unavailable_needs_component_daily_contribution_stream,available_final_equity_window_contribution,,,,,,,
component_contribution,combo_plus_managed_futures_80_20_v1,180,standard,2024-11-20,2025-08-12,,,,,,,,,,,,,,combo_SPY200d_GLD_50_50_v1,365.35636155006335,365.35636155006335,unavailable_needs_component_daily_contribution_stream,unavailable_needs_component_daily_contribution_stream,available_final_equity_window_contribution,,,,,,,
component_contribution,combo_plus_managed_futures_80_20_v1,180,standard,2024-11-20,2025-08-12,,,,,,,,,,,,,,managed_futures_proxy_etf_trend_v1,19.260992005516837,19.260992005516837,unavailable_needs_component_daily_contribution_stream,unavailable_needs_component_daily_contribution_stream,available_final_equity_window_contribution,,,,,,,
component_contribution,combo_plus_managed_futures_80_20_v1,180,standard,2024-12-16,2025-09-05,,,,,,,,,,,,,,combo_SPY200d_GLD_50_50_v1,433.6636014771652,433.6636014771652,unavailable_needs_component_daily_contribution_stream,unavailable_needs_component_daily_contribution_stream,available_final_equity_window_contribution,,,,,,,
component_contribution,combo_plus_managed_futures_80_20_v1,180,standard,2024-12-16,2025-09-05,,,,,,,,,,,,,,managed_futures_proxy_etf_trend_v1,23.213702684757227,23.213702684757227,unavailable_needs_component_daily_contribution_stream,unavailable_needs_component_daily_contribution_stream,available_final_equity_window_contribution,,,,,,,
component_contribution,combo_plus_managed_futures_80_20_v1,180,standard,2025-04-17,2026-01-05,,,,,,,,,,,,,,combo_SPY200d_GLD_50_50_v1,633.6791493090482,633.6791493090482,unavailable_needs_component_daily_contribution_stream,unavailable_needs_component_daily_contribution_stream,available_final_equity_window_contribution,,,,,,,
component_contribution,combo_plus_managed_futures_80_20_v1,180,standard,2025-04-17,2026-01-05,,,,,,,,,,,,,,managed_futures_proxy_etf_trend_v1,63.16923122067808,63.16923122067808,unavailable_needs_component_daily_contribution_stream,unavailable_needs_component_daily_contribution_stream,available_final_equity_window_contribution,,,,,,,
component_contribution,combo_plus_managed_futures_80_20_v1,180,standard,2025-04-24,2026-01-09,,,,,,,,,,,,,,combo_SPY200d_GLD_50_50_v1,652.6612624193621,652.6612624193621,unavailable_needs_component_daily_contribution_stream,unavailable_needs_component_daily_contribution_stream,available_final_equity_window_contribution,,,,,,,
component_contribution,combo_plus_managed_futures_80_20_v1,180,standard,2025-04-24,2026-01-09,,,,,,,,,,,,,,managed_futures_proxy_etf_trend_v1,63.143158185991645,63.143158185991645,unavailable_needs_component_daily_contribution_stream,unavailable_needs_component_daily_contribution_stream,available_final_equity_window_contribution,,,,,,,
component_contribution,combo_plus_managed_futures_80_20_v1,180,standard,2025-04-25,2026-01-12,,,,,,,,,,,,,,combo_SPY200d_GLD_50_50_v1,698.1546684112149,698.1546684112149,unavailable_needs_component_daily_contribution_stream,unavailable_needs_component_daily_contribution_stream,available_final_equity_window_contribution,,,,,,,
component_contribution,combo_plus_managed_futures_80_20_v1,180,standard,2025-04-25,2026-01-12,,,,,,,,,,,,,,managed_futures_proxy_etf_trend_v1,70.02880331223027,70.02880331223027,unavailable_needs_component_daily_contribution_stream,unavailable_needs_component_daily_contribution_stream,available_final_equity_window_contribution,,,,,,,
component_contribution,combo_plus_managed_futures_80_20_v1,180,standard,2025-04-28,2026-01-13,,,,,,,,,,,,,,combo_SPY200d_GLD_50_50_v1,671.9062365378938,671.9062365378938,unavailable_needs_component_daily_contribution_stream,unavailable_needs_component_daily_contribution_stream,available_final_equity_window_contribution,,,,,,,
component_contribution,combo_plus_managed_futures_80_20_v1,180,standard,2025-04-28,2026-01-13,,,,,,,,,,,,,,managed_futures_proxy_etf_trend_v1,69.04319948686901,69.04319948686901,unavailable_needs_component_daily_contribution_stream,unavailable_needs_component_daily_contribution_stream,available_final_equity_window_contribution,,,,,,,
component_contribution,combo_plus_managed_futures_80_20_v1,180,standard,2025-04-29,2026-01-14,,,,,,,,,,,,,,combo_SPY200d_GLD_50_50_v1,699.009184908594,699.009184908594,unavailable_needs_component_daily_contribution_stream,unavailable_needs_component_daily_contribution_stream,available_final_equity_window_contribution,,,,,,,
component_contribution,combo_plus_managed_futures_80_20_v1,180,standard,2025-04-29,2026-01-14,,,,,,,,,,,,,,managed_futures_proxy_etf_trend_v1,74.78311772606027,74.78311772606027,unavailable_needs_component_daily_contribution_stream,unavailable_needs_component_daily_contribution_stream,available_final_equity_window_contribution,,,,,,,
component_contribution,combo_plus_managed_futures_80_20_v1,180,standard,2025-04-30,2026-01-15,,,,,,,,,,,,,,combo_SPY200d_GLD_50_50_v1,699.9983057297102,699.9983057297102,unavailable_needs_component_daily_contribution_stream,unavailable_needs_component_daily_contribution_stream,available_final_equity_window_contribution,,,,,,,
component_contribution,combo_plus_managed_futures_80_20_v1,180,standard,2025-04-30,2026-01-15,,,,,,,,,,,,,,managed_futures_proxy_etf_trend_v1,71.10785300880443,71.10785300880443,unavailable_needs_component_daily_contribution_stream,unavailable_needs_component_daily_contribution_stream,available_final_equity_window_contribution,,,,,,,
component_contribution,combo_plus_managed_futures_80_20_v1,180,standard,2025-05-01,2026-01-16,,,,,,,,,,,,,,combo_SPY200d_GLD_50_50_v1,721.998555893047,721.998555893047,unavailable_needs_component_daily_contribution_stream,unavailable_needs_component_daily_contribution_stream,available_final_equity_window_contribution,,,,,,,
component_contribution,combo_plus_managed_futures_80_20_v1,180,standard,2025-05-01,2026-01-16,,,,,,,,,,,,,,managed_futures_proxy_etf_trend_v1,66.99677336587133,66.99677336587133,unavailable_needs_component_daily_contribution_stream,unavailable_needs_component_daily_contribution_stream,available_final_equity_window_contribution,,,,,,,
component_contribution,combo_plus_managed_futures_80_20_v1,180,standard,2025-05-08,2026-01-26,,,,,,,,,,,,,,combo_SPY200d_GLD_50_50_v1,843.7486701977424,843.7486701977424,unavailable_needs_component_daily_contribution_stream,unavailable_needs_component_daily_contribution_stream,available_final_equity_window_contribution,,,,,,,
component_contribution,combo_plus_managed_futures_80_20_v1,180,standard,2025-05-08,2026-01-26,,,,,,,,,,,,,,managed_futures_proxy_etf_trend_v1,74.97482419587335,74.97482419587335,unavailable_needs_component_daily_contribution_stream,unavailable_needs_component_daily_contribution_stream,available_final_equity_window_contribution,,,,,,,
component_contribution,combo_plus_managed_futures_80_20_v1,180,standard,2025-09-04,2026-05-21,,,,,,,,,,,,,,combo_SPY200d_GLD_50_50_v1,478.2447946234585,478.2447946234585,unavailable_needs_component_daily_contribution_stream,unavailable_needs_component_daily_contribution_stream,available_final_equity_window_contribution,,,,,,,
component_contribution,combo_plus_managed_futures_80_20_v1,180,standard,2025-09-04,2026-05-21,,,,,,,,,,,,,,managed_futures_proxy_etf_trend_v1,119.91647805639357,119.91647805639357,unavailable_needs_component_daily_contribution_stream,unavailable_needs_component_daily_contribution_stream,available_final_equity_window_contribution,,,,,,,
component_contribution,combo_plus_managed_futures_80_20_v1,180,standard,2025-09-05,2026-05-22,,,,,,,,,,,,,,combo_SPY200d_GLD_50_50_v1,458.33442535628194,458.33442535628194,unavailable_needs_component_daily_contribution_stream,unavailable_needs_component_daily_contribution_stream,available_final_equity_window_contribution,,,,,,,
component_contribution,combo_plus_managed_futures_80_20_v1,180,standard,2025-09-05,2026-05-22,,,,,,,,,,,,,,managed_futures_proxy_etf_trend_v1,118.32855640825306,118.32855640825306,unavailable_needs_component_daily_contribution_stream,unavailable_needs_component_daily_contribution_stream,available_final_equity_window_contribution,,,,,,,
component_contribution,combo_plus_managed_futures_80_20_v1,180,standard,2025-09-08,2026-05-26,,,,,,,,,,,,,,combo_SPY200d_GLD_50_50_v1,448.9747078100612,448.9747078100612,unavailable_needs_component_daily_contribution_stream,unavailable_needs_component_daily_contribution_stream,available_final_equity_window_contribution,,,,,,,
component_contribution,combo_plus_managed_futures_80_20_v1,180,standard,2025-09-08,2026-05-26,,,,,,,,,,,,,,managed_futures_proxy_etf_trend_v1,112.01942812555397,112.01942812555397,unavailable_needs_component_daily_contribution_stream,unavailable_needs_component_daily_contribution_stream,available_final_equity_window_contribution,,,,,,,
component_contribution,combo_plus_managed_futures_80_20_v1,180,standard,2025-09-09,2026-05-27,,,,,,,,,,,,,,combo_SPY200d_GLD_50_50_v1,429.6598501096767,429.6598501096767,unavailable_needs_component_daily_contribution_stream,unavailable_needs_component_daily_contribution_stream,available_final_equity_window_contribution,,,,,,,
component_contribution,combo_plus_managed_futures_80_20_v1,180,standard,2025-09-09,2026-05-27,,,,,,,,,,,,,,managed_futures_proxy_etf_trend_v1,106.23079559205569,106.23079559205569,unavailable_needs_component_daily_contribution_stream,unavailable_needs_component_daily_contribution_stream,available_final_equity_window_contribution,,,,,,,
component_contribution,combo_plus_managed_futures_80_20_v1,180,standard,2025-09-10,2026-05-28,,,,,,,,,,,,,,combo_SPY200d_GLD_50_50_v1,443.13124336770227,443.13124336770227,unavailable_needs_component_daily_contribution_stream,unavailable_needs_component_daily_contribution_stream,available_final_equity_window_contribution,,,,,,,
component_contribution,combo_plus_managed_futures_80_20_v1,180,standard,2025-09-10,2026-05-28,,,,,,,,,,,,,,managed_futures_proxy_etf_trend_v1,104.01161714409936,104.01161714409936,unavailable_needs_component_daily_contribution_stream,unavailable_needs_component_daily_contribution_stream,available_final_equity_window_contribution,,,,,,,
component_contribution,combo_plus_managed_futures_80_20_v1,180,standard,2025-09-11,2026-05-29,,,,,,,,,,,,,,combo_SPY200d_GLD_50_50_v1,451.86111573432066,451.86111573432066,unavailable_needs_component_daily_contribution_stream,unavailable_needs_component_daily_contribution_stream,available_final_equity_window_contribution,,,,,,,
component_contribution,combo_plus_managed_futures_80_20_v1,180,standard,2025-09-11,2026-05-29,,,,,,,,,,,,,,managed_futures_proxy_etf_trend_v1,97.58279209597924,97.58279209597924,unavailable_needs_component_daily_contribution_stream,unavailable_needs_component_daily_contribution_stream,available_final_equity_window_contribution,,,,,,,
component_contribution,top2_plus_managed_futures_80_20_v1,30,standard,2020-12-02,2021-01-14,,,,,,,,,,,,,,asset_class_tsmom_top2_v1,-1.1964783557002168,-1.1964783557002168,unavailable_needs_component_daily_contribution_stream,unavailable_needs_component_daily_contribution_stream,available_final_equity_window_contribution,,,,,,,
component_contribution,top2_plus_managed_futures_80_20_v1,30,standard,2020-12-02,2021-01-14,,,,,,,,,,,,,,managed_futures_proxy_etf_trend_v1,-0.2991195889250542,-0.2991195889250542,unavailable_needs_component_daily_contribution_stream,unavailable_needs_component_daily_contribution_stream,available_final_equity_window_contribution,,,,,,,
component_contribution,top2_plus_managed_futures_80_20_v1,30,standard,2021-02-12,2021-03-26,,,,,,,,,,,,,,asset_class_tsmom_top2_v1,6.800280967140261,6.800280967140261,unavailable_needs_component_daily_contribution_stream,unavailable_needs_component_daily_contribution_stream,available_final_equity_window_contribution,,,,,,,
component_contribution,top2_plus_managed_futures_80_20_v1,30,standard,2021-02-12,2021-03-26,,,,,,,,,,,,,,managed_futures_proxy_etf_trend_v1,1.7000702417850653,1.7000702417850653,unavailable_needs_component_daily_contribution_stream,unavailable_needs_component_daily_contribution_stream,available_final_equity_window_contribution,,,,,,,
component_contribution,top2_plus_managed_futures_80_20_v1,30,standard,2021-05-14,2021-06-25,,,,,,,,,,,,,,asset_class_tsmom_top2_v1,-7.043060212023326,-7.043060212023326,unavailable_needs_component_daily_contribution_stream,unavailable_needs_component_daily_contribution_stream,available_final_equity_window_contribution,,,,,,,
component_contribution,top2_plus_managed_futures_80_20_v1,30,standard,2021-05-14,2021-06-25,,,,,,,,,,,,,,managed_futures_proxy_etf_trend_v1,-1.7607650530058314,-1.7607650530058314,unavailable_needs_component_daily_contribution_stream,unavailable_needs_component_daily_contribution_stream,available_final_equity_window_contribution,,,,,,,
component_contribution,top2_plus_managed_futures_80_20_v1,30,standard,2021-10-22,2021-12-03,,,,,,,,,,,,,,asset_class_tsmom_top2_v1,-2.3547870009310667,-2.3547870009310667,unavailable_needs_component_daily_contribution_stream,unavailable_needs_component_daily_contribution_stream,available_final_equity_window_contribution,,,,,,,
component_contribution,top2_plus_managed_futures_80_20_v1,30,standard,2021-10-22,2021-12-03,,,,,,,,,,,,,,managed_futures_proxy_etf_trend_v1,-30.652801869152942,-30.652801869152942,unavailable_needs_component_daily_contribution_stream,unavailable_needs_component_daily_contribution_stream,available_final_equity_window_contribution,,,,,,,
component_contribution,top2_plus_managed_futures_80_20_v1,30,standard,2021-12-07,2022-01-19,,,,,,,,,,,,,,asset_class_tsmom_top2_v1,-25.841035882360067,-25.841035882360067,unavailable_needs_component_daily_contribution_stream,unavailable_needs_component_daily_contribution_stream,available_final_equity_window_contribution,,,,,,,
component_contribution,top2_plus_managed_futures_80_20_v1,30,standard,2021-12-07,2022-01-19,,,,,,,,,,,,,,managed_futures_proxy_etf_trend_v1,0.6844721868352505,0.6844721868352505,unavailable_needs_component_daily_contribution_stream,unavailable_needs_component_daily_contribution_stream,available_final_equity_window_contribution,,,,,,,
component_contribution,top2_plus_managed_futures_80_20_v1,30,standard,2022-03-02,2022-04-12,,,,,,,,,,,,,,asset_class_tsmom_top2_v1,-15.200512081592882,-15.200512081592882,unavailable_needs_component_daily_contribution_stream,unavailable_needs_component_daily_contribution_stream,available_final_equity_window_contribution,,,,,,,
component_contribution,top2_plus_managed_futures_80_20_v1,30,standard,2022-03-02,2022-04-12,,,,,,,,,,,,,,managed_futures_proxy_etf_trend_v1,60.5462484019787,60.5462484019787,unavailable_needs_component_daily_contribution_stream,unavailable_needs_component_daily_contribution_stream,available_final_equity_window_contribution,,,,,,,
component_contribution,top2_plus_managed_futures_80_20_v1,30,standard,2022-04-05,2022-05-17,,,,,,,,,,,,,,asset_class_tsmom_top2_v1,-194.8657076928166,-194.8657076928166,unavailable_needs_component_daily_contribution_stream,unavailable_needs_component_daily_contribution_stream,available_final_equity_window_contribution,,,,,,,
component_contribution,top2_plus_managed_futures_80_20_v1,30,standard,2022-04-05,2022-05-17,,,,,,,,,,,,,,managed_futures_proxy_etf_trend_v1,59.62366121810643,59.62366121810643,unavailable_needs_component_daily_contribution_stream,unavailable_needs_component_daily_contribution_stream,available_final_equity_window_contribution,,,,,,,
component_contribution,top2_plus_managed_futures_80_20_v1,30,standard,2022-06-27,2022-08-08,,,,,,,,,,,,,,asset_class_tsmom_top2_v1,-22.132367036622963,-22.132367036622963,unavailable_needs_component_daily_contribution_stream,unavailable_needs_component_daily_contribution_stream,available_final_equity_window_contribution,,,,,,,
component_contribution,top2_plus_managed_futures_80_20_v1,30,standard,2022-06-27,2022-08-08,,,,,,,,,,,,,,managed_futures_proxy_etf_trend_v1,-28.402123593514926,-28.402123593514926,unavailable_needs_component_daily_contribution_stream,unavailable_needs_component_daily_contribution_stream,available_final_equity_window_contribution,,,,,,,
component_contribution,top2_plus_managed_futures_80_20_v1,30,standard,2022-09-15,2022-10-26,,,,,,,,,,,,,,asset_class_tsmom_top2_v1,5.643821648399573,5.643821648399573,unavailable_needs_component_daily_contribution_stream,unavailable_needs_component_daily_contribution_stream,available_final_equity_window_contribution,,,,,,,
component_contribution,top2_plus_managed_futures_80_20_v1,30,standard,2022-09-15,2022-10-26,,,,,,,,,,,,,,managed_futures_proxy_etf_trend_v1,8.29919988872339,8.29919988872339,unavailable_needs_component_daily_contribution_stream,unavailable_needs_component_daily_contribution_stream,available_final_equity_window_contribution,,,,,,,
component_contribution,top2_plus_managed_futures_80_20_v1,30,standard,2022-09-28,2022-11-08,,,,,,,,,,,,,,asset_class_tsmom_top2_v1,13.700299952646825,13.700299952646825,unavailable_needs_component_daily_contribution_stream,unavailable_needs_component_daily_contribution_stream,available_final_equity_window_contribution,,,,,,,
component_contribution,top2_plus_managed_futures_80_20_v1,30,standard,2022-09-28,2022-11-08,,,,,,,,,,,,,,managed_futures_proxy_etf_trend_v1,-2.8040867841193604,-2.8040867841193604,unavailable_needs_component_daily_contribution_stream,unavailable_needs_component_daily_contribution_stream,available_final_equity_window_contribution,,,,,,,
component_contribution,top2_plus_managed_futures_80_20_v1,30,standard,2023-01-05,2023-02-16,,,,,,,,,,,,,,asset_class_tsmom_top2_v1,70.98139051236441,70.98139051236441,unavailable_needs_component_daily_contribution_stream,unavailable_needs_component_daily_contribution_stream,available_final_equity_window_contribution,,,,,,,
component_contribution,top2_plus_managed_futures_80_20_v1,30,standard,2023-01-05,2023-02-16,,,,,,,,,,,,,,managed_futures_proxy_etf_trend_v1,4.824451939985982,4.824451939985982,unavailable_needs_component_daily_contribution_stream,unavailable_needs_component_daily_contribution_stream,available_final_equity_window_contribution,,,,,,,
component_contribution,top2_plus_managed_futures_80_20_v1,30,standard,2023-02-27,2023-04-10,,,,,,,,,,,,,,asset_class_tsmom_top2_v1,194.272442230339,194.272442230339,unavailable_needs_component_daily_contribution_stream,unavailable_needs_component_daily_contribution_stream,available_final_equity_window_contribution,,,,,,,
component_contribution,top2_plus_managed_futures_80_20_v1,30,standard,2023-02-27,2023-04-10,,,,,,,,,,,,,,managed_futures_proxy_etf_trend_v1,3.2286071642103513,3.2286071642103513,unavailable_needs_component_daily_contribution_stream,unavailable_needs_component_daily_contribution_stream,available_final_equity_window_contribution,,,,,,,
component_contribution,top2_plus_managed_futures_80_20_v1,30,standard,2023-08-09,2023-09-20,,,,,,,,,,,,,,asset_class_tsmom_top2_v1,-4.1301359591008335,-4.1301359591008335,unavailable_needs_component_daily_contribution_stream,unavailable_needs_component_daily_contribution_stream,available_final_equity_window_contribution,,,,,,,
component_contribution,top2_plus_managed_futures_80_20_v1,30,standard,2023-08-09,2023-09-20,,,,,,,,,,,,,,managed_futures_proxy_etf_trend_v1,10.088269476978919,10.088269476978919,unavailable_needs_component_daily_contribution_stream,unavailable_needs_component_daily_contribution_stream,available_final_equity_window_contribution,,,,,,,
component_contribution,top2_plus_managed_futures_80_20_v1,30,standard,2023-08-10,2023-09-21,,,,,,,,,,,,,,asset_class_tsmom_top2_v1,-31.8728463340296,-31.8728463340296,unavailable_needs_component_daily_contribution_stream,unavailable_needs_component_daily_contribution_stream,available_final_equity_window_contribution,,,,,,,
component_contribution,top2_plus_managed_futures_80_20_v1,30,standard,2023-08-10,2023-09-21,,,,,,,,,,,,,,managed_futures_proxy_etf_trend_v1,12.353840681835168,12.353840681835168,unavailable_needs_component_daily_contribution_stream,unavailable_needs_component_daily_contribution_stream,available_final_equity_window_contribution,,,,,,,
component_contribution,top2_plus_managed_futures_80_20_v1,30,standard,2024-01-19,2024-03-01,,,,,,,,,,,,,,asset_class_tsmom_top2_v1,107.41922010823134,107.41922010823134,unavailable_needs_component_daily_contribution_stream,unavailable_needs_component_daily_contribution_stream,available_final_equity_window_contribution,,,,,,,
component_contribution,top2_plus_managed_futures_80_20_v1,30,standard,2024-01-19,2024-03-01,,,,,,,,,,,,,,managed_futures_proxy_etf_trend_v1,5.4616725934331125,5.4616725934331125,unavailable_needs_component_daily_contribution_stream,unavailable_needs_component_daily_contribution_stream,available_final_equity_window_contribution,,,,,,,
component_contribution,top2_plus_managed_futures_80_20_v1,30,standard,2024-06-11,2024-07-24,,,,,,,,,,,,,,asset_class_tsmom_top2_v1,57.5094421447132,57.5094421447132,unavailable_needs_component_daily_contribution_stream,unavailable_needs_component_daily_contribution_stream,available_final_equity_window_contribution,,,,,,,
component_contribution,top2_plus_managed_futures_80_20_v1,30,standard,2024-06-11,2024-07-24,,,,,,,,,,,,,,managed_futures_proxy_etf_trend_v1,-0.5207230999399535,-0.5207230999399535,unavailable_needs_component_daily_contribution_stream,unavailable_needs_component_daily_contribution_stream,available_final_equity_window_contribution,,,,,,,
component_contribution,top2_plus_managed_futures_80_20_v1,30,standard,2024-07-01,2024-08-12,,,,,,,,,,,,,,asset_class_tsmom_top2_v1,44.496115505997906,44.496115505997906,unavailable_needs_component_daily_contribution_stream,unavailable_needs_component_daily_contribution_stream,available_final_equity_window_contribution,,,,,,,
component_contribution,top2_plus_managed_futures_80_20_v1,30,standard,2024-07-01,2024-08-12,,,,,,,,,,,,,,managed_futures_proxy_etf_trend_v1,-29.376892230049847,-29.376892230049847,unavailable_needs_component_daily_contribution_stream,unavailable_needs_component_daily_contribution_stream,available_final_equity_window_contribution,,,,,,,
component_contribution,top2_plus_managed_futures_80_20_v1,30,standard,2024-07-05,2024-08-15,,,,,,,,,,,,,,asset_class_tsmom_top2_v1,30.204611123896033,30.204611123896033,unavailable_needs_component_daily_contribution_stream,unavailable_needs_component_daily_contribution_stream,available_final_equity_window_contribution,,,,,,,
component_contribution,top2_plus_managed_futures_80_20_v1,30,standard,2024-07-05,2024-08-15,,,,,,,,,,,,,,managed_futures_proxy_etf_trend_v1,-24.756543131877365,-24.756543131877365,unavailable_needs_component_daily_contribution_stream,unavailable_needs_component_daily_contribution_stream,available_final_equity_window_contribution,,,,,,,
component_contribution,top2_plus_managed_futures_80_20_v1,30,standard,2024-07-08,2024-08-16,,,,,,,,,,,,,,asset_class_tsmom_top2_v1,73.67819941455511,73.67819941455511,unavailable_needs_component_daily_contribution_stream,unavailable_needs_component_daily_contribution_stream,available_final_equity_window_contribution,,,,,,,
component_contribution,top2_plus_managed_futures_80_20_v1,30,standard,2024-07-08,2024-08-16,,,,,,,,,,,,,,managed_futures_proxy_etf_trend_v1,-22.21233553228096,-22.21233553228096,unavailable_needs_component_daily_contribution_stream,unavailable_needs_component_daily_contribution_stream,available_final_equity_window_contribution,,,,,,,
component_contribution,top2_plus_managed_futures_80_20_v1,30,standard,2024-07-09,2024-08-19,,,,,,,,,,,,,,asset_class_tsmom_top2_v1,80.05112863748202,80.05112863748202,unavailable_needs_component_daily_contribution_stream,unavailable_needs_component_daily_contribution_stream,available_final_equity_window_contribution,,,,,,,
component_contribution,top2_plus_managed_futures_80_20_v1,30,standard,2024-07-09,2024-08-19,,,,,,,,,,,,,,managed_futures_proxy_etf_trend_v1,-21.613997975109285,-21.613997975109285,unavailable_needs_component_daily_contribution_stream,unavailable_needs_component_daily_contribution_stream,available_final_equity_window_contribution,,,,,,,
component_contribution,top2_plus_managed_futures_80_20_v1,30,standard,2024-12-10,2025-01-24,,,,,,,,,,,,,,asset_class_tsmom_top2_v1,49.719676345808935,49.719676345808935,unavailable_needs_component_daily_contribution_stream,unavailable_needs_component_daily_contribution_stream,available_final_equity_window_contribution,,,,,,,
component_contribution,top2_plus_managed_futures_80_20_v1,30,standard,2024-12-10,2025-01-24,,,,,,,,,,,,,,managed_futures_proxy_etf_trend_v1,3.219435506800769,3.219435506800769,unavailable_needs_component_daily_contribution_stream,unavailable_needs_component_daily_contribution_stream,available_final_equity_window_contribution,,,,,,,
component_contribution,top2_plus_managed_futures_80_20_v1,30,standard,2025-04-24,2025-06-05,,,,,,,,,,,,,,asset_class_tsmom_top2_v1,-45.23418187583066,-45.23418187583066,unavailable_needs_component_daily_contribution_stream,unavailable_needs_component_daily_contribution_stream,available_final_equity_window_contribution,,,,,,,
component_contribution,top2_plus_managed_futures_80_20_v1,30,standard,2025-04-24,2025-06-05,,,,,,,,,,,,,,managed_futures_proxy_etf_trend_v1,1.0691403566455973,1.0691403566455973,unavailable_needs_component_daily_contribution_stream,unavailable_needs_component_daily_contribution_stream,available_final_equity_window_contribution,,,,,,,
component_contribution,top2_plus_managed_futures_80_20_v1,30,standard,2025-04-25,2025-06-06,,,,,,,,,,,,,,asset_class_tsmom_top2_v1,-44.86928034057951,-44.86928034057951,unavailable_needs_component_daily_contribution_stream,unavailable_needs_component_daily_contribution_stream,available_final_equity_window_contribution,,,,,,,
component_contribution,top2_plus_managed_futures_80_20_v1,30,standard,2025-04-25,2025-06-06,,,,,,,,,,,,,,managed_futures_proxy_etf_trend_v1,2.7655567826967653,2.7655567826967653,unavailable_needs_component_daily_contribution_stream,unavailable_needs_component_daily_contribution_stream,available_final_equity_window_contribution,,,,,,,
component_contribution,top2_plus_managed_futures_80_20_v1,30,standard,2025-04-28,2025-06-09,,,,,,,,,,,,,,asset_class_tsmom_top2_v1,-70.5116455225181,-70.5116455225181,unavailable_needs_component_daily_contribution_stream,unavailable_needs_component_daily_contribution_stream,available_final_equity_window_contribution,,,,,,,
component_contribution,top2_plus_managed_futures_80_20_v1,30,standard,2025-04-28,2025-06-09,,,,,,,,,,,,,,managed_futures_proxy_etf_trend_v1,1.0806864440184405,1.0806864440184405,unavailable_needs_component_daily_contribution_stream,unavailable_needs_component_daily_contribution_stream,available_final_equity_window_contribution,,,,,,,
component_contribution,top2_plus_managed_futures_80_20_v1,30,standard,2025-04-29,2025-06-10,,,,,,,,,,,,,,asset_class_tsmom_top2_v1,-45.17040550676778,-45.17040550676778,unavailable_needs_component_daily_contribution_stream,unavailable_needs_component_daily_contribution_stream,available_final_equity_window_contribution,,,,,,,
component_contribution,top2_plus_managed_futures_80_20_v1,30,standard,2025-04-29,2025-06-10,,,,,,,,,,,,,,managed_futures_proxy_etf_trend_v1,2.9298336996971472,2.9298336996971472,unavailable_needs_component_daily_contribution_stream,unavailable_needs_component_daily_contribution_stream,available_final_equity_window_contribution,,,,,,,
component_contribution,top2_plus_managed_futures_80_20_v1,30,standard,2025-04-30,2025-06-11,,,,,,,,,,,,,,asset_class_tsmom_top2_v1,-15.978940705264144,-15.978940705264144,unavailable_needs_component_daily_contribution_stream,unavailable_needs_component_daily_contribution_stream,available_final_equity_window_contribution,,,,,,,
component_contribution,top2_plus_managed_futures_80_20_v1,30,standard,2025-04-30,2025-06-11,,,,,,,,,,,,,,managed_futures_proxy_etf_trend_v1,2.8547682785879522,2.8547682785879522,unavailable_needs_component_daily_contribution_stream,unavailable_needs_component_daily_contribution_stream,available_final_equity_window_contribution,,,,,,,
component_contribution,top2_plus_managed_futures_80_20_v1,30,standard,2025-05-01,2025-06-12,,,,,,,,,,,,,,asset_class_tsmom_top2_v1,54.820545514778104,54.820545514778104,unavailable_needs_component_daily_contribution_stream,unavailable_needs_component_daily_contribution_stream,available_final_equity_window_contribution,,,,,,,
component_contribution,top2_plus_managed_futures_80_20_v1,30,standard,2025-05-01,2025-06-12,,,,,,,,,,,,,,managed_futures_proxy_etf_trend_v1,1.039687009723018,1.039687009723018,unavailable_needs_component_daily_contribution_stream,unavailable_needs_component_daily_contribution_stream,available_final_equity_window_contribution,,,,,,,
component_contribution,top2_plus_managed_futures_80_20_v1,30,standard,2025-05-23,2025-07-08,,,,,,,,,,,,,,asset_class_tsmom_top2_v1,-5.955649554760184,-5.955649554760184,unavailable_needs_component_daily_contribution_stream,unavailable_needs_component_daily_contribution_stream,available_final_equity_window_contribution,,,,,,,
component_contribution,top2_plus_managed_futures_80_20_v1,30,standard,2025-05-23,2025-07-08,,,,,,,,,,,,,,managed_futures_proxy_etf_trend_v1,2.9176271133441603,2.9176271133441603,unavailable_needs_component_daily_contribution_stream,unavailable_needs_component_daily_contribution_stream,available_final_equity_window_contribution,,,,,,,
component_contribution,top2_plus_managed_futures_80_20_v1,30,standard,2025-06-06,2025-07-21,,,,,,,,,,,,,,asset_class_tsmom_top2_v1,51.40457207292705,51.40457207292705,unavailable_needs_component_daily_contribution_stream,unavailable_needs_component_daily_contribution_stream,available_final_equity_window_contribution,,,,,,,
component_contribution,top2_plus_managed_futures_80_20_v1,30,standard,2025-06-06,2025-07-21,,,,,,,,,,,,,,managed_futures_proxy_etf_trend_v1,3.100941429501539,3.100941429501539,unavailable_needs_component_daily_contribution_stream,unavailable_needs_component_daily_contribution_stream,available_final_equity_window_contribution,,,,,,,
component_contribution,top2_plus_managed_futures_80_20_v1,30,standard,2025-10-02,2025-11-12,,,,,,,,,,,,,,asset_class_tsmom_top2_v1,133.6422841205322,133.6422841205322,unavailable_needs_component_daily_contribution_stream,unavailable_needs_component_daily_contribution_stream,available_final_equity_window_contribution,,,,,,,
component_contribution,top2_plus_managed_futures_80_20_v1,30,standard,2025-10-02,2025-11-12,,,,,,,,,,,,,,managed_futures_proxy_etf_trend_v1,17.577058126505513,17.577058126505513,unavailable_needs_component_daily_contribution_stream,unavailable_needs_component_daily_contribution_stream,available_final_equity_window_contribution,,,,,,,
component_contribution,top2_plus_managed_futures_80_20_v1,30,standard,2025-10-03,2025-11-13,,,,,,,,,,,,,,asset_class_tsmom_top2_v1,92.606307536132,92.606307536132,unavailable_needs_component_daily_contribution_stream,unavailable_needs_component_daily_contribution_stream,available_final_equity_window_contribution,,,,,,,
component_contribution,top2_plus_managed_futures_80_20_v1,30,standard,2025-10-03,2025-11-13,,,,,,,,,,,,,,managed_futures_proxy_etf_trend_v1,12.877418964161869,12.877418964161869,unavailable_needs_component_daily_contribution_stream,unavailable_needs_component_daily_contribution_stream,available_final_equity_window_contribution,,,,,,,
component_contribution,top2_plus_managed_futures_80_20_v1,30,standard,2025-10-06,2025-11-14,,,,,,,,,,,,,,asset_class_tsmom_top2_v1,42.59911212638056,42.59911212638056,unavailable_needs_component_daily_contribution_stream,unavailable_needs_component_daily_contribution_stream,available_final_equity_window_contribution,,,,,,,
component_contribution,top2_plus_managed_futures_80_20_v1,30,standard,2025-10-06,2025-11-14,,,,,,,,,,,,,,managed_futures_proxy_etf_trend_v1,5.856637475013086,5.856637475013086,unavailable_needs_component_daily_contribution_stream,unavailable_needs_component_daily_contribution_stream,available_final_equity_window_contribution,,,,,,,
component_contribution,top2_plus_managed_futures_80_20_v1,30,standard,2025-11-03,2025-12-15,,,,,,,,,,,,,,asset_class_tsmom_top2_v1,82.49431128432342,82.49431128432342,unavailable_needs_component_daily_contribution_stream,unavailable_needs_component_daily_contribution_stream,available_final_equity_window_contribution,,,,,,,
component_contribution,top2_plus_managed_futures_80_20_v1,30,standard,2025-11-03,2025-12-15,,,,,,,,,,,,,,managed_futures_proxy_etf_trend_v1,6.736169862751642,6.736169862751642,unavailable_needs_component_daily_contribution_stream,unavailable_needs_component_daily_contribution_stream,available_final_equity_window_contribution,,,,,,,
component_contribution,top2_plus_managed_futures_80_20_v1,30,standard,2026-04-01,2026-05-13,,,,,,,,,,,,,,asset_class_tsmom_top2_v1,14.959619928281567,14.959619928281567,unavailable_needs_component_daily_contribution_stream,unavailable_needs_component_daily_contribution_stream,available_final_equity_window_contribution,,,,,,,
component_contribution,top2_plus_managed_futures_80_20_v1,30,standard,2026-04-01,2026-05-13,,,,,,,,,,,,,,managed_futures_proxy_etf_trend_v1,29.573501446221446,29.573501446221446,unavailable_needs_component_daily_contribution_stream,unavailable_needs_component_daily_contribution_stream,available_final_equity_window_contribution,,,,,,,
component_contribution,top2_plus_managed_futures_80_20_v1,30,standard,2026-04-10,2026-05-21,,,,,,,,,,,,,,asset_class_tsmom_top2_v1,-22.68090711721176,-22.68090711721176,unavailable_needs_component_daily_contribution_stream,unavailable_needs_component_daily_contribution_stream,available_final_equity_window_contribution,,,,,,,
component_contribution,top2_plus_managed_futures_80_20_v1,30,standard,2026-04-10,2026-05-21,,,,,,,,,,,,,,managed_futures_proxy_etf_trend_v1,19.878676344305596,19.878676344305596,unavailable_needs_component_daily_contribution_stream,unavailable_needs_component_daily_contribution_stream,available_final_equity_window_contribution,,,,,,,
component_contribution,top2_plus_managed_futures_80_20_v1,30,standard,2026-04-13,2026-05-22,,,,,,,,,,,,,,asset_class_tsmom_top2_v1,-24.8513152565447,-24.8513152565447,unavailable_needs_component_daily_contribution_stream,unavailable_needs_component_daily_contribution_stream,available_final_equity_window_contribution,,,,,,,
component_contribution,top2_plus_managed_futures_80_20_v1,30,standard,2026-04-13,2026-05-22,,,,,,,,,,,,,,managed_futures_proxy_etf_trend_v1,15.750438100619785,15.750438100619785,unavailable_needs_component_daily_contribution_stream,unavailable_needs_component_daily_contribution_stream,available_final_equity_window_contribution,,,,,,,
component_contribution,top2_plus_managed_futures_80_20_v1,30,standard,2026-04-14,2026-05-26,,,,,,,,,,,,,,asset_class_tsmom_top2_v1,-46.68205430633964,-46.68205430633964,unavailable_needs_component_daily_contribution_stream,unavailable_needs_component_daily_contribution_stream,available_final_equity_window_contribution,,,,,,,
component_contribution,top2_plus_managed_futures_80_20_v1,30,standard,2026-04-14,2026-05-26,,,,,,,,,,,,,,managed_futures_proxy_etf_trend_v1,16.63972157780974,16.63972157780974,unavailable_needs_component_daily_contribution_stream,unavailable_needs_component_daily_contribution_stream,available_final_equity_window_contribution,,,,,,,
component_contribution,top2_plus_managed_futures_80_20_v1,30,standard,2026-04-15,2026-05-27,,,,,,,,,,,,,,asset_class_tsmom_top2_v1,-47.81559943517621,-47.81559943517621,unavailable_needs_component_daily_contribution_stream,unavailable_needs_component_daily_contribution_stream,available_final_equity_window_contribution,,,,,,,
component_contribution,top2_plus_managed_futures_80_20_v1,30,standard,2026-04-15,2026-05-27,,,,,,,,,,,,,,managed_futures_proxy_etf_trend_v1,11.521642144318879,11.521642144318879,unavailable_needs_component_daily_contribution_stream,unavailable_needs_component_daily_contribution_stream,available_final_equity_window_contribution,,,,,,,
component_contribution,top2_plus_managed_futures_80_20_v1,30,standard,2026-04-16,2026-05-28,,,,,,,,,,,,,,asset_class_tsmom_top2_v1,-25.679668564474127,-25.679668564474127,unavailable_needs_component_daily_contribution_stream,unavailable_needs_component_daily_contribution_stream,available_final_equity_window_contribution,,,,,,,
component_contribution,top2_plus_managed_futures_80_20_v1,30,standard,2026-04-16,2026-05-28,,,,,,,,,,,,,,managed_futures_proxy_etf_trend_v1,7.372625906088312,7.372625906088312,unavailable_needs_component_daily_contribution_stream,unavailable_needs_component_daily_contribution_stream,available_final_equity_window_contribution,,,,,,,
component_contribution,top2_plus_managed_futures_80_20_v1,30,standard,2026-04-17,2026-05-29,,,,,,,,,,,,,,asset_class_tsmom_top2_v1,-32.507137299212,-32.507137299212,unavailable_needs_component_daily_contribution_stream,unavailable_needs_component_daily_contribution_stream,available_final_equity_window_contribution,,,,,,,
component_contribution,top2_plus_managed_futures_80_20_v1,30,standard,2026-04-17,2026-05-29,,,,,,,,,,,,,,managed_futures_proxy_etf_trend_v1,15.176915288496218,15.176915288496218,unavailable_needs_component_daily_contribution_stream,unavailable_needs_component_daily_contribution_stream,available_final_equity_window_contribution,,,,,,,
component_contribution,top2_plus_managed_futures_80_20_v1,60,standard,2020-12-02,2021-03-01,,,,,,,,,,,,,,asset_class_tsmom_top2_v1,-1.7192590605163407,-1.7192590605163407,unavailable_needs_component_daily_contribution_stream,unavailable_needs_component_daily_contribution_stream,available_final_equity_window_contribution,,,,,,,
component_contribution,top2_plus_managed_futures_80_20_v1,60,standard,2020-12-02,2021-03-01,,,,,,,,,,,,,,managed_futures_proxy_etf_trend_v1,-0.4298147651290852,-0.4298147651290852,unavailable_needs_component_daily_contribution_stream,unavailable_needs_component_daily_contribution_stream,available_final_equity_window_contribution,,,,,,,
component_contribution,top2_plus_managed_futures_80_20_v1,60,standard,2021-02-12,2021-05-10,,,,,,,,,,,,,,asset_class_tsmom_top2_v1,6.5371924775873556,6.5371924775873556,unavailable_needs_component_daily_contribution_stream,unavailable_needs_component_daily_contribution_stream,available_final_equity_window_contribution,,,,,,,
component_contribution,top2_plus_managed_futures_80_20_v1,60,standard,2021-02-12,2021-05-10,,,,,,,,,,,,,,managed_futures_proxy_etf_trend_v1,1.6342981193968389,1.6342981193968389,unavailable_needs_component_daily_contribution_stream,unavailable_needs_component_daily_contribution_stream,available_final_equity_window_contribution,,,,,,,
component_contribution,top2_plus_managed_futures_80_20_v1,60,standard,2021-05-11,2021-08-04,,,,,,,,,,,,,,asset_class_tsmom_top2_v1,-7.827525222630859,-7.827525222630859,unavailable_needs_component_daily_contribution_stream,unavailable_needs_component_daily_contribution_stream,available_final_equity_window_contribution,,,,,,,
component_contribution,top2_plus_managed_futures_80_20_v1,60,standard,2021-05-11,2021-08-04,,,,,,,,,,,,,,managed_futures_proxy_etf_trend_v1,-1.9568813056577148,-1.9568813056577148,unavailable_needs_component_daily_contribution_stream,unavailable_needs_component_daily_contribution_stream,available_final_equity_window_contribution,,,,,,,
component_contribution,top2_plus_managed_futures_80_20_v1,60,standard,2021-10-15,2022-01-10,,,,,,,,,,,,,,asset_class_tsmom_top2_v1,47.73461396505301,47.73461396505301,unavailable_needs_component_daily_contribution_stream,unavailable_needs_component_daily_contribution_stream,available_final_equity_window_contribution,,,,,,,
component_contribution,top2_plus_managed_futures_80_20_v1,60,standard,2021-10-15,2022-01-10,,,,,,,,,,,,,,managed_futures_proxy_etf_trend_v1,-33.34101626993235,-33.34101626993235,unavailable_needs_component_daily_contribution_stream,unavailable_needs_component_daily_contribution_stream,available_final_equity_window_contribution,,,,,,,
component_contribution,top2_plus_managed_futures_80_20_v1,60,standard,2021-12-01,2022-02-25,,,,,,,,,,,,,,asset_class_tsmom_top2_v1,-90.274451226917,-90.274451226917,unavailable_needs_component_daily_contribution_stream,unavailable_needs_component_daily_contribution_stream,available_final_equity_window_contribution,,,,,,,
component_contribution,top2_plus_managed_futures_80_20_v1,60,standard,2021-12-01,2022-02-25,,,,,,,,,,,,,,managed_futures_proxy_etf_trend_v1,5.457308497619401,5.457308497619401,unavailable_needs_component_daily_contribution_stream,unavailable_needs_component_daily_contribution_stream,available_final_equity_window_contribution,,,,,,,
component_contribution,top2_plus_managed_futures_80_20_v1,60,standard,2022-02-28,2022-05-23,,,,,,,,,,,,,,asset_class_tsmom_top2_v1,-221.32625247866457,-221.32625247866457,unavailable_needs_component_daily_contribution_stream,unavailable_needs_component_daily_contribution_stream,available_final_equity_window_contribution,,,,,,,
component_contribution,top2_plus_managed_futures_80_20_v1,60,standard,2022-02-28,2022-05-23,,,,,,,,,,,,,,managed_futures_proxy_etf_trend_v1,107.76314689370469,107.76314689370469,unavailable_needs_component_daily_contribution_stream,unavailable_needs_component_daily_contribution_stream,available_final_equity_window_contribution,,,,,,,
component_contribution,top2_plus_managed_futures_80_20_v1,60,standard,2022-03-24,2022-06-17,,,,,,,,,,,,,,asset_class_tsmom_top2_v1,-220.79640916775364,-220.79640916775364,unavailable_needs_component_daily_contribution_stream,unavailable_needs_component_daily_contribution_stream,available_final_equity_window_contribution,,,,,,,
component_contribution,top2_plus_managed_futures_80_20_v1,60,standard,2022-03-24,2022-06-17,,,,,,,,,,,,,,managed_futures_proxy_etf_trend_v1,76.36191032453537,76.36191032453537,unavailable_needs_component_daily_contribution_stream,unavailable_needs_component_daily_contribution_stream,available_final_equity_window_contribution,,,,,,,
component_contribution,top2_plus_managed_futures_80_20_v1,60,standard,2022-06-21,2022-09-14,,,,,,,,,,,,,,asset_class_tsmom_top2_v1,-20.26965338264754,-20.26965338264754,unavailable_needs_component_daily_contribution_stream,unavailable_needs_component_daily_contribution_stream,available_final_equity_window_contribution,,,,,,,
component_contribution,top2_plus_managed_futures_80_20_v1,60,standard,2022-06-21,2022-09-14,,,,,,,,,,,,,,managed_futures_proxy_etf_trend_v1,-1.684902286729089,-1.684902286729089,unavailable_needs_component_daily_contribution_stream,unavailable_needs_component_daily_contribution_stream,available_final_equity_window_contribution,,,,,,,
component_contribution,top2_plus_managed_futures_80_20_v1,60,standard,2022-08-31,2022-11-23,,,,,,,,,,,,,,asset_class_tsmom_top2_v1,15.339329955163844,15.339329955163844,unavailable_needs_component_daily_contribution_stream,unavailable_needs_component_daily_contribution_stream,available_final_equity_window_contribution,,,,,,,
component_contribution,top2_plus_managed_futures_80_20_v1,60,standard,2022-08-31,2022-11-23,,,,,,,,,,,,,,managed_futures_proxy_etf_trend_v1,-28.371801840573024,-28.371801840573024,unavailable_needs_component_daily_contribution_stream,unavailable_needs_component_daily_contribution_stream,available_final_equity_window_contribution,,,,,,,
component_contribution,top2_plus_managed_futures_80_20_v1,60,standard,2022-09-20,2022-12-13,,,,,,,,,,,,,,asset_class_tsmom_top2_v1,24.367002027614515,24.367002027614515,unavailable_needs_component_daily_contribution_stream,unavailable_needs_component_daily_contribution_stream,available_final_equity_window_contribution,,,,,,,
component_contribution,top2_plus_managed_futures_80_20_v1,60,standard,2022-09-20,2022-12-13,,,,,,,,,,,,,,managed_futures_proxy_etf_trend_v1,-52.35124269510874,-52.35124269510874,unavailable_needs_component_daily_contribution_stream,unavailable_needs_component_daily_contribution_stream,available_final_equity_window_contribution,,,,,,,
component_contribution,top2_plus_managed_futures_80_20_v1,60,standard,2022-12-22,2023-03-21,,,,,,,,,,,,,,asset_class_tsmom_top2_v1,156.87431972712045,156.87431972712045,unavailable_needs_component_daily_contribution_stream,unavailable_needs_component_daily_contribution_stream,available_final_equity_window_contribution,,,,,,,
component_contribution,top2_plus_managed_futures_80_20_v1,60,standard,2022-12-22,2023-03-21,,,,,,,,,,,,,,managed_futures_proxy_etf_trend_v1,4.33439710683856,4.33439710683856,unavailable_needs_component_daily_contribution_stream,unavailable_needs_component_daily_contribution_stream,available_final_equity_window_contribution,,,,,,,
component_contribution,top2_plus_managed_futures_80_20_v1,60,standard,2023-02-08,2023-05-04,,,,,,,,,,,,,,asset_class_tsmom_top2_v1,137.54026642919598,137.54026642919598,unavailable_needs_component_daily_contribution_stream,unavailable_needs_component_daily_contribution_stream,available_final_equity_window_contribution,,,,,,,
component_contribution,top2_plus_managed_futures_80_20_v1,60,standard,2023-02-08,2023-05-04,,,,,,,,,,,,,,managed_futures_proxy_etf_trend_v1,6.319809135540852,6.319809135540852,unavailable_needs_component_daily_contribution_stream,unavailable_needs_component_daily_contribution_stream,available_final_equity_window_contribution,,,,,,,
component_contribution,top2_plus_managed_futures_80_20_v1,60,standard,2023-07-19,2023-10-11,,,,,,,,,,,,,,asset_class_tsmom_top2_v1,-115.09027315856106,-115.09027315856106,unavailable_needs_component_daily_contribution_stream,unavailable_needs_component_daily_contribution_stream,available_final_equity_window_contribution,,,,,,,
component_contribution,top2_plus_managed_futures_80_20_v1,60,standard,2023-07-19,2023-10-11,,,,,,,,,,,,,,managed_futures_proxy_etf_trend_v1,-0.17893483449905379,-0.17893483449905379,unavailable_needs_component_daily_contribution_stream,unavailable_needs_component_daily_contribution_stream,available_final_equity_window_contribution,,,,,,,
component_contribution,top2_plus_managed_futures_80_20_v1,60,standard,2023-07-31,2023-10-23,,,,,,,,,,,,,,asset_class_tsmom_top2_v1,-197.99298855253474,-197.99298855253474,unavailable_needs_component_daily_contribution_stream,unavailable_needs_component_daily_contribution_stream,available_final_equity_window_contribution,,,,,,,
component_contribution,top2_plus_managed_futures_80_20_v1,60,standard,2023-07-31,2023-10-23,,,,,,,,,,,,,,managed_futures_proxy_etf_trend_v1,10.79401631165078,10.79401631165078,unavailable_needs_component_daily_contribution_stream,unavailable_needs_component_daily_contribution_stream,available_final_equity_window_contribution,,,,,,,
component_contribution,top2_plus_managed_futures_80_20_v1,60,standard,2023-12-21,2024-03-19,,,,,,,,,,,,,,asset_class_tsmom_top2_v1,179.29091151648012,179.29091151648012,unavailable_needs_component_daily_contribution_stream,unavailable_needs_component_daily_contribution_stream,available_final_equity_window_contribution,,,,,,,
component_contribution,top2_plus_managed_futures_80_20_v1,60,standard,2023-12-21,2024-03-19,,,,,,,,,,,,,,managed_futures_proxy_etf_trend_v1,14.305725725138968,14.305725725138968,unavailable_needs_component_daily_contribution_stream,unavailable_needs_component_daily_contribution_stream,available_final_equity_window_contribution,,,,,,,
component_contribution,top2_plus_managed_futures_80_20_v1,60,standard,2024-05-23,2024-08-19,,,,,,,,,,,,,,asset_class_tsmom_top2_v1,171.2935675751368,171.2935675751368,unavailable_needs_component_daily_contribution_stream,unavailable_needs_component_daily_contribution_stream,available_final_equity_window_contribution,,,,,,,
component_contribution,top2_plus_managed_futures_80_20_v1,60,standard,2024-05-23,2024-08-19,,,,,,,,,,,,,,managed_futures_proxy_etf_trend_v1,-9.816701255209958,-9.816701255209958,unavailable_needs_component_daily_contribution_stream,unavailable_needs_component_daily_contribution_stream,available_final_equity_window_contribution,,,,,,,
component_contribution,top2_plus_managed_futures_80_20_v1,60,standard,2024-05-31,2024-08-26,,,,,,,,,,,,,,asset_class_tsmom_top2_v1,179.232284217552,179.232284217552,unavailable_needs_component_daily_contribution_stream,unavailable_needs_component_daily_contribution_stream,available_final_equity_window_contribution,,,,,,,
component_contribution,top2_plus_managed_futures_80_20_v1,60,standard,2024-05-31,2024-08-26,,,,,,,,,,,,,,managed_futures_proxy_etf_trend_v1,-11.62297781274411,-11.62297781274411,unavailable_needs_component_daily_contribution_stream,unavailable_needs_component_daily_contribution_stream,available_final_equity_window_contribution,,,,,,,
component_contribution,top2_plus_managed_futures_80_20_v1,60,standard,2024-07-05,2024-09-27,,,,,,,,,,,,,,asset_class_tsmom_top2_v1,169.7302598435862,169.7302598435862,unavailable_needs_component_daily_contribution_stream,unavailable_needs_component_daily_contribution_stream,available_final_equity_window_contribution,,,,,,,
component_contribution,top2_plus_managed_futures_80_20_v1,60,standard,2024-07-05,2024-09-27,,,,,,,,,,,,,,managed_futures_proxy_etf_trend_v1,-16.20398000085927,-16.20398000085927,unavailable_needs_component_daily_contribution_stream,unavailable_needs_component_daily_contribution_stream,available_final_equity_window_contribution,,,,,,,
component_contribution,top2_plus_managed_futures_80_20_v1,60,standard,2024-07-08,2024-09-30,,,,,,,,,,,,,,asset_class_tsmom_top2_v1,179.0825614712067,179.0825614712067,unavailable_needs_component_daily_contribution_stream,unavailable_needs_component_daily_contribution_stream,available_final_equity_window_contribution,,,,,,,
component_contribution,top2_plus_managed_futures_80_20_v1,60,standard,2024-07-08,2024-09-30,,,,,,,,,,,,,,managed_futures_proxy_etf_trend_v1,-15.279630909580119,-15.279630909580119,unavailable_needs_component_daily_contribution_stream,unavailable_needs_component_daily_contribution_stream,available_final_equity_window_contribution,,,,,,,
component_contribution,top2_plus_managed_futures_80_20_v1,60,standard,2024-07-09,2024-10-01,,,,,,,,,,,,,,asset_class_tsmom_top2_v1,177.60677602883237,177.60677602883237,unavailable_needs_component_daily_contribution_stream,unavailable_needs_component_daily_contribution_stream,available_final_equity_window_contribution,,,,,,,
component_contribution,top2_plus_managed_futures_80_20_v1,60,standard,2024-07-09,2024-10-01,,,,,,,,,,,,,,managed_futures_proxy_etf_trend_v1,-16.18684894750594,-16.18684894750594,unavailable_needs_component_daily_contribution_stream,unavailable_needs_component_daily_contribution_stream,available_final_equity_window_contribution,,,,,,,
component_contribution,top2_plus_managed_futures_80_20_v1,60,standard,2024-11-06,2025-02-04,,,,,,,,,,,,,,asset_class_tsmom_top2_v1,109.91175448466221,109.91175448466221,unavailable_needs_component_daily_contribution_stream,unavailable_needs_component_daily_contribution_stream,available_final_equity_window_contribution,,,,,,,
component_contribution,top2_plus_managed_futures_80_20_v1,60,standard,2024-11-06,2025-02-04,,,,,,,,,,,,,,managed_futures_proxy_etf_trend_v1,6.46626549995164,6.46626549995164,unavailable_needs_component_daily_contribution_stream,unavailable_needs_component_daily_contribution_stream,available_final_equity_window_contribution,,,,,,,
component_contribution,top2_plus_managed_futures_80_20_v1,60,standard,2025-04-17,2025-07-15,,,,,,,,,,,,,,asset_class_tsmom_top2_v1,-39.73137813041045,-39.73137813041045,unavailable_needs_component_daily_contribution_stream,unavailable_needs_component_daily_contribution_stream,available_final_equity_window_contribution,,,,,,,
component_contribution,top2_plus_managed_futures_80_20_v1,60,standard,2025-04-17,2025-07-15,,,,,,,,,,,,,,managed_futures_proxy_etf_trend_v1,7.492039091979619,7.492039091979619,unavailable_needs_component_daily_contribution_stream,unavailable_needs_component_daily_contribution_stream,available_final_equity_window_contribution,,,,,,,
component_contribution,top2_plus_managed_futures_80_20_v1,60,standard,2025-04-24,2025-07-21,,,,,,,,,,,,,,asset_class_tsmom_top2_v1,-20.256098888488182,-20.256098888488182,unavailable_needs_component_daily_contribution_stream,unavailable_needs_component_daily_contribution_stream,available_final_equity_window_contribution,,,,,,,
component_contribution,top2_plus_managed_futures_80_20_v1,60,standard,2025-04-24,2025-07-21,,,,,,,,,,,,,,managed_futures_proxy_etf_trend_v1,6.03481868156698,6.03481868156698,unavailable_needs_component_daily_contribution_stream,unavailable_needs_component_daily_contribution_stream,available_final_equity_window_contribution,,,,,,,
component_contribution,top2_plus_managed_futures_80_20_v1,60,standard,2025-04-25,2025-07-22,,,,,,,,,,,,,,asset_class_tsmom_top2_v1,20.67333147946652,20.67333147946652,unavailable_needs_component_daily_contribution_stream,unavailable_needs_component_daily_contribution_stream,available_final_equity_window_contribution,,,,,,,
component_contribution,top2_plus_managed_futures_80_20_v1,60,standard,2025-04-25,2025-07-22,,,,,,,,,,,,,,managed_futures_proxy_etf_trend_v1,4.120974983175371,4.120974983175371,unavailable_needs_component_daily_contribution_stream,unavailable_needs_component_daily_contribution_stream,available_final_equity_window_contribution,,,,,,,
component_contribution,top2_plus_managed_futures_80_20_v1,60,standard,2025-04-28,2025-07-23,,,,,,,,,,,,,,asset_class_tsmom_top2_v1,-32.471855007754954,-32.471855007754954,unavailable_needs_component_daily_contribution_stream,unavailable_needs_component_daily_contribution_stream,available_final_equity_window_contribution,,,,,,,
component_contribution,top2_plus_managed_futures_80_20_v1,60,standard,2025-04-28,2025-07-23,,,,,,,,,,,,,,managed_futures_proxy_etf_trend_v1,4.075011052729168,4.075011052729168,unavailable_needs_component_daily_contribution_stream,unavailable_needs_component_daily_contribution_stream,available_final_equity_window_contribution,,,,,,,
component_contribution,top2_plus_managed_futures_80_20_v1,60,standard,2025-04-29,2025-07-24,,,,,,,,,,,,,,asset_class_tsmom_top2_v1,-18.281849554513258,-18.281849554513258,unavailable_needs_component_daily_contribution_stream,unavailable_needs_component_daily_contribution_stream,available_final_equity_window_contribution,,,,,,,
component_contribution,top2_plus_managed_futures_80_20_v1,60,standard,2025-04-29,2025-07-24,,,,,,,,,,,,,,managed_futures_proxy_etf_trend_v1,5.884934051749912,5.884934051749912,unavailable_needs_component_daily_contribution_stream,unavailable_needs_component_daily_contribution_stream,available_final_equity_window_contribution,,,,,,,
component_contribution,top2_plus_managed_futures_80_20_v1,60,standard,2025-04-30,2025-07-25,,,,,,,,,,,,,,asset_class_tsmom_top2_v1,-8.64361103258097,-8.64361103258097,unavailable_needs_component_daily_contribution_stream,unavailable_needs_component_daily_contribution_stream,available_final_equity_window_contribution,,,,,,,
component_contribution,top2_plus_managed_futures_80_20_v1,60,standard,2025-04-30,2025-07-25,,,,,,,,,,,,,,managed_futures_proxy_etf_trend_v1,4.271899169681054,4.271899169681054,unavailable_needs_component_daily_contribution_stream,unavailable_needs_component_daily_contribution_stream,available_final_equity_window_contribution,,,,,,,
component_contribution,top2_plus_managed_futures_80_20_v1,60,standard,2025-05-01,2025-07-28,,,,,,,,,,,,,,asset_class_tsmom_top2_v1,31.315657919485446,31.315657919485446,unavailable_needs_component_daily_contribution_stream,unavailable_needs_component_daily_contribution_stream,available_final_equity_window_contribution,,,,,,,
component_contribution,top2_plus_managed_futures_80_20_v1,60,standard,2025-05-01,2025-07-28,,,,,,,,,,,,,,managed_futures_proxy_etf_trend_v1,6.056989946692941,6.056989946692941,unavailable_needs_component_daily_contribution_stream,unavailable_needs_component_daily_contribution_stream,available_final_equity_window_contribution,,,,,,,
component_contribution,top2_plus_managed_futures_80_20_v1,60,standard,2025-05-08,2025-08-04,,,,,,,,,,,,,,asset_class_tsmom_top2_v1,58.70234978104744,58.70234978104744,unavailable_needs_component_daily_contribution_stream,unavailable_needs_component_daily_contribution_stream,available_final_equity_window_contribution,,,,,,,
component_contribution,top2_plus_managed_futures_80_20_v1,60,standard,2025-05-08,2025-08-04,,,,,,,,,,,,,,managed_futures_proxy_etf_trend_v1,6.106457432916284,6.106457432916284,unavailable_needs_component_daily_contribution_stream,unavailable_needs_component_daily_contribution_stream,available_final_equity_window_contribution,,,,,,,
component_contribution,top2_plus_managed_futures_80_20_v1,60,standard,2025-05-14,2025-08-08,,,,,,,,,,,,,,asset_class_tsmom_top2_v1,121.14593963158129,121.14593963158129,unavailable_needs_component_daily_contribution_stream,unavailable_needs_component_daily_contribution_stream,available_final_equity_window_contribution,,,,,,,
component_contribution,top2_plus_managed_futures_80_20_v1,60,standard,2025-05-14,2025-08-08,,,,,,,,,,,,,,managed_futures_proxy_etf_trend_v1,4.515601495751955,4.515601495751955,unavailable_needs_component_daily_contribution_stream,unavailable_needs_component_daily_contribution_stream,available_final_equity_window_contribution,,,,,,,
component_contribution,top2_plus_managed_futures_80_20_v1,60,standard,2025-09-25,2025-12-18,,,,,,,,,,,,,,asset_class_tsmom_top2_v1,220.8534626827105,220.8534626827105,unavailable_needs_component_daily_contribution_stream,unavailable_needs_component_daily_contribution_stream,available_final_equity_window_contribution,,,,,,,
component_contribution,top2_plus_managed_futures_80_20_v1,60,standard,2025-09-25,2025-12-18,,,,,,,,,,,,,,managed_futures_proxy_etf_trend_v1,23.497073716460154,23.497073716460154,unavailable_needs_component_daily_contribution_stream,unavailable_needs_component_daily_contribution_stream,available_final_equity_window_contribution,,,,,,,
component_contribution,top2_plus_managed_futures_80_20_v1,60,standard,2025-10-02,2025-12-26,,,,,,,,,,,,,,asset_class_tsmom_top2_v1,250.14457031927267,250.14457031927267,unavailable_needs_component_daily_contribution_stream,unavailable_needs_component_daily_contribution_stream,available_final_equity_window_contribution,,,,,,,
component_contribution,top2_plus_managed_futures_80_20_v1,60,standard,2025-10-02,2025-12-26,,,,,,,,,,,,,,managed_futures_proxy_etf_trend_v1,26.104868595019685,26.104868595019685,unavailable_needs_component_daily_contribution_stream,unavailable_needs_component_daily_contribution_stream,available_final_equity_window_contribution,,,,,,,
component_contribution,top2_plus_managed_futures_80_20_v1,60,standard,2025-10-03,2025-12-29,,,,,,,,,,,,,,asset_class_tsmom_top2_v1,178.21422105429625,178.21422105429625,unavailable_needs_component_daily_contribution_stream,unavailable_needs_component_daily_contribution_stream,available_final_equity_window_contribution,,,,,,,
component_contribution,top2_plus_managed_futures_80_20_v1,60,standard,2025-10-03,2025-12-29,,,,,,,,,,,,,,managed_futures_proxy_etf_trend_v1,21.775032135256836,21.775032135256836,unavailable_needs_component_daily_contribution_stream,unavailable_needs_component_daily_contribution_stream,available_final_equity_window_contribution,,,,,,,
component_contribution,top2_plus_managed_futures_80_20_v1,60,standard,2025-10-06,2025-12-30,,,,,,,,,,,,,,asset_class_tsmom_top2_v1,149.0316461940359,149.0316461940359,unavailable_needs_component_daily_contribution_stream,unavailable_needs_component_daily_contribution_stream,available_final_equity_window_contribution,,,,,,,
component_contribution,top2_plus_managed_futures_80_20_v1,60,standard,2025-10-06,2025-12-30,,,,,,,,,,,,,,managed_futures_proxy_etf_trend_v1,16.009722275631564,16.009722275631564,unavailable_needs_component_daily_contribution_stream,unavailable_needs_component_daily_contribution_stream,available_final_equity_window_contribution,,,,,,,
component_contribution,top2_plus_managed_futures_80_20_v1,60,standard,2026-02-26,2026-05-21,,,,,,,,,,,,,,asset_class_tsmom_top2_v1,-175.0396622514639,-175.0396622514639,unavailable_needs_component_daily_contribution_stream,unavailable_needs_component_daily_contribution_stream,available_final_equity_window_contribution,,,,,,,
component_contribution,top2_plus_managed_futures_80_20_v1,60,standard,2026-02-26,2026-05-21,,,,,,,,,,,,,,managed_futures_proxy_etf_trend_v1,23.946949663101233,23.946949663101233,unavailable_needs_component_daily_contribution_stream,unavailable_needs_component_daily_contribution_stream,available_final_equity_window_contribution,,,,,,,
component_contribution,top2_plus_managed_futures_80_20_v1,60,standard,2026-02-27,2026-05-22,,,,,,,,,,,,,,asset_class_tsmom_top2_v1,-188.3885675915797,-188.3885675915797,unavailable_needs_component_daily_contribution_stream,unavailable_needs_component_daily_contribution_stream,available_final_equity_window_contribution,,,,,,,
component_contribution,top2_plus_managed_futures_80_20_v1,60,standard,2026-02-27,2026-05-22,,,,,,,,,,,,,,managed_futures_proxy_etf_trend_v1,20.706831632932563,20.706831632932563,unavailable_needs_component_daily_contribution_stream,unavailable_needs_component_daily_contribution_stream,available_final_equity_window_contribution,,,,,,,
component_contribution,top2_plus_managed_futures_80_20_v1,60,standard,2026-03-02,2026-05-26,,,,,,,,,,,,,,asset_class_tsmom_top2_v1,-195.48076432772226,-195.48076432772226,unavailable_needs_component_daily_contribution_stream,unavailable_needs_component_daily_contribution_stream,available_final_equity_window_contribution,,,,,,,
component_contribution,top2_plus_managed_futures_80_20_v1,60,standard,2026-03-02,2026-05-26,,,,,,,,,,,,,,managed_futures_proxy_etf_trend_v1,17.795982665838988,17.795982665838988,unavailable_needs_component_daily_contribution_stream,unavailable_needs_component_daily_contribution_stream,available_final_equity_window_contribution,,,,,,,
component_contribution,top2_plus_managed_futures_80_20_v1,60,standard,2026-03-03,2026-05-27,,,,,,,,,,,,,,asset_class_tsmom_top2_v1,-150.3939575313704,-150.3939575313704,unavailable_needs_component_daily_contribution_stream,unavailable_needs_component_daily_contribution_stream,available_final_equity_window_contribution,,,,,,,
component_contribution,top2_plus_managed_futures_80_20_v1,60,standard,2026-03-03,2026-05-27,,,,,,,,,,,,,,managed_futures_proxy_etf_trend_v1,25.947756291906813,25.947756291906813,unavailable_needs_component_daily_contribution_stream,unavailable_needs_component_daily_contribution_stream,available_final_equity_window_contribution,,,,,,,
component_contribution,top2_plus_managed_futures_80_20_v1,60,standard,2026-03-04,2026-05-28,,,,,,,,,,,,,,asset_class_tsmom_top2_v1,-148.63454182659262,-148.63454182659262,unavailable_needs_component_daily_contribution_stream,unavailable_needs_component_daily_contribution_stream,available_final_equity_window_contribution,,,,,,,
component_contribution,top2_plus_managed_futures_80_20_v1,60,standard,2026-03-04,2026-05-28,,,,,,,,,,,,,,managed_futures_proxy_etf_trend_v1,18.880701062830003,18.880701062830003,unavailable_needs_component_daily_contribution_stream,unavailable_needs_component_daily_contribution_stream,available_final_equity_window_contribution,,,,,,,
component_contribution,top2_plus_managed_futures_80_20_v1,60,standard,2026-03-05,2026-05-29,,,,,,,,,,,,,,asset_class_tsmom_top2_v1,-113.52853396232994,-113.52853396232994,unavailable_needs_component_daily_contribution_stream,unavailable_needs_component_daily_contribution_stream,available_final_equity_window_contribution,,,,,,,
component_contribution,top2_plus_managed_futures_80_20_v1,60,standard,2026-03-05,2026-05-29,,,,,,,,,,,,,,managed_futures_proxy_etf_trend_v1,20.37419699992043,20.37419699992043,unavailable_needs_component_daily_contribution_stream,unavailable_needs_component_daily_contribution_stream,available_final_equity_window_contribution,,,,,,,
component_contribution,top2_plus_managed_futures_80_20_v1,90,standard,2020-12-02,2021-04-13,,,,,,,,,,,,,,asset_class_tsmom_top2_v1,5.074996826573741,5.074996826573741,unavailable_needs_component_daily_contribution_stream,unavailable_needs_component_daily_contribution_stream,available_final_equity_window_contribution,,,,,,,
component_contribution,top2_plus_managed_futures_80_20_v1,90,standard,2020-12-02,2021-04-13,,,,,,,,,,,,,,managed_futures_proxy_etf_trend_v1,1.2687492066434352,1.2687492066434352,unavailable_needs_component_daily_contribution_stream,unavailable_needs_component_daily_contribution_stream,available_final_equity_window_contribution,,,,,,,
component_contribution,top2_plus_managed_futures_80_20_v1,90,standard,2021-02-12,2021-06-22,,,,,,,,,,,,,,asset_class_tsmom_top2_v1,6.012673121729021,6.012673121729021,unavailable_needs_component_daily_contribution_stream,unavailable_needs_component_daily_contribution_stream,available_final_equity_window_contribution,,,,,,,
component_contribution,top2_plus_managed_futures_80_20_v1,90,standard,2021-02-12,2021-06-22,,,,,,,,,,,,,,managed_futures_proxy_etf_trend_v1,1.5031682804322553,1.5031682804322553,unavailable_needs_component_daily_contribution_stream,unavailable_needs_component_daily_contribution_stream,available_final_equity_window_contribution,,,,,,,
component_contribution,top2_plus_managed_futures_80_20_v1,90,standard,2021-05-07,2021-09-14,,,,,,,,,,,,,,asset_class_tsmom_top2_v1,-8.088954410184913,-8.088954410184913,unavailable_needs_component_daily_contribution_stream,unavailable_needs_component_daily_contribution_stream,available_final_equity_window_contribution,,,,,,,
component_contribution,top2_plus_managed_futures_80_20_v1,90,standard,2021-05-07,2021-09-14,,,,,,,,,,,,,,managed_futures_proxy_etf_trend_v1,-2.0222386025462282,-2.0222386025462282,unavailable_needs_component_daily_contribution_stream,unavailable_needs_component_daily_contribution_stream,available_final_equity_window_contribution,,,,,,,
component_contribution,top2_plus_managed_futures_80_20_v1,90,standard,2021-10-08,2022-02-15,,,,,,,,,,,,,,asset_class_tsmom_top2_v1,22.49672232350794,22.49672232350794,unavailable_needs_component_daily_contribution_stream,unavailable_needs_component_daily_contribution_stream,available_final_equity_window_contribution,,,,,,,
component_contribution,top2_plus_managed_futures_80_20_v1,90,standard,2021-10-08,2022-02-15,,,,,,,,,,,,,,managed_futures_proxy_etf_trend_v1,-13.704860427159652,-13.704860427159652,unavailable_needs_component_daily_contribution_stream,unavailable_needs_component_daily_contribution_stream,available_final_equity_window_contribution,,,,,,,
component_contribution,top2_plus_managed_futures_80_20_v1,90,standard,2021-11-22,2022-03-31,,,,,,,,,,,,,,asset_class_tsmom_top2_v1,-227.7016510779923,-227.7016510779923,unavailable_needs_component_daily_contribution_stream,unavailable_needs_component_daily_contribution_stream,available_final_equity_window_contribution,,,,,,,
component_contribution,top2_plus_managed_futures_80_20_v1,90,standard,2021-11-22,2022-03-31,,,,,,,,,,,,,,managed_futures_proxy_etf_trend_v1,13.631313715388542,13.631313715388542,unavailable_needs_component_daily_contribution_stream,unavailable_needs_component_daily_contribution_stream,available_final_equity_window_contribution,,,,,,,
component_contribution,top2_plus_managed_futures_80_20_v1,90,standard,2022-02-28,2022-07-07,,,,,,,,,,,,,,asset_class_tsmom_top2_v1,-283.84282628684184,-283.84282628684184,unavailable_needs_component_daily_contribution_stream,unavailable_needs_component_daily_contribution_stream,available_final_equity_window_contribution,,,,,,,
component_contribution,top2_plus_managed_futures_80_20_v1,90,standard,2022-02-28,2022-07-07,,,,,,,,,,,,,,managed_futures_proxy_etf_trend_v1,109.66061715549752,109.66061715549752,unavailable_needs_component_daily_contribution_stream,unavailable_needs_component_daily_contribution_stream,available_final_equity_window_contribution,,,,,,,
component_contribution,top2_plus_managed_futures_80_20_v1,90,standard,2022-03-15,2022-07-22,,,,,,,,,,,,,,asset_class_tsmom_top2_v1,-205.2644843103986,-205.2644843103986,unavailable_needs_component_daily_contribution_stream,unavailable_needs_component_daily_contribution_stream,available_final_equity_window_contribution,,,,,,,
component_contribution,top2_plus_managed_futures_80_20_v1,90,standard,2022-03-15,2022-07-22,,,,,,,,,,,,,,managed_futures_proxy_etf_trend_v1,78.70003178836141,78.70003178836141,unavailable_needs_component_daily_contribution_stream,unavailable_needs_component_daily_contribution_stream,available_final_equity_window_contribution,,,,,,,
component_contribution,top2_plus_managed_futures_80_20_v1,90,standard,2022-06-21,2022-10-26,,,,,,,,,,,,,,asset_class_tsmom_top2_v1,-20.891357591331143,-20.891357591331143,unavailable_needs_component_daily_contribution_stream,unavailable_needs_component_daily_contribution_stream,available_final_equity_window_contribution,,,,,,,
component_contribution,top2_plus_managed_futures_80_20_v1,90,standard,2022-06-21,2022-10-26,,,,,,,,,,,,,,managed_futures_proxy_etf_trend_v1,7.060681140290745,7.060681140290745,unavailable_needs_component_daily_contribution_stream,unavailable_needs_component_daily_contribution_stream,available_final_equity_window_contribution,,,,,,,
component_contribution,top2_plus_managed_futures_80_20_v1,90,standard,2022-08-17,2022-12-22,,,,,,,,,,,,,,asset_class_tsmom_top2_v1,33.403772314314175,33.403772314314175,unavailable_needs_component_daily_contribution_stream,unavailable_needs_component_daily_contribution_stream,available_final_equity_window_contribution,,,,,,,
component_contribution,top2_plus_managed_futures_80_20_v1,90,standard,2022-08-17,2022-12-22,,,,,,,,,,,,,,managed_futures_proxy_etf_trend_v1,-14.059086136003367,-14.059086136003367,unavailable_needs_component_daily_contribution_stream,unavailable_needs_component_daily_contribution_stream,available_final_equity_window_contribution,,,,,,,
component_contribution,top2_plus_managed_futures_80_20_v1,90,standard,2022-09-20,2023-01-27,,,,,,,,,,,,,,asset_class_tsmom_top2_v1,140.84923287714076,140.84923287714076,unavailable_needs_component_daily_contribution_stream,unavailable_needs_component_daily_contribution_stream,available_final_equity_window_contribution,,,,,,,
component_contribution,top2_plus_managed_futures_80_20_v1,90,standard,2022-09-20,2023-01-27,,,,,,,,,,,,,,managed_futures_proxy_etf_trend_v1,-51.15468224123754,-51.15468224123754,unavailable_needs_component_daily_contribution_stream,unavailable_needs_component_daily_contribution_stream,available_final_equity_window_contribution,,,,,,,
component_contribution,top2_plus_managed_futures_80_20_v1,90,standard,2022-12-22,2023-05-03,,,,,,,,,,,,,,asset_class_tsmom_top2_v1,237.80309734730145,237.80309734730145,unavailable_needs_component_daily_contribution_stream,unavailable_needs_component_daily_contribution_stream,available_final_equity_window_contribution,,,,,,,
component_contribution,top2_plus_managed_futures_80_20_v1,90,standard,2022-12-22,2023-05-03,,,,,,,,,,,,,,managed_futures_proxy_etf_trend_v1,7.258242469706771,7.258242469706771,unavailable_needs_component_daily_contribution_stream,unavailable_needs_component_daily_contribution_stream,available_final_equity_window_contribution,,,,,,,
component_contribution,top2_plus_managed_futures_80_20_v1,90,standard,2023-01-20,2023-05-30,,,,,,,,,,,,,,asset_class_tsmom_top2_v1,108.79498515771553,108.79498515771553,unavailable_needs_component_daily_contribution_stream,unavailable_needs_component_daily_contribution_stream,available_final_equity_window_contribution,,,,,,,
component_contribution,top2_plus_managed_futures_80_20_v1,90,standard,2023-01-20,2023-05-30,,,,,,,,,,,,,,managed_futures_proxy_etf_trend_v1,9.511213489752022,9.511213489752022,unavailable_needs_component_daily_contribution_stream,unavailable_needs_component_daily_contribution_stream,available_final_equity_window_contribution,,,,,,,
component_contribution,top2_plus_managed_futures_80_20_v1,90,standard,2023-06-27,2023-11-01,,,,,,,,,,,,,,asset_class_tsmom_top2_v1,-101.07574536916613,-101.07574536916613,unavailable_needs_component_daily_contribution_stream,unavailable_needs_component_daily_contribution_stream,available_final_equity_window_contribution,,,,,,,
component_contribution,top2_plus_managed_futures_80_20_v1,90,standard,2023-06-27,2023-11-01,,,,,,,,,,,,,,managed_futures_proxy_etf_trend_v1,9.91087690276277,9.91087690276277,unavailable_needs_component_daily_contribution_stream,unavailable_needs_component_daily_contribution_stream,available_final_equity_window_contribution,,,,,,,
component_contribution,top2_plus_managed_futures_80_20_v1,90,standard,2023-07-13,2023-11-16,,,,,,,,,,,,,,asset_class_tsmom_top2_v1,-15.867891520957421,-15.867891520957421,unavailable_needs_component_daily_contribution_stream,unavailable_needs_component_daily_contribution_stream,available_final_equity_window_contribution,,,,,,,
component_contribution,top2_plus_managed_futures_80_20_v1,90,standard,2023-07-13,2023-11-16,,,,,,,,,,,,,,managed_futures_proxy_etf_trend_v1,-14.588487245247414,-14.588487245247414,unavailable_needs_component_daily_contribution_stream,unavailable_needs_component_daily_contribution_stream,available_final_equity_window_contribution,,,,,,,
component_contribution,top2_plus_managed_futures_80_20_v1,90,standard,2023-11-28,2024-04-08,,,,,,,,,,,,,,asset_class_tsmom_top2_v1,340.0932465591126,340.0932465591126,unavailable_needs_component_daily_contribution_stream,unavailable_needs_component_daily_contribution_stream,available_final_equity_window_contribution,,,,,,,
component_contribution,top2_plus_managed_futures_80_20_v1,90,standard,2023-11-28,2024-04-08,,,,,,,,,,,,,,managed_futures_proxy_etf_trend_v1,16.229256871538247,16.229256871538247,unavailable_needs_component_daily_contribution_stream,unavailable_needs_component_daily_contribution_stream,available_final_equity_window_contribution,,,,,,,
component_contribution,top2_plus_managed_futures_80_20_v1,90,standard,2024-04-29,2024-09-05,,,,,,,,,,,,,,asset_class_tsmom_top2_v1,189.80573168862412,189.80573168862412,unavailable_needs_component_daily_contribution_stream,unavailable_needs_component_daily_contribution_stream,available_final_equity_window_contribution,,,,,,,
component_contribution,top2_plus_managed_futures_80_20_v1,90,standard,2024-04-29,2024-09-05,,,,,,,,,,,,,,managed_futures_proxy_etf_trend_v1,-12.551578217067238,-12.551578217067238,unavailable_needs_component_daily_contribution_stream,unavailable_needs_component_daily_contribution_stream,available_final_equity_window_contribution,,,,,,,
component_contribution,top2_plus_managed_futures_80_20_v1,90,standard,2024-05-02,2024-09-10,,,,,,,,,,,,,,asset_class_tsmom_top2_v1,220.70726637874637,220.70726637874637,unavailable_needs_component_daily_contribution_stream,unavailable_needs_component_daily_contribution_stream,available_final_equity_window_contribution,,,,,,,
component_contribution,top2_plus_managed_futures_80_20_v1,90,standard,2024-05-02,2024-09-10,,,,,,,,,,,,,,managed_futures_proxy_etf_trend_v1,-4.613901787482288,-4.613901787482288,unavailable_needs_component_daily_contribution_stream,unavailable_needs_component_daily_contribution_stream,available_final_equity_window_contribution,,,,,,,
component_contribution,top2_plus_managed_futures_80_20_v1,90,standard,2024-07-05,2024-11-08,,,,,,,,,,,,,,asset_class_tsmom_top2_v1,245.26293864351663,245.26293864351663,unavailable_needs_component_daily_contribution_stream,unavailable_needs_component_daily_contribution_stream,available_final_equity_window_contribution,,,,,,,
component_contribution,top2_plus_managed_futures_80_20_v1,90,standard,2024-07-05,2024-11-08,,,,,,,,,,,,,,managed_futures_proxy_etf_trend_v1,-14.101167040734113,-14.101167040734113,unavailable_needs_component_daily_contribution_stream,unavailable_needs_component_daily_contribution_stream,available_final_equity_window_contribution,,,,,,,
component_contribution,top2_plus_managed_futures_80_20_v1,90,standard,2024-07-08,2024-11-11,,,,,,,,,,,,,,asset_class_tsmom_top2_v1,230.80325607271308,230.80325607271308,unavailable_needs_component_daily_contribution_stream,unavailable_needs_component_daily_contribution_stream,available_final_equity_window_contribution,,,,,,,
component_contribution,top2_plus_managed_futures_80_20_v1,90,standard,2024-07-08,2024-11-11,,,,,,,,,,,,,,managed_futures_proxy_etf_trend_v1,-12.821741999901738,-12.821741999901738,unavailable_needs_component_daily_contribution_stream,unavailable_needs_component_daily_contribution_stream,available_final_equity_window_contribution,,,,,,,
component_contribution,top2_plus_managed_futures_80_20_v1,90,standard,2024-07-09,2024-11-12,,,,,,,,,,,,,,asset_class_tsmom_top2_v1,212.23716894043406,212.23716894043406,unavailable_needs_component_daily_contribution_stream,unavailable_needs_component_daily_contribution_stream,available_final_equity_window_contribution,,,,,,,
component_contribution,top2_plus_managed_futures_80_20_v1,90,standard,2024-07-09,2024-11-12,,,,,,,,,,,,,,managed_futures_proxy_etf_trend_v1,-11.251365619495447,-11.251365619495447,unavailable_needs_component_daily_contribution_stream,unavailable_needs_component_daily_contribution_stream,available_final_equity_window_contribution,,,,,,,
component_contribution,top2_plus_managed_futures_80_20_v1,90,standard,2024-10-07,2025-02-14,,,,,,,,,,,,,,asset_class_tsmom_top2_v1,205.14506249921433,205.14506249921433,unavailable_needs_component_daily_contribution_stream,unavailable_needs_component_daily_contribution_stream,available_final_equity_window_contribution,,,,,,,
component_contribution,top2_plus_managed_futures_80_20_v1,90,standard,2024-10-07,2025-02-14,,,,,,,,,,,,,,managed_futures_proxy_etf_trend_v1,9.83931641414079,9.83931641414079,unavailable_needs_component_daily_contribution_stream,unavailable_needs_component_daily_contribution_stream,available_final_equity_window_contribution,,,,,,,
component_contribution,top2_plus_managed_futures_80_20_v1,90,standard,2025-02-07,2025-06-17,,,,,,,,,,,,,,asset_class_tsmom_top2_v1,164.87966070866514,164.87966070866514,unavailable_needs_component_daily_contribution_stream,unavailable_needs_component_daily_contribution_stream,available_final_equity_window_contribution,,,,,,,
component_contribution,top2_plus_managed_futures_80_20_v1,90,standard,2025-02-07,2025-06-17,,,,,,,,,,,,,,managed_futures_proxy_etf_trend_v1,8.995534931742055,8.995534931742055,unavailable_needs_component_daily_contribution_stream,unavailable_needs_component_daily_contribution_stream,available_final_equity_window_contribution,,,,,,,
component_contribution,top2_plus_managed_futures_80_20_v1,90,standard,2025-03-13,2025-07-22,,,,,,,,,,,,,,asset_class_tsmom_top2_v1,248.02722910196144,248.02722910196144,unavailable_needs_component_daily_contribution_stream,unavailable_needs_component_daily_contribution_stream,available_final_equity_window_contribution,,,,,,,
component_contribution,top2_plus_managed_futures_80_20_v1,90,standard,2025-03-13,2025-07-22,,,,,,,,,,,,,,managed_futures_proxy_etf_trend_v1,7.680374398738147,7.680374398738147,unavailable_needs_component_daily_contribution_stream,unavailable_needs_component_daily_contribution_stream,available_final_equity_window_contribution,,,,,,,
component_contribution,top2_plus_managed_futures_80_20_v1,90,standard,2025-04-24,2025-09-02,,,,,,,,,,,,,,asset_class_tsmom_top2_v1,46.02021353922292,46.02021353922292,unavailable_needs_component_daily_contribution_stream,unavailable_needs_component_daily_contribution_stream,available_final_equity_window_contribution,,,,,,,
component_contribution,top2_plus_managed_futures_80_20_v1,90,standard,2025-04-24,2025-09-02,,,,,,,,,,,,,,managed_futures_proxy_etf_trend_v1,7.2356409616162916,7.2356409616162916,unavailable_needs_component_daily_contribution_stream,unavailable_needs_component_daily_contribution_stream,available_final_equity_window_contribution,,,,,,,
component_contribution,top2_plus_managed_futures_80_20_v1,90,standard,2025-04-25,2025-09-03,,,,,,,,,,,,,,asset_class_tsmom_top2_v1,87.75669587894429,87.75669587894429,unavailable_needs_component_daily_contribution_stream,unavailable_needs_component_daily_contribution_stream,available_final_equity_window_contribution,,,,,,,
component_contribution,top2_plus_managed_futures_80_20_v1,90,standard,2025-04-25,2025-09-03,,,,,,,,,,,,,,managed_futures_proxy_etf_trend_v1,7.943497945932049,7.943497945932049,unavailable_needs_component_daily_contribution_stream,unavailable_needs_component_daily_contribution_stream,available_final_equity_window_contribution,,,,,,,
component_contribution,top2_plus_managed_futures_80_20_v1,90,standard,2025-04-28,2025-09-04,,,,,,,,,,,,,,asset_class_tsmom_top2_v1,57.7927365333276,57.7927365333276,unavailable_needs_component_daily_contribution_stream,unavailable_needs_component_daily_contribution_stream,available_final_equity_window_contribution,,,,,,,
component_contribution,top2_plus_managed_futures_80_20_v1,90,standard,2025-04-28,2025-09-04,,,,,,,,,,,,,,managed_futures_proxy_etf_trend_v1,9.73106899870003,9.73106899870003,unavailable_needs_component_daily_contribution_stream,unavailable_needs_component_daily_contribution_stream,available_final_equity_window_contribution,,,,,,,
component_contribution,top2_plus_managed_futures_80_20_v1,90,standard,2025-04-29,2025-09-05,,,,,,,,,,,,,,asset_class_tsmom_top2_v1,94.78223888615942,94.78223888615942,unavailable_needs_component_daily_contribution_stream,unavailable_needs_component_daily_contribution_stream,available_final_equity_window_contribution,,,,,,,
component_contribution,top2_plus_managed_futures_80_20_v1,90,standard,2025-04-29,2025-09-05,,,,,,,,,,,,,,managed_futures_proxy_etf_trend_v1,12.749596470354856,12.749596470354856,unavailable_needs_component_daily_contribution_stream,unavailable_needs_component_daily_contribution_stream,available_final_equity_window_contribution,,,,,,,
component_contribution,top2_plus_managed_futures_80_20_v1,90,standard,2025-04-30,2025-09-08,,,,,,,,,,,,,,asset_class_tsmom_top2_v1,130.65110995656414,130.65110995656414,unavailable_needs_component_daily_contribution_stream,unavailable_needs_component_daily_contribution_stream,available_final_equity_window_contribution,,,,,,,
component_contribution,top2_plus_managed_futures_80_20_v1,90,standard,2025-04-30,2025-09-08,,,,,,,,,,,,,,managed_futures_proxy_etf_trend_v1,13.617606838940665,13.617606838940665,unavailable_needs_component_daily_contribution_stream,unavailable_needs_component_daily_contribution_stream,available_final_equity_window_contribution,,,,,,,
component_contribution,top2_plus_managed_futures_80_20_v1,90,standard,2025-05-01,2025-09-09,,,,,,,,,,,,,,asset_class_tsmom_top2_v1,183.59939979817503,183.59939979817503,unavailable_needs_component_daily_contribution_stream,unavailable_needs_component_daily_contribution_stream,available_final_equity_window_contribution,,,,,,,
component_contribution,top2_plus_managed_futures_80_20_v1,90,standard,2025-05-01,2025-09-09,,,,,,,,,,,,,,managed_futures_proxy_etf_trend_v1,14.096048379936216,14.096048379936216,unavailable_needs_component_daily_contribution_stream,unavailable_needs_component_daily_contribution_stream,available_final_equity_window_contribution,,,,,,,
component_contribution,top2_plus_managed_futures_80_20_v1,90,standard,2025-05-08,2025-09-16,,,,,,,,,,,,,,asset_class_tsmom_top2_v1,208.07600571175263,208.07600571175263,unavailable_needs_component_daily_contribution_stream,unavailable_needs_component_daily_contribution_stream,available_final_equity_window_contribution,,,,,,,
component_contribution,top2_plus_managed_futures_80_20_v1,90,standard,2025-05-08,2025-09-16,,,,,,,,,,,,,,managed_futures_proxy_etf_trend_v1,22.398534287122764,22.398534287122764,unavailable_needs_component_daily_contribution_stream,unavailable_needs_component_daily_contribution_stream,available_final_equity_window_contribution,,,,,,,
component_contribution,top2_plus_managed_futures_80_20_v1,90,standard,2025-08-15,2025-12-22,,,,,,,,,,,,,,asset_class_tsmom_top2_v1,477.93350487182374,477.93350487182374,unavailable_needs_component_daily_contribution_stream,unavailable_needs_component_daily_contribution_stream,available_final_equity_window_contribution,,,,,,,
component_contribution,top2_plus_managed_futures_80_20_v1,90,standard,2025-08-15,2025-12-22,,,,,,,,,,,,,,managed_futures_proxy_etf_trend_v1,46.96374838955964,46.96374838955964,unavailable_needs_component_daily_contribution_stream,unavailable_needs_component_daily_contribution_stream,available_final_equity_window_contribution,,,,,,,
component_contribution,top2_plus_managed_futures_80_20_v1,90,standard,2025-10-02,2026-02-10,,,,,,,,,,,,,,asset_class_tsmom_top2_v1,404.1874485230733,404.1874485230733,unavailable_needs_component_daily_contribution_stream,unavailable_needs_component_daily_contribution_stream,available_final_equity_window_contribution,,,,,,,
component_contribution,top2_plus_managed_futures_80_20_v1,90,standard,2025-10-02,2026-02-10,,,,,,,,,,,,,,managed_futures_proxy_etf_trend_v1,59.774631691595246,59.774631691595246,unavailable_needs_component_daily_contribution_stream,unavailable_needs_component_daily_contribution_stream,available_final_equity_window_contribution,,,,,,,
component_contribution,top2_plus_managed_futures_80_20_v1,90,standard,2025-10-03,2026-02-11,,,,,,,,,,,,,,asset_class_tsmom_top2_v1,408.5541870633787,408.5541870633787,unavailable_needs_component_daily_contribution_stream,unavailable_needs_component_daily_contribution_stream,available_final_equity_window_contribution,,,,,,,
component_contribution,top2_plus_managed_futures_80_20_v1,90,standard,2025-10-03,2026-02-11,,,,,,,,,,,,,,managed_futures_proxy_etf_trend_v1,59.91976104208897,59.91976104208897,unavailable_needs_component_daily_contribution_stream,unavailable_needs_component_daily_contribution_stream,available_final_equity_window_contribution,,,,,,,
component_contribution,top2_plus_managed_futures_80_20_v1,90,standard,2025-10-06,2026-02-12,,,,,,,,,,,,,,asset_class_tsmom_top2_v1,308.63970997283855,308.63970997283855,unavailable_needs_component_daily_contribution_stream,unavailable_needs_component_daily_contribution_stream,available_final_equity_window_contribution,,,,,,,
component_contribution,top2_plus_managed_futures_80_20_v1,90,standard,2025-10-06,2026-02-12,,,,,,,,,,,,,,managed_futures_proxy_etf_trend_v1,43.51810352318151,43.51810352318151,unavailable_needs_component_daily_contribution_stream,unavailable_needs_component_daily_contribution_stream,available_final_equity_window_contribution,,,,,,,
component_contribution,top2_plus_managed_futures_80_20_v1,90,standard,2026-01-13,2026-05-21,,,,,,,,,,,,,,asset_class_tsmom_top2_v1,-29.93632277803899,-29.93632277803899,unavailable_needs_component_daily_contribution_stream,unavailable_needs_component_daily_contribution_stream,available_final_equity_window_contribution,,,,,,,
component_contribution,top2_plus_managed_futures_80_20_v1,90,standard,2026-01-13,2026-05-21,,,,,,,,,,,,,,managed_futures_proxy_etf_trend_v1,55.68257096497152,55.68257096497152,unavailable_needs_component_daily_contribution_stream,unavailable_needs_component_daily_contribution_stream,available_final_equity_window_contribution,,,,,,,
component_contribution,top2_plus_managed_futures_80_20_v1,90,standard,2026-01-14,2026-05-22,,,,,,,,,,,,,,asset_class_tsmom_top2_v1,-40.62226750594222,-40.62226750594222,unavailable_needs_component_daily_contribution_stream,unavailable_needs_component_daily_contribution_stream,available_final_equity_window_contribution,,,,,,,
component_contribution,top2_plus_managed_futures_80_20_v1,90,standard,2026-01-14,2026-05-22,,,,,,,,,,,,,,managed_futures_proxy_etf_trend_v1,52.733180885399044,52.733180885399044,unavailable_needs_component_daily_contribution_stream,unavailable_needs_component_daily_contribution_stream,available_final_equity_window_contribution,,,,,,,
component_contribution,top2_plus_managed_futures_80_20_v1,90,standard,2026-01-15,2026-05-26,,,,,,,,,,,,,,asset_class_tsmom_top2_v1,-28.06693625881736,-28.06693625881736,unavailable_needs_component_daily_contribution_stream,unavailable_needs_component_daily_contribution_stream,available_final_equity_window_contribution,,,,,,,
component_contribution,top2_plus_managed_futures_80_20_v1,90,standard,2026-01-15,2026-05-26,,,,,,,,,,,,,,managed_futures_proxy_etf_trend_v1,51.78561660347184,51.78561660347184,unavailable_needs_component_daily_contribution_stream,unavailable_needs_component_daily_contribution_stream,available_final_equity_window_contribution,,,,,,,
component_contribution,top2_plus_managed_futures_80_20_v1,90,standard,2026-01-16,2026-05-27,,,,,,,,,,,,,,asset_class_tsmom_top2_v1,-37.71611278222167,-37.71611278222167,unavailable_needs_component_daily_contribution_stream,unavailable_needs_component_daily_contribution_stream,available_final_equity_window_contribution,,,,,,,
component_contribution,top2_plus_managed_futures_80_20_v1,90,standard,2026-01-16,2026-05-27,,,,,,,,,,,,,,managed_futures_proxy_etf_trend_v1,50.96546771924518,50.96546771924518,unavailable_needs_component_daily_contribution_stream,unavailable_needs_component_daily_contribution_stream,available_final_equity_window_contribution,,,,,,,
component_contribution,top2_plus_managed_futures_80_20_v1,90,standard,2026-01-20,2026-05-28,,,,,,,,,,,,,,asset_class_tsmom_top2_v1,-39.13172058007069,-39.13172058007069,unavailable_needs_component_daily_contribution_stream,unavailable_needs_component_daily_contribution_stream,available_final_equity_window_contribution,,,,,,,
component_contribution,top2_plus_managed_futures_80_20_v1,90,standard,2026-01-20,2026-05-28,,,,,,,,,,,,,,managed_futures_proxy_etf_trend_v1,49.63118673299381,49.63118673299381,unavailable_needs_component_daily_contribution_stream,unavailable_needs_component_daily_contribution_stream,available_final_equity_window_contribution,,,,,,,
component_contribution,top2_plus_managed_futures_80_20_v1,90,standard,2026-01-21,2026-05-29,,,,,,,,,,,,,,asset_class_tsmom_top2_v1,-54.167418299581676,-54.167418299581676,unavailable_needs_component_daily_contribution_stream,unavailable_needs_component_daily_contribution_stream,available_final_equity_window_contribution,,,,,,,
component_contribution,top2_plus_managed_futures_80_20_v1,90,standard,2026-01-21,2026-05-29,,,,,,,,,,,,,,managed_futures_proxy_etf_trend_v1,43.69308413153476,43.69308413153476,unavailable_needs_component_daily_contribution_stream,unavailable_needs_component_daily_contribution_stream,available_final_equity_window_contribution,,,,,,,
component_contribution,top2_plus_managed_futures_80_20_v1,180,standard,2020-12-02,2021-08-19,,,,,,,,,,,,,,asset_class_tsmom_top2_v1,4.550796165112913,4.550796165112913,unavailable_needs_component_daily_contribution_stream,unavailable_needs_component_daily_contribution_stream,available_final_equity_window_contribution,,,,,,,
component_contribution,top2_plus_managed_futures_80_20_v1,180,standard,2020-12-02,2021-08-19,,,,,,,,,,,,,,managed_futures_proxy_etf_trend_v1,1.1376990412782282,1.1376990412782282,unavailable_needs_component_daily_contribution_stream,unavailable_needs_component_daily_contribution_stream,available_final_equity_window_contribution,,,,,,,
component_contribution,top2_plus_managed_futures_80_20_v1,180,standard,2021-02-12,2021-10-28,,,,,,,,,,,,,,asset_class_tsmom_top2_v1,129.21957371206005,129.21957371206005,unavailable_needs_component_daily_contribution_stream,unavailable_needs_component_daily_contribution_stream,available_final_equity_window_contribution,,,,,,,
component_contribution,top2_plus_managed_futures_80_20_v1,180,standard,2021-02-12,2021-10-28,,,,,,,,,,,,,,managed_futures_proxy_etf_trend_v1,13.713855080110697,13.713855080110697,unavailable_needs_component_daily_contribution_stream,unavailable_needs_component_daily_contribution_stream,available_final_equity_window_contribution,,,,,,,
component_contribution,top2_plus_managed_futures_80_20_v1,180,standard,2021-04-27,2022-01-10,,,,,,,,,,,,,,asset_class_tsmom_top2_v1,109.87146318214346,109.87146318214346,unavailable_needs_component_daily_contribution_stream,unavailable_needs_component_daily_contribution_stream,available_final_equity_window_contribution,,,,,,,
component_contribution,top2_plus_managed_futures_80_20_v1,180,standard,2021-04-27,2022-01-10,,,,,,,,,,,,,,managed_futures_proxy_etf_trend_v1,-18.004417025823333,-18.004417025823333,unavailable_needs_component_daily_contribution_stream,unavailable_needs_component_daily_contribution_stream,available_final_equity_window_contribution,,,,,,,
component_contribution,top2_plus_managed_futures_80_20_v1,180,standard,2021-09-17,2022-06-03,,,,,,,,,,,,,,asset_class_tsmom_top2_v1,-233.75401370696602,-233.75401370696602,unavailable_needs_component_daily_contribution_stream,unavailable_needs_component_daily_contribution_stream,available_final_equity_window_contribution,,,,,,,
component_contribution,top2_plus_managed_futures_80_20_v1,180,standard,2021-09-17,2022-06-03,,,,,,,,,,,,,,managed_futures_proxy_etf_trend_v1,114.17584309314952,114.17584309314952,unavailable_needs_component_daily_contribution_stream,unavailable_needs_component_daily_contribution_stream,available_final_equity_window_contribution,,,,,,,
component_contribution,top2_plus_managed_futures_80_20_v1,180,standard,2021-10-27,2022-07-15,,,,,,,,,,,,,,asset_class_tsmom_top2_v1,-384.09658998262404,-384.09658998262404,unavailable_needs_component_daily_contribution_stream,unavailable_needs_component_daily_contribution_stream,available_final_equity_window_contribution,,,,,,,
component_contribution,top2_plus_managed_futures_80_20_v1,180,standard,2021-10-27,2022-07-15,,,,,,,,,,,,,,managed_futures_proxy_etf_trend_v1,90.5232942986474,90.5232942986474,unavailable_needs_component_daily_contribution_stream,unavailable_needs_component_daily_contribution_stream,available_final_equity_window_contribution,,,,,,,
component_contribution,top2_plus_managed_futures_80_20_v1,180,standard,2022-02-09,2022-10-26,,,,,,,,,,,,,,asset_class_tsmom_top2_v1,-370.6876393529952,-370.6876393529952,unavailable_needs_component_daily_contribution_stream,unavailable_needs_component_daily_contribution_stream,available_final_equity_window_contribution,,,,,,,
component_contribution,top2_plus_managed_futures_80_20_v1,180,standard,2022-02-09,2022-10-26,,,,,,,,,,,,,,managed_futures_proxy_etf_trend_v1,145.54559472781742,145.54559472781742,unavailable_needs_component_daily_contribution_stream,unavailable_needs_component_daily_contribution_stream,available_final_equity_window_contribution,,,,,,,
component_contribution,top2_plus_managed_futures_80_20_v1,180,standard,2022-02-28,2022-11-11,,,,,,,,,,,,,,asset_class_tsmom_top2_v1,-259.89627480655173,-259.89627480655173,unavailable_needs_component_daily_contribution_stream,unavailable_needs_component_daily_contribution_stream,available_final_equity_window_contribution,,,,,,,
component_contribution,top2_plus_managed_futures_80_20_v1,180,standard,2022-02-28,2022-11-11,,,,,,,,,,,,,,managed_futures_proxy_etf_trend_v1,113.71394146952618,113.71394146952618,unavailable_needs_component_daily_contribution_stream,unavailable_needs_component_daily_contribution_stream,available_final_equity_window_contribution,,,,,,,
component_contribution,top2_plus_managed_futures_80_20_v1,180,standard,2022-06-21,2023-03-08,,,,,,,,,,,,,,asset_class_tsmom_top2_v1,-9.399984668290928,-9.399984668290928,unavailable_needs_component_daily_contribution_stream,unavailable_needs_component_daily_contribution_stream,available_final_equity_window_contribution,,,,,,,
component_contribution,top2_plus_managed_futures_80_20_v1,180,standard,2022-06-21,2023-03-08,,,,,,,,,,,,,,managed_futures_proxy_etf_trend_v1,-43.81598973982298,-43.81598973982298,unavailable_needs_component_daily_contribution_stream,unavailable_needs_component_daily_contribution_stream,available_final_equity_window_contribution,,,,,,,
component_contribution,top2_plus_managed_futures_80_20_v1,180,standard,2022-07-06,2023-03-22,,,,,,,,,,,,,,asset_class_tsmom_top2_v1,238.33141298112582,238.33141298112582,unavailable_needs_component_daily_contribution_stream,unavailable_needs_component_daily_contribution_stream,available_final_equity_window_contribution,,,,,,,
component_contribution,top2_plus_managed_futures_80_20_v1,180,standard,2022-07-06,2023-03-22,,,,,,,,,,,,,,managed_futures_proxy_etf_trend_v1,-5.21815715379508,-5.21815715379508,unavailable_needs_component_daily_contribution_stream,unavailable_needs_component_daily_contribution_stream,available_final_equity_window_contribution,,,,,,,
component_contribution,top2_plus_managed_futures_80_20_v1,180,standard,2022-09-20,2023-06-07,,,,,,,,,,,,,,asset_class_tsmom_top2_v1,260.1417765850286,260.1417765850286,unavailable_needs_component_daily_contribution_stream,unavailable_needs_component_daily_contribution_stream,available_final_equity_window_contribution,,,,,,,
component_contribution,top2_plus_managed_futures_80_20_v1,180,standard,2022-09-20,2023-06-07,,,,,,,,,,,,,,managed_futures_proxy_etf_trend_v1,-41.13700041142614,-41.13700041142614,unavailable_needs_component_daily_contribution_stream,unavailable_needs_component_daily_contribution_stream,available_final_equity_window_contribution,,,,,,,
component_contribution,top2_plus_managed_futures_80_20_v1,180,standard,2022-11-25,2023-08-15,,,,,,,,,,,,,,asset_class_tsmom_top2_v1,278.35600171397857,278.35600171397857,unavailable_needs_component_daily_contribution_stream,unavailable_needs_component_daily_contribution_stream,available_final_equity_window_contribution,,,,,,,
component_contribution,top2_plus_managed_futures_80_20_v1,180,standard,2022-11-25,2023-08-15,,,,,,,,,,,,,,managed_futures_proxy_etf_trend_v1,6.826115393418244,6.826115393418244,unavailable_needs_component_daily_contribution_stream,unavailable_needs_component_daily_contribution_stream,available_final_equity_window_contribution,,,,,,,
component_contribution,top2_plus_managed_futures_80_20_v1,180,standard,2022-12-22,2023-09-12,,,,,,,,,,,,,,asset_class_tsmom_top2_v1,278.78504199064525,278.78504199064525,unavailable_needs_component_daily_contribution_stream,unavailable_needs_component_daily_contribution_stream,available_final_equity_window_contribution,,,,,,,
component_contribution,top2_plus_managed_futures_80_20_v1,180,standard,2022-12-22,2023-09-12,,,,,,,,,,,,,,managed_futures_proxy_etf_trend_v1,27.460588297896564,27.460588297896564,unavailable_needs_component_daily_contribution_stream,unavailable_needs_component_daily_contribution_stream,available_final_equity_window_contribution,,,,,,,
component_contribution,top2_plus_managed_futures_80_20_v1,180,standard,2023-04-21,2024-01-08,,,,,,,,,,,,,,asset_class_tsmom_top2_v1,148.84245696746592,148.84245696746592,unavailable_needs_component_daily_contribution_stream,unavailable_needs_component_daily_contribution_stream,available_final_equity_window_contribution,,,,,,,
component_contribution,top2_plus_managed_futures_80_20_v1,180,standard,2023-04-21,2024-01-08,,,,,,,,,,,,,,managed_futures_proxy_etf_trend_v1,-21.573363708310236,-21.573363708310236,unavailable_needs_component_daily_contribution_stream,unavailable_needs_component_daily_contribution_stream,available_final_equity_window_contribution,,,,,,,
component_contribution,top2_plus_managed_futures_80_20_v1,180,standard,2023-05-19,2024-02-06,,,,,,,,,,,,,,asset_class_tsmom_top2_v1,187.2297536703819,187.2297536703819,unavailable_needs_component_daily_contribution_stream,unavailable_needs_component_daily_contribution_stream,available_final_equity_window_contribution,,,,,,,
component_contribution,top2_plus_managed_futures_80_20_v1,180,standard,2023-05-19,2024-02-06,,,,,,,,,,,,,,managed_futures_proxy_etf_trend_v1,-20.54193554873859,-20.54193554873859,unavailable_needs_component_daily_contribution_stream,unavailable_needs_component_daily_contribution_stream,available_final_equity_window_contribution,,,,,,,
component_contribution,top2_plus_managed_futures_80_20_v1,180,standard,2023-09-13,2024-05-30,,,,,,,,,,,,,,asset_class_tsmom_top2_v1,404.6512454424675,404.6512454424675,unavailable_needs_component_daily_contribution_stream,unavailable_needs_component_daily_contribution_stream,available_final_equity_window_contribution,,,,,,,
component_contribution,top2_plus_managed_futures_80_20_v1,180,standard,2023-09-13,2024-05-30,,,,,,,,,,,,,,managed_futures_proxy_etf_trend_v1,-3.96283322450393,-3.96283322450393,unavailable_needs_component_daily_contribution_stream,unavailable_needs_component_daily_contribution_stream,available_final_equity_window_contribution,,,,,,,
component_contribution,top2_plus_managed_futures_80_20_v1,180,standard,2024-02-06,2024-10-22,,,,,,,,,,,,,,asset_class_tsmom_top2_v1,638.1130023783659,638.1130023783659,unavailable_needs_component_daily_contribution_stream,unavailable_needs_component_daily_contribution_stream,available_final_equity_window_contribution,,,,,,,
component_contribution,top2_plus_managed_futures_80_20_v1,180,standard,2024-02-06,2024-10-22,,,,,,,,,,,,,,managed_futures_proxy_etf_trend_v1,29.229384334196336,29.229384334196336,unavailable_needs_component_daily_contribution_stream,unavailable_needs_component_daily_contribution_stream,available_final_equity_window_contribution,,,,,,,
component_contribution,top2_plus_managed_futures_80_20_v1,180,standard,2024-02-09,2024-10-25,,,,,,,,,,,,,,asset_class_tsmom_top2_v1,610.393228661919,610.393228661919,unavailable_needs_component_daily_contribution_stream,unavailable_needs_component_daily_contribution_stream,available_final_equity_window_contribution,,,,,,,
component_contribution,top2_plus_managed_futures_80_20_v1,180,standard,2024-02-09,2024-10-25,,,,,,,,,,,,,,managed_futures_proxy_etf_trend_v1,28.753707900167853,28.753707900167853,unavailable_needs_component_daily_contribution_stream,unavailable_needs_component_daily_contribution_stream,available_final_equity_window_contribution,,,,,,,
component_contribution,top2_plus_managed_futures_80_20_v1,180,standard,2024-07-01,2025-03-19,,,,,,,,,,,,,,asset_class_tsmom_top2_v1,406.0571585597294,406.0571585597294,unavailable_needs_component_daily_contribution_stream,unavailable_needs_component_daily_contribution_stream,available_final_equity_window_contribution,,,,,,,
component_contribution,top2_plus_managed_futures_80_20_v1,180,standard,2024-07-01,2025-03-19,,,,,,,,,,,,,,managed_futures_proxy_etf_trend_v1,-4.606851313158782,-4.606851313158782,unavailable_needs_component_daily_contribution_stream,unavailable_needs_component_daily_contribution_stream,available_final_equity_window_contribution,,,,,,,
component_contribution,top2_plus_managed_futures_80_20_v1,180,standard,2024-07-05,2025-03-24,,,,,,,,,,,,,,asset_class_tsmom_top2_v1,351.9735992518081,351.9735992518081,unavailable_needs_component_daily_contribution_stream,unavailable_needs_component_daily_contribution_stream,available_final_equity_window_contribution,,,,,,,
component_contribution,top2_plus_managed_futures_80_20_v1,180,standard,2024-07-05,2025-03-24,,,,,,,,,,,,,,managed_futures_proxy_etf_trend_v1,-4.0023664109652435,-4.0023664109652435,unavailable_needs_component_daily_contribution_stream,unavailable_needs_component_daily_contribution_stream,available_final_equity_window_contribution,,,,,,,
component_contribution,top2_plus_managed_futures_80_20_v1,180,standard,2024-07-08,2025-03-25,,,,,,,,,,,,,,asset_class_tsmom_top2_v1,376.4547090631499,376.4547090631499,unavailable_needs_component_daily_contribution_stream,unavailable_needs_component_daily_contribution_stream,available_final_equity_window_contribution,,,,,,,
component_contribution,top2_plus_managed_futures_80_20_v1,180,standard,2024-07-08,2025-03-25,,,,,,,,,,,,,,managed_futures_proxy_etf_trend_v1,-2.5281207010604145,-2.5281207010604145,unavailable_needs_component_daily_contribution_stream,unavailable_needs_component_daily_contribution_stream,available_final_equity_window_contribution,,,,,,,
component_contribution,top2_plus_managed_futures_80_20_v1,180,standard,2024-07-09,2025-03-26,,,,,,,,,,,,,,asset_class_tsmom_top2_v1,355.59857537348427,355.59857537348427,unavailable_needs_component_daily_contribution_stream,unavailable_needs_component_daily_contribution_stream,available_final_equity_window_contribution,,,,,,,
component_contribution,top2_plus_managed_futures_80_20_v1,180,standard,2024-07-09,2025-03-26,,,,,,,,,,,,,,managed_futures_proxy_etf_trend_v1,-2.859132777732226,-2.859132777732226,unavailable_needs_component_daily_contribution_stream,unavailable_needs_component_daily_contribution_stream,available_final_equity_window_contribution,,,,,,,
component_contribution,top2_plus_managed_futures_80_20_v1,180,standard,2024-07-10,2025-03-27,,,,,,,,,,,,,,asset_class_tsmom_top2_v1,351.62623561001783,351.62623561001783,unavailable_needs_component_daily_contribution_stream,unavailable_needs_component_daily_contribution_stream,available_final_equity_window_contribution,,,,,,,
component_contribution,top2_plus_managed_futures_80_20_v1,180,standard,2024-07-10,2025-03-27,,,,,,,,,,,,,,managed_futures_proxy_etf_trend_v1,-4.527260235721224,-4.527260235721224,unavailable_needs_component_daily_contribution_stream,unavailable_needs_component_daily_contribution_stream,available_final_equity_window_contribution,,,,,,,
component_contribution,top2_plus_managed_futures_80_20_v1,180,standard,2024-10-23,2025-07-15,,,,,,,,,,,,,,asset_class_tsmom_top2_v1,263.7805873229455,263.7805873229455,unavailable_needs_component_daily_contribution_stream,unavailable_needs_component_daily_contribution_stream,available_final_equity_window_contribution,,,,,,,
component_contribution,top2_plus_managed_futures_80_20_v1,180,standard,2024-10-23,2025-07-15,,,,,,,,,,,,,,managed_futures_proxy_etf_trend_v1,19.599712253047972,19.599712253047972,unavailable_needs_component_daily_contribution_stream,unavailable_needs_component_daily_contribution_stream,available_final_equity_window_contribution,,,,,,,
component_contribution,top2_plus_managed_futures_80_20_v1,180,standard,2024-11-20,2025-08-12,,,,,,,,,,,,,,asset_class_tsmom_top2_v1,299.02194489553995,299.02194489553995,unavailable_needs_component_daily_contribution_stream,unavailable_needs_component_daily_contribution_stream,available_final_equity_window_contribution,,,,,,,
component_contribution,top2_plus_managed_futures_80_20_v1,180,standard,2024-11-20,2025-08-12,,,,,,,,,,,,,,managed_futures_proxy_etf_trend_v1,19.343143723470742,19.343143723470742,unavailable_needs_component_daily_contribution_stream,unavailable_needs_component_daily_contribution_stream,available_final_equity_window_contribution,,,,,,,
component_contribution,top2_plus_managed_futures_80_20_v1,180,standard,2024-12-16,2025-09-05,,,,,,,,,,,,,,asset_class_tsmom_top2_v1,376.355074489469,376.355074489469,unavailable_needs_component_daily_contribution_stream,unavailable_needs_component_daily_contribution_stream,available_final_equity_window_contribution,,,,,,,
component_contribution,top2_plus_managed_futures_80_20_v1,180,standard,2024-12-16,2025-09-05,,,,,,,,,,,,,,managed_futures_proxy_etf_trend_v1,23.188931540986466,23.188931540986466,unavailable_needs_component_daily_contribution_stream,unavailable_needs_component_daily_contribution_stream,available_final_equity_window_contribution,,,,,,,
component_contribution,top2_plus_managed_futures_80_20_v1,180,standard,2025-04-17,2026-01-05,,,,,,,,,,,,,,asset_class_tsmom_top2_v1,469.5242561407917,469.5242561407917,unavailable_needs_component_daily_contribution_stream,unavailable_needs_component_daily_contribution_stream,available_final_equity_window_contribution,,,,,,,
component_contribution,top2_plus_managed_futures_80_20_v1,180,standard,2025-04-17,2026-01-05,,,,,,,,,,,,,,managed_futures_proxy_etf_trend_v1,60.49855317191887,60.49855317191887,unavailable_needs_component_daily_contribution_stream,unavailable_needs_component_daily_contribution_stream,available_final_equity_window_contribution,,,,,,,
component_contribution,top2_plus_managed_futures_80_20_v1,180,standard,2025-04-24,2026-01-09,,,,,,,,,,,,,,asset_class_tsmom_top2_v1,483.6890752647766,483.6890752647766,unavailable_needs_component_daily_contribution_stream,unavailable_needs_component_daily_contribution_stream,available_final_equity_window_contribution,,,,,,,
component_contribution,top2_plus_managed_futures_80_20_v1,180,standard,2025-04-24,2026-01-09,,,,,,,,,,,,,,managed_futures_proxy_etf_trend_v1,60.32233205056479,60.32233205056479,unavailable_needs_component_daily_contribution_stream,unavailable_needs_component_daily_contribution_stream,available_final_equity_window_contribution,,,,,,,
component_contribution,top2_plus_managed_futures_80_20_v1,180,standard,2025-04-25,2026-01-12,,,,,,,,,,,,,,asset_class_tsmom_top2_v1,543.1402532315003,543.1402532315003,unavailable_needs_component_daily_contribution_stream,unavailable_needs_component_daily_contribution_stream,available_final_equity_window_contribution,,,,,,,
component_contribution,top2_plus_managed_futures_80_20_v1,180,standard,2025-04-25,2026-01-12,,,,,,,,,,,,,,managed_futures_proxy_etf_trend_v1,67.18219493559177,67.18219493559177,unavailable_needs_component_daily_contribution_stream,unavailable_needs_component_daily_contribution_stream,available_final_equity_window_contribution,,,,,,,
component_contribution,top2_plus_managed_futures_80_20_v1,180,standard,2025-04-28,2026-01-13,,,,,,,,,,,,,,asset_class_tsmom_top2_v1,498.3308656765623,498.3308656765623,unavailable_needs_component_daily_contribution_stream,unavailable_needs_component_daily_contribution_stream,available_final_equity_window_contribution,,,,,,,
component_contribution,top2_plus_managed_futures_80_20_v1,180,standard,2025-04-28,2026-01-13,,,,,,,,,,,,,,managed_futures_proxy_etf_trend_v1,65.86444338351922,65.86444338351922,unavailable_needs_component_daily_contribution_stream,unavailable_needs_component_daily_contribution_stream,available_final_equity_window_contribution,,,,,,,
component_contribution,top2_plus_managed_futures_80_20_v1,180,standard,2025-04-29,2026-01-14,,,,,,,,,,,,,,asset_class_tsmom_top2_v1,533.7420436194968,533.7420436194968,unavailable_needs_component_daily_contribution_stream,unavailable_needs_component_daily_contribution_stream,available_final_equity_window_contribution,,,,,,,
component_contribution,top2_plus_managed_futures_80_20_v1,180,standard,2025-04-29,2026-01-14,,,,,,,,,,,,,,managed_futures_proxy_etf_trend_v1,71.61332124341192,71.61332124341192,unavailable_needs_component_daily_contribution_stream,unavailable_needs_component_daily_contribution_stream,available_final_equity_window_contribution,,,,,,,
component_contribution,top2_plus_managed_futures_80_20_v1,180,standard,2025-04-30,2026-01-15,,,,,,,,,,,,,,asset_class_tsmom_top2_v1,549.7446779941065,549.7446779941065,unavailable_needs_component_daily_contribution_stream,unavailable_needs_component_daily_contribution_stream,available_final_equity_window_contribution,,,,,,,
component_contribution,top2_plus_managed_futures_80_20_v1,180,standard,2025-04-30,2026-01-15,,,,,,,,,,,,,,managed_futures_proxy_etf_trend_v1,68.30862993326657,68.30862993326657,unavailable_needs_component_daily_contribution_stream,unavailable_needs_component_daily_contribution_stream,available_final_equity_window_contribution,,,,,,,
component_contribution,top2_plus_managed_futures_80_20_v1,180,standard,2025-05-01,2026-01-16,,,,,,,,,,,,,,asset_class_tsmom_top2_v1,601.376241199712,601.376241199712,unavailable_needs_component_daily_contribution_stream,unavailable_needs_component_daily_contribution_stream,available_final_equity_window_contribution,,,,,,,
component_contribution,top2_plus_managed_futures_80_20_v1,180,standard,2025-05-01,2026-01-16,,,,,,,,,,,,,,managed_futures_proxy_etf_trend_v1,64.9092712745144,64.9092712745144,unavailable_needs_component_daily_contribution_stream,unavailable_needs_component_daily_contribution_stream,available_final_equity_window_contribution,,,,,,,
component_contribution,top2_plus_managed_futures_80_20_v1,180,standard,2025-05-08,2026-01-26,,,,,,,,,,,,,,asset_class_tsmom_top2_v1,734.0521587451632,734.0521587451632,unavailable_needs_component_daily_contribution_stream,unavailable_needs_component_daily_contribution_stream,available_final_equity_window_contribution,,,,,,,
component_contribution,top2_plus_managed_futures_80_20_v1,180,standard,2025-05-08,2026-01-26,,,,,,,,,,,,,,managed_futures_proxy_etf_trend_v1,72.95778838587832,72.95778838587832,unavailable_needs_component_daily_contribution_stream,unavailable_needs_component_daily_contribution_stream,available_final_equity_window_contribution,,,,,,,
component_contribution,top2_plus_managed_futures_80_20_v1,180,standard,2025-09-04,2026-05-21,,,,,,,,,,,,,,asset_class_tsmom_top2_v1,396.05739457431866,396.05739457431866,unavailable_needs_component_daily_contribution_stream,unavailable_needs_component_daily_contribution_stream,available_final_equity_window_contribution,,,,,,,
component_contribution,top2_plus_managed_futures_80_20_v1,180,standard,2025-09-04,2026-05-21,,,,,,,,,,,,,,managed_futures_proxy_etf_trend_v1,119.59603401369122,119.59603401369122,unavailable_needs_component_daily_contribution_stream,unavailable_needs_component_daily_contribution_stream,available_final_equity_window_contribution,,,,,,,
component_contribution,top2_plus_managed_futures_80_20_v1,180,standard,2025-09-05,2026-05-22,,,,,,,,,,,,,,asset_class_tsmom_top2_v1,376.64029401014665,376.64029401014665,unavailable_needs_component_daily_contribution_stream,unavailable_needs_component_daily_contribution_stream,available_final_equity_window_contribution,,,,,,,
component_contribution,top2_plus_managed_futures_80_20_v1,180,standard,2025-09-05,2026-05-22,,,,,,,,,,,,,,managed_futures_proxy_etf_trend_v1,118.00781145933371,118.00781145933371,unavailable_needs_component_daily_contribution_stream,unavailable_needs_component_daily_contribution_stream,available_final_equity_window_contribution,,,,,,,
component_contribution,top2_plus_managed_futures_80_20_v1,180,standard,2025-09-08,2026-05-26,,,,,,,,,,,,,,asset_class_tsmom_top2_v1,367.5681491103284,367.5681491103284,unavailable_needs_component_daily_contribution_stream,unavailable_needs_component_daily_contribution_stream,available_final_equity_window_contribution,,,,,,,
component_contribution,top2_plus_managed_futures_80_20_v1,180,standard,2025-09-08,2026-05-26,,,,,,,,,,,,,,managed_futures_proxy_etf_trend_v1,111.77040590105672,111.77040590105672,unavailable_needs_component_daily_contribution_stream,unavailable_needs_component_daily_contribution_stream,available_final_equity_window_contribution,,,,,,,
component_contribution,top2_plus_managed_futures_80_20_v1,180,standard,2025-09-09,2026-05-27,,,,,,,,,,,,,,asset_class_tsmom_top2_v1,348.70502972996087,348.70502972996087,unavailable_needs_component_daily_contribution_stream,unavailable_needs_component_daily_contribution_stream,available_final_equity_window_contribution,,,,,,,
component_contribution,top2_plus_managed_futures_80_20_v1,180,standard,2025-09-09,2026-05-27,,,,,,,,,,,,,,managed_futures_proxy_etf_trend_v1,106.10567207474037,106.10567207474037,unavailable_needs_component_daily_contribution_stream,unavailable_needs_component_daily_contribution_stream,available_final_equity_window_contribution,,,,,,,
component_contribution,top2_plus_managed_futures_80_20_v1,180,standard,2025-09-10,2026-05-28,,,,,,,,,,,,,,asset_class_tsmom_top2_v1,361.9088804034057,361.9088804034057,unavailable_needs_component_daily_contribution_stream,unavailable_needs_component_daily_contribution_stream,available_final_equity_window_contribution,,,,,,,
component_contribution,top2_plus_managed_futures_80_20_v1,180,standard,2025-09-10,2026-05-28,,,,,,,,,,,,,,managed_futures_proxy_etf_trend_v1,103.89601665223931,103.89601665223931,unavailable_needs_component_daily_contribution_stream,unavailable_needs_component_daily_contribution_stream,available_final_equity_window_contribution,,,,,,,
component_contribution,top2_plus_managed_futures_80_20_v1,180,standard,2025-09-11,2026-05-29,,,,,,,,,,,,,,asset_class_tsmom_top2_v1,370.4984595283193,370.4984595283193,unavailable_needs_component_daily_contribution_stream,unavailable_needs_component_daily_contribution_stream,available_final_equity_window_contribution,,,,,,,
component_contribution,top2_plus_managed_futures_80_20_v1,180,standard,2025-09-11,2026-05-29,,,,,,,,,,,,,,managed_futures_proxy_etf_trend_v1,97.55472054788684,97.55472054788684,unavailable_needs_component_daily_contribution_stream,unavailable_needs_component_daily_contribution_stream,available_final_equity_window_contribution,,,,,,,
worst_n_drawdown_windows,combo_plus_top2_50_50_v1,180,,2025-09-04,2026-05-21,,,,,,,,,,,,,,,,,,,,1.0,-491.30200626551186,False,True,True,True,True
worst_n_drawdown_windows,combo_plus_top2_50_50_v1,180,,2025-09-05,2026-05-22,,,,,,,,,,,,,,,,,,,,2.0,-488.7483469668932,False,True,True,True,True
worst_n_drawdown_windows,combo_plus_top2_50_50_v1,180,,2025-09-08,2026-05-26,,,,,,,,,,,,,,,,,,,,3.0,-485.3882951824544,False,True,True,True,True
worst_n_drawdown_windows,combo_plus_top2_50_50_v1,180,,2025-09-09,2026-05-27,,,,,,,,,,,,,,,,,,,,4.0,-485.37814469855766,False,True,True,True,True
worst_n_drawdown_windows,combo_plus_top2_50_50_v1,180,,2025-09-10,2026-05-28,,,,,,,,,,,,,,,,,,,,5.0,-483.8098605411278,False,True,True,True,True
worst_n_drawdown_windows,combo_plus_managed_futures_80_20_v1,180,,2025-09-04,2026-05-21,,,,,,,,,,,,,,,,,,,,1.0,-372.2506580421841,False,True,True,True,True
worst_n_drawdown_windows,combo_plus_managed_futures_80_20_v1,180,,2025-09-05,2026-05-22,,,,,,,,,,,,,,,,,,,,2.0,-370.56268272817897,False,True,True,True,True
worst_n_drawdown_windows,combo_plus_managed_futures_80_20_v1,180,,2025-09-08,2026-05-26,,,,,,,,,,,,,,,,,,,,3.0,-368.21234026737875,False,True,True,True,True
worst_n_drawdown_windows,combo_plus_managed_futures_80_20_v1,180,,2025-09-09,2026-05-27,,,,,,,,,,,,,,,,,,,,4.0,-368.1606196450962,False,True,True,True,True
worst_n_drawdown_windows,combo_plus_managed_futures_80_20_v1,180,,2025-09-10,2026-05-28,,,,,,,,,,,,,,,,,,,,5.0,-367.02559462044746,False,True,True,True,True
worst_n_drawdown_windows,top2_plus_managed_futures_80_20_v1,180,,2021-10-27,2022-07-15,,,,,,,,,,,,,,,,,,,,1.0,-402.74989813569664,False,False,True,True,True
worst_n_drawdown_windows,top2_plus_managed_futures_80_20_v1,180,,2021-09-17,2022-06-03,,,,,,,,,,,,,,,,,,,,2.0,-395.9900058760327,False,False,True,True,True
worst_n_drawdown_windows,top2_plus_managed_futures_80_20_v1,180,,2025-09-04,2026-05-21,,,,,,,,,,,,,,,,,,,,3.0,-378.65210849271716,False,True,True,True,True
worst_n_drawdown_windows,top2_plus_managed_futures_80_20_v1,180,,2025-09-05,2026-05-22,,,,,,,,,,,,,,,,,,,,4.0,-376.9351057207332,False,True,True,True,True
worst_n_drawdown_windows,top2_plus_managed_futures_80_20_v1,180,,2025-09-08,2026-05-26,,,,,,,,,,,,,,,,,,,,5.0,-374.54434533056155,False,True,True,True,True
