reference_month,publication_status,bls_release_date,bls_release_time_et,signal_available_timestamp,source_effective_after_close_date,release_source,release_source_locator,release_artifact_hash,cpi_all_items_nsa_level_as_published,prior_year_cpi_level,prior_year_level_source,canonical_cpi_yoy_unrounded,canonical_regime,bls_published_rounded_yoy,bls_published_rounded_regime,rounded_vs_unrounded_regime_disagreement,rebalance_event,point_in_time_safe,signal_contract_version,source_resolution_status,allocation_persistence_rule,forward_fill_used,interpolation_used,imputation_used,parent_dataset_id,parent_dataset_hash
2005-07,published_official_CPI_release,2005-08-16,,2005-08-16,2005-08-17,U.S. Bureau of Labor Statistics archived CPI news release,https://www.bls.gov/news.release/history/cpi_08162005.txt,sha256:386eb5b0c56862d60ee335483c32cc173c3ee4e7adeac5655f714e191c7b76e7,195.4,189.4,BLS_public_data_API_final_NSA_prior_year_level_as_of_archive_release,3.167898627244,high,3.2,high,false,true,true,cpi_yoy_unrounded_from_point_in_time_CPIAUCNS_levels_v2,direction_owner_source_supported_portability_interpretation,not_applicable_release_event_exists,false,false,false,phase2_public_cpi_point_in_time_v1,sha256:cac4891195e4c3054de4b680b7ddab7123dafefe25926040b4fbd32a3ee85d7e
2005-08,published_official_CPI_release,2005-09-15,,2005-09-15,2005-09-16,U.S. Bureau of Labor Statistics archived CPI news release,https://www.bls.gov/news.release/history/cpi_09152005.txt,sha256:c7d0316af222f383ddea01f2f7a2256940abb41669d970d37c8d8fa10dc1b0e4,196.4,189.5,BLS_public_data_API_final_NSA_prior_year_level_as_of_archive_release,3.641160949868,high,3.6,high,false,true,true,cpi_yoy_unrounded_from_point_in_time_CPIAUCNS_levels_v2,direction_owner_source_supported_portability_interpretation,not_applicable_release_event_exists,false,false,false,phase2_public_cpi_point_in_time_v1,sha256:cac4891195e4c3054de4b680b7ddab7123dafefe25926040b4fbd32a3ee85d7e
2005-09,published_official_CPI_release,2005-10-14,,2005-10-14,2005-10-17,U.S. Bureau of Labor Statistics archived CPI news release,https://www.bls.gov/news.release/history/cpi_10142005.txt,sha256:76e15a58a4aafd6665defa1891463f21c776b1360a40baf4fc0667cce4aa352e,198.8,189.9,BLS_public_data_API_final_NSA_prior_year_level_as_of_archive_release,4.686677198526,high,4.7,high,false,true,true,cpi_yoy_unrounded_from_point_in_time_CPIAUCNS_levels_v2,direction_owner_source_supported_portability_interpretation,not_applicable_release_event_exists,false,false,false,phase2_public_cpi_point_in_time_v1,sha256:cac4891195e4c3054de4b680b7ddab7123dafefe25926040b4fbd32a3ee85d7e
2005-10,published_official_CPI_release,2005-11-16,,2005-11-16,2005-11-17,U.S. Bureau of Labor Statistics archived CPI news release,https://www.bls.gov/news.release/history/cpi_11162005.txt,sha256:0e0aa174f5047cf875b50dba79501c507503a281602e0cad5008429f4d0ab7f5,199.2,190.9,BLS_public_data_API_final_NSA_prior_year_level_as_of_archive_release,4.347826086957,high,4.3,high,false,true,true,cpi_yoy_unrounded_from_point_in_time_CPIAUCNS_levels_v2,direction_owner_source_supported_portability_interpretation,not_applicable_release_event_exists,false,false,false,phase2_public_cpi_point_in_time_v1,sha256:cac4891195e4c3054de4b680b7ddab7123dafefe25926040b4fbd32a3ee85d7e
2005-11,published_official_CPI_release,2005-12-15,,2005-12-15,2005-12-16,U.S. Bureau of Labor Statistics archived CPI news release,https://www.bls.gov/news.release/history/cpi_12152005.txt,sha256:3fdd563d7133294e90f9589e4428be853b3e5dc69a02769f529d307e9b7e4d50,197.6,191.0,BLS_public_data_API_final_NSA_prior_year_level_as_of_archive_release,3.455497382199,high,3.5,high,false,true,true,cpi_yoy_unrounded_from_point_in_time_CPIAUCNS_levels_v2,direction_owner_source_supported_portability_interpretation,not_applicable_release_event_exists,false,false,false,phase2_public_cpi_point_in_time_v1,sha256:cac4891195e4c3054de4b680b7ddab7123dafefe25926040b4fbd32a3ee85d7e
2005-12,published_official_CPI_release,2006-01-18,,2006-01-18,2006-01-19,U.S. Bureau of Labor Statistics archived CPI news release,https://www.bls.gov/news.release/history/cpi_01182006.txt,sha256:42c86b840165e06c733b5da5703631ce0df798cb8cae1748d47cc277ec9cc20d,196.8,190.3,BLS_public_data_API_final_NSA_prior_year_level_as_of_archive_release,3.415659485024,high,3.4,high,false,true,true,cpi_yoy_unrounded_from_point_in_time_CPIAUCNS_levels_v2,direction_owner_source_supported_portability_interpretation,not_applicable_release_event_exists,false,false,false,phase2_public_cpi_point_in_time_v1,sha256:cac4891195e4c3054de4b680b7ddab7123dafefe25926040b4fbd32a3ee85d7e
2006-01,published_official_CPI_release,2006-02-22,,2006-02-22,2006-02-23,U.S. Bureau of Labor Statistics archived CPI news release,https://www.bls.gov/news.release/history/cpi_02222006.txt,sha256:a2962a3556c9954bb61991622f0e9776946a748119070bc4ea9d9a0599b610b7,198.3,190.7,BLS_public_data_API_final_NSA_prior_year_level_as_of_archive_release,3.985317252229,high,4.0,high,false,true,true,cpi_yoy_unrounded_from_point_in_time_CPIAUCNS_levels_v2,direction_owner_source_supported_portability_interpretation,not_applicable_release_event_exists,false,false,false,phase2_public_cpi_point_in_time_v1,sha256:cac4891195e4c3054de4b680b7ddab7123dafefe25926040b4fbd32a3ee85d7e
2006-02,published_official_CPI_release,2006-03-16,,2006-03-16,2006-03-17,U.S. Bureau of Labor Statistics archived CPI news release,https://www.bls.gov/news.release/history/cpi_03162006.txt,sha256:94630a8ed0c12ec21e0b8568aecaa77ab23b2020e08771b961196eb27593f508,198.7,191.8,BLS_public_data_API_final_NSA_prior_year_level_as_of_archive_release,3.597497393118,high,3.6,high,false,true,true,cpi_yoy_unrounded_from_point_in_time_CPIAUCNS_levels_v2,direction_owner_source_supported_portability_interpretation,not_applicable_release_event_exists,false,false,false,phase2_public_cpi_point_in_time_v1,sha256:cac4891195e4c3054de4b680b7ddab7123dafefe25926040b4fbd32a3ee85d7e
2006-03,published_official_CPI_release,2006-04-19,,2006-04-19,2006-04-20,U.S. Bureau of Labor Statistics archived CPI news release,https://www.bls.gov/news.release/history/cpi_04192006.txt,sha256:743c180699524c9b4a4c506b9d83daaa75200914cc9b0e0333e0d01796aab071,199.8,193.3,BLS_public_data_API_final_NSA_prior_year_level_as_of_archive_release,3.362648732540,high,3.4,high,false,true,true,cpi_yoy_unrounded_from_point_in_time_CPIAUCNS_levels_v2,direction_owner_source_supported_portability_interpretation,not_applicable_release_event_exists,false,false,false,phase2_public_cpi_point_in_time_v1,sha256:cac4891195e4c3054de4b680b7ddab7123dafefe25926040b4fbd32a3ee85d7e
2006-04,published_official_CPI_release,2006-05-17,,2006-05-17,2006-05-18,U.S. Bureau of Labor Statistics archived CPI news release,https://www.bls.gov/news.release/history/cpi_05172006.txt,sha256:49cd8443fce289e0ddeb6d2b7a606713c50e83c21b6ee71480fd070610fcabaa,201.5,194.6,BLS_public_data_API_final_NSA_prior_year_level_as_of_archive_release,3.545734840699,high,3.5,high,false,true,true,cpi_yoy_unrounded_from_point_in_time_CPIAUCNS_levels_v2,direction_owner_source_supported_portability_interpretation,not_applicable_release_event_exists,false,false,false,phase2_public_cpi_point_in_time_v1,sha256:cac4891195e4c3054de4b680b7ddab7123dafefe25926040b4fbd32a3ee85d7e
2006-05,published_official_CPI_release,2006-06-14,,2006-06-14,2006-06-15,U.S. Bureau of Labor Statistics archived CPI news release,https://www.bls.gov/news.release/history/cpi_06142006.txt,sha256:a5e4d80239acf20df83c3696adaa506feef9c18f4341c26d586f1ebace7d6019,202.5,194.4,BLS_public_data_API_final_NSA_prior_year_level_as_of_archive_release,4.166666666667,high,4.2,high,false,true,true,cpi_yoy_unrounded_from_point_in_time_CPIAUCNS_levels_v2,direction_owner_source_supported_portability_interpretation,not_applicable_release_event_exists,false,false,false,phase2_public_cpi_point_in_time_v1,sha256:cac4891195e4c3054de4b680b7ddab7123dafefe25926040b4fbd32a3ee85d7e
2006-06,published_official_CPI_release,2006-07-19,,2006-07-19,2006-07-20,U.S. Bureau of Labor Statistics archived CPI news release,https://www.bls.gov/news.release/history/cpi_07192006.txt,sha256:711417c3f4cd86bd049082cc385c58bbb27f086325cdbdaa1e4d61e0194ca5cd,202.9,194.5,BLS_public_data_API_final_NSA_prior_year_level_as_of_archive_release,4.318766066838,high,4.3,high,false,true,true,cpi_yoy_unrounded_from_point_in_time_CPIAUCNS_levels_v2,direction_owner_source_supported_portability_interpretation,not_applicable_release_event_exists,false,false,false,phase2_public_cpi_point_in_time_v1,sha256:cac4891195e4c3054de4b680b7ddab7123dafefe25926040b4fbd32a3ee85d7e
2006-07,published_official_CPI_release,2006-08-16,,2006-08-16,2006-08-17,U.S. Bureau of Labor Statistics archived CPI news release,https://www.bls.gov/news.release/history/cpi_08162006.txt,sha256:8250d4dc66154b9a107fb7aa2d6c6a9603479c62eb9ea6baa7f861c1bc3f7ac0,203.5,195.4,BLS_public_data_API_final_NSA_prior_year_level_as_of_archive_release,4.145342886387,high,4.1,high,false,true,true,cpi_yoy_unrounded_from_point_in_time_CPIAUCNS_levels_v2,direction_owner_source_supported_portability_interpretation,not_applicable_release_event_exists,false,false,false,phase2_public_cpi_point_in_time_v1,sha256:cac4891195e4c3054de4b680b7ddab7123dafefe25926040b4fbd32a3ee85d7e
2006-08,published_official_CPI_release,2006-09-15,,2006-09-15,2006-09-18,U.S. Bureau of Labor Statistics archived CPI news release,https://www.bls.gov/news.release/history/cpi_09152006.txt,sha256:b5e90ac01981deb868f0c33ef0584dabaf05947f39961f652918cdadea326d54,203.9,196.4,BLS_public_data_API_final_NSA_prior_year_level_as_of_archive_release,3.818737270876,high,3.8,high,false,true,true,cpi_yoy_unrounded_from_point_in_time_CPIAUCNS_levels_v2,direction_owner_source_supported_portability_interpretation,not_applicable_release_event_exists,false,false,false,phase2_public_cpi_point_in_time_v1,sha256:cac4891195e4c3054de4b680b7ddab7123dafefe25926040b4fbd32a3ee85d7e
2006-09,published_official_CPI_release,2006-10-18,,2006-10-18,2006-10-19,U.S. Bureau of Labor Statistics archived CPI news release,https://www.bls.gov/news.release/history/cpi_10182006.txt,sha256:3305058629213b5b42eca2dda0d54f7f2c301ec010ae8519f86c8e24cb77599a,202.9,198.8,BLS_public_data_API_final_NSA_prior_year_level_as_of_archive_release,2.062374245473,medium,2.1,medium,false,true,true,cpi_yoy_unrounded_from_point_in_time_CPIAUCNS_levels_v2,direction_owner_source_supported_portability_interpretation,not_applicable_release_event_exists,false,false,false,phase2_public_cpi_point_in_time_v1,sha256:cac4891195e4c3054de4b680b7ddab7123dafefe25926040b4fbd32a3ee85d7e
2006-10,published_official_CPI_release,2006-11-16,,2006-11-16,2006-11-17,U.S. Bureau of Labor Statistics archived CPI news release,https://www.bls.gov/news.release/history/cpi_11162006.txt,sha256:7d993643a32b4e6a512d590315ae3d5a57ac5a1c08450d94f2c6216fb5de0cec,201.8,199.2,BLS_public_data_API_final_NSA_prior_year_level_as_of_archive_release,1.305220883534,low,1.3,low,false,true,true,cpi_yoy_unrounded_from_point_in_time_CPIAUCNS_levels_v2,direction_owner_source_supported_portability_interpretation,not_applicable_release_event_exists,false,false,false,phase2_public_cpi_point_in_time_v1,sha256:cac4891195e4c3054de4b680b7ddab7123dafefe25926040b4fbd32a3ee85d7e
2006-11,published_official_CPI_release,2006-12-15,,2006-12-15,2006-12-18,U.S. Bureau of Labor Statistics archived CPI news release,https://www.bls.gov/news.release/history/cpi_12152006.txt,sha256:cbfbebc7b89f6b3f7b54d8e4364cc9b1c1bd0e7918cc8d713037369782f3f137,201.5,197.6,BLS_public_data_API_final_NSA_prior_year_level_as_of_archive_release,1.973684210526,medium,2.0,medium,false,true,true,cpi_yoy_unrounded_from_point_in_time_CPIAUCNS_levels_v2,direction_owner_source_supported_portability_interpretation,not_applicable_release_event_exists,false,false,false,phase2_public_cpi_point_in_time_v1,sha256:cac4891195e4c3054de4b680b7ddab7123dafefe25926040b4fbd32a3ee85d7e
2006-12,published_official_CPI_release,2007-01-18,,2007-01-18,2007-01-19,U.S. Bureau of Labor Statistics archived CPI news release,https://www.bls.gov/news.release/history/cpi_01182007.txt,sha256:7e278395e1e59a2a29c4822756eb8d8795ffdb698712e517e4eafad563f7a998,201.8,196.8,BLS_public_data_API_final_NSA_prior_year_level_as_of_archive_release,2.540650406504,high,2.5,medium,true,true,true,cpi_yoy_unrounded_from_point_in_time_CPIAUCNS_levels_v2,direction_owner_source_supported_portability_interpretation,not_applicable_release_event_exists,false,false,false,phase2_public_cpi_point_in_time_v1,sha256:cac4891195e4c3054de4b680b7ddab7123dafefe25926040b4fbd32a3ee85d7e
2007-01,published_official_CPI_release,2007-02-21,,2007-02-21,2007-02-22,U.S. Bureau of Labor Statistics archived CPI news release,https://www.bls.gov/news.release/history/cpi_02212007.txt,sha256:1ee8530950f6bb6c2315ba7dac61acc880d6bf52e8ff1d6fffc72889365627ca,202.416,198.3,BLS_public_data_API_final_NSA_prior_year_level_as_of_archive_release,2.075642965204,medium,2.1,medium,false,true,true,cpi_yoy_unrounded_from_point_in_time_CPIAUCNS_levels_v2,direction_owner_source_supported_portability_interpretation,not_applicable_release_event_exists,false,false,false,phase2_public_cpi_point_in_time_v1,sha256:cac4891195e4c3054de4b680b7ddab7123dafefe25926040b4fbd32a3ee85d7e
2007-02,published_official_CPI_release,2007-03-16,,2007-03-16,2007-03-19,U.S. Bureau of Labor Statistics archived CPI news release,https://www.bls.gov/news.release/history/cpi_03162007.txt,sha256:7bb824f764d0457d414e54cc13f56901646e90daf6b1159a1240b93dc93239f9,203.499,198.7,BLS_public_data_API_final_NSA_prior_year_level_as_of_archive_release,2.415198792149,medium,2.4,medium,false,true,true,cpi_yoy_unrounded_from_point_in_time_CPIAUCNS_levels_v2,direction_owner_source_supported_portability_interpretation,not_applicable_release_event_exists,false,false,false,phase2_public_cpi_point_in_time_v1,sha256:cac4891195e4c3054de4b680b7ddab7123dafefe25926040b4fbd32a3ee85d7e
2007-03,published_official_CPI_release,2007-04-17,,2007-04-17,2007-04-18,U.S. Bureau of Labor Statistics archived CPI news release,https://www.bls.gov/news.release/history/cpi_04172007.txt,sha256:66338b54fad7ab68e59f28ac798caa05ff417081baa23ae56e60649f4b3d3184,205.352,199.8,BLS_public_data_API_final_NSA_prior_year_level_as_of_archive_release,2.778778778779,high,2.8,high,false,true,true,cpi_yoy_unrounded_from_point_in_time_CPIAUCNS_levels_v2,direction_owner_source_supported_portability_interpretation,not_applicable_release_event_exists,false,false,false,phase2_public_cpi_point_in_time_v1,sha256:cac4891195e4c3054de4b680b7ddab7123dafefe25926040b4fbd32a3ee85d7e
2007-04,published_official_CPI_release,2007-05-15,,2007-05-15,2007-05-16,U.S. Bureau of Labor Statistics archived CPI news release,https://www.bls.gov/news.release/history/cpi_05152007.txt,sha256:ace4e65d44a990c846aa072fa020c9ff58f60e23fd42a60ed1f19954d5da76ca,206.686,201.5,BLS_public_data_API_final_NSA_prior_year_level_as_of_archive_release,2.573697270471,high,2.6,high,false,true,true,cpi_yoy_unrounded_from_point_in_time_CPIAUCNS_levels_v2,direction_owner_source_supported_portability_interpretation,not_applicable_release_event_exists,false,false,false,phase2_public_cpi_point_in_time_v1,sha256:cac4891195e4c3054de4b680b7ddab7123dafefe25926040b4fbd32a3ee85d7e
2007-05,published_official_CPI_release,2007-06-15,,2007-06-15,2007-06-18,U.S. Bureau of Labor Statistics archived CPI news release,https://www.bls.gov/news.release/history/cpi_06152007.txt,sha256:cf71864e626fd05602b7f054921816aaa7862edb5e923faf1529a883e438bc21,207.949,202.5,BLS_public_data_API_final_NSA_prior_year_level_as_of_archive_release,2.690864197531,high,2.7,high,false,true,true,cpi_yoy_unrounded_from_point_in_time_CPIAUCNS_levels_v2,direction_owner_source_supported_portability_interpretation,not_applicable_release_event_exists,false,false,false,phase2_public_cpi_point_in_time_v1,sha256:cac4891195e4c3054de4b680b7ddab7123dafefe25926040b4fbd32a3ee85d7e
2007-06,published_official_CPI_release,2007-07-18,,2007-07-18,2007-07-19,U.S. Bureau of Labor Statistics archived CPI news release,https://www.bls.gov/news.release/history/cpi_07182007.txt,sha256:b87aafa9797180e6a2d82b3d5bc17e8262d8baf619ff7531fe3e7f995f9d907b,208.352,202.9,BLS_public_data_API_final_NSA_prior_year_level_as_of_archive_release,2.687037949729,high,2.7,high,false,true,true,cpi_yoy_unrounded_from_point_in_time_CPIAUCNS_levels_v2,direction_owner_source_supported_portability_interpretation,not_applicable_release_event_exists,false,false,false,phase2_public_cpi_point_in_time_v1,sha256:cac4891195e4c3054de4b680b7ddab7123dafefe25926040b4fbd32a3ee85d7e
2007-07,published_official_CPI_release,2007-08-15,,2007-08-15,2007-08-16,U.S. Bureau of Labor Statistics archived CPI news release,https://www.bls.gov/news.release/history/cpi_08152007.txt,sha256:84bfb48e9f8c43cb25bca4e9e8fffd352b7e41f085fed283941c8af7647ff6d6,208.299,203.5,BLS_public_data_API_final_NSA_prior_year_level_as_of_archive_release,2.358230958231,medium,2.4,medium,false,true,true,cpi_yoy_unrounded_from_point_in_time_CPIAUCNS_levels_v2,direction_owner_source_supported_portability_interpretation,not_applicable_release_event_exists,false,false,false,phase2_public_cpi_point_in_time_v1,sha256:cac4891195e4c3054de4b680b7ddab7123dafefe25926040b4fbd32a3ee85d7e
2007-08,published_official_CPI_release,2007-09-19,,2007-09-19,2007-09-20,U.S. Bureau of Labor Statistics archived CPI news release,https://www.bls.gov/news.release/history/cpi_09192007.txt,sha256:b0b6abda9d213600e2b0e1d3e057ce2eaa25f1b54f8ed132c8c2736caf8d32f7,207.917,203.9,BLS_public_data_API_final_NSA_prior_year_level_as_of_archive_release,1.970083374203,medium,2.0,medium,false,true,true,cpi_yoy_unrounded_from_point_in_time_CPIAUCNS_levels_v2,direction_owner_source_supported_portability_interpretation,not_applicable_release_event_exists,false,false,false,phase2_public_cpi_point_in_time_v1,sha256:cac4891195e4c3054de4b680b7ddab7123dafefe25926040b4fbd32a3ee85d7e
2007-09,published_official_CPI_release,2007-10-17,,2007-10-17,2007-10-18,U.S. Bureau of Labor Statistics archived CPI news release,https://www.bls.gov/news.release/history/cpi_10172007.txt,sha256:360318e807e607bda2a6aeb49190161be181e90f167df1897902f2320ca5a8d6,208.490,202.9,BLS_public_data_API_final_NSA_prior_year_level_as_of_archive_release,2.755051749630,high,2.8,high,false,true,true,cpi_yoy_unrounded_from_point_in_time_CPIAUCNS_levels_v2,direction_owner_source_supported_portability_interpretation,not_applicable_release_event_exists,false,false,false,phase2_public_cpi_point_in_time_v1,sha256:cac4891195e4c3054de4b680b7ddab7123dafefe25926040b4fbd32a3ee85d7e
2007-10,published_official_CPI_release,2007-11-15,,2007-11-15,2007-11-16,U.S. Bureau of Labor Statistics archived CPI news release,https://www.bls.gov/news.release/history/cpi_11152007.txt,sha256:c530f8acceadca8657404e46a34562a2f692aaad265f7782920d262e67c1a6bc,208.936,201.8,BLS_public_data_API_final_NSA_prior_year_level_as_of_archive_release,3.536174430129,high,3.5,high,false,true,true,cpi_yoy_unrounded_from_point_in_time_CPIAUCNS_levels_v2,direction_owner_source_supported_portability_interpretation,not_applicable_release_event_exists,false,false,false,phase2_public_cpi_point_in_time_v1,sha256:cac4891195e4c3054de4b680b7ddab7123dafefe25926040b4fbd32a3ee85d7e
2007-11,published_official_CPI_release,2007-12-14,,2007-12-14,2007-12-17,U.S. Bureau of Labor Statistics archived CPI news release,https://www.bls.gov/news.release/history/cpi_12142007.txt,sha256:1209024db5922f6fb00b27bfb949aecf96aab7652e944ec2807388ad762fe9f5,210.177,201.5,BLS_public_data_API_final_NSA_prior_year_level_as_of_archive_release,4.306203473945,high,4.3,high,false,true,true,cpi_yoy_unrounded_from_point_in_time_CPIAUCNS_levels_v2,direction_owner_source_supported_portability_interpretation,not_applicable_release_event_exists,false,false,false,phase2_public_cpi_point_in_time_v1,sha256:cac4891195e4c3054de4b680b7ddab7123dafefe25926040b4fbd32a3ee85d7e
2007-12,published_official_CPI_release,2008-01-16,,2008-01-16,2008-01-17,U.S. Bureau of Labor Statistics archived CPI news release,https://www.bls.gov/news.release/history/cpi_01162008.txt,sha256:1c0106ef20307e615d16a1f224bffe0eb63c869ca3670b1f1448fe744014e45d,210.036,201.8,BLS_public_data_API_final_NSA_prior_year_level_as_of_archive_release,4.081268582755,high,4.1,high,false,true,true,cpi_yoy_unrounded_from_point_in_time_CPIAUCNS_levels_v2,direction_owner_source_supported_portability_interpretation,not_applicable_release_event_exists,false,false,false,phase2_public_cpi_point_in_time_v1,sha256:cac4891195e4c3054de4b680b7ddab7123dafefe25926040b4fbd32a3ee85d7e
2008-01,published_official_CPI_release,2008-02-20,08:30:00 America/New_York,2008-02-20T08:30:00-05:00,2008-02-21,U.S. Bureau of Labor Statistics archived CPI news release,https://www.bls.gov/news.release/archives/cpi_02202008.htm,843a56d4b79a6d108a0556b029e33a32a9a665caee183fd87b697fd3e51f47ac,211.080,202.416,prior_year_BLS_archived_release_level_CPI_U_NSA_final_when_released,4.280294047901,high,4.3,high,false,true,true,cpi_yoy_unrounded_from_point_in_time_CPIAUCNS_levels_v2,direction_owner_source_supported_portability_interpretation,not_applicable_release_event_exists,false,false,false,phase2_public_cpi_point_in_time_v1,sha256:cac4891195e4c3054de4b680b7ddab7123dafefe25926040b4fbd32a3ee85d7e
2008-02,published_official_CPI_release,2008-03-14,08:30:00 America/New_York,2008-03-14T08:30:00-04:00,2008-03-17,U.S. Bureau of Labor Statistics archived CPI news release,https://www.bls.gov/news.release/archives/cpi_03142008.htm,34102bd69e5e703b9e4859e3e32fee30e5cdf1decb5bcb25cbb65dcb6a78cbd1,211.693,203.499,prior_year_BLS_archived_release_level_CPI_U_NSA_final_when_released,4.026555413049,high,4.0,high,false,true,true,cpi_yoy_unrounded_from_point_in_time_CPIAUCNS_levels_v2,direction_owner_source_supported_portability_interpretation,not_applicable_release_event_exists,false,false,false,phase2_public_cpi_point_in_time_v1,sha256:cac4891195e4c3054de4b680b7ddab7123dafefe25926040b4fbd32a3ee85d7e
2008-03,published_official_CPI_release,2008-04-16,08:30:00 America/New_York,2008-04-16T08:30:00-04:00,2008-04-17,U.S. Bureau of Labor Statistics archived CPI news release,https://www.bls.gov/news.release/archives/cpi_04162008.htm,b49a7c273005a2c49294cfe65982053351884a148626d42cd413b3fae4e70398,213.528,205.352,prior_year_BLS_archived_release_level_CPI_U_NSA_final_when_released,3.981456231252,high,4.0,high,false,true,true,cpi_yoy_unrounded_from_point_in_time_CPIAUCNS_levels_v2,direction_owner_source_supported_portability_interpretation,not_applicable_release_event_exists,false,false,false,phase2_public_cpi_point_in_time_v1,sha256:cac4891195e4c3054de4b680b7ddab7123dafefe25926040b4fbd32a3ee85d7e
2008-04,published_official_CPI_release,2008-05-14,08:30:00 America/New_York,2008-05-14T08:30:00-04:00,2008-05-15,U.S. Bureau of Labor Statistics archived CPI news release,https://www.bls.gov/news.release/archives/cpi_05142008.htm,dac3aa35a7aaa27cdf6e3f336b41dabdbb1b1decc9f9812279a8c1fcff14d33b,214.823,206.686,prior_year_BLS_archived_release_level_CPI_U_NSA_final_when_released,3.936889774828,high,3.9,high,false,true,true,cpi_yoy_unrounded_from_point_in_time_CPIAUCNS_levels_v2,direction_owner_source_supported_portability_interpretation,not_applicable_release_event_exists,false,false,false,phase2_public_cpi_point_in_time_v1,sha256:cac4891195e4c3054de4b680b7ddab7123dafefe25926040b4fbd32a3ee85d7e
2008-05,published_official_CPI_release,2008-06-13,08:30:00 America/New_York,2008-06-13T08:30:00-04:00,2008-06-16,U.S. Bureau of Labor Statistics archived CPI news release,https://www.bls.gov/news.release/archives/cpi_06132008.htm,a0ceb0458504489008302dda6d12e48267cfebdb6f78fcbc84383085b225df6e,216.632,207.949,prior_year_BLS_archived_release_level_CPI_U_NSA_final_when_released,4.175543041804,high,4.2,high,false,true,true,cpi_yoy_unrounded_from_point_in_time_CPIAUCNS_levels_v2,direction_owner_source_supported_portability_interpretation,not_applicable_release_event_exists,false,false,false,phase2_public_cpi_point_in_time_v1,sha256:cac4891195e4c3054de4b680b7ddab7123dafefe25926040b4fbd32a3ee85d7e
2008-06,published_official_CPI_release,2008-07-16,08:30:00 America/New_York,2008-07-16T08:30:00-04:00,2008-07-17,U.S. Bureau of Labor Statistics archived CPI news release,https://www.bls.gov/news.release/archives/cpi_07162008.htm,5df72afff3ab0521cb854357337e11fc9f519e17895ee2c2d480f2cc66ac65d9,218.815,208.352,prior_year_BLS_archived_release_level_CPI_U_NSA_final_when_released,5.021790047612,high,5.0,high,false,true,true,cpi_yoy_unrounded_from_point_in_time_CPIAUCNS_levels_v2,direction_owner_source_supported_portability_interpretation,not_applicable_release_event_exists,false,false,false,phase2_public_cpi_point_in_time_v1,sha256:cac4891195e4c3054de4b680b7ddab7123dafefe25926040b4fbd32a3ee85d7e
2008-07,published_official_CPI_release,2008-08-14,08:30:00 America/New_York,2008-08-14T08:30:00-04:00,2008-08-15,U.S. Bureau of Labor Statistics archived CPI news release,https://www.bls.gov/news.release/archives/cpi_08142008.htm,a2684fded23f91f71e1619014c9f9d56998d7b94bb38e8e5bf23a9d974075a29,219.964,208.299,prior_year_BLS_archived_release_level_CPI_U_NSA_final_when_released,5.600122900254,high,5.6,high,false,true,true,cpi_yoy_unrounded_from_point_in_time_CPIAUCNS_levels_v2,direction_owner_source_supported_portability_interpretation,not_applicable_release_event_exists,false,false,false,phase2_public_cpi_point_in_time_v1,sha256:cac4891195e4c3054de4b680b7ddab7123dafefe25926040b4fbd32a3ee85d7e
2008-08,published_official_CPI_release,2008-09-16,08:30:00 America/New_York,2008-09-16T08:30:00-04:00,2008-09-17,U.S. Bureau of Labor Statistics archived CPI news release,https://www.bls.gov/news.release/archives/cpi_09162008.htm,775e70e4bf1396cf14c356bde65c0929c5bcf5e5129e4cd669eff11269985cf3,219.086,207.917,prior_year_BLS_archived_release_level_CPI_U_NSA_final_when_released,5.371855115262,high,5.4,high,false,true,true,cpi_yoy_unrounded_from_point_in_time_CPIAUCNS_levels_v2,direction_owner_source_supported_portability_interpretation,not_applicable_release_event_exists,false,false,false,phase2_public_cpi_point_in_time_v1,sha256:cac4891195e4c3054de4b680b7ddab7123dafefe25926040b4fbd32a3ee85d7e
2008-09,published_official_CPI_release,2008-10-16,08:30:00 America/New_York,2008-10-16T08:30:00-04:00,2008-10-17,U.S. Bureau of Labor Statistics archived CPI news release,https://www.bls.gov/news.release/archives/cpi_10162008.htm,35895a6e781bf8b479d48612130222b8ea2ca221614a53aa171f692cc67bc800,218.783,208.490,prior_year_BLS_archived_release_level_CPI_U_NSA_final_when_released,4.936927430572,high,4.9,high,false,true,true,cpi_yoy_unrounded_from_point_in_time_CPIAUCNS_levels_v2,direction_owner_source_supported_portability_interpretation,not_applicable_release_event_exists,false,false,false,phase2_public_cpi_point_in_time_v1,sha256:cac4891195e4c3054de4b680b7ddab7123dafefe25926040b4fbd32a3ee85d7e
2008-10,published_official_CPI_release,2008-11-19,08:30:00 America/New_York,2008-11-19T08:30:00-05:00,2008-11-20,U.S. Bureau of Labor Statistics archived CPI news release,https://www.bls.gov/news.release/archives/cpi_11192008.htm,03d25870904b569fd833f519bfe782b8e1d099ef95ec09663cd38558a7089ac7,216.573,208.936,prior_year_BLS_archived_release_level_CPI_U_NSA_final_when_released,3.655186277137,high,3.7,high,false,true,true,cpi_yoy_unrounded_from_point_in_time_CPIAUCNS_levels_v2,direction_owner_source_supported_portability_interpretation,not_applicable_release_event_exists,false,false,false,phase2_public_cpi_point_in_time_v1,sha256:cac4891195e4c3054de4b680b7ddab7123dafefe25926040b4fbd32a3ee85d7e
2008-11,published_official_CPI_release,2008-12-16,08:30:00 America/New_York,2008-12-16T08:30:00-05:00,2008-12-17,U.S. Bureau of Labor Statistics archived CPI news release,https://www.bls.gov/news.release/archives/cpi_12162008.htm,ce73007f79e8f77d938e0252b11b008e151ca2d34eb3e8ef9d42d8244e01f134,212.425,210.177,prior_year_BLS_archived_release_level_CPI_U_NSA_final_when_released,1.069574691807,low,1.1,low,false,true,true,cpi_yoy_unrounded_from_point_in_time_CPIAUCNS_levels_v2,direction_owner_source_supported_portability_interpretation,not_applicable_release_event_exists,false,false,false,phase2_public_cpi_point_in_time_v1,sha256:cac4891195e4c3054de4b680b7ddab7123dafefe25926040b4fbd32a3ee85d7e
2008-12,published_official_CPI_release,2009-01-16,08:30:00 America/New_York,2009-01-16T08:30:00-05:00,2009-01-20,U.S. Bureau of Labor Statistics archived CPI news release,https://www.bls.gov/news.release/archives/cpi_01162009.htm,df059176bde1dc105c602d969a56cab229485a923fc1a0700a1b3e41b5c8d7b9,210.228,210.036,prior_year_BLS_archived_release_level_CPI_U_NSA_final_when_released,0.091412900646,low,0.1,low,false,true,true,cpi_yoy_unrounded_from_point_in_time_CPIAUCNS_levels_v2,direction_owner_source_supported_portability_interpretation,not_applicable_release_event_exists,false,false,false,phase2_public_cpi_point_in_time_v1,sha256:cac4891195e4c3054de4b680b7ddab7123dafefe25926040b4fbd32a3ee85d7e
2009-01,published_official_CPI_release,2009-02-20,08:30:00 America/New_York,2009-02-20T08:30:00-05:00,2009-02-23,U.S. Bureau of Labor Statistics archived CPI news release,https://www.bls.gov/news.release/archives/cpi_02202009.htm,0a6f6ff5e33b0770bb769338a298db7ae8835c544580d1e3e82d2e207a85a583,211.143,211.080,prior_year_BLS_archived_release_level_CPI_U_NSA_final_when_released,0.029846503695,low,0.0,low,false,true,true,cpi_yoy_unrounded_from_point_in_time_CPIAUCNS_levels_v2,direction_owner_source_supported_portability_interpretation,not_applicable_release_event_exists,false,false,false,phase2_public_cpi_point_in_time_v1,sha256:cac4891195e4c3054de4b680b7ddab7123dafefe25926040b4fbd32a3ee85d7e
2009-02,published_official_CPI_release,2009-03-18,08:30:00 America/New_York,2009-03-18T08:30:00-04:00,2009-03-19,U.S. Bureau of Labor Statistics archived CPI news release,https://www.bls.gov/news.release/archives/cpi_03182009.htm,ecc4e42cbd639178f13b74649df9d05f15b92921b124f261189f8f4b4fca5aba,212.193,211.693,prior_year_BLS_archived_release_level_CPI_U_NSA_final_when_released,0.236191088038,low,0.2,low,false,true,true,cpi_yoy_unrounded_from_point_in_time_CPIAUCNS_levels_v2,direction_owner_source_supported_portability_interpretation,not_applicable_release_event_exists,false,false,false,phase2_public_cpi_point_in_time_v1,sha256:cac4891195e4c3054de4b680b7ddab7123dafefe25926040b4fbd32a3ee85d7e
2009-03,published_official_CPI_release,2009-04-15,08:30:00 America/New_York,2009-04-15T08:30:00-04:00,2009-04-16,U.S. Bureau of Labor Statistics archived CPI news release,https://www.bls.gov/news.release/archives/cpi_04152009.htm,c5d20f6ad50e5afb5513cda9cdbed9e0d3bc1d423fd719367948b6c0c3297949,212.709,213.528,prior_year_BLS_archived_release_level_CPI_U_NSA_final_when_released,-0.383556254917,low,-0.4,low,false,true,true,cpi_yoy_unrounded_from_point_in_time_CPIAUCNS_levels_v2,direction_owner_source_supported_portability_interpretation,not_applicable_release_event_exists,false,false,false,phase2_public_cpi_point_in_time_v1,sha256:cac4891195e4c3054de4b680b7ddab7123dafefe25926040b4fbd32a3ee85d7e
2009-04,published_official_CPI_release,2009-05-15,08:30:00 America/New_York,2009-05-15T08:30:00-04:00,2009-05-18,U.S. Bureau of Labor Statistics archived CPI news release,https://www.bls.gov/news.release/archives/cpi_05152009.htm,e2726b974383932270a5ffa7d31047423951cacd67247fd2ca6cb70ee8e299a7,213.240,214.823,prior_year_BLS_archived_release_level_CPI_U_NSA_final_when_released,-0.736885715217,low,-0.7,low,false,true,true,cpi_yoy_unrounded_from_point_in_time_CPIAUCNS_levels_v2,direction_owner_source_supported_portability_interpretation,not_applicable_release_event_exists,false,false,false,phase2_public_cpi_point_in_time_v1,sha256:cac4891195e4c3054de4b680b7ddab7123dafefe25926040b4fbd32a3ee85d7e
2009-05,published_official_CPI_release,2009-06-17,08:30:00 America/New_York,2009-06-17T08:30:00-04:00,2009-06-18,U.S. Bureau of Labor Statistics archived CPI news release,https://www.bls.gov/news.release/archives/cpi_06172009.htm,8f67c339baf38cfb62ac6cadbcc7d88ba20efd03e6dee5eff235078bc57e1172,213.856,216.632,prior_year_BLS_archived_release_level_CPI_U_NSA_final_when_released,-1.281435798959,low,-1.3,low,false,true,true,cpi_yoy_unrounded_from_point_in_time_CPIAUCNS_levels_v2,direction_owner_source_supported_portability_interpretation,not_applicable_release_event_exists,false,false,false,phase2_public_cpi_point_in_time_v1,sha256:cac4891195e4c3054de4b680b7ddab7123dafefe25926040b4fbd32a3ee85d7e
2009-06,published_official_CPI_release,2009-07-15,08:30:00 America/New_York,2009-07-15T08:30:00-04:00,2009-07-16,U.S. Bureau of Labor Statistics archived CPI news release,https://www.bls.gov/news.release/archives/cpi_07152009.htm,d0e9b8fb4587d2737853bcd8a54f0bdd66ee6d393d97a30f1e13d1aa1730fa32,215.693,218.815,prior_year_BLS_archived_release_level_CPI_U_NSA_final_when_released,-1.426776043690,low,-1.4,low,false,true,true,cpi_yoy_unrounded_from_point_in_time_CPIAUCNS_levels_v2,direction_owner_source_supported_portability_interpretation,not_applicable_release_event_exists,false,false,false,phase2_public_cpi_point_in_time_v1,sha256:cac4891195e4c3054de4b680b7ddab7123dafefe25926040b4fbd32a3ee85d7e
2009-07,published_official_CPI_release,2009-08-14,08:30:00 America/New_York,2009-08-14T08:30:00-04:00,2009-08-17,U.S. Bureau of Labor Statistics archived CPI news release,https://www.bls.gov/news.release/archives/cpi_08142009.htm,626d65c17fba1a25d3d04f2889700e0ff93c2db8de16c75822466e7cfb85343d,215.351,219.964,prior_year_BLS_archived_release_level_CPI_U_NSA_final_when_released,-2.097161353676,low,-2.1,low,false,true,true,cpi_yoy_unrounded_from_point_in_time_CPIAUCNS_levels_v2,direction_owner_source_supported_portability_interpretation,not_applicable_release_event_exists,false,false,false,phase2_public_cpi_point_in_time_v1,sha256:cac4891195e4c3054de4b680b7ddab7123dafefe25926040b4fbd32a3ee85d7e
2009-08,published_official_CPI_release,2009-09-16,08:30:00 America/New_York,2009-09-16T08:30:00-04:00,2009-09-17,U.S. Bureau of Labor Statistics archived CPI news release,https://www.bls.gov/news.release/archives/cpi_09162009.htm,bc68b5288e0efe00f8bd5876a022a3f1dd577385aa71810381de6ab932b0c606,215.834,219.086,prior_year_BLS_archived_release_level_CPI_U_NSA_final_when_released,-1.484348611961,low,-1.5,low,false,true,true,cpi_yoy_unrounded_from_point_in_time_CPIAUCNS_levels_v2,direction_owner_source_supported_portability_interpretation,not_applicable_release_event_exists,false,false,false,phase2_public_cpi_point_in_time_v1,sha256:cac4891195e4c3054de4b680b7ddab7123dafefe25926040b4fbd32a3ee85d7e
2009-09,published_official_CPI_release,2009-10-15,08:30:00 America/New_York,2009-10-15T08:30:00-04:00,2009-10-16,U.S. Bureau of Labor Statistics archived CPI news release,https://www.bls.gov/news.release/archives/cpi_10152009.htm,89ceb947fb352a1f2236401af3108172b375662b2f317b539aea7b712e76d48b,215.969,218.783,prior_year_BLS_archived_release_level_CPI_U_NSA_final_when_released,-1.286205966643,low,-1.3,low,false,true,true,cpi_yoy_unrounded_from_point_in_time_CPIAUCNS_levels_v2,direction_owner_source_supported_portability_interpretation,not_applicable_release_event_exists,false,false,false,phase2_public_cpi_point_in_time_v1,sha256:cac4891195e4c3054de4b680b7ddab7123dafefe25926040b4fbd32a3ee85d7e
2009-10,published_official_CPI_release,2009-11-18,08:30:00 America/New_York,2009-11-18T08:30:00-05:00,2009-11-19,U.S. Bureau of Labor Statistics archived CPI news release,https://www.bls.gov/news.release/archives/cpi_11182009.htm,c271eac5f276aa578ab30bd16755fa0a8da421f57c873f1f1c698d35037fadfa,216.177,216.573,prior_year_BLS_archived_release_level_CPI_U_NSA_final_when_released,-0.182848277486,low,-0.2,low,false,true,true,cpi_yoy_unrounded_from_point_in_time_CPIAUCNS_levels_v2,direction_owner_source_supported_portability_interpretation,not_applicable_release_event_exists,false,false,false,phase2_public_cpi_point_in_time_v1,sha256:cac4891195e4c3054de4b680b7ddab7123dafefe25926040b4fbd32a3ee85d7e
2009-11,published_official_CPI_release,2009-12-16,08:30:00 America/New_York,2009-12-16T08:30:00-05:00,2009-12-17,U.S. Bureau of Labor Statistics archived CPI news release,https://www.bls.gov/news.release/archives/cpi_12162009.htm,2bcecf8a4caccf5e24cc2cb06d8e672ce0b7f8025b1515864f3da9bda3bacb14,216.330,212.425,prior_year_BLS_archived_release_level_CPI_U_NSA_final_when_released,1.838295869130,medium,1.8,medium,false,true,true,cpi_yoy_unrounded_from_point_in_time_CPIAUCNS_levels_v2,direction_owner_source_supported_portability_interpretation,not_applicable_release_event_exists,false,false,false,phase2_public_cpi_point_in_time_v1,sha256:cac4891195e4c3054de4b680b7ddab7123dafefe25926040b4fbd32a3ee85d7e
2009-12,published_official_CPI_release,2010-01-15,08:30:00 America/New_York,2010-01-15T08:30:00-05:00,2010-01-19,U.S. Bureau of Labor Statistics archived CPI news release,https://www.bls.gov/news.release/archives/cpi_01152010.htm,5d2632921a53fcd9e3da69a258a6ef257c828b0b3df5a5320f53325a1a0ec47a,215.949,210.228,prior_year_BLS_archived_release_level_CPI_U_NSA_final_when_released,2.721331126206,high,2.7,high,false,true,true,cpi_yoy_unrounded_from_point_in_time_CPIAUCNS_levels_v2,direction_owner_source_supported_portability_interpretation,not_applicable_release_event_exists,false,false,false,phase2_public_cpi_point_in_time_v1,sha256:cac4891195e4c3054de4b680b7ddab7123dafefe25926040b4fbd32a3ee85d7e
2010-01,published_official_CPI_release,2010-02-19,08:30:00 America/New_York,2010-02-19T08:30:00-05:00,2010-02-22,U.S. Bureau of Labor Statistics archived CPI news release,https://www.bls.gov/news.release/archives/cpi_02192010.htm,42642eb5fdfa8badde82dc18cb20eb84833e4ecf6cf845a9623116b858c4c3ef,216.687,211.143,prior_year_BLS_archived_release_level_CPI_U_NSA_final_when_released,2.625708642958,high,2.6,high,false,true,true,cpi_yoy_unrounded_from_point_in_time_CPIAUCNS_levels_v2,direction_owner_source_supported_portability_interpretation,not_applicable_release_event_exists,false,false,false,phase2_public_cpi_point_in_time_v1,sha256:cac4891195e4c3054de4b680b7ddab7123dafefe25926040b4fbd32a3ee85d7e
2010-02,published_official_CPI_release,2010-03-18,08:30:00 America/New_York,2010-03-18T08:30:00-04:00,2010-03-19,U.S. Bureau of Labor Statistics archived CPI news release,https://www.bls.gov/news.release/archives/cpi_03182010.htm,3018f5244f9d98d9474b1b9afdea70cdbc3e12693399c10999662c228c07c6ee,216.741,212.193,prior_year_BLS_archived_release_level_CPI_U_NSA_final_when_released,2.143331778145,medium,2.1,medium,false,true,true,cpi_yoy_unrounded_from_point_in_time_CPIAUCNS_levels_v2,direction_owner_source_supported_portability_interpretation,not_applicable_release_event_exists,false,false,false,phase2_public_cpi_point_in_time_v1,sha256:cac4891195e4c3054de4b680b7ddab7123dafefe25926040b4fbd32a3ee85d7e
2010-03,published_official_CPI_release,2010-04-14,08:30:00 America/New_York,2010-04-14T08:30:00-04:00,2010-04-15,U.S. Bureau of Labor Statistics archived CPI news release,https://www.bls.gov/news.release/archives/cpi_04142010.htm,a822d3b43bd3f2589376888017a95d74b134e56501f3b71ff39ffb29e4dbf3d0,217.631,212.709,prior_year_BLS_archived_release_level_CPI_U_NSA_final_when_released,2.313959446944,medium,2.3,medium,false,true,true,cpi_yoy_unrounded_from_point_in_time_CPIAUCNS_levels_v2,direction_owner_source_supported_portability_interpretation,not_applicable_release_event_exists,false,false,false,phase2_public_cpi_point_in_time_v1,sha256:cac4891195e4c3054de4b680b7ddab7123dafefe25926040b4fbd32a3ee85d7e
2010-04,published_official_CPI_release,2010-05-19,08:30:00 America/New_York,2010-05-19T08:30:00-04:00,2010-05-20,U.S. Bureau of Labor Statistics archived CPI news release,https://www.bls.gov/news.release/archives/cpi_05192010.htm,cf3704000175fc75564b9c435690f622a412ad74fcc7f29995448ec0f4af532a,218.009,213.240,prior_year_BLS_archived_release_level_CPI_U_NSA_final_when_released,2.236447195648,medium,2.2,medium,false,true,true,cpi_yoy_unrounded_from_point_in_time_CPIAUCNS_levels_v2,direction_owner_source_supported_portability_interpretation,not_applicable_release_event_exists,false,false,false,phase2_public_cpi_point_in_time_v1,sha256:cac4891195e4c3054de4b680b7ddab7123dafefe25926040b4fbd32a3ee85d7e
2010-05,published_official_CPI_release,2010-06-17,08:30:00 America/New_York,2010-06-17T08:30:00-04:00,2010-06-18,U.S. Bureau of Labor Statistics archived CPI news release,https://www.bls.gov/news.release/archives/cpi_06172010.htm,65583af40a14c2afcb9b8a46b19fc1e1ec15906d923ca912deae7be5eab05654,218.178,213.856,prior_year_BLS_archived_release_level_CPI_U_NSA_final_when_released,2.020986084094,medium,2.0,medium,false,true,true,cpi_yoy_unrounded_from_point_in_time_CPIAUCNS_levels_v2,direction_owner_source_supported_portability_interpretation,not_applicable_release_event_exists,false,false,false,phase2_public_cpi_point_in_time_v1,sha256:cac4891195e4c3054de4b680b7ddab7123dafefe25926040b4fbd32a3ee85d7e
2010-06,published_official_CPI_release,2010-07-16,08:30:00 America/New_York,2010-07-16T08:30:00-04:00,2010-07-19,U.S. Bureau of Labor Statistics archived CPI news release,https://www.bls.gov/news.release/archives/cpi_07162010.htm,6e92d12fed3d1127962c62e450df95a2dfe6804f49fcebb6533fc96b45fce4f0,217.965,215.693,prior_year_BLS_archived_release_level_CPI_U_NSA_final_when_released,1.053348972846,low,1.1,low,false,true,true,cpi_yoy_unrounded_from_point_in_time_CPIAUCNS_levels_v2,direction_owner_source_supported_portability_interpretation,not_applicable_release_event_exists,false,false,false,phase2_public_cpi_point_in_time_v1,sha256:cac4891195e4c3054de4b680b7ddab7123dafefe25926040b4fbd32a3ee85d7e
2010-07,published_official_CPI_release,2010-08-13,08:30:00 America/New_York,2010-08-13T08:30:00-04:00,2010-08-16,U.S. Bureau of Labor Statistics archived CPI news release,https://www.bls.gov/news.release/archives/cpi_08132010.htm,8a42169e514783edd036fe027fbccce651147d79401e9ce7f28a280a4442e7bd,218.011,215.351,prior_year_BLS_archived_release_level_CPI_U_NSA_final_when_released,1.235192778301,low,1.2,low,false,true,true,cpi_yoy_unrounded_from_point_in_time_CPIAUCNS_levels_v2,direction_owner_source_supported_portability_interpretation,not_applicable_release_event_exists,false,false,false,phase2_public_cpi_point_in_time_v1,sha256:cac4891195e4c3054de4b680b7ddab7123dafefe25926040b4fbd32a3ee85d7e
2010-08,published_official_CPI_release,2010-09-17,08:30:00 America/New_York,2010-09-17T08:30:00-04:00,2010-09-20,U.S. Bureau of Labor Statistics archived CPI news release,https://www.bls.gov/news.release/archives/cpi_09172010.htm,7315001e6d3d4ebb8b84a418b22c7120d5cf1664443aa9dacefa25187acb5585,218.312,215.834,prior_year_BLS_archived_release_level_CPI_U_NSA_final_when_released,1.148104561839,low,1.1,low,false,true,true,cpi_yoy_unrounded_from_point_in_time_CPIAUCNS_levels_v2,direction_owner_source_supported_portability_interpretation,not_applicable_release_event_exists,false,false,false,phase2_public_cpi_point_in_time_v1,sha256:cac4891195e4c3054de4b680b7ddab7123dafefe25926040b4fbd32a3ee85d7e
2010-09,published_official_CPI_release,2010-10-15,08:30:00 America/New_York,2010-10-15T08:30:00-04:00,2010-10-18,U.S. Bureau of Labor Statistics archived CPI news release,https://www.bls.gov/news.release/archives/cpi_10152010.htm,20303a4bb77bc5b6650790727883ddaa8182d42ca378f040cba56f3a8c2a0d9a,218.439,215.969,prior_year_BLS_archived_release_level_CPI_U_NSA_final_when_released,1.143682658159,low,1.1,low,false,true,true,cpi_yoy_unrounded_from_point_in_time_CPIAUCNS_levels_v2,direction_owner_source_supported_portability_interpretation,not_applicable_release_event_exists,false,false,false,phase2_public_cpi_point_in_time_v1,sha256:cac4891195e4c3054de4b680b7ddab7123dafefe25926040b4fbd32a3ee85d7e
2010-10,published_official_CPI_release,2010-11-17,08:30:00 America/New_York,2010-11-17T08:30:00-05:00,2010-11-18,U.S. Bureau of Labor Statistics archived CPI news release,https://www.bls.gov/news.release/archives/cpi_11172010.htm,e1d93443e61201cf367f9b434779e097052107f6271352e727cefa2a75f2e720,218.711,216.177,prior_year_BLS_archived_release_level_CPI_U_NSA_final_when_released,1.172187605527,low,1.2,low,false,true,true,cpi_yoy_unrounded_from_point_in_time_CPIAUCNS_levels_v2,direction_owner_source_supported_portability_interpretation,not_applicable_release_event_exists,false,false,false,phase2_public_cpi_point_in_time_v1,sha256:cac4891195e4c3054de4b680b7ddab7123dafefe25926040b4fbd32a3ee85d7e
2010-11,published_official_CPI_release,2010-12-15,08:30:00 America/New_York,2010-12-15T08:30:00-05:00,2010-12-16,U.S. Bureau of Labor Statistics archived CPI news release,https://www.bls.gov/news.release/archives/cpi_12152010.htm,121ebdb059c53db40ea0c63eec05a4d30d50dedd8ef77386a6c38475d97e610c,218.803,216.330,prior_year_BLS_archived_release_level_CPI_U_NSA_final_when_released,1.143160911570,low,1.1,low,false,true,true,cpi_yoy_unrounded_from_point_in_time_CPIAUCNS_levels_v2,direction_owner_source_supported_portability_interpretation,not_applicable_release_event_exists,false,false,false,phase2_public_cpi_point_in_time_v1,sha256:cac4891195e4c3054de4b680b7ddab7123dafefe25926040b4fbd32a3ee85d7e
2010-12,published_official_CPI_release,2011-01-14,08:30:00 America/New_York,2011-01-14T08:30:00-05:00,2011-01-18,U.S. Bureau of Labor Statistics archived CPI news release,https://www.bls.gov/news.release/archives/cpi_01142011.htm,84341c35e726c2a16d05841f00eaaa1e773d3d05a1206203e961d1ee7307df95,219.179,215.949,prior_year_BLS_archived_release_level_CPI_U_NSA_final_when_released,1.495723527314,low,1.5,medium,true,true,true,cpi_yoy_unrounded_from_point_in_time_CPIAUCNS_levels_v2,direction_owner_source_supported_portability_interpretation,not_applicable_release_event_exists,false,false,false,phase2_public_cpi_point_in_time_v1,sha256:cac4891195e4c3054de4b680b7ddab7123dafefe25926040b4fbd32a3ee85d7e
2011-01,published_official_CPI_release,2011-02-17,08:30:00 America/New_York,2011-02-17T08:30:00-05:00,2011-02-18,U.S. Bureau of Labor Statistics archived CPI news release,https://www.bls.gov/news.release/archives/cpi_02172011.htm,9b5bb52ef621bab1071cdbcbd3a680a72c47b68b2fc1bc458b574541d4025231,220.223,216.687,prior_year_BLS_archived_release_level_CPI_U_NSA_final_when_released,1.631846857449,medium,1.6,medium,false,true,true,cpi_yoy_unrounded_from_point_in_time_CPIAUCNS_levels_v2,direction_owner_source_supported_portability_interpretation,not_applicable_release_event_exists,false,false,false,phase2_public_cpi_point_in_time_v1,sha256:cac4891195e4c3054de4b680b7ddab7123dafefe25926040b4fbd32a3ee85d7e
2011-02,published_official_CPI_release,2011-03-17,08:30:00 America/New_York,2011-03-17T08:30:00-04:00,2011-03-18,U.S. Bureau of Labor Statistics archived CPI news release,https://www.bls.gov/news.release/archives/cpi_03172011.htm,f76c5cc2df6b6fdb54756544404500279f01da95f221e7aff34150d40c5ecbfc,221.309,216.741,prior_year_BLS_archived_release_level_CPI_U_NSA_final_when_released,2.107584628658,medium,2.1,medium,false,true,true,cpi_yoy_unrounded_from_point_in_time_CPIAUCNS_levels_v2,direction_owner_source_supported_portability_interpretation,not_applicable_release_event_exists,false,false,false,phase2_public_cpi_point_in_time_v1,sha256:cac4891195e4c3054de4b680b7ddab7123dafefe25926040b4fbd32a3ee85d7e
2011-03,published_official_CPI_release,2011-04-15,08:30:00 America/New_York,2011-04-15T08:30:00-04:00,2011-04-18,U.S. Bureau of Labor Statistics archived CPI news release,https://www.bls.gov/news.release/archives/cpi_04152011.htm,0e1b1504b41521b5e9cc27ec18d9e7d3c0728ba00ee032985ef0ac80e3806354,223.467,217.631,prior_year_BLS_archived_release_level_CPI_U_NSA_final_when_released,2.681603264241,high,2.7,high,false,true,true,cpi_yoy_unrounded_from_point_in_time_CPIAUCNS_levels_v2,direction_owner_source_supported_portability_interpretation,not_applicable_release_event_exists,false,false,false,phase2_public_cpi_point_in_time_v1,sha256:cac4891195e4c3054de4b680b7ddab7123dafefe25926040b4fbd32a3ee85d7e
2011-04,published_official_CPI_release,2011-05-13,08:30:00 America/New_York,2011-05-13T08:30:00-04:00,2011-05-16,U.S. Bureau of Labor Statistics archived CPI news release,https://www.bls.gov/news.release/archives/cpi_05132011.htm,f2356ba3e12a4f588769065e2033c3dcc144be18dfbfddc6d0bfee3c26363f0c,224.906,218.009,prior_year_BLS_archived_release_level_CPI_U_NSA_final_when_released,3.163630859276,high,3.2,high,false,true,true,cpi_yoy_unrounded_from_point_in_time_CPIAUCNS_levels_v2,direction_owner_source_supported_portability_interpretation,not_applicable_release_event_exists,false,false,false,phase2_public_cpi_point_in_time_v1,sha256:cac4891195e4c3054de4b680b7ddab7123dafefe25926040b4fbd32a3ee85d7e
2011-05,published_official_CPI_release,2011-06-15,08:30:00 America/New_York,2011-06-15T08:30:00-04:00,2011-06-16,U.S. Bureau of Labor Statistics archived CPI news release,https://www.bls.gov/news.release/archives/cpi_06152011.htm,55c89ee0852dd653691630303aa3286e347c64340ee4bda8fc325e60ba7baba0,225.964,218.178,prior_year_BLS_archived_release_level_CPI_U_NSA_final_when_released,3.568645784635,high,3.6,high,false,true,true,cpi_yoy_unrounded_from_point_in_time_CPIAUCNS_levels_v2,direction_owner_source_supported_portability_interpretation,not_applicable_release_event_exists,false,false,false,phase2_public_cpi_point_in_time_v1,sha256:cac4891195e4c3054de4b680b7ddab7123dafefe25926040b4fbd32a3ee85d7e
2011-06,published_official_CPI_release,2011-07-15,08:30:00 America/New_York,2011-07-15T08:30:00-04:00,2011-07-18,U.S. Bureau of Labor Statistics archived CPI news release,https://www.bls.gov/news.release/archives/cpi_07152011.htm,55683fd70169c0996a7ce5a4538bbd9c95f047c773814624288c36e01c317f76,225.722,217.965,prior_year_BLS_archived_release_level_CPI_U_NSA_final_when_released,3.558828252242,high,3.6,high,false,true,true,cpi_yoy_unrounded_from_point_in_time_CPIAUCNS_levels_v2,direction_owner_source_supported_portability_interpretation,not_applicable_release_event_exists,false,false,false,phase2_public_cpi_point_in_time_v1,sha256:cac4891195e4c3054de4b680b7ddab7123dafefe25926040b4fbd32a3ee85d7e
2011-07,published_official_CPI_release,2011-08-18,08:30:00 America/New_York,2011-08-18T08:30:00-04:00,2011-08-19,U.S. Bureau of Labor Statistics archived CPI news release,https://www.bls.gov/news.release/archives/cpi_08182011.htm,c1f7c9fd0da6297a09293261b2f8b413ceea655276c0d2d746656dd0bf19bcad,225.922,218.011,prior_year_BLS_archived_release_level_CPI_U_NSA_final_when_released,3.628715982221,high,3.6,high,false,true,true,cpi_yoy_unrounded_from_point_in_time_CPIAUCNS_levels_v2,direction_owner_source_supported_portability_interpretation,not_applicable_release_event_exists,false,false,false,phase2_public_cpi_point_in_time_v1,sha256:cac4891195e4c3054de4b680b7ddab7123dafefe25926040b4fbd32a3ee85d7e
2011-08,published_official_CPI_release,2011-09-15,08:30:00 America/New_York,2011-09-15T08:30:00-04:00,2011-09-16,U.S. Bureau of Labor Statistics archived CPI news release,https://www.bls.gov/news.release/archives/cpi_09152011.htm,97862dbcbdb920773fe8bb21a674d30a151f30dd2549b9081708116f096163d7,226.545,218.312,prior_year_BLS_archived_release_level_CPI_U_NSA_final_when_released,3.771208179120,high,3.8,high,false,true,true,cpi_yoy_unrounded_from_point_in_time_CPIAUCNS_levels_v2,direction_owner_source_supported_portability_interpretation,not_applicable_release_event_exists,false,false,false,phase2_public_cpi_point_in_time_v1,sha256:cac4891195e4c3054de4b680b7ddab7123dafefe25926040b4fbd32a3ee85d7e
2011-09,published_official_CPI_release,2011-10-19,08:30:00 America/New_York,2011-10-19T08:30:00-04:00,2011-10-20,U.S. Bureau of Labor Statistics archived CPI news release,https://www.bls.gov/news.release/archives/cpi_10192011.htm,cf74ef93dc7e7b9e864ac323bbd747c4d8371ac79fc9fe7dd4b74bc49f0696ab,226.889,218.439,prior_year_BLS_archived_release_level_CPI_U_NSA_final_when_released,3.868356841040,high,3.9,high,false,true,true,cpi_yoy_unrounded_from_point_in_time_CPIAUCNS_levels_v2,direction_owner_source_supported_portability_interpretation,not_applicable_release_event_exists,false,false,false,phase2_public_cpi_point_in_time_v1,sha256:cac4891195e4c3054de4b680b7ddab7123dafefe25926040b4fbd32a3ee85d7e
2011-10,published_official_CPI_release,2011-11-16,08:30:00 America/New_York,2011-11-16T08:30:00-05:00,2011-11-17,U.S. Bureau of Labor Statistics archived CPI news release,https://www.bls.gov/news.release/archives/cpi_11162011.htm,afe787c984a9200335456633db6ce86702fe78013d233f5d22249f583f6032db,226.421,218.711,prior_year_BLS_archived_release_level_CPI_U_NSA_final_when_released,3.525199921357,high,3.5,high,false,true,true,cpi_yoy_unrounded_from_point_in_time_CPIAUCNS_levels_v2,direction_owner_source_supported_portability_interpretation,not_applicable_release_event_exists,false,false,false,phase2_public_cpi_point_in_time_v1,sha256:cac4891195e4c3054de4b680b7ddab7123dafefe25926040b4fbd32a3ee85d7e
2011-11,published_official_CPI_release,2011-12-16,08:30:00 America/New_York,2011-12-16T08:30:00-05:00,2011-12-19,U.S. Bureau of Labor Statistics archived CPI news release,https://www.bls.gov/news.release/archives/cpi_12162011.htm,7fdbefa26a63b8618c9f299cf06eaea68d066b685dd1c83eef3f634c55521fb7,226.230,218.803,prior_year_BLS_archived_release_level_CPI_U_NSA_final_when_released,3.394377590801,high,3.4,high,false,true,true,cpi_yoy_unrounded_from_point_in_time_CPIAUCNS_levels_v2,direction_owner_source_supported_portability_interpretation,not_applicable_release_event_exists,false,false,false,phase2_public_cpi_point_in_time_v1,sha256:cac4891195e4c3054de4b680b7ddab7123dafefe25926040b4fbd32a3ee85d7e
2011-12,published_official_CPI_release,2012-01-19,08:30:00 America/New_York,2012-01-19T08:30:00-05:00,2012-01-20,U.S. Bureau of Labor Statistics archived CPI news release,https://www.bls.gov/news.release/archives/cpi_01192012.htm,afc18637c125b4382f80af66ed3a65b57677d534b0b15fce63ed95288bc5abe6,225.672,219.179,prior_year_BLS_archived_release_level_CPI_U_NSA_final_when_released,2.962418844871,high,3.0,high,false,true,true,cpi_yoy_unrounded_from_point_in_time_CPIAUCNS_levels_v2,direction_owner_source_supported_portability_interpretation,not_applicable_release_event_exists,false,false,false,phase2_public_cpi_point_in_time_v1,sha256:cac4891195e4c3054de4b680b7ddab7123dafefe25926040b4fbd32a3ee85d7e
2012-01,published_official_CPI_release,2012-02-17,08:30:00 America/New_York,2012-02-17T08:30:00-05:00,2012-02-21,U.S. Bureau of Labor Statistics archived CPI news release,https://www.bls.gov/news.release/archives/cpi_02172012.htm,e7f660d4c894a7e00f4c7c3cec0867551c481004e67aa3a84d8cc2e37acb6887,226.665,220.223,prior_year_BLS_archived_release_level_CPI_U_NSA_final_when_released,2.925216712151,high,2.9,high,false,true,true,cpi_yoy_unrounded_from_point_in_time_CPIAUCNS_levels_v2,direction_owner_source_supported_portability_interpretation,not_applicable_release_event_exists,false,false,false,phase2_public_cpi_point_in_time_v1,sha256:cac4891195e4c3054de4b680b7ddab7123dafefe25926040b4fbd32a3ee85d7e
2012-02,published_official_CPI_release,2012-03-16,08:30:00 America/New_York,2012-03-16T08:30:00-04:00,2012-03-19,U.S. Bureau of Labor Statistics archived CPI news release,https://www.bls.gov/news.release/archives/cpi_03162012.htm,3d297e25544da32f8641a583ec519ec3415b82fd6645f22465073aac808be852,227.663,221.309,prior_year_BLS_archived_release_level_CPI_U_NSA_final_when_released,2.871098780438,high,2.9,high,false,true,true,cpi_yoy_unrounded_from_point_in_time_CPIAUCNS_levels_v2,direction_owner_source_supported_portability_interpretation,not_applicable_release_event_exists,false,false,false,phase2_public_cpi_point_in_time_v1,sha256:cac4891195e4c3054de4b680b7ddab7123dafefe25926040b4fbd32a3ee85d7e
2012-03,published_official_CPI_release,2012-04-13,08:30:00 America/New_York,2012-04-13T08:30:00-04:00,2012-04-16,U.S. Bureau of Labor Statistics archived CPI news release,https://www.bls.gov/news.release/archives/cpi_04132012.htm,fd9395aa572560b54b4407cdd84ee3809794c63bf8f2ce10134739c6ce38f25c,229.392,223.467,same_BLS_release_table,2.651398193022,high,2.7,high,false,true,true,cpi_yoy_unrounded_from_point_in_time_CPIAUCNS_levels_v2,direction_owner_source_supported_portability_interpretation,not_applicable_release_event_exists,false,false,false,phase2_public_cpi_point_in_time_v1,sha256:cac4891195e4c3054de4b680b7ddab7123dafefe25926040b4fbd32a3ee85d7e
2012-04,published_official_CPI_release,2012-05-15,08:30:00 America/New_York,2012-05-15T08:30:00-04:00,2012-05-16,U.S. Bureau of Labor Statistics archived CPI news release,https://www.bls.gov/news.release/archives/cpi_05152012.htm,09da35b31d165810aec6311da69778c30f6d9af5593e7fcd38f79c5de139ae36,230.085,224.906,same_BLS_release_table,2.302739811299,medium,2.3,medium,false,true,true,cpi_yoy_unrounded_from_point_in_time_CPIAUCNS_levels_v2,direction_owner_source_supported_portability_interpretation,not_applicable_release_event_exists,false,false,false,phase2_public_cpi_point_in_time_v1,sha256:cac4891195e4c3054de4b680b7ddab7123dafefe25926040b4fbd32a3ee85d7e
2012-05,published_official_CPI_release,2012-06-14,08:30:00 America/New_York,2012-06-14T08:30:00-04:00,2012-06-15,U.S. Bureau of Labor Statistics archived CPI news release,https://www.bls.gov/news.release/archives/cpi_06142012.htm,fe93e7b17cc44dd1638168b35e165fc8fc4d5d158c203d51679296b4edd20aa6,229.815,225.964,same_BLS_release_table,1.704253774938,medium,1.7,medium,false,true,true,cpi_yoy_unrounded_from_point_in_time_CPIAUCNS_levels_v2,direction_owner_source_supported_portability_interpretation,not_applicable_release_event_exists,false,false,false,phase2_public_cpi_point_in_time_v1,sha256:cac4891195e4c3054de4b680b7ddab7123dafefe25926040b4fbd32a3ee85d7e
2012-06,published_official_CPI_release,2012-07-17,08:30:00 America/New_York,2012-07-17T08:30:00-04:00,2012-07-18,U.S. Bureau of Labor Statistics archived CPI news release,https://www.bls.gov/news.release/archives/cpi_07172012.htm,7459723c764d5d9f32fbc4cb071c4cb96a99b8dd59cc28afbda1d5007b641fcb,229.478,225.722,same_BLS_release_table,1.663993762239,medium,1.7,medium,false,true,true,cpi_yoy_unrounded_from_point_in_time_CPIAUCNS_levels_v2,direction_owner_source_supported_portability_interpretation,not_applicable_release_event_exists,false,false,false,phase2_public_cpi_point_in_time_v1,sha256:cac4891195e4c3054de4b680b7ddab7123dafefe25926040b4fbd32a3ee85d7e
2012-07,published_official_CPI_release,2012-08-15,08:30:00 America/New_York,2012-08-15T08:30:00-04:00,2012-08-16,U.S. Bureau of Labor Statistics archived CPI news release,https://www.bls.gov/news.release/archives/cpi_08152012.htm,d22e63b65b0e9a677523d6ae529f8dd2f5b3437c01a9a7630a9cdc2b04e4073b,229.104,225.922,same_BLS_release_table,1.408450704225,low,1.4,low,false,true,true,cpi_yoy_unrounded_from_point_in_time_CPIAUCNS_levels_v2,direction_owner_source_supported_portability_interpretation,not_applicable_release_event_exists,false,false,false,phase2_public_cpi_point_in_time_v1,sha256:cac4891195e4c3054de4b680b7ddab7123dafefe25926040b4fbd32a3ee85d7e
2012-08,published_official_CPI_release,2012-09-14,08:30:00 America/New_York,2012-09-14T08:30:00-04:00,2012-09-17,U.S. Bureau of Labor Statistics archived CPI news release,https://www.bls.gov/news.release/archives/cpi_09142012.htm,e11d31e8b217c0d5d9ae92c57423586375652de14849c375bfb75689655f0f22,230.379,226.545,same_BLS_release_table,1.692378997550,medium,1.7,medium,false,true,true,cpi_yoy_unrounded_from_point_in_time_CPIAUCNS_levels_v2,direction_owner_source_supported_portability_interpretation,not_applicable_release_event_exists,false,false,false,phase2_public_cpi_point_in_time_v1,sha256:cac4891195e4c3054de4b680b7ddab7123dafefe25926040b4fbd32a3ee85d7e
2012-09,published_official_CPI_release,2012-10-16,08:30:00 America/New_York,2012-10-16T08:30:00-04:00,2012-10-17,U.S. Bureau of Labor Statistics archived CPI news release,https://www.bls.gov/news.release/archives/cpi_10162012.htm,9b95ecef64ac68605c6638ce3169b2f1b913ab80cd82d73a2ca828bee2d5060b,231.407,226.889,same_BLS_release_table,1.991282080665,medium,2.0,medium,false,true,true,cpi_yoy_unrounded_from_point_in_time_CPIAUCNS_levels_v2,direction_owner_source_supported_portability_interpretation,not_applicable_release_event_exists,false,false,false,phase2_public_cpi_point_in_time_v1,sha256:cac4891195e4c3054de4b680b7ddab7123dafefe25926040b4fbd32a3ee85d7e
2012-10,published_official_CPI_release,2012-11-15,08:30:00 America/New_York,2012-11-15T08:30:00-05:00,2012-11-16,U.S. Bureau of Labor Statistics archived CPI news release,https://www.bls.gov/news.release/archives/cpi_11152012.htm,848a52a8b03699a14cfd93bb60b39486a8c267feeea4f8b58993b733214182a1,231.317,226.421,same_BLS_release_table,2.162343598871,medium,2.2,medium,false,true,true,cpi_yoy_unrounded_from_point_in_time_CPIAUCNS_levels_v2,direction_owner_source_supported_portability_interpretation,not_applicable_release_event_exists,false,false,false,phase2_public_cpi_point_in_time_v1,sha256:cac4891195e4c3054de4b680b7ddab7123dafefe25926040b4fbd32a3ee85d7e
2012-11,published_official_CPI_release,2012-12-14,08:30:00 America/New_York,2012-12-14T08:30:00-05:00,2012-12-17,U.S. Bureau of Labor Statistics archived CPI news release,https://www.bls.gov/news.release/archives/cpi_12142012.htm,efb136d71666b1de54760e203d610863aae39038ee06876931e8f48205e1ef51,230.221,226.230,same_BLS_release_table,1.764133846086,medium,1.8,medium,false,true,true,cpi_yoy_unrounded_from_point_in_time_CPIAUCNS_levels_v2,direction_owner_source_supported_portability_interpretation,not_applicable_release_event_exists,false,false,false,phase2_public_cpi_point_in_time_v1,sha256:cac4891195e4c3054de4b680b7ddab7123dafefe25926040b4fbd32a3ee85d7e
2012-12,published_official_CPI_release,2013-01-16,08:30:00 America/New_York,2013-01-16T08:30:00-05:00,2013-01-17,U.S. Bureau of Labor Statistics archived CPI news release,https://www.bls.gov/news.release/archives/cpi_01162013.htm,2f1bf6845e225a11c307de893f51976c3b9dbd2565126cc8a2dad1052f0a07ed,229.601,225.672,same_BLS_release_table,1.741022368748,medium,1.7,medium,false,true,true,cpi_yoy_unrounded_from_point_in_time_CPIAUCNS_levels_v2,direction_owner_source_supported_portability_interpretation,not_applicable_release_event_exists,false,false,false,phase2_public_cpi_point_in_time_v1,sha256:cac4891195e4c3054de4b680b7ddab7123dafefe25926040b4fbd32a3ee85d7e
2013-01,published_official_CPI_release,2013-02-21,08:30:00 America/New_York,2013-02-21T08:30:00-05:00,2013-02-22,U.S. Bureau of Labor Statistics archived CPI news release,https://www.bls.gov/news.release/archives/cpi_02212013.htm,5c53520ff6ed0fd7f4485d9168a3a39ba88be1c336d3aeaaffc5cc17c6218cc3,230.280,226.665,same_BLS_release_table,1.594864668123,medium,1.6,medium,false,true,true,cpi_yoy_unrounded_from_point_in_time_CPIAUCNS_levels_v2,direction_owner_source_supported_portability_interpretation,not_applicable_release_event_exists,false,false,false,phase2_public_cpi_point_in_time_v1,sha256:cac4891195e4c3054de4b680b7ddab7123dafefe25926040b4fbd32a3ee85d7e
2013-02,published_official_CPI_release,2013-03-15,08:30:00 America/New_York,2013-03-15T08:30:00-04:00,2013-03-18,U.S. Bureau of Labor Statistics archived CPI news release,https://www.bls.gov/news.release/archives/cpi_03152013.htm,0a02a4333bbd9fe1dbaa7dfc056286a8ef88bf84f2ac975bf5c98253243182a3,232.166,227.663,same_BLS_release_table,1.977923509749,medium,2.0,medium,false,true,true,cpi_yoy_unrounded_from_point_in_time_CPIAUCNS_levels_v2,direction_owner_source_supported_portability_interpretation,not_applicable_release_event_exists,false,false,false,phase2_public_cpi_point_in_time_v1,sha256:cac4891195e4c3054de4b680b7ddab7123dafefe25926040b4fbd32a3ee85d7e
2013-03,published_official_CPI_release,2013-04-16,08:30:00 America/New_York,2013-04-16T08:30:00-04:00,2013-04-17,U.S. Bureau of Labor Statistics archived CPI news release,https://www.bls.gov/news.release/archives/cpi_04162013.htm,62c18706d20bafa2ed380732bcdb076be4c479532cff1fee82f83eafd53db039,232.773,229.392,same_BLS_release_table,1.473896212597,low,1.5,medium,true,true,true,cpi_yoy_unrounded_from_point_in_time_CPIAUCNS_levels_v2,direction_owner_source_supported_portability_interpretation,not_applicable_release_event_exists,false,false,false,phase2_public_cpi_point_in_time_v1,sha256:cac4891195e4c3054de4b680b7ddab7123dafefe25926040b4fbd32a3ee85d7e
2013-04,published_official_CPI_release,2013-05-16,08:30:00 America/New_York,2013-05-16T08:30:00-04:00,2013-05-17,U.S. Bureau of Labor Statistics archived CPI news release,https://www.bls.gov/news.release/archives/cpi_05162013.htm,7ae3c7812e38fd9f38157f98952dc75cf45d330c5e75ae939193a86956508478,232.531,230.085,same_BLS_release_table,1.063085381489,low,1.1,low,false,true,true,cpi_yoy_unrounded_from_point_in_time_CPIAUCNS_levels_v2,direction_owner_source_supported_portability_interpretation,not_applicable_release_event_exists,false,false,false,phase2_public_cpi_point_in_time_v1,sha256:cac4891195e4c3054de4b680b7ddab7123dafefe25926040b4fbd32a3ee85d7e
2013-05,published_official_CPI_release,2013-06-18,08:30:00 America/New_York,2013-06-18T08:30:00-04:00,2013-06-19,U.S. Bureau of Labor Statistics archived CPI news release,https://www.bls.gov/news.release/archives/cpi_06182013.htm,0cdf1fb2bdc1b32c7a5e1a4bb6fe01ecb71cbac9e9901ac6241b838de92e4df3,232.945,229.815,same_BLS_release_table,1.361965058852,low,1.4,low,false,true,true,cpi_yoy_unrounded_from_point_in_time_CPIAUCNS_levels_v2,direction_owner_source_supported_portability_interpretation,not_applicable_release_event_exists,false,false,false,phase2_public_cpi_point_in_time_v1,sha256:cac4891195e4c3054de4b680b7ddab7123dafefe25926040b4fbd32a3ee85d7e
2013-06,published_official_CPI_release,2013-07-16,08:30:00 America/New_York,2013-07-16T08:30:00-04:00,2013-07-17,U.S. Bureau of Labor Statistics archived CPI news release,https://www.bls.gov/news.release/archives/cpi_07162013.htm,d862102452553bd84e764a59a094ce12bbf187cd3f5e04d144b21e0182d620f4,233.504,229.478,same_BLS_release_table,1.754416545377,medium,1.8,medium,false,true,true,cpi_yoy_unrounded_from_point_in_time_CPIAUCNS_levels_v2,direction_owner_source_supported_portability_interpretation,not_applicable_release_event_exists,false,false,false,phase2_public_cpi_point_in_time_v1,sha256:cac4891195e4c3054de4b680b7ddab7123dafefe25926040b4fbd32a3ee85d7e
2013-07,published_official_CPI_release,2013-08-15,08:30:00 America/New_York,2013-08-15T08:30:00-04:00,2013-08-16,U.S. Bureau of Labor Statistics archived CPI news release,https://www.bls.gov/news.release/archives/cpi_08152013.htm,714381fdeb58472211924b8e706da9e05bdfdf9d930ff642ec2dfe68db0191f7,233.596,229.104,same_BLS_release_table,1.960681611844,medium,2.0,medium,false,true,true,cpi_yoy_unrounded_from_point_in_time_CPIAUCNS_levels_v2,direction_owner_source_supported_portability_interpretation,not_applicable_release_event_exists,false,false,false,phase2_public_cpi_point_in_time_v1,sha256:cac4891195e4c3054de4b680b7ddab7123dafefe25926040b4fbd32a3ee85d7e
2013-08,published_official_CPI_release,2013-09-17,08:30:00 America/New_York,2013-09-17T08:30:00-04:00,2013-09-18,U.S. Bureau of Labor Statistics archived CPI news release,https://www.bls.gov/news.release/archives/cpi_09172013.htm,6f298d3bd70aabd5a0d18e639b627bdebc912e02f7f193c6d9f033946c5841ab,233.877,230.379,same_BLS_release_table,1.518367559543,medium,1.5,medium,false,true,true,cpi_yoy_unrounded_from_point_in_time_CPIAUCNS_levels_v2,direction_owner_source_supported_portability_interpretation,not_applicable_release_event_exists,false,false,false,phase2_public_cpi_point_in_time_v1,sha256:cac4891195e4c3054de4b680b7ddab7123dafefe25926040b4fbd32a3ee85d7e
2013-09,published_official_CPI_release,2013-10-30,08:30:00 America/New_York,2013-10-30T08:30:00-04:00,2013-10-31,U.S. Bureau of Labor Statistics archived CPI news release,https://www.bls.gov/news.release/archives/cpi_10302013.htm,852c4683523f94b2485556a59c501a424675d4f6bbd3547721e39d0450de4cfb,234.149,231.407,same_BLS_release_table,1.184925261552,low,1.2,low,false,true,true,cpi_yoy_unrounded_from_point_in_time_CPIAUCNS_levels_v2,direction_owner_source_supported_portability_interpretation,not_applicable_release_event_exists,false,false,false,phase2_public_cpi_point_in_time_v1,sha256:cac4891195e4c3054de4b680b7ddab7123dafefe25926040b4fbd32a3ee85d7e
2013-10,published_official_CPI_release,2013-11-20,08:30:00 America/New_York,2013-11-20T08:30:00-05:00,2013-11-21,U.S. Bureau of Labor Statistics archived CPI news release,https://www.bls.gov/news.release/archives/cpi_11202013.htm,db0f16a8417104289102e7ffe4e00dbab45e683d8d314bb8d7a5fa5f376a7ffc,233.546,231.317,same_BLS_release_table,0.963612704643,low,1.0,low,false,true,true,cpi_yoy_unrounded_from_point_in_time_CPIAUCNS_levels_v2,direction_owner_source_supported_portability_interpretation,not_applicable_release_event_exists,false,false,false,phase2_public_cpi_point_in_time_v1,sha256:cac4891195e4c3054de4b680b7ddab7123dafefe25926040b4fbd32a3ee85d7e
2013-11,published_official_CPI_release,2013-12-17,08:30:00 America/New_York,2013-12-17T08:30:00-05:00,2013-12-18,U.S. Bureau of Labor Statistics archived CPI news release,https://www.bls.gov/news.release/archives/cpi_12172013.htm,55c77691675ea642100daaae127fb4675d11fc3059eb7d2a8d970c32cb1ed6e0,233.069,230.221,same_BLS_release_table,1.237072204534,low,1.2,low,false,true,true,cpi_yoy_unrounded_from_point_in_time_CPIAUCNS_levels_v2,direction_owner_source_supported_portability_interpretation,not_applicable_release_event_exists,false,false,false,phase2_public_cpi_point_in_time_v1,sha256:cac4891195e4c3054de4b680b7ddab7123dafefe25926040b4fbd32a3ee85d7e
2013-12,published_official_CPI_release,2014-01-16,08:30:00 America/New_York,2014-01-16T08:30:00-05:00,2014-01-17,U.S. Bureau of Labor Statistics archived CPI news release,https://www.bls.gov/news.release/archives/cpi_01162014.htm,1442dc2f80a398a1375462f9b23f5bfcd044ac08319ca075042c02d8d3831992,233.049,229.601,same_BLS_release_table,1.501735619618,medium,1.5,medium,false,true,true,cpi_yoy_unrounded_from_point_in_time_CPIAUCNS_levels_v2,direction_owner_source_supported_portability_interpretation,not_applicable_release_event_exists,false,false,false,phase2_public_cpi_point_in_time_v1,sha256:cac4891195e4c3054de4b680b7ddab7123dafefe25926040b4fbd32a3ee85d7e
2014-01,published_official_CPI_release,2014-02-20,08:30:00 America/New_York,2014-02-20T08:30:00-05:00,2014-02-21,U.S. Bureau of Labor Statistics archived CPI news release,https://www.bls.gov/news.release/archives/cpi_02202014.htm,e2c0464fab135abed6b7be0aff190496ca19c354fce516841bd6bef95cd5a79c,233.916,230.280,same_BLS_release_table,1.578947368421,medium,1.6,medium,false,true,true,cpi_yoy_unrounded_from_point_in_time_CPIAUCNS_levels_v2,direction_owner_source_supported_portability_interpretation,not_applicable_release_event_exists,false,false,false,phase2_public_cpi_point_in_time_v1,sha256:cac4891195e4c3054de4b680b7ddab7123dafefe25926040b4fbd32a3ee85d7e
2014-02,published_official_CPI_release,2014-03-18,08:30:00 America/New_York,2014-03-18T08:30:00-04:00,2014-03-19,U.S. Bureau of Labor Statistics archived CPI news release,https://www.bls.gov/news.release/archives/cpi_03182014.htm,a51e98d1d12879a9d48226d0074729d5d461497aa90d0e09dd6bde6960311c38,234.781,232.166,same_BLS_release_table,1.126349250106,low,1.1,low,false,true,true,cpi_yoy_unrounded_from_point_in_time_CPIAUCNS_levels_v2,direction_owner_source_supported_portability_interpretation,not_applicable_release_event_exists,false,false,false,phase2_public_cpi_point_in_time_v1,sha256:cac4891195e4c3054de4b680b7ddab7123dafefe25926040b4fbd32a3ee85d7e
2014-03,published_official_CPI_release,2014-04-15,08:30:00 America/New_York,2014-04-15T08:30:00-04:00,2014-04-16,U.S. Bureau of Labor Statistics archived CPI news release,https://www.bls.gov/news.release/archives/cpi_04152014.htm,e109131bf113f2946f86f088f44752a64eab08f9bb6c9a04e690812b2b06d73d,236.293,232.773,same_BLS_release_table,1.512202875763,medium,1.5,medium,false,true,true,cpi_yoy_unrounded_from_point_in_time_CPIAUCNS_levels_v2,direction_owner_source_supported_portability_interpretation,not_applicable_release_event_exists,false,false,false,phase2_public_cpi_point_in_time_v1,sha256:cac4891195e4c3054de4b680b7ddab7123dafefe25926040b4fbd32a3ee85d7e
2014-04,published_official_CPI_release,2014-05-15,08:30:00 America/New_York,2014-05-15T08:30:00-04:00,2014-05-16,U.S. Bureau of Labor Statistics archived CPI news release,https://www.bls.gov/news.release/archives/cpi_05152014.htm,00d0e2c80f044285a8f9f3912083ad3a2ed0dee5f69f9796c3b83685fee21b93,237.072,232.531,same_BLS_release_table,1.952857898517,medium,2.0,medium,false,true,true,cpi_yoy_unrounded_from_point_in_time_CPIAUCNS_levels_v2,direction_owner_source_supported_portability_interpretation,not_applicable_release_event_exists,false,false,false,phase2_public_cpi_point_in_time_v1,sha256:cac4891195e4c3054de4b680b7ddab7123dafefe25926040b4fbd32a3ee85d7e
2014-05,published_official_CPI_release,2014-06-17,08:30:00 America/New_York,2014-06-17T08:30:00-04:00,2014-06-18,U.S. Bureau of Labor Statistics archived CPI news release,https://www.bls.gov/news.release/archives/cpi_06172014.htm,040bacfa694b624768660561c63ae4f91b2ec29d0ebe1270f6b1a86277454723,237.900,232.945,same_BLS_release_table,2.127111549937,medium,2.1,medium,false,true,true,cpi_yoy_unrounded_from_point_in_time_CPIAUCNS_levels_v2,direction_owner_source_supported_portability_interpretation,not_applicable_release_event_exists,false,false,false,phase2_public_cpi_point_in_time_v1,sha256:cac4891195e4c3054de4b680b7ddab7123dafefe25926040b4fbd32a3ee85d7e
2014-06,published_official_CPI_release,2014-07-22,08:30:00 America/New_York,2014-07-22T08:30:00-04:00,2014-07-23,U.S. Bureau of Labor Statistics archived CPI news release,https://www.bls.gov/news.release/archives/cpi_07222014.htm,2173fcaf456b60d38ab777fce4ee2c72eb053d9a9b0377c1ebd23e886c7ed236,238.343,233.504,same_BLS_release_table,2.072341373167,medium,2.1,medium,false,true,true,cpi_yoy_unrounded_from_point_in_time_CPIAUCNS_levels_v2,direction_owner_source_supported_portability_interpretation,not_applicable_release_event_exists,false,false,false,phase2_public_cpi_point_in_time_v1,sha256:cac4891195e4c3054de4b680b7ddab7123dafefe25926040b4fbd32a3ee85d7e
2014-07,published_official_CPI_release,2014-08-19,08:30:00 America/New_York,2014-08-19T08:30:00-04:00,2014-08-20,U.S. Bureau of Labor Statistics archived CPI news release,https://www.bls.gov/news.release/archives/cpi_08192014.htm,be1148e9d87609eada51d42a21aed11f8d115a244f07888598b36566968ea6f7,238.250,233.596,same_BLS_release_table,1.992328635764,medium,2.0,medium,false,true,true,cpi_yoy_unrounded_from_point_in_time_CPIAUCNS_levels_v2,direction_owner_source_supported_portability_interpretation,not_applicable_release_event_exists,false,false,false,phase2_public_cpi_point_in_time_v1,sha256:cac4891195e4c3054de4b680b7ddab7123dafefe25926040b4fbd32a3ee85d7e
2014-08,published_official_CPI_release,2014-09-17,08:30:00 America/New_York,2014-09-17T08:30:00-04:00,2014-09-18,U.S. Bureau of Labor Statistics archived CPI news release,https://www.bls.gov/news.release/archives/cpi_09172014.htm,509abf7016b5a6980eff3b08c9344a2e3ddea05a4dcffb3d5e4d36499d2dbaa6,237.852,233.877,same_BLS_release_table,1.699611334163,medium,1.7,medium,false,true,true,cpi_yoy_unrounded_from_point_in_time_CPIAUCNS_levels_v2,direction_owner_source_supported_portability_interpretation,not_applicable_release_event_exists,false,false,false,phase2_public_cpi_point_in_time_v1,sha256:cac4891195e4c3054de4b680b7ddab7123dafefe25926040b4fbd32a3ee85d7e
2014-09,published_official_CPI_release,2014-10-22,08:30:00 America/New_York,2014-10-22T08:30:00-04:00,2014-10-23,U.S. Bureau of Labor Statistics archived CPI news release,https://www.bls.gov/news.release/archives/cpi_10222014.htm,28b9d53584a5680b3faea922b0e06051f96ae46f9b65d6c85ea5ac9ca0d435a1,238.031,234.149,same_BLS_release_table,1.657918675715,medium,1.7,medium,false,true,true,cpi_yoy_unrounded_from_point_in_time_CPIAUCNS_levels_v2,direction_owner_source_supported_portability_interpretation,not_applicable_release_event_exists,false,false,false,phase2_public_cpi_point_in_time_v1,sha256:cac4891195e4c3054de4b680b7ddab7123dafefe25926040b4fbd32a3ee85d7e
2014-10,published_official_CPI_release,2014-11-20,08:30:00 America/New_York,2014-11-20T08:30:00-05:00,2014-11-21,U.S. Bureau of Labor Statistics archived CPI news release,https://www.bls.gov/news.release/archives/cpi_11202014.htm,60f4715c0c02ef1cf1dcc56ed7da134affd00b9b56779ffa3ff0b31e1ef5ba97,237.433,233.546,same_BLS_release_table,1.664340215632,medium,1.7,medium,false,true,true,cpi_yoy_unrounded_from_point_in_time_CPIAUCNS_levels_v2,direction_owner_source_supported_portability_interpretation,not_applicable_release_event_exists,false,false,false,phase2_public_cpi_point_in_time_v1,sha256:cac4891195e4c3054de4b680b7ddab7123dafefe25926040b4fbd32a3ee85d7e
2014-11,published_official_CPI_release,2014-12-17,08:30:00 America/New_York,2014-12-17T08:30:00-05:00,2014-12-18,U.S. Bureau of Labor Statistics archived CPI news release,https://www.bls.gov/news.release/archives/cpi_12172014.htm,0134ce12341295786bdcc85a712b2aed9435329b4bcb727e8d4b26e00e958811,236.151,233.069,same_BLS_release_table,1.322355182371,low,1.3,low,false,true,true,cpi_yoy_unrounded_from_point_in_time_CPIAUCNS_levels_v2,direction_owner_source_supported_portability_interpretation,not_applicable_release_event_exists,false,false,false,phase2_public_cpi_point_in_time_v1,sha256:cac4891195e4c3054de4b680b7ddab7123dafefe25926040b4fbd32a3ee85d7e
2014-12,published_official_CPI_release,2015-01-16,08:30:00 America/New_York,2015-01-16T08:30:00-05:00,2015-01-20,U.S. Bureau of Labor Statistics archived CPI news release,https://www.bls.gov/news.release/archives/cpi_01162015.htm,d838c0c752f5b84b6988c5d7660e993b607650458604a17ab17ca4a098956efb,234.812,233.049,same_BLS_release_table,0.756493269656,low,0.8,low,false,true,true,cpi_yoy_unrounded_from_point_in_time_CPIAUCNS_levels_v2,direction_owner_source_supported_portability_interpretation,not_applicable_release_event_exists,false,false,false,phase2_public_cpi_point_in_time_v1,sha256:cac4891195e4c3054de4b680b7ddab7123dafefe25926040b4fbd32a3ee85d7e
2015-01,published_official_CPI_release,2015-02-26,08:30:00 America/New_York,2015-02-26T08:30:00-05:00,2015-02-27,U.S. Bureau of Labor Statistics archived CPI news release,https://www.bls.gov/news.release/archives/cpi_02262015.htm,5f2f53717b05f723c1ad9acd00a77bcdfad14629c4680e8209783745a1c03014,233.707,233.916,same_BLS_release_table,-0.089348313070,low,-0.1,low,false,true,true,cpi_yoy_unrounded_from_point_in_time_CPIAUCNS_levels_v2,direction_owner_source_supported_portability_interpretation,not_applicable_release_event_exists,false,false,false,phase2_public_cpi_point_in_time_v1,sha256:cac4891195e4c3054de4b680b7ddab7123dafefe25926040b4fbd32a3ee85d7e
2015-02,published_official_CPI_release,2015-03-24,08:30:00 America/New_York,2015-03-24T08:30:00-04:00,2015-03-25,U.S. Bureau of Labor Statistics archived CPI news release,https://www.bls.gov/news.release/archives/cpi_03242015.htm,c695f0e237f97e2064df963df324441b0cb3a6a65cc975619e04c12724c0fecc,234.722,234.781,same_BLS_release_table,-0.025129801815,low,0.0,low,false,true,true,cpi_yoy_unrounded_from_point_in_time_CPIAUCNS_levels_v2,direction_owner_source_supported_portability_interpretation,not_applicable_release_event_exists,false,false,false,phase2_public_cpi_point_in_time_v1,sha256:cac4891195e4c3054de4b680b7ddab7123dafefe25926040b4fbd32a3ee85d7e
2015-03,published_official_CPI_release,2015-04-17,08:30:00 America/New_York,2015-04-17T08:30:00-04:00,2015-04-20,U.S. Bureau of Labor Statistics archived CPI news release,https://www.bls.gov/news.release/archives/cpi_04172015.htm,18dca30a854d33973c9b2bf0515734555e0c6e0f5fefcd233520ffc4279fffaf,236.119,236.293,same_BLS_release_table,-0.073637390866,low,-0.1,low,false,true,true,cpi_yoy_unrounded_from_point_in_time_CPIAUCNS_levels_v2,direction_owner_source_supported_portability_interpretation,not_applicable_release_event_exists,false,false,false,phase2_public_cpi_point_in_time_v1,sha256:cac4891195e4c3054de4b680b7ddab7123dafefe25926040b4fbd32a3ee85d7e
2015-04,published_official_CPI_release,2015-05-22,08:30:00 America/New_York,2015-05-22T08:30:00-04:00,2015-05-26,U.S. Bureau of Labor Statistics archived CPI news release,https://www.bls.gov/news.release/archives/cpi_05222015.htm,92d80729ea975b3fca490809207cac13a8a8213a2cf9984a59a0cd8a38b33214,236.599,237.072,same_BLS_release_table,-0.199517446177,low,-0.2,low,false,true,true,cpi_yoy_unrounded_from_point_in_time_CPIAUCNS_levels_v2,direction_owner_source_supported_portability_interpretation,not_applicable_release_event_exists,false,false,false,phase2_public_cpi_point_in_time_v1,sha256:cac4891195e4c3054de4b680b7ddab7123dafefe25926040b4fbd32a3ee85d7e
2015-05,published_official_CPI_release,2015-06-18,08:30:00 America/New_York,2015-06-18T08:30:00-04:00,2015-06-19,U.S. Bureau of Labor Statistics archived CPI news release,https://www.bls.gov/news.release/archives/cpi_06182015.htm,142b5b2d2be768096935ce6f1b3e20a5074c5c64e8be983f12cea62344c3252a,237.805,237.900,same_BLS_release_table,-0.039932744851,low,0.0,low,false,true,true,cpi_yoy_unrounded_from_point_in_time_CPIAUCNS_levels_v2,direction_owner_source_supported_portability_interpretation,not_applicable_release_event_exists,false,false,false,phase2_public_cpi_point_in_time_v1,sha256:cac4891195e4c3054de4b680b7ddab7123dafefe25926040b4fbd32a3ee85d7e
2015-06,published_official_CPI_release,2015-07-17,08:30:00 America/New_York,2015-07-17T08:30:00-04:00,2015-07-20,U.S. Bureau of Labor Statistics archived CPI news release,https://www.bls.gov/news.release/archives/cpi_07172015.htm,1d7268807e17f6f8ee6d7c8f1f409003ea64eac0b2f65744f3c683b299c05e4b,238.638,238.343,same_BLS_release_table,0.123771203685,low,0.1,low,false,true,true,cpi_yoy_unrounded_from_point_in_time_CPIAUCNS_levels_v2,direction_owner_source_supported_portability_interpretation,not_applicable_release_event_exists,false,false,false,phase2_public_cpi_point_in_time_v1,sha256:cac4891195e4c3054de4b680b7ddab7123dafefe25926040b4fbd32a3ee85d7e
2015-07,published_official_CPI_release,2015-08-19,08:30:00 America/New_York,2015-08-19T08:30:00-04:00,2015-08-20,U.S. Bureau of Labor Statistics archived CPI news release,https://www.bls.gov/news.release/archives/cpi_08192015.htm,9bb18e618ab1deb60a31a5731c1a2ab104f7cd0856160fa279961509e8bf1864,238.654,238.250,same_BLS_release_table,0.169569779643,low,0.2,low,false,true,true,cpi_yoy_unrounded_from_point_in_time_CPIAUCNS_levels_v2,direction_owner_source_supported_portability_interpretation,not_applicable_release_event_exists,false,false,false,phase2_public_cpi_point_in_time_v1,sha256:cac4891195e4c3054de4b680b7ddab7123dafefe25926040b4fbd32a3ee85d7e
2015-08,published_official_CPI_release,2015-09-16,08:30:00 America/New_York,2015-09-16T08:30:00-04:00,2015-09-17,U.S. Bureau of Labor Statistics archived CPI news release,https://www.bls.gov/news.release/archives/cpi_09162015.htm,f6154be76f62432559c746d6d26718aaa6d899be86552ef6095bf9e1defccd64,238.316,237.852,same_BLS_release_table,0.195079293006,low,0.2,low,false,true,true,cpi_yoy_unrounded_from_point_in_time_CPIAUCNS_levels_v2,direction_owner_source_supported_portability_interpretation,not_applicable_release_event_exists,false,false,false,phase2_public_cpi_point_in_time_v1,sha256:cac4891195e4c3054de4b680b7ddab7123dafefe25926040b4fbd32a3ee85d7e
2015-09,published_official_CPI_release,2015-10-15,08:30:00 America/New_York,2015-10-15T08:30:00-04:00,2015-10-16,U.S. Bureau of Labor Statistics archived CPI news release,https://www.bls.gov/news.release/archives/cpi_10152015.htm,591fd157c545b2c52537c44c53665682e6d26d0e12f0ce620e24dfc4ee82586f,237.945,238.031,same_BLS_release_table,-0.036129747806,low,0.0,low,false,true,true,cpi_yoy_unrounded_from_point_in_time_CPIAUCNS_levels_v2,direction_owner_source_supported_portability_interpretation,not_applicable_release_event_exists,false,false,false,phase2_public_cpi_point_in_time_v1,sha256:cac4891195e4c3054de4b680b7ddab7123dafefe25926040b4fbd32a3ee85d7e
2015-10,published_official_CPI_release,2015-11-17,08:30:00 America/New_York,2015-11-17T08:30:00-05:00,2015-11-18,U.S. Bureau of Labor Statistics archived CPI news release,https://www.bls.gov/news.release/archives/cpi_11172015.htm,859f9e3c3d19c9924305ce810fb9ef54b877380e4676f947632e08c580df2daa,237.838,237.433,same_BLS_release_table,0.170574435736,low,0.2,low,false,true,true,cpi_yoy_unrounded_from_point_in_time_CPIAUCNS_levels_v2,direction_owner_source_supported_portability_interpretation,not_applicable_release_event_exists,false,false,false,phase2_public_cpi_point_in_time_v1,sha256:cac4891195e4c3054de4b680b7ddab7123dafefe25926040b4fbd32a3ee85d7e
2015-11,published_official_CPI_release,2015-12-15,08:30:00 America/New_York,2015-12-15T08:30:00-05:00,2015-12-16,U.S. Bureau of Labor Statistics archived CPI news release,https://www.bls.gov/news.release/archives/cpi_12152015.htm,ebeca1c64092d3a688d6fbbcf3fd448cf777f12f8afc5bb1a1bb0cdd3d3a40e9,237.336,236.151,same_BLS_release_table,0.501797578668,low,0.5,low,false,true,true,cpi_yoy_unrounded_from_point_in_time_CPIAUCNS_levels_v2,direction_owner_source_supported_portability_interpretation,not_applicable_release_event_exists,false,false,false,phase2_public_cpi_point_in_time_v1,sha256:cac4891195e4c3054de4b680b7ddab7123dafefe25926040b4fbd32a3ee85d7e
2015-12,published_official_CPI_release,2016-01-20,08:30:00 America/New_York,2016-01-20T08:30:00-05:00,2016-01-21,U.S. Bureau of Labor Statistics archived CPI news release,https://www.bls.gov/news.release/archives/cpi_01202016.htm,54d5bd5e0e5e146eab974cfd3295de9838b2a7e075c8bf78501abf609497b1e8,236.525,234.812,same_BLS_release_table,0.729519786042,low,0.7,low,false,true,true,cpi_yoy_unrounded_from_point_in_time_CPIAUCNS_levels_v2,direction_owner_source_supported_portability_interpretation,not_applicable_release_event_exists,false,false,false,phase2_public_cpi_point_in_time_v1,sha256:cac4891195e4c3054de4b680b7ddab7123dafefe25926040b4fbd32a3ee85d7e
2016-01,published_official_CPI_release,2016-02-19,08:30:00 America/New_York,2016-02-19T08:30:00-05:00,2016-02-22,U.S. Bureau of Labor Statistics archived CPI news release,https://www.bls.gov/news.release/archives/cpi_02192016.htm,7dd11d3d791b86822ec3add762b8ac8de70c0714dc0f1c46ba52f23d601fa02d,236.916,233.707,same_BLS_release_table,1.373086813831,low,1.4,low,false,true,true,cpi_yoy_unrounded_from_point_in_time_CPIAUCNS_levels_v2,direction_owner_source_supported_portability_interpretation,not_applicable_release_event_exists,false,false,false,phase2_public_cpi_point_in_time_v1,sha256:cac4891195e4c3054de4b680b7ddab7123dafefe25926040b4fbd32a3ee85d7e
2016-02,published_official_CPI_release,2016-03-16,08:30:00 America/New_York,2016-03-16T08:30:00-04:00,2016-03-17,U.S. Bureau of Labor Statistics archived CPI news release,https://www.bls.gov/news.release/archives/cpi_03162016.htm,305aae13af34659f4faf5b69318b5cea22cce0dd25b4c7fd23b22c5aa98c3f9d,237.111,234.722,same_BLS_release_table,1.017799780165,low,1.0,low,false,true,true,cpi_yoy_unrounded_from_point_in_time_CPIAUCNS_levels_v2,direction_owner_source_supported_portability_interpretation,not_applicable_release_event_exists,false,false,false,phase2_public_cpi_point_in_time_v1,sha256:cac4891195e4c3054de4b680b7ddab7123dafefe25926040b4fbd32a3ee85d7e
2016-03,published_official_CPI_release,2016-04-14,08:30:00 America/New_York,2016-04-14T08:30:00-04:00,2016-04-15,U.S. Bureau of Labor Statistics archived CPI news release,https://www.bls.gov/news.release/archives/cpi_04142016.htm,f73bce7fe745a220b5b145016097ac061900445d5f1ed6877cbe970159128c26,238.132,236.119,same_BLS_release_table,0.852536221143,low,0.9,low,false,true,true,cpi_yoy_unrounded_from_point_in_time_CPIAUCNS_levels_v2,direction_owner_source_supported_portability_interpretation,not_applicable_release_event_exists,false,false,false,phase2_public_cpi_point_in_time_v1,sha256:cac4891195e4c3054de4b680b7ddab7123dafefe25926040b4fbd32a3ee85d7e
2016-04,published_official_CPI_release,2016-05-17,08:30:00 America/New_York,2016-05-17T08:30:00-04:00,2016-05-18,U.S. Bureau of Labor Statistics archived CPI news release,https://www.bls.gov/news.release/archives/cpi_05172016.htm,2dcdb1bdcc4017174ed653a590c0dcc2ffd7091d70c548857e07d33afccde4d5,239.261,236.599,same_BLS_release_table,1.125110418894,low,1.1,low,false,true,true,cpi_yoy_unrounded_from_point_in_time_CPIAUCNS_levels_v2,direction_owner_source_supported_portability_interpretation,not_applicable_release_event_exists,false,false,false,phase2_public_cpi_point_in_time_v1,sha256:cac4891195e4c3054de4b680b7ddab7123dafefe25926040b4fbd32a3ee85d7e
2016-05,published_official_CPI_release,2016-06-16,,2016-06-16,2016-06-17,U.S. Bureau of Labor Statistics archived CPI news release,https://www.bls.gov/news.release/archives/cpi_06162016.htm,sha256:3d879f748337a9d2ad0d5abaf20c792d72b6840a40d116561475ded541eff109,240.229,237.805,BLS_public_data_API_final_NSA_prior_year_level_as_of_archive_release,1.019322554194,low,1.0,low,false,true,true,cpi_yoy_unrounded_from_point_in_time_CPIAUCNS_levels_v2,direction_owner_source_supported_portability_interpretation,not_applicable_release_event_exists,false,false,false,phase2_public_cpi_point_in_time_v1,sha256:cac4891195e4c3054de4b680b7ddab7123dafefe25926040b4fbd32a3ee85d7e
2016-06,published_official_CPI_release,2016-07-15,08:30:00 America/New_York,2016-07-15T08:30:00-04:00,2016-07-18,U.S. Bureau of Labor Statistics archived CPI news release,https://www.bls.gov/news.release/archives/cpi_07152016.htm,bcdf3848f2662c688ed90dcd8ef4b6bb4d50f3d704e00cb47aa9bd6af58a8c9a,241.038,238.638,same_BLS_release_table,1.005707389435,low,1.0,low,false,true,true,cpi_yoy_unrounded_from_point_in_time_CPIAUCNS_levels_v2,direction_owner_source_supported_portability_interpretation,not_applicable_release_event_exists,false,false,false,phase2_public_cpi_point_in_time_v1,sha256:cac4891195e4c3054de4b680b7ddab7123dafefe25926040b4fbd32a3ee85d7e
2016-07,published_official_CPI_release,2016-08-16,08:30:00 America/New_York,2016-08-16T08:30:00-04:00,2016-08-17,U.S. Bureau of Labor Statistics archived CPI news release,https://www.bls.gov/news.release/archives/cpi_08162016.htm,b64d96acc594b2f80c3e0cffdbe0d68cbb34fadd69873bdf8cd4da7e21f0d822,240.647,238.654,same_BLS_release_table,0.835100186881,low,0.8,low,false,true,true,cpi_yoy_unrounded_from_point_in_time_CPIAUCNS_levels_v2,direction_owner_source_supported_portability_interpretation,not_applicable_release_event_exists,false,false,false,phase2_public_cpi_point_in_time_v1,sha256:cac4891195e4c3054de4b680b7ddab7123dafefe25926040b4fbd32a3ee85d7e
2016-08,published_official_CPI_release,2016-09-16,08:30:00 America/New_York,2016-09-16T08:30:00-04:00,2016-09-19,U.S. Bureau of Labor Statistics archived CPI news release,https://www.bls.gov/news.release/archives/cpi_09162016.htm,08ab7c1f1744a3658033e937a3f8754e9691b4a43235e2d0f7508c22eb0fbd71,240.853,238.316,same_BLS_release_table,1.064552946508,low,1.1,low,false,true,true,cpi_yoy_unrounded_from_point_in_time_CPIAUCNS_levels_v2,direction_owner_source_supported_portability_interpretation,not_applicable_release_event_exists,false,false,false,phase2_public_cpi_point_in_time_v1,sha256:cac4891195e4c3054de4b680b7ddab7123dafefe25926040b4fbd32a3ee85d7e
2016-09,published_official_CPI_release,2016-10-18,08:30:00 America/New_York,2016-10-18T08:30:00-04:00,2016-10-19,U.S. Bureau of Labor Statistics archived CPI news release,https://www.bls.gov/news.release/archives/cpi_10182016.htm,sha256:565d7e64ac9f6dd1d1b221b835e268fe53273bc9ef96fb937d9c0331913a1778,241.428,237.945,BLS_public_data_API_final_NSA_prior_year_level_as_of_archive_release,1.463783647482,low,1.5,medium,true,true,true,cpi_yoy_unrounded_from_point_in_time_CPIAUCNS_levels_v2,direction_owner_source_supported_portability_interpretation,not_applicable_release_event_exists,false,false,false,phase2_public_cpi_point_in_time_v1,sha256:cac4891195e4c3054de4b680b7ddab7123dafefe25926040b4fbd32a3ee85d7e
2016-10,published_official_CPI_release,2016-11-17,08:30:00 America/New_York,2016-11-17T08:30:00-05:00,2016-11-18,U.S. Bureau of Labor Statistics archived CPI news release,https://www.bls.gov/news.release/archives/cpi_11172016.htm,f1bdd3f0eb639be5b7dbaa1077d7f6a4fafa96cdb504c335aace22d4b8e99384,241.729,237.838,same_BLS_release_table,1.635987520918,medium,1.6,medium,false,true,true,cpi_yoy_unrounded_from_point_in_time_CPIAUCNS_levels_v2,direction_owner_source_supported_portability_interpretation,not_applicable_release_event_exists,false,false,false,phase2_public_cpi_point_in_time_v1,sha256:cac4891195e4c3054de4b680b7ddab7123dafefe25926040b4fbd32a3ee85d7e
2016-11,published_official_CPI_release,2016-12-15,08:30:00 America/New_York,2016-12-15T08:30:00-05:00,2016-12-16,U.S. Bureau of Labor Statistics archived CPI news release,https://www.bls.gov/news.release/archives/cpi_12152016.htm,451f3d19777e3f923ad1f19f12874caf937d686186f8ea663f5ef7d5e14114e8,241.353,237.336,same_BLS_release_table,1.692537162504,medium,1.7,medium,false,true,true,cpi_yoy_unrounded_from_point_in_time_CPIAUCNS_levels_v2,direction_owner_source_supported_portability_interpretation,not_applicable_release_event_exists,false,false,false,phase2_public_cpi_point_in_time_v1,sha256:cac4891195e4c3054de4b680b7ddab7123dafefe25926040b4fbd32a3ee85d7e
2016-12,published_official_CPI_release,2017-01-18,08:30:00 America/New_York,2017-01-18T08:30:00-05:00,2017-01-19,U.S. Bureau of Labor Statistics archived CPI news release,https://www.bls.gov/news.release/archives/cpi_01182017.htm,10530975b333ddcbbc13a33616e1768a91b89f3f564e3f1b1ed1afb9a42637a2,241.432,236.525,same_BLS_release_table,2.074622132967,medium,2.1,medium,false,true,true,cpi_yoy_unrounded_from_point_in_time_CPIAUCNS_levels_v2,direction_owner_source_supported_portability_interpretation,not_applicable_release_event_exists,false,false,false,phase2_public_cpi_point_in_time_v1,sha256:cac4891195e4c3054de4b680b7ddab7123dafefe25926040b4fbd32a3ee85d7e
2017-01,published_official_CPI_release,2017-02-15,08:30:00 America/New_York,2017-02-15T08:30:00-05:00,2017-02-16,U.S. Bureau of Labor Statistics archived CPI news release,https://www.bls.gov/news.release/archives/cpi_02152017.htm,879069c56057bd10453dd419299b7d064d6ea86043d5eeb65cc2a3144c18f498,242.839,236.916,same_BLS_release_table,2.500042209053,high,2.5,medium,true,true,true,cpi_yoy_unrounded_from_point_in_time_CPIAUCNS_levels_v2,direction_owner_source_supported_portability_interpretation,not_applicable_release_event_exists,false,false,false,phase2_public_cpi_point_in_time_v1,sha256:cac4891195e4c3054de4b680b7ddab7123dafefe25926040b4fbd32a3ee85d7e
2017-02,published_official_CPI_release,2017-03-15,08:30:00 America/New_York,2017-03-15T08:30:00-04:00,2017-03-16,U.S. Bureau of Labor Statistics archived CPI news release,https://www.bls.gov/news.release/archives/cpi_03152017.htm,8b5271e72b04d0fcef3dfd21e3f9441f319d0ab9165463ee955ea7cdcc99cea6,243.603,237.111,same_BLS_release_table,2.737958171489,high,2.7,high,false,true,true,cpi_yoy_unrounded_from_point_in_time_CPIAUCNS_levels_v2,direction_owner_source_supported_portability_interpretation,not_applicable_release_event_exists,false,false,false,phase2_public_cpi_point_in_time_v1,sha256:cac4891195e4c3054de4b680b7ddab7123dafefe25926040b4fbd32a3ee85d7e
2017-03,published_official_CPI_release,2017-04-14,08:30:00 America/New_York,2017-04-14T08:30:00-04:00,2017-04-17,U.S. Bureau of Labor Statistics archived CPI news release,https://www.bls.gov/news.release/archives/cpi_04142017.htm,170ac12769ab69089957f14446edd87071f132091c42e3c131b13b5e5fce9764,243.801,238.132,same_BLS_release_table,2.380612433440,medium,2.4,medium,false,true,true,cpi_yoy_unrounded_from_point_in_time_CPIAUCNS_levels_v2,direction_owner_source_supported_portability_interpretation,not_applicable_release_event_exists,false,false,false,phase2_public_cpi_point_in_time_v1,sha256:cac4891195e4c3054de4b680b7ddab7123dafefe25926040b4fbd32a3ee85d7e
2017-04,published_official_CPI_release,2017-05-12,08:30:00 America/New_York,2017-05-12T08:30:00-04:00,2017-05-15,U.S. Bureau of Labor Statistics archived CPI news release,https://www.bls.gov/news.release/archives/cpi_05122017.htm,ad678336296b9ae10878a8198e204b6f17c9c74d352f6b0c7b8450d4f1c4a225,244.524,239.261,same_BLS_release_table,2.199689878417,medium,2.2,medium,false,true,true,cpi_yoy_unrounded_from_point_in_time_CPIAUCNS_levels_v2,direction_owner_source_supported_portability_interpretation,not_applicable_release_event_exists,false,false,false,phase2_public_cpi_point_in_time_v1,sha256:cac4891195e4c3054de4b680b7ddab7123dafefe25926040b4fbd32a3ee85d7e
2017-05,published_official_CPI_release,2017-06-14,08:30:00 America/New_York,2017-06-14T08:30:00-04:00,2017-06-15,U.S. Bureau of Labor Statistics archived CPI news release,https://www.bls.gov/news.release/archives/cpi_06142017.htm,5532e146321085bfd797b92eba9656fbe75bb760b38307cd6adfabb1b3d61f03,244.733,240.229,same_BLS_release_table,1.874877720841,medium,1.9,medium,false,true,true,cpi_yoy_unrounded_from_point_in_time_CPIAUCNS_levels_v2,direction_owner_source_supported_portability_interpretation,not_applicable_release_event_exists,false,false,false,phase2_public_cpi_point_in_time_v1,sha256:cac4891195e4c3054de4b680b7ddab7123dafefe25926040b4fbd32a3ee85d7e
2017-06,published_official_CPI_release,2017-07-14,08:30:00 America/New_York,2017-07-14T08:30:00-04:00,2017-07-17,U.S. Bureau of Labor Statistics archived CPI news release,https://www.bls.gov/news.release/archives/cpi_07142017.htm,6d199bb09369836e63e07a8d2d788880505cc574060e48bcf3a63b59c3a0e420,244.955,241.018,same_BLS_release_table,1.633487955256,medium,1.6,medium,false,true,true,cpi_yoy_unrounded_from_point_in_time_CPIAUCNS_levels_v2,direction_owner_source_supported_portability_interpretation,not_applicable_release_event_exists,false,false,false,phase2_public_cpi_point_in_time_v1,sha256:cac4891195e4c3054de4b680b7ddab7123dafefe25926040b4fbd32a3ee85d7e
2017-07,published_official_CPI_release,2017-08-11,08:30:00 America/New_York,2017-08-11T08:30:00-04:00,2017-08-14,U.S. Bureau of Labor Statistics archived CPI news release,https://www.bls.gov/news.release/archives/cpi_08112017.htm,494e5e70fa60fa8bebc9874c75f42c4ed2b4e6ec289cf9399b574e83473fb698,244.786,240.628,same_BLS_release_table,1.727978456372,medium,1.7,medium,false,true,true,cpi_yoy_unrounded_from_point_in_time_CPIAUCNS_levels_v2,direction_owner_source_supported_portability_interpretation,not_applicable_release_event_exists,false,false,false,phase2_public_cpi_point_in_time_v1,sha256:cac4891195e4c3054de4b680b7ddab7123dafefe25926040b4fbd32a3ee85d7e
2017-08,published_official_CPI_release,2017-09-14,08:30:00 America/New_York,2017-09-14T08:30:00-04:00,2017-09-15,U.S. Bureau of Labor Statistics archived CPI news release,https://www.bls.gov/news.release/archives/cpi_09142017.htm,3c23dab71ca31879fbd351aef864b548ad5b5d32138b4a34796e895ec3115654,245.519,240.849,same_BLS_release_table,1.938974212058,medium,1.9,medium,false,true,true,cpi_yoy_unrounded_from_point_in_time_CPIAUCNS_levels_v2,direction_owner_source_supported_portability_interpretation,not_applicable_release_event_exists,false,false,false,phase2_public_cpi_point_in_time_v1,sha256:cac4891195e4c3054de4b680b7ddab7123dafefe25926040b4fbd32a3ee85d7e
2017-09,published_official_CPI_release,2017-10-13,08:30:00 America/New_York,2017-10-13T08:30:00-04:00,2017-10-16,U.S. Bureau of Labor Statistics archived CPI news release,https://www.bls.gov/news.release/archives/cpi_10132017.htm,d6c15b37289c5430b426facfb9a2232b3a4ef4f5472a6eadb98d0d87d5266a97,246.819,241.428,same_BLS_release_table,2.232963865003,medium,2.2,medium,false,true,true,cpi_yoy_unrounded_from_point_in_time_CPIAUCNS_levels_v2,direction_owner_source_supported_portability_interpretation,not_applicable_release_event_exists,false,false,false,phase2_public_cpi_point_in_time_v1,sha256:cac4891195e4c3054de4b680b7ddab7123dafefe25926040b4fbd32a3ee85d7e
2017-10,published_official_CPI_release,2017-11-15,08:30:00 America/New_York,2017-11-15T08:30:00-05:00,2017-11-16,U.S. Bureau of Labor Statistics archived CPI news release,https://www.bls.gov/news.release/archives/cpi_11152017.htm,330329e40c0b0a88a5d3f870daa6bdcd38d311bd13b5bbe2eeaded00e8c7fd42,246.663,241.729,same_BLS_release_table,2.041128701976,medium,2.0,medium,false,true,true,cpi_yoy_unrounded_from_point_in_time_CPIAUCNS_levels_v2,direction_owner_source_supported_portability_interpretation,not_applicable_release_event_exists,false,false,false,phase2_public_cpi_point_in_time_v1,sha256:cac4891195e4c3054de4b680b7ddab7123dafefe25926040b4fbd32a3ee85d7e
2017-11,published_official_CPI_release,2017-12-13,08:30:00 America/New_York,2017-12-13T08:30:00-05:00,2017-12-14,U.S. Bureau of Labor Statistics archived CPI news release,https://www.bls.gov/news.release/archives/cpi_12132017.htm,78fa2488c56c92beb018531d565665dcdc3f18a4951948b762519cee38f4f8e1,246.669,241.353,same_BLS_release_table,2.202582938683,medium,2.2,medium,false,true,true,cpi_yoy_unrounded_from_point_in_time_CPIAUCNS_levels_v2,direction_owner_source_supported_portability_interpretation,not_applicable_release_event_exists,false,false,false,phase2_public_cpi_point_in_time_v1,sha256:cac4891195e4c3054de4b680b7ddab7123dafefe25926040b4fbd32a3ee85d7e
2017-12,published_official_CPI_release,2018-01-12,08:30:00 America/New_York,2018-01-12T08:30:00-05:00,2018-01-16,U.S. Bureau of Labor Statistics archived CPI news release,https://www.bls.gov/news.release/archives/cpi_01122018.htm,95907948bc9aaab19cc133ef89ce86a64e17e6efd50fbeb3b87221e8ded00a69,246.524,241.432,same_BLS_release_table,2.109082474568,medium,2.1,medium,false,true,true,cpi_yoy_unrounded_from_point_in_time_CPIAUCNS_levels_v2,direction_owner_source_supported_portability_interpretation,not_applicable_release_event_exists,false,false,false,phase2_public_cpi_point_in_time_v1,sha256:cac4891195e4c3054de4b680b7ddab7123dafefe25926040b4fbd32a3ee85d7e
2018-01,published_official_CPI_release,2018-02-14,08:30:00 America/New_York,2018-02-14T08:30:00-05:00,2018-02-15,U.S. Bureau of Labor Statistics archived CPI news release,https://www.bls.gov/news.release/archives/cpi_02142018.htm,ddcc0cb425407a02750aaf7622b0248e1bb5ce7b9993c513ef0d70d100a1438a,247.867,242.839,same_BLS_release_table,2.070507620275,medium,2.1,medium,false,true,true,cpi_yoy_unrounded_from_point_in_time_CPIAUCNS_levels_v2,direction_owner_source_supported_portability_interpretation,not_applicable_release_event_exists,false,false,false,phase2_public_cpi_point_in_time_v1,sha256:cac4891195e4c3054de4b680b7ddab7123dafefe25926040b4fbd32a3ee85d7e
2018-02,published_official_CPI_release,2018-03-13,08:30:00 America/New_York,2018-03-13T08:30:00-04:00,2018-03-14,U.S. Bureau of Labor Statistics archived CPI news release,https://www.bls.gov/news.release/archives/cpi_03132018.htm,ab92e2f0108fda0b44338991fd0e9f0e502a21a8132f8b0e07d43a4959642e0d,248.991,243.603,same_BLS_release_table,2.211795421239,medium,2.2,medium,false,true,true,cpi_yoy_unrounded_from_point_in_time_CPIAUCNS_levels_v2,direction_owner_source_supported_portability_interpretation,not_applicable_release_event_exists,false,false,false,phase2_public_cpi_point_in_time_v1,sha256:cac4891195e4c3054de4b680b7ddab7123dafefe25926040b4fbd32a3ee85d7e
2018-03,published_official_CPI_release,2018-04-11,08:30:00 America/New_York,2018-04-11T08:30:00-04:00,2018-04-12,U.S. Bureau of Labor Statistics archived CPI news release,https://www.bls.gov/news.release/archives/cpi_04112018.htm,aee6b80b9183e714d9dd651fa674e1bf7f1b806f4969317e7beb297ae05db9c4,249.554,243.801,same_BLS_release_table,2.359711403973,medium,2.4,medium,false,true,true,cpi_yoy_unrounded_from_point_in_time_CPIAUCNS_levels_v2,direction_owner_source_supported_portability_interpretation,not_applicable_release_event_exists,false,false,false,phase2_public_cpi_point_in_time_v1,sha256:cac4891195e4c3054de4b680b7ddab7123dafefe25926040b4fbd32a3ee85d7e
2018-04,published_official_CPI_release,2018-05-10,08:30:00 America/New_York,2018-05-10T08:30:00-04:00,2018-05-11,U.S. Bureau of Labor Statistics archived CPI news release,https://www.bls.gov/news.release/archives/cpi_05102018.htm,f33624e6efefd9bbc4f28cdaba02ef6681848b8f7b475db8aaa8e8ca042faad3,250.546,244.524,same_BLS_release_table,2.462743943335,medium,2.5,medium,false,true,true,cpi_yoy_unrounded_from_point_in_time_CPIAUCNS_levels_v2,direction_owner_source_supported_portability_interpretation,not_applicable_release_event_exists,false,false,false,phase2_public_cpi_point_in_time_v1,sha256:cac4891195e4c3054de4b680b7ddab7123dafefe25926040b4fbd32a3ee85d7e
2018-05,published_official_CPI_release,2018-06-12,08:30:00 America/New_York,2018-06-12T08:30:00-04:00,2018-06-13,U.S. Bureau of Labor Statistics archived CPI news release,https://www.bls.gov/news.release/archives/cpi_06122018.htm,20662979003be31cd475210410169584cbf3ae48e17a1514e7e2a33e6533f7a8,251.588,244.733,same_BLS_release_table,2.801011714808,high,2.8,high,false,true,true,cpi_yoy_unrounded_from_point_in_time_CPIAUCNS_levels_v2,direction_owner_source_supported_portability_interpretation,not_applicable_release_event_exists,false,false,false,phase2_public_cpi_point_in_time_v1,sha256:cac4891195e4c3054de4b680b7ddab7123dafefe25926040b4fbd32a3ee85d7e
2018-06,published_official_CPI_release,2018-07-12,08:30:00 America/New_York,2018-07-12T08:30:00-04:00,2018-07-13,U.S. Bureau of Labor Statistics archived CPI news release,https://www.bls.gov/news.release/archives/cpi_07122018.htm,4b654aec28502383606a89a74c80c221028bf1f0061f440263e49b97b23fa800,251.989,244.955,same_BLS_release_table,2.871547835317,high,2.9,high,false,true,true,cpi_yoy_unrounded_from_point_in_time_CPIAUCNS_levels_v2,direction_owner_source_supported_portability_interpretation,not_applicable_release_event_exists,false,false,false,phase2_public_cpi_point_in_time_v1,sha256:cac4891195e4c3054de4b680b7ddab7123dafefe25926040b4fbd32a3ee85d7e
2018-07,published_official_CPI_release,2018-08-10,08:30:00 America/New_York,2018-08-10T08:30:00-04:00,2018-08-13,U.S. Bureau of Labor Statistics archived CPI news release,https://www.bls.gov/news.release/archives/cpi_08102018.htm,4a6a7a616693963e660e1fc7dc5d9c5e57eb103c861840076384d911f8680369,252.006,244.786,same_BLS_release_table,2.949515086647,high,2.9,high,false,true,true,cpi_yoy_unrounded_from_point_in_time_CPIAUCNS_levels_v2,direction_owner_source_supported_portability_interpretation,not_applicable_release_event_exists,false,false,false,phase2_public_cpi_point_in_time_v1,sha256:cac4891195e4c3054de4b680b7ddab7123dafefe25926040b4fbd32a3ee85d7e
2018-08,published_official_CPI_release,2018-09-13,08:30:00 America/New_York,2018-09-13T08:30:00-04:00,2018-09-14,U.S. Bureau of Labor Statistics archived CPI news release,https://www.bls.gov/news.release/archives/cpi_09132018.htm,f3f36f1df43bfd2b33788c6d5592b53c6ef4ffef3462671045e2fc8fb1992676,252.146,245.519,same_BLS_release_table,2.699180104187,high,2.7,high,false,true,true,cpi_yoy_unrounded_from_point_in_time_CPIAUCNS_levels_v2,direction_owner_source_supported_portability_interpretation,not_applicable_release_event_exists,false,false,false,phase2_public_cpi_point_in_time_v1,sha256:cac4891195e4c3054de4b680b7ddab7123dafefe25926040b4fbd32a3ee85d7e
2018-09,published_official_CPI_release,2018-10-11,08:30:00 America/New_York,2018-10-11T08:30:00-04:00,2018-10-12,U.S. Bureau of Labor Statistics archived CPI news release,https://www.bls.gov/news.release/archives/cpi_10112018.htm,dad9dc08bf77860fb89aee525f398107465e852304ac16064fb662aedac70786,252.439,246.819,same_BLS_release_table,2.276972194199,medium,2.3,medium,false,true,true,cpi_yoy_unrounded_from_point_in_time_CPIAUCNS_levels_v2,direction_owner_source_supported_portability_interpretation,not_applicable_release_event_exists,false,false,false,phase2_public_cpi_point_in_time_v1,sha256:cac4891195e4c3054de4b680b7ddab7123dafefe25926040b4fbd32a3ee85d7e
2018-10,published_official_CPI_release,2018-11-14,08:30:00 America/New_York,2018-11-14T08:30:00-05:00,2018-11-15,U.S. Bureau of Labor Statistics archived CPI news release,https://www.bls.gov/news.release/archives/cpi_11142018.htm,dd038fd2aa33413e53a58291a70e8ff98d3e92040743b6e9fd26bd13ce9646aa,252.885,246.663,same_BLS_release_table,2.522469928607,high,2.5,medium,true,true,true,cpi_yoy_unrounded_from_point_in_time_CPIAUCNS_levels_v2,direction_owner_source_supported_portability_interpretation,not_applicable_release_event_exists,false,false,false,phase2_public_cpi_point_in_time_v1,sha256:cac4891195e4c3054de4b680b7ddab7123dafefe25926040b4fbd32a3ee85d7e
2018-11,published_official_CPI_release,2018-12-12,08:30:00 America/New_York,2018-12-12T08:30:00-05:00,2018-12-13,U.S. Bureau of Labor Statistics archived CPI news release,https://www.bls.gov/news.release/archives/cpi_12122018.htm,a582c9bfd7023bba79701d9411ebca755ec3a703669045c4466a39a26189bc91,252.038,246.669,same_BLS_release_table,2.176601032152,medium,2.2,medium,false,true,true,cpi_yoy_unrounded_from_point_in_time_CPIAUCNS_levels_v2,direction_owner_source_supported_portability_interpretation,not_applicable_release_event_exists,false,false,false,phase2_public_cpi_point_in_time_v1,sha256:cac4891195e4c3054de4b680b7ddab7123dafefe25926040b4fbd32a3ee85d7e
2018-12,published_official_CPI_release,2019-01-11,08:30:00 America/New_York,2019-01-11T08:30:00-05:00,2019-01-14,U.S. Bureau of Labor Statistics archived CPI news release,https://www.bls.gov/news.release/archives/cpi_01112019.htm,09e5e0748b063528e2bb598c733c3dcff3b56499eaf41117008297e6f3c5a6f2,251.233,246.524,same_BLS_release_table,1.910158848631,medium,1.9,medium,false,true,true,cpi_yoy_unrounded_from_point_in_time_CPIAUCNS_levels_v2,direction_owner_source_supported_portability_interpretation,not_applicable_release_event_exists,false,false,false,phase2_public_cpi_point_in_time_v1,sha256:cac4891195e4c3054de4b680b7ddab7123dafefe25926040b4fbd32a3ee85d7e
2019-01,published_official_CPI_release,2019-02-13,08:30:00 America/New_York,2019-02-13T08:30:00-05:00,2019-02-14,U.S. Bureau of Labor Statistics archived CPI news release,https://www.bls.gov/news.release/archives/cpi_02132019.htm,869dc36186df66a4e2c1a180a2a931a40419dac69c2a6e58cdc3b15a04c046e5,251.712,247.867,same_BLS_release_table,1.551235138199,medium,1.6,medium,false,true,true,cpi_yoy_unrounded_from_point_in_time_CPIAUCNS_levels_v2,direction_owner_source_supported_portability_interpretation,not_applicable_release_event_exists,false,false,false,phase2_public_cpi_point_in_time_v1,sha256:cac4891195e4c3054de4b680b7ddab7123dafefe25926040b4fbd32a3ee85d7e
2019-02,published_official_CPI_release,2019-03-12,08:30:00 America/New_York,2019-03-12T08:30:00-04:00,2019-03-13,U.S. Bureau of Labor Statistics archived CPI news release,https://www.bls.gov/news.release/archives/cpi_03122019.htm,f43e8ae381e8d58136f52102b3cbd0319098edf268fbc33fb489c9316d978574,252.776,248.991,same_BLS_release_table,1.520135265933,medium,1.5,medium,false,true,true,cpi_yoy_unrounded_from_point_in_time_CPIAUCNS_levels_v2,direction_owner_source_supported_portability_interpretation,not_applicable_release_event_exists,false,false,false,phase2_public_cpi_point_in_time_v1,sha256:cac4891195e4c3054de4b680b7ddab7123dafefe25926040b4fbd32a3ee85d7e
2019-03,published_official_CPI_release,2019-04-10,08:30:00 America/New_York,2019-04-10T08:30:00-04:00,2019-04-11,U.S. Bureau of Labor Statistics archived CPI news release,https://www.bls.gov/news.release/archives/cpi_04102019.htm,705205b6d9ee932806bc054145e0b81c37a184b6fa0c071074e0841a14bec665,254.202,249.554,same_BLS_release_table,1.862522740569,medium,1.9,medium,false,true,true,cpi_yoy_unrounded_from_point_in_time_CPIAUCNS_levels_v2,direction_owner_source_supported_portability_interpretation,not_applicable_release_event_exists,false,false,false,phase2_public_cpi_point_in_time_v1,sha256:cac4891195e4c3054de4b680b7ddab7123dafefe25926040b4fbd32a3ee85d7e
2019-04,published_official_CPI_release,2019-05-10,08:30:00 America/New_York,2019-05-10T08:30:00-04:00,2019-05-13,U.S. Bureau of Labor Statistics archived CPI news release,https://www.bls.gov/news.release/archives/cpi_05102019.htm,32efacf878b34db62f66141daa9660123179cef8b741df06cfada28672b66846,255.548,250.546,same_BLS_release_table,1.996439775530,medium,2.0,medium,false,true,true,cpi_yoy_unrounded_from_point_in_time_CPIAUCNS_levels_v2,direction_owner_source_supported_portability_interpretation,not_applicable_release_event_exists,false,false,false,phase2_public_cpi_point_in_time_v1,sha256:cac4891195e4c3054de4b680b7ddab7123dafefe25926040b4fbd32a3ee85d7e
2019-05,published_official_CPI_release,2019-06-12,08:30:00 America/New_York,2019-06-12T08:30:00-04:00,2019-06-13,U.S. Bureau of Labor Statistics archived CPI news release,https://www.bls.gov/news.release/archives/cpi_06122019.htm,198f7bb04ec6685e200677514bd796c07a58865de807002dd39aff6fb6e613ec,256.092,251.588,same_BLS_release_table,1.790228468766,medium,1.8,medium,false,true,true,cpi_yoy_unrounded_from_point_in_time_CPIAUCNS_levels_v2,direction_owner_source_supported_portability_interpretation,not_applicable_release_event_exists,false,false,false,phase2_public_cpi_point_in_time_v1,sha256:cac4891195e4c3054de4b680b7ddab7123dafefe25926040b4fbd32a3ee85d7e
2019-06,published_official_CPI_release,2019-07-11,08:30:00 America/New_York,2019-07-11T08:30:00-04:00,2019-07-12,U.S. Bureau of Labor Statistics archived CPI news release,https://www.bls.gov/news.release/archives/cpi_07112019.htm,c51d7eacf0405231d2735e102725db020e585bb37783a5d334b7ca8647b9df1c,256.143,251.989,same_BLS_release_table,1.648484656076,medium,1.6,medium,false,true,true,cpi_yoy_unrounded_from_point_in_time_CPIAUCNS_levels_v2,direction_owner_source_supported_portability_interpretation,not_applicable_release_event_exists,false,false,false,phase2_public_cpi_point_in_time_v1,sha256:cac4891195e4c3054de4b680b7ddab7123dafefe25926040b4fbd32a3ee85d7e
2019-07,published_official_CPI_release,2019-08-13,08:30:00 America/New_York,2019-08-13T08:30:00-04:00,2019-08-14,U.S. Bureau of Labor Statistics archived CPI news release,https://www.bls.gov/news.release/archives/cpi_08132019.htm,e3ee9c9e92dee232037610c8696bf3f222569f1db30eb6da6da5be22bf374a7c,256.571,252.006,same_BLS_release_table,1.811464806393,medium,1.8,medium,false,true,true,cpi_yoy_unrounded_from_point_in_time_CPIAUCNS_levels_v2,direction_owner_source_supported_portability_interpretation,not_applicable_release_event_exists,false,false,false,phase2_public_cpi_point_in_time_v1,sha256:cac4891195e4c3054de4b680b7ddab7123dafefe25926040b4fbd32a3ee85d7e
2019-08,published_official_CPI_release,2019-09-12,08:30:00 America/New_York,2019-09-12T08:30:00-04:00,2019-09-13,U.S. Bureau of Labor Statistics archived CPI news release,https://www.bls.gov/news.release/archives/cpi_09122019.htm,86ef31632e348c9812edccd92ef7c26a86e9ef607e59d0a9fb46244d5d7d4389,256.558,252.146,same_BLS_release_table,1.749779889429,medium,1.7,medium,false,true,true,cpi_yoy_unrounded_from_point_in_time_CPIAUCNS_levels_v2,direction_owner_source_supported_portability_interpretation,not_applicable_release_event_exists,false,false,false,phase2_public_cpi_point_in_time_v1,sha256:cac4891195e4c3054de4b680b7ddab7123dafefe25926040b4fbd32a3ee85d7e
2019-09,published_official_CPI_release,2019-10-10,08:30:00 America/New_York,2019-10-10T08:30:00-04:00,2019-10-11,U.S. Bureau of Labor Statistics archived CPI news release,https://www.bls.gov/news.release/archives/cpi_10102019.htm,1cc6216833a58f82ccfe8a94cb62ff30067b0b158d032e65999cf95d0a73b542,256.759,252.439,same_BLS_release_table,1.711304513170,medium,1.7,medium,false,true,true,cpi_yoy_unrounded_from_point_in_time_CPIAUCNS_levels_v2,direction_owner_source_supported_portability_interpretation,not_applicable_release_event_exists,false,false,false,phase2_public_cpi_point_in_time_v1,sha256:cac4891195e4c3054de4b680b7ddab7123dafefe25926040b4fbd32a3ee85d7e
2019-10,published_official_CPI_release,2019-11-13,08:30:00 America/New_York,2019-11-13T08:30:00-05:00,2019-11-14,U.S. Bureau of Labor Statistics archived CPI news release,https://www.bls.gov/news.release/archives/cpi_11132019.htm,187f6fadfd33bd4b19b2cfea98e5a603e3c4acf469f667678ec7397d53aef78c,257.346,252.885,same_BLS_release_table,1.764042944421,medium,1.8,medium,false,true,true,cpi_yoy_unrounded_from_point_in_time_CPIAUCNS_levels_v2,direction_owner_source_supported_portability_interpretation,not_applicable_release_event_exists,false,false,false,phase2_public_cpi_point_in_time_v1,sha256:cac4891195e4c3054de4b680b7ddab7123dafefe25926040b4fbd32a3ee85d7e
2019-11,published_official_CPI_release,2019-12-11,08:30:00 America/New_York,2019-12-11T08:30:00-05:00,2019-12-12,U.S. Bureau of Labor Statistics archived CPI news release,https://www.bls.gov/news.release/archives/cpi_12112019.htm,7b928a7efd0b04252f74ebc616561fe9482dba74ff8e04704fcc931088954bba,257.208,252.038,same_BLS_release_table,2.051277981892,medium,2.1,medium,false,true,true,cpi_yoy_unrounded_from_point_in_time_CPIAUCNS_levels_v2,direction_owner_source_supported_portability_interpretation,not_applicable_release_event_exists,false,false,false,phase2_public_cpi_point_in_time_v1,sha256:cac4891195e4c3054de4b680b7ddab7123dafefe25926040b4fbd32a3ee85d7e
2019-12,published_official_CPI_release,2020-01-14,08:30:00 America/New_York,2020-01-14T08:30:00-05:00,2020-01-15,U.S. Bureau of Labor Statistics archived CPI news release,https://www.bls.gov/news.release/archives/cpi_01142020.htm,8e0e229edbecca4271ec0d69d8c8193394dec5feeed1568e2e0a398eb06e28a5,256.974,251.233,same_BLS_release_table,2.285129740122,medium,2.3,medium,false,true,true,cpi_yoy_unrounded_from_point_in_time_CPIAUCNS_levels_v2,direction_owner_source_supported_portability_interpretation,not_applicable_release_event_exists,false,false,false,phase2_public_cpi_point_in_time_v1,sha256:cac4891195e4c3054de4b680b7ddab7123dafefe25926040b4fbd32a3ee85d7e
2020-01,published_official_CPI_release,2020-02-13,08:30:00 America/New_York,2020-02-13T08:30:00-05:00,2020-02-14,U.S. Bureau of Labor Statistics archived CPI news release,https://www.bls.gov/news.release/archives/cpi_02132020.htm,4e9d501ce204b8f1bb3d1e12f0250b2985c21a7038301a7b9e1f7c075d923876,257.971,251.712,same_BLS_release_table,2.486571955250,medium,2.5,medium,false,true,true,cpi_yoy_unrounded_from_point_in_time_CPIAUCNS_levels_v2,direction_owner_source_supported_portability_interpretation,not_applicable_release_event_exists,false,false,false,phase2_public_cpi_point_in_time_v1,sha256:cac4891195e4c3054de4b680b7ddab7123dafefe25926040b4fbd32a3ee85d7e
2020-02,published_official_CPI_release,2020-03-11,08:30:00 America/New_York,2020-03-11T08:30:00-04:00,2020-03-12,U.S. Bureau of Labor Statistics archived CPI news release,https://www.bls.gov/news.release/archives/cpi_03112020.htm,81ab390497152264d7a4435908f8a7efe1eedabd5f2d4d98913e491ef395790e,258.678,252.776,same_BLS_release_table,2.334873563946,medium,2.3,medium,false,true,true,cpi_yoy_unrounded_from_point_in_time_CPIAUCNS_levels_v2,direction_owner_source_supported_portability_interpretation,not_applicable_release_event_exists,false,false,false,phase2_public_cpi_point_in_time_v1,sha256:cac4891195e4c3054de4b680b7ddab7123dafefe25926040b4fbd32a3ee85d7e
2020-03,published_official_CPI_release,2020-04-10,08:30:00 America/New_York,2020-04-10T08:30:00-04:00,2020-04-13,U.S. Bureau of Labor Statistics archived CPI news release,https://www.bls.gov/news.release/archives/cpi_04102020.htm,ba4b69dcf9a97b9dc04b4224394e3fb5cc63d5ac1935442e83de0dbd76ae6244,258.115,254.202,same_BLS_release_table,1.539326991920,medium,1.5,medium,false,true,true,cpi_yoy_unrounded_from_point_in_time_CPIAUCNS_levels_v2,direction_owner_source_supported_portability_interpretation,not_applicable_release_event_exists,false,false,false,phase2_public_cpi_point_in_time_v1,sha256:cac4891195e4c3054de4b680b7ddab7123dafefe25926040b4fbd32a3ee85d7e
2020-04,published_official_CPI_release,2020-05-12,08:30:00 America/New_York,2020-05-12T08:30:00-04:00,2020-05-13,U.S. Bureau of Labor Statistics archived CPI news release,https://www.bls.gov/news.release/archives/cpi_05122020.htm,e67a461897e2a29f1cade1d09ba95646fa695469a5f53d29e00e63eb47bd011b,256.389,255.548,same_BLS_release_table,0.329096686337,low,0.3,low,false,true,true,cpi_yoy_unrounded_from_point_in_time_CPIAUCNS_levels_v2,direction_owner_source_supported_portability_interpretation,not_applicable_release_event_exists,false,false,false,phase2_public_cpi_point_in_time_v1,sha256:cac4891195e4c3054de4b680b7ddab7123dafefe25926040b4fbd32a3ee85d7e
2020-05,published_official_CPI_release,2020-06-10,08:30:00 America/New_York,2020-06-10T08:30:00-04:00,2020-06-11,U.S. Bureau of Labor Statistics archived CPI news release,https://www.bls.gov/news.release/archives/cpi_06102020.htm,20331ed2fc70804de81b23ea8f5376a4338e4c517abe111f3df9cad4e14255cc,256.394,256.092,same_BLS_release_table,0.117926370211,low,0.1,low,false,true,true,cpi_yoy_unrounded_from_point_in_time_CPIAUCNS_levels_v2,direction_owner_source_supported_portability_interpretation,not_applicable_release_event_exists,false,false,false,phase2_public_cpi_point_in_time_v1,sha256:cac4891195e4c3054de4b680b7ddab7123dafefe25926040b4fbd32a3ee85d7e
2020-06,published_official_CPI_release,2020-07-14,08:30:00 America/New_York,2020-07-14T08:30:00-04:00,2020-07-15,U.S. Bureau of Labor Statistics archived CPI news release,https://www.bls.gov/news.release/archives/cpi_07142020.htm,42f82471004a6d808126f716da8283633ecfde0f830cb2c879dd1f48bd17d3fa,257.797,256.143,same_BLS_release_table,0.645733047555,low,0.6,low,false,true,true,cpi_yoy_unrounded_from_point_in_time_CPIAUCNS_levels_v2,direction_owner_source_supported_portability_interpretation,not_applicable_release_event_exists,false,false,false,phase2_public_cpi_point_in_time_v1,sha256:cac4891195e4c3054de4b680b7ddab7123dafefe25926040b4fbd32a3ee85d7e
2020-07,published_official_CPI_release,2020-08-12,08:30:00 America/New_York,2020-08-12T08:30:00-04:00,2020-08-13,U.S. Bureau of Labor Statistics archived CPI news release,https://www.bls.gov/news.release/archives/cpi_08122020.htm,91e4f3bbe32e804152e87a31a87efcb94352a6d8f48cd62a7b78d056c88babf5,259.101,256.571,same_BLS_release_table,0.986081825304,low,1.0,low,false,true,true,cpi_yoy_unrounded_from_point_in_time_CPIAUCNS_levels_v2,direction_owner_source_supported_portability_interpretation,not_applicable_release_event_exists,false,false,false,phase2_public_cpi_point_in_time_v1,sha256:cac4891195e4c3054de4b680b7ddab7123dafefe25926040b4fbd32a3ee85d7e
2020-08,published_official_CPI_release,2020-09-11,08:30:00 America/New_York,2020-09-11T08:30:00-04:00,2020-09-14,U.S. Bureau of Labor Statistics archived CPI news release,https://www.bls.gov/news.release/archives/cpi_09112020.htm,a75719c7455c3cf6f9b0bed89c2d4381bd6da7580f23c1eb7a7313706f05caaa,259.918,256.558,same_BLS_release_table,1.309645382331,low,1.3,low,false,true,true,cpi_yoy_unrounded_from_point_in_time_CPIAUCNS_levels_v2,direction_owner_source_supported_portability_interpretation,not_applicable_release_event_exists,false,false,false,phase2_public_cpi_point_in_time_v1,sha256:cac4891195e4c3054de4b680b7ddab7123dafefe25926040b4fbd32a3ee85d7e
2020-09,published_official_CPI_release,2020-10-13,08:30:00 America/New_York,2020-10-13T08:30:00-04:00,2020-10-14,U.S. Bureau of Labor Statistics archived CPI news release,https://www.bls.gov/news.release/archives/cpi_10132020.htm,2de47ff96c02cef721dc159fc98d48de9a89b15594588e06314196271d9098a0,260.280,256.759,same_BLS_release_table,1.371324861056,low,1.4,low,false,true,true,cpi_yoy_unrounded_from_point_in_time_CPIAUCNS_levels_v2,direction_owner_source_supported_portability_interpretation,not_applicable_release_event_exists,false,false,false,phase2_public_cpi_point_in_time_v1,sha256:cac4891195e4c3054de4b680b7ddab7123dafefe25926040b4fbd32a3ee85d7e
2020-10,published_official_CPI_release,2020-11-12,08:30:00 America/New_York,2020-11-12T08:30:00-05:00,2020-11-13,U.S. Bureau of Labor Statistics archived CPI news release,https://www.bls.gov/news.release/archives/cpi_11122020.htm,1feb49b31cf6c225ccff58cf4efcb8ae035528def22ff5cdd4c702804ab312c6,260.388,257.346,same_BLS_release_table,1.182066167727,low,1.2,low,false,true,true,cpi_yoy_unrounded_from_point_in_time_CPIAUCNS_levels_v2,direction_owner_source_supported_portability_interpretation,not_applicable_release_event_exists,false,false,false,phase2_public_cpi_point_in_time_v1,sha256:cac4891195e4c3054de4b680b7ddab7123dafefe25926040b4fbd32a3ee85d7e
2020-11,published_official_CPI_release,2020-12-10,08:30:00 America/New_York,2020-12-10T08:30:00-05:00,2020-12-11,U.S. Bureau of Labor Statistics archived CPI news release,https://www.bls.gov/news.release/archives/cpi_12102020.htm,d99dcff58e2d3b43fe5ae68fd97764968ab7d5b759017e7f52bcf1c1d5a208f0,260.229,257.208,same_BLS_release_table,1.174535784268,low,1.2,low,false,true,true,cpi_yoy_unrounded_from_point_in_time_CPIAUCNS_levels_v2,direction_owner_source_supported_portability_interpretation,not_applicable_release_event_exists,false,false,false,phase2_public_cpi_point_in_time_v1,sha256:cac4891195e4c3054de4b680b7ddab7123dafefe25926040b4fbd32a3ee85d7e
2020-12,published_official_CPI_release,2021-01-13,08:30:00 America/New_York,2021-01-13T08:30:00-05:00,2021-01-14,U.S. Bureau of Labor Statistics archived CPI news release,https://www.bls.gov/news.release/archives/cpi_01132021.htm,efbdc9f79b47e9b2fa0c2f7d197354b56a4a4fef7fba8cf9fab2ebc6bde8ead2,260.474,256.974,same_BLS_release_table,1.362005494719,low,1.4,low,false,true,true,cpi_yoy_unrounded_from_point_in_time_CPIAUCNS_levels_v2,direction_owner_source_supported_portability_interpretation,not_applicable_release_event_exists,false,false,false,phase2_public_cpi_point_in_time_v1,sha256:cac4891195e4c3054de4b680b7ddab7123dafefe25926040b4fbd32a3ee85d7e
2021-01,published_official_CPI_release,2021-02-10,08:30:00 America/New_York,2021-02-10T08:30:00-05:00,2021-02-11,U.S. Bureau of Labor Statistics archived CPI news release,https://www.bls.gov/news.release/archives/cpi_02102021.htm,56d5a256824c0e6062a544232ffc7c75a4d0dc18bba4c37d8e4daa9672fd001e,261.582,257.971,same_BLS_release_table,1.399769741560,low,1.4,low,false,true,true,cpi_yoy_unrounded_from_point_in_time_CPIAUCNS_levels_v2,direction_owner_source_supported_portability_interpretation,not_applicable_release_event_exists,false,false,false,phase2_public_cpi_point_in_time_v1,sha256:cac4891195e4c3054de4b680b7ddab7123dafefe25926040b4fbd32a3ee85d7e
2021-02,published_official_CPI_release,2021-03-10,08:30:00 America/New_York,2021-03-10T08:30:00-05:00,2021-03-11,U.S. Bureau of Labor Statistics archived CPI news release,https://www.bls.gov/news.release/archives/cpi_03102021.htm,0f5c94f4b11209b4ded1f25ec22cd93fd5829f2e594f03e8cbc5dcbfd57d8ef2,263.014,258.678,same_BLS_release_table,1.676215217374,medium,1.7,medium,false,true,true,cpi_yoy_unrounded_from_point_in_time_CPIAUCNS_levels_v2,direction_owner_source_supported_portability_interpretation,not_applicable_release_event_exists,false,false,false,phase2_public_cpi_point_in_time_v1,sha256:cac4891195e4c3054de4b680b7ddab7123dafefe25926040b4fbd32a3ee85d7e
2021-03,published_official_CPI_release,2021-04-13,08:30:00 America/New_York,2021-04-13T08:30:00-04:00,2021-04-14,U.S. Bureau of Labor Statistics archived CPI news release,https://www.bls.gov/news.release/archives/cpi_04132021.htm,a1a2dbb1bb63a56f7b2aa03e5e6d21fbd88a167937e1a242f9ff074ecfbeea6a,264.877,258.115,same_BLS_release_table,2.619762508959,high,2.6,high,false,true,true,cpi_yoy_unrounded_from_point_in_time_CPIAUCNS_levels_v2,direction_owner_source_supported_portability_interpretation,not_applicable_release_event_exists,false,false,false,phase2_public_cpi_point_in_time_v1,sha256:cac4891195e4c3054de4b680b7ddab7123dafefe25926040b4fbd32a3ee85d7e
2021-04,published_official_CPI_release,2021-05-12,08:30:00 America/New_York,2021-05-12T08:30:00-04:00,2021-05-13,U.S. Bureau of Labor Statistics archived CPI news release,https://www.bls.gov/news.release/archives/cpi_05122021.htm,3a20d1820b01d34e40357d89668d5a4c5e176c5e8dc7ac69ae1af0c525042816,267.054,256.389,same_BLS_release_table,4.159694838702,high,4.2,high,false,true,true,cpi_yoy_unrounded_from_point_in_time_CPIAUCNS_levels_v2,direction_owner_source_supported_portability_interpretation,not_applicable_release_event_exists,false,false,false,phase2_public_cpi_point_in_time_v1,sha256:cac4891195e4c3054de4b680b7ddab7123dafefe25926040b4fbd32a3ee85d7e
2021-05,published_official_CPI_release,2021-06-10,08:30:00 America/New_York,2021-06-10T08:30:00-04:00,2021-06-11,U.S. Bureau of Labor Statistics archived CPI news release,https://www.bls.gov/news.release/archives/cpi_06102021.htm,ecaccc3b2af3253d60314e61c4a7a6754e98a26883a80ef812ade499ad5eb4fb,269.195,256.394,same_BLS_release_table,4.992706537594,high,5.0,high,false,true,true,cpi_yoy_unrounded_from_point_in_time_CPIAUCNS_levels_v2,direction_owner_source_supported_portability_interpretation,not_applicable_release_event_exists,false,false,false,phase2_public_cpi_point_in_time_v1,sha256:cac4891195e4c3054de4b680b7ddab7123dafefe25926040b4fbd32a3ee85d7e
2021-06,published_official_CPI_release,2021-07-13,08:30:00 America/New_York,2021-07-13T08:30:00-04:00,2021-07-14,U.S. Bureau of Labor Statistics archived CPI news release,https://www.bls.gov/news.release/archives/cpi_07132021.htm,09af54536dc354c79e3565ee3ef92d1e9f4b54f89af2a7773a055f1dbe58a89c,271.696,257.797,same_BLS_release_table,5.391451413321,high,5.4,high,false,true,true,cpi_yoy_unrounded_from_point_in_time_CPIAUCNS_levels_v2,direction_owner_source_supported_portability_interpretation,not_applicable_release_event_exists,false,false,false,phase2_public_cpi_point_in_time_v1,sha256:cac4891195e4c3054de4b680b7ddab7123dafefe25926040b4fbd32a3ee85d7e
2021-07,published_official_CPI_release,2021-08-11,08:30:00 America/New_York,2021-08-11T08:30:00-04:00,2021-08-12,U.S. Bureau of Labor Statistics archived CPI news release,https://www.bls.gov/news.release/archives/cpi_08112021.htm,672df22c6f523e29a15966e864c3b5e781f3f211aab3ab576012a7b8b40c7f74,273.003,259.101,same_BLS_release_table,5.365475239385,high,5.4,high,false,true,true,cpi_yoy_unrounded_from_point_in_time_CPIAUCNS_levels_v2,direction_owner_source_supported_portability_interpretation,not_applicable_release_event_exists,false,false,false,phase2_public_cpi_point_in_time_v1,sha256:cac4891195e4c3054de4b680b7ddab7123dafefe25926040b4fbd32a3ee85d7e
2021-08,published_official_CPI_release,2021-09-14,08:30:00 America/New_York,2021-09-14T08:30:00-04:00,2021-09-15,U.S. Bureau of Labor Statistics archived CPI news release,https://www.bls.gov/news.release/archives/cpi_09142021.htm,7c6222d00e4e50abbe02770edfd581072b0ce363422074a7d899ec5ce2f5da86,273.567,259.918,same_BLS_release_table,5.251271554875,high,5.3,high,false,true,true,cpi_yoy_unrounded_from_point_in_time_CPIAUCNS_levels_v2,direction_owner_source_supported_portability_interpretation,not_applicable_release_event_exists,false,false,false,phase2_public_cpi_point_in_time_v1,sha256:cac4891195e4c3054de4b680b7ddab7123dafefe25926040b4fbd32a3ee85d7e
2021-09,published_official_CPI_release,2021-10-13,08:30:00 America/New_York,2021-10-13T08:30:00-04:00,2021-10-14,U.S. Bureau of Labor Statistics archived CPI news release,https://www.bls.gov/news.release/archives/cpi_10132021.htm,3979b5613f6d8b5198d95b77c0b535b324d02cd4d11057be746d6010b072771b,274.310,260.280,same_BLS_release_table,5.390348855079,high,5.4,high,false,true,true,cpi_yoy_unrounded_from_point_in_time_CPIAUCNS_levels_v2,direction_owner_source_supported_portability_interpretation,not_applicable_release_event_exists,false,false,false,phase2_public_cpi_point_in_time_v1,sha256:cac4891195e4c3054de4b680b7ddab7123dafefe25926040b4fbd32a3ee85d7e
2021-10,published_official_CPI_release,2021-11-10,08:30:00 America/New_York,2021-11-10T08:30:00-05:00,2021-11-11,U.S. Bureau of Labor Statistics archived CPI news release,https://www.bls.gov/news.release/archives/cpi_11102021.htm,fc805e678d5fd5ba845bfce940fcbf6cb722a1b9d04c6397e2e26005efce405d,276.589,260.388,same_BLS_release_table,6.221868903329,high,6.2,high,false,true,true,cpi_yoy_unrounded_from_point_in_time_CPIAUCNS_levels_v2,direction_owner_source_supported_portability_interpretation,not_applicable_release_event_exists,false,false,false,phase2_public_cpi_point_in_time_v1,sha256:cac4891195e4c3054de4b680b7ddab7123dafefe25926040b4fbd32a3ee85d7e
2021-11,published_official_CPI_release,2021-12-10,08:30:00 America/New_York,2021-12-10T08:30:00-05:00,2021-12-13,U.S. Bureau of Labor Statistics archived CPI news release,https://www.bls.gov/news.release/archives/cpi_12102021.htm,f52082305f0f97b9f8e48ade41465a066b8cdd71669bd502f3edbe267550d315,277.948,260.229,same_BLS_release_table,6.809002839806,high,6.8,high,false,true,true,cpi_yoy_unrounded_from_point_in_time_CPIAUCNS_levels_v2,direction_owner_source_supported_portability_interpretation,not_applicable_release_event_exists,false,false,false,phase2_public_cpi_point_in_time_v1,sha256:cac4891195e4c3054de4b680b7ddab7123dafefe25926040b4fbd32a3ee85d7e
2021-12,published_official_CPI_release,2022-01-12,08:30:00 America/New_York,2022-01-12T08:30:00-05:00,2022-01-13,U.S. Bureau of Labor Statistics archived CPI news release,https://www.bls.gov/news.release/archives/cpi_01122022.htm,c1dab3d3ca67fb92cdaed4291897acd264a5503dde82b2e8b2262769a12a45d9,278.802,260.474,same_BLS_release_table,7.036402865545,high,7.0,high,false,true,true,cpi_yoy_unrounded_from_point_in_time_CPIAUCNS_levels_v2,direction_owner_source_supported_portability_interpretation,not_applicable_release_event_exists,false,false,false,phase2_public_cpi_point_in_time_v1,sha256:cac4891195e4c3054de4b680b7ddab7123dafefe25926040b4fbd32a3ee85d7e
2022-01,published_official_CPI_release,2022-02-10,08:30:00 America/New_York,2022-02-10T08:30:00-05:00,2022-02-11,U.S. Bureau of Labor Statistics archived CPI news release,https://www.bls.gov/news.release/archives/cpi_02102022.htm,a2361a363e71bb64abf3ccee761078979d22452b596fb81eebbaf851ff8a9851,281.148,261.582,same_BLS_release_table,7.479872468289,high,7.5,high,false,true,true,cpi_yoy_unrounded_from_point_in_time_CPIAUCNS_levels_v2,direction_owner_source_supported_portability_interpretation,not_applicable_release_event_exists,false,false,false,phase2_public_cpi_point_in_time_v1,sha256:cac4891195e4c3054de4b680b7ddab7123dafefe25926040b4fbd32a3ee85d7e
2022-02,published_official_CPI_release,2022-03-10,08:30:00 America/New_York,2022-03-10T08:30:00-05:00,2022-03-11,U.S. Bureau of Labor Statistics archived CPI news release,https://www.bls.gov/news.release/archives/cpi_03102022.htm,aeb142a47cdfd11539945f829fe01e18f944bb3e48d26d3fe84c0f315c0fe5a3,283.716,263.014,same_BLS_release_table,7.871063897739,high,7.9,high,false,true,true,cpi_yoy_unrounded_from_point_in_time_CPIAUCNS_levels_v2,direction_owner_source_supported_portability_interpretation,not_applicable_release_event_exists,false,false,false,phase2_public_cpi_point_in_time_v1,sha256:cac4891195e4c3054de4b680b7ddab7123dafefe25926040b4fbd32a3ee85d7e
2022-03,published_official_CPI_release,2022-04-12,08:30:00 America/New_York,2022-04-12T08:30:00-04:00,2022-04-13,U.S. Bureau of Labor Statistics archived CPI news release,https://www.bls.gov/news.release/archives/cpi_04122022.htm,60412bcb79e7041691d8f286d217535f4c4be092e2c449ddee0372b26f2e4666,287.504,264.877,same_BLS_release_table,8.542455554842,high,8.5,high,false,true,true,cpi_yoy_unrounded_from_point_in_time_CPIAUCNS_levels_v2,direction_owner_source_supported_portability_interpretation,not_applicable_release_event_exists,false,false,false,phase2_public_cpi_point_in_time_v1,sha256:cac4891195e4c3054de4b680b7ddab7123dafefe25926040b4fbd32a3ee85d7e
2022-04,published_official_CPI_release,2022-05-11,08:30:00 America/New_York,2022-05-11T08:30:00-04:00,2022-05-12,U.S. Bureau of Labor Statistics archived CPI news release,https://www.bls.gov/news.release/archives/cpi_05112022.htm,faa7e28f429991be5a001470702125b62993051fde1ca6f61cc3c1d6ee7c66b9,289.109,267.054,same_BLS_release_table,8.258629340882,high,8.3,high,false,true,true,cpi_yoy_unrounded_from_point_in_time_CPIAUCNS_levels_v2,direction_owner_source_supported_portability_interpretation,not_applicable_release_event_exists,false,false,false,phase2_public_cpi_point_in_time_v1,sha256:cac4891195e4c3054de4b680b7ddab7123dafefe25926040b4fbd32a3ee85d7e
2022-05,published_official_CPI_release,2022-06-10,08:30:00 America/New_York,2022-06-10T08:30:00-04:00,2022-06-13,U.S. Bureau of Labor Statistics archived CPI news release,https://www.bls.gov/news.release/archives/cpi_06102022.htm,465e46d1b3f39c01dc561dbcfa0f06cdccf07219249de0fb70c5356ae7d39ba8,292.296,269.195,same_BLS_release_table,8.581511543677,high,8.6,high,false,true,true,cpi_yoy_unrounded_from_point_in_time_CPIAUCNS_levels_v2,direction_owner_source_supported_portability_interpretation,not_applicable_release_event_exists,false,false,false,phase2_public_cpi_point_in_time_v1,sha256:cac4891195e4c3054de4b680b7ddab7123dafefe25926040b4fbd32a3ee85d7e
2022-06,published_official_CPI_release,2022-07-13,08:30:00 America/New_York,2022-07-13T08:30:00-04:00,2022-07-14,U.S. Bureau of Labor Statistics archived CPI news release,https://www.bls.gov/news.release/archives/cpi_07132022.htm,8173cb4683ce9b7d55bacfc7ea67ff158566d62589dcb4c611727c2d9b82806f,296.311,271.696,same_BLS_release_table,9.059757964784,high,9.1,high,false,true,true,cpi_yoy_unrounded_from_point_in_time_CPIAUCNS_levels_v2,direction_owner_source_supported_portability_interpretation,not_applicable_release_event_exists,false,false,false,phase2_public_cpi_point_in_time_v1,sha256:cac4891195e4c3054de4b680b7ddab7123dafefe25926040b4fbd32a3ee85d7e
2022-07,published_official_CPI_release,2022-08-10,08:30:00 America/New_York,2022-08-10T08:30:00-04:00,2022-08-11,U.S. Bureau of Labor Statistics archived CPI news release,https://www.bls.gov/news.release/archives/cpi_08102022.htm,f4e4acfdf1f374924541dec1c7316263d3e61e15e1122668b7ca7e61516a98e6,296.276,273.003,same_BLS_release_table,8.524814745626,high,8.5,high,false,true,true,cpi_yoy_unrounded_from_point_in_time_CPIAUCNS_levels_v2,direction_owner_source_supported_portability_interpretation,not_applicable_release_event_exists,false,false,false,phase2_public_cpi_point_in_time_v1,sha256:cac4891195e4c3054de4b680b7ddab7123dafefe25926040b4fbd32a3ee85d7e
2022-08,published_official_CPI_release,2022-09-13,08:30:00 America/New_York,2022-09-13T08:30:00-04:00,2022-09-14,U.S. Bureau of Labor Statistics archived CPI news release,https://www.bls.gov/news.release/archives/cpi_09132022.htm,8ca39c85ffeb98ebfcb411ba57b1055a90d22b7042be15e8097a618a1a01018e,296.171,273.567,same_BLS_release_table,8.262692503116,high,8.3,high,false,true,true,cpi_yoy_unrounded_from_point_in_time_CPIAUCNS_levels_v2,direction_owner_source_supported_portability_interpretation,not_applicable_release_event_exists,false,false,false,phase2_public_cpi_point_in_time_v1,sha256:cac4891195e4c3054de4b680b7ddab7123dafefe25926040b4fbd32a3ee85d7e
2022-09,published_official_CPI_release,2022-10-13,08:30:00 America/New_York,2022-10-13T08:30:00-04:00,2022-10-14,U.S. Bureau of Labor Statistics archived CPI news release,https://www.bls.gov/news.release/archives/cpi_10132022.htm,3f2f0fae78dcdcadbfd2af38e13dc4b481594c328934bf123a1c3e059d93102b,296.808,274.310,same_BLS_release_table,8.201669643834,high,8.2,high,false,true,true,cpi_yoy_unrounded_from_point_in_time_CPIAUCNS_levels_v2,direction_owner_source_supported_portability_interpretation,not_applicable_release_event_exists,false,false,false,phase2_public_cpi_point_in_time_v1,sha256:cac4891195e4c3054de4b680b7ddab7123dafefe25926040b4fbd32a3ee85d7e
2022-10,published_official_CPI_release,2022-11-10,08:30:00 America/New_York,2022-11-10T08:30:00-05:00,2022-11-11,U.S. Bureau of Labor Statistics archived CPI news release,https://www.bls.gov/news.release/archives/cpi_11102022.htm,9510c393b663f7826e5a55eef4e7e9361b9e4e04ef173ca68764c398431a5910,298.012,276.589,same_BLS_release_table,7.745427330805,high,7.7,high,false,true,true,cpi_yoy_unrounded_from_point_in_time_CPIAUCNS_levels_v2,direction_owner_source_supported_portability_interpretation,not_applicable_release_event_exists,false,false,false,phase2_public_cpi_point_in_time_v1,sha256:cac4891195e4c3054de4b680b7ddab7123dafefe25926040b4fbd32a3ee85d7e
2022-11,published_official_CPI_release,2022-12-13,08:30:00 America/New_York,2022-12-13T08:30:00-05:00,2022-12-14,U.S. Bureau of Labor Statistics archived CPI news release,https://www.bls.gov/news.release/archives/cpi_12132022.htm,b64dda283697c0b1c0c9ef5b303b0851b3b8898ab7f7b0eb52a5585b9fe867a3,297.711,277.948,same_BLS_release_table,7.110322794192,high,7.1,high,false,true,true,cpi_yoy_unrounded_from_point_in_time_CPIAUCNS_levels_v2,direction_owner_source_supported_portability_interpretation,not_applicable_release_event_exists,false,false,false,phase2_public_cpi_point_in_time_v1,sha256:cac4891195e4c3054de4b680b7ddab7123dafefe25926040b4fbd32a3ee85d7e
2022-12,published_official_CPI_release,2023-01-12,08:30:00 America/New_York,2023-01-12T08:30:00-05:00,2023-01-13,U.S. Bureau of Labor Statistics archived CPI news release,https://www.bls.gov/news.release/archives/cpi_01122023.htm,507fafe4126f437cf827aca3412e33631a88dc1a5bf160e91a9aeb3df1c5d711,296.797,278.802,same_BLS_release_table,6.454401331411,high,6.5,high,false,true,true,cpi_yoy_unrounded_from_point_in_time_CPIAUCNS_levels_v2,direction_owner_source_supported_portability_interpretation,not_applicable_release_event_exists,false,false,false,phase2_public_cpi_point_in_time_v1,sha256:cac4891195e4c3054de4b680b7ddab7123dafefe25926040b4fbd32a3ee85d7e
2023-01,published_official_CPI_release,2023-02-14,08:30:00 America/New_York,2023-02-14T08:30:00-05:00,2023-02-15,U.S. Bureau of Labor Statistics archived CPI news release,https://www.bls.gov/news.release/archives/cpi_02142023.htm,71abcee655c7bddea3b07c4fc39ee37ede80129adbbb14780112f128b051b5c5,299.170,281.148,same_BLS_release_table,6.410146968856,high,6.4,high,false,true,true,cpi_yoy_unrounded_from_point_in_time_CPIAUCNS_levels_v2,direction_owner_source_supported_portability_interpretation,not_applicable_release_event_exists,false,false,false,phase2_public_cpi_point_in_time_v1,sha256:cac4891195e4c3054de4b680b7ddab7123dafefe25926040b4fbd32a3ee85d7e
2023-02,published_official_CPI_release,2023-03-14,08:30:00 America/New_York,2023-03-14T08:30:00-04:00,2023-03-15,U.S. Bureau of Labor Statistics archived CPI news release,https://www.bls.gov/news.release/archives/cpi_03142023.htm,57b4f13370d649dc3891839a2e765554344d9fd5fe26995d05511d47e5c100ca,300.840,283.716,same_BLS_release_table,6.035613077867,high,6.0,high,false,true,true,cpi_yoy_unrounded_from_point_in_time_CPIAUCNS_levels_v2,direction_owner_source_supported_portability_interpretation,not_applicable_release_event_exists,false,false,false,phase2_public_cpi_point_in_time_v1,sha256:cac4891195e4c3054de4b680b7ddab7123dafefe25926040b4fbd32a3ee85d7e
2023-03,published_official_CPI_release,2023-04-12,08:30:00 America/New_York,2023-04-12T08:30:00-04:00,2023-04-13,U.S. Bureau of Labor Statistics archived CPI news release,https://www.bls.gov/news.release/archives/cpi_04122023.htm,8217764b4df731da353f24f18fa2e08b7daab7455720ec0dccacef4509cdaff8,301.836,287.504,same_BLS_release_table,4.984974122099,high,5.0,high,false,true,true,cpi_yoy_unrounded_from_point_in_time_CPIAUCNS_levels_v2,direction_owner_source_supported_portability_interpretation,not_applicable_release_event_exists,false,false,false,phase2_public_cpi_point_in_time_v1,sha256:cac4891195e4c3054de4b680b7ddab7123dafefe25926040b4fbd32a3ee85d7e
2023-04,published_official_CPI_release,2023-05-10,08:30:00 America/New_York,2023-05-10T08:30:00-04:00,2023-05-11,U.S. Bureau of Labor Statistics archived CPI news release,https://www.bls.gov/news.release/archives/cpi_05102023.htm,4e8185fd4cf1e7220c3c2857789e24f5c7a0f4b454e85b72100f82c1fc1ae6b7,303.363,289.109,same_BLS_release_table,4.930320398189,high,4.9,high,false,true,true,cpi_yoy_unrounded_from_point_in_time_CPIAUCNS_levels_v2,direction_owner_source_supported_portability_interpretation,not_applicable_release_event_exists,false,false,false,phase2_public_cpi_point_in_time_v1,sha256:cac4891195e4c3054de4b680b7ddab7123dafefe25926040b4fbd32a3ee85d7e
2023-05,published_official_CPI_release,2023-06-13,08:30:00 America/New_York,2023-06-13T08:30:00-04:00,2023-06-14,U.S. Bureau of Labor Statistics archived CPI news release,https://www.bls.gov/news.release/archives/cpi_06132023.htm,1527bf070d58aefbd86c0c4af776b6bc0e366dd34db532daff8e40dd1280ffaf,304.127,292.296,same_BLS_release_table,4.047609272792,high,4.0,high,false,true,true,cpi_yoy_unrounded_from_point_in_time_CPIAUCNS_levels_v2,direction_owner_source_supported_portability_interpretation,not_applicable_release_event_exists,false,false,false,phase2_public_cpi_point_in_time_v1,sha256:cac4891195e4c3054de4b680b7ddab7123dafefe25926040b4fbd32a3ee85d7e
2023-06,published_official_CPI_release,2023-07-12,08:30:00 America/New_York,2023-07-12T08:30:00-04:00,2023-07-13,U.S. Bureau of Labor Statistics archived CPI news release,https://www.bls.gov/news.release/archives/cpi_07122023.htm,af1bb73d147a8c2282a99cc2e4b94ac7401e1ab1fc01085030e4421b3356cf34,305.109,296.311,same_BLS_release_table,2.969177654559,high,3.0,high,false,true,true,cpi_yoy_unrounded_from_point_in_time_CPIAUCNS_levels_v2,direction_owner_source_supported_portability_interpretation,not_applicable_release_event_exists,false,false,false,phase2_public_cpi_point_in_time_v1,sha256:cac4891195e4c3054de4b680b7ddab7123dafefe25926040b4fbd32a3ee85d7e
2023-07,published_official_CPI_release,2023-08-10,08:30:00 America/New_York,2023-08-10T08:30:00-04:00,2023-08-11,U.S. Bureau of Labor Statistics archived CPI news release,https://www.bls.gov/news.release/archives/cpi_08102023.htm,0149ab4168376e3b85a8643e1747d378e4e111089a7da577de1d9555fc721cb2,305.691,296.276,same_BLS_release_table,3.177780177942,high,3.2,high,false,true,true,cpi_yoy_unrounded_from_point_in_time_CPIAUCNS_levels_v2,direction_owner_source_supported_portability_interpretation,not_applicable_release_event_exists,false,false,false,phase2_public_cpi_point_in_time_v1,sha256:cac4891195e4c3054de4b680b7ddab7123dafefe25926040b4fbd32a3ee85d7e
2023-08,published_official_CPI_release,2023-09-13,08:30:00 America/New_York,2023-09-13T08:30:00-04:00,2023-09-14,U.S. Bureau of Labor Statistics archived CPI news release,https://www.bls.gov/news.release/archives/cpi_09132023.htm,18f92bade69437d4a28da4544441fa5d404fa19eba99a4113968b727ea852d86,307.026,296.171,same_BLS_release_table,3.665112384400,high,3.7,high,false,true,true,cpi_yoy_unrounded_from_point_in_time_CPIAUCNS_levels_v2,direction_owner_source_supported_portability_interpretation,not_applicable_release_event_exists,false,false,false,phase2_public_cpi_point_in_time_v1,sha256:cac4891195e4c3054de4b680b7ddab7123dafefe25926040b4fbd32a3ee85d7e
2023-09,published_official_CPI_release,2023-10-12,08:30:00 America/New_York,2023-10-12T08:30:00-04:00,2023-10-13,U.S. Bureau of Labor Statistics archived CPI news release,https://www.bls.gov/news.release/archives/cpi_10122023.htm,02ff080411e38741e98db5a8f150c52f01950fedb721789686746e7e99b851c9,307.789,296.808,same_BLS_release_table,3.699698121344,high,3.7,high,false,true,true,cpi_yoy_unrounded_from_point_in_time_CPIAUCNS_levels_v2,direction_owner_source_supported_portability_interpretation,not_applicable_release_event_exists,false,false,false,phase2_public_cpi_point_in_time_v1,sha256:cac4891195e4c3054de4b680b7ddab7123dafefe25926040b4fbd32a3ee85d7e
2023-10,published_official_CPI_release,2023-11-14,08:30:00 America/New_York,2023-11-14T08:30:00-05:00,2023-11-15,U.S. Bureau of Labor Statistics archived CPI news release,https://www.bls.gov/news.release/archives/cpi_11142023.htm,e5aeaadf941b4d60d8c5b69528aad502fab89a65937a9c9afeee8197e5b0c5de,307.671,298.012,same_BLS_release_table,3.241144651893,high,3.2,high,false,true,true,cpi_yoy_unrounded_from_point_in_time_CPIAUCNS_levels_v2,direction_owner_source_supported_portability_interpretation,not_applicable_release_event_exists,false,false,false,phase2_public_cpi_point_in_time_v1,sha256:cac4891195e4c3054de4b680b7ddab7123dafefe25926040b4fbd32a3ee85d7e
2023-11,published_official_CPI_release,2023-12-12,08:30:00 America/New_York,2023-12-12T08:30:00-05:00,2023-12-13,U.S. Bureau of Labor Statistics archived CPI news release,https://www.bls.gov/news.release/archives/cpi_12122023.htm,4d53094fdafdf2ec7c00985243ca686759910d01efb462c5bbb890e5b06a7a9f,307.051,297.711,same_BLS_release_table,3.137270708842,high,3.1,high,false,true,true,cpi_yoy_unrounded_from_point_in_time_CPIAUCNS_levels_v2,direction_owner_source_supported_portability_interpretation,not_applicable_release_event_exists,false,false,false,phase2_public_cpi_point_in_time_v1,sha256:cac4891195e4c3054de4b680b7ddab7123dafefe25926040b4fbd32a3ee85d7e
2023-12,published_official_CPI_release,2024-01-11,08:30:00 America/New_York,2024-01-11T08:30:00-05:00,2024-01-12,U.S. Bureau of Labor Statistics archived CPI news release,https://www.bls.gov/news.release/archives/cpi_01112024.htm,da2bae8e27795cdcbcfb1f7f2b1efbfa464ac8398f75ee8b07ce489115501ef4,306.746,296.797,same_BLS_release_table,3.352122831430,high,3.4,high,false,true,true,cpi_yoy_unrounded_from_point_in_time_CPIAUCNS_levels_v2,direction_owner_source_supported_portability_interpretation,not_applicable_release_event_exists,false,false,false,phase2_public_cpi_point_in_time_v1,sha256:cac4891195e4c3054de4b680b7ddab7123dafefe25926040b4fbd32a3ee85d7e
2024-01,published_official_CPI_release,2024-02-13,08:30:00 America/New_York,2024-02-13T08:30:00-05:00,2024-02-14,U.S. Bureau of Labor Statistics archived CPI news release,https://www.bls.gov/news.release/archives/cpi_02132024.htm,1de2152e1840e511cee7b45fe7f394d2c45799466929f4dd97be754a9221e607,308.417,299.170,same_BLS_release_table,3.090884781228,high,3.1,high,false,true,true,cpi_yoy_unrounded_from_point_in_time_CPIAUCNS_levels_v2,direction_owner_source_supported_portability_interpretation,not_applicable_release_event_exists,false,false,false,phase2_public_cpi_point_in_time_v1,sha256:cac4891195e4c3054de4b680b7ddab7123dafefe25926040b4fbd32a3ee85d7e
2024-02,published_official_CPI_release,2024-03-12,08:30:00 America/New_York,2024-03-12T08:30:00-04:00,2024-03-13,U.S. Bureau of Labor Statistics archived CPI news release,https://www.bls.gov/news.release/archives/cpi_03122024.htm,fdae6e6bee70d507313be82421dea42ac7ba5181488110a9eb64d31baab5960d,310.326,300.840,same_BLS_release_table,3.153171120862,high,3.2,high,false,true,true,cpi_yoy_unrounded_from_point_in_time_CPIAUCNS_levels_v2,direction_owner_source_supported_portability_interpretation,not_applicable_release_event_exists,false,false,false,phase2_public_cpi_point_in_time_v1,sha256:cac4891195e4c3054de4b680b7ddab7123dafefe25926040b4fbd32a3ee85d7e
2024-03,published_official_CPI_release,2024-04-10,08:30:00 America/New_York,2024-04-10T08:30:00-04:00,2024-04-11,U.S. Bureau of Labor Statistics archived CPI news release,https://www.bls.gov/news.release/archives/cpi_04102024.htm,f72f9b9ea37793d0a02bd9b0ece8c0240215467fa497f04de1d64d4ad56a9f24,312.332,301.836,same_BLS_release_table,3.477385070038,high,3.5,high,false,true,true,cpi_yoy_unrounded_from_point_in_time_CPIAUCNS_levels_v2,direction_owner_source_supported_portability_interpretation,not_applicable_release_event_exists,false,false,false,phase2_public_cpi_point_in_time_v1,sha256:cac4891195e4c3054de4b680b7ddab7123dafefe25926040b4fbd32a3ee85d7e
2024-04,published_official_CPI_release,2024-05-15,08:30:00 America/New_York,2024-05-15T08:30:00-04:00,2024-05-16,U.S. Bureau of Labor Statistics archived CPI news release,https://www.bls.gov/news.release/archives/cpi_05152024.htm,25b6b0e33ed08ffaf0b8489ca91b8f8f2263330e8d2d6a3ab9fbd0d01d087955,313.548,303.363,same_BLS_release_table,3.357363950119,high,3.4,high,false,true,true,cpi_yoy_unrounded_from_point_in_time_CPIAUCNS_levels_v2,direction_owner_source_supported_portability_interpretation,not_applicable_release_event_exists,false,false,false,phase2_public_cpi_point_in_time_v1,sha256:cac4891195e4c3054de4b680b7ddab7123dafefe25926040b4fbd32a3ee85d7e
2024-05,published_official_CPI_release,2024-06-12,08:30:00 America/New_York,2024-06-12T08:30:00-04:00,2024-06-13,U.S. Bureau of Labor Statistics archived CPI news release,https://www.bls.gov/news.release/archives/cpi_06122024.htm,594122bd2a99053108685e0af630e121678211a80da19b2bcd33dfc6dac84fb1,314.069,304.127,same_BLS_release_table,3.269029056940,high,3.3,high,false,true,true,cpi_yoy_unrounded_from_point_in_time_CPIAUCNS_levels_v2,direction_owner_source_supported_portability_interpretation,not_applicable_release_event_exists,false,false,false,phase2_public_cpi_point_in_time_v1,sha256:cac4891195e4c3054de4b680b7ddab7123dafefe25926040b4fbd32a3ee85d7e
2024-06,published_official_CPI_release,2024-07-11,08:30:00 America/New_York,2024-07-11T08:30:00-04:00,2024-07-12,U.S. Bureau of Labor Statistics archived CPI news release,https://www.bls.gov/news.release/archives/cpi_07112024.htm,771d452e72b8a01f0725632c9a732563835d1b4101da8d1366a9d85c371badc9,314.175,305.109,same_BLS_release_table,2.971397107263,high,3.0,high,false,true,true,cpi_yoy_unrounded_from_point_in_time_CPIAUCNS_levels_v2,direction_owner_source_supported_portability_interpretation,not_applicable_release_event_exists,false,false,false,phase2_public_cpi_point_in_time_v1,sha256:cac4891195e4c3054de4b680b7ddab7123dafefe25926040b4fbd32a3ee85d7e
2024-07,published_official_CPI_release,2024-08-14,08:30:00 America/New_York,2024-08-14T08:30:00-04:00,2024-08-15,U.S. Bureau of Labor Statistics archived CPI news release,https://www.bls.gov/news.release/archives/cpi_08142024.htm,df87275fc13893007bc6a4feae5dc0345ae8e2fa5eb8d3b20935480bd83b8a1c,314.540,305.691,same_BLS_release_table,2.894753198491,high,2.9,high,false,true,true,cpi_yoy_unrounded_from_point_in_time_CPIAUCNS_levels_v2,direction_owner_source_supported_portability_interpretation,not_applicable_release_event_exists,false,false,false,phase2_public_cpi_point_in_time_v1,sha256:cac4891195e4c3054de4b680b7ddab7123dafefe25926040b4fbd32a3ee85d7e
2024-08,published_official_CPI_release,2024-09-11,08:30:00 America/New_York,2024-09-11T08:30:00-04:00,2024-09-12,U.S. Bureau of Labor Statistics archived CPI news release,https://www.bls.gov/news.release/archives/cpi_09112024.htm,2050f1b66723d78b7d527583c5fefdb7382e247c331732255ab79b6259e41383,314.796,307.026,same_BLS_release_table,2.530730296457,high,2.5,medium,true,true,true,cpi_yoy_unrounded_from_point_in_time_CPIAUCNS_levels_v2,direction_owner_source_supported_portability_interpretation,not_applicable_release_event_exists,false,false,false,phase2_public_cpi_point_in_time_v1,sha256:cac4891195e4c3054de4b680b7ddab7123dafefe25926040b4fbd32a3ee85d7e
2024-09,published_official_CPI_release,2024-10-10,08:30:00 America/New_York,2024-10-10T08:30:00-04:00,2024-10-11,U.S. Bureau of Labor Statistics archived CPI news release,https://www.bls.gov/news.release/archives/cpi_10102024.htm,5b27305fd6c4e6545b60da68f0525858aca4513bbebfd251b1bce6bd7642b447,315.301,307.789,same_BLS_release_table,2.440633031070,medium,2.4,medium,false,true,true,cpi_yoy_unrounded_from_point_in_time_CPIAUCNS_levels_v2,direction_owner_source_supported_portability_interpretation,not_applicable_release_event_exists,false,false,false,phase2_public_cpi_point_in_time_v1,sha256:cac4891195e4c3054de4b680b7ddab7123dafefe25926040b4fbd32a3ee85d7e
2024-10,published_official_CPI_release,2024-11-13,08:30:00 America/New_York,2024-11-13T08:30:00-05:00,2024-11-14,U.S. Bureau of Labor Statistics archived CPI news release,https://www.bls.gov/news.release/archives/cpi_11132024.htm,9fc68394d68916a168c65a1e0ac941fdb3dfab806b2cc700f8a3fceac0fbcbee,315.664,307.671,same_BLS_release_table,2.597904904915,high,2.6,high,false,true,true,cpi_yoy_unrounded_from_point_in_time_CPIAUCNS_levels_v2,direction_owner_source_supported_portability_interpretation,not_applicable_release_event_exists,false,false,false,phase2_public_cpi_point_in_time_v1,sha256:cac4891195e4c3054de4b680b7ddab7123dafefe25926040b4fbd32a3ee85d7e
2024-11,published_official_CPI_release,2024-12-11,08:30:00 America/New_York,2024-12-11T08:30:00-05:00,2024-12-12,U.S. Bureau of Labor Statistics archived CPI news release,https://www.bls.gov/news.release/archives/cpi_12112024.htm,863da405f7244c16e3b5137a9ce62ad6aa36c7c6456494625892e6888225cf27,315.493,307.051,same_BLS_release_table,2.749380396091,high,2.7,high,false,true,true,cpi_yoy_unrounded_from_point_in_time_CPIAUCNS_levels_v2,direction_owner_source_supported_portability_interpretation,not_applicable_release_event_exists,false,false,false,phase2_public_cpi_point_in_time_v1,sha256:cac4891195e4c3054de4b680b7ddab7123dafefe25926040b4fbd32a3ee85d7e
2024-12,published_official_CPI_release,2025-01-15,08:30:00 America/New_York,2025-01-15T08:30:00-05:00,2025-01-16,U.S. Bureau of Labor Statistics archived CPI news release,https://www.bls.gov/news.release/archives/cpi_01152025.htm,181311c2101a64c77789b413d6446a5ac111a11e58644843cb1ee8ebcfc7ed3a,315.605,306.746,same_BLS_release_table,2.888057219980,high,2.9,high,false,true,true,cpi_yoy_unrounded_from_point_in_time_CPIAUCNS_levels_v2,direction_owner_source_supported_portability_interpretation,not_applicable_release_event_exists,false,false,false,phase2_public_cpi_point_in_time_v1,sha256:cac4891195e4c3054de4b680b7ddab7123dafefe25926040b4fbd32a3ee85d7e
2025-01,published_official_CPI_release,2025-02-12,08:30:00 America/New_York,2025-02-12T08:30:00-05:00,2025-02-13,U.S. Bureau of Labor Statistics archived CPI news release,https://www.bls.gov/news.release/archives/cpi_02122025.htm,9e74b48acfb796882e8f010a3fdc2ad1747fa5063f398b861fbd309bb31890e3,317.671,308.417,same_BLS_release_table,3.000483112150,high,3.0,high,false,true,true,cpi_yoy_unrounded_from_point_in_time_CPIAUCNS_levels_v2,direction_owner_source_supported_portability_interpretation,not_applicable_release_event_exists,false,false,false,phase2_public_cpi_point_in_time_v1,sha256:cac4891195e4c3054de4b680b7ddab7123dafefe25926040b4fbd32a3ee85d7e
2025-02,published_official_CPI_release,2025-03-12,08:30:00 America/New_York,2025-03-12T08:30:00-04:00,2025-03-13,U.S. Bureau of Labor Statistics archived CPI news release,https://www.bls.gov/news.release/archives/cpi_03122025.htm,b5316513679a55849dd531ca66bdd9552aad828babbdf5d3fb1fd6effb88e34d,319.082,310.326,same_BLS_release_table,2.821548951748,high,2.8,high,false,true,true,cpi_yoy_unrounded_from_point_in_time_CPIAUCNS_levels_v2,direction_owner_source_supported_portability_interpretation,not_applicable_release_event_exists,false,false,false,phase2_public_cpi_point_in_time_v1,sha256:cac4891195e4c3054de4b680b7ddab7123dafefe25926040b4fbd32a3ee85d7e
2025-03,published_official_CPI_release,2025-04-10,08:30:00 America/New_York,2025-04-10T08:30:00-04:00,2025-04-11,U.S. Bureau of Labor Statistics archived CPI news release,https://www.bls.gov/news.release/archives/cpi_04102025.htm,a81c29116a2bf8a741295d93ea2264fcfe8dfba75b33f16e5b3f78278ed25642,319.799,312.332,same_BLS_release_table,2.390725253896,medium,2.4,medium,false,true,true,cpi_yoy_unrounded_from_point_in_time_CPIAUCNS_levels_v2,direction_owner_source_supported_portability_interpretation,not_applicable_release_event_exists,false,false,false,phase2_public_cpi_point_in_time_v1,sha256:cac4891195e4c3054de4b680b7ddab7123dafefe25926040b4fbd32a3ee85d7e
2025-04,published_official_CPI_release,2025-05-13,08:30:00 America/New_York,2025-05-13T08:30:00-04:00,2025-05-14,U.S. Bureau of Labor Statistics archived CPI news release,https://www.bls.gov/news.release/archives/cpi_05132025.htm,bd92d2fc3052c6cb3d7a0a83348cb7e2f6af859299f42958c7374938c66ebe77,320.795,313.548,same_BLS_release_table,2.311288861673,medium,2.3,medium,false,true,true,cpi_yoy_unrounded_from_point_in_time_CPIAUCNS_levels_v2,direction_owner_source_supported_portability_interpretation,not_applicable_release_event_exists,false,false,false,phase2_public_cpi_point_in_time_v1,sha256:cac4891195e4c3054de4b680b7ddab7123dafefe25926040b4fbd32a3ee85d7e
2025-05,published_official_CPI_release,2025-06-11,08:30:00 America/New_York,2025-06-11T08:30:00-04:00,2025-06-12,U.S. Bureau of Labor Statistics archived CPI news release,https://www.bls.gov/news.release/archives/cpi_06112025.htm,f5e8ba6a184aa26909e63a5a8aaea6d0b57f0e425f72c5c0e25e6f0f82d5373d,321.465,314.069,same_BLS_release_table,2.354896535475,medium,2.4,medium,false,true,true,cpi_yoy_unrounded_from_point_in_time_CPIAUCNS_levels_v2,direction_owner_source_supported_portability_interpretation,not_applicable_release_event_exists,false,false,false,phase2_public_cpi_point_in_time_v1,sha256:cac4891195e4c3054de4b680b7ddab7123dafefe25926040b4fbd32a3ee85d7e
2025-06,published_official_CPI_release,2025-07-15,08:30:00 America/New_York,2025-07-15T08:30:00-04:00,2025-07-16,U.S. Bureau of Labor Statistics archived CPI news release,https://www.bls.gov/news.release/archives/cpi_07152025.htm,60161148db78b467337684ed9dd70d9bbd2e0671904e3accce711ef27bb20d37,322.561,314.175,same_BLS_release_table,2.669213018222,high,2.7,high,false,true,true,cpi_yoy_unrounded_from_point_in_time_CPIAUCNS_levels_v2,direction_owner_source_supported_portability_interpretation,not_applicable_release_event_exists,false,false,false,phase2_public_cpi_point_in_time_v1,sha256:cac4891195e4c3054de4b680b7ddab7123dafefe25926040b4fbd32a3ee85d7e
2025-07,published_official_CPI_release,2025-08-12,08:30:00 America/New_York,2025-08-12T08:30:00-04:00,2025-08-13,U.S. Bureau of Labor Statistics archived CPI news release,https://www.bls.gov/news.release/archives/cpi_08122025.htm,68f31af0ba0eb74fc780d6001162c748f655872b3e4162b1fe9d5559030afb68,323.048,314.540,same_BLS_release_table,2.704902397151,high,2.7,high,false,true,true,cpi_yoy_unrounded_from_point_in_time_CPIAUCNS_levels_v2,direction_owner_source_supported_portability_interpretation,not_applicable_release_event_exists,false,false,false,phase2_public_cpi_point_in_time_v1,sha256:cac4891195e4c3054de4b680b7ddab7123dafefe25926040b4fbd32a3ee85d7e
2025-08,published_official_CPI_release,2025-09-11,08:30:00 America/New_York,2025-09-11T08:30:00-04:00,2025-09-12,U.S. Bureau of Labor Statistics archived CPI news release,https://www.bls.gov/news.release/archives/cpi_09112025.htm,6fc6e32e76673d00cf84f676d757b319342a8546f9617eabe157489a964b0c41,323.976,314.796,same_BLS_release_table,2.916174284298,high,2.9,high,false,true,true,cpi_yoy_unrounded_from_point_in_time_CPIAUCNS_levels_v2,direction_owner_source_supported_portability_interpretation,not_applicable_release_event_exists,false,false,false,phase2_public_cpi_point_in_time_v1,sha256:cac4891195e4c3054de4b680b7ddab7123dafefe25926040b4fbd32a3ee85d7e
2025-09,published_official_CPI_release,2025-10-24,08:30:00 America/New_York,2025-10-24T08:30:00-04:00,2025-10-27,U.S. Bureau of Labor Statistics archived CPI news release,https://www.bls.gov/news.release/archives/cpi_10242025.htm,81bc1d4930c3bbb9036f703afb5033b12b2593ccdb55a22d614e036d95fb73fa,324.800,315.301,same_BLS_release_table,3.012676775526,high,3.0,high,false,true,true,cpi_yoy_unrounded_from_point_in_time_CPIAUCNS_levels_v2,direction_owner_source_supported_portability_interpretation,not_applicable_release_event_exists,false,false,false,phase2_public_cpi_point_in_time_v1,sha256:cac4891195e4c3054de4b680b7ddab7123dafefe25926040b4fbd32a3ee85d7e
2025-10,canceled_no_official_CPI_release,,,,,U.S. Bureau of Labor Statistics CPI archive index,https://www.bls.gov/bls/news-release/cpi.htm,sha256:7831a73248da698b5ec685642b7c0f3319744a3c72c7fe109c9fd70e07aa1cee,,,not_applicable_no_release,,,,,false,false,true,cpi_yoy_unrounded_from_point_in_time_CPIAUCNS_levels_v2,source_consistent_exception_handling,no_CPI_announcement_no_rebalance_event,false,false,false,phase2_public_cpi_point_in_time_v1,sha256:cac4891195e4c3054de4b680b7ddab7123dafefe25926040b4fbd32a3ee85d7e
2025-11,published_official_CPI_release,2025-12-18,08:30:00 America/New_York,2025-12-18T08:30:00-05:00,2025-12-19,U.S. Bureau of Labor Statistics archived CPI news release,https://www.bls.gov/news.release/archives/cpi_12182025.htm,2aca80acacd5d22fd734a67296a612b36887346e009ddbf3ec2ae39f518e333b,324.122,315.493,same_BLS_release_table,2.735084455123,high,2.7,high,false,true,true,cpi_yoy_unrounded_from_point_in_time_CPIAUCNS_levels_v2,direction_owner_source_supported_portability_interpretation,not_applicable_release_event_exists,false,false,false,phase2_public_cpi_point_in_time_v1,sha256:cac4891195e4c3054de4b680b7ddab7123dafefe25926040b4fbd32a3ee85d7e
2025-12,published_official_CPI_release,2026-01-13,08:30:00 America/New_York,2026-01-13T08:30:00-05:00,2026-01-14,U.S. Bureau of Labor Statistics archived CPI news release,https://www.bls.gov/news.release/archives/cpi_01132026.htm,1fe40265b5d804ab65773a1be8ed83b99f990334279209667a0400ed2bbd6291,324.054,315.605,same_BLS_release_table,2.677080527875,high,2.7,high,false,true,true,cpi_yoy_unrounded_from_point_in_time_CPIAUCNS_levels_v2,direction_owner_source_supported_portability_interpretation,not_applicable_release_event_exists,false,false,false,phase2_public_cpi_point_in_time_v1,sha256:cac4891195e4c3054de4b680b7ddab7123dafefe25926040b4fbd32a3ee85d7e
2026-01,published_official_CPI_release,2026-02-13,08:30:00 America/New_York,2026-02-13T08:30:00-05:00,2026-02-17,U.S. Bureau of Labor Statistics archived CPI news release,https://www.bls.gov/news.release/archives/cpi_02132026.htm,8c62dbfd6adc531aa565cb6121a88333eefb0bf1f4d1ed1e1b155f795f430c1d,325.252,317.671,same_BLS_release_table,2.386431244904,medium,2.4,medium,false,true,true,cpi_yoy_unrounded_from_point_in_time_CPIAUCNS_levels_v2,direction_owner_source_supported_portability_interpretation,not_applicable_release_event_exists,false,false,false,phase2_public_cpi_point_in_time_v1,sha256:cac4891195e4c3054de4b680b7ddab7123dafefe25926040b4fbd32a3ee85d7e
2026-02,published_official_CPI_release,2026-03-11,08:30:00 America/New_York,2026-03-11T08:30:00-04:00,2026-03-12,U.S. Bureau of Labor Statistics archived CPI news release,https://www.bls.gov/news.release/archives/cpi_03112026.htm,e9319b5d04a60f5c4a5f833afc0a58ea94b6bfe6664142b617404857165b01a2,326.785,319.082,same_BLS_release_table,2.414112986630,medium,2.4,medium,false,true,true,cpi_yoy_unrounded_from_point_in_time_CPIAUCNS_levels_v2,direction_owner_source_supported_portability_interpretation,not_applicable_release_event_exists,false,false,false,phase2_public_cpi_point_in_time_v1,sha256:cac4891195e4c3054de4b680b7ddab7123dafefe25926040b4fbd32a3ee85d7e
2026-03,published_official_CPI_release,2026-04-10,08:30:00 America/New_York,2026-04-10T08:30:00-04:00,2026-04-13,U.S. Bureau of Labor Statistics archived CPI news release,https://www.bls.gov/news.release/archives/cpi_04102026.htm,6b0746fe8182c4103ed3f9762044b25a61c09e4d7ec798f5b7f585788ae9adba,330.213,319.799,same_BLS_release_table,3.256420439088,high,3.3,high,false,true,true,cpi_yoy_unrounded_from_point_in_time_CPIAUCNS_levels_v2,direction_owner_source_supported_portability_interpretation,not_applicable_release_event_exists,false,false,false,phase2_public_cpi_point_in_time_v1,sha256:cac4891195e4c3054de4b680b7ddab7123dafefe25926040b4fbd32a3ee85d7e
2026-04,published_official_CPI_release,2026-05-12,08:30:00 America/New_York,2026-05-12T08:30:00-04:00,2026-05-13,U.S. Bureau of Labor Statistics archived CPI news release,https://www.bls.gov/news.release/archives/cpi_05122026.htm,3a169e5987a8325941356fedac0362d57661f33a6b03944c5bdf1394eff7fe55,333.020,320.795,same_BLS_release_table,3.810844932122,high,3.8,high,false,true,true,cpi_yoy_unrounded_from_point_in_time_CPIAUCNS_levels_v2,direction_owner_source_supported_portability_interpretation,not_applicable_release_event_exists,false,false,false,phase2_public_cpi_point_in_time_v1,sha256:cac4891195e4c3054de4b680b7ddab7123dafefe25926040b4fbd32a3ee85d7e
2026-05,published_official_CPI_release,2026-06-10,08:30:00 America/New_York,2026-06-10T08:30:00-04:00,2026-06-11,U.S. Bureau of Labor Statistics archived CPI news release,https://www.bls.gov/news.release/archives/cpi_06102026.htm,b9888abba91153460ea6fe5f69f3966b25151d8cea74887550b3a863837157b5,335.123,321.465,same_BLS_release_table,4.248674039164,high,4.2,high,false,true,true,cpi_yoy_unrounded_from_point_in_time_CPIAUCNS_levels_v2,direction_owner_source_supported_portability_interpretation,not_applicable_release_event_exists,false,false,false,phase2_public_cpi_point_in_time_v1,sha256:cac4891195e4c3054de4b680b7ddab7123dafefe25926040b4fbd32a3ee85d7e
2026-06,published_official_CPI_release,2026-07-14,08:30:00 America/New_York,2026-07-14T08:30:00-04:00,2026-07-15,U.S. Bureau of Labor Statistics archived CPI news release,https://www.bls.gov/news.release/archives/cpi_07142026.htm,d849963eba9233a69d298ca57af95e40404cce7a38f9729e51cf6274ff11fbc2,333.952,322.561,same_BLS_release_table,3.531425063786,high,3.5,high,false,true,true,cpi_yoy_unrounded_from_point_in_time_CPIAUCNS_levels_v2,direction_owner_source_supported_portability_interpretation,not_applicable_release_event_exists,false,false,false,phase2_public_cpi_point_in_time_v1,sha256:cac4891195e4c3054de4b680b7ddab7123dafefe25926040b4fbd32a3ee85d7e
