trade_id,strategy,strategy_version,symbol,correlation_cluster,signal_date,entry_date,entry_signal_date,exit_date,regime_at_signal,regime_at_entry,spy_close_at_signal,spy_200sma_at_signal,spy_above_200sma_at_signal,realized_vol_20_at_signal,volatility_regime_at_signal,entry_rule_name,entry_reason_code,entry_reason_text,signal_values_json,project_equity_at_signal,project_equity_at_entry,high_water_mark_at_entry,drawdown_at_entry,total_open_risk_before_entry,total_open_risk_after_entry,cluster_open_risk_before_entry,cluster_open_risk_after_entry,strategy_pnl_before_entry,strategy_loss_budget_remaining_before_entry,strategy_status_at_entry,entry_price,stop_price_initial,stop_price_final,exit_price,stop_price,target_price,shares,notional_value,intended_risk_amount,actual_risk_amount,risk_amount,risk_utilization_pct,stop_distance,stop_distance_pct,pnl,r_multiple,slippage_paid_estimate,fees_paid_estimate,exit_reason,exit_reason_text,stop_hit,target_hit,same_bar_stop_target,gap_through_stop,final_mark_to_market,holding_days,market_regime_at_entry,valid_trade,auto_outcome_class,manual_review_class,rule_followed,notes
2,D_mean_reversion,v1_fixed_rules,XLU,equity_index,2008-01-03,2008-01-04,2008-01-03,2008-01-07,sideways_normal_volatility,sideways_normal_volatility,103.44564056396484,105.53218006134033,False,0.16497981641284215,normal_volatility,mean_reversion_trend_filter,oversold_in_uptrend,Oversold ETF signal appeared while trend filter allowed long exposure.,"{""atr_20"": 0.179631, ""bollinger_lower"": 11.051014, ""breakout_level"": 11.620669, ""close"": 11.089192, ""ema_10"": 11.230196, ""momentum_126"": 0.064363, ""momentum_63"": 0.049313, ""realized_vol_20"": 0.16498, ""rsi_2"": 0.0, ""sma_100"": 10.754148, ""sma_200"": 10.628738, ""sma_50"": 11.119077, ""volume"": 10287200.0, ""volume_sma_20"": 8555400.0}",3000.0,3004.1105734652574,3000.0,4.110573465257403,27.839951326945897,56.97454407056049,27.839951326945897,56.97454407056049,4.110573465257576,64.11057346525757,active,11.113214074034872,10.843767462299363,10.843767462299363,11.233962519139485,10.843767462299363,,108.12751571065726,1201.644229386103,30.0,29.134592743614594,29.134592743614594,0.9711530914538198,0.26944661173550877,0.024245606171219992,13.056229395086529,0.4481349545532279,1.2081723440836463,0.0,mean_reversion_exit,mean reversion exit,False,False,False,False,False,1,sideways_normal_volatility,True,valid_win,,True,mean reversion setup
1,D_mean_reversion,v1_fixed_rules,XLP,equity_index,2008-01-03,2008-01-04,2008-01-03,2008-01-08,sideways_normal_volatility,sideways_normal_volatility,103.44564056396484,105.53218006134033,False,0.1433034799637278,normal_volatility,mean_reversion_trend_filter,oversold_in_uptrend,Oversold ETF signal appeared while trend filter allowed long exposure.,"{""atr_20"": 0.265346, ""bollinger_lower"": 17.334208, ""breakout_level"": 17.961693, ""close"": 17.288284, ""ema_10"": 17.601823, ""momentum_126"": 0.047834, ""momentum_63"": 0.019572, ""realized_vol_20"": 0.143303, ""rsi_2"": 0.0, ""sma_100"": 17.049465, ""sma_200"": 16.743539, ""sma_50"": 17.456168, ""volume"": 4379600.0, ""volume_sma_20"": 2769240.0}",3000.0,3000.0,3000.0,0.0,0.0,27.839951326945897,0.0,27.839951326945897,0.0,60.0,active,17.156051280167063,16.758031586331697,16.758031586331697,17.51827504523762,16.758031586331697,,69.94616537356926,1200.0,30.0,27.839951326945897,27.839951326945897,0.9279983775648633,0.39801969383536573,0.023199959439121582,25.33616337386204,0.9100649306573867,1.212668081686931,0.0,mean_reversion_exit,mean reversion exit,False,False,False,False,False,2,sideways_normal_volatility,True,valid_win,,True,mean reversion setup
3,D_mean_reversion,v1_fixed_rules,GLD,commodity_alternative,2008-01-07,2008-01-08,2008-01-07,2008-01-09,sideways_normal_volatility,bear_normal_volatility,100.82489013671876,105.53255519866943,False,0.2205126206122569,normal_volatility,mean_reversion_trend_filter,oversold_in_uptrend,Oversold ETF signal appeared while trend filter allowed long exposure.,"{""atr_20"": 1.332999, ""bollinger_lower"": 76.084663, ""breakout_level"": 85.57, ""close"": 84.769997, ""ema_10"": 83.212714, ""momentum_126"": 0.296574, ""momentum_63"": 0.154905, ""realized_vol_20"": 0.220513, ""rsi_2"": 0.0, ""sma_100"": 75.2812, ""sma_200"": 70.67785, ""sma_50"": 79.9144, ""volume"": 6944300.0, ""volume_sma_20"": 6931680.0}",3031.2971054908476,3038.3923927689484,3031.2971054908476,7.095287278100841,0.0,28.151260636026624,0.0,28.151260636026624,38.39239276894857,98.39239276894857,active,86.32313877868651,84.32363964843749,84.32363964843749,86.51671755981445,84.32363964843749,,14.07915622975071,1215.3569571075793,30.0,28.151260636026624,28.151260636026624,0.9383753545342208,1.9994991302490206,0.02316295675224803,2.7254259022649814,0.09681363607486597,1.216719670058712,0.0,mean_reversion_exit,mean reversion exit,False,False,False,False,False,1,bear_normal_volatility,True,valid_win,,True,mean reversion setup
4,D_mean_reversion,v1_fixed_rules,XLB,equity_index,2008-01-07,2008-01-08,2008-01-07,2008-01-09,sideways_normal_volatility,bear_normal_volatility,100.82489013671876,105.53255519866943,False,0.29744945028864656,normal_volatility,mean_reversion_trend_filter,oversold_in_uptrend,Oversold ETF signal appeared while trend filter allowed long exposure.,"{""atr_20"": 0.32431, ""bollinger_lower"": 13.45941, ""breakout_level"": 14.569044, ""close"": 13.558094, ""ema_10"": 13.93428, ""momentum_126"": -0.021856, ""momentum_63"": -0.054657, ""realized_vol_20"": 0.297449, ""rsi_2"": 0.0, ""sma_100"": 13.716389, ""sma_200"": 13.488945, ""sma_50"": 13.900786, ""volume"": 39212600.0, ""volume_sma_20"": 14580800.0}",3031.2971054908476,3044.8245960926656,3031.2971054908476,13.527490601818045,28.151260636026624,58.15126063602662,0.0,30.0,44.824596092665864,104.82459609266587,active,13.625588358753362,13.139124073359387,13.139124073359387,13.298618655982743,13.139124073359387,,61.66948098914142,840.2829622560071,30.0,30.0,30.0,1.0,0.4864642853939749,0.03570225905741972,-20.164051869037888,-0.672135062301263,0.8302009363214882,0.0,mean_reversion_exit,mean reversion exit,False,False,False,False,False,1,bear_normal_volatility,True,valid_loss,,True,mean reversion setup
5,D_mean_reversion,v1_fixed_rules,IEF,bond,2008-01-10,2008-01-11,2008-01-10,2008-01-14,sideways_normal_volatility,bear_normal_volatility,100.89625549316406,105.52266040802002,False,0.08352906404719791,normal_volatility,mean_reversion_trend_filter,oversold_in_uptrend,Oversold ETF signal appeared while trend filter allowed long exposure.,"{""atr_20"": 0.398479, ""bollinger_lower"": 54.292305, ""breakout_level"": 56.626644, ""close"": 56.383171, ""ema_10"": 56.154834, ""momentum_126"": 0.119858, ""momentum_63"": 0.067499, ""realized_vol_20"": 0.083529, ""rsi_2"": 0.0, ""sma_100"": 54.131289, ""sma_200"": 52.583481, ""sma_50"": 55.200922, ""volume"": 258300.0, ""volume_sma_20"": 321780.0}",3020.953766802176,3020.953766802176,3031.2971054908476,-10.343338688671793,0.0,12.787662350171647,0.0,12.787662350171647,20.95376680217566,80.95376680217566,active,56.48189320279324,55.88417520135198,55.88417520135198,56.68151684295249,55.88417520135198,,21.39413957641759,1208.3815067208704,30.0,12.787662350171647,12.787662350171647,0.42625541167238823,0.5977180014412582,0.010582471081399567,4.27077602031961,0.3339762892834188,1.2105168947310303,0.0,mean_reversion_exit,mean reversion exit,False,False,False,False,False,1,bear_normal_volatility,True,valid_win,,True,mean reversion setup
6,D_mean_reversion,v1_fixed_rules,SHY,bond,2008-01-10,2008-01-11,2008-01-10,2008-01-14,sideways_normal_volatility,bear_normal_volatility,100.89625549316406,105.52266040802002,False,0.026367602289104265,normal_volatility,mean_reversion_trend_filter,oversold_in_uptrend,Oversold ETF signal appeared while trend filter allowed long exposure.,"{""atr_20"": 0.14692, ""bollinger_lower"": 60.889088, ""breakout_level"": 61.782272, ""close"": 61.752369, ""ema_10"": 61.610669, ""momentum_126"": 0.056975, ""momentum_63"": 0.032156, ""realized_vol_20"": 0.026368, ""rsi_2"": 0.0, ""sma_100"": 60.462952, ""sma_200"": 59.401851, ""sma_50"": 61.107751, ""volume"": 997700.0, ""volume_sma_20"": 924820.0}",3020.953766802176,3026.5175609854523,3031.2971054908476,-4.779544505395279,12.787662350171647,17.10380487190768,12.787662350171647,17.10380487190768,26.517560985452363,86.51756098545236,active,61.81316986722635,61.592789144587854,61.592789144587854,61.8858525282788,61.592789144587854,,19.58493678603677,1210.607024394181,30.0,4.316142521736033,4.316142521736033,0.1438714173912011,0.22038072263849529,0.003565271334763601,1.4234853221531096,0.32980498558248655,1.2113187670552577,0.0,mean_reversion_exit,mean reversion exit,False,False,False,False,False,1,bear_normal_volatility,True,valid_win,,True,mean reversion setup
7,D_mean_reversion,v1_fixed_rules,XLP,equity_index,2008-01-14,2008-01-15,2008-01-14,2008-01-18,sideways_normal_volatility,bear_normal_volatility,100.88909149169922,105.52864715576172,False,0.15604715092826973,normal_volatility,mean_reversion_trend_filter,oversold_in_uptrend,Oversold ETF signal appeared while trend filter allowed long exposure.,"{""atr_20"": 0.260029, ""bollinger_lower"": 17.102816, ""breakout_level"": 17.961693, ""close"": 17.233196, ""ema_10"": 17.417724, ""momentum_126"": 0.031245, ""momentum_63"": 0.002283, ""realized_vol_20"": 0.156047, ""rsi_2"": 0.0, ""sma_100"": 17.132566, ""sma_200"": 16.790723, ""sma_50"": 17.482217, ""volume"": 7331400.0, ""volume_sma_20"": 3622340.0}",3026.6480281446484,3026.6480281446484,3031.2971054908476,-4.649077346199192,0.0,27.534267980217095,0.0,27.534267980217095,26.64802814464838,86.64802814464838,active,17.149925344115484,16.759881113770124,16.759881113770124,16.75150117321324,16.759881113770124,,70.59268113218133,1210.6592112578594,30.0,27.534267980217095,27.534267980217095,0.9178089326739032,0.3900442303453602,0.02274320281395236,-28.12583045185594,-1.0214845904769967,1.1965962960319314,0.0,stop_loss,stop loss,True,False,False,False,False,3,bear_normal_volatility,True,valid_loss,,True,mean reversion setup
8,C_swing_trend_pullback,v1_fixed_rules,GLD,commodity_alternative,2008-01-18,2008-01-22,2008-01-18,2008-01-25,bear_normal_volatility,bear_normal_volatility,94.30504608154295,105.4467826461792,False,0.20644439474190643,normal_volatility,swing_trend_pullback,pullback_reclaim,Uptrend pullback reclaimed the short trigger.,"{""atr_20"": 1.427499, ""bollinger_lower"": 78.61997, ""breakout_level"": 89.540001, ""close"": 87.419998, ""ema_10"": 86.794134, ""momentum_126"": 0.293578, ""momentum_63"": 0.150263, ""pullback_days"": 3.0, ""realized_vol_20"": 0.206444, ""rsi_2"": 82.143052, ""sma_100"": 77.2762, ""sma_200"": 71.6563, ""sma_50"": 81.545599, ""volume"": 9094500.0, ""volume_sma_20"": 9699455.0}",2998.5221976927924,2998.5221976927924,3031.2971054908476,-32.77490779805521,0.0,29.799741207056925,0.0,29.799741207056925,0.0,150.0,active,86.18306938934326,84.0418203048706,84.0418203048706,90.42033477450944,84.0418203048706,90.46556755828858,13.91698958479456,1199.408879077117,45.0,29.799741207056925,29.799741207056925,0.6622164712679317,2.141249084472662,0.024845356514274164,58.96997823336827,1.978875515180766,1.228893868193801,0.0,target_hit,target hit,False,True,False,False,False,3,bear_normal_volatility,True,valid_win,,True,pullback_days=3
10,C_swing_trend_pullback,v1_fixed_rules,TLT,bond,2008-01-31,2008-02-01,2008-01-31,2008-02-05,bear_high_volatility,bear_high_volatility,98.09691619873048,105.20211448669434,False,0.14711179633688848,high_volatility,swing_trend_pullback,pullback_reclaim,Uptrend pullback reclaimed the short trigger.,"{""atr_20"": 0.651969, ""bollinger_lower"": 53.652772, ""breakout_level"": 55.437431, ""close"": 54.564312, ""ema_10"": 54.619225, ""momentum_126"": 0.112644, ""momentum_63"": 0.059189, ""pullback_days"": 3.0, ""realized_vol_20"": 0.147112, ""rsi_2"": 51.936512, ""sma_100"": 52.286298, ""sma_200"": 50.325515, ""sma_50"": 53.684693, ""volume"": 11441000.0, ""volume_sma_20"": 3378490.0}",3057.4921759261606,3055.5234008872867,3057.4921759261606,-1.9687750388739005,18.370699915743785,41.28074959087069,18.370699915743785,41.28074959087069,57.0012031944943,207.0012031944943,active,54.787120446848725,53.76014774339146,53.76014774339146,54.9685781540943,53.76014774339146,56.84106585376326,22.30833360809008,1222.2093603549147,45.0,22.910049675126906,22.910049675126906,0.5091122150028201,1.0269727034572682,0.018744783355671656,4.048019068993491,0.17669185036243565,1.2242333698894114,0.0,ema10_loss_exit,ema10 loss exit,False,False,False,False,False,2,bear_high_volatility,True,valid_win,,True,pullback_days=3
9,C_swing_trend_pullback,v1_fixed_rules,IEF,bond,2008-01-31,2008-02-01,2008-01-31,2008-02-07,bear_high_volatility,bear_high_volatility,98.09691619873048,105.20211448669434,False,0.08307058701557159,high_volatility,swing_trend_pullback,pullback_reclaim,Uptrend pullback reclaimed the short trigger.,"{""atr_20"": 0.444284, ""bollinger_lower"": 56.046214, ""breakout_level"": 58.048824, ""close"": 57.613201, ""ema_10"": 57.403286, ""momentum_126"": 0.11621, ""momentum_63"": 0.068725, ""pullback_days"": 3.0, ""realized_vol_20"": 0.083071, ""rsi_2"": 92.007098, ""sma_100"": 54.776618, ""sma_200"": 53.016578, ""sma_50"": 56.070267, ""volume"": 384900.0, ""volume_sma_20"": 469590.0}",3057.4921759261606,3057.4921759261606,3057.4921759261606,0.0,0.0,18.370699915743785,0.0,18.370699915743785,58.96997823336827,208.96997823336827,active,57.89343616454694,57.023815833835876,57.023815833835876,56.99530392591896,57.023815833835876,59.63267682596907,21.124965996048598,1222.9968703704642,45.0,18.370699915743785,18.370699915743785,0.40823777590541743,0.869620330711065,0.015021052269887675,-18.973013000971083,-1.0327866160783081,1.2135103638699787,0.0,stop_loss,stop loss,True,False,False,False,False,4,bear_high_volatility,True,valid_loss,,True,pullback_days=3
12,C_swing_trend_pullback,v1_fixed_rules,SHY,bond,2008-02-21,2008-02-22,2008-02-21,2008-02-26,bear_normal_volatility,bear_normal_volatility,96.25456237792967,104.61737689971923,False,0.023236261381970248,normal_volatility,swing_trend_pullback,pullback_reclaim,Uptrend pullback reclaimed the short trigger.,"{""atr_20"": 0.165146, ""bollinger_lower"": 62.261598, ""breakout_level"": 62.785408, ""close"": 62.725502, ""ema_10"": 62.653077, ""momentum_126"": 0.052998, ""momentum_63"": 0.02712, ""pullback_days"": 4.0, ""realized_vol_20"": 0.023236, ""rsi_2"": 69.693558, ""sma_100"": 61.241982, ""sma_200"": 60.017675, ""sma_50"": 61.980679, ""volume"": 588900.0, ""volume_sma_20"": 1325085.0}",3100.8180180751874,3102.734368148725,3100.8180180751874,1.9163500735376147,35.818783805089055,40.72242218916548,0.0,4.903638384076426,104.21217045593264,254.21217045593264,active,62.69687136265346,62.44915213463037,62.44915213463037,62.52938323994985,62.44915213463037,63.19230981869965,19.795146397030113,1241.09374725949,45.0,4.903638384076426,4.903638384076426,0.10896974186836501,0.24771922802309376,0.003951062032907949,-3.3154519086816947,-0.6761208003118571,1.2394360213051492,0.0,ema10_loss_exit,ema10 loss exit,False,False,False,False,False,2,bear_normal_volatility,True,valid_loss,,True,pullback_days=4
11,C_swing_trend_pullback,v1_fixed_rules,GLD,commodity_alternative,2008-02-06,2008-02-07,2008-02-06,2008-02-27,bear_high_volatility,bear_high_volatility,95.01203155517578,105.06575366973877,False,0.2079212529281937,high_volatility,swing_trend_pullback,pullback_reclaim,Uptrend pullback reclaimed the short trigger.,"{""atr_20"": 1.7445, ""bollinger_lower"": 85.622799, ""breakout_level"": 92.059998, ""close"": 88.949997, ""ema_10"": 89.318586, ""momentum_126"": 0.337996, ""momentum_63"": 0.11536, ""pullback_days"": 4.0, ""realized_vol_20"": 0.207921, ""rsi_2"": 47.211862, ""sma_100"": 79.8759, ""sma_200"": 72.98705, ""sma_50"": 83.955799, ""volume"": 8787200.0, ""volume_sma_20"": 12924250.0}",3059.163416329121,3045.4518996083048,3061.335997365702,-15.884097757397285,18.370699915743785,54.18948372083284,0.0,35.818783805089055,46.929701915512375,196.92970191551237,active,88.9944719467163,86.37772256469727,86.37772256469727,94.18085672539901,86.37772256469727,94.22797071075438,13.688274487124142,1218.180759843322,45.0,35.818783805089055,35.818783805089055,0.7959729734464235,2.6167493820190373,0.029403504788317242,70.9926584464515,1.9819952244264927,1.2536770890665478,0.0,target_hit,target hit,False,True,False,False,False,13,bear_high_volatility,True,valid_win,,True,pullback_days=4
14,C_swing_trend_pullback,v1_fixed_rules,XLB,equity_index,2008-03-03,2008-03-04,2008-03-03,2008-03-05,bear_normal_volatility,bear_normal_volatility,95.33341217041016,104.30916053771972,False,0.25623117381052346,normal_volatility,swing_trend_pullback,pullback_reclaim,Uptrend pullback reclaimed the short trigger.,"{""atr_20"": 0.409743, ""bollinger_lower"": 13.003178, ""breakout_level"": 14.316569, ""close"": 14.006436, ""ema_10"": 13.982626, ""momentum_126"": 0.086016, ""momentum_63"": 0.016606, ""pullback_days"": 3.0, ""realized_vol_20"": 0.256231, ""rsi_2"": 33.332871, ""sma_100"": 13.779728, ""sma_200"": 13.601144, ""sma_50"": 13.61084, ""volume"": 25723400.0, ""volume_sma_20"": 26069910.0}",3110.3557319129395,3110.3557319129395,3110.3557319129395,0.0,2.6191148093489343,47.619114809348936,0.0,45.0,111.72219083916049,261.7221908391605,active,13.817827594221697,13.203212658012081,13.203212658012081,13.615330550800211,13.203212658012081,15.04705746664093,73.21657406752743,1011.6939975046573,45.0,45.0,45.0,1.0,0.614614936209616,0.04447985271336242,-14.826139778124556,-0.32946977284721235,1.004280927615595,0.0,ema10_loss_exit,ema10 loss exit,False,False,False,False,False,1,bear_normal_volatility,True,valid_loss,,True,pullback_days=3
13,E_breakout_vcb,v1_fixed_rules,BIL,bond,2008-02-27,2008-02-28,2008-02-27,2008-03-18,bear_normal_volatility,bear_normal_volatility,98.70396423339844,104.45937446594239,False,0.00643356578731263,normal_volatility,volatility_contraction_breakout,volume_confirmed_breakout,Breakout and volume/volatility filters were satisfied.,"{""atr_20"": 0.102744, ""bollinger_lower"": 73.025973, ""breakout_level"": 73.153778, ""close"": 73.16967, ""ema_10"": 73.121009, ""momentum_126"": 0.019392, ""momentum_63"": 0.008382, ""realized_vol_20"": 0.006434, ""rsi_2"": 100.0, ""sma_100"": 72.686319, ""sma_50"": 72.938033, ""volume"": 84550.0, ""volume_sma_20"": 37080.0}",3110.2443885319526,3110.2443885319526,3110.2443885319526,0.0,0.0,2.6191148093489343,0.0,2.6191148093489343,0.0,80.0,active,73.20625494003295,73.05213876578843,73.14707268009087,73.47773004487773,73.14707268009087,73.51448728852199,16.99441880249012,1244.0977554127812,30.0,2.6191148093489343,2.6191148093489343,0.0873038269782978,0.15411617424452118,0.002105232324352144,4.613561626182145,1.761496521540037,1.2464045362258722,0.0,target_hit,target hit,False,True,False,False,False,13,bear_normal_volatility,True,valid_win,,True,volume-confirmed breakout
16,C_swing_trend_pullback,v1_fixed_rules,GLD,commodity_alternative,2008-03-11,2008-03-12,2008-03-11,2008-03-19,bear_normal_volatility,bear_normal_volatility,94.6906967163086,103.9120751953125,False,0.21199556835630273,normal_volatility,swing_trend_pullback,pullback_reclaim,Uptrend pullback reclaimed the short trigger.,"{""atr_20"": 1.775, ""bollinger_lower"": 88.445351, ""breakout_level"": 97.720001, ""close"": 95.989998, ""ema_10"": 95.638005, ""momentum_126"": 0.37877, ""momentum_63"": 0.221247, ""pullback_days"": 3.0, ""realized_vol_20"": 0.211996, ""rsi_2"": 35.293854, ""sma_100"": 84.6272, ""sma_200"": 76.07155, ""sma_50"": 90.4248, ""volume"": 14343300.0, ""volume_sma_20"": 11258525.0}",3087.4091881513787,3101.8605772855917,3110.3557319129395,-8.495154627347802,21.522891776296127,38.41353461656942,0.0,16.89064284027329,102.6846804542841,252.6846804542841,active,96.6282918319702,93.96579125976561,93.96579125976561,95.60217652511596,93.96579125976561,101.95329297637939,6.343902050803155,613.0004187184416,45.0,16.89064284027329,16.89064284027329,0.3753476186727398,2.6625005722045927,0.02755404780242306,-6.509574999513103,-0.3853953375884525,0.6097456312186851,0.0,ema10_loss_exit,ema10 loss exit,False,False,False,False,False,5,bear_normal_volatility,True,valid_loss,,True,pullback_days=3
17,C_swing_trend_pullback,v1_fixed_rules,BIL,bond,2008-03-26,2008-03-27,2008-03-26,2008-03-31,bear_high_volatility,bear_high_volatility,95.5900421142578,103.26820625305176,False,0.008099866661271542,high_volatility,swing_trend_pullback,pullback_reclaim,Uptrend pullback reclaimed the short trigger.,"{""atr_20"": 0.119712, ""bollinger_lower"": 73.119508, ""breakout_level"": 73.404327, ""close"": 73.324516, ""ema_10"": 73.311354, ""momentum_126"": 0.016732, ""momentum_63"": 0.007239, ""pullback_days"": 3.0, ""realized_vol_20"": 0.0081, ""rsi_2"": 50.0, ""sma_100"": 72.881308, ""sma_200"": 72.32439, ""sma_50"": 73.122805, ""volume"": 9800.0, ""volume_sma_20"": 56232.5}",3099.855940280603,3098.2199069579165,3131.6123606970536,-33.39245373913718,19.02637505199966,22.059809670985462,19.02637505199966,22.059809670985462,95.08414763894207,245.08414763894206,active,73.36113936364212,73.1815715581628,73.1815715581628,73.30382250554777,73.1815715581628,73.72027497460077,16.892975947935717,1239.2879627831667,45.0,3.0334346189858,3.0334346189858,0.06740965819968445,0.17956780547932283,0.0024477237817862583,-0.9682523051991507,-0.319193398512369,1.2388038366305671,0.0,ema10_loss_exit,ema10 loss exit,False,False,False,False,False,2,bear_high_volatility,True,valid_loss,,True,pullback_days=3
15,C_swing_trend_pullback,v1_fixed_rules,IEF,bond,2008-03-06,2008-03-07,2008-03-06,2008-04-03,bear_normal_volatility,bear_normal_volatility,93.59095001220705,104.1231819152832,False,0.10524999309403053,normal_volatility,swing_trend_pullback,pullback_reclaim,Uptrend pullback reclaimed the short trigger.,"{""atr_20"": 0.45014, ""bollinger_lower"": 56.451819, ""breakout_level"": 58.327194, ""close"": 58.172497, ""ema_10"": 57.730026, ""momentum_126"": 0.094298, ""momentum_63"": 0.039061, ""pullback_days"": 3.0, ""realized_vol_20"": 0.10525, ""rsi_2"": 64.864476, ""sma_100"": 55.843, ""sma_200"": 53.741283, ""sma_50"": 57.068458, ""volume"": 292600.0, ""volume_sma_20"": 341795.0}",3095.800186556513,3095.800186556513,3110.3557319129395,-14.555545356426592,2.5978669731629713,21.624242025162633,2.5978669731629713,21.624242025162633,96.89605106103593,246.89605106103593,active,58.54987403289946,57.65027474074005,57.65027474074005,58.57402885288832,57.65027474074005,60.349072617218276,21.149833284471068,1238.3200746226053,45.0,19.02637505199966,19.02637505199966,0.4228083344888814,0.899599292159408,0.015364666568777224,0.510870415780764,0.02685064361364367,1.2385755098304956,0.0,ema10_loss_exit,ema10 loss exit,False,False,False,False,False,18,bear_normal_volatility,True,valid_win,,True,pullback_days=3
18,D_mean_reversion,v1_fixed_rules,GLD,commodity_alternative,2008-04-01,2008-04-02,2008-04-01,2008-04-04,sideways_high_volatility,sideways_high_volatility,98.0372085571289,103.04834690093995,False,0.31146297314143145,high_volatility,mean_reversion_trend_filter,oversold_in_uptrend,Oversold ETF signal appeared while trend filter allowed long exposure.,"{""atr_20"": 2.32, ""bollinger_lower"": 87.902492, ""breakout_level"": 99.169998, ""close"": 86.860001, ""ema_10"": 91.829939, ""momentum_126"": 0.181608, ""momentum_63"": 0.046506, ""realized_vol_20"": 0.311463, ""rsi_2"": 0.0, ""sma_100"": 86.9777, ""sma_200"": 78.06395, ""sma_50"": 92.5296, ""volume"": 23673200.0, ""volume_sma_20"": 16929695.0}",3093.4114379600815,3089.3068322153476,3131.6123606970536,-42.305528481706006,19.02637505199966,49.026375051999665,0.0,30.0,-1.4778023072075612,58.52219769279244,active,87.32363877868652,83.8436386642456,83.8436386642456,89.43526335525513,83.8436386642456,,8.620689371678289,752.7899647156969,30.0,30.0,30.0,1.0,3.4800001144409123,0.03985175335238426,18.203659544199734,0.6067886514733245,0.7618917944877968,0.0,mean_reversion_exit,mean reversion exit,False,False,False,False,False,2,sideways_high_volatility,True,valid_win,,True,mean reversion setup
19,D_mean_reversion,v1_fixed_rules,SHY,bond,2008-04-01,2008-04-02,2008-04-01,2008-04-07,sideways_high_volatility,sideways_high_volatility,98.0372085571289,103.04834690093995,False,0.03853941414543426,high_volatility,mean_reversion_trend_filter,oversold_in_uptrend,Oversold ETF signal appeared while trend filter allowed long exposure.,"{""atr_20"": 0.205156, ""bollinger_lower"": 62.917283, ""breakout_level"": 63.455379, ""close"": 63.023914, ""ema_10"": 63.152389, ""momentum_126"": 0.052459, ""momentum_63"": 0.027556, ""realized_vol_20"": 0.038539, ""rsi_2"": 6.175196, ""sma_100"": 62.055113, ""sma_200"": 60.685248, ""sma_50"": 62.834263, ""volume"": 2527500.0, ""volume_sma_20"": 931655.0}",3093.4114379600815,3106.08577877029,3131.6123606970536,-25.52658192676381,49.026375051999665,54.40440454666059,19.02637505199966,24.404404546660587,15.30114424773462,75.30114424773461,active,63.025340562667246,62.71760620869997,62.71760620869997,62.90967301562507,62.71760620869997,,17.476207726982608,1101.4439437369956,30.0,5.3780294946609235,5.3780294946609235,0.17926764982203078,0.3077343539672768,0.004882708307800271,-2.0214300793796505,-0.37586816535432527,1.1004332286973058,0.0,mean_reversion_exit,mean reversion exit,False,False,False,False,False,3,sideways_high_volatility,True,valid_loss,,True,mean reversion setup
20,D_mean_reversion,v1_fixed_rules,BIL,bond,2008-04-03,2008-04-04,2008-04-03,2008-04-07,sideways_high_volatility,sideways_high_volatility,98.34577178955078,102.94904075622559,False,0.0097997468009674,high_volatility,mean_reversion_trend_filter,oversold_in_uptrend,Oversold ETF signal appeared while trend filter allowed long exposure.,"{""atr_20"": 0.118154, ""bollinger_lower"": 73.189155, ""breakout_level"": 73.404327, ""close"": 73.308434, ""ema_10"": 73.313636, ""momentum_126"": 0.017171, ""momentum_63"": 0.006381, ""realized_vol_20"": 0.0098, ""rsi_2"": 0.0, ""sma_100"": 72.936103, ""sma_200"": 72.390152, ""sma_50"": 73.176689, ""volume"": 23600.0, ""volume_sma_20"": 46162.5}",3109.402930689895,3111.5055871384075,3131.6123606970536,-20.106773558646182,5.3780294946609235,8.384177546140343,5.3780294946609235,8.384177546140343,16.962931340121006,76.962931340121,active,73.37710906219482,73.19987777716813,73.19987777716813,73.30374156624832,73.19987777716813,,16.961723496089657,1244.6022348553631,30.0,3.006148051479419,3.006148051479419,0.10020493504931396,0.17723128502669283,0.0024153484280291103,-1.2444391798449976,-0.41396470118381906,1.2439800152654406,0.0,mean_reversion_exit,mean reversion exit,False,False,False,False,False,1,sideways_high_volatility,True,valid_loss,,True,mean reversion setup
21,D_mean_reversion,v1_fixed_rules,TLT,bond,2008-04-08,2008-04-09,2008-04-08,2008-04-10,sideways_high_volatility,bear_high_volatility,98.18791961669922,102.80931129455567,False,0.1615504076482987,high_volatility,mean_reversion_trend_filter,oversold_in_uptrend,Oversold ETF signal appeared while trend filter allowed long exposure.,"{""atr_20"": 0.741766, ""bollinger_lower"": 53.940711, ""breakout_level"": 56.223961, ""close"": 54.830391, ""ema_10"": 54.985305, ""momentum_126"": 0.094736, ""momentum_63"": 0.008167, ""realized_vol_20"": 0.16155, ""rsi_2"": 0.0, ""sma_100"": 53.861101, ""sma_200"": 51.702899, ""sma_50"": 54.213725, ""volume"": 1305200.0, ""volume_sma_20"": 3409275.0}",3108.002643776054,3108.002643776054,3131.6123606970536,-23.609716920999745,0.0,25.164470331271787,0.0,25.164470331271787,13.459987977767526,73.45998797776753,active,54.968233132972806,53.85558408599793,53.85558408599793,55.348820375304946,53.85558408599793,,22.61671854183512,1243.2010575104216,30.0,25.164470331271787,25.164470331271787,0.8388156777090595,1.112649046974873,0.020241673846115464,8.607634540439214,0.34205506522195867,1.2475048747806412,0.0,mean_reversion_exit,mean reversion exit,False,False,False,False,False,1,bear_high_volatility,True,valid_win,,True,mean reversion setup
23,D_mean_reversion,v1_fixed_rules,BIL,bond,2008-04-10,2008-04-11,2008-04-10,2008-04-14,sideways_high_volatility,bear_high_volatility,97.61380004882812,102.72294857025146,False,0.010179579241613265,high_volatility,mean_reversion_trend_filter,oversold_in_uptrend,Oversold ETF signal appeared while trend filter allowed long exposure.,"{""atr_20"": 0.114984, ""bollinger_lower"": 73.247159, ""breakout_level"": 73.404327, ""close"": 73.356461, ""ema_10"": 73.334671, ""momentum_126"": 0.016727, ""momentum_63"": 0.008361, ""realized_vol_20"": 0.01018, ""rsi_2"": 0.0, ""sma_100"": 72.979477, ""sma_200"": 72.442856, ""sma_50"": 73.212071, ""volume"": 18750.0, ""volume_sma_20"": 46070.0}",3108.016274524588,3100.04663661395,3131.6123606970536,-31.56572408310376,26.294516043852745,29.20858778142507,0.0,2.9140717375723257,5.50398081566377,65.50398081566377,active,73.39313880157471,73.22066327412023,73.22066327412023,73.36771923472858,73.22066327412023,,16.89556646429972,1240.01865464558,30.0,2.9140717375723257,2.9140717375723257,0.0971357245857442,0.17247552745448047,0.0023500224989802436,-0.42947798114241464,-0.14738071668071118,1.239803915655009,0.0,mean_reversion_exit,mean reversion exit,False,False,False,False,False,1,bear_high_volatility,True,valid_loss,,True,mean reversion setup
22,D_mean_reversion,v1_fixed_rules,XLP,equity_index,2008-04-08,2008-04-09,2008-04-08,2008-04-16,sideways_high_volatility,bear_high_volatility,98.18791961669922,102.80931129455567,False,0.1475382316517124,high_volatility,mean_reversion_trend_filter,oversold_in_uptrend,Oversold ETF signal appeared while trend filter allowed long exposure.,"{""atr_20"": 0.243652, ""bollinger_lower"": 16.459232, ""breakout_level"": 17.460735, ""close"": 17.343798, ""ema_10"": 17.265744, ""momentum_126"": 0.017001, ""momentum_63"": -0.004194, ""realized_vol_20"": 0.147538, ""rsi_2"": 0.0, ""sma_100"": 17.1312, ""sma_200"": 16.887574, ""sma_50"": 16.839029, ""volume"": 1648600.0, ""volume_sma_20"": 3782425.0}",3108.002643776054,3117.76247888574,3131.6123606970536,-13.84988181131348,25.164470331271787,51.45898637512453,0.0,26.294516043852745,23.219823087453783,83.21982308745379,active,17.333995686215818,16.96851801532043,16.96851801532043,17.255161479018646,16.96851801532043,,71.94561566356035,1247.1049915542962,30.0,26.294516043852745,26.294516043852745,0.8764838681284248,0.3654776708953875,0.02108444455112097,-5.671775572149215,-0.21570184302651157,1.2442691037682216,0.0,mean_reversion_exit,mean reversion exit,False,False,False,False,False,5,bear_high_volatility,True,valid_loss,,True,mean reversion setup
24,D_mean_reversion,v1_fixed_rules,BIL,bond,2008-04-16,2008-04-17,2008-04-16,2008-04-18,sideways_high_volatility,sideways_normal_volatility,98.20945739746094,102.52848377227784,False,0.00856509086859796,high_volatility,mean_reversion_trend_filter,oversold_in_uptrend,Oversold ETF signal appeared while trend filter allowed long exposure.,"{""atr_20"": 0.063915, ""bollinger_lower"": 73.269726, ""breakout_level"": 73.404327, ""close"": 73.340439, ""ema_10"": 73.352431, ""momentum_126"": 0.016061, ""momentum_63"": 0.006601, ""realized_vol_20"": 0.008565, ""rsi_2"": 0.0, ""sma_100"": 73.012862, ""sma_200"": 72.484663, ""sma_50"": 73.236254, ""volume"": 19550.0, ""volume_sma_20"": 37495.0}",3110.5090247632015,3110.5090247632015,3131.6123606970536,-21.103335933852122,0.0,1.6256444730051793,0.0,1.6256444730051793,15.966368964915109,75.9663689649151,active,73.37710906219482,73.28123641655836,73.28123641655836,73.24459579835008,73.28123641655836,,16.956290944232858,1244.2036099052807,30.0,1.6256444730051793,1.6256444730051793,0.054188149100172646,0.09587264563646158,0.001306574309914546,-2.246933455721352,-1.382180109509217,1.24308014317742,0.0,stop_loss,stop loss,True,False,False,False,False,1,sideways_normal_volatility,True,valid_loss,,True,mean reversion setup
25,D_mean_reversion,v1_fixed_rules,IEF,bond,2008-04-16,2008-04-17,2008-04-16,2008-04-18,sideways_high_volatility,sideways_normal_volatility,98.20945739746094,102.52848377227784,False,0.09912910133501703,high_volatility,mean_reversion_trend_filter,oversold_in_uptrend,Oversold ETF signal appeared while trend filter allowed long exposure.,"{""atr_20"": 0.432452, ""bollinger_lower"": 57.994839, ""breakout_level"": 59.648716, ""close"": 58.021149, ""ema_10"": 58.525118, ""momentum_126"": 0.101021, ""momentum_63"": 0.015436, ""realized_vol_20"": 0.099129, ""rsi_2"": 0.0, ""sma_100"": 57.176935, ""sma_200"": 54.908794, ""sma_50"": 58.181784, ""volume"": 1116400.0, ""volume_sma_20"": 567490.0}",3110.5090247632015,3109.887233853704,3131.6123606970536,-21.7251268433497,1.6256444730051793,15.530775123186082,1.6256444730051793,15.530775123186082,15.344578055417307,75.3445780554173,active,58.03076171364309,57.38208439620399,57.38208439620399,57.353393354005895,57.38208439620399,,21.43612899103178,1243.9548935414816,30.0,13.905130650180903,13.905130650180903,0.4635043550060301,0.6486773174390947,0.01117816306875376,-14.520155531626461,-1.0442300685206116,1.2366948157756683,0.0,stop_loss,stop loss,True,False,False,False,False,1,sideways_normal_volatility,True,valid_loss,,True,mean reversion setup
26,D_mean_reversion,v1_fixed_rules,BIL,bond,2008-04-18,2008-04-21,2008-04-18,2008-04-21,sideways_normal_volatility,sideways_normal_volatility,99.3791732788086,102.44206993103028,False,0.008771661500714746,normal_volatility,mean_reversion_trend_filter,oversold_in_uptrend,Oversold ETF signal appeared while trend filter allowed long exposure.,"{""atr_20"": 0.066323, ""bollinger_lower"": 73.269755, ""breakout_level"": 73.388435, ""close"": 73.292465, ""ema_10"": 73.339744, ""momentum_126"": 0.01429, ""momentum_63"": 0.006381, ""realized_vol_20"": 0.008772, ""rsi_2"": 0.0, ""sma_100"": 73.027171, ""sma_200"": 72.504494, ""sma_50"": 73.246586, ""volume"": 31800.0, ""volume_sma_20"": 36745.0}",3093.7419357758536,3093.7419357758536,3131.6123606970536,-37.87042492120008,0.0,1.6774291264198524,0.0,1.6774291264198524,-0.8007200224327047,59.19927997756729,active,73.39317282260394,73.29368824346909,73.29368824346909,73.25704139934736,73.29368824346909,,16.861197393679266,1237.4967743103416,30.0,1.6774291264198524,1.6774291264198524,0.055914304213995084,0.09948457913485242,0.0013555018172509464,-2.295338799011797,-1.3683670820183937,1.2363491049108357,0.0,stop_loss,stop loss,True,False,False,False,False,0,sideways_normal_volatility,True,valid_loss,,True,mean reversion setup
28,D_mean_reversion,v1_fixed_rules,SHY,bond,2008-04-21,2008-04-22,2008-04-21,2008-04-24,sideways_normal_volatility,sideways_normal_volatility,99.42941284179688,102.40127304077149,False,0.024409148228108624,normal_volatility,mean_reversion_trend_filter,oversold_in_uptrend,Oversold ETF signal appeared while trend filter allowed long exposure.,"{""atr_20"": 0.141542, ""bollinger_lower"": 62.711629, ""breakout_level"": 63.252682, ""close"": 62.692787, ""ema_10"": 62.902559, ""momentum_126"": 0.043617, ""momentum_63"": 0.007788, ""realized_vol_20"": 0.024409, ""rsi_2"": 0.0, ""sma_100"": 62.348681, ""sma_200"": 61.011497, ""sma_50"": 62.975687, ""volume"": 753400.0, ""volume_sma_20"": 893840.0}",3085.383460007884,3085.5905717804817,3131.6123606970536,-46.02178891657195,30.000000000000004,34.17922056769295,0.0,4.179220567692945,-8.952084017804534,51.04791598219546,active,62.70164499492189,62.48933231255607,62.48933231255607,62.5712398889156,62.48933231255607,,19.684271900875196,1234.2362287121928,30.0,4.179220567692945,4.179220567692945,0.1393073522564315,0.21231268236581968,0.003386078345839484,-2.5669295638903282,-0.6142125121927581,1.2329527639302478,0.0,mean_reversion_exit,mean reversion exit,False,False,False,False,False,2,sideways_normal_volatility,True,valid_loss,,True,mean reversion setup
27,D_mean_reversion,v1_fixed_rules,GLD,commodity_alternative,2008-04-18,2008-04-21,2008-04-18,2008-04-24,sideways_normal_volatility,sideways_normal_volatility,99.3791732788086,102.44206993103028,False,0.26983951803394546,normal_volatility,mean_reversion_trend_filter,oversold_in_uptrend,Oversold ETF signal appeared while trend filter allowed long exposure.,"{""atr_20"": 1.931, ""bollinger_lower"": 87.986943, ""breakout_level"": 93.800003, ""close"": 90.620003, ""ema_10"": 91.597734, ""momentum_126"": 0.216376, ""momentum_63"": 0.04763, ""realized_vol_20"": 0.26984, ""rsi_2"": 0.0, ""sma_100"": 88.4401, ""sma_200"": 79.79245, ""sma_50"": 92.9244, ""volume"": 11390700.0, ""volume_sma_20"": 10037190.0}",3093.7419357758536,3092.5843045349407,3131.6123606970536,-39.02805616211299,1.6774291264198524,31.677429126419856,0.0,30.000000000000004,-1.9583512633456541,58.041648736654345,active,90.8353959159851,87.93889570999144,87.93889570999144,87.89492626213645,87.93889570999144,,10.357327072831445,940.8119052919955,30.0,30.000000000000004,30.000000000000004,1.0000000000000002,2.896500205993661,0.0318873515856382,-30.45540595264595,-1.0151801984215316,0.9255842023156724,0.0,stop_loss,stop loss,True,False,False,False,False,3,sideways_normal_volatility,True,valid_loss,,True,mean reversion setup
29,D_mean_reversion,v1_fixed_rules,XLB,equity_index,2008-04-23,2008-04-24,2008-04-23,2008-04-28,sideways_normal_volatility,sideways_normal_volatility,98.8337631225586,102.3084323501587,False,0.24362090194604324,normal_volatility,mean_reversion_trend_filter,oversold_in_uptrend,Oversold ETF signal appeared while trend filter allowed long exposure.,"{""atr_20"": 0.354551, ""bollinger_lower"": 13.539187, ""breakout_level"": 14.996993, ""close"": 14.645317, ""ema_10"": 14.673635, ""momentum_126"": 0.059127, ""momentum_63"": 0.153924, ""realized_vol_20"": 0.243621, ""rsi_2"": 0.0, ""sma_100"": 13.819949, ""sma_200"": 13.704103, ""sma_50"": 14.007554, ""volume"": 15473800.0, ""volume_sma_20"": 24650310.0}",3074.987247975911,3051.4338420565364,3131.6123606970536,-80.17851864051727,30.000000000000004,60.0,0.0,30.0,-43.108813741750055,16.891186258249945,active,14.696621236953161,14.164794483905979,14.164794483905979,14.854308148843737,14.164794483905979,,56.40934726978367,829.0268110477685,30.0,30.0,30.0,1.0,0.5318267530471825,0.03618700818865483,8.895015772735253,0.29650052575784175,0.8334743189341363,0.0,mean_reversion_exit,mean reversion exit,False,False,False,False,False,2,sideways_normal_volatility,True,valid_win,,True,mean reversion setup
30,D_mean_reversion,v1_fixed_rules,GLD,commodity_alternative,2008-04-24,2008-04-25,2008-04-24,2008-04-29,sideways_normal_volatility,sideways_normal_volatility,99.26439666748048,102.2712644958496,False,0.2556082458843707,normal_volatility,mean_reversion_trend_filter,oversold_in_uptrend,Oversold ETF signal appeared while trend filter allowed long exposure.,"{""atr_20"": 1.932, ""bollinger_lower"": 87.397533, ""breakout_level"": 93.459999, ""close"": 87.220001, ""ema_10"": 90.152255, ""momentum_126"": 0.159378, ""momentum_63"": -0.03175, ""realized_vol_20"": 0.255608, ""rsi_2"": 0.0, ""sma_100"": 88.8172, ""sma_200"": 80.2754, ""sma_50"": 92.8334, ""volume"": 22846600.0, ""volume_sma_20"": 10880845.0}",3043.5130829069335,3066.78443479688,3131.6123606970536,-64.8279259001738,30.0,60.0,0.0,30.0,-27.758221001406575,32.241778998593425,active,88.37416683197021,85.47616687774658,85.47616687774658,86.68663835525513,85.47616687774658,,10.35196703722409,914.8464619866982,30.0,30.0,30.0,1.0,2.8979999542236357,0.03279238784489741,-17.469239165331565,-0.5823079721777188,0.9061118424040324,0.0,mean_reversion_exit,mean reversion exit,False,False,False,False,False,2,sideways_normal_volatility,True,valid_loss,,True,mean reversion setup
31,C_swing_trend_pullback,v1_fixed_rules,XLB,equity_index,2008-04-25,2008-04-28,2008-04-25,2008-04-29,sideways_normal_volatility,sideways_normal_volatility,100.18292236328124,102.23490715026855,False,0.26339067009909994,normal_volatility,swing_trend_pullback,pullback_reclaim,Uptrend pullback reclaimed the short trigger.,"{""atr_20"": 0.37129, ""bollinger_lower"": 13.772974, ""breakout_level"": 14.996993, ""close"": 14.844827, ""ema_10"": 14.668857, ""momentum_126"": 0.054706, ""momentum_63"": 0.145605, ""pullback_days"": 3.0, ""realized_vol_20"": 0.263391, ""rsi_2"": 65.946, ""sma_100"": 13.835865, ""sma_200"": 13.713374, ""sma_50"": 14.045581, ""volume"": 17533800.0, ""volume_sma_20"": 24426170.0}",3055.3541013978625,3060.2368300138805,3131.6123606970536,-71.37553068317311,30.0,75.0,0.0,45.0,89.92909417210444,239.92909417210444,active,14.869169887862087,14.31223541086726,14.31223541086726,14.305079293161826,14.31223541086726,15.983038841851743,80.79945102845181,1201.420764188043,45.0,45.0,45.0,1.0,0.5569344769948277,0.037455653623909506,-45.578210382093985,-1.0128491196020886,1.178631658996996,0.0,stop_loss,stop loss,True,False,False,False,False,1,sideways_normal_volatility,True,valid_loss,,True,pullback_days=3
32,D_mean_reversion,v1_fixed_rules,IEF,bond,2008-04-25,2008-04-28,2008-04-25,2008-04-30,sideways_normal_volatility,sideways_normal_volatility,100.18292236328124,102.23490715026855,False,0.06940685343660084,normal_volatility,mean_reversion_trend_filter,oversold_in_uptrend,Oversold ETF signal appeared while trend filter allowed long exposure.,"{""atr_20"": 0.395816, ""bollinger_lower"": 57.289643, ""breakout_level"": 59.107212, ""close"": 57.290283, ""ema_10"": 57.840586, ""momentum_126"": 0.061237, ""momentum_63"": -0.008581, ""realized_vol_20"": 0.069407, ""rsi_2"": 0.0, ""sma_100"": 57.326081, ""sma_200"": 55.162699, ""sma_50"": 58.196876, ""volume"": 211400.0, ""volume_sma_20"": 579425.0}",3055.3541013978625,3051.4397148585704,3131.6123606970536,-80.17264583848328,75.0,84.85904769827306,0.0,9.859047698273061,-34.305825784406196,25.694174215593804,active,57.273589688729224,56.67986503195133,56.67986503195133,57.44909970100477,56.67986503195133,,16.605420687389813,951.0520510583001,30.0,9.859047698273061,9.859047698273061,0.3286349232757687,0.5937246567778942,0.010366464892538983,2.914417588684376,0.29560842769782664,0.9525092598526423,0.0,mean_reversion_exit,mean reversion exit,False,False,False,False,False,2,sideways_normal_volatility,True,valid_win,,True,mean reversion setup
33,E_breakout_vcb,v1_fixed_rules,XLV,equity_index,2008-04-28,2008-04-29,2008-04-28,2008-04-30,sideways_normal_volatility,sideways_low_volatility,100.20448303222656,102.1901734161377,False,0.12978401106854898,normal_volatility,volatility_contraction_breakout,volume_confirmed_breakout,Breakout and volume/volatility filters were satisfied.,"{""atr_20"": 0.276576, ""bollinger_lower"": 22.762927, ""breakout_level"": 23.38451, ""close"": 23.413774, ""ema_10"": 23.115055, ""momentum_126"": -0.092788, ""momentum_63"": -0.037915, ""realized_vol_20"": 0.129784, ""rsi_2"": 100.0, ""sma_100"": 24.381676, ""sma_200"": 24.900715, ""sma_50"": 23.313492, ""volume"": 3835300.0, ""volume_sma_20"": 2308825.0}",3053.434888018913,3005.4215676958274,3131.6123606970536,-126.19079300122621,54.85904769827306,70.85150860085251,45.0,60.99246090257945,4.613561626182145,84.61356162618215,active,23.279075576891156,22.86421135196561,22.86421135196561,23.255804203243056,22.86421135196561,24.108804026742245,38.54866228932998,897.3772228213667,30.0,15.99246090257945,15.99246090257945,0.5330820300859817,0.41486422492554453,0.017821335884032053,-0.8970803237694308,-0.056093951345833164,0.896928682659482,0.0,failed_breakout_exit,failed breakout exit,False,False,False,False,False,1,sideways_low_volatility,True,valid_loss,,True,volume-confirmed breakout
35,D_mean_reversion,v1_fixed_rules,XLE,equity_index,2008-04-29,2008-04-30,2008-04-29,2008-05-01,sideways_low_volatility,sideways_normal_volatility,99.80982971191406,102.14184047698974,False,0.22664676499204087,low_volatility,mean_reversion_trend_filter,oversold_in_uptrend,Oversold ETF signal appeared while trend filter allowed long exposure.,"{""atr_20"": 0.480743, ""bollinger_lower"": 21.391208, ""breakout_level"": 24.074205, ""close"": 23.097925, ""ema_10"": 23.364716, ""momentum_126"": 0.06034, ""momentum_63"": 0.145442, ""realized_vol_20"": 0.226647, ""rsi_2"": 6.964851, ""sma_100"": 21.485564, ""sma_200"": 20.98775, ""sma_50"": 21.934927, ""volume"": 46405400.0, ""volume_sma_20"": 40558810.0}",3003.306354871895,3007.3888239953185,3131.6123606970536,-124.22353670173516,30.0,60.0,30.0,60.0,-40.678541097105295,19.321458902894705,active,23.2376249713239,22.516510820870437,22.516510820870437,22.50525256546,22.516510820870437,,41.60228998576009,966.7384126373569,30.0,30.0,30.0,1.0,0.721114150453463,0.03103217955119531,-30.468369206318698,-1.01561230687729,0.9515042280341975,0.0,stop_loss,stop loss,True,False,False,False,False,1,sideways_normal_volatility,True,valid_loss,,True,mean reversion setup
34,D_mean_reversion,v1_fixed_rules,XLB,equity_index,2008-04-29,2008-04-30,2008-04-29,2008-05-01,sideways_low_volatility,sideways_normal_volatility,99.80982971191406,102.14184047698974,False,0.27544373422803187,low_volatility,mean_reversion_trend_filter,oversold_in_uptrend,Oversold ETF signal appeared while trend filter allowed long exposure.,"{""atr_20"": 0.36216, ""bollinger_lower"": 14.005988, ""breakout_level"": 14.996993, ""close"": 14.273346, ""ema_10"": 14.610548, ""momentum_126"": -0.012374, ""momentum_63"": 0.074664, ""realized_vol_20"": 0.275444, ""rsi_2"": 0.0, ""sma_100"": 13.850281, ""sma_200"": 13.716691, ""sma_50"": 14.085211, ""volume"": 21407200.0, ""volume_sma_20"": 23555020.0}",3003.306354871895,3006.289164950531,3131.6123606970536,-125.32319574652274,0.0,30.0,0.0,30.0,-41.778200141892725,18.221799858107275,active,14.28725060604069,13.744010428666895,13.744010428666895,14.198618041038515,13.744010428666895,,55.22419226249072,789.0018743703781,30.0,30.0,30.0,1.0,0.5432401773737947,0.038022723360372164,-4.894661810397835,-0.16315539367992785,0.7865545434651793,0.0,strategy_loss_budget,strategy loss budget,False,False,False,False,False,2,sideways_normal_volatility,True,risk_limit_exit,,True,mean reversion setup
36,E_breakout_vcb,v1_fixed_rules,XLI,equity_index,2008-05-01,2008-05-02,2008-05-01,2008-05-08,sideways_normal_volatility,sideways_normal_volatility,101.2737808227539,102.04997604370118,False,0.237599006607635,normal_volatility,volatility_contraction_breakout,volume_confirmed_breakout,Breakout and volume/volatility filters were satisfied.,"{""atr_20"": 0.464488, ""bollinger_lower"": 25.696155, ""breakout_level"": 27.179155, ""close"": 27.291862, ""ema_10"": 26.90362, ""momentum_126"": -0.027155, ""momentum_63"": 0.051949, ""realized_vol_20"": 0.237599, ""rsi_2"": 100.0, ""sma_100"": 26.253589, ""sma_200"": 26.964532, ""sma_50"": 26.208969, ""volume"": 10939000.0, ""volume_sma_20"": 5892770.0}",2970.9261339338145,2970.9261339338145,3131.6123606970536,-160.68622676323912,0.0,30.0,0.0,30.0,3.7164813024127143,83.71648130241272,active,27.530994156115074,26.83426237121967,26.83426237121967,27.05294420139355,26.83426237121967,28.924457725905885,43.058176260041954,1185.434398988188,30.0,30.0,30.0,1.0,0.6967317848954053,0.025307178554634577,-20.583959211504435,-0.6861319737168146,1.1751424193824356,0.0,failed_breakout_exit,failed breakout exit,False,False,False,False,False,4,sideways_normal_volatility,True,valid_loss,,True,volume-confirmed breakout
38,B_ETF_trend_following,v1_fixed_rules,XLB,equity_index,2008-05-15,2008-05-16,2008-05-15,2008-05-23,sideways_low_volatility,sideways_low_volatility,102.28562927246094,101.77164169311523,True,0.2406061434274571,low_volatility,trend_following_breakout,trend_breakout,Trend filter and 20-day breakout conditions were met.,"{""atr_20"": 0.318877, ""bollinger_lower"": 14.137698, ""breakout_level"": 15.162689, ""close"": 15.335146, ""ema_10"": 14.931888, ""momentum_126"": 0.122019, ""momentum_63"": 0.13729, ""realized_vol_20"": 0.240606, ""rsi_2"": 100.0, ""sma_100"": 13.93851, ""sma_200"": 13.773237, ""sma_50"": 14.262493, ""volume"": 17909400.0, ""volume_sma_20"": 20307520.0}",2960.9171340543503,3000.4374151390484,3131.6123606970536,-131.17494555800522,45.0,90.0,45.0,90.0,50.09524041673849,150.09524041673848,active,15.447699273369452,14.8099456397171,14.8099456397171,14.802540666897242,14.8099456397171,,70.56016246005444,1089.9921703630134,45.0,45.0,45.0,1.0,0.6377536336523519,0.041284700224051236,-45.522496085181444,-1.0116110241151433,1.0672309223204226,0.0,stop_loss,stop loss,True,False,False,False,False,5,sideways_low_volatility,True,valid_loss,,True,trend breakout
37,B_ETF_trend_following,v1_fixed_rules,XLE,equity_index,2008-05-06,2008-05-07,2008-05-06,2008-05-27,sideways_normal_volatility,sideways_normal_volatility,101.941162109375,101.935969581604,True,0.26311919106131504,normal_volatility,trend_following_breakout,trend_breakout,Trend filter and 20-day breakout conditions were met.,"{""atr_20"": 0.507214, ""bollinger_lower"": 22.063793, ""breakout_level"": 24.074205, ""close"": 24.14822, ""ema_10"": 23.441492, ""momentum_126"": 0.124632, ""momentum_63"": 0.243014, ""realized_vol_20"": 0.263119, ""rsi_2"": 100.0, ""sma_100"": 21.580321, ""sma_200"": 21.053987, ""sma_50"": 22.13049, ""volume"": 42192400.0, ""volume_sma_20"": 43836200.0}",2966.6946359347535,2948.49867021744,3131.6123606970536,-183.11369047961352,30.0,75.0,30.0,75.0,0.0,100.0,active,24.18876675588622,23.174338631419683,24.379480533244035,24.367290792977414,24.379480533244035,,44.3599688481275,1073.012939765735,45.0,45.0,45.0,1.0,1.0144281244665372,0.04193798446626804,7.919320724007306,0.17598490497794012,1.0769726001277387,0.0,stop_loss,stop loss,True,False,False,False,False,13,sideways_normal_volatility,True,valid_win,,True,trend breakout
40,C_swing_trend_pullback,v1_fixed_rules,XLE,equity_index,2008-05-28,2008-05-29,2008-05-28,2008-05-30,sideways_normal_volatility,sideways_normal_volatility,99.96763610839844,101.65633090972901,False,0.2708098561464775,normal_volatility,swing_trend_pullback,pullback_reclaim,Uptrend pullback reclaimed the short trigger.,"{""atr_20"": 0.584777, ""bollinger_lower"": 22.757189, ""breakout_level"": 25.727924, ""close"": 24.908184, ""ema_10"": 24.753999, ""momentum_126"": 0.230772, ""momentum_63"": 0.134902, ""pullback_days"": 4.0, ""realized_vol_20"": 0.27081, ""rsi_2"": 76.371692, ""sma_100"": 21.944362, ""sma_200"": 21.434229, ""sma_50"": 23.067075, ""volume"": 52428400.0, ""volume_sma_20"": 52722140.0}",2913.032732488322,2912.689359256041,3131.6123606970536,-218.92300144101273,1.466949199642827,42.89706127754268,0.0,41.43011207789986,44.35088379001046,194.35088379001047,active,24.667196740677618,23.790030830102356,23.790030830102356,24.403566173902583,23.790030830102356,26.42152856182814,47.23178543353246,1165.0757437024165,45.0,41.43011207789986,41.43011207789986,0.9206691572866634,0.8771659105752612,0.03556001599195763,-12.451742363639001,-0.30054812162289946,1.1588498725205971,0.0,ema10_loss_exit,ema10 loss exit,False,False,False,False,False,1,sideways_normal_volatility,True,valid_loss,,True,pullback_days=4
41,C_swing_trend_pullback,v1_fixed_rules,XLB,equity_index,2008-05-28,2008-05-29,2008-05-28,2008-05-30,sideways_normal_volatility,sideways_normal_volatility,99.96763610839844,101.65633090972901,False,0.21970061051204523,normal_volatility,swing_trend_pullback,pullback_reclaim,Uptrend pullback reclaimed the short trigger.,"{""atr_20"": 0.324287, ""bollinger_lower"": 14.165214, ""breakout_level"": 15.565094, ""close"": 15.135641, ""ema_10"": 15.056608, ""momentum_126"": 0.171538, ""momentum_63"": 0.05746, ""pullback_days"": 4.0, ""realized_vol_20"": 0.219701, ""rsi_2"": 84.496185, ""sma_100"": 14.019621, ""sma_200"": 13.858955, ""sma_50"": 14.510811, ""volume"": 20263200.0, ""volume_sma_20"": 21020200.0}",2913.032732488322,2891.941559632425,3131.6123606970536,-239.67080106462845,42.89706127754268,78.40182405219585,41.43011207789986,76.93487485255304,23.60308416639438,173.60308416639438,active,15.112759917020597,14.554017522283914,14.554017522283914,15.087516060505806,14.554017522283914,16.230244706493963,63.54406450827023,960.3261910651574,45.0,35.50476277465317,35.50476277465317,0.7889947283256261,0.558742394736683,0.03697156560446678,-1.604097246813411,-0.04517977649912859,0.9595241424417508,0.0,ema10_loss_exit,ema10 loss exit,False,False,False,False,False,1,sideways_normal_volatility,True,valid_loss,,True,pullback_days=4
42,E_breakout_vcb,v1_fixed_rules,IWM,equity_index,2008-06-05,2008-06-06,2008-06-05,2008-06-09,sideways_low_volatility,sideways_normal_volatility,101.02975463867188,101.61397037506103,False,0.1609209572952296,low_volatility,volatility_contraction_breakout,volume_confirmed_breakout,Breakout and volume/volatility filters were satisfied.,"{""atr_20"": 1.039781, ""bollinger_lower"": 55.894135, ""breakout_level"": 58.376427, ""close"": 59.572556, ""ema_10"": 58.046786, ""momentum_126"": 0.021767, ""momentum_63"": 0.153459, ""realized_vol_20"": 0.160921, ""rsi_2"": 100.0, ""sma_100"": 55.059327, ""sma_200"": 57.96859, ""sma_50"": 56.224161, ""volume"": 106082100.0, ""volume_sma_20"": 68532165.0}",2898.924809554299,2899.097683604703,3131.6123606970536,-232.51467709235067,0.7237222640777913,30.723722264077793,0.0,30.0,-16.867477909091722,63.13252209090828,active,59.25036090458489,57.69068897973116,57.69068897973116,57.917480097595586,57.69068897973116,62.369704754292336,19.234814400351272,1139.6696951535193,30.0,30.0,30.0,1.0,1.559671924853724,0.026323416449148315,-25.63771494022964,-0.8545904980076546,1.1268508376834045,0.0,failed_breakout_exit,failed breakout exit,False,False,False,False,False,1,sideways_normal_volatility,True,valid_loss,,True,volume-confirmed breakout
43,C_swing_trend_pullback,v1_fixed_rules,GLD,commodity_alternative,2008-06-06,2008-06-09,2008-06-06,2008-06-10,sideways_normal_volatility,sideways_normal_volatility,97.8075714111328,101.59069259643555,False,0.2429674059100713,normal_volatility,swing_trend_pullback,pullback_reclaim,Uptrend pullback reclaimed the short trigger.,"{""atr_20"": 1.558, ""bollinger_lower"": 84.389081, ""breakout_level"": 91.959999, ""close"": 89.059998, ""ema_10"": 87.917011, ""momentum_126"": 0.132647, ""momentum_63"": -0.073161, ""pullback_days"": 3.0, ""realized_vol_20"": 0.242967, ""rsi_2"": 92.882413, ""sma_100"": 90.5664, ""sma_200"": 83.49225, ""sma_50"": 88.762399, ""volume"": 17431700.0, ""volume_sma_20"": 9054385.0}",2871.0092510073723,2873.803751356845,3131.6123606970536,-257.8086093402085,0.7237222640777913,38.670730766877696,0.0,37.9470085027999,30.295044179558047,180.29504417955803,active,88.5842709159851,85.66000366210938,85.66000366210938,85.61717366027833,85.66000366210938,94.43280542373655,12.976587024495181,1149.521500542738,45.0,37.9470085027999,37.9470085027999,0.8432668556177756,2.924267253875726,0.03301113418486171,-38.50279574881981,-1.0146464047614951,1.1302701026683282,0.0,stop_loss,stop loss,True,False,False,False,False,1,sideways_normal_volatility,True,valid_loss,,True,pullback_days=3
45,C_swing_trend_pullback,v1_fixed_rules,XLU,equity_index,2008-06-13,2008-06-16,2008-06-13,2008-06-23,sideways_normal_volatility,sideways_normal_volatility,97.70706939697266,101.43211128234863,False,0.1682488129599393,normal_volatility,swing_trend_pullback,pullback_reclaim,Uptrend pullback reclaimed the short trigger.,"{""atr_20"": 0.176188, ""bollinger_lower"": 10.781328, ""breakout_level"": 11.062906, ""close"": 10.972556, ""ema_10"": 10.921211, ""momentum_126"": -0.03356, ""momentum_63"": 0.097306, ""pullback_days"": 3.0, ""realized_vol_20"": 0.168249, ""rsi_2"": 68.518395, ""sma_100"": 10.501542, ""sma_200"": 10.692555, ""sma_50"": 10.76129, ""volume"": 19537200.0, ""volume_sma_20"": 7846230.0}",2836.508084415238,2836.508084415238,3131.6123606970536,-295.1042762818156,1.556587633195042,23.533282658377903,0.0,21.97669502518286,-8.20775156926176,141.79224843073825,active,10.97538177025791,10.71110005607588,10.71110005607588,10.946685230504476,10.71110005607588,11.503945198621969,83.15632087222636,912.6723681827505,45.0,21.97669502518286,21.97669502518286,0.48837100055961913,0.2642817141820295,0.02407950080590401,-2.3862986676590836,-0.10858314523292285,0.9114792188489209,0.0,ema10_loss_exit,ema10 loss exit,False,False,False,False,False,5,sideways_normal_volatility,True,valid_loss,,True,pullback_days=3
46,C_swing_trend_pullback,v1_fixed_rules,XLE,equity_index,2008-06-27,2008-06-30,2008-06-27,2008-07-03,bear_normal_volatility,bear_normal_volatility,91.97874450683594,100.98552768707276,False,0.33917495560068567,normal_volatility,swing_trend_pullback,pullback_reclaim,Uptrend pullback reclaimed the short trigger.,"{""atr_20"": 0.685514, ""bollinger_lower"": 23.947404, ""breakout_level"": 25.439142, ""close"": 24.899757, ""ema_10"": 24.848615, ""momentum_126"": 0.100781, ""momentum_63"": 0.181209, ""pullback_days"": 3.0, ""realized_vol_20"": 0.339175, ""rsi_2"": 54.674668, ""sma_100"": 22.877937, ""sma_200"": 22.016779, ""sma_50"": 24.382539, ""volume"": 46935600.0, ""volume_sma_20"": 60779360.0}",2836.2180773876335,2834.9603024036005,3131.6123606970536,-296.65205829345314,1.4638796136405976,38.69523400266694,0.0,37.23135438902634,-10.594050236920843,139.40594976307915,active,25.14064031136866,24.1123700561749,24.1123700561749,24.607781313100368,24.1123700561749,27.19718082175618,36.20775199999412,910.2860695150915,45.0,37.23135438902634,37.23135438902634,0.8273634308672521,1.0282702551937604,0.04090071861569786,-19.293626460263617,-0.5182090949114186,0.9006392562849597,0.0,ema10_loss_exit,ema10 loss exit,False,False,False,False,False,3,bear_normal_volatility,True,valid_loss,,True,pullback_days=3
47,C_swing_trend_pullback,v1_fixed_rules,GLD,commodity_alternative,2008-07-09,2008-07-10,2008-07-09,2008-07-15,bear_normal_volatility,bear_normal_volatility,90.00263977050781,100.44487487792969,False,0.20258571553284932,normal_volatility,swing_trend_pullback,pullback_reclaim,Uptrend pullback reclaimed the short trigger.,"{""atr_20"": 1.5525, ""bollinger_lower"": 84.57941, ""breakout_level"": 93.169998, ""close"": 91.5, ""ema_10"": 90.950701, ""momentum_126"": 0.05439, ""momentum_63"": -0.00856, ""pullback_days"": 3.0, ""realized_vol_20"": 0.202586, ""rsi_2"": 63.366142, ""sma_100"": 90.4833, ""sma_200"": 85.73715, ""sma_50"": 88.217, ""volume"": 11362800.0, ""volume_sma_20"": 10589055.0}",2815.49877296531,2817.1780023924052,3131.6123606970536,-314.4343583046484,1.4638796136405976,25.714916827814246,0.0,24.25103721417365,-29.88767669718446,120.11232330281554,active,92.44620152664184,89.93000030517578,89.93000030517578,97.42986466758919,89.93000030517578,97.47860396957397,9.637956220386782,890.9924430548277,45.0,24.25103721417365,24.25103721417365,0.5389119380927477,2.516201221466062,0.027218005498483615,48.032327169605765,1.9806298075173878,0.9150086066396306,0.0,target_hit,target hit,False,True,False,False,False,3,bear_normal_volatility,True,valid_win,,True,pullback_days=3
44,E_breakout_vcb,v1_fixed_rules,BIL,bond,2008-06-10,2008-06-11,2008-06-10,2008-07-16,sideways_normal_volatility,bear_normal_volatility,97.55635833740234,101.53236442565918,False,0.006399651719718766,normal_volatility,volatility_contraction_breakout,volume_confirmed_breakout,Breakout and volume/volatility filters were satisfied.,"{""atr_20"": 0.065668, ""bollinger_lower"": 73.265859, ""breakout_level"": 73.438217, ""close"": 73.470253, ""ema_10"": 73.405967, ""momentum_126"": 0.010782, ""momentum_63"": 0.003298, ""realized_vol_20"": 0.0064, ""rsi_2"": 100.0, ""sma_100"": 73.249611, ""sma_200"": 72.820462, ""sma_50"": 73.348832, ""volume"": 151300.0, ""volume_sma_20"": 36387.5}",2835.8169572146553,2836.3330407133035,3131.6123606970536,-295.27931998375016,0.48784643374105646,2.008157011569245,0.48784643374105646,2.008157011569245,-42.50519284932136,37.49480715067864,active,73.50699226332459,73.40849055682703,73.47785683868689,73.66714367848155,73.47785683868689,73.7039956763197,15.434357757709302,1134.5332162853215,30.0,1.5203105778281885,1.5203105778281885,0.050677019260939614,0.09850170649755796,0.001340031791053219,2.4718342369359534,1.625874523919347,1.1357691334037896,0.0,target_hit,target hit,False,True,False,False,False,24,bear_normal_volatility,True,valid_win,,True,volume-confirmed breakout
48,E_breakout_vcb,v1_fixed_rules,BIL,bond,2008-07-16,2008-07-17,2008-07-16,2008-07-17,bear_normal_volatility,bear_normal_volatility,89.40398406982422,99.96657062530518,False,0.005715299333284717,normal_volatility,volatility_contraction_breakout,volume_confirmed_breakout,Breakout and volume/volatility filters were satisfied.,"{""atr_20"": 0.07857, ""bollinger_lower"": 73.484176, ""breakout_level"": 73.672272, ""close"": 73.688324, ""ema_10"": 73.62232, ""momentum_126"": 0.011376, ""momentum_63"": 0.004743, ""realized_vol_20"": 0.005715, ""rsi_2"": 100.0, ""sma_100"": 73.381046, ""sma_200"": 73.017914, ""sma_50"": 73.462265, ""volume"": 375100.0, ""volume_sma_20"": 82737.5}",2866.981913049267,2865.7766263255116,3131.6123606970536,-265.835734371542,0.0,1.8328626626509466,0.0,1.8328626626509466,-40.033358612385406,39.966641387614594,active,73.70912848502495,73.59127325142465,73.59127325142465,73.55447761479894,73.59127325142465,73.94483895222554,15.551813921705692,1146.3106505302046,30.0,1.8328626626509466,1.8328626626509466,0.06109542208836489,0.11785523360029515,0.0015989231730536484,-2.405101556584716,-1.3122104594056796,1.1451080997519123,0.0,stop_loss,stop loss,True,False,False,False,False,0,bear_normal_volatility,True,valid_loss,,True,volume-confirmed breakout
49,C_swing_trend_pullback,v1_fixed_rules,GLD,commodity_alternative,2008-07-21,2008-07-22,2008-07-21,2008-07-22,bear_normal_volatility,bear_normal_volatility,90.91136932373048,99.68543922424317,False,0.21383818593054674,normal_volatility,swing_trend_pullback,pullback_reclaim,Uptrend pullback reclaimed the short trigger.,"{""atr_20"": 1.668001, ""bollinger_lower"": 86.975344, ""breakout_level"": 96.169998, ""close"": 95.120003, ""ema_10"": 94.033599, ""momentum_126"": 0.088081, ""momentum_63"": 0.053961, ""pullback_days"": 3.0, ""realized_vol_20"": 0.213838, ""rsi_2"": 94.999733, ""sma_100"": 90.6521, ""sma_200"": 86.6259, ""sma_50"": 89.6516, ""volume"": 7323800.0, ""volume_sma_20"": 14904435.0}",2863.7160444894625,2864.0608917780705,3131.6123606970536,-267.5514689189831,0.0,29.927096448470053,0.0,29.927096448470053,18.144650472421304,168.1446504724213,active,95.77786835861205,93.2758671684265,93.2758671684265,93.2292292348423,93.2758671684265,100.78187073898316,11.961263873839568,1145.6243567112283,45.0,29.927096448470053,29.927096448470053,0.665046587743779,2.5020011901855526,0.026122957558603676,-30.484945078601367,-1.0186402523576534,1.1303818841719275,0.0,stop_loss,stop loss,True,False,False,False,False,0,bear_normal_volatility,True,valid_loss,,True,pullback_days=3
51,E_breakout_vcb,v1_fixed_rules,IEF,bond,2008-08-20,2008-08-21,2008-08-20,2008-08-22,bear_normal_volatility,bear_normal_volatility,92.0148468017578,97.81017768859863,False,0.0730359326303977,normal_volatility,volatility_contraction_breakout,volume_confirmed_breakout,Breakout and volume/volatility filters were satisfied.,"{""atr_20"": 0.348336, ""bollinger_lower"": 56.871645, ""breakout_level"": 58.471809, ""close"": 58.55703, ""ema_10"": 58.16194, ""momentum_126"": 0.021842, ""momentum_63"": 0.017295, ""realized_vol_20"": 0.073036, ""rsi_2"": 66.673633, ""sma_100"": 57.463407, ""sma_200"": 57.080036, ""sma_50"": 57.303319, ""volume"": 487300.0, ""volume_sma_20"": 314305.0}",2837.1493376409653,2836.365651264795,3131.6123606970536,-295.24670943225874,2.7121090778158377,10.819245196741512,2.7121090778158377,10.819245196741512,-40.957963298485616,39.042036701514384,active,58.61906188185767,58.09655861560844,58.09655861560844,58.29188674817996,58.09655861560844,59.66406841435613,15.51595299513136,909.5306087776,30.0,8.107136118925675,8.107136118925675,0.27023787063085586,0.522503266249231,0.008913538522712924,-5.076433995319102,-0.6261685903445533,0.9069923917799405,0.0,failed_breakout_exit,failed breakout exit,False,False,False,False,False,1,bear_normal_volatility,True,valid_loss,,True,volume-confirmed breakout
50,E_breakout_vcb,v1_fixed_rules,SHY,bond,2008-08-15,2008-08-18,2008-08-15,2008-09-11,sideways_normal_volatility,bear_normal_volatility,93.88285064697266,98.05185718536377,False,0.0196735615289912,normal_volatility,volatility_contraction_breakout,volume_confirmed_breakout,Breakout and volume/volatility filters were satisfied.,"{""atr_20"": 0.119195, ""bollinger_lower"": 62.612594, ""breakout_level"": 63.050014, ""close"": 63.088062, ""ema_10"": 62.989622, ""momentum_126"": 0.006622, ""momentum_63"": 0.008099, ""realized_vol_20"": 0.019674, ""rsi_2"": 100.0, ""sma_100"": 62.717078, ""sma_200"": 62.329495, ""sma_50"": 62.677219, ""volume"": 1816300.0, ""volume_sma_20"": 763660.0}",2834.5407165657934,2834.022913334763,3131.6123606970536,-297.5894473622907,0.0,3.210288387973076,0.0,3.210288387973076,-42.438460168970124,37.561539831029876,active,63.13480421524397,62.956011616306704,63.139491013008744,63.46064321841194,63.139491013008744,63.492389413118495,17.95537626867613,1133.6091653339051,30.0,3.210288387973076,3.210288387973076,0.10700961293243587,0.17879259893726385,0.002831918165576479,5.850561904891272,1.8224412257819684,1.1365344462863507,0.0,target_hit,target hit,False,True,False,False,False,17,bear_normal_volatility,True,valid_win,,True,volume-confirmed breakout
52,E_breakout_vcb,v1_fixed_rules,BIL,bond,2008-09-02,2008-09-03,2008-09-02,2008-09-15,bear_normal_volatility,bear_normal_volatility,92.31053924560548,97.31805137634278,False,0.007287973978381507,normal_volatility,volatility_contraction_breakout,volume_confirmed_breakout,Breakout and volume/volatility filters were satisfied.,"{""atr_20"": 0.064281, ""bollinger_lower"": 73.656963, ""breakout_level"": 73.778282, ""close"": 73.799263, ""ema_10"": 73.762753, ""momentum_126"": 0.00801, ""momentum_63"": 0.004916, ""realized_vol_20"": 0.007288, ""rsi_2"": 62.327416, ""sma_100"": 73.522061, ""sma_200"": 73.250769, ""sma_50"": 73.665549, ""volume"": 603900.0, ""volume_sma_20"": 95735.0}",2833.260515225686,2833.672714072064,3131.6123606970536,-297.93964662498956,1.981401122152483,3.1630302867068947,1.981401122152483,3.1630302867068947,-44.04840434752228,35.95159565247772,active,73.8039682328924,73.70754662994626,73.70754662994626,73.95981303306529,73.70754662994626,73.99681143878468,12.25481768037495,904.454174782281,30.0,1.1816291645544117,1.1816291645544117,0.03938763881848039,0.09642160294613689,0.0013064555369417714,1.9098496125531876,1.6162851001340894,0.9054090995885575,0.0,target_hit,target hit,False,True,False,False,False,8,bear_normal_volatility,True,valid_win,,True,volume-confirmed breakout
55,E_breakout_vcb,v1_fixed_rules,BIL,bond,2008-09-15,2008-09-16,2008-09-15,2008-09-17,bear_high_volatility,bear_high_volatility,86.61280822753906,96.76032272338867,False,0.0067480193534124,high_volatility,volatility_contraction_breakout,volume_confirmed_breakout,Breakout and volume/volatility filters were satisfied.,"{""atr_20"": 0.061904, ""bollinger_lower"": 73.69464, ""breakout_level"": 73.847595, ""close"": 73.927963, ""ema_10"": 73.830979, ""momentum_126"": 0.00845, ""momentum_63"": 0.005572, ""realized_vol_20"": 0.006748, ""rsi_2"": 100.0, ""sma_100"": 73.565451, ""sma_200"": 73.307205, ""sma_50"": 73.712359, ""volume"": 195200.0, ""volume_sma_20"": 97507.5}",2839.3480722276286,2799.6044847003614,3131.6123606970536,-332.0078759966923,84.00953644337022,84.21551275010589,84.00953644337022,84.21551275010589,-39.754482646844764,40.245517353155236,active,73.85228288292552,73.7594272203043,73.79333797613283,74.00097521106387,73.79333797613283,74.03799420816796,2.218241741226792,163.8222165757943,30.0,0.2059763067356592,0.2059763067356592,0.00686587689118864,0.09285566262121847,0.0012573160773976086,0.3298355288766846,1.601327522101757,0.16398713434023265,0.0,target_hit,target hit,False,True,False,False,False,1,bear_high_volatility,True,valid_win,,True,volume-confirmed breakout
39,A_ETF_sector_momentum,v1_fixed_rules,BIL,bond,2008-05-16,2008-05-19,2008-05-16,2008-09-18,sideways_low_volatility,sideways_low_volatility,102.37897491455078,101.76591815948487,True,0.00842445560444262,low_volatility,weekly_momentum_rotation,ranked_momentum_risk_on,Weekly momentum rotation selected an eligible top-ranked ETF.,"{""atr_20"": 0.068333, ""bollinger_lower"": 73.288704, ""breakout_level"": 73.388435, ""close"": 73.330887, ""ema_10"": 73.327066, ""momentum_126"": 0.011926, ""momentum_63"": 0.003077, ""rank_at_signal"": 1.0, ""rank_score"": 0.890402, ""realized_vol_20"": 0.008424, ""rsi_2"": 100.0, ""score"": 0.890402, ""sma_100"": 73.158621, ""sma_200"": 72.690973, ""sma_50"": 73.32571, ""volume"": 40400.0, ""volume_sma_20"": 35065.0}",3005.8576905959762,3009.9390390654444,3131.6123606970536,-121.67332163160927,54.0745931526164,55.54154235225923,0.0,1.466949199642827,0.0,130.0,active,73.35153324405637,73.21486627151839,74.03264089674734,73.97142358235199,74.03264089674734,,10.733750608510412,787.3370645935618,45.0,1.466949199642827,1.466949199642827,0.032598871103173936,0.13666697253798077,0.0018631781299412009,6.653748295890325,4.535772811703623,0.790663938741507,0.0,stop_loss_gap,stop loss gap,True,False,False,True,False,85,sideways_low_volatility,True,valid_win,,True,weekly rank score=0.8904
53,C_swing_trend_pullback,v1_fixed_rules,TLT,bond,2008-09-15,2008-09-16,2008-09-15,2008-09-19,bear_high_volatility,bear_high_volatility,86.61280822753906,96.76032272338867,False,0.14326542093090813,high_volatility,swing_trend_pullback,pullback_reclaim,Uptrend pullback reclaimed the short trigger.,"{""atr_20"": 0.608002, ""bollinger_lower"": 54.186842, ""breakout_level"": 57.287464, ""close"": 57.991543, ""ema_10"": 56.676749, ""momentum_126"": 0.047061, ""momentum_63"": 0.114753, ""pullback_days"": 3.0, ""realized_vol_20"": 0.143265, ""rsi_2"": 71.297103, ""sma_100"": 53.957521, ""sma_200"": 53.991714, ""sma_50"": 54.695345, ""volume"": 5889900.0, ""volume_sma_20"": 2801350.0}",2839.3480722276286,2839.693820328437,3131.6123606970536,-291.9185403686165,0.0,45.0,0.0,45.0,-12.340294606180063,137.65970539381993,active,59.61279352353554,56.056843357380316,56.056843357380316,55.502553215404355,56.056843357380316,66.72469385584597,12.65484551170049,754.3906925612417,45.0,45.0,45.0,1.0,3.5559501661552204,0.05965078896615216,-52.014456115364325,-1.1558768025636517,0.7283834645035596,0.0,stop_loss_gap,stop loss gap,True,False,False,True,False,3,bear_high_volatility,True,valid_loss,,True,pullback_days=3
54,C_swing_trend_pullback,v1_fixed_rules,IEF,bond,2008-09-15,2008-09-16,2008-09-15,2008-09-19,bear_high_volatility,bear_high_volatility,86.61280822753906,96.76032272338867,False,0.0833960195585578,high_volatility,swing_trend_pullback,pullback_reclaim,Uptrend pullback reclaimed the short trigger.,"{""atr_20"": 0.392865, ""bollinger_lower"": 58.024259, ""breakout_level"": 59.500771, ""close"": 60.079628, ""ema_10"": 59.269902, ""momentum_126"": 0.011158, ""momentum_63"": 0.073474, ""pullback_days"": 3.0, ""realized_vol_20"": 0.083396, ""rsi_2"": 79.266428, ""sma_100"": 57.575583, ""sma_200"": 57.434303, ""sma_50"": 58.107158, ""volume"": 526200.0, ""volume_sma_20"": 344260.0}",2839.3480722276286,2819.0271062414863,3131.6123606970536,-312.58525445556734,45.0,84.00953644337022,45.0,84.00953644337022,-33.0070086931307,116.9929913068693,active,60.95849264623495,58.849642278007494,58.849642278007494,58.55065187332765,58.849642278007494,65.17619338268986,18.498010589607986,1127.6108424965946,45.0,39.009536443370216,39.009536443370216,0.8668785876304492,2.1088503682274577,0.03459485752815295,-44.5402641153291,-1.1417788616890587,1.1053407104389301,0.0,stop_loss_gap,stop loss gap,True,False,False,True,False,3,bear_high_volatility,True,valid_loss,,True,pullback_days=3
56,C_swing_trend_pullback,v1_fixed_rules,BIL,bond,2008-10-03,2008-10-06,2008-10-03,2008-10-07,bear_high_volatility,bear_high_volatility,80.04142761230469,95.35649463653564,False,0.03588088162906497,high_volatility,swing_trend_pullback,pullback_reclaim,Uptrend pullback reclaimed the short trigger.,"{""atr_20"": 0.630736, ""bollinger_lower"": 73.660961, ""breakout_level"": 74.394623, ""close"": 74.077522, ""ema_10"": 74.068442, ""momentum_126"": 0.010491, ""momentum_63"": 0.007035, ""pullback_days"": 3.0, ""realized_vol_20"": 0.035881, ""rsi_2"": 0.0, ""sma_100"": 73.665766, ""sma_200"": 73.404195, ""sma_50"": 73.832149, ""volume"": 201500.0, ""volume_sma_20"": 288365.0}",2743.589679821266,2743.589679821266,3131.6123606970536,-388.0226808757875,0.0,13.894407976354492,0.0,13.894407976354492,-108.89501483687349,41.104985163126514,active,74.72711307214455,73.78100859125585,73.78100859125585,74.04050220676127,73.78100859125585,76.61932203392193,14.685912874340508,1097.4358719285065,45.0,13.894407976354492,13.894407976354492,0.3087646216967665,0.9461044808886925,0.012660792609173665,-10.08350734759428,-0.725724144904511,1.0923941182547092,0.0,ema10_loss_exit,ema10 loss exit,False,False,False,False,False,1,bear_high_volatility,True,valid_loss,,True,pullback_days=3
57,C_swing_trend_pullback,v1_fixed_rules,BIL,bond,2008-10-09,2008-10-10,2008-10-09,2008-10-14,bear_high_volatility,bear_high_volatility,65.79444885253906,94.68053150177002,False,0.03639656701349336,high_volatility,swing_trend_pullback,pullback_reclaim,Uptrend pullback reclaimed the short trigger.,"{""atr_20"": 0.693581, ""bollinger_lower"": 73.753874, ""breakout_level"": 74.394623, ""close"": 74.093689, ""ema_10"": 74.056497, ""momentum_126"": 0.01005, ""momentum_63"": 0.005939, ""pullback_days"": 3.0, ""realized_vol_20"": 0.036397, ""rsi_2"": 63.646147, ""sma_100"": 73.694664, ""sma_200"": 73.42931, ""sma_50"": 73.861673, ""volume"": 177800.0, ""volume_sma_20"": 318192.5}",2733.5061724736715,2733.5061724736715,3131.6123606970536,-398.1061882233821,0.0,15.341769489774977,0.0,15.341769489774977,-118.97852218446776,31.021477815532236,active,74.1468588482415,73.10648803410575,73.10648803410575,73.75065786964656,73.10648803410575,76.22760047651298,14.746443557742168,1093.4024689894686,45.0,15.341769489774977,15.341769489774977,0.34092821088388836,1.0403708141357413,0.014031218992905662,-5.842555368372398,-0.3808266948780817,1.0904811913052823,0.0,ema10_loss_exit,ema10 loss exit,False,False,False,False,False,2,bear_high_volatility,True,valid_loss,,True,pullback_days=3
58,C_swing_trend_pullback,v1_fixed_rules,IEF,bond,2008-12-24,2008-12-26,2008-12-24,2008-12-31,bear_high_volatility,bear_high_volatility,63.37409973144531,86.08028120040893,False,0.09764301728300213,high_volatility,swing_trend_pullback,pullback_reclaim,Uptrend pullback reclaimed the short trigger.,"{""atr_20"": 0.627722, ""bollinger_lower"": 61.991368, ""breakout_level"": 66.364021, ""close"": 65.872253, ""ema_10"": 65.410786, ""momentum_126"": 0.155993, ""momentum_63"": 0.125623, ""pullback_days"": 3.0, ""realized_vol_20"": 0.097643, ""rsi_2"": 0.0, ""sma_100"": 60.016905, ""sma_200"": 58.800714, ""sma_50"": 61.306499, ""volume"": 129200.0, ""volume_sma_20"": 497020.0}",2727.663617105299,2727.663617105299,3131.6123606970536,-403.94874359175446,0.0,15.525327285938321,0.0,15.525327285938321,-124.82107755284017,25.178922447159835,active,66.17116291213509,65.22957965141003,65.22957965141003,65.69721461105347,65.22957965141003,68.0543294335852,16.488533657643032,1091.0654468421196,45.0,15.525327285938321,15.525327285938321,0.3450072730208516,0.9415832607250536,0.014229510549411505,-7.814712514367026,-0.5033525136339643,1.0871580905849363,0.0,strategy_loss_budget,strategy loss budget,False,False,False,False,False,4,bear_high_volatility,True,risk_limit_exit,,True,pullback_days=3
59,C_swing_trend_pullback,v1_fixed_rules,TLT,bond,2008-12-26,2008-12-29,2008-12-26,2008-12-31,bear_high_volatility,bear_high_volatility,63.7397575378418,85.92891864776611,False,0.21500698749866193,high_volatility,swing_trend_pullback,pullback_reclaim,Uptrend pullback reclaimed the short trigger.,"{""atr_20"": 1.343905, ""bollinger_lower"": 62.446956, ""breakout_level"": 73.09008, ""close"": 72.516228, ""ema_10"": 71.118013, ""momentum_126"": 0.342167, ""momentum_63"": 0.297042, ""pullback_days"": 3.0, ""realized_vol_20"": 0.215007, ""rsi_2"": 60.601373, ""sma_100"": 58.993429, ""sma_200"": 56.410644, ""sma_50"": 61.934815, ""volume"": 454400.0, ""volume_sma_20"": 2728770.0}",2728.5429839442013,2730.950748639997,3131.6123606970536,-400.6616120570566,15.525327285938321,45.743201190657935,15.525327285938321,45.743201190657935,-121.53394601814249,28.466053981857513,active,72.8735315087409,70.85767385621881,70.85767385621881,71.5536904258728,70.85767385621881,76.90524681378507,14.990083187130463,1092.380299455999,45.0,30.217873904719614,30.217873904719614,0.6715083089937692,2.0158576525220866,0.02766241200044343,-19.784527625985092,-0.6547293065146791,1.0824880356430064,0.0,strategy_loss_budget,strategy loss budget,False,False,False,False,False,3,bear_high_volatility,True,risk_limit_exit,,True,pullback_days=3
60,E_breakout_vcb,v1_fixed_rules,SHY,bond,2009-03-31,2009-04-01,2009-03-31,2009-04-03,bear_normal_volatility,bear_normal_volatility,58.56889724731445,73.45360061645508,False,0.020359253321718406,normal_volatility,volatility_contraction_breakout,volume_confirmed_breakout,Breakout and volume/volatility filters were satisfied.,"{""atr_20"": 0.126512, ""bollinger_lower"": 65.006817, ""breakout_level"": 65.350578, ""close"": 65.443703, ""ema_10"": 65.285373, ""momentum_126"": 0.023063, ""momentum_63"": -0.000377, ""realized_vol_20"": 0.020359, ""rsi_2"": 100.0, ""sma_100"": 65.188634, ""sma_200"": 64.259898, ""sma_50"": 65.209008, ""volume"": 2398100.0, ""volume_sma_20"": 1481255.0}",2700.064376964947,2700.064376964947,3131.6123606970536,-431.5479837321068,0.0,3.1316418037131175,0.0,3.1316418037131175,-39.42464711796808,40.57535288203192,active,65.44607159573634,65.25630421884847,65.25630421884847,65.24856308119816,65.25630421884847,65.82560634951209,16.502529860880756,1080.0257507859787,30.0,3.1316418037131175,3.1316418037131175,0.10438806012377058,0.18976737688787182,0.0028995992006987737,-3.2593901589446057,-1.040792773643531,1.0783960557065064,0.0,failed_breakout_exit,failed breakout exit,False,False,False,False,False,2,bear_normal_volatility,True,valid_loss,,True,volume-confirmed breakout
62,E_breakout_vcb,v1_fixed_rules,XLK,equity_index,2009-04-16,2009-04-17,2009-04-16,2009-04-21,bear_normal_volatility,bear_normal_volatility,63.709861755371094,71.63726383209229,False,0.36884192892454243,normal_volatility,volatility_contraction_breakout,volume_confirmed_breakout,Breakout and volume/volatility filters were satisfied.,"{""atr_20"": 0.198918, ""bollinger_lower"": 5.991816, ""breakout_level"": 6.663783, ""close"": 6.767344, ""ema_10"": 6.566715, ""momentum_126"": 0.000408, ""momentum_63"": 0.158457, ""realized_vol_20"": 0.368842, ""rsi_2"": 90.740404, ""sma_100"": 6.00736, ""sma_200"": 6.942586, ""sma_50"": 6.039512, ""volume"": 29548600.0, ""volume_sma_20"": 16066770.0}",2719.282095563456,2719.032499703309,3131.6123606970536,-412.57986099374466,25.589794389736465,55.58979438973647,25.589794389736465,55.58979438973647,-20.45652437960594,59.54347562039406,active,6.774714456680016,6.476337660204724,6.476337660204724,6.513149192084571,6.476337660204724,7.3714680496306,100.54401131183211,681.156966966868,30.0,30.0,30.0,1.0,0.29837679647529214,0.04404271181954925,-26.298820922266795,-0.8766273640755599,0.6680075565057346,0.0,failed_breakout_exit,failed breakout exit,False,False,False,False,False,2,bear_normal_volatility,True,valid_loss,,True,volume-confirmed breakout
61,E_breakout_vcb,v1_fixed_rules,XLI,equity_index,2009-04-09,2009-04-13,2009-04-09,2009-05-04,bear_normal_volatility,bear_normal_volatility,63.201683044433594,72.23721202850342,False,0.4929533958876268,normal_volatility,volatility_contraction_breakout,volume_confirmed_breakout,Breakout and volume/volatility filters were satisfied.,"{""atr_20"": 0.580773, ""bollinger_lower"": 12.217284, ""breakout_level"": 14.448248, ""close"": 14.85443, ""ema_10"": 14.108363, ""momentum_126"": -0.190444, ""momentum_63"": -0.129367, ""realized_vol_20"": 0.492953, ""rsi_2"": 100.0, ""sma_100"": 14.694623, ""sma_200"": 18.329294, ""sma_50"": 13.450398, ""volume"": 18412800.0, ""volume_sma_20"": 11107480.0}",2696.8049868060025,2696.8049868060025,3131.6123606970536,-434.80737389105116,0.0,30.0,0.0,30.0,-42.68403727691268,37.31596272308732,active,14.6659226451337,13.794763387874557,14.749254356522783,16.40003703907216,14.749254356522783,16.408241159651986,34.43687219072499,505.0485036895286,30.0,30.0,30.0,1.0,0.8711592572591424,0.05940023538499992,59.71747574815529,1.9905825249385096,0.5349072415636063,0.0,target_hit,target hit,False,True,False,False,False,15,bear_normal_volatility,True,valid_win,,True,volume-confirmed breakout
63,E_breakout_vcb,v1_fixed_rules,XLK,equity_index,2009-04-30,2009-05-01,2009-04-30,2009-05-08,bear_normal_volatility,bear_normal_volatility,64.38748168945312,70.28782411575317,False,0.2588799178544339,normal_volatility,volatility_contraction_breakout,volume_confirmed_breakout,Breakout and volume/volatility filters were satisfied.,"{""atr_20"": 0.17247, ""bollinger_lower"": 6.431562, ""breakout_level"": 6.850993, ""close"": 6.870906, ""ema_10"": 6.75556, ""momentum_126"": 0.037484, ""momentum_63"": 0.145867, ""realized_vol_20"": 0.25888, ""rsi_2"": 100.0, ""sma_100"": 6.109199, ""sma_200"": 6.84009, ""sma_50"": 6.16969, ""volume"": 25428400.0, ""volume_sma_20"": 16345480.0}",2708.968805712107,2714.9634414416273,3131.6123606970536,-416.64891925542634,5.310480096054491,35.31048009605449,5.310480096054491,35.31048009605449,-24.52558264128764,55.47441735871236,active,6.898252307633453,6.639547044717919,6.6931560945911475,6.89932130286883,6.6931560945911475,7.4156628334645225,115.96207847458743,799.9356754352943,30.0,30.0,30.0,1.0,0.25870526291553464,0.037503015456430484,0.12396290937372989,0.004132096979124329,0.7999976568899811,0.0,failed_breakout_exit,failed breakout exit,False,False,False,False,False,5,bear_normal_volatility,True,valid_win,,True,volume-confirmed breakout
64,E_breakout_vcb,v1_fixed_rules,XLI,equity_index,2009-05-06,2009-05-07,2009-05-06,2009-05-08,sideways_normal_volatility,sideways_normal_volatility,67.86386108398438,69.81165601730346,False,0.3392500455267382,normal_volatility,volatility_contraction_breakout,volume_confirmed_breakout,Breakout and volume/volatility filters were satisfied.,"{""atr_20"": 0.488499, ""bollinger_lower"": 14.066314, ""breakout_level"": 16.529892, ""close"": 16.791008, ""ema_10"": 15.986272, ""momentum_126"": -0.04645, ""momentum_63"": 0.145749, ""realized_vol_20"": 0.33925, ""rsi_2"": 100.0, ""sma_100"": 14.660187, ""sma_200"": 17.574039, ""sma_50"": 13.854247, ""volume"": 18727800.0, ""volume_sma_20"": 11471955.0}",2751.9948632210853,2720.585960259617,3131.6123606970536,-411.0264004374367,23.78338315165256,53.783383151652565,23.78338315165256,53.783383151652565,-18.90306382329796,61.096936176702044,active,16.95905930971015,16.226311305811063,16.226311305811063,16.57962791524178,16.226311305811063,18.42455531750832,40.94176966755898,694.3339000366248,30.0,30.000000000000004,30.000000000000004,1.0000000000000002,0.7327480038990863,0.04320687784136359,-15.534592756964692,-0.5178197585654897,0.6865666036581424,0.0,failed_breakout_exit,failed breakout exit,False,False,False,False,False,1,sideways_normal_volatility,True,valid_loss,,True,volume-confirmed breakout
66,E_breakout_vcb,v1_fixed_rules,SHY,bond,2009-05-14,2009-05-15,2009-05-14,2009-05-19,sideways_normal_volatility,bear_normal_volatility,65.875244140625,69.08736597061157,False,0.012835907024850369,normal_volatility,volatility_contraction_breakout,volume_confirmed_breakout,Breakout and volume/volatility filters were satisfied.,"{""atr_20"": 0.091938, ""bollinger_lower"": 65.18023, ""breakout_level"": 65.380028, ""close"": 65.403412, ""ema_10"": 65.325258, ""momentum_126"": 0.009516, ""momentum_63"": 0.002229, ""realized_vol_20"": 0.012836, ""rsi_2"": 100.0, ""sma_100"": 65.256321, ""sma_200"": 64.67154, ""sma_50"": 65.25698, ""volume"": 1673100.0, ""volume_sma_20"": 920300.0}",2714.697126658707,2706.2787651302333,3131.6123606970536,-425.33359556682035,30.0,32.28166540158907,0.0,2.2816654015890747,-33.210258952681414,46.789741047318586,active,65.42834296417236,65.29043626702408,65.29043626702408,65.32405140076253,65.29043626702408,65.70415635846892,16.544993454057998,1082.5115060520934,30.0,2.2816654015890747,2.2816654015890747,0.0760555133863025,0.1379066971482814,0.002107751639435484,-1.7255032339291236,-0.7562472712814904,1.0816487544351288,0.0,failed_breakout_exit,failed breakout exit,False,False,False,False,False,2,bear_normal_volatility,True,valid_loss,,True,volume-confirmed breakout
67,E_breakout_vcb,v1_fixed_rules,XLP,equity_index,2009-05-20,2009-05-21,2009-05-20,2009-05-22,sideways_normal_volatility,sideways_normal_volatility,66.66336822509766,68.59234510421753,False,0.15380506925562015,normal_volatility,volatility_contraction_breakout,volume_confirmed_breakout,Breakout and volume/volatility filters were satisfied.,"{""atr_20"": 0.230452, ""bollinger_lower"": 13.524668, ""breakout_level"": 14.502785, ""close"": 14.521719, ""ema_10"": 14.31738, ""momentum_126"": 0.00707, ""momentum_63"": 0.069636, ""realized_vol_20"": 0.153805, ""rsi_2"": 100.0, ""sma_100"": 13.786563, ""sma_200"": 14.860287, ""sma_50"": 13.726281, ""volume"": 10199200.0, ""volume_sma_20"": 6585000.0}",2711.287714856401,2701.6070662544134,3131.6123606970536,-430.0052944426402,30.0,55.92518568856586,30.0,55.92518568856586,-37.88195782850096,42.11804217149904,active,14.408961002989,14.06328250457981,14.06328250457981,14.36300609986342,14.06328250457981,15.100317999807382,74.99797010191065,1080.6428265017655,30.0,25.925185688565858,25.925185688565858,0.8641728562855285,0.34567849840919074,0.023990522171410074,-3.4465244506485604,-0.13294116740574122,1.0789195642764413,0.0,failed_breakout_exit,failed breakout exit,False,False,False,False,False,1,sideways_normal_volatility,True,valid_loss,,True,volume-confirmed breakout
68,E_breakout_vcb,v1_fixed_rules,GLD,commodity_alternative,2009-05-21,2009-05-22,2009-05-21,2009-06-08,sideways_normal_volatility,sideways_normal_volatility,65.70584106445312,68.45798727035522,False,0.16143276285087144,normal_volatility,volatility_contraction_breakout,volume_confirmed_breakout,Breakout and volume/volatility filters were satisfied.,"{""atr_20"": 1.2635, ""bollinger_lower"": 86.453054, ""breakout_level"": 92.25, ""close"": 93.849998, ""ema_10"": 91.254557, ""momentum_126"": 0.294304, ""momentum_63"": -0.040389, ""realized_vol_20"": 0.161433, ""rsi_2"": 100.0, ""sma_100"": 89.1442, ""sma_200"": 84.31095, ""sma_50"": 89.4934, ""volume"": 21830200.0, ""volume_sma_20"": 12058350.0}",2700.1200402808295,2699.423580622176,3131.6123606970536,-432.18878007487774,30.0,53.44104339334272,0.0,23.441043393342717,-40.06544346073903,39.93455653926097,active,94.297125,92.25,93.29624843597412,93.21337213516237,93.29624843597412,98.39137499999998,11.450714242336343,1079.7694322488703,30.0,23.441043393342717,23.441043393342717,0.781368113111424,2.047124999999994,0.0217093044989441,-12.409744364568956,-0.5294023886365629,1.0735645600665857,0.0,stop_loss_gap,stop loss gap,True,False,False,True,False,10,sideways_normal_volatility,True,valid_loss,,True,volume-confirmed breakout
65,E_breakout_vcb,v1_fixed_rules,XLV,equity_index,2009-05-07,2009-05-08,2009-05-07,2009-06-15,sideways_normal_volatility,sideways_normal_volatility,66.92115783691406,69.68654809951782,False,0.15293407664845288,normal_volatility,volatility_contraction_breakout,volume_confirmed_breakout,Breakout and volume/volatility filters were satisfied.,"{""atr_20"": 0.335648, ""bollinger_lower"": 17.61949, ""breakout_level"": 18.554092, ""close"": 18.815733, ""ema_10"": 18.323816, ""momentum_126"": -0.061496, ""momentum_63"": -0.068551, ""realized_vol_20"": 0.152934, ""rsi_2"": 76.923137, ""sma_100"": 18.62325, ""sma_200"": 19.985051, ""sma_50"": 17.780707, ""volume"": 8924300.0, ""volume_sma_20"": 4972460.0}",2699.7489659943612,2714.8130117842998,3131.6123606970536,-416.7993489127539,0.0,30.0,0.0,30.0,-24.67601229861515,55.32398770138485,active,19.086910407992487,18.55409240722656,18.715748416761905,18.706390542553525,18.715748416761905,20.152546409524344,56.304404049553234,1074.677115669232,30.0,30.0,30.0,1.0,0.5328180007659284,0.027915361332801942,-21.424944252556987,-0.7141648084185662,1.0639646435429535,0.0,stop_loss,stop loss,True,False,False,False,False,25,sideways_normal_volatility,True,valid_loss,,True,volume-confirmed breakout
70,B_ETF_trend_following,v1_fixed_rules,QQQ,equity_index,2009-06-09,2009-06-10,2009-06-09,2009-06-16,sideways_normal_volatility,sideways_normal_volatility,69.7051773071289,66.99323965072632,True,0.24475768786564764,normal_volatility,trend_following_breakout,trend_breakout,Trend filter and 20-day breakout conditions were met.,"{""atr_20"": 0.698175, ""bollinger_lower"": 27.975449, ""breakout_level"": 31.800533, ""close"": 31.947508, ""ema_10"": 31.252607, ""momentum_126"": 0.280747, ""momentum_63"": 0.35423, ""realized_vol_20"": 0.244758, ""rsi_2"": 71.792261, ""sma_100"": 27.160432, ""sma_200"": 28.196755, ""sma_50"": 29.226921, ""volume"": 109187800.0, ""volume_sma_20"": 121420240.0}",2708.9902449378073,2702.3434620088706,3131.6123606970536,-429.26889868818307,34.141138551927966,79.14113855192797,34.141138551927966,79.14113855192797,-37.60317536117414,62.39682463882586,active,32.14514720159305,30.748796353833843,30.748796353833843,30.733421955656926,30.748796353833843,,32.226857649861984,1035.9370829995985,45.0,45.0,45.0,1.0,1.396350847759205,0.04343893151281027,-45.4954685414998,-1.0110104120333288,1.0131893487288486,0.0,stop_loss,stop loss,True,False,False,False,False,4,sideways_normal_volatility,True,valid_loss,,True,trend breakout
73,E_breakout_vcb,v1_fixed_rules,BIL,bond,2009-06-16,2009-06-17,2009-06-16,2009-06-19,sideways_low_volatility,sideways_low_volatility,67.49562072753906,66.401483669281,True,0.0069665517881392774,low_volatility,volatility_contraction_breakout,volume_confirmed_breakout,Breakout and volume/volatility filters were satisfied.,"{""atr_20"": 0.052515, ""bollinger_lower"": 74.048421, ""breakout_level"": 74.124596, ""close"": 74.131073, ""ema_10"": 74.101544, ""momentum_126"": 0.001527, ""momentum_63"": 0.000589, ""realized_vol_20"": 0.006967, ""rsi_2"": 100.0, ""sma_100"": 74.083252, ""sma_200"": 74.047345, ""sma_50"": 74.089341, ""volume"": 711450.0, ""volume_sma_20"": 242772.5}",2626.0580991904944,2630.9791458061636,3131.6123606970536,-500.63321489089003,14.740003343599527,15.792615813851228,1.4905880118645032,2.543200482116203,-63.68272860031878,16.317271399681218,active,74.16813853454589,74.08936650311392,74.08936650311392,74.06170767880425,74.08936650311392,74.32568259740982,13.362769134128628,991.0917123452059,30.0,1.0526124702517,1.0526124702517,0.03508708234172333,0.0787720314319671,0.0010620737285360993,-1.4222109540232217,-1.3511249336454694,0.9903806068681943,0.0,failed_breakout_exit,failed breakout exit,False,False,False,False,False,2,sideways_low_volatility,True,valid_loss,,True,volume-confirmed breakout
69,A_ETF_sector_momentum,v1_fixed_rules,QQQ,equity_index,2009-05-29,2009-06-01,2009-05-29,2009-06-22,sideways_normal_volatility,sideways_normal_volatility,68.15116882324219,67.80053926467896,True,0.249167327727963,normal_volatility,weekly_momentum_rotation,ranked_momentum_risk_on,Weekly momentum rotation selected an eligible top-ranked ETF.,"{""atr_20"": 0.745298, ""bollinger_lower"": 28.551483, ""breakout_level"": 30.304743, ""close"": 30.590084, ""ema_10"": 29.814875, ""momentum_126"": 0.25985, ""momentum_63"": 0.287269, ""rank_at_signal"": 1.0, ""rank_score"": 1.097894, ""realized_vol_20"": 0.249167, ""rsi_2"": 100.0, ""score"": 1.097894, ""sma_100"": 26.759535, ""sma_200"": 28.521529, ""sma_50"": 28.473687, ""volume"": 111535700.0, ""volume_sma_20"": 136703810.0}",2743.9409713528303,2745.714853929474,3131.6123606970536,-385.89750676757967,44.237585985515025,70.99031098482133,30.0,56.75272499930631,6.653748295890325,136.65374829589032,active,30.934078550217304,29.44348202649749,30.329093183203433,30.313928636611834,30.329093183203433,,17.947663618954625,555.1944361816197,45.0,26.752724999306313,26.752724999306313,0.5945049999845847,1.4905965237198124,0.04818622676282502,-11.130242042714748,-0.4160414329008858,0.5496293151602625,0.0,stop_loss,stop loss,True,False,False,False,False,15,sideways_normal_volatility,True,valid_loss,,True,weekly rank score=1.0979
71,B_ETF_trend_following,v1_fixed_rules,XLK,equity_index,2009-06-10,2009-06-11,2009-06-10,2009-07-07,sideways_normal_volatility,sideways_low_volatility,69.52845764160156,66.87334299087524,True,0.23194875344500787,normal_volatility,trend_following_breakout,trend_breakout,Trend filter and 20-day breakout conditions were met.,"{""atr_20"": 0.155342, ""bollinger_lower"": 6.530634, ""breakout_level"": 7.305068, ""close"": 7.313033, ""ema_10"": 7.188487, ""momentum_126"": 0.179357, ""momentum_63"": 0.291292, ""realized_vol_20"": 0.231949, ""rsi_2"": 100.0, ""sma_100"": 6.358694, ""sma_200"": 6.562923, ""sma_50"": 6.826056, ""volume"": 10700000.0, ""volume_sma_20"": 14181730.0}",2692.352050859232,2703.7163932453395,3131.6123606970536,-427.8959674517141,78.88072820267601,80.21428253867734,78.88072820267601,80.21428253867734,-47.594586510813016,52.405413489186984,active,7.320676549557824,7.009991932832154,7.025758279655558,7.022245400515731,7.025758279655558,,4.292308869540321,31.42260488470288,45.0,1.3335543360013278,1.3335543360013278,0.029634540800029505,0.3106846167256698,0.04243933120422258,-1.280958667980486,-0.9605597862787127,0.030782125550712636,0.0,stop_loss,stop loss,True,False,False,False,False,17,sideways_low_volatility,True,valid_loss,,True,trend breakout
74,A_ETF_sector_momentum,v1_fixed_rules,XLK,equity_index,2009-06-19,2009-06-22,2009-06-19,2009-07-07,sideways_low_volatility,sideways_normal_volatility,68.17316436767578,66.0319640159607,True,0.18548649148076027,low_volatility,weekly_momentum_rotation,ranked_momentum_risk_on,Weekly momentum rotation selected an eligible top-ranked ETF.,"{""atr_20"": 0.142242, ""bollinger_lower"": 6.829317, ""breakout_level"": 7.340917, ""close"": 7.250099, ""ema_10"": 7.214631, ""momentum_126"": 0.174434, ""momentum_63"": 0.210239, ""rank_at_signal"": 2.0, ""rank_score"": 1.036931, ""realized_vol_20"": 0.185486, ""rsi_2"": 73.509125, ""score"": 1.036931, ""sma_100"": 6.452832, ""sma_200"": 6.501967, ""sma_50"": 6.93274, ""volume"": 22896600.0, ""volume_sma_20"": 13961570.0}",2634.679572088648,2617.126882512496,3131.6123606970536,-514.4854781845575,13.682216209420593,52.86374251416584,12.19162819755609,51.37315450230134,-3.506175487402799,126.4938245125972,active,7.185672589645091,6.901188103467942,7.025758279655558,7.022245400515731,7.025758279655558,,137.72816518489103,989.6695013911828,45.0,39.18152630474525,39.18152630474525,0.8707005845498944,0.28448448617714917,0.03959051607599062,-22.508526900111004,-0.574467842958558,0.9784152379411273,0.0,stop_loss,stop loss,True,False,False,False,False,10,sideways_normal_volatility,True,valid_loss,,True,weekly rank score=1.0369
72,B_ETF_trend_following,v1_fixed_rules,BIL,bond,2009-06-16,2009-06-17,2009-06-16,2009-07-15,sideways_low_volatility,sideways_low_volatility,67.49562072753906,66.401483669281,True,0.0069665517881392774,low_volatility,trend_following_breakout,trend_breakout,Trend filter and 20-day breakout conditions were met.,"{""atr_20"": 0.052515, ""bollinger_lower"": 74.048421, ""breakout_level"": 74.124596, ""close"": 74.131073, ""ema_10"": 74.101544, ""momentum_126"": 0.001527, ""momentum_63"": 0.000589, ""realized_vol_20"": 0.006967, ""rsi_2"": 100.0, ""sma_100"": 74.083252, ""sma_200"": 74.047345, ""sma_50"": 74.089341, ""volume"": 711450.0, ""volume_sma_20"": 242772.5}",2626.0580991904944,2631.5051838239197,3131.6123606970536,-500.107176873134,13.249415331735024,14.740003343599527,0.0,1.4905880118645032,-83.64435078197516,16.355649218024837,active,74.16813853454589,74.06310915930327,74.10733672602834,74.07028305766532,74.10733672602834,,14.19210586010985,1052.6020735295679,45.0,1.4905880118645032,1.4905880118645032,0.0331241780414334,0.10502937524262279,0.001416098304714799,-1.3887752868805523,-0.931696267396785,1.0519076858861276,0.0,stop_loss,stop loss,True,False,False,False,False,19,sideways_low_volatility,True,valid_loss,,True,trend breakout
76,B_ETF_trend_following,v1_fixed_rules,SHY,bond,2009-07-08,2009-07-09,2009-07-08,2009-07-23,sideways_low_volatility,sideways_low_volatility,65.18077850341797,64.72261167526246,True,0.012797943905408645,low_volatility,trend_following_breakout,trend_breakout,Trend filter and 20-day breakout conditions were met.,"{""atr_20"": 0.108483, ""bollinger_lower"": 64.824337, ""breakout_level"": 65.468468, ""close"": 65.562218, ""ema_10"": 65.383418, ""momentum_126"": 0.003805, ""momentum_63"": 0.004902, ""realized_vol_20"": 0.012798, ""rsi_2"": 92.845188, ""sma_100"": 65.238255, ""sma_200"": 65.040805, ""sma_50"": 65.251961, ""volume"": 773700.0, ""volume_sma_20"": 853285.0}",2582.896193228617,2583.5891033415696,3131.6123606970536,-548.023257355484,22.879902204921812,26.181385582177683,1.0921367685588517,4.393620145814724,-85.11212516082253,14.88787483917747,active,65.54025450998233,65.32328921147318,65.34941092584752,65.3167362203846,65.34941092584752,,15.216642476661372,997.3026207077942,45.0,3.301483377255872,3.301483377255872,0.0733662972723527,0.2169652985091517,0.003310412816235037,-3.4011978998035857,-1.0302029455106918,0.9956020217578925,0.0,stop_loss,stop loss,True,False,False,False,False,10,sideways_low_volatility,True,valid_loss,,True,trend breakout
78,E_breakout_vcb,v1_fixed_rules,SMH,equity_index,2009-07-15,2009-07-16,2009-07-15,2009-07-23,bull_normal_volatility,bull_normal_volatility,69.07682037353516,64.21175458908081,True,0.30515860201250633,normal_volatility,volatility_contraction_breakout,volume_confirmed_breakout,Breakout and volume/volatility filters were satisfied.,"{""atr_20"": 0.263454, ""bollinger_lower"": 8.609529, ""breakout_level"": 9.268666, ""close"": 9.722969, ""ema_10"": 9.1585, ""momentum_126"": 0.329849, ""momentum_63"": 0.161258, ""realized_vol_20"": 0.305159, ""rsi_2"": 100.0, ""sma_100"": 8.410029, ""sma_200"": 8.071954, ""sma_50"": 8.891889, ""volume"": 36004800.0, ""volume_sma_20"": 23801130.0}",2613.10232598005,2638.282452903531,3131.6123606970536,-493.3299077935226,47.58905380532626,47.69785937907752,44.582227963075866,44.69103353682713,-65.10493955434201,14.89506044565799,active,9.621631333695971,9.226450183755269,9.675204591594094,10.406787636760589,9.675204591594094,10.411993633577376,0.2753308799460449,2.649132221622949,30.0,0.10880557375126353,0.10880557375126353,0.0036268524583754507,0.3951811499407025,0.04107215670971889,0.21617777581796466,1.9868263027789443,0.0027572211095319315,0.0,target_hit,target hit,False,True,False,False,False,5,bull_normal_volatility,True,valid_win,,True,volume-confirmed breakout
75,A_ETF_sector_momentum,v1_fixed_rules,QQQ,equity_index,2009-07-02,2009-07-06,2009-07-02,2009-08-17,sideways_low_volatility,sideways_low_volatility,66.52140808105469,65.04170576095581,True,0.19441742674973508,low_volatility,weekly_momentum_rotation,ranked_momentum_risk_on,Weekly momentum rotation selected an eligible top-ranked ETF.,"{""atr_20"": 0.613569, ""bollinger_lower"": 30.317448, ""breakout_level"": 31.947508, ""close"": 30.818146, ""ema_10"": 31.195211, ""momentum_126"": 0.200496, ""momentum_63"": 0.122285, ""rank_at_signal"": 1.0, ""rank_score"": 0.830124, ""realized_vol_20"": 0.194417, ""rsi_2"": 2.439693, ""score"": 0.830124, ""sma_100"": 28.117586, ""sma_200"": 27.581929, ""sma_50"": 30.391072, ""volume"": 113309800.0, ""volume_sma_20"": 114131930.0}",2609.346797169139,2606.2764498548195,3131.6123606970536,-525.3359108422342,24.554883191044663,46.34264862740763,23.290584807357288,45.07835024372025,-14.33904925021049,115.6609507497895,active,30.642994847460972,29.415855860561013,33.37839159260419,33.361702396807885,33.37839159260419,,17.754928878434516,544.0641941389049,45.0,21.78776543636296,21.78776543636296,0.48417256525251023,1.2271389868999591,0.04004631378259811,48.27045917991744,2.215484617773416,0.5681994237288637,0.0,stop_loss,stop loss,True,False,False,False,False,30,sideways_low_volatility,True,valid_win,,True,weekly rank score=0.8301
77,B_ETF_trend_following,v1_fixed_rules,QQQ,equity_index,2009-07-15,2009-07-16,2009-07-15,2009-08-17,bull_normal_volatility,bull_normal_volatility,69.07682037353516,64.21175458908081,True,0.24144201066990983,normal_volatility,trend_following_breakout,trend_breakout,Trend filter and 20-day breakout conditions were met.,"{""atr_20"": 0.616471, ""bollinger_lower"": 29.732365, ""breakout_level"": 31.55397, ""close"": 31.960833, ""ema_10"": 30.889642, ""momentum_126"": 0.253861, ""momentum_63"": 0.140907, ""realized_vol_20"": 0.241442, ""rsi_2"": 100.0, ""sma_100"": 28.512282, ""sma_200"": 27.384942, ""sma_50"": 30.585913, ""volume"": 160869700.0, ""volume_sma_20"": 118449240.0}",2613.10232598005,2621.410415052661,3131.6123606970536,-510.2019456443927,6.972191600657997,47.58905380532626,3.965365758407597,44.582227963075866,-87.09930458593422,12.90069541406578,active,31.82958974474662,30.596648449795364,33.37839159260419,33.361702396807885,33.37839159260419,,32.94306255373986,1048.5641660210645,45.0,40.616862204668266,40.616862204668266,0.9025969378815171,1.2329412949512566,0.03873569545943488,50.47248293623053,1.2426485010560346,1.0738004074891798,0.0,stop_loss,stop loss,True,False,False,False,False,22,bull_normal_volatility,True,valid_win,,True,trend breakout
82,A_ETF_sector_momentum,v1_fixed_rules,XLF,equity_index,2009-08-21,2009-08-24,2009-08-21,2009-09-01,bull_low_volatility,bull_low_volatility,76.26891326904297,64.47972047805786,True,0.3275866330450914,low_volatility,weekly_momentum_rotation,ranked_momentum_risk_on,Weekly momentum rotation selected an eligible top-ranked ETF.,"{""atr_20"": 0.233684, ""bollinger_lower"": 7.525089, ""breakout_level"": 8.676217, ""close"": 8.797142, ""ema_10"": 8.496653, ""momentum_126"": 1.057344, ""momentum_63"": 0.254291, ""rank_at_signal"": 2.0, ""rank_score"": 2.001967, ""realized_vol_20"": 0.327587, ""rsi_2"": 100.0, ""score"": 2.001967, ""sma_100"": 7.201889, ""sma_200"": 6.636571, ""sma_50"": 7.609333, ""volume"": 134382361.0, ""volume_sma_20"": 145768077.25}",2710.8875735841193,2703.5969515898287,3131.6123606970536,-428.01540910722497,26.657965553950156,58.993097359434046,22.95994605985313,55.29507786533702,22.404616751510126,152.40461675151013,active,8.928570019947115,8.461201764595199,8.461201764595199,8.456971163712902,8.461201764595199,,69.18555429301972,617.7280658740792,45.0,32.33513180548389,32.33513180548389,0.7185584845663087,0.46736825535191606,0.05234525285771174,-32.627828272518116,-1.0090519645565381,0.6014141517378202,0.0,stop_loss,stop loss,True,False,False,False,False,6,bull_low_volatility,True,valid_loss,,True,weekly rank score=2.0020
83,E_breakout_vcb,v1_fixed_rules,BIL,bond,2009-09-02,2009-09-03,2009-09-02,2009-09-09,bull_low_volatility,bull_low_volatility,73.93573760986328,64.87461725234985,True,0.005690262784258964,low_volatility,volatility_contraction_breakout,volume_confirmed_breakout,Breakout and volume/volatility filters were satisfied.,"{""atr_20"": 0.029902, ""bollinger_lower"": 74.065982, ""breakout_level"": 74.119766, ""close"": 74.139175, ""ema_10"": 74.106491, ""momentum_126"": 0.000262, ""momentum_63"": 0.000545, ""realized_vol_20"": 0.00569, ""rsi_2"": 58.833333, ""sma_100"": 74.100839, ""sma_200"": 74.081942, ""sma_50"": 74.107331, ""volume"": 334750.0, ""volume_sma_20"": 165917.5}",2671.348248409833,2678.893321420641,3131.6123606970536,-452.7190392764128,7.1050613480404445,7.45901071767953,0.31980104590268643,0.673750415541772,-64.88876177852404,15.111238221475958,active,74.14390937021155,74.09905690169822,74.09905690169822,74.06200737324737,74.09905690169822,74.2336143072382,7.891413368562329,585.1002376015612,30.0,0.35394936963908546,0.35394936963908546,0.011798312321302849,0.04485246851332647,0.0006049380035974558,-0.6463225137550593,-1.8260309784252489,0.5847770763446836,0.0,stop_loss,stop loss,True,False,False,False,False,3,bull_low_volatility,True,valid_loss,,True,volume-confirmed breakout
80,A_ETF_sector_momentum,v1_fixed_rules,SMH,equity_index,2009-07-24,2009-07-27,2009-07-24,2009-09-14,bull_low_volatility,bull_low_volatility,72.63212585449219,63.895982837677,True,0.2641080653108363,low_volatility,weekly_momentum_rotation,ranked_momentum_risk_on,Weekly momentum rotation selected an eligible top-ranked ETF.,"{""atr_20"": 0.274706, ""bollinger_lower"": 8.305043, ""breakout_level"": 10.525434, ""close"": 10.529679, ""ema_10"": 10.035822, ""momentum_126"": 0.452841, ""momentum_63"": 0.224691, ""rank_at_signal"": 1.0, ""rank_score"": 1.282681, ""realized_vol_20"": 0.264108, ""rsi_2"": 100.0, ""score"": 1.282681, ""sma_100"": 8.643168, ""sma_200"": 8.086878, ""sma_50"": 9.134751, ""volume"": 19405800.0, ""volume_sma_20"": 23775980.0}",2725.1629989371236,2738.328726417961,3131.6123606970536,-393.28363427909244,41.817107466594834,49.5332785877124,41.817107466594834,49.5332785877124,33.762389082907845,163.76238908290784,active,10.45848151206686,9.909070412644015,10.48881406207712,10.812987088965238,10.48881406207712,,14.04443981787658,146.88351418259788,45.0,7.716171121117568,7.716171121117568,0.17147046935816818,0.549411099422846,0.052532587908573784,4.978832239850882,0.6452464780394574,0.1493729303025233,0.0,rank_drop_exit,rank drop exit,False,False,False,False,False,34,bull_low_volatility,True,valid_win,,True,weekly rank score=1.2827
81,B_ETF_trend_following,v1_fixed_rules,SHY,bond,2009-08-17,2009-08-18,2009-08-17,2009-09-18,bull_low_volatility,bull_low_volatility,72.81729125976562,64.40409349441528,True,0.017470278666516598,low_volatility,trend_following_breakout,trend_breakout,Trend filter and 20-day breakout conditions were met.,"{""atr_20"": 0.112902, ""bollinger_lower"": 65.109227, ""breakout_level"": 65.499695, ""close"": 65.524887, ""ema_10"": 65.354551, ""momentum_126"": 0.003375, ""momentum_63"": 0.002932, ""realized_vol_20"": 0.01747, ""rsi_2"": 100.0, ""sma_100"": 65.291805, ""sma_200"": 65.222868, ""sma_50"": 65.283327, ""volume"": 750800.0, ""volume_sma_20"": 851840.0}",2669.4129772334895,2684.1080910050955,3131.6123606970536,-447.50426969195814,25.102948443799864,28.80096793789689,0.0,3.698019494097025,-40.86471025923739,59.13528974076261,active,65.55765084927974,65.33184635239651,65.56735072512666,65.53456704976409,65.56735072512666,,16.37708524471685,1073.6432364020382,45.0,3.698019494097025,3.698019494097025,0.08217821097993389,0.225804496883228,0.0034443652870107203,-0.3780453524396933,-0.10222913996076802,1.0734542137258183,0.0,stop_loss,stop loss,True,False,False,False,False,22,bull_low_volatility,True,valid_loss,,True,trend breakout
85,A_ETF_sector_momentum,v1_fixed_rules,XLP,equity_index,2009-09-11,2009-09-14,2009-09-11,2009-09-21,bull_low_volatility,bull_low_volatility,77.60216522216797,65.37489583969116,True,0.08557390465883638,low_volatility,weekly_momentum_rotation,ranked_momentum_risk_on,Weekly momentum rotation selected an eligible top-ranked ETF.,"{""atr_20"": 0.16955, ""bollinger_lower"": 15.343559, ""breakout_level"": 16.045269, ""close"": 16.115259, ""ema_10"": 15.883448, ""momentum_126"": 0.248787, ""momentum_63"": 0.0852, ""rank_at_signal"": 1.0, ""rank_score"": 1.951451, ""realized_vol_20"": 0.085574, ""rsi_2"": 100.0, ""score"": 1.951451, ""sma_100"": 14.931832, ""sma_200"": 14.410437, ""sma_50"": 15.445834, ""volume"": 6393000.0, ""volume_sma_20"": 4159355.0}",2712.275406768247,2707.6216192821857,3131.6123606970536,-423.9907414148679,13.762842972758703,16.983460291876057,13.762842972758703,16.983460291876057,-6.363557499685224,123.63644250031477,active,15.989633335514885,15.650533543763721,15.859911339172413,16.247821783698054,15.859911339172413,,9.497550271221314,151.86234642244875,45.0,3.2206173191173524,3.2206173191173524,0.07156927375816338,0.33909979175116334,0.02120747765978987,2.4521577660682703,0.7613937090608184,0.1530884253054829,0.0,rank_drop_exit,rank drop exit,False,False,False,False,False,5,bull_low_volatility,True,valid_win,,True,weekly rank score=1.9515
79,B_ETF_trend_following,v1_fixed_rules,SMH,equity_index,2009-07-23,2009-07-24,2009-07-23,2009-10-01,bull_low_volatility,bull_low_volatility,72.33586120605469,63.89563451766968,True,0.2636008473423666,low_volatility,trend_following_breakout,trend_breakout,Trend filter and 20-day breakout conditions were met.,"{""atr_20"": 0.274069, ""bollinger_lower"": 8.317437, ""breakout_level"": 10.351354, ""close"": 10.525434, ""ema_10"": 9.926076, ""momentum_126"": 0.515281, ""momentum_63"": 0.241362, ""realized_vol_20"": 0.263601, ""rsi_2"": 100.0, ""sma_100"": 8.605508, ""sma_200"": 8.078705, ""sma_50"": 9.085924, ""volume"": 25524600.0, ""volume_sma_20"": 23698840.0}",2723.765118490941,2710.599391010103,3131.6123606970536,-421.0129696869508,0.0,45.0,0.0,45.0,-24.10192183911562,75.89807816088438,active,10.352282475150087,9.804145153252344,10.551440293180361,10.546164573033773,10.551440293180361,,82.09621604345878,849.8832186228337,45.0,45.0,45.0,1.0,0.5481373218977428,0.05294845105062648,15.916986594818066,0.35371081321817927,0.8578417119202428,0.0,stop_loss,stop loss,True,False,False,False,False,48,bull_low_volatility,True,valid_win,,True,trend breakout
86,A_ETF_sector_momentum,v1_fixed_rules,QQQ,equity_index,2009-09-18,2009-09-21,2009-09-18,2009-10-01,bull_low_volatility,bull_low_volatility,79.42302703857422,65.78051385879516,True,0.13762227951490216,low_volatility,weekly_momentum_rotation,ranked_momentum_risk_on,Weekly momentum rotation selected an eligible top-ranked ETF.,"{""atr_20"": 0.529382, ""bollinger_lower"": 33.621249, ""breakout_level"": 36.72208, ""close"": 36.774918, ""ema_10"": 36.060645, ""momentum_126"": 0.457618, ""momentum_63"": 0.174808, ""rank_at_signal"": 1.0, ""rank_score"": 2.297687, ""realized_vol_20"": 0.137622, ""rsi_2"": 87.648818, ""score"": 2.297687, ""sma_100"": 32.367439, ""sma_200"": 29.108373, ""sma_50"": 34.24729, ""volume"": 87444200.0, ""volume_sma_20"": 99295400.0}",2711.9817493880746,2705.333557740161,3131.6123606970536,-426.27880295689283,11.781843454743626,43.09837410150747,11.781843454743626,43.09837410150747,-3.9113997336169537,126.08860026638304,active,36.58525818933208,35.52649469968033,35.65664114846688,35.63881282789265,35.65664114846688,,29.57840060868026,1082.1334230960645,45.0,31.31653064676384,31.31653064676384,0.6959229032614187,1.0587634896517528,0.02893962054805119,-27.99434005488265,-0.8939157523751917,1.068136253068623,0.0,stop_loss,stop loss,True,False,False,False,False,8,bull_low_volatility,True,valid_loss,,True,weekly rank score=2.2977
87,A_ETF_sector_momentum,v1_fixed_rules,XLI,equity_index,2009-09-18,2009-09-21,2009-09-18,2009-10-01,bull_low_volatility,bull_low_volatility,79.42302703857422,65.78051385879516,True,0.1765766044536628,low_volatility,weekly_momentum_rotation,ranked_momentum_risk_on,Weekly momentum rotation selected an eligible top-ranked ETF.,"{""atr_20"": 0.363695, ""bollinger_lower"": 17.56811, ""breakout_level"": 19.940662, ""close"": 19.826153, ""ema_10"": 19.380349, ""momentum_126"": 0.571857, ""momentum_63"": 0.223116, ""rank_at_signal"": 2.0, ""rank_score"": 2.251072, ""realized_vol_20"": 0.176577, ""rsi_2"": 24.171119, ""score"": 2.251072, ""sma_100"": 17.059718, ""sma_200"": 15.859743, ""sma_50"": 17.881511, ""volume"": 9784500.0, ""volume_sma_20"": 10723760.0}",2711.9817493880746,2714.275891981484,3131.6123606970536,-417.3364687155695,43.09837410150747,48.45370552800532,43.09837410150747,48.45370552800532,5.0309345077067675,135.03093450770677,active,19.755271898304116,19.027882829626773,19.058596587367955,19.049067289074273,19.058596587367955,,7.362402952020971,145.44627214205116,45.0,5.355331426497858,5.355331426497858,0.11900736503328574,0.7273890686773434,0.0368199978426916,-5.199362899724613,-0.9708760272050536,0.14284659069218886,0.0,stop_loss,stop loss,True,False,False,False,False,8,bull_low_volatility,True,valid_loss,,True,weekly rank score=2.2511
84,E_breakout_vcb,v1_fixed_rules,XLK,equity_index,2009-09-10,2009-09-11,2009-09-10,2009-10-02,bull_low_volatility,bull_low_volatility,77.61698913574219,65.29529174804688,True,0.17963045361791496,low_volatility,volatility_contraction_breakout,volume_confirmed_breakout,Breakout and volume/volatility filters were satisfied.,"{""atr_20"": 0.129837, ""bollinger_lower"": 7.715219, ""breakout_level"": 8.158364, ""close"": 8.270394, ""ema_10"": 8.064357, ""momentum_126"": 0.419606, ""momentum_63"": 0.126616, ""realized_vol_20"": 0.17963, ""rsi_2"": 100.0, ""sma_100"": 7.38037, ""sma_200"": 6.706968, ""sma_50"": 7.749284, ""volume"": 31455000.0, ""volume_sma_20"": 13949680.0}",2728.4333950272385,2711.719217778912,3131.6123606970536,-419.8931429181416,0.0006657384552390667,13.763508711213943,0.0,13.762842972758703,-65.5350842922791,14.464915707720905,active,8.270527006192113,8.075770907294082,8.12336358285335,8.064105769308476,8.12336358285335,8.660039203988175,70.66707050835184,584.4539150878061,30.0,13.762842972758703,13.762842972758703,0.4587614324252901,0.19475609889803103,0.023548209050308144,-14.587184101277167,-1.059896137022715,0.5771603230371676,0.0,failed_breakout_exit,failed breakout exit,False,False,False,False,False,15,bull_low_volatility,True,valid_loss,,True,volume-confirmed breakout
89,E_breakout_vcb,v1_fixed_rules,TLT,bond,2009-10-01,2009-10-02,2009-10-01,2009-10-02,bull_low_volatility,bull_low_volatility,76.6321792602539,66.42916109085083,True,0.14262918296002453,low_volatility,volatility_contraction_breakout,volume_confirmed_breakout,Breakout and volume/volatility filters were satisfied.,"{""atr_20"": 0.743502, ""bollinger_lower"": 57.565433, ""breakout_level"": 60.752159, ""close"": 61.471992, ""ema_10"": 60.206109, ""momentum_126"": -0.032768, ""momentum_63"": 0.067525, ""realized_vol_20"": 0.142629, ""rsi_2"": 93.75786, ""sma_100"": 57.450959, ""sma_200"": 60.700235, ""sma_50"": 58.143938, ""volume"": 5754400.0, ""volume_sma_20"": 3507770.0}",2634.8787809671057,2629.151789933794,3131.6123606970536,-502.4605707632595,3.066580276886092,22.026443377271825,3.066580276886092,22.026443377271825,-80.12226839355625,0.0,active,61.86058409468507,60.74533067889174,60.74533067889174,61.0161037311554,60.74533067889174,64.09109092627173,17.000497673345993,1051.6607159735177,30.0,18.959863100385732,18.959863100385732,0.6319954366795244,1.1152534157933331,0.018028497986477196,-14.356586455372645,-0.7572093943590007,1.0444824227458314,0.0,strategy_loss_budget,strategy loss budget,False,False,False,False,False,1,bull_low_volatility,True,risk_limit_exit,,True,volume-confirmed breakout
90,E_breakout_vcb,v1_fixed_rules,IEF,bond,2009-10-01,2009-10-02,2009-10-01,2009-10-02,bull_low_volatility,bull_low_volatility,76.6321792602539,66.42916109085083,True,0.06327836188554843,low_volatility,volatility_contraction_breakout,volume_confirmed_breakout,Breakout and volume/volatility filters were satisfied.,"{""atr_20"": 0.371105, ""bollinger_lower"": 61.841405, ""breakout_level"": 63.041111, ""close"": 63.515358, ""ema_10"": 62.880578, ""momentum_126"": -0.015629, ""momentum_63"": 0.032404, ""realized_vol_20"": 0.063278, ""rsi_2"": 100.0, ""sma_100"": 61.651834, ""sma_200"": 62.881957, ""sma_50"": 61.93601, ""volume"": 1762800.0, ""volume_sma_20"": 670415.0}",2634.8787809671057,2615.314114998941,3131.6123606970536,-516.2982456981126,22.026443377271825,28.459025432944014,22.026443377271825,28.459025432944014,-93.9599433284096,0.0,active,63.821043910011966,63.04111099243164,63.04111099243164,63.456285465240484,63.04111099243164,65.38090974517262,8.247609391367558,526.3710411190959,30.0,6.432582055672189,6.432582055672189,0.21441940185573963,0.7799329175803251,0.012220623007671811,-3.0083851746779,-0.46767925362493196,0.524866848531757,0.0,strategy_loss_budget,strategy loss budget,False,False,False,False,False,1,bull_low_volatility,True,risk_limit_exit,,True,volume-confirmed breakout
88,B_ETF_trend_following,v1_fixed_rules,SHY,bond,2009-10-01,2009-10-02,2009-10-01,2009-10-09,bull_low_volatility,bull_low_volatility,76.6321792602539,66.42916109085083,True,0.01248611211965308,low_volatility,trend_following_breakout,trend_breakout,Trend filter and 20-day breakout conditions were met.,"{""atr_20"": 0.096122, ""bollinger_lower"": 65.603478, ""breakout_level"": 65.805145, ""close"": 65.87101, ""ema_10"": 65.759621, ""momentum_126"": 0.008434, ""momentum_63"": 0.006509, ""realized_vol_20"": 0.012486, ""rsi_2"": 100.0, ""sma_100"": 65.412935, ""sma_200"": 65.335375, ""sma_50"": 65.533313, ""volume"": 1122900.0, ""volume_sma_20"": 803985.0}",2634.8787809671057,2630.0529284876893,3131.6123606970536,-501.55943220936433,0.0,3.066580276886092,0.0,3.066580276886092,-23.15815157872966,76.84184842127034,active,65.9511150997572,65.75887145076736,65.75887145076736,65.72599201504198,65.75887145076736,,15.951529702019378,1052.0211713950757,45.0,3.066580276886092,3.066580276886092,0.06814622837524649,0.19224364898984447,0.002914941600290731,-3.59105757244508,-1.1710300230886372,1.0502256426088532,0.0,stop_loss,stop loss,True,False,False,False,False,5,bull_low_volatility,True,valid_loss,,True,trend breakout
92,A_ETF_sector_momentum,v1_fixed_rules,XLF,equity_index,2009-10-02,2009-10-05,2009-10-02,2009-10-12,bull_low_volatility,bull_low_volatility,76.27495574951172,66.47728384017944,True,0.2929153012324924,low_volatility,weekly_momentum_rotation,ranked_momentum_risk_on,Weekly momentum rotation selected an eligible top-ranked ETF.,"{""atr_20"": 0.217159, ""bollinger_lower"": 8.521478, ""breakout_level"": 9.303535, ""close"": 8.66672, ""ema_10"": 8.918789, ""momentum_126"": 0.486916, ""momentum_63"": 0.248632, ""rank_at_signal"": 2.0, ""rank_score"": 1.255564, ""realized_vol_20"": 0.292915, ""rsi_2"": 1.492432, ""score"": 1.255564, ""sma_100"": 7.899772, ""sma_200"": 6.875635, ""sma_50"": 8.610031, ""volume"": 158977372.0, ""volume_sma_20"": 124371930.75}",2611.786818303744,2614.567819172536,3131.6123606970536,-517.0445415245176,24.099494319311965,49.62117461244037,21.032914042425872,46.554594335554285,-34.324101819432,95.675898180568,active,8.78027814295588,8.345959783113237,8.67543326027048,9.280695587431318,8.67543326027048,,58.76260976481669,515.9520581410657,45.0,25.52168029312841,25.52168029312841,0.567148450958409,0.4343183598426421,0.049465216565044816,29.405835009217007,1.1521903993576155,0.5306549756456742,0.0,rank_drop_exit,rank drop exit,False,False,False,False,False,5,bull_low_volatility,True,valid_win,,True,weekly rank score=1.2556
91,A_ETF_sector_momentum,v1_fixed_rules,XLP,equity_index,2009-10-02,2009-10-05,2009-10-02,2009-10-26,bull_low_volatility,bull_low_volatility,76.27495574951172,66.47728384017944,True,0.08785046786330486,low_volatility,weekly_momentum_rotation,ranked_momentum_risk_on,Weekly momentum rotation selected an eligible top-ranked ETF.,"{""atr_20"": 0.163204, ""bollinger_lower"": 15.865787, ""breakout_level"": 16.313612, ""close"": 16.217497, ""ema_10"": 16.200572, ""momentum_126"": 0.177169, ""momentum_63"": 0.091212, ""rank_at_signal"": 1.0, ""rank_score"": 1.527485, ""realized_vol_20"": 0.08785, ""rsi_2"": 25.805646, ""score"": 1.527485, ""sma_100"": 15.263184, ""sma_200"": 14.533076, ""sma_50"": 15.811394, ""volume"": 5437500.0, ""volume_sma_20"": 5878705.0}",2611.786818303744,2611.786818303744,3131.6123606970536,-519.8255423933097,3.066580276886092,24.099494319311965,0.0,21.032914042425872,-37.105102688224214,92.8948973117758,active,16.212791032117057,15.886383993670673,16.589137793868755,16.580843224971822,16.589137793868755,,64.43768535916787,1044.7147273214975,45.0,21.032914042425872,21.032914042425872,0.46739808983168607,0.3264070384463835,0.02013268645724113,23.716431398927156,1.1275865698442125,1.056572943020961,0.0,stop_loss,stop loss,True,False,False,False,False,15,bull_low_volatility,True,valid_win,,True,weekly rank score=1.5275
94,B_ETF_trend_following,v1_fixed_rules,XLP,equity_index,2009-10-09,2009-10-12,2009-10-09,2009-10-26,bull_low_volatility,bull_low_volatility,79.82489013671875,66.83676425933838,True,0.08475490895577634,low_volatility,trend_following_breakout,trend_breakout,Trend filter and 20-day breakout conditions were met.,"{""atr_20"": 0.163766, ""bollinger_lower"": 15.946073, ""breakout_level"": 16.56991, ""close"": 16.608362, ""ema_10"": 16.387618, ""momentum_126"": 0.217255, ""momentum_63"": 0.120389, ""realized_vol_20"": 0.084755, ""rsi_2"": 100.0, ""sma_100"": 15.371198, ""sma_200"": 14.579394, ""sma_50"": 15.897501, ""volume"": 3633700.0, ""volume_sma_20"": 5421825.0}",2661.770498382167,2665.9992243880843,3131.6123606970536,-465.6131363089694,32.78107729430415,43.16448794241572,32.78107729430415,43.16448794241572,-26.749209151174743,73.25079084882526,active,16.603839635931923,16.276307619070327,16.589137793868755,16.580843224971822,16.589137793868755,,31.701971451845097,526.3744501293279,45.0,10.383410648111573,10.383410648111573,0.23074245884692385,0.3275320168615963,0.019726281633845284,-0.729031563752008,-0.0702111847887473,0.5260099343474519,0.0,stop_loss,stop loss,True,False,False,False,False,10,bull_low_volatility,True,valid_loss,,True,trend breakout
93,A_ETF_sector_momentum,v1_fixed_rules,QQQ,equity_index,2009-10-09,2009-10-12,2009-10-09,2009-10-28,bull_low_volatility,bull_low_volatility,79.82489013671875,66.83676425933838,True,0.16424183288029476,low_volatility,weekly_momentum_rotation,ranked_momentum_risk_on,Weekly momentum rotation selected an eligible top-ranked ETF.,"{""atr_20"": 0.55232, ""bollinger_lower"": 35.547704, ""breakout_level"": 36.956882, ""close"": 36.809589, ""ema_10"": 36.358659, ""momentum_126"": 0.294418, ""momentum_63"": 0.194748, ""rank_at_signal"": 2.0, ""rank_score"": 1.489164, ""realized_vol_20"": 0.164242, ""rsi_2"": 100.0, ""score"": 1.489164, ""sma_100"": 33.393611, ""sma_200"": 29.933721, ""sma_50"": 35.32644, ""volume"": 62828000.0, ""volume_sma_20"": 105775005.0}",2661.770498382167,2668.5338921089633,3131.6123606970536,-463.07846858809035,0.8920659931439936,32.78107729430415,0.8920659931439936,32.78107729430415,22.331890135545013,152.33189013554502,active,36.975386004495405,35.87074526370435,36.139132220466905,36.12106265435667,36.139132220466905,,28.86821943424231,1067.4135568435854,45.0,31.889011301160156,31.889011301160156,0.7086446955813368,1.104640740791055,0.029875029314278278,-24.66279393960202,-0.7733947505203701,1.0550821598737845,0.0,stop_loss,stop loss,True,False,False,False,False,12,bull_low_volatility,True,valid_loss,,True,weekly rank score=1.4892
96,B_ETF_trend_following,v1_fixed_rules,BIL,bond,2009-10-30,2009-11-02,2009-10-30,2009-11-02,bull_normal_volatility,bull_normal_volatility,77.07128143310547,67.97517316818238,True,0.004240378672178671,normal_volatility,trend_following_breakout,trend_breakout,Trend filter and 20-day breakout conditions were met.,"{""atr_20"": 0.025858, ""bollinger_lower"": 74.076152, ""breakout_level"": 74.126213, ""close"": 74.14238, ""ema_10"": 74.107605, ""momentum_126"": 0.00133, ""momentum_63"": 0.000741, ""realized_vol_20"": 0.00424, ""rsi_2"": 100.0, ""sma_100"": 74.108686, ""sma_200"": 74.095258, ""sma_50"": 74.10749, ""volume"": 190950.0, ""volume_sma_20"": 141737.5}",2636.8273401899837,2640.8837021202157,3131.6123606970536,-490.7286585768379,28.79451475063416,29.53095301888245,0.0,0.7364382682482902,-27.478240714926752,72.52175928507324,active,74.18108445739746,74.12936901331076,74.12936901331076,74.09230432880412,74.12936901331076,,14.240200026392914,1056.3534808480863,45.0,0.7364382682482902,0.7364382682482902,0.016365294849962003,0.05171544408669604,0.0006971513623044492,-1.2642467895380758,-1.7167043648413922,1.0557213574533173,0.0,stop_loss,stop loss,True,False,False,False,False,0,bull_normal_volatility,True,valid_loss,,True,trend breakout
97,B_ETF_trend_following,v1_fixed_rules,BIL,bond,2009-11-02,2009-11-03,2009-11-02,2009-11-03,bull_normal_volatility,bull_normal_volatility,77.63684844970703,68.0523371887207,True,0.0039639850576450465,normal_volatility,trend_following_breakout,trend_breakout,Trend filter and 20-day breakout conditions were met.,"{""atr_20"": 0.02505, ""bollinger_lower"": 74.073636, ""breakout_level"": 74.14238, ""close"": 74.144012, ""ema_10"": 74.114225, ""momentum_126"": 0.001134, ""momentum_63"": 0.000545, ""realized_vol_20"": 0.003964, ""rsi_2"": 100.0, ""sma_100"": 74.109623, ""sma_200"": 74.095501, ""sma_50"": 74.108622, ""volume"": 245400.0, ""volume_sma_20"": 147320.0}",2639.6194553306777,2665.185193260738,3131.6123606970536,-466.4271674363158,28.79451475063416,29.514510142315164,0.0,0.719995391681004,-28.742487504464826,71.25751249553517,active,74.18108445739746,74.13098471283348,74.13098471283348,74.09391922047706,74.13098471283348,,14.371238774711447,1066.074077304295,45.0,0.719995391681004,0.719995391681004,0.015999897592911202,0.0500997445639797,0.0006753708837021952,-1.2526724326373417,-1.7398339588155889,1.0654477410879766,0.0,stop_loss,stop loss,True,False,False,False,False,0,bull_normal_volatility,True,valid_loss,,True,trend breakout
95,A_ETF_sector_momentum,v1_fixed_rules,GLD,commodity_alternative,2009-10-30,2009-11-02,2009-10-30,2009-12-04,bull_normal_volatility,bull_normal_volatility,77.07128143310547,67.97517316818238,True,0.1692666184986877,normal_volatility,weekly_momentum_rotation,ranked_momentum_risk_on,Weekly momentum rotation selected an eligible top-ranked ETF.,"{""atr_20"": 1.413499, ""bollinger_lower"": 100.59538, ""breakout_level"": 104.260002, ""close"": 102.529999, ""ema_10"": 102.490774, ""momentum_126"": 0.156701, ""momentum_63"": 0.092255, ""rank_at_signal"": 2.0, ""rank_score"": 0.735397, ""realized_vol_20"": 0.169267, ""rsi_2"": 92.452667, ""score"": 0.735397, ""sma_100"": 95.7146, ""sma_200"": 93.13905, ""sma_50"": 99.226, ""volume"": 15244500.0, ""volume_sma_20"": 16819970.0}",2636.8273401899837,2636.8273401899837,3131.6123606970536,-494.78502050706993,0.0,28.79451475063416,0.0,28.79451475063416,-8.645630219682072,121.35436978031792,active,103.55175,100.72475186157226,115.15750122070312,115.09992247009278,115.15750122070312,,10.185544291390473,1054.7309360759934,45.0,28.79451475063416,28.79451475063416,0.639878105569648,2.82699813842774,0.0273003415048779,117.62442217874613,4.084959347201904,1.1135431471653665,0.0,stop_loss,stop loss,True,False,False,False,False,23,bull_normal_volatility,True,valid_win,,True,weekly rank score=0.7354
98,B_ETF_trend_following,v1_fixed_rules,GLD,commodity_alternative,2009-11-03,2009-11-04,2009-11-03,2009-12-04,bull_normal_volatility,bull_normal_volatility,77.88249969482422,68.14714715957642,True,0.16753567545683387,normal_volatility,trend_following_breakout,trend_breakout,Trend filter and 20-day breakout conditions were met.,"{""atr_20"": 1.444499, ""bollinger_lower"": 100.971282, ""breakout_level"": 104.260002, ""close"": 106.459999, ""ema_10"": 103.429526, ""momentum_126"": 0.188966, ""momentum_63"": 0.123233, ""realized_vol_20"": 0.167536, ""rsi_2"": 100.0, ""sma_100"": 95.96, ""sma_200"": 93.35495, ""sma_50"": 99.7144, ""volume"": 33610400.0, ""volume_sma_20"": 17010190.0}",2663.9325208281,2670.4512629578276,3131.6123606970536,-461.1610977392261,7.160426757512603,35.95726694052466,7.160426757512603,35.95726694052466,-29.99515993710217,70.00484006289783,active,107.16355561065673,104.27455719757079,115.15750122070312,115.09992247009278,115.15750122070312,,9.967759086531348,1068.1805051831311,45.0,28.796840183012055,28.796840183012055,0.6399297818447123,2.888998413085943,0.026958777138583957,79.10779287718994,2.7470997642254344,1.107734401621726,0.0,stop_loss,stop loss,True,False,False,False,False,21,bull_normal_volatility,True,valid_win,,True,trend breakout
99,B_ETF_trend_following,v1_fixed_rules,SHY,bond,2009-11-05,2009-11-06,2009-11-05,2009-12-04,bull_normal_volatility,bull_normal_volatility,79.51976013183594,68.32526189804076,True,0.016214359241294066,normal_volatility,trend_following_breakout,trend_breakout,Trend filter and 20-day breakout conditions were met.,"{""atr_20"": 0.095314, ""bollinger_lower"": 65.691893, ""breakout_level"": 65.902412, ""close"": 65.949539, ""ema_10"": 65.868805, ""momentum_126"": 0.010758, ""momentum_63"": 0.013012, ""realized_vol_20"": 0.016214, ""rsi_2"": 88.830189, ""sma_100"": 65.568859, ""sma_200"": 65.397064, ""sma_50"": 65.773533, ""volume"": 667900.0, ""volume_sma_20"": 933090.0}",2667.3994427320613,2676.4683677491253,3131.6123606970536,-455.1439929479284,28.796840183012055,30.27325566420867,0.0,1.4764154811966126,-27.33930341225182,72.66069658774818,active,66.02975588607788,65.8391271252122,66.13503199937294,66.05749567954916,66.13503199937294,,7.7449775914817565,511.3989797086838,45.0,1.4764154811966126,1.4764154811966126,0.03280923291548028,0.19062876086567826,0.002887012958136221,0.21484407882742454,0.14551735711501523,0.5115064017480975,0.0,stop_loss_gap,stop loss gap,True,False,False,True,False,19,bull_normal_volatility,True,valid_win,,True,trend breakout
101,A_ETF_sector_momentum,v1_fixed_rules,XLP,equity_index,2009-12-04,2009-12-07,2009-12-04,2009-12-18,bull_low_volatility,bull_low_volatility,82.61573791503906,70.4547632408142,True,0.10595169482955596,low_volatility,weekly_momentum_rotation,ranked_momentum_risk_on,Weekly momentum rotation selected an eligible top-ranked ETF.,"{""atr_20"": 0.181012, ""bollinger_lower"": 16.904814, ""breakout_level"": 17.415707, ""close"": 17.332413, ""ema_10"": 17.284711, ""momentum_126"": 0.15781, ""momentum_63"": 0.096744, ""rank_at_signal"": 2.0, ""rank_score"": 1.201273, ""realized_vol_20"": 0.105952, ""rsi_2"": 39.99949, ""score"": 1.201273, ""sma_100"": 16.267151, ""sma_200"": 15.114967, ""sma_50"": 16.836469, ""volume"": 8089800.0, ""volume_sma_20"": 5270695.0}",2831.2574801025717,2829.230040999105,3131.6123606970536,-302.3823196979488,29.193580951394615,52.933581481684044,29.193580951394615,52.933581481684044,106.95135285559721,236.9513528555972,active,17.25774501363409,16.895721715918615,16.93434975996422,16.92588258508424,16.93434975996422,,65.5758916072508,1131.692016399642,45.0,23.740000530289425,23.740000530289425,0.527555567339765,0.36202329771547426,0.020977439255793037,-21.76217464310403,-0.9166880436812996,1.1208109290780899,0.0,stop_loss,stop loss,True,False,False,False,False,9,bull_low_volatility,True,valid_loss,,True,weekly rank score=1.2013
100,A_ETF_sector_momentum,v1_fixed_rules,XLV,equity_index,2009-12-04,2009-12-07,2009-12-04,2010-01-04,bull_low_volatility,bull_low_volatility,82.61573791503906,70.4547632408142,True,0.1162234538097253,low_volatility,weekly_momentum_rotation,ranked_momentum_risk_on,Weekly momentum rotation selected an eligible top-ranked ETF.,"{""atr_20"": 0.301465, ""bollinger_lower"": 22.054621, ""breakout_level"": 23.558802, ""close"": 23.377689, ""ema_10"": 23.249525, ""momentum_126"": 0.225895, ""momentum_63"": 0.09218, ""rank_at_signal"": 1.0, ""rank_score"": 1.368379, ""realized_vol_20"": 0.116223, ""rsi_2"": 0.0, ""score"": 1.368379, ""sma_100"": 21.66733, ""sma_200"": 20.088758, ""sma_50"": 22.160515, ""volume"": 6784300.0, ""volume_sma_20"": 5368920.0}",2831.2574801025717,2831.2574801025717,3131.6123606970536,-300.354880594482,0.0,29.193580951394615,0.0,29.193580951394615,108.97879195906405,238.97879195906404,active,23.389383632075997,22.786453777351607,23.39232967179224,23.86668315861397,23.39232967179224,,48.419531264942094,1132.5029920410286,45.0,29.193580951394615,29.193580951394615,0.6487462433643247,0.6029298547243904,0.025777928320331524,23.110619347947427,0.7916335918647692,1.1440583017150023,0.0,rank_drop_exit,rank drop exit,False,False,False,False,False,18,bull_low_volatility,True,valid_win,,True,weekly rank score=1.3684
105,B_ETF_trend_following,v1_fixed_rules,BIL,bond,2009-12-31,2010-01-04,2009-12-31,2010-01-05,bull_low_volatility,bull_low_volatility,83.38223266601562,73.07960746765137,True,0.0037172312938641744,low_volatility,trend_following_breakout,trend_breakout,Trend filter and 20-day breakout conditions were met.,"{""atr_20"": 0.028614, ""bollinger_lower"": 74.07216, ""breakout_level"": 74.127876, ""close"": 74.134331, ""ema_10"": 74.108046, ""momentum_126"": 2.2e-05, ""momentum_63"": 0.000545, ""realized_vol_20"": 0.003717, ""rsi_2"": 100.0, ""sma_100"": 74.106228, ""sma_200"": 74.10208, ""sma_50"": 74.10503, ""volume"": 73700.0, ""volume_sma_20"": 116660.0}",2818.0022914832293,2857.30291775612,3131.6123606970536,-274.3094429409334,42.956473425754794,42.96807210133294,0.0,0.011598675578150999,56.783551918168676,156.78355191816868,active,74.13905600738525,74.08182868332474,74.08182868332474,74.06496932021187,74.08182868332474,,0.20267723100048982,15.026298580567072,45.0,0.011598675578150999,0.011598675578150999,0.0002577483461811333,0.05722732406050568,0.0007718917280900511,-0.015015684610299593,-1.2946033802846753,0.015018790738261923,0.0,trend_exit,trend exit,False,False,False,False,False,1,bull_low_volatility,True,valid_loss,,True,trend breakout
106,B_ETF_trend_following,v1_fixed_rules,XLK,equity_index,2010-01-04,2010-01-05,2010-01-04,2010-01-07,bull_low_volatility,bull_low_volatility,84.79638671875,73.21494689941406,True,0.12224531147852567,low_volatility,trend_following_breakout,trend_breakout,Trend filter and 20-day breakout conditions were met.,"{""atr_20"": 0.098338, ""bollinger_lower"": 8.729657, ""breakout_level"": 9.322357, ""close"": 9.378785, ""ema_10"": 9.224472, ""momentum_126"": 0.318344, ""momentum_63"": 0.153262, ""realized_vol_20"": 0.122245, ""rsi_2"": 62.962866, ""sma_100"": 8.518776, ""sma_200"": 7.7896, ""sma_50"": 8.825971, ""volume"": 16898800.0, ""volume_sma_20"": 13275550.0}",2857.2954083615273,2861.949821884809,3131.6123606970536,-269.66253881224475,42.60396548520116,42.918194246459,42.60396548520116,42.918194246459,58.797290374638074,158.79729037463807,active,9.395567406464677,9.198891510879285,9.198891510879285,9.194292065123847,9.198891510879285,,1.5976983876064972,15.011282895956773,45.0,0.3142287612578439,0.3142287612578439,0.00698286136128542,0.19667589558539156,0.020932838547895204,-0.32157728832519167,-1.0233859148918512,0.014850494251794178,0.0,stop_loss,stop loss,True,False,False,False,False,2,bull_low_volatility,True,valid_loss,,True,trend breakout
104,A_ETF_sector_momentum,v1_fixed_rules,XLK,equity_index,2009-12-31,2010-01-04,2009-12-31,2010-01-12,bull_low_volatility,bull_low_volatility,83.38223266601562,73.07960746765137,True,0.11390655291297157,low_volatility,weekly_momentum_rotation,ranked_momentum_risk_on,Weekly momentum rotation selected an eligible top-ranked ETF.,"{""atr_20"": 0.095902, ""bollinger_lower"": 8.722979, ""breakout_level"": 9.322357, ""close"": 9.241745, ""ema_10"": 9.19018, ""momentum_126"": 0.295438, ""momentum_63"": 0.136411, ""rank_at_signal"": 2.0, ""rank_score"": 1.89563, ""realized_vol_20"": 0.113907, ""rsi_2"": 28.570704, ""score"": 1.89563, ""sma_100"": 8.502691, ""sma_200"": 7.773123, ""sma_50"": 8.809396, ""volume"": 11526200.0, ""volume_sma_20"": 13075440.0}",2818.0022914832293,2851.4682820210223,3131.6123606970536,-280.1440786760313,19.511165989797703,42.956473425754794,19.511165989797703,42.956473425754794,121.73351897826157,251.73351897826157,active,9.331052450853042,9.13924828912462,9.145819767544522,9.14124685766075,9.145819767544522,,122.23565549716065,1140.587312808409,45.0,23.445307435957087,23.445307435957087,0.5210068319101575,0.19180416172842207,0.020555469250511757,-23.201011100887165,-0.9895801607320681,1.1289868072579654,0.0,stop_loss,stop loss,True,False,False,False,False,6,bull_low_volatility,True,valid_loss,,True,weekly rank score=1.8956
102,B_ETF_trend_following,v1_fixed_rules,XLI,equity_index,2009-12-04,2009-12-07,2009-12-04,2010-01-20,bull_low_volatility,bull_low_volatility,82.61573791503906,70.4547632408142,True,0.19969316167025242,low_volatility,trend_following_breakout,trend_breakout,Trend filter and 20-day breakout conditions were met.,"{""atr_20"": 0.3505, ""bollinger_lower"": 19.852014, ""breakout_level"": 20.64827, ""close"": 20.677626, ""ema_10"": 20.403416, ""momentum_126"": 0.19834, ""momentum_63"": 0.118898, ""realized_vol_20"": 0.199693, ""rsi_2"": 76.364452, ""sma_100"": 18.978119, ""sma_200"": 16.968864, ""sma_50"": 19.749519, ""volume"": 11692100.0, ""volume_sma_20"": 9206410.0}",2831.2574801025717,2832.866300821821,3131.6123606970536,-298.74605987523273,52.933581481684044,72.18236034487165,52.933581481684044,72.18236034487165,49.32747701891519,149.3274770189152,active,20.65124988002341,19.950248910899134,21.282390136456332,21.271748941388104,21.282390136456332,,27.458990373770938,567.0624716619011,45.0,19.248778863187606,19.248778863187606,0.427750641404169,0.7010009691242765,0.033944723597692565,17.03827775294702,0.8851614886351017,0.5755816105383746,0.0,stop_loss,stop loss,True,False,False,False,False,29,bull_low_volatility,True,valid_win,,True,trend breakout
103,A_ETF_sector_momentum,v1_fixed_rules,XLY,equity_index,2009-12-18,2009-12-21,2009-12-18,2010-01-21,bull_low_volatility,bull_low_volatility,82.4619140625,71.91315698623657,True,0.1414905129382932,low_volatility,weekly_momentum_rotation,ranked_momentum_risk_on,Weekly momentum rotation selected an eligible top-ranked ETF.,"{""atr_20"": 0.174495, ""bollinger_lower"": 11.580266, ""breakout_level"": 12.237635, ""close"": 12.148603, ""ema_10"": 12.081123, ""momentum_126"": 0.331041, ""momentum_63"": 0.075183, ""rank_at_signal"": 1.0, ""rank_score"": 1.435516, ""realized_vol_20"": 0.141491, ""rsi_2"": 29.662828, ""score"": 1.435516, ""sma_100"": 11.245108, ""sma_200"": 10.135231, ""sma_50"": 11.672651, ""volume"": 12803200.0, ""volume_sma_20"": 13001520.0}",2818.6134141516486,2833.5286807054545,3131.6123606970536,-298.0836799915992,25.20342599820227,56.997056335206665,25.20342599820227,56.997056335206665,109.06822801423824,239.06822801423823,active,12.18341188309538,11.834421452275368,12.156735477697952,12.150657109959104,12.156735477697952,,91.10172523154847,1109.9298417565378,45.0,31.793630337004398,31.793630337004398,0.7065251186000977,0.34899043082001135,0.028644720720986172,-2.984016342282686,-0.09385579157374832,1.1084378335853964,0.0,stop_loss,stop loss,True,False,False,False,False,20,bull_low_volatility,True,valid_loss,,True,weekly rank score=1.4355
107,B_ETF_trend_following,v1_fixed_rules,XLY,equity_index,2010-01-07,2010-01-08,2010-01-07,2010-01-21,bull_low_volatility,bull_low_volatility,85.4398422241211,73.61054849624634,True,0.1109785129687236,low_volatility,trend_following_breakout,trend_breakout,Trend filter and 20-day breakout conditions were met.,"{""atr_20"": 0.129385, ""bollinger_lower"": 11.962693, ""breakout_level"": 12.41529, ""close"": 12.472732, ""ema_10"": 12.339333, ""momentum_126"": 0.38507, ""momentum_63"": 0.116775, ""realized_vol_20"": 0.110979, ""rsi_2"": 100.0, ""sma_100"": 11.463744, ""sma_200"": 10.433409, ""sma_50"": 11.874264, ""volume"": 11473400.0, ""volume_sma_20"": 8551850.0}",2862.730983367257,2879.0785330761214,3131.6123606970536,-252.53382762093224,25.797272194393347,26.102992366254895,25.797272194393347,26.102992366254895,75.31354495016393,175.31354495016393,active,12.43381173306432,12.17504092026112,12.17504092026112,12.16895339980099,12.17504092026112,,1.1814322046205934,14.689705607631582,45.0,0.30572017186154854,0.30572017186154854,0.006793781596923301,0.2587708128032009,0.02081186512701256,-0.3129121645794319,-1.0235247568849999,0.014533249525341865,0.0,stop_loss,stop loss,True,False,False,False,False,8,bull_low_volatility,True,valid_loss,,True,trend breakout
108,A_ETF_sector_momentum,v1_fixed_rules,XLI,equity_index,2010-01-15,2010-01-19,2010-01-15,2010-01-21,bull_low_volatility,bull_low_volatility,85.02831268310547,74.38944828033448,True,0.13903718878269286,low_volatility,weekly_momentum_rotation,ranked_momentum_risk_on,Weekly momentum rotation selected an eligible top-ranked ETF.,"{""atr_20"": 0.23264, ""bollinger_lower"": 20.224754, ""breakout_level"": 21.846281, ""close"": 21.476889, ""ema_10"": 21.44559, ""momentum_126"": 0.314297, ""momentum_63"": 0.07372, ""rank_at_signal"": 2.0, ""rank_score"": 1.395369, ""realized_vol_20"": 0.139037, ""rsi_2"": 0.0, ""score"": 1.395369, ""sma_100"": 19.926778, ""sma_200"": 18.135088, ""sma_50"": 20.63663, ""volume"": 7251000.0, ""volume_sma_20"": 7139950.0}",2842.2407661358147,2863.8771485980924,3131.6123606970536,-267.73521209896126,2.73598672654341,26.84819695823836,2.73598672654341,26.84819695823836,112.73587514961207,242.73587514961207,active,21.561542719873124,21.0962636573083,21.126883638754368,21.116320196934993,21.126883638754368,,51.82311471050885,1117.3863017075219,45.0,24.112210231694952,24.112210231694952,0.5358268940376656,0.4652790625648251,0.021579117441164385,-23.072817877924933,-0.9568935264008374,1.1058498927685594,0.0,stop_loss,stop loss,True,False,False,False,False,2,bull_low_volatility,True,valid_loss,,True,weekly rank score=1.3954
110,B_ETF_trend_following,v1_fixed_rules,IEF,bond,2010-01-21,2010-01-22,2010-01-21,2010-01-26,bull_low_volatility,bull_low_volatility,83.57677459716797,74.73844985961914,True,0.058442708726755915,low_volatility,trend_following_breakout,trend_breakout,Trend filter and 20-day breakout conditions were met.,"{""atr_20"": 0.289921, ""bollinger_lower"": 61.120022, ""breakout_level"": 62.50515, ""close"": 62.733837, ""ema_10"": 62.219172, ""momentum_126"": 0.018465, ""momentum_63"": -0.005123, ""realized_vol_20"": 0.058443, ""rsi_2"": 100.0, ""sma_100"": 62.684667, ""sma_200"": 62.283576, ""sma_50"": 62.653347, ""volume"": 349200.0, ""volume_sma_20"": 492035.0}",2799.736852101752,2800.1153205407536,3131.6123606970536,-331.49704015630005,2.679998876024036,13.035295789547039,2.679998876024036,13.035295789547039,66.09471807334886,166.09471807334887,active,62.71666963918504,62.136827685197524,62.136827685197524,62.81330302399258,62.136827685197524,,17.85882660319869,1120.0461282163014,45.0,10.355296913523004,10.355296913523004,0.23011770918940008,0.5798419539875184,0.009245420034632008,1.7257588633580199,0.16665469640994532,1.1209090076479804,0.0,trend_exit,trend exit,False,False,False,False,False,2,bull_low_volatility,True,valid_win,,True,trend breakout
113,B_ETF_trend_following,v1_fixed_rules,IEF,bond,2010-01-29,2010-02-01,2010-01-29,2010-02-04,bull_normal_volatility,bull_normal_volatility,80.35194396972656,75.32416078567505,True,0.05461004083228074,normal_volatility,trend_following_breakout,trend_breakout,Trend filter and 20-day breakout conditions were met.,"{""atr_20"": 0.295555, ""bollinger_lower"": 61.198305, ""breakout_level"": 62.789272, ""close"": 62.851616, ""ema_10"": 62.570714, ""momentum_126"": 0.026142, ""momentum_63"": 0.000982, ""realized_vol_20"": 0.05461, ""rsi_2"": 92.119526, ""sma_100"": 62.700702, ""sma_200"": 62.241567, ""sma_50"": 62.62648, ""volume"": 396700.0, ""volume_sma_20"": 519925.0}",2789.71547840468,2791.557149118248,3131.6123606970536,-340.0552115788055,19.730053409373227,19.77542134136793,5.470950264136418,5.51631819613112,67.73969076430066,167.73969076430066,active,62.78567257137124,62.194563334802666,62.194563334802666,62.68125333708352,62.194563334802666,,0.07675050428591937,4.818832031783359,45.0,0.04536793199470259,0.04536793199470259,0.0010081762665489465,0.5911092365685704,0.009414715369921865,-0.008014228888731932,-0.17664964075655282,0.004814824917338993,0.0,trend_exit,trend exit,False,False,False,False,False,3,bull_normal_volatility,True,valid_loss,,True,trend breakout
111,A_ETF_sector_momentum,v1_fixed_rules,XLV,equity_index,2010-01-22,2010-01-25,2010-01-22,2010-02-04,bull_low_volatility,bull_low_volatility,81.71366119384766,74.84632987976075,True,0.17747611315771875,low_volatility,weekly_momentum_rotation,ranked_momentum_risk_on,Weekly momentum rotation selected an eligible top-ranked ETF.,"{""atr_20"": 0.309201, ""bollinger_lower"": 23.445621, ""breakout_level"": 25.039541, ""close"": 24.022787, ""ema_10"": 24.350548, ""momentum_126"": 0.166114, ""momentum_63"": 0.104227, ""rank_at_signal"": 1.0, ""rank_score"": 0.761627, ""realized_vol_20"": 0.177476, ""rsi_2"": 0.0, ""score"": 0.761627, ""sma_100"": 22.626381, ""sma_200"": 21.097295, ""sma_50"": 23.611564, ""volume"": 13221000.0, ""volume_sma_20"": 7702205.0}",2801.4119190202928,2797.9985609386495,3131.6123606970536,-333.6137997584042,13.035295789547039,27.29439893478385,0.0,14.25910314523681,61.069391342812665,191.06939134281265,active,24.27772736379346,23.659325965610158,23.659325965610158,23.647496302627353,23.659325965610158,,23.058005992752033,559.7959830447496,45.0,14.25910314523681,14.25910314523681,0.3168689587830402,0.6184013981833019,0.02547196403175503,-14.53187158518657,-1.019129424703045,0.5525300472521564,0.0,stop_loss,stop loss,True,False,False,False,False,8,bull_low_volatility,True,valid_loss,,True,weekly rank score=0.7616
109,B_ETF_trend_following,v1_fixed_rules,SHY,bond,2010-01-21,2010-01-22,2010-01-21,2010-02-10,bull_low_volatility,bull_low_volatility,83.57677459716797,74.73844985961914,True,0.014112940114891196,low_volatility,trend_following_breakout,trend_breakout,Trend filter and 20-day breakout conditions were met.,"{""atr_20"": 0.079219, ""bollinger_lower"": 65.710042, ""breakout_level"": 66.118538, ""close"": 66.174011, ""ema_10"": 66.05802, ""momentum_126"": 0.010777, ""momentum_63"": 0.004959, ""realized_vol_20"": 0.014113, ""rsi_2"": 100.0, ""sma_100"": 65.922718, ""sma_200"": 65.615227, ""sma_50"": 66.062623, ""volume"": 1281000.0, ""volume_sma_20"": 871580.0}",2799.736852101752,2799.736852101752,3131.6123606970536,-331.87550859530165,0.0,2.679998876024036,0.0,2.679998876024036,65.71624963434729,165.7162496343473,active,66.20710223783958,66.04866327646985,66.18653013451807,66.15343686945081,66.18653013451807,,16.915024264581746,1119.894740840701,45.0,2.679998876024036,2.679998876024036,0.05955553057831191,0.15843896136972546,0.00239308104439545,-0.907751008463654,-0.3387132049138638,1.1194408653364691,0.0,stop_loss,stop loss,True,False,False,False,False,13,bull_low_volatility,True,valid_loss,,True,trend breakout
112,A_ETF_sector_momentum,v1_fixed_rules,SHY,bond,2010-01-29,2010-02-01,2010-01-29,2010-02-10,bull_normal_volatility,bull_normal_volatility,80.35194396972656,75.32416078567505,True,0.011585492595730617,normal_volatility,weekly_momentum_rotation,ranked_momentum_risk_on,Weekly momentum rotation selected an eligible top-ranked ETF.,"{""atr_20"": 0.0828, ""bollinger_lower"": 65.760739, ""breakout_level"": 66.229477, ""close"": 66.253204, ""ema_10"": 66.158522, ""momentum_126"": 0.015015, ""momentum_63"": 0.005802, ""rank_at_signal"": 1.0, ""rank_score"": 0.898413, ""realized_vol_20"": 0.011585, ""rsi_2"": 100.0, ""score"": 0.898413, ""sma_100"": 65.953372, ""sma_200"": 65.642879, ""sma_50"": 66.081716, ""volume"": 900600.0, ""volume_sma_20"": 849390.0}",2789.71547840468,2792.3826376196903,3131.6123606970536,-339.22972307736336,16.939102021260847,19.73005340937323,2.679998876024036,5.470950264136418,51.69173573079766,181.69173573079766,active,66.27368074936571,66.10808146974797,66.18653013451807,66.15343686945081,66.18653013451807,,16.853644499872843,1116.953055047876,45.0,2.790951388112382,2.790951388112382,0.06202114195805293,0.16559927961773724,0.002498718612657139,-2.0265476053710416,-0.7261135446510469,1.1159397812451903,0.0,stop_loss,stop loss,True,False,False,False,False,7,bull_normal_volatility,True,valid_loss,,True,weekly rank score=0.8984
114,B_ETF_trend_following,v1_fixed_rules,IEF,bond,2010-02-04,2010-02-05,2010-02-04,2010-02-11,bull_normal_volatility,bull_normal_volatility,79.64109802246094,75.69448249816895,True,0.058417722581345796,normal_volatility,trend_following_breakout,trend_breakout,Trend filter and 20-day breakout conditions were met.,"{""atr_20"": 0.287443, ""bollinger_lower"": 61.56237, ""breakout_level"": 62.851616, ""close"": 62.955956, ""ema_10"": 62.648694, ""momentum_126"": 0.037397, ""momentum_63"": 0.004986, ""realized_vol_20"": 0.058418, ""rsi_2"": 63.250232, ""sma_100"": 62.711706, ""sma_200"": 62.215051, ""sma_50"": 62.570839, ""volume"": 503400.0, ""volume_sma_20"": 478055.0}",2788.269209880402,2791.749851932158,3131.6123606970536,-339.86250876489567,4.731173969063947,9.755027495909054,4.731173969063947,9.755027495909054,70.41400975180697,170.414009751807,active,62.94570927874098,62.370823919061394,62.413614143322064,62.38240733625041,62.413614143322064,,8.738878877773448,550.0749292624577,45.0,5.023853526845108,5.023853526845108,0.11164118948544684,0.574885359679584,0.009133034900501841,-4.922627447039581,-0.9798509094135364,0.547613615538938,0.0,stop_loss,stop loss,True,False,False,False,False,4,bull_normal_volatility,True,valid_loss,,True,trend breakout
115,A_ETF_sector_momentum,v1_fixed_rules,XLV,equity_index,2010-02-12,2010-02-16,2010-02-12,2010-03-08,bull_normal_volatility,bull_normal_volatility,80.83826446533203,76.20191215515136,True,0.19279034240488682,normal_volatility,weekly_momentum_rotation,ranked_momentum_risk_on,Weekly momentum rotation selected an eligible top-ranked ETF.,"{""atr_20"": 0.413531, ""bollinger_lower"": 22.94202, ""breakout_level"": 25.039541, ""close"": 23.423353, ""ema_10"": 23.569834, ""momentum_126"": 0.116254, ""momentum_63"": 0.038491, ""rank_at_signal"": 2.0, ""rank_score"": 0.401331, ""realized_vol_20"": 0.19279, ""rsi_2"": 74.998878, ""score"": 0.401331, ""sma_100"": 22.949645, ""sma_200"": 21.521864, ""sma_50"": 23.846382, ""volume"": 6966800.0, ""volume_sma_20"": 10393375.0}",2779.0657990901605,2779.0657990901605,3131.6123606970536,-352.5465616068932,0.0,38.84111439088964,0.0,38.84111439088964,44.51097215225505,174.51097215225505,active,23.67040245260757,22.843339623039874,23.562781696878844,24.291383275941318,23.562781696878844,,46.96271311236644,1111.6263196360642,45.0,38.84111439088964,38.84111439088964,0.8631358753531032,0.8270628295676943,0.034940801332956795,29.162944254503962,0.7508266616918762,1.1262077917633162,0.0,rank_drop_exit,rank drop exit,False,False,False,False,False,14,bull_normal_volatility,True,valid_win,,True,weekly rank score=0.4013
116,B_ETF_trend_following,v1_fixed_rules,XLY,equity_index,2010-02-18,2010-02-19,2010-02-18,2010-04-27,bull_normal_volatility,bull_normal_volatility,82.9856948852539,76.45960391998291,True,0.18689673727198147,normal_volatility,trend_following_breakout,trend_breakout,Trend filter and 20-day breakout conditions were met.,"{""atr_20"": 0.208631, ""bollinger_lower"": 11.679015, ""breakout_level"": 12.296311, ""close"": 12.370159, ""ema_10"": 12.108741, ""momentum_126"": 0.200208, ""momentum_63"": 0.027968, ""realized_vol_20"": 0.186897, ""rsi_2"": 100.0, ""sma_100"": 11.822865, ""sma_200"": 10.90367, ""sma_50"": 12.163982, ""volume"": 11835200.0, ""volume_sma_20"": 13213650.0}",2790.9822255662984,2790.9822255662984,3131.6123606970536,-340.6301351307552,32.403489430402324,70.01713709583633,32.403489430402324,70.01713709583633,61.60361581331336,161.60361581331335,active,12.384549423625861,11.967287649036004,14.336579285240855,14.329410995598236,14.336579285240855,,90.14400540860936,1116.3928902265195,45.0,37.61364766543401,37.61364766543401,0.8358588370096446,0.417261774589857,0.03369212397778894,175.31761206287425,4.661010642261816,1.2040516962579566,0.0,stop_loss,stop loss,True,False,False,False,False,46,bull_normal_volatility,True,valid_win,,True,trend breakout
117,B_ETF_trend_following,v1_fixed_rules,XLP,equity_index,2010-02-18,2010-02-19,2010-02-18,2010-04-27,bull_normal_volatility,bull_normal_volatility,82.9856948852539,76.45960391998291,True,0.13458462775015176,normal_volatility,trend_following_breakout,trend_breakout,Trend filter and 20-day breakout conditions were met.,"{""atr_20"": 0.213452, ""bollinger_lower"": 16.709489, ""breakout_level"": 17.399542, ""close"": 17.503038, ""ema_10"": 17.197575, ""momentum_126"": 0.137301, ""momentum_63"": 0.016609, ""realized_vol_20"": 0.134585, ""rsi_2"": 100.0, ""sma_100"": 17.005726, ""sma_200"": 16.075181, ""sma_50"": 17.174982, ""volume"": 7539300.0, ""volume_sma_20"": 8562875.0}",2790.9822255662984,2792.2735257524973,3131.6123606970536,-339.3388349445563,70.01713709583633,83.45554380576286,70.01713709583633,83.45554380576286,62.894915999512065,162.89491599951208,active,17.50532065583964,17.078417335576646,17.965304721994848,17.956322069633853,17.965304721994848,,31.47880579061269,551.0465892275768,45.0,13.438406709926523,13.438406709926523,0.2986312602205894,0.42690332026299416,0.024387060863154342,14.196985916119779,1.0564485971118076,0.5581450821856366,0.0,stop_loss,stop loss,True,False,False,False,False,46,bull_normal_volatility,True,valid_win,,True,trend breakout
118,A_ETF_sector_momentum,v1_fixed_rules,XLY,equity_index,2010-03-05,2010-03-08,2010-03-05,2010-04-27,bull_low_volatility,bull_low_volatility,85.48473358154297,77.37722103118897,True,0.1286745021077357,low_volatility,weekly_momentum_rotation,ranked_momentum_risk_on,Weekly momentum rotation selected an eligible top-ranked ETF.,"{""atr_20"": 0.178269, ""bollinger_lower"": 11.629344, ""breakout_level"": 12.805063, ""close"": 13.043033, ""ema_10"": 12.645866, ""momentum_126"": 0.254601, ""momentum_63"": 0.09615, ""rank_at_signal"": 1.0, ""rank_score"": 1.362941, ""realized_vol_20"": 0.128675, ""rsi_2"": 100.0, ""score"": 1.362941, ""sma_100"": 11.983049, ""sma_200"": 11.079145, ""sma_50"": 12.274235, ""volume"": 9603200.0, ""volume_sma_20"": 12253020.0}",2878.5208884904923,2879.2289747539135,3131.6123606970536,-252.38338594314018,2.8716749574850304,34.030430139152244,2.8716749574850304,34.030430139152244,73.67391640675902,203.67391640675902,active,13.053653296687422,12.697114538678157,14.336579285240855,14.329410995598236,14.336579285240855,,87.39233668631769,1140.789263890568,45.0,31.15875518166721,31.15875518166721,0.6924167818148269,0.3565387580092647,0.027313331364465017,111.49144635337578,3.5781739579562437,1.196534987067256,0.0,stop_loss,stop loss,True,False,False,False,False,35,bull_low_volatility,True,valid_win,,True,weekly rank score=1.3629
121,A_ETF_sector_momentum,v1_fixed_rules,XLI,equity_index,2010-04-30,2010-05-03,2010-04-30,2010-05-04,bull_normal_volatility,bull_normal_volatility,89.26271057128906,81.47860069274903,True,0.18589908650472456,normal_volatility,weekly_momentum_rotation,ranked_momentum_risk_on,Weekly momentum rotation selected an eligible top-ranked ETF.,"{""atr_20"": 0.34583, ""bollinger_lower"": 23.139049, ""breakout_level"": 24.730787, ""close"": 24.14514, ""ema_10"": 24.22303, ""momentum_126"": 0.286427, ""momentum_63"": 0.193631, ""rank_at_signal"": 2.0, ""rank_score"": 1.291179, ""realized_vol_20"": 0.185899, ""rsi_2"": 48.365963, ""score"": 1.291179, ""sma_100"": 21.891201, ""sma_200"": 20.43466, ""sma_50"": 22.965006, ""volume"": 18401800.0, ""volume_sma_20"": 13922380.0}",3130.2171569968395,3130.97081894158,3195.542282763068,-64.57146382148812,29.82958651488321,47.59531490862028,0.0,17.765728393737074,185.1653627601348,315.1653627601348,active,24.172047385963616,23.480387581074805,23.721658418235968,23.709797589026852,23.721658418235968,,25.685645266885256,620.8746345302025,45.0,17.765728393737074,17.765728393737074,0.3947939643052683,0.6916598048888112,0.0286140347917094,-11.873184308807453,-0.6683195895864922,0.6149380423757986,0.0,stop_loss,stop loss,True,False,False,False,False,1,bull_normal_volatility,True,valid_loss,,True,weekly rank score=1.2912
119,B_ETF_trend_following,v1_fixed_rules,GLD,commodity_alternative,2010-04-27,2010-04-28,2010-04-27,2010-05-19,bull_normal_volatility,bull_normal_volatility,89.01481628417969,81.14445266723632,True,0.1397471758310082,normal_volatility,trend_following_breakout,trend_breakout,Trend filter and 20-day breakout conditions were met.,"{""atr_20"": 1.321501, ""bollinger_lower"": 108.781871, ""breakout_level"": 113.650002, ""close"": 114.629997, ""ema_10"": 112.671372, ""momentum_126"": 0.107643, ""momentum_63"": 0.065731, ""realized_vol_20"": 0.139747, ""rsi_2"": 81.034375, ""sma_100"": 109.6825, ""sma_200"": 104.75805, ""sma_50"": 110.2202, ""volume"": 25057100.0, ""volume_sma_20"": 12378415.0}",3109.234787677034,3109.234787677034,3195.542282763068,-86.30749508603412,0.0,28.812086882995303,0.0,28.812086882995303,251.1182137923074,351.1182137923074,active,114.08701377868651,111.44401222229003,117.11375045776367,117.0551935825348,117.11375045776367,,10.901275034539978,1243.6939150708138,45.0,28.812086882995303,28.812086882995303,0.6402685973998956,2.6430015563964844,0.023166541649723187,32.3569443937171,1.1230336950293576,1.2598723872676723,0.0,stop_loss,stop loss,True,False,False,False,False,15,bull_normal_volatility,True,valid_win,,True,trend breakout
122,A_ETF_sector_momentum,v1_fixed_rules,GLD,commodity_alternative,2010-05-07,2010-05-10,2010-05-07,2010-05-19,sideways_high_volatility,bull_high_volatility,83.59039306640625,81.8996717453003,True,0.16324116946196782,high_volatility,weekly_momentum_rotation,ranked_momentum_risk_on,Weekly momentum rotation selected an eligible top-ranked ETF.,"{""atr_20"": 1.558501, ""bollinger_lower"": 109.840283, ""breakout_level"": 118.489998, ""close"": 118.269997, ""ema_10"": 115.657515, ""momentum_126"": 0.104295, ""momentum_63"": 0.129824, ""rank_at_signal"": 1.0, ""rank_score"": 0.717096, ""realized_vol_20"": 0.163241, ""rsi_2"": 93.922623, ""score"": 0.717096, ""sma_100"": 109.8798, ""sma_200"": 105.70505, ""sma_50"": 111.329199, ""volume"": 34272700.0, ""volume_sma_20"": 16900915.0}",3170.452932378905,3153.1342588562843,3195.542282763068,-42.40802390678391,0.0,16.14731645318666,0.0,16.14731645318666,173.29217845132735,303.29217845132735,active,117.55874999999999,114.44174865722655,117.11375045776367,117.0551935825348,117.11375045776367,,5.18040086528136,609.001450221395,45.0,16.14731645318666,16.14731645318666,0.35882925451525916,3.1170013427734347,0.02651441379542939,-2.608624100754657,-0.16155155615593617,0.6076971381710177,0.0,stop_loss,stop loss,True,False,False,False,False,7,bull_high_volatility,True,valid_loss,,True,weekly rank score=0.7171
123,B_ETF_trend_following,v1_fixed_rules,SMH,equity_index,2010-06-15,2010-06-16,2010-06-15,2010-06-22,sideways_high_volatility,sideways_high_volatility,84.1463623046875,83.026728515625,True,0.39342675754918793,high_volatility,trend_following_breakout,trend_breakout,Trend filter and 20-day breakout conditions were met.,"{""atr_20"": 0.409086, ""bollinger_lower"": 10.947429, ""breakout_level"": 11.93505, ""close"": 12.079411, ""ema_10"": 11.545179, ""momentum_126"": 0.063552, ""momentum_63"": 0.028561, ""realized_vol_20"": 0.393427, ""rsi_2"": 100.0, ""sma_100"": 11.662044, ""sma_200"": 11.375556, ""sma_50"": 11.989313, ""volume"": 41270200.0, ""volume_sma_20"": 43525860.0}",3173.5689744056654,3177.177822055596,3213.124459738922,-35.94663768332566,0.0,45.0,0.0,45.0,333.54305658043126,433.54305658043126,active,12.013234278277546,11.19506212536219,11.208484060057497,12.039423070670919,11.208484060057497,,55.00064972836529,660.7356906443345,45.0,45.0,45.0,1.0,0.8181721529153556,0.06810590170498738,1.440400597236811,0.032008902160818024,0.6614558909429529,0.0,trend_exit,trend exit,False,False,False,False,False,4,sideways_high_volatility,True,valid_win,,True,trend breakout
124,A_ETF_sector_momentum,v1_fixed_rules,GLD,commodity_alternative,2010-06-18,2010-06-21,2010-06-18,2010-06-23,sideways_high_volatility,sideways_high_volatility,84.34288024902344,83.15687698364258,True,0.14737715699877685,high_volatility,weekly_momentum_rotation,ranked_momentum_risk_on,Weekly momentum rotation selected an eligible top-ranked ETF.,"{""atr_20"": 1.628999, ""bollinger_lower"": 115.965396, ""breakout_level"": 121.900002, ""close"": 122.830002, ""ema_10"": 120.766319, ""momentum_126"": 0.100726, ""momentum_63"": 0.134374, ""rank_at_signal"": 1.0, ""rank_score"": 0.797613, ""realized_vol_20"": 0.147377, ""rsi_2"": 100.0, ""score"": 0.797613, ""sma_100"": 112.8221, ""sma_200"": 109.51385, ""sma_50"": 117.057, ""volume"": 19429900.0, ""volume_sma_20"": 14878070.0}",3184.5212402661,3177.477820871915,3213.124459738922,-35.646638867006914,45.0,77.32052178778144,0.0,32.320521787781445,170.68355435057268,300.68355435057265,active,123.15154133605957,119.89354344177245,119.89354344177245,119.83359667005158,119.89354344177245,,9.920363007126351,1221.707994940837,45.0,32.320521787781445,32.320521787781445,0.7182338175062544,3.257997894287115,0.026455193811960452,-32.91521552435785,-1.0183998804376118,1.205250387178658,0.0,stop_loss,stop loss,True,False,False,False,False,2,sideways_high_volatility,True,valid_loss,,True,weekly rank score=0.7976
120,B_ETF_trend_following,v1_fixed_rules,IEF,bond,2010-04-27,2010-04-28,2010-04-27,2010-07-28,bull_normal_volatility,bull_normal_volatility,89.01481628417969,81.14445266723632,True,0.0632800023606446,normal_volatility,trend_following_breakout,trend_breakout,Trend filter and 20-day breakout conditions were met.,"{""atr_20"": 0.289915, ""bollinger_lower"": 61.780188, ""breakout_level"": 62.94957, ""close"": 63.257141, ""ema_10"": 62.76371, ""momentum_126"": 0.013404, ""momentum_63"": 0.007674, ""realized_vol_20"": 0.06328, ""rsi_2"": 100.0, ""sma_100"": 62.551566, ""sma_200"": 62.466308, ""sma_50"": 62.655857, ""volume"": 442800.0, ""volume_sma_20"": 356260.0}",3109.234787677034,3111.6655951900443,3195.542282763068,-83.8766875730239,28.812086882995303,40.255778072277366,0.0,11.443691189282063,253.54902130531767,353.54902130531764,active,63.06495795729119,62.48512709046871,67.0627259136562,67.02919455069937,67.0627259136562,,19.736257319301313,1244.6662380760179,45.0,11.443691189282063,11.443691189282063,0.2543042486507125,0.5798308668224834,0.009194184624925241,78.23919348209431,6.836884374804836,1.2837858348170652,0.0,stop_loss,stop loss,True,False,False,False,False,63,bull_normal_volatility,True,valid_win,,True,trend breakout
126,B_ETF_trend_following,v1_fixed_rules,XLI,equity_index,2010-08-02,2010-08-03,2010-08-02,2010-08-11,sideways_normal_volatility,sideways_high_volatility,85.12039184570312,83.67008689880372,True,0.2404589154286931,normal_volatility,trend_following_breakout,trend_breakout,Trend filter and 20-day breakout conditions were met.,"{""atr_20"": 0.473432, ""bollinger_lower"": 20.214188, ""breakout_level"": 22.766508, ""close"": 23.012348, ""ema_10"": 22.3478, ""momentum_126"": 0.120846, ""momentum_63"": -0.065565, ""realized_vol_20"": 0.240459, ""rsi_2"": 100.0, ""sma_100"": 22.49589, ""sma_200"": 21.551604, ""sma_50"": 21.58659, ""volume"": 15965800.0, ""volume_sma_20"": 18391910.0}",3176.653919763202,3177.1281554869947,3213.124459738922,-35.996304251927086,0.0,45.0,0.0,45.0,366.4086055361878,466.4086055361878,active,22.95677498378845,22.00991083477678,22.046676489470205,22.03565315122547,22.046676489470205,,47.52529710515565,1091.0275516807508,45.0,45.0,45.0,1.0,0.9468641490116703,0.041245521188421466,-43.776588762600966,-0.9728130836133548,1.0691392572994505,0.0,stop_loss,stop loss,True,False,False,False,False,6,sideways_high_volatility,True,valid_loss,,True,trend breakout
125,B_ETF_trend_following,v1_fixed_rules,SHY,bond,2010-06-21,2010-06-22,2010-06-21,2010-08-27,sideways_high_volatility,sideways_high_volatility,84.10128784179688,83.20770473480225,True,0.013740738497499934,high_volatility,trend_following_breakout,trend_breakout,Trend filter and 20-day breakout conditions were met.,"{""atr_20"": 0.081171, ""bollinger_lower"": 66.572513, ""breakout_level"": 66.776535, ""close"": 66.784409, ""ema_10"": 66.740369, ""momentum_126"": 0.008929, ""momentum_63"": 0.00912, ""realized_vol_20"": 0.013741, ""rsi_2"": 100.0, ""sma_100"": 66.363424, ""sma_200"": 66.153137, ""sma_50"": 66.512486, ""volume"": 1900900.0, ""volume_sma_20"": 1191505.0}",3150.0823223041107,3172.008299838973,3213.124459738922,-41.1161598999488,32.320521787781445,33.92993431601206,0.0,1.6094125282306138,345.2534723636952,445.2534723636952,active,66.79390653536066,66.6315645973032,67.1291066122396,67.09554205893348,67.1291066122396,,9.913720062039125,662.1760912415713,45.0,1.6094125282306138,1.6094125282306138,0.03576472284956919,0.162341938057466,0.002430490241973229,2.9903301414674694,1.8580258877163303,0.6636712563123051,0.0,stop_loss,stop loss,True,False,False,False,False,47,sideways_high_volatility,True,valid_win,,True,trend breakout
128,A_ETF_sector_momentum,v1_fixed_rules,SHY,bond,2010-08-06,2010-08-09,2010-08-06,2010-08-27,sideways_normal_volatility,sideways_normal_volatility,84.84111022949219,83.74184200286865,True,0.010181563351725924,normal_volatility,weekly_momentum_rotation,ranked_momentum_risk_on,Weekly momentum rotation selected an eligible top-ranked ETF.,"{""atr_20"": 0.057791, ""bollinger_lower"": 66.87715, ""breakout_level"": 67.146019, ""close"": 67.162003, ""ema_10"": 67.082898, ""momentum_126"": 0.011731, ""momentum_63"": 0.009032, ""rank_at_signal"": 2.0, ""rank_score"": 1.01961, ""realized_vol_20"": 0.010182, ""rsi_2"": 100.0, ""score"": 1.01961, ""sma_100"": 66.602184, ""sma_200"": 66.353141, ""sma_50"": 66.889702, ""volume"": 941200.0, ""volume_sma_20"": 1197195.0}",3178.748633983926,3184.82857387313,3213.124459738922,-28.29588586579166,56.865191261355754,57.1181826460124,13.612489923926368,13.865481308583014,138.57916664009542,268.5791666400954,active,67.18759602821221,67.072014147491,67.1291066122396,67.09554205893348,67.1291066122396,,2.1888498705681982,147.0635608701407,45.0,0.2529913846566463,0.2529913846566463,0.005622030770147695,0.11558188072120856,0.0017202859985148969,-0.20149231874105283,-0.7964394479856035,0.14696281471077016,0.0,stop_loss,stop loss,True,False,False,False,False,14,sideways_normal_volatility,True,valid_loss,,True,weekly rank score=1.0196
127,A_ETF_sector_momentum,v1_fixed_rules,IEF,bond,2010-08-06,2010-08-09,2010-08-06,2010-09-03,sideways_normal_volatility,sideways_normal_volatility,84.84111022949219,83.74184200286865,True,0.06830510128412323,normal_volatility,weekly_momentum_rotation,ranked_momentum_risk_on,Weekly momentum rotation selected an eligible top-ranked ETF.,"{""atr_20"": 0.365671, ""bollinger_lower"": 66.577658, ""breakout_level"": 68.037926, ""close"": 68.483269, ""ema_10"": 67.822497, ""momentum_126"": 0.084324, ""momentum_63"": 0.06245, ""rank_at_signal"": 1.0, ""rank_score"": 1.074394, ""realized_vol_20"": 0.068305, ""rsi_2"": 100.0, ""score"": 1.074394, ""sma_100"": 64.983413, ""sma_200"": 63.838943, ""sma_50"": 66.655427, ""volume"": 438400.0, ""volume_sma_20"": 715325.0}",3178.748633983926,3184.0177460592495,3213.124459738922,-29.10671367967234,43.252701337429386,56.865191261355754,0.0,13.612489923926368,137.76833882621483,267.76833882621486,active,68.42558434021491,67.69424217156434,69.18729960563056,68.78976381832668,69.18729960563056,,18.613024802115994,1273.6070984236999,45.0,13.612489923926368,13.612489923926368,0.30249977608725265,0.7313421686505706,0.010688139176339456,6.778481658515947,0.4979604537008003,1.276996339252958,0.0,stop_loss_gap,stop loss gap,True,False,False,True,False,19,sideways_normal_volatility,True,valid_win,,True,weekly rank score=1.0744
130,A_ETF_sector_momentum,v1_fixed_rules,GLD,commodity_alternative,2010-09-10,2010-09-13,2010-09-10,2010-10-19,sideways_normal_volatility,sideways_normal_volatility,84.1541519165039,83.93263610839844,True,0.07749649642659116,normal_volatility,weekly_momentum_rotation,ranked_momentum_risk_on,Weekly momentum rotation selected an eligible top-ranked ETF.,"{""atr_20"": 1.0775, ""bollinger_lower"": 118.842137, ""breakout_level"": 122.709999, ""close"": 121.730003, ""ema_10"": 121.697793, ""momentum_126"": 0.127652, ""momentum_63"": 0.014332, ""rank_at_signal"": 2.0, ""rank_score"": 0.916067, ""realized_vol_20"": 0.077496, ""rsi_2"": 12.879156, ""score"": 0.916067, ""sma_100"": 118.4599, ""sma_200"": 114.14475, ""sma_50"": 118.4424, ""volume"": 12510000.0, ""volume_sma_20"": 10210820.0}",3139.665032934804,3139.634307262836,3213.124459738922,-73.49015247608577,2.1028662688753132,24.34254195097166,0.0,22.239675682096347,144.31460249402184,274.31460249402187,active,121.69081225204465,119.53581270980833,131.43374919891357,130.39477671051026,131.43374919891357,,10.32003731147775,1255.8537229051344,45.0,22.239675682096347,22.239675682096347,0.4942150151576966,2.1549995422363253,0.017708810569633755,89.82523796914128,4.0389634836920525,1.3007663418897053,0.0,stop_loss_gap,stop loss gap,True,False,False,True,False,26,sideways_normal_volatility,True,valid_win,,True,weekly rank score=0.9161
133,A_ETF_sector_momentum,v1_fixed_rules,IEF,bond,2010-10-22,2010-10-25,2010-10-22,2010-10-26,bull_low_volatility,bull_low_volatility,89.8184814453125,84.5752201461792,True,0.05815812382544359,low_volatility,weekly_momentum_rotation,ranked_momentum_risk_on,Weekly momentum rotation selected an eligible top-ranked ETF.,"{""atr_20"": 0.363134, ""bollinger_lower"": 69.941824, ""breakout_level"": 71.089073, ""close"": 70.336159, ""ema_10"": 70.520213, ""momentum_126"": 0.122327, ""momentum_63"": 0.045189, ""rank_at_signal"": 2.0, ""rank_score"": 1.44018, ""realized_vol_20"": 0.058158, ""rsi_2"": 5.169189, ""score"": 1.44018, ""sma_100"": 68.426087, ""sma_200"": 65.75468, ""sma_50"": 69.899275, ""volume"": 643600.0, ""volume_sma_20"": 790190.0}",3255.9546690207485,3255.00294616544,3301.3699319905795,-46.366985825139636,27.364242123960146,27.79474717608844,0.0,0.430505052128292,239.88571886794358,369.8857188679436,active,70.6414031640681,69.91513598611243,69.91513598611243,69.88017841811939,69.91513598611243,,0.5927640201779483,41.87368213054424,45.0,0.430505052128292,0.430505052128292,0.009566778936184267,0.7262671779556626,0.010281041222650573,-0.4512266406674943,-1.0481332064206001,0.04164806881021049,0.0,stop_loss,stop loss,True,False,False,False,False,1,bull_low_volatility,True,valid_loss,,True,weekly rank score=1.4402
132,B_ETF_trend_following,v1_fixed_rules,XLU,equity_index,2010-10-19,2010-10-20,2010-10-19,2010-10-27,sideways_normal_volatility,bull_normal_volatility,88.58900451660156,84.50830627441407,True,0.09368288848997049,normal_volatility,trend_following_breakout,trend_breakout,Trend filter and 20-day breakout conditions were met.,"{""atr_20"": 0.099095, ""bollinger_lower"": 9.173313, ""breakout_level"": 9.394176, ""close"": 9.411845, ""ema_10"": 9.368115, ""momentum_126"": 0.077912, ""momentum_63"": 0.078058, ""realized_vol_20"": 0.093683, ""rsi_2"": 100.0, ""sma_100"": 8.888147, ""sma_200"": 8.732274, ""sma_50"": 9.161133, ""volume"": 16859400.0, ""volume_sma_20"": 11273940.0}",3253.663173454459,3259.5131968593296,3301.3699319905795,-41.856735131249934,0.0,27.364242123960146,0.0,27.364242123960146,346.82605886532946,446.82605886532946,active,9.443069388433386,9.244878415171314,9.244878415171314,9.240255975963729,9.244878415171314,,138.07007288760738,1303.8052787437316,45.0,27.364242123960146,27.364242123960146,0.6080942694213366,0.19819097326207213,0.02098798230846763,-28.002462642269982,-1.0233231571120696,1.2898040474225967,0.0,stop_loss,stop loss,True,False,False,False,False,5,bull_normal_volatility,True,valid_loss,,True,trend breakout
129,A_ETF_sector_momentum,v1_fixed_rules,SHY,bond,2010-09-10,2010-09-13,2010-09-10,2010-11-09,sideways_normal_volatility,sideways_normal_volatility,84.1541519165039,83.93263610839844,True,0.01036044209224531,normal_volatility,weekly_momentum_rotation,ranked_momentum_risk_on,Weekly momentum rotation selected an eligible top-ranked ETF.,"{""atr_20"": 0.056231, ""bollinger_lower"": 67.113919, ""breakout_level"": 67.25769, ""close"": 67.106071, ""ema_10"": 67.169843, ""momentum_126"": 0.013859, ""momentum_63"": 0.005655, ""rank_at_signal"": 1.0, ""rank_score"": 0.941734, ""realized_vol_20"": 0.01036, ""rsi_2"": 0.0, ""score"": 0.941734, ""sma_100"": 66.85133, ""sma_200"": 66.501058, ""sma_50"": 67.091026, ""volume"": 1096200.0, ""volume_sma_20"": 1000895.0}",3139.665032934804,3139.665032934804,3213.124459738922,-73.45942680411781,0.0,2.1028662688753132,0.0,2.1028662688753132,144.3453281659897,274.3453281659897,active,67.16361525240994,67.05115413034082,67.39230065726152,67.35860450693289,67.39230065726152,,18.698606506725515,1255.8660131739216,45.0,2.1028662688753132,2.1028662688753132,0.046730361530562516,0.11246112206912073,0.0016744352079094706,3.646027343364422,1.7338370001599985,1.2576890268456038,0.0,stop_loss,stop loss,True,False,False,False,False,41,sideways_normal_volatility,True,valid_win,,True,weekly rank score=0.9417
131,B_ETF_trend_following,v1_fixed_rules,XLP,equity_index,2010-09-10,2010-09-13,2010-09-10,2010-11-12,sideways_normal_volatility,sideways_normal_volatility,84.1541519165039,83.93263610839844,True,0.10740305260747769,normal_volatility,trend_following_breakout,trend_breakout,Trend filter and 20-day breakout conditions were met.,"{""atr_20"": 0.176314, ""bollinger_lower"": 17.206684, ""breakout_level"": 17.919212, ""close"": 18.004261, ""ema_10"": 17.763322, ""momentum_126"": 0.012915, ""momentum_63"": 0.047128, ""realized_vol_20"": 0.107403, ""rsi_2"": 100.0, ""sma_100"": 17.512637, ""sma_200"": 17.515832, ""sma_50"": 17.548263, ""volume"": 4003400.0, ""volume_sma_20"": 6678360.0}",3139.665032934804,3138.9035505244547,3213.124459738922,-74.22090921446716,24.34254195097166,36.54650449085825,0.0,12.203962539886588,322.36849364422216,422.36849364422216,active,18.144165741303624,17.791538338672993,18.87390578085675,18.86446882796632,18.87390578085675,,34.60866185907268,627.945296855748,45.0,12.203962539886588,12.203962539886588,0.2711991675530353,0.3526274026306311,0.019434754270784976,24.928725962355575,2.042674736249005,0.6404096598369258,0.0,stop_loss,stop loss,True,False,False,False,False,44,sideways_normal_volatility,True,valid_win,,True,trend breakout
134,B_ETF_trend_following,v1_fixed_rules,QQQ,equity_index,2010-10-27,2010-10-28,2010-10-27,2010-11-12,bull_low_volatility,bull_low_volatility,89.84123229980469,84.64228591918945,True,0.14156847917623036,low_volatility,trend_following_breakout,trend_breakout,Trend filter and 20-day breakout conditions were met.,"{""atr_20"": 0.654842, ""bollinger_lower"": 42.191066, ""breakout_level"": 45.489277, ""close"": 45.629169, ""ema_10"": 44.937523, ""momentum_126"": 0.045479, ""momentum_63"": 0.144437, ""realized_vol_20"": 0.141568, ""rsi_2"": 100.0, ""sma_100"": 40.761903, ""sma_200"": 40.609787, ""sma_50"": 41.98971, ""volume"": 57483400.0, ""volume_sma_20"": 77646235.0}",3228.5050348887708,3232.427449050745,3301.3699319905795,-68.94248293983446,0.0,36.937632822782824,0.0,36.937632822782824,320.19153769741246,420.19153769741246,active,45.84442111135094,44.534736346050636,45.56686969901422,45.54408626416471,45.56686969901422,,28.20345307621656,1292.970979620298,45.0,36.937632822782824,36.937632822782824,0.8208362849507295,1.3096847653003039,0.028568029294540047,-8.470479769769458,-0.2293184246648566,1.2887357397354133,0.0,stop_loss,stop loss,True,False,False,False,False,11,bull_low_volatility,True,valid_loss,,True,trend breakout
135,A_ETF_sector_momentum,v1_fixed_rules,QQQ,equity_index,2010-11-05,2010-11-08,2010-11-05,2010-11-12,bull_low_volatility,bull_low_volatility,93.13493347167967,84.86217636108398,True,0.10411257781259703,low_volatility,weekly_momentum_rotation,ranked_momentum_risk_on,Weekly momentum rotation selected an eligible top-ranked ETF.,"{""atr_20"": 0.573098, ""bollinger_lower"": 43.363936, ""breakout_level"": 46.923119, ""close"": 46.923119, ""ema_10"": 46.033651, ""momentum_126"": 0.130493, ""momentum_63"": 0.142644, ""rank_at_signal"": 1.0, ""rank_score"": 1.311737, ""realized_vol_20"": 0.104113, ""rsi_2"": 100.0, ""score"": 1.311737, ""sma_100"": 41.235091, ""sma_200"": 40.834529, ""sma_50"": 43.030058, ""volume"": 77937100.0, ""volume_sma_20"": 72316340.0}",3272.689714328239,3272.6776895005733,3301.3699319905795,-28.692242490006265,9.985342726197173,10.578503256285405,9.985342726197173,10.578503256285405,238.49265720410253,368.49265720410256,active,46.867850007725714,45.7216545719706,45.7216545719706,45.69879374468462,45.7216545719706,,0.5175038318813924,24.254291971040402,45.0,0.5931605300882321,0.5931605300882321,0.013181345113071825,1.1461954357551107,0.024455899631968855,-0.6049910958087062,-1.019944964508536,0.023951796423136048,0.0,stop_loss,stop loss,True,False,False,False,False,4,bull_low_volatility,True,valid_loss,,True,weekly rank score=1.3117
137,A_ETF_sector_momentum,v1_fixed_rules,QQQ,equity_index,2010-11-19,2010-11-22,2010-11-19,2010-12-20,bull_normal_volatility,bull_normal_volatility,91.290771484375,85.3660428237915,True,0.12810695813760936,normal_volatility,weekly_momentum_rotation,ranked_momentum_risk_on,Weekly momentum rotation selected an eligible top-ranked ETF.,"{""atr_20"": 0.635611, ""bollinger_lower"": 44.782987, ""breakout_level"": 46.984314, ""close"": 45.873959, ""ema_10"": 45.856398, ""momentum_126"": 0.18218, ""momentum_63"": 0.182394, ""rank_at_signal"": 1.0, ""rank_score"": 1.422926, ""realized_vol_20"": 0.128107, ""rsi_2"": 100.0, ""score"": 1.422926, ""sma_100"": 41.882118, ""sma_200"": 41.245953, ""sma_50"": 44.35839, ""volume"": 54506100.0, ""volume_sma_20"": 70516305.0}",3223.454761200641,3229.511486328727,3301.3699319905795,-71.85844566185233,35.983643062756855,71.90695238056259,35.983643062756855,71.90695238056259,245.73599800959664,375.73599800959664,active,45.7132225528832,44.442000697323465,46.35748095823369,47.82443429889926,46.35748095823369,,28.25888271248151,1291.804594531491,45.0,35.92330931780573,35.92330931780573,0.7982957626179051,1.2712218555597374,0.027808624825981766,59.66048511188115,1.6607736381990248,1.3216348370874313,0.0,rank_drop_exit,rank drop exit,False,False,False,False,False,19,bull_normal_volatility,True,valid_win,,True,weekly rank score=1.4229
139,A_ETF_sector_momentum,v1_fixed_rules,IWM,equity_index,2010-12-17,2010-12-20,2010-12-17,2011-01-03,bull_normal_volatility,bull_normal_volatility,94.8301239013672,86.34000625610352,True,0.13923848242929995,normal_volatility,weekly_momentum_rotation,ranked_momentum_risk_on,Weekly momentum rotation selected an eligible top-ranked ETF.,"{""atr_20"": 0.861749, ""bollinger_lower"": 57.761608, ""breakout_level"": 62.965248, ""close"": 63.159508, ""ema_10"": 62.267215, ""momentum_126"": 0.187012, ""momentum_63"": 0.167054, ""rank_at_signal"": 1.0, ""rank_score"": 1.271437, ""realized_vol_20"": 0.139238, ""rsi_2"": 100.0, ""score"": 1.271437, ""sma_100"": 55.463145, ""sma_200"": 54.675634, ""sma_50"": 58.93832, ""volume"": 40362300.0, ""volume_sma_20"": 46663450.0}",3365.0067753143176,3369.0958340541924,3365.2207202406294,3.8751138135630754,0.0,36.61985451425777,0.0,36.61985451425777,354.9772045828823,484.9772045828823,active,63.42599503219548,61.70249796881121,62.617439279674436,64.16155929515693,62.617439279674436,,21.247413350592392,1347.638333621677,45.0,36.61985451425777,36.61985451425777,0.8137745447612837,1.723497063384272,0.02717335475004236,15.628837941065843,0.4267859102220308,1.35545275259221,0.0,rank_drop_exit,rank drop exit,False,False,False,False,False,9,bull_normal_volatility,True,valid_win,,True,weekly rank score=1.2714
140,B_ETF_trend_following,v1_fixed_rules,IWM,equity_index,2010-12-17,2010-12-20,2010-12-17,2011-01-07,bull_normal_volatility,bull_normal_volatility,94.8301239013672,86.34000625610352,True,0.13923848242929995,normal_volatility,trend_following_breakout,trend_breakout,Trend filter and 20-day breakout conditions were met.,"{""atr_20"": 0.861749, ""bollinger_lower"": 57.761608, ""breakout_level"": 62.965248, ""close"": 63.159508, ""ema_10"": 62.267215, ""momentum_126"": 0.187012, ""momentum_63"": 0.167054, ""realized_vol_20"": 0.139238, ""rsi_2"": 100.0, ""sma_100"": 55.463145, ""sma_200"": 54.675634, ""sma_50"": 58.93832, ""volume"": 40362300.0, ""volume_sma_20"": 46663450.0}",3365.0067753143176,3368.7664335174804,3365.2207202406294,3.5457132768510746,36.61985451425777,36.7238400414436,36.61985451425777,36.7238400414436,341.1674183467179,441.1674183467179,active,63.42599503219548,61.70249796881121,63.07230204419207,63.040765893169976,63.07230204419207,,0.06033403212283167,3.826746021695044,45.0,0.10398552718583273,0.10398552718583273,0.002310789493018505,1.723497063384272,0.02717335475004236,-0.02324242724861559,-0.2235159822489432,0.0038151248080707367,0.0,stop_loss,stop loss,True,False,False,False,False,13,bull_normal_volatility,True,valid_loss,,True,trend breakout
136,A_ETF_sector_momentum,v1_fixed_rules,XLY,equity_index,2010-11-12,2010-11-15,2010-11-12,2011-01-10,bull_normal_volatility,bull_normal_volatility,91.22248077392578,85.13102447509766,True,0.13180331383505664,normal_volatility,weekly_momentum_rotation,ranked_momentum_risk_on,Weekly momentum rotation selected an eligible top-ranked ETF.,"{""atr_20"": 0.208929, ""bollinger_lower"": 14.116246, ""breakout_level"": 15.104939, ""close"": 14.89808, ""ema_10"": 14.904888, ""momentum_126"": 0.089663, ""momentum_63"": 0.175203, ""rank_at_signal"": 2.0, ""rank_score"": 1.00478, ""realized_vol_20"": 0.131803, ""rsi_2"": 0.0, ""score"": 1.00478, ""sma_100"": 13.431585, ""sma_200"": 13.358624, ""sma_50"": 14.142351, ""volume"": 19690600.0, ""volume_sma_20"": 15095370.0}",3220.53586406115,3220.53586406115,3301.3699319905795,-80.8340679294297,0.0,35.983643062756855,0.0,35.983643062756855,236.7603757420192,366.76037574201916,active,14.959338103217775,14.541479472323278,15.452168526200941,15.606544641597925,15.452168526200941,,86.11439468350297,1288.21434562446,45.0,35.983643062756855,35.983643062756855,0.7996365125057079,0.4178586308944965,0.027932962542280834,55.73379928781194,1.5488648325743466,1.3160812452683661,0.0,rank_drop_exit,rank drop exit,False,False,False,False,False,38,bull_normal_volatility,True,valid_win,,True,weekly rank score=1.0048
138,B_ETF_trend_following,v1_fixed_rules,SMH,equity_index,2010-11-22,2010-11-23,2010-11-22,2011-01-20,bull_normal_volatility,bull_normal_volatility,91.21485900878906,85.42596923828125,True,0.16115352155554952,normal_volatility,trend_following_breakout,trend_breakout,Trend filter and 20-day breakout conditions were met.,"{""atr_20"": 0.230337, ""bollinger_lower"": 12.248962, ""breakout_level"": 13.242769, ""close"": 13.255507, ""ema_10"": 12.977406, ""momentum_126"": 0.163189, ""momentum_63"": 0.232531, ""realized_vol_20"": 0.161154, ""rsi_2"": 100.0, ""sma_100"": 11.757108, ""sma_200"": 11.761184, ""sma_50"": 12.18131, ""volume"": 18459600.0, ""volume_sma_20"": 21175470.0}",3244.9251367652028,3204.932793349005,3301.3699319905795,-96.43713864157462,64.9779501951255,87.45737758501821,64.9779501951255,87.45737758501821,310.82427719453835,410.82427719453835,active,13.126199805538361,12.665525864817482,14.262303760638499,14.25517260875818,14.262303760638499,,48.796828739034154,640.5169239051988,45.0,22.4794273898927,22.4794273898927,0.4995428308865044,0.46067394072087886,0.03509575867697107,55.0902925297448,2.4506982128252406,0.6680620701700712,0.0,stop_loss,stop loss,True,False,False,False,False,39,bull_normal_volatility,True,valid_win,,True,trend breakout
141,A_ETF_sector_momentum,v1_fixed_rules,SPY,equity_index,2010-12-31,2011-01-03,2010-12-31,2011-01-20,bull_low_volatility,bull_low_volatility,95.9363784790039,86.75817989349365,True,0.04353642676121864,low_volatility,weekly_momentum_rotation,ranked_momentum_risk_on,Weekly momentum rotation selected an eligible top-ranked ETF.,"{""atr_20"": 0.582539, ""bollinger_lower"": 92.823301, ""breakout_level"": 96.06604, ""close"": 95.936378, ""ema_10"": 95.582295, ""momentum_126"": 0.243523, ""momentum_63"": 0.10297, ""rank_at_signal"": 2.0, ""rank_score"": 3.979342, ""realized_vol_20"": 0.043536, ""rsi_2"": 13.033454, ""score"": 3.979342, ""sma_100"": 88.677495, ""sma_200"": 86.75818, ""sma_50"": 92.511841, ""volume"": 91218900.0, ""volume_sma_20"": 115524955.0}",3370.339550188745,3400.9019593272105,3395.1004476993453,5.8015116278652386,0.04878342874570505,16.436026005253815,0.04878342874570505,16.436026005253815,380.28202021331936,510.28202021331936,active,96.71711761632578,95.55203928811007,97.12463545126745,97.07607313354183,97.12463545126745,,14.065356963256486,1360.3607837308844,45.0,16.38724257650811,16.38724257650811,0.3641609461446247,1.1650783282157136,0.01204624741648679,5.048837483574045,0.30809560913022627,1.3628852024726714,0.0,stop_loss,stop loss,True,False,False,False,False,12,bull_low_volatility,True,valid_win,,True,weekly rank score=3.9793
142,A_ETF_sector_momentum,v1_fixed_rules,XLB,equity_index,2011-01-07,2011-01-10,2011-01-07,2011-01-20,bull_low_volatility,bull_low_volatility,96.99681854248048,86.99322143554687,True,0.07891684806621733,low_volatility,weekly_momentum_rotation,ranked_momentum_risk_on,Weekly momentum rotation selected an eligible top-ranked ETF.,"{""atr_20"": 0.15711, ""bollinger_lower"": 13.463098, ""breakout_level"": 14.161284, ""close"": 14.011331, ""ema_10"": 14.008299, ""momentum_126"": 0.314021, ""momentum_63"": 0.127964, ""rank_at_signal"": 1.0, ""rank_score"": 2.80032, ""realized_vol_20"": 0.078917, ""rsi_2"": 0.0, ""score"": 2.80032, ""sma_100"": 12.599778, ""sma_200"": 11.936882, ""sma_50"": 13.316523, ""volume"": 23128400.0, ""volume_sma_20"": 11615210.0}",3402.2598073169934,3395.2842793785994,3412.944552939509,-17.660273560909445,13.195421818896264,43.581321971208986,13.195421818896264,43.581321971208986,370.00105817279854,500.00105817279854,active,13.967102920911802,13.652883493526325,13.893837640391826,13.784988449197773,13.893837640391826,,96.70280544123055,1350.658036338577,45.0,30.385900152312722,30.385900152312722,0.6752422256069494,0.3142194273854777,0.02249710832409079,-17.610980326194323,-0.5795773775967575,1.3418525461754798,0.0,stop_loss_gap,stop loss gap,True,False,False,True,False,7,bull_low_volatility,True,valid_loss,,True,weekly rank score=2.8003
143,B_ETF_trend_following,v1_fixed_rules,XLP,equity_index,2011-01-20,2011-01-21,2011-01-20,2011-01-27,bull_low_volatility,bull_low_volatility,97.71397399902344,87.36928314208984,True,0.05189592260989164,low_volatility,trend_following_breakout,trend_breakout,Trend filter and 20-day breakout conditions were met.,"{""atr_20"": 0.106675, ""bollinger_lower"": 19.30606, ""breakout_level"": 19.54055, ""close"": 19.567133, ""ema_10"": 19.468397, ""momentum_126"": 0.111855, ""momentum_63"": 0.037997, ""realized_vol_20"": 0.051896, ""rsi_2"": 71.432476, ""sma_100"": 18.840055, ""sma_200"": 18.198436, ""sma_50"": 19.208122, ""volume"": 15486400.0, ""volume_sma_20"": 4488985.0}",3394.0638936617847,3394.0638936617847,3486.1742501769904,-92.1103565152057,0.0,14.750407849963409,0.0,14.750407849963409,365.89132729703454,465.89132729703454,active,19.636762636212836,19.423412013764356,19.423412013764356,19.413700307757473,19.423412013764356,,69.13693375103844,1357.625557464714,45.0,14.750407849963409,14.750407849963409,0.327786841110298,0.21335062244848046,0.010864857227282117,-15.421845424770808,-1.0455199328477596,1.3499146347523285,0.0,stop_loss,stop loss,True,False,False,False,False,4,bull_low_volatility,True,valid_loss,,True,trend breakout
144,B_ETF_trend_following,v1_fixed_rules,XLU,equity_index,2011-01-20,2011-01-21,2011-01-20,2011-01-28,bull_low_volatility,bull_low_volatility,97.71397399902344,87.36928314208984,True,0.059461851839502027,low_volatility,trend_following_breakout,trend_breakout,Trend filter and 20-day breakout conditions were met.,"{""atr_20"": 0.073907, ""bollinger_lower"": 9.291319, ""breakout_level"": 9.482803, ""close"": 9.530487, ""ema_10"": 9.441525, ""momentum_126"": 0.074428, ""momentum_63"": 0.004434, ""realized_vol_20"": 0.059462, ""rsi_2"": 75.001, ""sma_100"": 9.274886, ""sma_200"": 8.966765, ""sma_50"": 9.273611, ""volume"": 17218600.0, ""volume_sma_20"": 8305620.0}",3394.0638936617847,3391.547319055924,3486.1742501769904,-94.62693112106626,14.750407849963409,35.64992992830602,14.750407849963409,35.64992992830602,363.3747526911741,463.3747526911741,active,9.594884483754113,9.447069577132682,9.447069577132682,9.442346042344116,9.447069577132682,,141.3898134906546,1356.6189276223697,45.0,20.899522078342613,20.899522078342613,0.4644338239631692,0.1478149066214307,0.015405595228552076,-21.567381781114534,-1.0319557404359978,1.3458352367318125,0.0,stop_loss,stop loss,True,False,False,False,False,5,bull_low_volatility,True,valid_loss,,True,trend breakout
146,B_ETF_trend_following,v1_fixed_rules,XLI,equity_index,2011-01-27,2011-01-28,2011-01-27,2011-01-28,bull_low_volatility,bull_low_volatility,99.17111206054688,87.58417423248291,True,0.07925780656590814,low_volatility,trend_following_breakout,trend_breakout,Trend filter and 20-day breakout conditions were met.,"{""atr_20"": 0.275828, ""bollinger_lower"": 26.060141, ""breakout_level"": 27.402149, ""close"": 27.499985, ""ema_10"": 27.137454, ""momentum_126"": 0.223529, ""momentum_63"": 0.14058, ""realized_vol_20"": 0.079258, ""rsi_2"": 100.0, ""sma_100"": 24.860268, ""sma_200"": 23.54496, ""sma_50"": 25.930675, ""volume"": 9505800.0, ""volume_sma_20"": 10051730.0}",3384.9466372164934,3353.401091664672,3486.1742501769904,-132.77315851231833,27.031106873872478,53.852291268039366,27.031106873872478,53.852291268039366,327.45938888206564,427.45938888206564,active,27.589040197506016,27.037383301888394,27.037383301888394,27.02386461023745,27.037383301888394,,48.61932227664538,1341.360436665869,45.0,26.82118439416689,26.82118439416689,0.5960263198703754,0.5516568956176222,0.01999550878422696,-27.478454020302735,-1.024505615280688,1.3276212096557176,0.0,stop_loss,stop loss,True,False,False,False,False,0,bull_low_volatility,True,valid_loss,,True,trend breakout
148,B_ETF_trend_following,v1_fixed_rules,SHY,bond,2011-01-28,2011-01-31,2011-01-28,2011-02-02,bull_low_volatility,bull_normal_volatility,97.43936157226562,87.61574119567871,True,0.012133802208888751,low_volatility,trend_following_breakout,trend_breakout,Trend filter and 20-day breakout conditions were met.,"{""atr_20"": 0.066051, ""bollinger_lower"": 67.129879, ""breakout_level"": 67.29274, ""close"": 67.324722, ""ema_10"": 67.259352, ""momentum_126"": 0.003507, ""momentum_63"": -0.002024, ""realized_vol_20"": 0.012134, ""rsi_2"": 100.0, ""sma_100"": 67.285897, ""sma_200"": 67.05537, ""sma_50"": 67.217077, ""volume"": 678500.0, ""volume_sma_20"": 999275.0}",3327.365348853453,3361.038102938007,3486.1742501769904,-125.13614723898354,44.72739777079588,47.30716883595073,0.0,2.57977106515485,301.4236460708464,401.4236460708464,active,67.37447159811532,67.24236940686923,67.24236940686923,67.2087482221658,67.24236940686923,,19.52860161379945,1315.72921477984,45.0,2.57977106515485,2.57977106515485,0.05732824589233,0.13210219124609068,0.001960715803963144,-3.236345787012198,-1.2545089100059108,1.314111041886334,0.0,stop_loss,stop loss,True,False,False,False,False,2,bull_normal_volatility,True,valid_loss,,True,trend breakout
145,A_ETF_sector_momentum,v1_fixed_rules,XLI,equity_index,2011-01-21,2011-01-24,2011-01-21,2011-02-22,bull_low_volatility,bull_low_volatility,97.93519592285156,87.41279567718506,True,0.07384189302513636,low_volatility,weekly_momentum_rotation,ranked_momentum_risk_on,Weekly momentum rotation selected an eligible top-ranked ETF.,"{""atr_20"": 0.255132, ""bollinger_lower"": 25.961941, ""breakout_level"": 27.221523, ""close"": 27.018326, ""ema_10"": 26.843137, ""momentum_126"": 0.206096, ""momentum_63"": 0.110601, ""rank_at_signal"": 1.0, ""rank_score"": 2.144426, ""realized_vol_20"": 0.073842, ""rsi_2"": 61.702426, ""score"": 2.144426, ""sma_100"": 24.639996, ""sma_200"": 23.471716, ""sma_50"": 25.699411, ""volume"": 13339300.0, ""volume_sma_20"": 8403960.0}",3381.1780559581784,3391.060199070913,3486.1742501769904,-95.11405110607757,35.64992992830602,48.4717746464931,35.64992992830602,48.4717746464931,355.2213552401579,485.2213552401579,active,27.05442920089656,26.54416473098335,27.904501376126525,27.890549125438465,27.904501376126525,,25.12784149044891,679.8194085747011,45.0,12.821844718187076,12.821844718187076,0.28492988262637947,0.51026446991321,0.01886066292968769,21.009888930895077,1.638601105587694,0.6903243530401486,0.0,stop_loss,stop loss,True,False,False,False,False,20,bull_low_volatility,True,valid_win,,True,weekly rank score=2.1444
149,B_ETF_trend_following,v1_fixed_rules,SMH,equity_index,2011-02-02,2011-02-03,2011-02-02,2011-02-23,bull_normal_volatility,bull_normal_volatility,99.55259704589844,87.75053981781006,True,0.19451366529986272,normal_volatility,trend_following_breakout,trend_breakout,Trend filter and 20-day breakout conditions were met.,"{""atr_20"": 0.246471, ""bollinger_lower"": 13.753339, ""breakout_level"": 14.979318, ""close"": 15.013285, ""ema_10"": 14.699995, ""momentum_126"": 0.275153, ""momentum_63"": 0.190973, ""realized_vol_20"": 0.194514, ""rsi_2"": 100.0, ""sma_100"": 13.072936, ""sma_200"": 12.327898, ""sma_50"": 14.009823, ""volume"": 13972000.0, ""volume_sma_20"": 13435310.0}",3386.1852760517854,3387.3077461252046,3486.1742501769904,-98.8665040517858,11.695136562230275,54.85307592695709,11.695136562230275,54.85307592695709,298.1873002838342,398.1873002838342,active,14.991055281838573,14.498113133236018,14.931024287583751,14.923558775439961,14.931024287583751,,87.55173297125334,1312.4928689928279,45.0,43.157939364726815,43.157939364726815,0.9590653192161515,0.49294214860255536,0.03288241817103743,-5.909436104703784,-0.13692581693401223,1.309538150940476,0.0,stop_loss,stop loss,True,False,False,False,False,13,bull_normal_volatility,True,valid_loss,,True,trend breakout
152,A_ETF_sector_momentum,v1_fixed_rules,SMH,equity_index,2011-02-25,2011-02-28,2011-02-25,2011-03-07,bull_normal_volatility,bull_normal_volatility,100.95635223388672,88.73246795654296,True,0.204766562168438,normal_volatility,weekly_momentum_rotation,ranked_momentum_risk_on,Weekly momentum rotation selected an eligible top-ranked ETF.,"{""atr_20"": 0.267488, ""bollinger_lower"": 14.626683, ""breakout_level"": 15.535525, ""close"": 15.29351, ""ema_10"": 15.174409, ""momentum_126"": 0.443687, ""momentum_63"": 0.136995, ""rank_at_signal"": 2.0, ""rank_score"": 1.417913, ""realized_vol_20"": 0.204767, ""rsi_2"": 100.0, ""score"": 1.417913, ""sma_100"": 13.67576, ""sma_200"": 12.55643, ""sma_50"": 14.510747, ""volume"": 11401800.0, ""volume_sma_20"": 14224840.0}",3456.2386133774007,3478.611207296768,3510.3444699845804,-31.733262687812385,61.64130027358233,62.806370591596455,45.0,46.16507031801412,502.35848345321995,632.35848345322,active,15.34788095286968,14.812905487538101,14.884318835057023,14.876876675639496,14.884318835057023,,2.1778014012138134,33.424636644822385,45.0,1.1650703180141242,1.1650703180141242,0.02589045151142498,0.5349754653315788,0.03485663375774044,-1.0257537749295949,-0.8804222020504342,0.03291175975735759,0.0,stop_loss,stop loss,True,False,False,False,False,5,bull_normal_volatility,True,valid_loss,,True,weekly rank score=1.4179
147,A_ETF_sector_momentum,v1_fixed_rules,XLE,equity_index,2011-01-28,2011-01-31,2011-01-28,2011-03-10,bull_low_volatility,bull_normal_volatility,97.43936157226562,87.61574119567871,True,0.15080030457141844,low_volatility,weekly_momentum_rotation,ranked_momentum_risk_on,Weekly momentum rotation selected an eligible top-ranked ETF.,"{""atr_20"": 0.310032, ""bollinger_lower"": 20.086953, ""breakout_level"": 21.457409, ""close"": 21.239368, ""ema_10"": 21.079976, ""momentum_126"": 0.332739, ""momentum_63"": 0.206525, ""rank_at_signal"": 1.0, ""rank_score"": 1.788009, ""realized_vol_20"": 0.1508, ""rsi_2"": 0.0, ""score"": 1.788009, ""sma_100"": 18.625993, ""sma_200"": 17.341147, ""sma_50"": 19.99267, ""volume"": 47383200.0, ""volume_sma_20"": 27893810.0}",3327.365348853453,3335.1189727026385,3486.1742501769904,-151.0552774743519,6.1315847955298635,44.72739777079588,6.1315847955298635,44.72739777079588,360.74411550719975,490.74411550719975,active,21.43227413331819,20.81220926392775,22.549470510699795,22.538195775444446,22.549470510699795,,62.24479869857448,1334.0475890810555,45.0,38.59581297526602,38.59581297526602,0.8576847327836894,0.6200648693904434,0.028931361438052097,68.83786999054566,1.7835579738833365,1.3684665240763283,0.0,stop_loss,stop loss,True,False,False,False,False,27,bull_normal_volatility,True,valid_win,,True,weekly rank score=1.7880
151,B_ETF_trend_following,v1_fixed_rules,XLE,equity_index,2011-02-23,2011-02-24,2011-02-23,2011-03-10,bull_normal_volatility,bull_normal_volatility,99.95694732666016,88.6045686340332,True,0.19509525235863254,normal_volatility,trend_following_breakout,trend_breakout,Trend filter and 20-day breakout conditions were met.,"{""atr_20"": 0.412035, ""bollinger_lower"": 21.202108, ""breakout_level"": 23.004585, ""close"": 23.243532, ""ema_10"": 22.666586, ""momentum_126"": 0.527734, ""momentum_63"": 0.233099, ""realized_vol_20"": 0.195095, ""rsi_2"": 67.391033, ""sma_100"": 19.671145, ""sma_200"": 17.755341, ""sma_50"": 21.127055, ""volume"": 64379400.0, ""volume_sma_20"": 35636070.0}",3456.6130552205404,3430.894864217358,3510.3444699845804,-79.44960576722224,16.641300273582335,61.64130027358233,0.0,45.0,289.4216847859681,389.4216847859681,active,23.314918436507174,22.490848938861944,22.549470510699795,22.538195775444446,22.549470510699795,,54.60704482884884,1273.1587962433016,45.0,45.0,45.0,1.0,0.8240694976452296,0.035345158932869256,-42.41452917223513,-0.9425450927163361,1.251951531657184,0.0,stop_loss,stop loss,True,False,False,False,False,10,bull_normal_volatility,True,valid_loss,,True,trend breakout
150,B_ETF_trend_following,v1_fixed_rules,GLD,commodity_alternative,2011-02-22,2011-02-23,2011-02-22,2011-03-15,bull_normal_volatility,bull_normal_volatility,100.57488250732422,88.54114288330078,True,0.14104551884893016,normal_volatility,trend_following_breakout,trend_breakout,Trend filter and 20-day breakout conditions were met.,"{""atr_20"": 1.627, ""bollinger_lower"": 128.193507, ""breakout_level"": 135.410004, ""close"": 136.289993, ""ema_10"": 134.117751, ""momentum_126"": 0.137836, ""momentum_63"": 0.030938, ""realized_vol_20"": 0.141046, ""rsi_2"": 100.0, ""sma_100"": 133.407801, ""sma_200"": 126.63495, ""sma_50"": 133.739201, ""volume"": 16676100.0, ""volume_sma_20"": 15184300.0}",3438.444502449069,3447.931544692305,3510.3444699845804,-62.412925292275304,5.2558175789970045,21.89711785257934,0.0,16.641300273582335,286.0076968408446,386.0076968408446,active,137.03848622131346,133.78448612976072,136.4787483215332,135.28233110046386,136.4787483215332,,5.114105656229855,700.8292975055962,45.0,16.641300273582335,16.641300273582335,0.3698066727462741,3.25400009155274,0.02374515496542787,-8.981162836753956,-0.5396911713089714,0.6963387160872192,0.0,stop_loss_gap,stop loss gap,True,False,False,True,False,14,bull_normal_volatility,True,valid_loss,,True,trend breakout
154,A_ETF_sector_momentum,v1_fixed_rules,SPY,equity_index,2011-03-11,2011-03-14,2011-03-11,2011-03-15,bull_normal_volatility,bull_normal_volatility,99.81961059570312,89.60187366485596,True,0.15702213662224768,normal_volatility,weekly_momentum_rotation,ranked_momentum_risk_on,Weekly momentum rotation selected an eligible top-ranked ETF.,"{""atr_20"": 1.290085, ""bollinger_lower"": 99.058776, ""breakout_level"": 102.634789, ""close"": 99.819611, ""ema_10"": 100.434572, ""momentum_126"": 0.186152, ""momentum_63"": 0.062767, ""rank_at_signal"": 2.0, ""rank_score"": 0.792624, ""realized_vol_20"": 0.157022, ""rsi_2"": 26.865244, ""score"": 0.792624, ""sma_100"": 95.82831, ""sma_200"": 89.601874, ""sma_50"": 99.420915, ""volume"": 225621800.0, ""volume_sma_20"": 185901365.0}",3372.3867200869713,3376.463591536203,3510.3444699845804,-133.88087844837764,5.785230112746728,40.029543327271625,0.0,34.2443132145249,444.04336038666906,574.0433603866691,active,99.22071630415938,96.64054576027598,96.64054576027598,96.52891782719242,96.64054576027598,,13.272112301144254,1316.868489388778,45.0,34.2443132145249,34.2443132145249,0.7609847381005533,2.5801705438833977,0.02600435312292979,-35.72585167835464,-1.0432637808954899,1.2990055635496007,0.0,stop_loss_gap,stop loss gap,True,False,False,True,False,1,bull_normal_volatility,True,valid_loss,,True,weekly rank score=0.7926
155,B_ETF_trend_following,v1_fixed_rules,BIL,bond,2011-03-15,2011-03-16,2011-03-15,2011-03-16,bull_normal_volatility,bull_normal_volatility,98.08014678955078,89.76143325805664,True,0.002484979652003104,normal_volatility,trend_following_breakout,trend_breakout,Trend filter and 20-day breakout conditions were met.,"{""atr_20"": 0.017781, ""bollinger_lower"": 74.092856, ""breakout_level"": 74.118156, ""close"": 74.134331, ""ema_10"": 74.114411, ""momentum_126"": 0.000218, ""momentum_63"": 0.000218, ""realized_vol_20"": 0.002485, ""rsi_2"": 100.0, ""sma_100"": 74.109274, ""sma_200"": 74.108871, ""sma_50"": 74.109758, ""volume"": 754300.0, ""volume_sma_20"": 268425.0}",3321.799182952742,3324.2090424362746,3510.3444699845804,-186.13542754830587,2.922671353474284,3.560343590715276,2.922671353474284,3.560343590715276,242.94032260336783,342.9403226033678,active,74.15523071405394,74.11966832066284,74.11966832066284,74.0811125424257,74.11966832066284,,17.931083271817094,1329.68361697451,45.0,0.6376722372409919,0.6376722372409919,0.014170494160910931,0.03556239339110334,0.0004795668902741818,-1.32901910742085,-2.084172761183864,1.3290191074207995,0.0,stop_loss_gap,stop loss gap,True,False,False,True,False,0,bull_normal_volatility,True,valid_loss,,True,trend breakout
153,B_ETF_trend_following,v1_fixed_rules,SHY,bond,2011-03-10,2011-03-11,2011-03-10,2011-03-24,bull_normal_volatility,bull_normal_volatility,99.1330108642578,89.5053631591797,True,0.01402649882936825,normal_volatility,trend_following_breakout,trend_breakout,Trend filter and 20-day breakout conditions were met.,"{""atr_20"": 0.072941, ""bollinger_lower"": 66.935217, ""breakout_level"": 67.275902, ""close"": 67.307968, ""ema_10"": 67.218998, ""momentum_126"": 0.00289, ""momentum_63"": 0.00247, ""realized_vol_20"": 0.014026, ""rsi_2"": 100.0, ""sma_100"": 67.238226, ""sma_200"": 67.153497, ""sma_50"": 67.178877, ""volume"": 692000.0, ""volume_sma_20"": 868745.0}",3370.598967121164,3372.900299059456,3510.3444699845804,-137.44417092512458,2.862558759272444,5.785230112746728,0.0,2.922671353474284,255.90572754819436,355.90572754819436,active,67.34159074906182,67.19570937047901,67.24387518873016,67.2102532511358,67.24387518873016,,20.034574541774965,1349.1601196237825,45.0,2.922671353474284,2.922671353474284,0.06494825229942854,0.14588137858281414,0.0021662894648036882,-2.631290892329183,-0.9003033780042609,1.3478444741776179,0.0,stop_loss,stop loss,True,False,False,False,False,9,bull_normal_volatility,True,valid_loss,,True,trend breakout
156,A_ETF_sector_momentum,v1_fixed_rules,XLE,equity_index,2011-03-18,2011-03-21,2011-03-18,2011-04-12,bull_normal_volatility,bull_normal_volatility,97.89328002929688,89.98563026428222,True,0.25322805115747493,normal_volatility,weekly_momentum_rotation,ranked_momentum_risk_on,Weekly momentum rotation selected an eligible top-ranked ETF.,"{""atr_20"": 0.543534, ""bollinger_lower"": 22.026885, ""breakout_level"": 23.548197, ""close"": 22.593544, ""ema_10"": 22.599267, ""momentum_126"": 0.409915, ""momentum_63"": 0.148432, ""rank_at_signal"": 1.0, ""rank_score"": 1.10246, ""realized_vol_20"": 0.253228, ""rsi_2"": 86.333042, ""score"": 1.10246, ""sma_100"": 20.605846, ""sma_200"": 18.345463, ""sma_50"": 22.080783, ""volume"": 48328600.0, ""volume_sma_20"": 39983310.0}",3321.594235051835,3320.1482582210456,3510.3444699845804,-190.19621176353485,2.0578757475104803,47.05787574751048,0.0,45.0,408.31750870831445,538.3175087083144,active,22.99762790872499,21.910559420089392,22.994078407370907,22.98258136816722,22.994078407370907,,41.395735844096095,952.0037299503917,45.0,45.0,45.0,1.0,1.0870684886355981,0.04726872236345641,-0.6228626182968883,-0.013841391517708627,0.9516922986412433,0.0,stop_loss,stop loss,True,False,False,False,False,16,bull_normal_volatility,True,valid_loss,,True,weekly rank score=1.1025
157,A_ETF_sector_momentum,v1_fixed_rules,IWM,equity_index,2011-03-18,2011-03-21,2011-03-18,2011-04-12,bull_normal_volatility,bull_normal_volatility,97.89328002929688,89.98563026428222,True,0.23024793742987482,normal_volatility,weekly_momentum_rotation,ranked_momentum_risk_on,Weekly momentum rotation selected an eligible top-ranked ETF.,"{""atr_20"": 1.360073, ""bollinger_lower"": 63.367801, ""breakout_level"": 67.779884, ""close"": 64.616524, ""ema_10"": 64.89072, ""momentum_126"": 0.227117, ""momentum_63"": 0.026225, ""rank_at_signal"": 2.0, ""rank_score"": 0.550152, ""realized_vol_20"": 0.230248, ""rsi_2"": 100.0, ""score"": 0.550152, ""sma_100"": 62.9699, ""sma_200"": 57.612873, ""sma_50"": 65.243985, ""volume"": 70017700.0, ""volume_sma_20"": 73509385.0}",3321.594235051835,3331.830260052492,3510.3444699845804,-178.5142099320883,47.05787574751048,89.4170009877399,45.0,87.35912524022942,419.999510539761,549.999510539761,active,65.47867326167429,62.75852664602713,67.0654990611401,67.03196631160954,67.0654990611401,,15.572368414469311,1019.6580233214529,45.0,42.359125240229424,42.359125240229424,0.9413138942273206,2.7201466156471596,0.04154248215715307,24.18845162922637,0.5710328410241591,1.031752249136066,0.0,stop_loss,stop loss,True,False,False,False,False,16,bull_normal_volatility,True,valid_win,,True,weekly rank score=0.5502
158,B_ETF_trend_following,v1_fixed_rules,XLE,equity_index,2011-03-29,2011-03-30,2011-03-29,2011-04-12,bull_normal_volatility,bull_normal_volatility,101.03482055664062,90.65638542175293,True,0.24623099743937904,normal_volatility,trend_following_breakout,trend_breakout,Trend filter and 20-day breakout conditions were met.,"{""atr_20"": 0.504094, ""bollinger_lower"": 21.987812, ""breakout_level"": 23.58252, ""close"": 23.813274, ""ema_10"": 23.289767, ""momentum_126"": 0.444222, ""momentum_63"": 0.18255, ""realized_vol_20"": 0.246231, ""rsi_2"": 83.476668, ""sma_100"": 21.007632, ""sma_200"": 18.623223, ""sma_50"": 22.472257, ""volume"": 33912800.0, ""volume_sma_20"": 35554030.0}",3383.141346549863,3403.541686749505,3510.3444699845804,-106.80278323507537,35.543912627751,80.543912627751,35.543912627751,80.543912627751,236.92186217039128,336.92186217039125,active,23.98109217264437,22.972905130263925,22.994078407370907,22.98258136816722,22.994078407370907,,44.63457484411805,1070.3858534235887,45.0,45.0,45.0,1.0,1.0081870423804453,0.0420409143637962,-44.56810523509585,-0.9904023385576856,1.0481018008060408,0.0,stop_loss,stop loss,True,False,False,False,False,9,bull_normal_volatility,True,valid_loss,,True,trend breakout
160,B_ETF_trend_following,v1_fixed_rules,XLV,equity_index,2011-04-14,2011-04-15,2011-04-14,2011-05-23,bull_low_volatility,bull_low_volatility,100.8049087524414,91.82278305053711,True,0.06614228179371062,low_volatility,trend_following_breakout,trend_breakout,Trend filter and 20-day breakout conditions were met.,"{""atr_20"": 0.216485, ""bollinger_lower"": 24.829569, ""breakout_level"": 26.024891, ""close"": 26.110331, ""ema_10"": 25.904279, ""momentum_126"": 0.094403, ""momentum_63"": 0.050815, ""realized_vol_20"": 0.066142, ""rsi_2"": 85.713785, ""sma_100"": 24.848977, ""sma_200"": 23.878838, ""sma_50"": 25.314904, ""volume"": 8316200.0, ""volume_sma_20"": 6493215.0}",3304.432387646861,3305.6319483815737,3510.3444699845804,-204.71252160300673,0.0,21.80485247859781,0.0,21.80485247859781,200.7976395377374,300.7976395377374,active,26.25546882798987,25.82249819371294,27.590789811739985,27.576994416834115,27.590789811739985,,50.361042418066845,1322.2527793526297,45.0,21.80485247859781,21.80485247859781,0.48455227730217354,0.4329706342769306,0.01649068379290788,66.55340623634582,3.0522291449424026,1.3555294824708026,0.0,stop_loss,stop loss,True,False,False,False,False,25,bull_low_volatility,True,valid_win,,True,trend breakout
162,A_ETF_sector_momentum,v1_fixed_rules,XLV,equity_index,2011-04-15,2011-04-18,2011-04-15,2011-05-23,bull_low_volatility,bull_low_volatility,101.1727294921875,91.94078880310059,True,0.06945233383045218,low_volatility,weekly_momentum_rotation,ranked_momentum_risk_on,Weekly momentum rotation selected an eligible top-ranked ETF.,"{""atr_20"": 0.21629, ""bollinger_lower"": 24.933384, ""breakout_level"": 26.110331, ""close"": 26.343307, ""ema_10"": 25.984102, ""momentum_126"": 0.09956, ""momentum_63"": 0.058873, ""rank_at_signal"": 2.0, ""rank_score"": 1.14059, ""realized_vol_20"": 0.069452, ""rsi_2"": 100.0, ""score"": 1.14059, ""sma_100"": 24.873906, ""sma_200"": 23.903582, ""sma_50"": 25.344198, ""volume"": 9761800.0, ""volume_sma_20"": 6146505.0}",3310.0555952227187,3295.5468451313254,3510.3444699845804,-214.797624853255,40.30281097420988,46.60253266282798,40.30281097420988,46.60253266282798,433.805779228116,563.8057792281161,active,26.185530404522986,25.752949481065915,27.590789811739985,27.576994416834115,27.590789811739985,,14.563105645696112,381.3426456696559,45.0,6.299721688618102,6.299721688618102,0.1399938153026245,0.43258092345707055,0.016519845761167072,20.26403741347117,3.216655975466792,0.3914746643763915,0.0,stop_loss,stop loss,True,False,False,False,False,24,bull_low_volatility,True,valid_win,,True,weekly rank score=1.1406
159,B_ETF_trend_following,v1_fixed_rules,XLP,equity_index,2011-03-29,2011-03-30,2011-03-29,2011-05-25,bull_normal_volatility,bull_normal_volatility,101.03482055664062,90.65638542175293,True,0.11278611217641908,normal_volatility,trend_following_breakout,trend_breakout,Trend filter and 20-day breakout conditions were met.,"{""atr_20"": 0.195234, ""bollinger_lower"": 19.257002, ""breakout_level"": 19.879507, ""close"": 19.932495, ""ema_10"": 19.735082, ""momentum_126"": 0.078105, ""momentum_63"": 0.022145, ""realized_vol_20"": 0.112786, ""rsi_2"": 93.33587, ""sma_100"": 19.390663, ""sma_200"": 18.646626, ""sma_50"": 19.591905, ""volume"": 3786100.0, ""volume_sma_20"": 8113710.0}",3383.141346549863,3403.4080393615614,3510.3444699845804,-106.93643062301908,80.543912627751,85.93444017408623,80.543912627751,85.93444017408623,236.78821478244754,336.78821478244754,active,20.002644892738573,19.612177569882874,21.264332123757587,21.25369995769571,21.264332123757587,,13.805323085454113,276.1429753078646,45.0,5.3905275463352424,5.3905275463352424,0.11978950102967205,0.39046732285569874,0.019520784623709812,17.27121936942704,3.2039942697573083,0.28477858499257813,0.0,stop_loss,stop loss,True,False,False,False,False,39,bull_normal_volatility,True,valid_win,,True,trend breakout
161,A_ETF_sector_momentum,v1_fixed_rules,XLP,equity_index,2011-04-15,2011-04-18,2011-04-15,2011-05-25,bull_low_volatility,bull_low_volatility,101.1727294921875,91.94078880310059,True,0.06002863819065179,low_volatility,weekly_momentum_rotation,ranked_momentum_risk_on,Weekly momentum rotation selected an eligible top-ranked ETF.,"{""atr_20"": 0.143712, ""bollinger_lower"": 19.528806, ""breakout_level"": 20.527393, ""close"": 20.614285, ""ema_10"": 20.340339, ""momentum_126"": 0.093546, ""momentum_63"": 0.057467, ""rank_at_signal"": 1.0, ""rank_score"": 1.257847, ""realized_vol_20"": 0.060029, ""rsi_2"": 100.0, ""score"": 1.257847, ""sma_100"": 19.55667, ""sma_200"": 18.848946, ""sma_50"": 19.801444, ""volume"": 8840800.0, ""volume_sma_20"": 5934255.0}",3310.0555952227187,3293.624163622453,3510.3444699845804,-216.7203063621273,21.80485247859781,40.30281097420988,21.80485247859781,40.30281097420988,431.88309771924395,561.883097719244,active,20.470781140366245,20.183356375809336,21.264332123757587,21.25369995769571,21.264332123757587,,64.35756683711048,1317.4496654489815,45.0,18.497958495612075,18.497958495612075,0.411065744346935,0.2874247645569099,0.01404073262207558,50.38675011431242,2.7239087019394455,1.3426430405061378,0.0,stop_loss,stop loss,True,False,False,False,False,26,bull_low_volatility,True,valid_win,,True,weekly rank score=1.2578
164,B_ETF_trend_following,v1_fixed_rules,GLD,commodity_alternative,2011-06-01,2011-06-02,2011-06-01,2011-06-23,bull_normal_volatility,bull_normal_volatility,101.0424575805664,95.05464218139649,True,0.15885356108496618,normal_volatility,trend_following_breakout,trend_breakout,Trend filter and 20-day breakout conditions were met.,"{""atr_20"": 1.949998, ""bollinger_lower"": 143.610519, ""breakout_level"": 149.880005, ""close"": 149.910004, ""ema_10"": 148.475524, ""momentum_126"": 0.107, ""momentum_63"": 0.071398, ""realized_vol_20"": 0.158854, ""rsi_2"": 81.819023, ""sma_100"": 139.8626, ""sma_200"": 135.14945, ""sma_50"": 144.9938, ""volume"": 18365400.0, ""volume_sma_20"": 17641710.0}",3454.1965923280013,3453.372900746148,3526.160011226132,-72.78711047998422,0.15274274952374042,36.01398448037309,0.0,35.86124173084935,277.88780437452795,377.88780437452795,active,150.22506889343262,146.32507194519044,147.5937557220459,147.51995884418488,147.5937557220459,,9.195197382657668,1381.3491602984595,45.0,35.86124173084935,35.86124173084935,0.7969164829077633,3.899996948242176,0.025961026192031736,-24.874020844643738,-0.6936185041034443,1.3689121498761376,0.0,stop_loss,stop loss,True,False,False,False,False,15,bull_normal_volatility,True,valid_loss,,True,trend breakout
163,B_ETF_trend_following,v1_fixed_rules,SHY,bond,2011-05-23,2011-05-24,2011-05-23,2011-06-28,bull_normal_volatility,bull_low_volatility,101.18804168701172,94.48946594238281,True,0.007301417569853273,normal_volatility,trend_following_breakout,trend_breakout,Trend filter and 20-day breakout conditions were met.,"{""atr_20"": 0.056203, ""bollinger_lower"": 67.443116, ""breakout_level"": 67.647614, ""close"": 67.655647, ""ema_10"": 67.615286, ""momentum_126"": 0.005777, ""momentum_63"": 0.007096, ""realized_vol_20"": 0.007301, ""rsi_2"": 100.0, ""sma_100"": 67.287673, ""sma_200"": 67.283049, ""sma_50"": 67.393602, ""volume"": 708400.0, ""volume_sma_20"": 940465.0}",3467.515591347424,3465.947676168523,3526.160011226132,-60.21233505760938,0.0,2.3027668150648672,0.0,2.3027668150648672,278.7012928163731,378.7012928163731,active,67.67340908042696,67.5610039785235,67.80449060040841,67.77058835510822,67.80449060040841,,20.486319358017813,1386.3790704674093,45.0,2.3027668150648672,2.3027668150648672,0.05117259589033038,0.11240510190346242,0.0016609936373956533,1.9908456561006742,0.8645450520983792,1.3873744932954595,0.0,stop_loss,stop loss,True,False,False,False,False,24,bull_low_volatility,True,valid_win,,True,trend breakout
165,A_ETF_sector_momentum,v1_fixed_rules,SHY,bond,2011-06-03,2011-06-06,2011-06-03,2011-06-28,sideways_normal_volatility,sideways_normal_volatility,99.9314422607422,95.23094612121582,True,0.007503099329284216,normal_volatility,weekly_momentum_rotation,ranked_momentum_risk_on,Weekly momentum rotation selected an eligible top-ranked ETF.,"{""atr_20"": 0.052046, ""bollinger_lower"": 67.51771, ""breakout_level"": 67.797058, ""close"": 67.780968, ""ema_10"": 67.726617, ""momentum_126"": 0.008072, ""momentum_63"": 0.007747, ""rank_at_signal"": 1.0, ""rank_score"": 1.054228, ""realized_vol_20"": 0.007503, ""rsi_2"": 37.492587, ""score"": 1.054228, ""sma_100"": 67.331443, ""sma_200"": 67.305802, ""sma_50"": 67.455476, ""volume"": 975500.0, ""volume_sma_20"": 978435.0}",3453.8203611460285,3456.376269165801,3526.160011226132,-69.78374206033095,35.93187753905797,36.98180123880962,0.07063580820861845,1.120559507960264,502.5338852470275,632.5338852470275,active,67.80684788694371,67.7027561373302,67.80449060040841,67.77058835510822,67.80449060040841,,10.086521781504484,683.935248146819,45.0,1.0499236997516455,1.0499236997516455,0.023331637772258787,0.10409174961351653,0.0015351214937327814,-0.3657325576459026,-0.3483420345044263,0.6837523818679961,0.0,stop_loss,stop loss,True,False,False,False,False,16,sideways_normal_volatility,True,valid_loss,,True,weekly rank score=1.0542
166,B_ETF_trend_following,v1_fixed_rules,IEF,bond,2011-06-23,2011-06-24,2011-06-23,2011-06-28,sideways_normal_volatility,sideways_normal_volatility,98.79441833496094,96.44091304779053,True,0.07196599540026276,normal_volatility,trend_following_breakout,trend_breakout,Trend filter and 20-day breakout conditions were met.,"{""atr_20"": 0.379428, ""bollinger_lower"": 69.645684, ""breakout_level"": 70.674301, ""close"": 70.761253, ""ema_10"": 70.441089, ""momentum_126"": 0.058038, ""momentum_63"": 0.053307, ""realized_vol_20"": 0.071966, ""rsi_2"": 92.719199, ""sma_100"": 67.929191, ""sma_200"": 68.344242, ""sma_50"": 69.117549, ""volume"": 1264700.0, ""volume_sma_20"": 1444865.0}",3432.417283426698,3433.645589864692,3526.160011226132,-92.51442136144033,0.39855064144346947,14.930926922547956,0.39855064144346947,14.930926922547956,256.80042033321905,356.80042033321905,active,70.83288836585288,70.07403171093142,70.10788714416296,70.07283320059088,70.10788714416296,,19.150357563390642,1356.4751394538157,45.0,14.532376281104487,14.532376281104487,0.32294169513565524,0.758856654921459,0.01071333772247086,-14.555328182669317,-1.0015793632865586,1.3491974753624811,0.0,stop_loss,stop loss,True,False,False,False,False,2,sideways_normal_volatility,True,valid_loss,,True,trend breakout
169,A_ETF_sector_momentum,v1_fixed_rules,XLV,equity_index,2011-07-01,2011-07-05,2011-07-01,2011-07-11,bull_normal_volatility,bull_normal_volatility,103.1219711303711,96.90417938232422,True,0.13819641499992644,normal_volatility,weekly_momentum_rotation,ranked_momentum_risk_on,Weekly momentum rotation selected an eligible top-ranked ETF.,"{""atr_20"": 0.314195, ""bollinger_lower"": 26.822511, ""breakout_level"": 27.728907, ""close"": 28.064501, ""ema_10"": 27.565367, ""momentum_126"": 0.152409, ""momentum_63"": 0.085824, ""rank_at_signal"": 1.0, ""rank_score"": 0.861935, ""realized_vol_20"": 0.138196, ""rsi_2"": 100.0, ""score"": 0.861935, ""sma_100"": 26.47335, ""sma_200"": 25.300067, ""sma_50"": 27.525308, ""volume"": 10374800.0, ""volume_sma_20"": 10515255.0}",3463.5315303421257,3461.522019482448,3526.160011226132,-64.63799174368432,36.2430342786929,51.520297564801,36.2430342786929,51.520297564801,502.1681526893816,632.1681526893816,active,28.10194597063301,27.473556216190715,27.473556216190715,27.459819438082622,27.473556216190715,,24.311763802811953,683.2078728374129,45.0,15.277263286108093,15.277263286108093,0.33949473969129096,0.6283897544422956,0.022361076172410732,-15.611228590883696,-1.0218602833846089,0.675402258541971,0.0,stop_loss,stop loss,True,False,False,False,False,4,bull_normal_volatility,True,valid_loss,,True,weekly rank score=0.8619
168,B_ETF_trend_following,v1_fixed_rules,XLY,equity_index,2011-06-29,2011-06-30,2011-06-29,2011-07-15,sideways_normal_volatility,sideways_normal_volatility,100.65786743164062,96.7339737701416,True,0.18343581540198844,normal_volatility,trend_following_breakout,trend_breakout,Trend filter and 20-day breakout conditions were met.,"{""atr_20"": 0.247884, ""bollinger_lower"": 15.61745, ""breakout_level"": 16.639658, ""close"": 16.71509, ""ema_10"": 16.337989, ""momentum_126"": 0.069355, ""momentum_63"": 0.021455, ""realized_vol_20"": 0.183436, ""rsi_2"": 100.0, ""sma_100"": 16.378815, ""sma_200"": 15.676847, ""sma_50"": 16.52989, ""volume"": 25746600.0, ""volume_sma_20"": 18929270.0}",3413.8592429838295,3412.7691823822115,3526.160011226132,-113.39082884392064,27.494736224826568,67.86221866313889,27.494736224826568,67.86221866313889,237.6498185682379,337.6498185682379,active,16.765375189647376,16.269607711411858,16.799953709580812,16.791553732726022,16.799953709580812,,81.42422448116993,1365.1076729528847,45.0,40.36748243831232,40.36748243831232,0.8970551652958294,0.4957674782355177,0.029570914615835994,2.1315675682257105,0.05280407495025411,1.3661734567369979,0.0,stop_loss,stop loss,True,False,False,False,False,10,sideways_normal_volatility,True,valid_win,,True,trend breakout
167,B_ETF_trend_following,v1_fixed_rules,XLU,equity_index,2011-06-29,2011-06-30,2011-06-29,2011-07-18,sideways_normal_volatility,sideways_normal_volatility,100.65786743164062,96.7339737701416,True,0.09640165686230906,normal_volatility,trend_following_breakout,trend_breakout,Trend filter and 20-day breakout conditions were met.,"{""atr_20"": 0.102553, ""bollinger_lower"": 9.872204, ""breakout_level"": 10.09348, ""close"": 10.157323, ""ema_10"": 10.048241, ""momentum_126"": 0.08615, ""momentum_63"": 0.056356, ""realized_vol_20"": 0.096402, ""rsi_2"": 100.0, ""sma_100"": 9.776937, ""sma_200"": 9.546582, ""sma_50"": 10.030647, ""volume"": 11853800.0, ""volume_sma_20"": 13009460.0}",3413.8592429838295,3413.8592429838295,3526.160011226132,-112.30076824230264,0.0,27.494736224826568,0.0,27.494736224826568,238.73987916985593,338.73987916985595,active,10.186736756740672,9.98163043850717,10.045113031777328,10.04009047526144,10.045113031777328,,134.05114216679223,1365.543697193532,45.0,27.494736224826568,27.494736224826568,0.6109941383294792,0.20510631823350245,0.02013464401127097,-19.658101526803897,-0.7149769092548512,1.3557146464301297,0.0,stop_loss,stop loss,True,False,False,False,False,11,sideways_normal_volatility,True,valid_loss,,True,trend breakout
170,A_ETF_sector_momentum,v1_fixed_rules,GLD,commodity_alternative,2011-07-15,2011-07-18,2011-07-15,2011-08-12,sideways_normal_volatility,sideways_normal_volatility,101.40479278564452,97.61768081665039,True,0.1360643602172558,normal_volatility,weekly_momentum_rotation,ranked_momentum_risk_on,Weekly momentum rotation selected an eligible top-ranked ETF.,"{""atr_20"": 1.665002, ""bollinger_lower"": 143.554409, ""breakout_level"": 154.539993, ""close"": 155.199997, ""ema_10"": 151.881023, ""momentum_126"": 0.157777, ""momentum_63"": 0.079202, ""rank_at_signal"": 1.0, ""rank_score"": 0.870833, ""realized_vol_20"": 0.136064, ""rsi_2"": 100.0, ""score"": 0.870833, ""sma_100"": 145.1178, ""sma_200"": 139.2628, ""sma_50"": 148.589399, ""volume"": 18448400.0, ""volume_sma_20"": 15915535.0}",3394.3987031967545,3381.357757226894,3526.160011226132,-144.80225399923802,18.98482208925186,47.88648086351476,0.0,28.901658774262902,486.5569240984979,616.5569240984979,active,155.83787450408934,152.50787114715575,168.09250259399414,168.00845634269714,168.09250259399414,,8.67916805972136,1352.5431028907578,45.0,28.901658774262902,28.901658774262902,0.642259083872509,3.330003356933588,0.021368382798664296,105.63052516186968,3.6548256965767756,1.4053583654716926,0.0,stop_loss,stop loss,True,False,False,False,False,19,sideways_normal_volatility,True,valid_win,,True,weekly rank score=0.8708
172,B_ETF_trend_following,v1_fixed_rules,GLD,commodity_alternative,2011-07-18,2011-07-19,2011-07-18,2011-08-12,sideways_normal_volatility,sideways_normal_volatility,100.57315826416016,97.68746761322022,True,0.13730621437388707,normal_volatility,trend_following_breakout,trend_breakout,Trend filter and 20-day breakout conditions were met.,"{""atr_20"": 1.661002, ""bollinger_lower"": 143.142052, ""breakout_level"": 155.199997, ""close"": 156.570007, ""ema_10"": 152.733565, ""momentum_126"": 0.179968, ""momentum_63"": 0.079421, ""realized_vol_20"": 0.137306, ""rsi_2"": 100.0, ""sma_100"": 145.3084, ""sma_200"": 139.4061, ""sma_50"": 148.8514, ""volume"": 17133400.0, ""volume_sma_20"": 15811950.0}",3386.815596840479,3370.2383540623487,3526.160011226132,-155.9216571637835,30.19353214290444,58.78106836831026,28.901658774262902,57.489194999668726,221.21334521127773,321.2133452112777,active,156.39816732788086,153.07616262817382,168.09250259399414,168.00845634269714,168.09250259399414,,8.605507459976476,1345.8855956667278,45.0,28.58753622540582,28.58753622540582,0.635278582786796,3.322004699707037,0.021240688151688007,99.9124287294845,3.494964656684617,1.3958418100314702,0.0,stop_loss,stop loss,True,False,False,False,False,18,sideways_normal_volatility,True,valid_win,,True,trend breakout
171,A_ETF_sector_momentum,v1_fixed_rules,SHY,bond,2011-07-15,2011-07-18,2011-07-15,2011-09-21,sideways_normal_volatility,sideways_normal_volatility,101.40479278564452,97.61768081665039,True,0.011629142812116631,normal_volatility,weekly_momentum_rotation,ranked_momentum_risk_on,Weekly momentum rotation selected an eligible top-ranked ETF.,"{""atr_20"": 0.064316, ""bollinger_lower"": 67.720588, ""breakout_level"": 67.941689, ""close"": 67.910477, ""ema_10"": 67.871628, ""momentum_126"": 0.00966, ""momentum_63"": 0.009949, ""rank_at_signal"": 2.0, ""rank_score"": 0.843103, ""realized_vol_20"": 0.011629, ""rsi_2"": 39.981043, ""score"": 0.843103, ""sma_100"": 67.528532, ""sma_200"": 67.39391, ""sma_50"": 67.762722, ""volume"": 607500.0, ""volume_sma_20"": 1583985.0}",3394.3987031967545,3387.712061014835,3526.160011226132,-138.4479502112972,47.88648086351476,49.1783542321563,0.0,1.2918733686415378,492.9112278864388,622.9112278864388,active,67.93638372958542,67.80775096776631,68.13074899728755,68.09668362278892,68.13074899728755,,10.043113048122876,682.2927818768819,45.0,1.2918733686415378,1.2918733686415378,0.02870829708092306,0.1286327618191052,0.001893429628681977,1.6099099490447812,1.2461824727741488,0.6830977368514043,0.0,stop_loss,stop loss,True,False,False,False,False,46,sideways_normal_volatility,True,valid_win,,True,weekly rank score=0.8431
174,B_ETF_trend_following,v1_fixed_rules,GLD,commodity_alternative,2011-10-27,2011-10-28,2011-10-27,2011-11-01,sideways_high_volatility,sideways_high_volatility,99.56095886230467,97.95282096862793,True,0.2074525241050979,high_volatility,trend_following_breakout,trend_breakout,Trend filter and 20-day breakout conditions were met.,"{""atr_20"": 3.188499, ""bollinger_lower"": 155.674746, ""breakout_level"": 167.399994, ""close"": 169.550003, ""ema_10"": 163.953878, ""momentum_126"": 0.112752, ""momentum_63"": 0.071135, ""realized_vol_20"": 0.207453, ""rsi_2"": 100.0, ""sma_100"": 162.3265, ""sma_200"": 151.4073, ""sma_50"": 169.1506, ""volume"": 15876900.0, ""volume_sma_20"": 13517800.0}",3587.8743442747664,3576.179309113162,3702.4282402002254,-126.24893108706328,44.0738108215882,89.0738108215882,0.0,45.0,309.43073877915805,409.43073877915805,active,169.72481938934325,163.34782201385497,163.34782201385497,163.94798377990725,163.34782201385497,,7.056612595289699,1197.6822982361089,45.0,45.0,45.0,1.0,6.376997375488287,0.037572568339929474,-40.76489092246416,-0.905886464943648,1.1772998527748766,0.0,trend_exit,trend exit,False,False,False,False,False,2,sideways_high_volatility,True,valid_loss,,True,trend breakout
173,B_ETF_trend_following,v1_fixed_rules,XLU,equity_index,2011-10-27,2011-10-28,2011-10-27,2011-11-01,sideways_high_volatility,sideways_high_volatility,99.56095886230467,97.95282096862793,True,0.18718759375694619,high_volatility,trend_following_breakout,trend_breakout,Trend filter and 20-day breakout conditions were met.,"{""atr_20"": 0.166461, ""bollinger_lower"": 9.982518, ""breakout_level"": 10.712496, ""close"": 10.841484, ""ema_10"": 10.581276, ""momentum_126"": 0.086366, ""momentum_63"": 0.075079, ""realized_vol_20"": 0.187188, ""rsi_2"": 100.0, ""sma_100"": 10.149091, ""sma_200"": 9.922409, ""sma_50"": 10.274733, ""volume"": 26382000.0, ""volume_sma_20"": 20411090.0}",3587.8743442747664,3587.8743442747664,3702.4282402002254,-114.55389592545907,0.0,44.0738108215882,0.0,44.0738108215882,321.1257739407622,421.1257739407622,active,10.84076371589934,10.507841124882107,10.507841124882107,10.502587204319667,10.507841124882107,,132.38456028748968,1435.149737709907,45.0,44.0738108215882,44.0738108215882,0.9794180182575155,0.3329225910172333,0.03071025250084185,-44.76934878503224,-1.0157812077167458,1.4127650633173907,0.0,stop_loss,stop loss,True,False,False,False,False,2,sideways_high_volatility,True,valid_loss,,True,trend breakout
176,B_ETF_trend_following,v1_fixed_rules,XLU,equity_index,2011-11-08,2011-11-09,2011-11-08,2011-11-21,sideways_normal_volatility,sideways_high_volatility,98.98045349121094,97.91632316589356,True,0.1693625733653606,normal_volatility,trend_following_breakout,trend_breakout,Trend filter and 20-day breakout conditions were met.,"{""atr_20"": 0.15694, ""bollinger_lower"": 10.27666, ""breakout_level"": 10.841484, ""close"": 10.872197, ""ema_10"": 10.721835, ""momentum_126"": 0.071033, ""momentum_63"": 0.168673, ""realized_vol_20"": 0.169363, ""rsi_2"": 100.0, ""sma_100"": 10.209772, ""sma_200"": 9.971434, ""sma_50"": 10.388816, ""volume"": 12198800.0, ""volume_sma_20"": 16789770.0}",3502.4052256428586,3502.6314123492452,3702.4282402002254,-199.7968278509802,0.8526204770124056,41.766194558144235,0.0,40.91357408113183,235.59153423326583,335.59153423326586,active,10.748580131793325,10.434699810316568,10.454125072271612,10.448898009735476,10.454125072271612,,130.34768757926562,1401.0525649396982,45.0,40.91357408113183,40.91357408113183,0.9091905351362628,0.3138803214767574,0.02920202646564711,-39.062871619087844,-0.9547655636641759,1.3815211291301543,0.0,stop_loss,stop loss,True,False,False,False,False,8,sideways_high_volatility,True,valid_loss,,True,trend breakout
177,A_ETF_sector_momentum,v1_fixed_rules,TLT,bond,2011-11-11,2011-11-14,2011-11-11,2011-11-30,sideways_high_volatility,sideways_high_volatility,98.0361785888672,97.8865771484375,True,0.2964167761362807,high_volatility,weekly_momentum_rotation,ranked_momentum_risk_on,Weekly momentum rotation selected an eligible top-ranked ETF.,"{""atr_20"": 1.581686, ""bollinger_lower"": 74.284136, ""breakout_level"": 80.10202, ""close"": 77.553787, ""ema_10"": 77.932654, ""momentum_126"": 0.232201, ""momentum_63"": 0.115736, ""rank_at_signal"": 1.0, ""rank_score"": 0.586905, ""realized_vol_20"": 0.296417, ""rsi_2"": 0.0, ""score"": 0.586905, ""sma_100"": 72.244431, ""sma_200"": 66.618009, ""sma_50"": 77.54917, ""volume"": 2483900.0, ""volume_sma_20"": 10987780.0}",3516.804026731249,3500.442864059071,3702.4282402002254,-201.98537614115457,40.7291064258136,85.7291064258136,0.796329478528651,45.79632947852865,594.201599928477,724.201599928477,active,78.08905584047152,74.92568365723275,78.74837624725166,78.70900205912804,78.74837624725166,,14.22532582110763,1110.842262393375,45.0,45.0,45.0,1.0,3.1633721832387636,0.04050980190746871,8.81893695195267,0.19597637671005935,1.1152517308693515,0.0,stop_loss,stop loss,True,False,False,False,False,11,sideways_high_volatility,True,valid_win,,True,weekly rank score=0.5869
179,B_ETF_trend_following,v1_fixed_rules,SHY,bond,2011-12-07,2011-12-08,2011-12-07,2011-12-14,sideways_normal_volatility,sideways_normal_volatility,98.0903549194336,97.38908306121826,True,0.0035973619043601396,normal_volatility,trend_following_breakout,trend_breakout,Trend filter and 20-day breakout conditions were met.,"{""atr_20"": 0.028625, ""bollinger_lower"": 68.122245, ""breakout_level"": 68.165634, ""close"": 68.181725, ""ema_10"": 68.158606, ""momentum_126"": 0.006031, ""momentum_63"": 2.4e-05, ""realized_vol_20"": 0.003597, ""rsi_2"": 100.0, ""sma_100"": 68.102938, ""sma_200"": 67.819473, ""sma_50"": 68.11252, ""volume"": 1330000.0, ""volume_sma_20"": 1805425.0}",3478.6160753286185,3462.6281716503345,3702.4282402002254,-239.80006854989097,38.048472530886286,38.99508980818029,0.3167528342673913,1.263370111561396,186.26040975701542,286.2604097570154,active,68.22394477844237,68.16669513515716,68.16669513515716,68.123482321307,68.16669513515716,,16.534902629488165,1128.0762839111221,45.0,0.9466172772940047,0.9466172772940047,0.021035939495422325,0.057249643285217644,0.0008391429647044915,-1.6611369466526156,-1.7548136786612782,1.127245715437796,0.0,stop_loss_gap,stop loss gap,True,False,False,True,False,4,sideways_normal_volatility,True,valid_loss,,True,trend breakout
175,A_ETF_sector_momentum,v1_fixed_rules,SHY,bond,2011-10-28,2011-10-31,2011-10-28,2011-12-22,sideways_high_volatility,sideways_high_volatility,99.53775787353516,97.96083377838134,True,0.006778141384194305,high_volatility,weekly_momentum_rotation,ranked_momentum_risk_on,Weekly momentum rotation selected an eligible top-ranked ETF.,"{""atr_20"": 0.040291, ""bollinger_lower"": 67.99761, ""breakout_level"": 68.122902, ""close"": 68.066414, ""ema_10"": 68.073862, ""momentum_126"": 0.008464, ""momentum_63"": 0.002166, ""rank_at_signal"": 1.0, ""rank_score"": 0.784138, ""realized_vol_20"": 0.006778, ""rsi_2"": 39.948868, ""score"": 0.784138, ""sma_100"": 68.020072, ""sma_200"": 67.684444, ""sma_50"": 68.118427, ""volume"": 2016000.0, ""volume_sma_20"": 1968560.0}",3575.439604833976,3552.844531290285,3702.4282402002254,-149.58370890994047,89.0738108215882,90.20337157264991,0.0,1.1295607510617198,593.7973592094124,723.7973592094124,active,68.13275965515386,68.0521767422328,68.133399188768,68.09933248917362,68.133399188768,,14.017373039967671,955.0423083287508,45.0,1.1295607510617198,1.1295607510617198,0.025101350023593774,0.08058291292105935,0.0011827337293971432,-0.46856105521397623,-0.41481704704555,0.9548080278011438,0.0,stop_loss,stop loss,True,False,False,False,False,37,sideways_high_volatility,True,valid_loss,,True,weekly rank score=0.7841
180,B_ETF_trend_following,v1_fixed_rules,XLU,equity_index,2011-12-22,2011-12-23,2011-12-22,2012-01-05,sideways_normal_volatility,sideways_normal_volatility,97.5751953125,97.11934810638428,True,0.17826650540135913,normal_volatility,trend_following_breakout,trend_breakout,Trend filter and 20-day breakout conditions were met.,"{""atr_20"": 0.159523, ""bollinger_lower"": 10.352822, ""breakout_level"": 11.034345, ""close"": 11.046765, ""ema_10"": 10.825787, ""momentum_126"": 0.107793, ""momentum_63"": 0.076576, ""realized_vol_20"": 0.178267, ""rsi_2"": 100.0, ""sma_100"": 10.368366, ""sma_200"": 10.148671, ""sma_50"": 10.652048, ""volume"": 8170800.0, ""volume_sma_20"": 14021290.0}",3501.144703485802,3511.244938512489,3702.4282402002254,-191.18330168773628,15.115520489586391,55.52288646735383,15.115520489586391,55.52288646735383,236.1459922817458,336.1459922817458,active,11.089574355580796,10.77052762331733,10.901895845236265,10.895352480872445,10.901895845236265,,126.65030508571199,1404.4979754049957,45.0,40.40736597776744,40.40736597776744,0.8979414661726098,0.319046732263466,0.028769970968534668,-24.598259686131563,-0.6087568217058688,1.3921988455619299,0.0,stop_loss_gap,stop loss gap,True,False,False,True,False,7,sideways_normal_volatility,True,valid_loss,,True,trend breakout
181,A_ETF_sector_momentum,v1_fixed_rules,TLT,bond,2011-12-23,2011-12-27,2011-12-23,2012-01-20,sideways_normal_volatility,sideways_normal_volatility,98.44759368896484,97.11248802185058,True,0.20080287586485238,normal_volatility,weekly_momentum_rotation,ranked_momentum_risk_on,Weekly momentum rotation selected an eligible top-ranked ETF.,"{""atr_20"": 1.324425, ""bollinger_lower"": 77.743151, ""breakout_level"": 83.270905, ""close"": 79.506332, ""ema_10"": 80.557002, ""momentum_126"": 0.258098, ""momentum_63"": 0.002357, ""rank_at_signal"": 2.0, ""rank_score"": 0.648534, ""realized_vol_20"": 0.200803, ""rsi_2"": 27.322398, ""score"": 0.648534, ""sma_100"": 77.013131, ""sma_200"": 69.715493, ""sma_50"": 78.957747, ""volume"": 5409700.0, ""volume_sma_20"": 8606950.0}",3514.869698676697,3528.9104648209614,3702.4282402002254,-173.5177753792641,45.6032666700391,68.12055916474976,0.0,22.517292494710667,602.1477351061511,732.1477351061511,active,79.57984951573789,76.93099984407917,79.22746292828103,79.1878491968169,79.22746292828103,,8.50078157912609,676.4909188330109,45.0,22.517292494710667,22.517292494710667,0.5003842776602371,2.6488496716587235,0.03328543202553909,-3.3323090900951224,-0.14798888857876163,0.6748247642879635,0.0,stop_loss,stop loss,True,False,False,False,False,16,sideways_normal_volatility,True,valid_loss,,True,weekly rank score=0.6485
178,B_ETF_trend_following,v1_fixed_rules,XLP,equity_index,2011-12-05,2011-12-06,2011-12-05,2012-01-25,sideways_normal_volatility,sideways_normal_volatility,97.69557189941406,97.41265777587891,True,0.17996332254212258,normal_volatility,trend_following_breakout,trend_breakout,Trend filter and 20-day breakout conditions were met.,"{""atr_20"": 0.293881, ""bollinger_lower"": 20.467972, ""breakout_level"": 21.625824, ""close"": 21.64617, ""ema_10"": 21.285345, ""momentum_126"": 0.041948, ""momentum_63"": 0.064137, ""realized_vol_20"": 0.179963, ""rsi_2"": 63.333708, ""sma_100"": 20.670745, ""sma_200"": 20.632991, ""sma_50"": 20.879565, ""volume"": 7178500.0, ""volume_sma_20"": 6747405.0}",3472.4439441506547,3472.4439441506547,3702.4282402002254,-229.98429604957073,0.5281628966979878,38.25988259331688,0.0,37.731719696618896,196.528662614178,296.52866261417796,active,21.636642852691157,21.04888120957752,21.94104252862102,21.93007200735671,21.94104252862102,,64.19561422337298,1388.9775776602619,45.0,37.731719696618896,37.731719696618896,0.8384826599248644,0.5877616431136374,0.02716510352901314,18.836864814800283,0.4992315475217589,1.3983960100676622,0.0,stop_loss,stop loss,True,False,False,False,False,33,sideways_normal_volatility,True,valid_win,,True,trend breakout
185,A_ETF_sector_momentum,v1_fixed_rules,TLT,bond,2012-01-27,2012-01-30,2012-01-27,2012-02-03,bull_low_volatility,bull_low_volatility,102.6771469116211,97.14241596221923,True,0.1372721167176017,low_volatility,weekly_momentum_rotation,ranked_momentum_risk_on,Weekly momentum rotation selected an eligible top-ranked ETF.,"{""atr_20"": 0.998467, ""bollinger_lower"": 77.915904, ""breakout_level"": 81.900482, ""close"": 79.634453, ""ema_10"": 79.486327, ""momentum_126"": 0.251001, ""momentum_63"": 0.04283, ""rank_at_signal"": 2.0, ""rank_score"": 1.07025, ""realized_vol_20"": 0.137272, ""rsi_2"": 100.0, ""score"": 1.07025, ""sma_100"": 78.910364, ""sma_200"": 71.909725, ""sma_50"": 80.196792, ""volume"": 5165300.0, ""volume_sma_20"": 7344320.0}",3508.0807004965377,3504.3202974220612,3702.4282402002254,-198.10794277816422,26.108906265370692,26.117557552891498,0.0,0.00865128752080576,611.0125752870416,741.0125752870416,active,80.86187724026102,78.86494309028362,78.95354373912608,78.69085209015492,78.95354373912608,,0.004332284828172047,0.35031668394549337,45.0,0.00865128752080576,0.00865128752080576,0.00019225083379568355,1.996934149977406,0.024695619470272885,-0.009405499319384614,-1.0871791391472108,0.0003456139342858011,0.0,stop_loss_gap,stop loss gap,True,False,False,True,False,4,bull_low_volatility,True,valid_loss,,True,weekly rank score=1.0702
183,A_ETF_sector_momentum,v1_fixed_rules,IEF,bond,2012-01-20,2012-01-23,2012-01-20,2012-02-06,bull_low_volatility,bull_low_volatility,102.77838897705078,97.11758743286133,True,0.059577623668504436,low_volatility,weekly_momentum_rotation,ranked_momentum_risk_on,Weekly momentum rotation selected an eligible top-ranked ETF.,"{""atr_20"": 0.380171, ""bollinger_lower"": 76.604808, ""breakout_level"": 77.797752, ""close"": 76.826866, ""ema_10"": 77.278011, ""momentum_126"": 0.090474, ""momentum_63"": 0.018943, ""rank_at_signal"": 1.0, ""rank_score"": 0.918274, ""realized_vol_20"": 0.059578, ""rsi_2"": 0.0, ""score"": 0.918274, ""sma_100"": 76.423966, ""sma_200"": 73.411511, ""sma_50"": 76.910834, ""volume"": 650600.0, ""volume_sma_20"": 920135.0}",3514.8019831938036,3512.449968359793,3702.4282402002254,-189.97827184043263,0.0,6.678620657568492,0.0,6.678620657568492,598.815426016056,728.815426016056,active,76.63713942609552,75.87679799229353,77.39690414834936,77.53035001037091,77.39690414834936,,8.78371263311663,673.1586097429158,45.0,6.678620657568492,6.678620657568492,0.14841379239041091,0.7603414338019832,0.009921318038432438,7.845705093133266,1.1747493225629135,0.6770814622894825,0.0,rank_drop_exit,rank drop exit,False,False,False,False,False,10,bull_low_volatility,True,valid_win,,True,weekly rank score=0.9183
186,A_ETF_sector_momentum,v1_fixed_rules,XLV,equity_index,2012-02-03,2012-02-06,2012-02-03,2012-02-27,bull_low_volatility,bull_low_volatility,104.79578399658205,97.20532878875733,True,0.06800461127967014,low_volatility,weekly_momentum_rotation,ranked_momentum_risk_on,Weekly momentum rotation selected an eligible top-ranked ETF.,"{""atr_20"": 0.269853, ""bollinger_lower"": 27.749271, ""breakout_level"": 28.523901, ""close"": 28.579144, ""ema_10"": 28.337773, ""momentum_126"": 0.159944, ""momentum_63"": 0.099069, ""rank_at_signal"": 1.0, ""rank_score"": 1.90438, ""realized_vol_20"": 0.068005, ""rsi_2"": 60.001796, ""score"": 1.90438, ""sma_100"": 26.45035, ""sma_200"": 26.610518, ""sma_50"": 27.214424, ""volume"": 8292500.0, ""volume_sma_20"": 6339845.0}",3549.6361780168213,3538.657641333987,3702.4282402002254,-163.7705988662383,26.108906265370692,39.02647581747436,26.108906265370692,39.02647581747436,606.6517256098698,736.6517256098698,active,28.4671222078027,27.927416318594094,28.077109098858415,28.39923501165979,28.077109098858415,,23.934460991421243,681.3452260206751,45.0,12.917569552103673,12.917569552103673,0.28705710115785943,0.5397058892086051,0.018958919881991946,-1.6248434478994143,-0.12578553893946734,0.6805328042967254,0.0,rank_drop_exit,rank drop exit,False,False,False,False,False,14,bull_low_volatility,True,valid_loss,,True,weekly rank score=1.9044
184,B_ETF_trend_following,v1_fixed_rules,XLV,equity_index,2012-01-25,2012-01-26,2012-01-25,2012-03-06,bull_low_volatility,bull_low_volatility,103.2535400390625,97.12656349182129,True,0.08607493469334901,low_volatility,trend_following_breakout,trend_breakout,Trend filter and 20-day breakout conditions were met.,"{""atr_20"": 0.26433, ""bollinger_lower"": 27.214242, ""breakout_level"": 28.287189, ""close"": 28.373981, ""ema_10"": 28.13526, ""momentum_126"": 0.040543, ""momentum_63"": 0.07592, ""realized_vol_20"": 0.086075, ""rsi_2"": 100.0, ""sma_100"": 26.248418, ""sma_200"": 26.531803, ""sma_50"": 26.90228, ""volume"": 6827200.0, ""volume_sma_20"": 6236375.0}",3517.4558422191903,3518.6603144777914,3702.4282402002254,-183.76792572243403,4.439013498264128,30.54791976363482,0.0,26.108906265370692,239.08965765648952,339.0896576564895,active,28.49869239996199,27.970032610400384,28.161935961225126,28.147854993244515,28.161935961225126,,49.38697207711164,1407.4641257911167,45.0,26.108906265370692,26.108906265370692,0.5801979170082376,0.5286597895616048,0.018550317402012097,-17.32679720916216,-0.663635505564758,1.3988007271865355,0.0,stop_loss,stop loss,True,False,False,False,False,27,bull_low_volatility,True,valid_loss,,True,trend breakout
182,B_ETF_trend_following,v1_fixed_rules,XLY,equity_index,2012-01-05,2012-01-06,2012-01-05,2012-04-09,sideways_normal_volatility,sideways_normal_volatility,99.73284912109376,97.12645553588867,True,0.19059441680295316,normal_volatility,trend_following_breakout,trend_breakout,Trend filter and 20-day breakout conditions were met.,"{""atr_20"": 0.267049, ""bollinger_lower"": 15.858629, ""breakout_level"": 16.772459, ""close"": 16.91202, ""ema_10"": 16.592083, ""momentum_126"": -0.030275, ""momentum_63"": 0.131424, ""realized_vol_20"": 0.190594, ""rsi_2"": 100.0, ""sma_100"": 15.832241, ""sma_200"": 16.145845, ""sma_50"": 16.288894, ""volume"": 9152600.0, ""volume_sma_20"": 11635470.0}",3476.722816363217,3472.832340361479,3702.4282402002254,-229.5958998387464,7.095682382433407,50.63068979324364,0.0,43.53500741081023,193.54267300943536,293.54267300943536,active,16.928940604162722,16.394842693811718,18.785323992073042,18.775931330077007,18.785323992073042,,81.51128579065103,1379.8997157188642,45.0,43.53500741081023,43.53500741081023,0.9674446091291162,0.5340979103510044,0.031549399507000045,150.5505889126813,3.4581500697137333,1.4551750101752048,0.0,stop_loss,stop loss,True,False,False,False,False,63,sideways_normal_volatility,True,valid_win,,True,trend breakout
188,A_ETF_sector_momentum,v1_fixed_rules,XLY,equity_index,2012-03-09,2012-03-12,2012-03-09,2012-04-09,bull_low_volatility,bull_low_volatility,107.15591430664062,97.56998592376709,True,0.10661639996195241,low_volatility,weekly_momentum_rotation,ranked_momentum_risk_on,Weekly momentum rotation selected an eligible top-ranked ETF.,"{""atr_20"": 0.181214, ""bollinger_lower"": 17.824118, ""breakout_level"": 18.493692, ""close"": 18.599421, ""ema_10"": 18.347397, ""momentum_126"": 0.22009, ""momentum_63"": 0.118465, ""rank_at_signal"": 2.0, ""rank_score"": 1.587727, ""realized_vol_20"": 0.106616, ""rsi_2"": 100.0, ""score"": 1.587727, ""sma_100"": 16.946948, ""sma_200"": 16.409984, ""sma_50"": 17.65084, ""volume"": 9470800.0, ""volume_sma_20"": 9358600.0}",3597.424831224148,3594.2358601611513,3702.4282402002254,-108.19238003907412,6.469025302743227,33.531415822985636,6.469025302743227,33.531415822985636,617.4786384250117,747.4786384250117,active,18.617186117911544,18.254757492514585,18.785323992073042,18.775931330077007,18.785323992073042,,74.6695725002452,1390.1373285819543,45.0,27.06239052024241,27.06239052024241,0.6013864560053869,0.36242862539695864,0.019467422364557393,11.853437128855887,0.43800406767427397,1.3960640471463823,0.0,stop_loss,stop loss,True,False,False,False,False,19,bull_low_volatility,True,valid_win,,True,weekly rank score=1.5877
187,A_ETF_sector_momentum,v1_fixed_rules,XLK,equity_index,2012-02-24,2012-02-27,2012-02-24,2012-04-10,bull_low_volatility,bull_low_volatility,106.6573715209961,97.36054332733154,True,0.08914905542663462,low_volatility,weekly_momentum_rotation,ranked_momentum_risk_on,Weekly momentum rotation selected an eligible top-ranked ETF.,"{""atr_20"": 0.12162, ""bollinger_lower"": 11.125744, ""breakout_level"": 11.892167, ""close"": 11.96273, ""ema_10"": 11.798186, ""momentum_126"": 0.227037, ""momentum_63"": 0.170485, ""rank_at_signal"": 1.0, ""rank_score"": 2.229536, ""realized_vol_20"": 0.089149, ""rsi_2"": 100.0, ""score"": 2.229536, ""sma_100"": 10.799296, ""sma_200"": 10.547917, ""sma_50"": 11.087907, ""volume"": 10992000.0, ""volume_sma_20"": 16320320.0}",3571.1815373799136,3578.7887847750662,3702.4282402002254,-123.63945542515921,20.820722719778765,34.70208236874895,20.820722719778765,34.70208236874895,605.0268821619704,735.0268821619704,active,11.910573180961702,11.667333528026024,12.399163650620622,12.392964068795312,12.399163650620622,,57.068654232297206,679.7203825727756,45.0,13.88135964897018,13.88135964897018,0.308474658866004,0.24323965293567795,0.02042216182546791,27.529398782587144,1.9831918110867097,0.6934850819640692,0.0,stop_loss,stop loss,True,False,False,False,False,30,bull_low_volatility,True,valid_win,,True,weekly rank score=2.2295
191,A_ETF_sector_momentum,v1_fixed_rules,QQQ,equity_index,2012-04-13,2012-04-16,2012-04-13,2012-04-23,bull_normal_volatility,bull_normal_volatility,107.28913116455078,98.74922595977783,True,0.13773809355895686,normal_volatility,weekly_momentum_rotation,ranked_momentum_risk_on,Weekly momentum rotation selected an eligible top-ranked ETF.,"{""atr_20"": 0.705924, ""bollinger_lower"": 58.455256, ""breakout_level"": 60.450977, ""close"": 58.626392, ""ema_10"": 59.314116, ""momentum_126"": 0.175903, ""momentum_63"": 0.135509, ""rank_at_signal"": 2.0, ""rank_score"": 1.130448, ""realized_vol_20"": 0.137738, ""rsi_2"": 42.696273, ""score"": 1.130448, ""sma_100"": 54.028, ""sma_200"": 51.594088, ""sma_50"": 57.706556, ""volume"": 55227500.0, ""volume_sma_20"": 49191100.0}",3643.67319485361,3643.2579785076214,3728.3962566633504,-85.13827815572904,17.831399310168848,35.33105999360869,0.0,17.499660683439842,644.4097180734134,774.4097180734134,active,58.948143907868875,57.53629573262118,57.53629573262118,57.50752758475487,57.53629573262118,,12.394860148733526,730.6539997654529,45.0,17.499660683439842,17.499660683439842,0.3888813485208854,1.4118481752476981,0.023950680745000237,-17.856237852980826,-1.0203762333448223,0.7217258808389626,0.0,stop_loss,stop loss,True,False,False,False,False,5,bull_normal_volatility,True,valid_loss,,True,weekly rank score=1.1304
192,A_ETF_sector_momentum,v1_fixed_rules,XLY,equity_index,2012-04-27,2012-04-30,2012-04-27,2012-05-08,bull_normal_volatility,bull_normal_volatility,109.83169555664062,99.0457339477539,True,0.16657746108160895,normal_volatility,weekly_momentum_rotation,ranked_momentum_risk_on,Weekly momentum rotation selected an eligible top-ranked ETF.,"{""atr_20"": 0.268736, ""bollinger_lower"": 18.531262, ""breakout_level"": 19.220882, ""close"": 19.458441, ""ema_10"": 19.035105, ""momentum_126"": 0.190287, ""momentum_63"": 0.110042, ""rank_at_signal"": 1.0, ""rank_score"": 0.901467, ""realized_vol_20"": 0.166577, ""rsi_2"": 100.0, ""score"": 0.901467, ""sma_100"": 17.882512, ""sma_200"": 16.829196, ""sma_50"": 18.730622, ""volume"": 17906200.0, ""volume_sma_20"": 14236820.0}",3632.8511750945017,3634.4431646388634,3728.3962566633504,-93.95309202448698,7.026476588966058,26.71812252260415,0.0,19.691645933638092,626.5534802204326,756.5534802204326,active,19.455433202975065,18.91796027223714,18.91796027223714,18.88903335097713,18.91796027223714,,36.637465456357624,712.7977619124721,45.0,19.691645933638092,19.691645933638092,0.4375921318586243,0.5374729307379269,0.027625852641293958,-20.751455012060447,-1.0538202383891102,0.7024220344064419,0.0,stop_loss_gap,stop loss gap,True,False,False,True,False,6,bull_normal_volatility,True,valid_loss,,True,weekly rank score=0.9015
190,B_ETF_trend_following,v1_fixed_rules,SHY,bond,2012-04-09,2012-04-10,2012-04-09,2012-05-17,bull_normal_volatility,bull_normal_volatility,108.13402557373048,98.5761964416504,True,0.00866063503147951,normal_volatility,trend_following_breakout,trend_breakout,Trend filter and 20-day breakout conditions were met.,"{""atr_20"": 0.039994, ""bollinger_lower"": 67.995189, ""breakout_level"": 68.12925, ""close"": 68.161583, ""ema_10"": 68.105776, ""momentum_126"": 0.001398, ""momentum_63"": -4.8e-05, ""realized_vol_20"": 0.008661, ""rsi_2"": 100.0, ""sma_100"": 68.15633, ""sma_200"": 68.103902, ""sma_50"": 68.136709, ""volume"": 898600.0, ""volume_sma_20"": 1250815.0}",3644.421699353789,3638.151196987881,3728.3962566633504,-90.24505967546929,17.12687833434323,18.83379099895609,17.12687833434323,18.83379099895609,326.0401866448109,426.0401866448109,active,68.19569987690124,68.11571137622514,68.21750979273122,68.18340103783486,68.21750979273122,,21.339475676941735,1455.2604787951525,45.0,1.70691266461286,1.70691266461286,0.03793139254695244,0.07998850067610874,0.001172925870993251,-0.2624507771118327,-0.15375758968392117,1.4551292534065967,0.0,stop_loss,stop loss,True,False,False,False,False,27,bull_normal_volatility,True,valid_loss,,True,trend breakout
193,A_ETF_sector_momentum,v1_fixed_rules,XLV,equity_index,2012-05-11,2012-05-14,2012-05-11,2012-05-18,bull_normal_volatility,bull_normal_volatility,106.09214782714844,99.33366943359376,True,0.09888904969022529,normal_volatility,weekly_momentum_rotation,ranked_momentum_risk_on,Weekly momentum rotation selected an eligible top-ranked ETF.,"{""atr_20"": 0.288264, ""bollinger_lower"": 29.04373, ""breakout_level"": 29.857401, ""close"": 29.349861, ""ema_10"": 29.430155, ""momentum_126"": 0.133153, ""momentum_63"": 0.038726, ""rank_at_signal"": 1.0, ""rank_score"": 0.869052, ""realized_vol_20"": 0.098889, ""rsi_2"": 86.664529, ""score"": 0.869052, ""sma_100"": 28.699984, ""sma_200"": 27.14426, ""sma_50"": 29.307671, ""volume"": 3514200.0, ""volume_sma_20"": 5047995.0}",3626.9226624342227,3633.2791142420565,3728.3962566633504,-95.11714242129392,0.0,13.66478871266863,0.0,13.66478871266863,605.8020252083721,735.8020252083721,active,29.197922787603137,28.621395694310195,28.621395694310195,28.60708499646304,28.621395694310195,,23.701902081686473,692.0463069004117,45.0,13.66478871266863,13.66478871266863,0.30366197139263623,0.5765270932929418,0.01974548317997895,-14.003979471762483,-1.0248222468876806,0.6850443171645304,0.0,stop_loss,stop loss,True,False,False,False,False,4,bull_normal_volatility,True,valid_loss,,True,weekly rank score=0.8691
189,B_ETF_trend_following,v1_fixed_rules,IEF,bond,2012-04-09,2012-04-10,2012-04-09,2012-06-06,bull_normal_volatility,bull_normal_volatility,108.13402557373048,98.5761964416504,True,0.08529534883357459,normal_volatility,trend_following_breakout,trend_breakout,Trend filter and 20-day breakout conditions were met.,"{""atr_20"": 0.456627, ""bollinger_lower"": 75.100539, ""breakout_level"": 77.25193, ""close"": 77.355019, ""ema_10"": 76.458973, ""momentum_126"": 0.015898, ""momentum_63"": 0.001601, ""realized_vol_20"": 0.085295, ""rsi_2"": 100.0, ""sma_100"": 76.982639, ""sma_200"": 75.611085, ""sma_50"": 76.994828, ""volume"": 573700.0, ""volume_sma_20"": 763760.0}",3644.421699353789,3634.4409328427832,3728.3962566633504,-93.95532382056717,0.0,17.12687833434323,0.0,17.12687833434323,322.32992249971323,422.32992249971323,active,77.51944344079712,76.60619013658255,80.19457712003913,80.15447983147911,80.19457712003913,,18.75369982819067,1453.7763731371133,45.0,17.12687833434323,17.12687833434323,0.3805972963187384,0.9132533042145639,0.011780957959431565,49.416681507208985,2.885329161714045,1.478484713890718,0.0,stop_loss,stop loss,True,False,False,False,False,40,bull_normal_volatility,True,valid_win,,True,trend breakout
194,B_ETF_trend_following,v1_fixed_rules,TLT,bond,2012-05-17,2012-05-18,2012-05-17,2012-06-06,sideways_low_volatility,sideways_normal_volatility,102.3760757446289,99.43303569793702,True,0.09980845925879835,low_volatility,trend_following_breakout,trend_breakout,Trend filter and 20-day breakout conditions were met.,"{""atr_20"": 0.775749, ""bollinger_lower"": 77.827437, ""breakout_level"": 83.084793, ""close"": 84.555649, ""ema_10"": 82.100904, ""momentum_126"": 0.074489, ""momentum_63"": 0.072611, ""realized_vol_20"": 0.099808, ""rsi_2"": 100.0, ""sma_100"": 79.142627, ""sma_200"": 78.018714, ""sma_50"": 78.5957, ""volume"": 14863400.0, ""volume_sma_20"": 6002425.0}",3630.7392763801413,3623.7518092189903,3728.3962566633504,-104.64444744436014,13.66478871266863,40.442229930097135,0.0,26.777441217428503,359.06572475798737,459.06572475798737,active,83.98475233719182,82.43325482351818,86.35124338299406,86.30806776130257,86.35124338299406,,17.25909386346668,1449.5007236875963,45.0,26.777441217428503,26.777441217428503,0.595054249276189,1.5514975136736382,0.018473561813274204,40.09831897916726,1.497466417854319,1.46954988317718,0.0,stop_loss,stop loss,True,False,False,False,False,12,sideways_normal_volatility,True,valid_win,,True,trend breakout
195,A_ETF_sector_momentum,v1_fixed_rules,IEF,bond,2012-05-18,2012-05-21,2012-05-18,2012-06-06,sideways_normal_volatility,sideways_normal_volatility,101.49982452392578,99.45476356506347,True,0.032526218865002586,normal_volatility,weekly_momentum_rotation,ranked_momentum_risk_on,Weekly momentum rotation selected an eligible top-ranked ETF.,"{""atr_20"": 0.27424, ""bollinger_lower"": 77.411561, ""breakout_level"": 79.544167, ""close"": 79.492294, ""ema_10"": 79.023186, ""momentum_126"": 0.037276, ""momentum_63"": 0.028603, ""rank_at_signal"": 1.0, ""rank_score"": 1.012719, ""realized_vol_20"": 0.032526, ""rsi_2"": 85.097756, ""score"": 1.012719, ""sma_100"": 77.405668, ""sma_200"": 76.701677, ""sma_50"": 77.39658, ""volume"": 831900.0, ""volume_sma_20"": 707990.0}",3634.020766817672,3627.0775484021196,3728.3962566633504,-101.31870826123077,24.04748818003262,28.768881519543406,24.04748818003262,28.768881519543406,591.7980457366097,721.7980457366097,active,79.40609615697869,78.85761674760299,80.19457712003913,80.15447983147911,80.19457712003913,,8.60815056828631,683.5396317590936,45.0,4.7213933395107865,4.7213933395107865,0.10491985198912859,0.5484794093757017,0.006907270800612177,6.442199352946961,1.3644699540357461,0.686760731435567,0.0,stop_loss,stop loss,True,False,False,False,False,11,sideways_normal_volatility,True,valid_win,,True,weekly rank score=1.0127
196,B_ETF_trend_following,v1_fixed_rules,XLU,equity_index,2012-06-06,2012-06-07,2012-06-06,2012-06-22,sideways_normal_volatility,sideways_normal_volatility,103.24443817138672,100.20794845581055,True,0.08606745251834327,normal_volatility,trend_following_breakout,trend_breakout,Trend filter and 20-day breakout conditions were met.,"{""atr_20"": 0.109703, ""bollinger_lower"": 11.063338, ""breakout_level"": 11.271201, ""close"": 11.427917, ""ema_10"": 11.25189, ""momentum_126"": 0.062519, ""momentum_63"": 0.05376, ""realized_vol_20"": 0.086067, ""rsi_2"": 100.0, ""sma_100"": 10.960576, ""sma_200"": 10.748805, ""sma_50"": 11.075863, ""volume"": 17798400.0, ""volume_sma_20"": 11768940.0}",3682.7739284231266,3682.7739284231266,3753.5313613253497,-70.75743290222317,0.0,28.160125788837295,0.0,28.160125788837295,411.5824722089776,511.5824722089776,active,11.477531159466578,11.258125402096162,11.453474076854128,11.447747339815702,11.453474076854128,,128.34725089412993,1473.1095713692507,45.0,28.160125788837295,28.160125788837295,0.6257805730852732,0.21940575737041534,0.019116110801359158,-3.8226713733164077,-0.13574766682440456,1.4711982356825926,0.0,stop_loss,stop loss,True,False,False,False,False,11,sideways_normal_volatility,True,valid_loss,,True,trend breakout
197,A_ETF_sector_momentum,v1_fixed_rules,XLU,equity_index,2012-06-08,2012-06-11,2012-06-08,2012-06-22,sideways_normal_volatility,sideways_normal_volatility,104.12849426269533,100.36279117584229,True,0.08430287787499645,normal_volatility,weekly_momentum_rotation,ranked_momentum_risk_on,Weekly momentum rotation selected an eligible top-ranked ETF.,"{""atr_20"": 0.106098, ""bollinger_lower"": 11.000699, ""breakout_level"": 11.515677, ""close"": 11.540752, ""ema_10"": 11.343652, ""momentum_126"": 0.07148, ""momentum_63"": 0.0566, ""rank_at_signal"": 1.0, ""rank_score"": 0.759641, ""realized_vol_20"": 0.084303, ""rsi_2"": 100.0, ""score"": 0.759641, ""sma_100"": 10.974522, ""sma_200"": 10.764976, ""sma_50"": 11.099873, ""volume"": 13459200.0, ""volume_sma_20"": 12205550.0}",3690.888202241239,3689.681078877441,3753.5313613253497,-63.85028244790874,25.92935195005702,52.92035191154563,25.92935195005702,52.92035191154563,598.2402450895567,728.2402450895567,active,11.602967340815972,11.390770348478359,11.453474076854128,11.447747339815702,11.453474076854128,,127.1978441548545,1475.8724315509764,45.0,26.990999961488612,26.990999961488612,0.5997999991441914,0.21219699233761347,0.018288165958303113,-19.743649496948702,-0.7314901087443741,1.4660006068025022,0.0,stop_loss,stop loss,True,False,False,False,False,9,sideways_normal_volatility,True,valid_loss,,True,weekly rank score=0.7596
198,B_ETF_trend_following,v1_fixed_rules,XLP,equity_index,2012-06-14,2012-06-15,2012-06-14,2012-06-25,sideways_normal_volatility,sideways_normal_volatility,104.4179458618164,100.61169521331787,True,0.1242575519424245,normal_volatility,trend_following_breakout,trend_breakout,Trend filter and 20-day breakout conditions were met.,"{""atr_20"": 0.225214, ""bollinger_lower"": 22.786552, ""breakout_level"": 23.470371, ""close"": 23.731695, ""ema_10"": 23.362489, ""momentum_126"": 0.106046, ""momentum_63"": 0.026412, ""realized_vol_20"": 0.124258, ""rsi_2"": 90.38478, ""sma_100"": 23.007999, ""sma_200"": 22.080467, ""sma_50"": 23.315785, ""volume"": 7900400.0, ""volume_sma_20"": 5527850.0}",3704.600407044494,3719.3149358424716,3753.5313613253497,-34.216425482878094,43.41649930401553,57.27789196880733,43.41649930401553,57.27789196880733,437.9486422340203,537.9486422340203,active,23.844700508670307,23.39427206262476,23.39427206262476,23.377942356512754,23.39427206262476,,30.773795008919535,733.7919255028994,45.0,13.861392664791802,13.861392664791802,0.3080309481064845,0.4504284460455459,0.018890086117112816,-14.363919693238604,-1.0362537185547906,0.7266099656562801,0.0,stop_loss_gap,stop loss gap,True,False,False,True,False,6,sideways_normal_volatility,True,valid_loss,,True,trend breakout
201,B_ETF_trend_following,v1_fixed_rules,XLP,equity_index,2012-06-29,2012-07-02,2012-06-29,2012-07-24,bull_normal_volatility,bull_normal_volatility,107.02717590332033,101.356781539917,True,0.11528745146063561,normal_volatility,trend_following_breakout,trend_breakout,Trend filter and 20-day breakout conditions were met.,"{""atr_20"": 0.22627, ""bollinger_lower"": 22.875334, ""breakout_level"": 23.832788, ""close"": 24.075129, ""ema_10"": 23.618071, ""momentum_126"": 0.078271, ""momentum_63"": 0.027272, ""realized_vol_20"": 0.115287, ""rsi_2"": 100.0, ""sma_100"": 23.175568, ""sma_200"": 22.252322, ""sma_50"": 23.396588, ""volume"": 8008000.0, ""volume_sma_20"": 5881140.0}",3643.305986352763,3658.2887307979636,3753.5313613253497,-95.24263052738615,48.701575845260294,62.42328233103281,0.0,13.721706485772517,393.39588114242264,493.39588114242264,active,23.990182761360117,23.537643044847236,23.96521052513433,23.953227919871765,23.96521052513433,,30.321551866225978,727.4195708788211,45.0,13.721706485772517,13.721706485772517,0.3049268107949448,0.45253971651288083,0.01886353768182899,-1.1205281428972396,-0.08166099049408103,0.7268593068073725,0.0,stop_loss,stop loss,True,False,False,False,False,15,bull_normal_volatility,True,valid_loss,,True,trend breakout
199,A_ETF_sector_momentum,v1_fixed_rules,IEF,bond,2012-06-22,2012-06-25,2012-06-22,2012-07-27,sideways_normal_volatility,sideways_normal_volatility,104.95114135742188,101.00735828399658,True,0.0738115023424613,normal_volatility,weekly_momentum_rotation,ranked_momentum_risk_on,Weekly momentum rotation selected an eligible top-ranked ETF.,"{""atr_20"": 0.426343, ""bollinger_lower"": 79.342538, ""breakout_level"": 81.071381, ""close"": 79.788361, ""ema_10"": 80.070655, ""momentum_126"": 0.036558, ""momentum_63"": 0.048663, ""rank_at_signal"": 1.0, ""rank_score"": 0.577284, ""realized_vol_20"": 0.073812, ""rsi_2"": 32.86405, ""score"": 0.577284, ""sma_100"": 78.040327, ""sma_200"": 77.296208, ""sma_50"": 79.120154, ""volume"": 1770300.0, ""volume_sma_20"": 1123025.0}",3647.973692035505,3643.4989753482932,3753.5313613253497,-110.03238597705649,13.861392664791802,29.36950656023963,0.0,15.508113895447826,578.496595592608,708.496595592608,active,80.13243740014877,79.27975226538587,80.89857255557608,80.8581232692983,80.89857255557608,,18.187386249861053,1457.3995901393173,45.0,15.508113895447826,15.508113895447826,0.3446247532321739,0.8526851347629076,0.010640948440204622,13.198329198288622,0.8510595993341779,1.4639987547384616,0.0,stop_loss,stop loss,True,False,False,False,False,23,sideways_normal_volatility,True,valid_win,,True,weekly rank score=0.5773
