strategy,slippage_label,horizon,start_date,end_date,credibility_tier,final_validation,candidate_validation,paper_forward_ready,sampled_results_are_final,rolling_method,possible_window_count,final_equity,total_return,max_equity,min_equity,max_drawdown_dollars,max_drawdown_pct,number_of_rebalances,target_300_hit,target_300_before_stop,target_300_first_date,time_to_target_300_days,target_400_hit,target_400_before_stop,target_400_first_date,time_to_target_400_days,absolute_floor_stop_hit,trailing_drawdown_stop_hit,any_project_stop_hit,first_project_stop_date
crypto_buy_hold_equal_weight,standard,30,2018-01-01,2018-01-30,Tier 1 exploratory screen,False,False,False,False,deterministic_stratified_sample,3043,3000.0,0.0,3000.0,3000.0,0.0,0.0,0,False,False,,,False,False,,,False,False,False,
crypto_buy_hold_equal_weight,standard,30,2018-01-11,2018-02-09,Tier 1 exploratory screen,False,False,False,False,deterministic_stratified_sample,3043,2466.8780129473394,-0.1777073290175536,3000.0,1955.4625884879986,-1044.5374115120014,-0.3481791371706671,1,False,False,,,False,False,,,True,True,True,2018-02-04
crypto_buy_hold_equal_weight,standard,30,2018-01-16,2018-02-14,Tier 1 exploratory screen,False,False,False,False,deterministic_stratified_sample,3043,2629.146859753289,-0.12361771341557037,3000.0,1955.4625884879986,-1044.5374115120014,-0.3481791371706671,1,False,False,,,False,False,,,True,True,True,2018-02-04
crypto_buy_hold_equal_weight,standard,30,2018-01-17,2018-02-15,Tier 1 exploratory screen,False,False,False,False,deterministic_stratified_sample,3043,2741.251081428434,-0.08624963952385523,3000.0,1955.4625884879986,-1044.5374115120014,-0.3481791371706671,1,False,False,,,False,False,,,True,True,True,2018-02-04
crypto_buy_hold_equal_weight,standard,30,2018-01-21,2018-02-19,Tier 1 exploratory screen,False,False,False,False,deterministic_stratified_sample,3043,2892.5870425370467,-0.03580431915431781,3000.0,1955.4625884879986,-1044.5374115120014,-0.3481791371706671,1,False,False,,,False,False,,,True,True,True,2018-02-04
crypto_buy_hold_equal_weight,standard,30,2018-01-22,2018-02-20,Tier 1 exploratory screen,False,False,False,False,deterministic_stratified_sample,3043,2841.2647032555146,-0.05291176558149513,3000.0,1955.4625884879986,-1044.5374115120014,-0.3481791371706671,1,False,False,,,False,False,,,True,True,True,2018-02-04
crypto_buy_hold_equal_weight,standard,30,2018-02-07,2018-03-08,Tier 1 exploratory screen,False,False,False,False,deterministic_stratified_sample,3043,2587.36111140836,-0.13754629619721326,3176.0572013111755,2587.36111140836,-588.6960899028154,-0.1853543726038005,1,False,False,,,False,False,,,False,False,False,
crypto_buy_hold_equal_weight,standard,30,2018-02-09,2018-03-10,Tier 1 exploratory screen,False,False,False,False,deterministic_stratified_sample,3043,2482.1959461505944,-0.17260135128313525,3176.0572013111755,2482.1959461505944,-693.8612551605811,-0.21846623381787125,1,False,False,,,False,False,,,False,True,True,2018-03-10
crypto_buy_hold_equal_weight,standard,30,2018-02-12,2018-03-13,Tier 1 exploratory screen,False,False,False,False,deterministic_stratified_sample,3043,2535.3109495044196,-0.15489635016519343,3176.0572013111755,2482.1959461505944,-693.8612551605811,-0.21846623381787125,1,False,False,,,False,False,,,False,True,True,2018-03-10
crypto_buy_hold_equal_weight,standard,30,2018-02-13,2018-03-14,Tier 1 exploratory screen,False,False,False,False,deterministic_stratified_sample,3043,2267.3373095309375,-0.24422089682302084,3176.0572013111755,2267.3373095309375,-908.719891780238,-0.2861157196429239,1,False,False,,,False,False,,,True,True,True,2018-03-10
crypto_buy_hold_equal_weight,standard,30,2018-02-14,2018-03-15,Tier 1 exploratory screen,False,False,False,False,deterministic_stratified_sample,3043,2266.0814314035047,-0.2446395228654984,3176.0572013111755,2266.0814314035047,-909.9757699076708,-0.2865111401431953,1,False,False,,,False,False,,,True,True,True,2018-03-10
crypto_buy_hold_equal_weight,standard,30,2018-02-16,2018-03-17,Tier 1 exploratory screen,False,False,False,False,deterministic_stratified_sample,3043,2104.841443544139,-0.29838618548528695,3176.0572013111755,2104.841443544139,-1071.2157577670364,-0.33727848394065607,1,False,False,,,False,False,,,True,True,True,2018-03-10
crypto_buy_hold_equal_weight,standard,30,2018-02-17,2018-03-18,Tier 1 exploratory screen,False,False,False,False,deterministic_stratified_sample,3043,2118.714243065739,-0.293761918978087,3176.0572013111755,2104.841443544139,-1071.2157577670364,-0.33727848394065607,1,False,False,,,False,False,,,True,True,True,2018-03-10
crypto_buy_hold_equal_weight,standard,30,2018-02-18,2018-03-19,Tier 1 exploratory screen,False,False,False,False,deterministic_stratified_sample,3043,2206.701485465637,-0.264432838178121,3176.0572013111755,2104.841443544139,-1071.2157577670364,-0.33727848394065607,1,False,False,,,False,False,,,True,True,True,2018-03-10
crypto_buy_hold_equal_weight,standard,30,2018-03-03,2018-04-01,Tier 1 exploratory screen,False,False,False,False,deterministic_stratified_sample,3043,2905.4355200686314,-0.03152149331045617,3000.0,2905.4355200686314,-94.56447993136862,-0.03152149331045621,1,False,False,,,False,False,,,False,False,False,
crypto_buy_hold_equal_weight,standard,30,2018-03-16,2018-04-14,Tier 1 exploratory screen,False,False,False,False,deterministic_stratified_sample,3043,3609.114453503621,0.2030381511678736,3609.114453503621,2826.0347385034866,-352.2901918877237,-0.11084146511236703,1,True,True,2018-04-12,27,True,True,2018-04-12,27,False,False,False,
crypto_buy_hold_equal_weight,standard,30,2018-04-06,2018-05-05,Tier 1 exploratory screen,False,False,False,False,deterministic_stratified_sample,3043,3419.326006743559,0.13977533558118638,3419.326006743559,2985.53046143877,-14.46953856122991,-0.00482317952040997,1,True,True,2018-05-03,27,True,True,2018-05-05,29,False,False,False,
crypto_buy_hold_equal_weight,standard,30,2018-04-22,2018-05-21,Tier 1 exploratory screen,False,False,False,False,deterministic_stratified_sample,3043,2926.0828662598014,-0.02463904458006616,3419.326006743559,2813.960279779258,-605.3657269643008,-0.17704241296980894,1,True,True,2018-05-03,11,True,True,2018-05-05,13,False,True,True,2018-05-17
crypto_buy_hold_equal_weight,standard,30,2018-05-22,2018-06-20,Tier 1 exploratory screen,False,False,False,False,deterministic_stratified_sample,3043,2747.851226096084,-0.0840495913013054,3147.6542110771493,2509.062360439483,-638.5918506376661,-0.2028786543294206,1,False,False,,,False,False,,,False,True,True,2018-06-13
crypto_buy_hold_equal_weight,standard,30,2018-05-29,2018-06-27,Tier 1 exploratory screen,False,False,False,False,deterministic_stratified_sample,3043,2379.9803182087026,-0.2066732272637658,3147.6542110771493,2341.8313522142444,-805.8228588629049,-0.2560074280164169,1,False,False,,,False,False,,,True,True,True,2018-06-13
crypto_buy_hold_equal_weight,standard,30,2018-07-05,2018-08-03,Tier 1 exploratory screen,False,False,False,False,deterministic_stratified_sample,3043,2876.7944022993124,-0.04106853256689591,3000.0,2876.7944022993124,-123.20559770068758,-0.04106853256689586,1,False,False,,,False,False,,,False,False,False,
crypto_buy_hold_equal_weight,standard,30,2018-07-07,2018-08-05,Tier 1 exploratory screen,False,False,False,False,deterministic_stratified_sample,3043,2779.3014218623834,-0.07356619271253884,3000.0,2761.241734059804,-238.758265940196,-0.079586088646732,1,False,False,,,False,False,,,False,False,False,
crypto_buy_hold_equal_weight,standard,30,2018-08-11,2018-09-09,Tier 1 exploratory screen,False,False,False,False,deterministic_stratified_sample,3043,2372.751287252188,-0.20908290424927067,3107.5855719512265,2364.665537794425,-742.9200341568016,-0.23906663773391396,1,False,False,,,False,False,,,True,True,True,2018-09-08
crypto_buy_hold_equal_weight,standard,30,2018-08-22,2018-09-20,Tier 1 exploratory screen,False,False,False,False,deterministic_stratified_sample,3043,2587.083688677079,-0.13763877044097372,3107.5855719512265,2299.7824103915746,-807.8031615596519,-0.25994558890053,1,False,False,,,False,False,,,True,True,True,2018-09-08
crypto_buy_hold_equal_weight,standard,30,2018-09-17,2018-10-16,Tier 1 exploratory screen,False,False,False,False,deterministic_stratified_sample,3043,2847.250219992858,-0.05091659333571397,3000.0,2632.5829340641963,-367.41706593580375,-0.12247235531193458,1,False,False,,,False,False,,,False,False,False,
crypto_buy_hold_equal_weight,standard,30,2018-10-07,2018-11-05,Tier 1 exploratory screen,False,False,False,False,deterministic_stratified_sample,3043,3109.9195478815773,0.036639849293859106,3109.9195478815773,3000.0,-9.863759573141124,-0.003246215799989781,1,False,False,,,False,False,,,False,False,False,
crypto_buy_hold_equal_weight,standard,30,2018-10-24,2018-11-22,Tier 1 exploratory screen,False,False,False,False,deterministic_stratified_sample,3043,1998.2246082652773,-0.3339251305782409,3197.3500210104617,1998.2246082652773,-1199.1254127451843,-0.37503726675699506,1,False,False,,,False,False,,,True,True,True,2018-11-19
crypto_buy_hold_equal_weight,standard,30,2018-11-10,2018-12-09,Tier 1 exploratory screen,False,False,False,False,deterministic_stratified_sample,3043,2608.3709934444014,-0.13054300218519954,3143.1310303894893,2512.2637199070914,-630.8673104823979,-0.20071301653759638,1,False,False,,,False,False,,,False,True,True,2018-12-06
crypto_buy_hold_equal_weight,standard,30,2018-11-11,2018-12-10,Tier 1 exploratory screen,False,False,False,False,deterministic_stratified_sample,3043,2520.7286632060295,-0.15975711226465683,3143.1310303894893,2512.2637199070914,-630.8673104823979,-0.20071301653759638,1,False,False,,,False,False,,,False,True,True,2018-12-06
crypto_buy_hold_equal_weight,standard,30,2018-11-12,2018-12-11,Tier 1 exploratory screen,False,False,False,False,deterministic_stratified_sample,3043,2454.9669914857573,-0.18167766950474762,3143.1310303894893,2454.9669914857573,-688.164038903732,-0.21894220516109264,1,False,False,,,False,False,,,False,True,True,2018-12-06
crypto_buy_hold_equal_weight,standard,30,2018-11-13,2018-12-12,Tier 1 exploratory screen,False,False,False,False,deterministic_stratified_sample,3043,2500.062617626465,-0.16664579412451164,3143.1310303894893,2454.9669914857573,-688.164038903732,-0.21894220516109264,1,False,False,,,False,False,,,False,True,True,2018-12-06
crypto_buy_hold_equal_weight,standard,30,2018-11-22,2018-12-21,Tier 1 exploratory screen,False,False,False,False,deterministic_stratified_sample,3043,2906.4572302061165,-0.031180923264627847,3143.1310303894893,2325.4909506319154,-817.6400797575739,-0.2601355374154586,1,False,False,,,False,False,,,True,True,True,2018-12-06
crypto_buy_hold_equal_weight,standard,30,2018-11-30,2018-12-29,Tier 1 exploratory screen,False,False,False,False,deterministic_stratified_sample,3043,3244.133686512008,0.08137789550400254,3372.5481659405923,2325.4909506319154,-817.6400797575739,-0.2601355374154586,1,True,False,2018-12-24,24,False,False,,,True,True,True,2018-12-06
crypto_buy_hold_equal_weight,standard,30,2019-01-06,2019-02-04,Tier 1 exploratory screen,False,False,False,False,deterministic_stratified_sample,3043,3008.3957526902377,0.002798584230079282,3071.6428907890127,3000.0,-65.73789227197904,-0.021401541327967635,1,False,False,,,False,False,,,False,False,False,
crypto_buy_hold_equal_weight,standard,30,2019-01-07,2019-02-05,Tier 1 exploratory screen,False,False,False,False,deterministic_stratified_sample,3043,3006.253554811394,0.0020845182704647414,3071.6428907890127,3000.0,-65.73789227197904,-0.021401541327967635,1,False,False,,,False,False,,,False,False,False,
crypto_buy_hold_equal_weight,standard,30,2019-02-13,2019-03-14,Tier 1 exploratory screen,False,False,False,False,deterministic_stratified_sample,3043,2991.261397545071,-0.0029128674849764336,3053.427822894518,2861.97084523443,-138.02915476557018,-0.04600971825519006,1,False,False,,,False,False,,,False,False,False,
crypto_buy_hold_equal_weight,standard,30,2019-02-22,2019-03-23,Tier 1 exploratory screen,False,False,False,False,deterministic_stratified_sample,3043,3084.7592877088778,0.028253095902959213,3135.635479865754,2861.97084523443,-138.02915476557018,-0.04600971825519006,1,False,False,,,False,False,,,False,False,False,
crypto_buy_hold_equal_weight,standard,30,2019-03-22,2019-04-20,Tier 1 exploratory screen,False,False,False,False,deterministic_stratified_sample,3043,3789.1546741765646,0.26305155805885483,3840.9535285819843,3000.0,-281.3626214306819,-0.07325332611731865,1,True,True,2019-04-02,11,True,True,2019-04-02,11,False,False,False,
crypto_buy_hold_equal_weight,standard,30,2019-03-26,2019-04-24,Tier 1 exploratory screen,False,False,False,False,deterministic_stratified_sample,3043,3746.2833167199324,0.24876110557331077,3846.445618587935,3000.0,-281.3626214306819,-0.07325332611731865,1,True,True,2019-04-02,7,True,True,2019-04-02,7,False,False,False,
crypto_buy_hold_equal_weight,standard,30,2019-03-27,2019-04-25,Tier 1 exploratory screen,False,False,False,False,deterministic_stratified_sample,3043,3530.7055750790905,0.17690185835969685,3846.445618587935,3000.0,-315.74004350884434,-0.08208618418600062,1,True,True,2019-04-02,6,True,True,2019-04-02,6,False,False,False,
crypto_buy_hold_equal_weight,standard,30,2019-03-28,2019-04-26,Tier 1 exploratory screen,False,False,False,False,deterministic_stratified_sample,3043,3575.6013441729124,0.19186711472430407,3846.445618587935,3000.0,-315.74004350884434,-0.08208618418600062,1,True,True,2019-04-02,5,True,True,2019-04-02,5,False,False,False,
crypto_buy_hold_equal_weight,standard,30,2019-03-29,2019-04-27,Tier 1 exploratory screen,False,False,False,False,deterministic_stratified_sample,3043,3595.7310810431854,0.19857702701439517,3846.445618587935,3000.0,-315.74004350884434,-0.08208618418600062,1,True,True,2019-04-02,4,True,True,2019-04-02,4,False,False,False,
crypto_buy_hold_equal_weight,standard,30,2019-03-30,2019-04-28,Tier 1 exploratory screen,False,False,False,False,deterministic_stratified_sample,3043,3588.5459408821253,0.19618198029404166,3846.445618587935,3000.0,-315.74004350884434,-0.08208618418600062,1,True,True,2019-04-02,3,True,True,2019-04-02,3,False,False,False,
crypto_buy_hold_equal_weight,standard,30,2019-03-31,2019-04-29,Tier 1 exploratory screen,False,False,False,False,deterministic_stratified_sample,3043,3551.8417552541596,0.1839472517513865,3846.445618587935,3000.0,-315.74004350884434,-0.08208618418600062,1,True,True,2019-04-02,2,True,True,2019-04-02,2,False,False,False,
crypto_buy_hold_equal_weight,standard,30,2019-04-01,2019-04-30,Tier 1 exploratory screen,False,False,False,False,deterministic_stratified_sample,3043,3000.0,0.0,3000.0,3000.0,0.0,0.0,0,False,False,,,False,False,,,False,False,False,
crypto_buy_hold_equal_weight,standard,30,2019-04-28,2019-05-27,Tier 1 exploratory screen,False,False,False,False,deterministic_stratified_sample,3043,5013.745433288934,0.6712484777629779,5013.745433288934,2999.1034413811153,-441.732018666914,-0.09467980730481713,1,True,True,2019-05-09,11,True,True,2019-05-11,13,False,False,False,
crypto_buy_hold_equal_weight,standard,30,2019-05-20,2019-06-18,Tier 1 exploratory screen,False,False,False,False,deterministic_stratified_sample,3043,3068.6317732178013,0.022877257739267076,3162.7134119824586,2646.491522490252,-391.71682707135733,-0.12893020556930507,1,False,False,,,False,False,,,False,False,False,
crypto_buy_hold_equal_weight,standard,30,2019-06-04,2019-07-03,Tier 1 exploratory screen,False,False,False,False,deterministic_stratified_sample,3043,3220.3522424883536,0.07345074749611791,3220.3522424883536,2979.7456550547654,-20.254344945234607,-0.006751448315078202,1,False,False,,,False,False,,,False,False,False,
crypto_buy_hold_equal_weight,standard,30,2019-07-10,2019-08-08,Tier 1 exploratory screen,False,False,False,False,deterministic_stratified_sample,3043,3283.3259486411102,0.09444198288036998,3356.8065556839483,3000.0,-105.2798574960857,-0.031363099347449575,1,True,True,2019-08-05,26,False,False,,,False,False,False,
crypto_buy_hold_equal_weight,standard,30,2019-07-11,2019-08-09,Tier 1 exploratory screen,False,False,False,False,deterministic_stratified_sample,3043,3191.4623325036127,0.0638207775012043,3356.8065556839483,3000.0,-165.34422318033558,-0.049256404990143,1,True,True,2019-08-05,25,False,False,,,False,False,False,
crypto_buy_hold_equal_weight,standard,30,2019-08-17,2019-09-15,Tier 1 exploratory screen,False,False,False,False,deterministic_stratified_sample,3043,3260.9579486640873,0.08698598288802906,3260.9579486640873,3000.0,-126.40185030961538,-0.039357008681791296,1,False,False,,,False,False,,,False,False,False,
crypto_buy_hold_equal_weight,standard,30,2019-08-30,2019-09-28,Tier 1 exploratory screen,False,False,False,False,deterministic_stratified_sample,3043,2796.911993102085,-0.06769600229930495,3510.5328478961164,2711.901300450931,-798.6315474451853,-0.22749581959439863,1,True,True,2019-09-16,17,True,True,2019-09-17,18,False,True,True,2019-09-24
crypto_buy_hold_equal_weight,standard,30,2019-09-23,2019-10-22,Tier 1 exploratory screen,False,False,False,False,deterministic_stratified_sample,3043,2895.9897581800246,-0.03467008060665844,3163.452393305298,2884.8965726917454,-278.55582061355244,-0.08805437413980063,1,False,False,,,False,False,,,False,False,False,
crypto_buy_hold_equal_weight,standard,30,2019-10-03,2019-11-01,Tier 1 exploratory screen,False,False,False,False,deterministic_stratified_sample,3043,3007.0550717361,0.002351690578699994,3007.0550717361,3000.0,0.0,0.0,1,False,False,,,False,False,,,False,False,False,
crypto_buy_hold_equal_weight,standard,30,2019-10-30,2019-11-28,Tier 1 exploratory screen,False,False,False,False,deterministic_stratified_sample,3043,2453.0069408497225,-0.18233101971675914,3085.48537990031,2312.839056426142,-772.6463234741677,-0.25041321813008605,1,False,False,,,False,False,,,True,True,True,2019-11-22
crypto_buy_hold_equal_weight,standard,30,2019-12-01,2019-12-30,Tier 1 exploratory screen,False,False,False,False,deterministic_stratified_sample,3043,3000.0,0.0,3000.0,3000.0,0.0,0.0,0,False,False,,,False,False,,,False,False,False,
crypto_buy_hold_equal_weight,standard,30,2019-12-06,2020-01-04,Tier 1 exploratory screen,False,False,False,False,deterministic_stratified_sample,3043,3105.3235443918397,0.035107848130613295,3105.3235443918397,2928.1920659661505,-83.96425251856954,-0.027875131182039107,1,False,False,,,False,False,,,False,False,False,
crypto_buy_hold_equal_weight,standard,30,2020-01-12,2020-02-10,Tier 1 exploratory screen,False,False,False,False,deterministic_stratified_sample,3043,3429.4927303764434,0.1431642434588145,3513.5095840987015,3000.0,-84.01685372225802,-0.023912515879420986,1,True,True,2020-02-06,25,True,True,2020-02-07,26,False,False,False,
crypto_buy_hold_equal_weight,standard,30,2020-01-16,2020-02-14,Tier 1 exploratory screen,False,False,False,False,deterministic_stratified_sample,3043,3962.719070561919,0.32090635685397295,3962.719070561919,3000.0,-84.01685372225802,-0.023912515879420986,1,True,True,2020-02-06,21,True,True,2020-02-07,22,False,False,False,
crypto_buy_hold_equal_weight,standard,30,2020-02-08,2020-03-08,Tier 1 exploratory screen,False,False,False,False,deterministic_stratified_sample,3043,2783.7509162373267,-0.07208302792089105,3250.337656908921,2783.7509162373267,-466.58674067159427,-0.14355023690533106,1,False,False,,,False,False,,,False,False,False,
crypto_buy_hold_equal_weight,standard,30,2020-02-19,2020-03-19,Tier 1 exploratory screen,False,False,False,False,deterministic_stratified_sample,3043,2010.8189286811048,-0.32972702377296503,3250.337656908921,1628.4006683182292,-1621.9369885906917,-0.4990056910373914,1,False,False,,,False,False,,,True,True,True,2020-03-12
crypto_buy_hold_equal_weight,standard,30,2020-03-12,2020-04-10,Tier 1 exploratory screen,False,False,False,False,deterministic_stratified_sample,3043,3374.496734156475,0.12483224471882504,3640.9309861157844,3000.0,-266.4342519593092,-0.07317750679024719,1,True,True,2020-04-06,25,True,True,2020-04-06,25,False,False,False,
crypto_buy_hold_equal_weight,standard,30,2020-03-13,2020-04-11,Tier 1 exploratory screen,False,False,False,False,deterministic_stratified_sample,3043,3370.829254087908,0.12360975136263597,3640.9309861157844,3000.0,-270.10173202787655,-0.07418479862921716,1,True,True,2020-04-06,24,True,True,2020-04-06,24,False,False,False,
crypto_buy_hold_equal_weight,standard,30,2020-03-14,2020-04-12,Tier 1 exploratory screen,False,False,False,False,deterministic_stratified_sample,3043,3429.5259570304625,0.14317531901015412,3640.9309861157844,3000.0,-270.10173202787655,-0.07418479862921716,1,True,True,2020-04-06,23,True,True,2020-04-06,23,False,False,False,
crypto_buy_hold_equal_weight,standard,30,2020-03-15,2020-04-13,Tier 1 exploratory screen,False,False,False,False,deterministic_stratified_sample,3043,3346.771702323178,0.11559056744105933,3640.9309861157844,3000.0,-294.1592837926064,-0.0807923261699671,1,True,True,2020-04-06,22,True,True,2020-04-06,22,False,False,False,
crypto_buy_hold_equal_weight,standard,30,2020-03-16,2020-04-14,Tier 1 exploratory screen,False,False,False,False,deterministic_stratified_sample,3043,3360.233861126743,0.12007795370891428,3640.9309861157844,3000.0,-294.1592837926064,-0.0807923261699671,1,True,True,2020-04-06,21,True,True,2020-04-06,21,False,False,False,
crypto_buy_hold_equal_weight,standard,30,2020-03-17,2020-04-15,Tier 1 exploratory screen,False,False,False,False,deterministic_stratified_sample,3043,3265.1039954572543,0.0883679984857515,3640.9309861157844,3000.0,-375.8269906585301,-0.10322277244245973,1,True,True,2020-04-06,20,True,True,2020-04-06,20,False,False,False,
crypto_buy_hold_equal_weight,standard,30,2020-03-18,2020-04-16,Tier 1 exploratory screen,False,False,False,False,deterministic_stratified_sample,3043,3582.754625159196,0.19425154171973213,3640.9309861157844,3000.0,-375.8269906585301,-0.10322277244245973,1,True,True,2020-04-06,19,True,True,2020-04-06,19,False,False,False,
crypto_buy_hold_equal_weight,standard,30,2020-03-19,2020-04-17,Tier 1 exploratory screen,False,False,False,False,deterministic_stratified_sample,3043,3572.166097222249,0.19072203240741636,3640.9309861157844,3000.0,-375.8269906585301,-0.10322277244245973,1,True,True,2020-04-06,18,True,True,2020-04-06,18,False,False,False,
crypto_buy_hold_equal_weight,standard,30,2020-03-20,2020-04-18,Tier 1 exploratory screen,False,False,False,False,deterministic_stratified_sample,3043,3771.7672244812047,0.25725574149373487,3771.7672244812047,3000.0,-375.8269906585301,-0.10322277244245973,1,True,True,2020-04-06,17,True,True,2020-04-06,17,False,False,False,
crypto_buy_hold_equal_weight,standard,30,2020-03-21,2020-04-19,Tier 1 exploratory screen,False,False,False,False,deterministic_stratified_sample,3043,3700.5700925810447,0.23352336419368158,3771.7672244812047,3000.0,-375.8269906585301,-0.10322277244245973,1,True,True,2020-04-06,16,True,True,2020-04-06,16,False,False,False,
crypto_buy_hold_equal_weight,standard,30,2020-03-22,2020-04-20,Tier 1 exploratory screen,False,False,False,False,deterministic_stratified_sample,3043,3526.510661051028,0.17550355368367598,3771.7672244812047,3000.0,-375.8269906585301,-0.10322277244245973,1,True,True,2020-04-06,15,True,True,2020-04-06,15,False,False,False,
crypto_buy_hold_equal_weight,standard,30,2020-03-23,2020-04-21,Tier 1 exploratory screen,False,False,False,False,deterministic_stratified_sample,3043,3530.6000497862005,0.1768666832620669,3771.7672244812047,3000.0,-375.8269906585301,-0.10322277244245973,1,True,True,2020-04-06,14,True,True,2020-04-06,14,False,False,False,
crypto_buy_hold_equal_weight,standard,30,2020-03-24,2020-04-22,Tier 1 exploratory screen,False,False,False,False,deterministic_stratified_sample,3043,3692.161843177578,0.230720614392526,3771.7672244812047,3000.0,-375.8269906585301,-0.10322277244245973,1,True,True,2020-04-06,13,True,True,2020-04-06,13,False,False,False,
crypto_buy_hold_equal_weight,standard,30,2020-03-25,2020-04-23,Tier 1 exploratory screen,False,False,False,False,deterministic_stratified_sample,3043,3797.7815014430444,0.2659271671476815,3797.7815014430444,3000.0,-375.8269906585301,-0.10322277244245973,1,True,True,2020-04-06,12,True,True,2020-04-06,12,False,False,False,
crypto_buy_hold_equal_weight,standard,30,2020-03-26,2020-04-24,Tier 1 exploratory screen,False,False,False,False,deterministic_stratified_sample,3043,3871.9398765316564,0.2906466255105522,3871.9398765316564,3000.0,-375.8269906585301,-0.10322277244245973,1,True,True,2020-04-06,11,True,True,2020-04-06,11,False,False,False,
crypto_buy_hold_equal_weight,standard,30,2020-03-27,2020-04-25,Tier 1 exploratory screen,False,False,False,False,deterministic_stratified_sample,3043,3941.0504947563463,0.3136834982521155,3941.0504947563463,3000.0,-375.8269906585301,-0.10322277244245973,1,True,True,2020-04-06,10,True,True,2020-04-06,10,False,False,False,
crypto_buy_hold_equal_weight,standard,30,2020-03-28,2020-04-26,Tier 1 exploratory screen,False,False,False,False,deterministic_stratified_sample,3043,3987.8306102948636,0.32927687009828777,3987.8306102948636,3000.0,-375.8269906585301,-0.10322277244245973,1,True,True,2020-04-06,9,True,True,2020-04-06,9,False,False,False,
crypto_buy_hold_equal_weight,standard,30,2020-03-29,2020-04-27,Tier 1 exploratory screen,False,False,False,False,deterministic_stratified_sample,3043,4016.9405211899807,0.33898017372999356,4016.9405211899807,3000.0,-375.8269906585301,-0.10322277244245973,1,True,True,2020-04-06,8,True,True,2020-04-06,8,False,False,False,
crypto_buy_hold_equal_weight,standard,30,2020-03-30,2020-04-28,Tier 1 exploratory screen,False,False,False,False,deterministic_stratified_sample,3043,4032.017875881411,0.3440059586271369,4032.017875881411,3000.0,-375.8269906585301,-0.10322277244245973,1,True,True,2020-04-06,7,True,True,2020-04-06,7,False,False,False,
crypto_buy_hold_equal_weight,standard,30,2020-03-31,2020-04-29,Tier 1 exploratory screen,False,False,False,False,deterministic_stratified_sample,3043,4477.199225524097,0.4923997418413655,4477.199225524097,3000.0,-375.8269906585301,-0.10322277244245973,1,True,True,2020-04-06,6,True,True,2020-04-06,6,False,False,False,
crypto_buy_hold_equal_weight,standard,30,2020-04-01,2020-04-30,Tier 1 exploratory screen,False,False,False,False,deterministic_stratified_sample,3043,3000.0,0.0,3000.0,3000.0,0.0,0.0,0,False,False,,,False,False,,,False,False,False,
crypto_buy_hold_equal_weight,standard,30,2020-04-02,2020-05-01,Tier 1 exploratory screen,False,False,False,False,deterministic_stratified_sample,3043,3080.5347181876296,0.026844906062543084,3080.5347181876296,3000.0,0.0,0.0,1,False,False,,,False,False,,,False,False,False,
crypto_buy_hold_equal_weight,standard,30,2020-04-03,2020-05-02,Tier 1 exploratory screen,False,False,False,False,deterministic_stratified_sample,3043,3110.004692443665,0.03666823081455495,3110.004692443665,3000.0,0.0,0.0,1,False,False,,,False,False,,,False,False,False,
crypto_buy_hold_equal_weight,standard,30,2020-04-04,2020-05-03,Tier 1 exploratory screen,False,False,False,False,deterministic_stratified_sample,3043,3062.520729797746,0.02084024326591538,3110.004692443665,3000.0,-47.48396264591929,-0.015268132154684658,1,False,False,,,False,False,,,False,False,False,
crypto_buy_hold_equal_weight,standard,30,2020-04-05,2020-05-04,Tier 1 exploratory screen,False,False,False,False,deterministic_stratified_sample,3043,3045.104311425754,0.015034770475251369,3110.004692443665,3000.0,-64.90038101791106,-0.02086825822983438,1,False,False,,,False,False,,,False,False,False,
crypto_buy_hold_equal_weight,standard,30,2020-04-06,2020-05-05,Tier 1 exploratory screen,False,False,False,False,deterministic_stratified_sample,3043,3050.3135677289138,0.016771189242971163,3110.004692443665,3000.0,-64.90038101791106,-0.02086825822983438,1,False,False,,,False,False,,,False,False,False,
crypto_buy_hold_equal_weight,standard,30,2020-04-07,2020-05-06,Tier 1 exploratory screen,False,False,False,False,deterministic_stratified_sample,3043,3075.270434163245,0.025090144721081842,3110.004692443665,3000.0,-64.90038101791106,-0.02086825822983438,1,False,False,,,False,False,,,False,False,False,
crypto_buy_hold_equal_weight,standard,30,2020-04-08,2020-05-07,Tier 1 exploratory screen,False,False,False,False,deterministic_stratified_sample,3043,3250.5793396698596,0.0835264465566199,3250.5793396698596,3000.0,-64.90038101791106,-0.02086825822983438,1,False,False,,,False,False,,,False,False,False,
crypto_buy_hold_equal_weight,standard,30,2020-04-09,2020-05-08,Tier 1 exploratory screen,False,False,False,False,deterministic_stratified_sample,3043,3238.1772308193767,0.0793924102731256,3250.5793396698596,3000.0,-64.90038101791106,-0.02086825822983438,1,False,False,,,False,False,,,False,False,False,
crypto_buy_hold_equal_weight,standard,30,2020-04-10,2020-05-09,Tier 1 exploratory screen,False,False,False,False,deterministic_stratified_sample,3043,3186.678083864259,0.06222602795475307,3250.5793396698596,3000.0,-64.90038101791106,-0.02086825822983438,1,False,False,,,False,False,,,False,False,False,
crypto_buy_hold_equal_weight,standard,30,2020-05-03,2020-06-01,Tier 1 exploratory screen,False,False,False,False,deterministic_stratified_sample,3043,3212.9770715104746,0.07099235717015828,3212.9770715104746,3000.0,0.0,0.0,1,False,False,,,False,False,,,False,False,False,
crypto_buy_hold_equal_weight,standard,30,2020-05-25,2020-06-23,Tier 1 exploratory screen,False,False,False,False,deterministic_stratified_sample,3043,3109.8663935646637,0.03662213118822133,3212.9770715104746,2945.725371648583,-267.25169986189167,-0.0831788381658921,1,False,False,,,False,False,,,False,False,False,
crypto_buy_hold_equal_weight,standard,30,2020-06-09,2020-07-08,Tier 1 exploratory screen,False,False,False,False,deterministic_stratified_sample,3043,3178.7628434925564,0.059587614497518704,3178.7628434925564,2982.7100353707337,-60.921518357030436,-0.02001606215522877,1,False,False,,,False,False,,,False,False,False,
crypto_buy_hold_equal_weight,standard,30,2020-07-15,2020-08-13,Tier 1 exploratory screen,False,False,False,False,deterministic_stratified_sample,3043,3411.744707030463,0.13724823567682098,3411.744707030463,3000.0,-157.7126330220599,-0.04887486340658027,1,True,True,2020-08-13,29,True,True,2020-08-13,29,False,False,False,
crypto_buy_hold_equal_weight,standard,30,2020-07-16,2020-08-14,Tier 1 exploratory screen,False,False,False,False,deterministic_stratified_sample,3043,3443.975239861851,0.1479917466206171,3443.975239861851,3000.0,-157.7126330220599,-0.04887486340658027,1,True,True,2020-08-13,28,True,True,2020-08-13,28,False,False,False,
crypto_buy_hold_equal_weight,standard,30,2020-07-22,2020-08-20,Tier 1 exploratory screen,False,False,False,False,deterministic_stratified_sample,3043,3377.1604687114163,0.12572015623713884,3483.376872512284,3000.0,-163.90313837728718,-0.04887486340658027,1,True,True,2020-08-13,22,True,True,2020-08-13,22,False,False,False,
crypto_buy_hold_equal_weight,standard,30,2020-07-23,2020-08-21,Tier 1 exploratory screen,False,False,False,False,deterministic_stratified_sample,3043,3225.769978002959,0.07525665933431958,3483.376872512284,3000.0,-257.60689450932523,-0.07395320803273686,1,True,True,2020-08-13,21,True,True,2020-08-13,21,False,False,False,
crypto_buy_hold_equal_weight,standard,30,2020-07-24,2020-08-22,Tier 1 exploratory screen,False,False,False,False,deterministic_stratified_sample,3043,3266.0066840217187,0.08866889467390626,3483.376872512284,3000.0,-257.60689450932523,-0.07395320803273686,1,True,True,2020-08-13,20,True,True,2020-08-13,20,False,False,False,
crypto_buy_hold_equal_weight,standard,30,2020-07-25,2020-08-23,Tier 1 exploratory screen,False,False,False,False,deterministic_stratified_sample,3043,3245.272386656792,0.08175746221893077,3483.376872512284,3000.0,-257.60689450932523,-0.07395320803273686,1,True,True,2020-08-13,19,True,True,2020-08-13,19,False,False,False,
crypto_buy_hold_equal_weight,standard,30,2020-07-26,2020-08-24,Tier 1 exploratory screen,False,False,False,False,deterministic_stratified_sample,3043,3330.0227208572587,0.1100075736190862,3483.376872512284,3000.0,-257.60689450932523,-0.07395320803273686,1,True,True,2020-08-13,18,True,True,2020-08-13,18,False,False,False,
crypto_buy_hold_equal_weight,standard,30,2020-08-22,2020-09-20,Tier 1 exploratory screen,False,False,False,False,deterministic_stratified_sample,3043,2689.8716556834906,-0.10337611477216979,3178.9017300720084,2460.8853564655183,-718.0163736064901,-0.2258693204681812,1,False,False,,,False,False,,,False,True,True,2020-09-05
crypto_buy_hold_equal_weight,standard,30,2020-09-04,2020-10-03,Tier 1 exploratory screen,False,False,False,False,deterministic_stratified_sample,3043,2908.428224555523,-0.030523925148159048,3000.0,2908.428224555523,-91.57177544447723,-0.030523925148159076,1,False,False,,,False,False,,,False,False,False,
crypto_buy_hold_equal_weight,standard,30,2020-09-28,2020-10-27,Tier 1 exploratory screen,False,False,False,False,deterministic_stratified_sample,3043,3576.397906836612,0.19213263561220395,3576.397906836612,2892.082935687861,-122.1666303347065,-0.03793360464237794,1,True,True,2020-10-21,23,True,True,2020-10-21,23,False,False,False,
crypto_buy_hold_equal_weight,standard,30,2020-10-25,2020-11-23,Tier 1 exploratory screen,False,False,False,False,deterministic_stratified_sample,3043,4359.3689686423795,0.4531229895474598,4359.3689686423795,2959.0790253804976,-153.73474935411878,-0.044415830255472896,1,True,True,2020-11-05,11,True,True,2020-11-06,12,False,False,False,
crypto_buy_hold_equal_weight,standard,30,2020-11-04,2020-12-03,Tier 1 exploratory screen,False,False,False,False,deterministic_stratified_sample,3043,2987.700293055425,-0.00409990231485835,3000.0,2866.975441310953,-133.0245586890469,-0.04434151956301563,1,False,False,,,False,False,,,False,False,False,
crypto_buy_hold_equal_weight,standard,30,2020-12-11,2021-01-09,Tier 1 exploratory screen,False,False,False,False,deterministic_stratified_sample,3043,4688.466773172381,0.5628222577241271,4688.466773172381,3000.0,0.0,0.0,1,True,True,2021-01-03,23,True,True,2021-01-03,23,False,False,False,
crypto_buy_hold_equal_weight,standard,30,2020-12-15,2021-01-13,Tier 1 exploratory screen,False,False,False,False,deterministic_stratified_sample,3043,4244.382224664139,0.41479407488804654,4688.466773172381,3000.0,-801.1414227953628,-0.1708749281064612,1,True,True,2021-01-03,19,True,True,2021-01-03,19,False,True,True,2021-01-11
crypto_buy_hold_equal_weight,standard,30,2021-01-17,2021-02-15,Tier 1 exploratory screen,False,False,False,False,deterministic_stratified_sample,3043,4208.364656694786,0.4027882188982621,4272.15519834537,3000.0,-97.50541799126131,-0.02719857460915915,1,True,True,2021-02-02,16,True,True,2021-02-03,17,False,False,False,
crypto_buy_hold_equal_weight,standard,30,2021-02-04,2021-03-05,Tier 1 exploratory screen,False,False,False,False,deterministic_stratified_sample,3043,3247.6078129798902,0.08253593765996348,3345.9436946279357,3000.0,-117.7957998434822,-0.035654669855407446,1,True,True,2021-03-01,25,False,False,,,False,False,False,
crypto_buy_hold_equal_weight,standard,30,2021-02-24,2021-03-25,Tier 1 exploratory screen,False,False,False,False,deterministic_stratified_sample,3043,3412.0202027145597,0.13734006757151995,4077.542059060071,3000.0,-665.5218563455114,-0.1632164295808449,1,True,True,2021-03-01,5,True,True,2021-03-07,11,False,True,True,2021-03-24
crypto_buy_hold_equal_weight,standard,30,2021-03-27,2021-04-25,Tier 1 exploratory screen,False,False,False,False,deterministic_stratified_sample,3043,3015.86953805931,0.005289846019769895,3566.617705607233,2966.298491383892,-589.9059207169316,-0.16539645384183319,1,True,True,2021-04-13,17,True,True,2021-04-13,17,False,False,False,
crypto_buy_hold_equal_weight,standard,30,2021-04-02,2021-05-01,Tier 1 exploratory screen,False,False,False,False,deterministic_stratified_sample,3043,3092.4267416612747,0.030808913887091505,3092.4267416612747,3000.0,0.0,0.0,1,False,False,,,False,False,,,False,False,False,
crypto_buy_hold_equal_weight,standard,30,2021-05-09,2021-06-07,Tier 1 exploratory screen,False,False,False,False,deterministic_stratified_sample,3043,2775.9740916639475,-0.07467530277868417,3149.710147901504,2775.9740916639475,-373.73605623755657,-0.11865728549230424,1,False,False,,,False,False,,,False,False,False,
crypto_buy_hold_equal_weight,standard,30,2021-05-17,2021-06-15,Tier 1 exploratory screen,False,False,False,False,deterministic_stratified_sample,3043,3064.763540896187,0.02158784696539562,3149.710147901504,2733.308727546428,-416.40142035507597,-0.1322030919678446,1,False,False,,,False,False,,,False,False,False,
crypto_buy_hold_equal_weight,standard,30,2021-06-13,2021-07-12,Tier 1 exploratory screen,False,False,False,False,deterministic_stratified_sample,3043,2761.147872226623,-0.07961737592445906,3039.0484348257683,2761.147872226623,-277.90056259914536,-0.09144328185578184,1,False,False,,,False,False,,,False,False,False,
crypto_buy_hold_equal_weight,standard,30,2021-06-15,2021-07-14,Tier 1 exploratory screen,False,False,False,False,deterministic_stratified_sample,3043,2719.0936133771415,-0.09363546220761954,3039.0484348257683,2676.746579295739,-362.3018555300291,-0.11921555819191813,1,False,False,,,False,False,,,False,False,False,
crypto_buy_hold_equal_weight,standard,30,2021-07-22,2021-08-20,Tier 1 exploratory screen,False,False,False,False,deterministic_stratified_sample,3043,3720.2136936822276,0.24007123122740914,3720.2136936822276,2851.495299938085,-289.41765649466333,-0.07864066291550785,1,True,True,2021-08-07,16,True,True,2021-08-07,16,False,False,False,
crypto_buy_hold_equal_weight,standard,30,2021-07-29,2021-08-27,Tier 1 exploratory screen,False,False,False,False,deterministic_stratified_sample,3043,3700.7230632027095,0.23357435440090324,3746.5131777673523,2851.495299938085,-289.41765649466333,-0.07864066291550785,1,True,True,2021-08-07,9,True,True,2021-08-07,9,False,False,False,
crypto_buy_hold_equal_weight,standard,30,2021-08-28,2021-09-26,Tier 1 exploratory screen,False,False,False,False,deterministic_stratified_sample,3043,2715.447919934523,-0.09485069335515905,3389.8259598430855,2502.737936891314,-887.0880229517716,-0.26169131792029665,1,True,True,2021-09-03,6,False,False,,,False,True,True,2021-09-20
crypto_buy_hold_equal_weight,standard,30,2021-10-04,2021-11-02,Tier 1 exploratory screen,False,False,False,False,deterministic_stratified_sample,3043,3147.068917113358,0.0490229723711193,3147.068917113358,3000.0,0.0,0.0,1,False,False,,,False,False,,,False,False,False,
crypto_buy_hold_equal_weight,standard,30,2021-10-13,2021-11-11,Tier 1 exploratory screen,False,False,False,False,deterministic_stratified_sample,3043,3240.489630302525,0.0801632101008416,3333.311049676451,3000.0,-124.30834616542506,-0.03729275315530217,1,True,True,2021-11-08,26,False,False,,,False,False,False,
crypto_buy_hold_equal_weight,standard,30,2021-11-10,2021-12-09,Tier 1 exploratory screen,False,False,False,False,deterministic_stratified_sample,3043,2586.8291558884143,-0.13772361470386185,3000.0,2586.8291558884143,-413.17084411158567,-0.13772361470386188,1,False,False,,,False,False,,,False,False,False,
crypto_buy_hold_equal_weight,standard,30,2021-12-03,2022-01-01,Tier 1 exploratory screen,False,False,False,False,deterministic_stratified_sample,3043,3077.1768519586776,0.025725617319559246,3077.1768519586776,3000.0,0.0,0.0,1,False,False,,,False,False,,,False,False,False,
crypto_buy_hold_equal_weight,standard,30,2021-12-17,2022-01-15,Tier 1 exploratory screen,False,False,False,False,deterministic_stratified_sample,3043,2754.294448509015,-0.08190185049699494,3090.590398504023,2607.7293462139,-482.8610522901231,-0.1562358611234437,1,False,False,,,False,False,,,False,False,False,
crypto_buy_hold_equal_weight,standard,30,2022-01-09,2022-02-07,Tier 1 exploratory screen,False,False,False,False,deterministic_stratified_sample,3043,3459.145549215259,0.15304851640508632,3459.145549215259,2934.289960196754,-130.78965199355025,-0.04267088250281631,1,True,True,2022-02-06,28,True,True,2022-02-07,29,False,False,False,
crypto_buy_hold_equal_weight,standard,30,2022-01-23,2022-02-21,Tier 1 exploratory screen,False,False,False,False,deterministic_stratified_sample,3043,2880.7317863704184,-0.03975607120986058,3532.5477696680164,2880.7317863704184,-651.815983297598,-0.1845172452852222,1,True,True,2022-02-06,14,True,True,2022-02-07,15,False,True,True,2022-02-21
crypto_buy_hold_equal_weight,standard,30,2022-02-24,2022-03-25,Tier 1 exploratory screen,False,False,False,False,deterministic_stratified_sample,3043,3134.53328300928,0.044844427669759934,3134.53328300928,2602.6575649791607,-462.0545967850994,-0.15076606623935243,1,False,False,,,False,False,,,False,False,False,
crypto_buy_hold_equal_weight,standard,30,2022-03-01,2022-03-30,Tier 1 exploratory screen,False,False,False,False,deterministic_stratified_sample,3043,3000.0,0.0,3000.0,3000.0,0.0,0.0,0,False,False,,,False,False,,,False,False,False,
crypto_buy_hold_equal_weight,standard,30,2022-04-08,2022-05-07,Tier 1 exploratory screen,False,False,False,False,deterministic_stratified_sample,3043,2857.5132123661615,-0.04749559587794616,3191.3439777549715,2857.5132123661615,-333.83076538881005,-0.10460507162993173,1,False,False,,,False,False,,,False,False,False,
crypto_buy_hold_equal_weight,standard,30,2022-04-11,2022-05-10,Tier 1 exploratory screen,False,False,False,False,deterministic_stratified_sample,3043,2518.7077157700064,-0.1604307614099979,3191.3439777549715,2436.3100857714176,-755.033891983554,-0.23658806360156165,1,False,False,,,False,False,,,False,True,True,2022-05-09
crypto_buy_hold_equal_weight,standard,30,2022-05-15,2022-06-13,Tier 1 exploratory screen,False,False,False,False,deterministic_stratified_sample,3043,1986.4420773776121,-0.33785264087412925,3000.0,1986.4420773776121,-1013.5579226223879,-0.3378526408741293,1,False,False,,,False,False,,,True,True,True,2022-06-12
crypto_buy_hold_equal_weight,standard,30,2022-05-27,2022-06-25,Tier 1 exploratory screen,False,False,False,False,deterministic_stratified_sample,3043,1976.2375013594535,-0.34125416621351545,3000.0,1659.6517693548976,-1340.3482306451024,-0.44678274354836744,1,False,False,,,False,False,,,True,True,True,2022-06-12
crypto_buy_hold_equal_weight,standard,30,2022-06-21,2022-07-20,Tier 1 exploratory screen,False,False,False,False,deterministic_stratified_sample,3043,3887.409258499995,0.29580308616666495,3929.658102653678,2922.3248692085826,-453.4308327042768,-0.1343198005849007,1,True,True,2022-07-07,16,True,True,2022-07-16,25,False,False,False,
crypto_buy_hold_equal_weight,standard,30,2022-07-12,2022-08-10,Tier 1 exploratory screen,False,False,False,False,deterministic_stratified_sample,3043,3188.331794017804,0.06277726467260125,3188.331794017804,2886.557721396898,-113.44227860310184,-0.03781409286770061,1,False,False,,,False,False,,,False,False,False,
crypto_buy_hold_equal_weight,standard,30,2022-07-28,2022-08-26,Tier 1 exploratory screen,False,False,False,False,deterministic_stratified_sample,3043,2648.6340984583103,-0.11712196718056322,3330.9966026673956,2648.6340984583103,-682.3625042090853,-0.20485235669789126,1,True,True,2022-08-12,15,False,False,,,False,True,True,2022-08-26
crypto_buy_hold_equal_weight,standard,30,2022-08-27,2022-09-25,Tier 1 exploratory screen,False,False,False,False,deterministic_stratified_sample,3043,2656.496833507449,-0.11450105549751699,3334.3435810020833,2595.539082398533,-738.8044986035502,-0.22157419613653442,1,True,True,2022-09-10,14,False,False,,,False,True,True,2022-09-20
crypto_buy_hold_equal_weight,standard,30,2022-09-03,2022-10-02,Tier 1 exploratory screen,False,False,False,False,deterministic_stratified_sample,3043,2908.4680714075794,-0.03051064286414018,3000.0,2908.4680714075794,-91.53192859242063,-0.03051064286414021,1,False,False,,,False,False,,,False,False,False,
crypto_buy_hold_equal_weight,standard,30,2022-10-10,2022-11-08,Tier 1 exploratory screen,False,False,False,False,deterministic_stratified_sample,3043,2625.8995394653675,-0.12470015351154418,3114.01376215146,2625.8995394653675,-488.1142226860925,-0.15674761255674613,1,False,False,,,False,False,,,False,False,False,
crypto_buy_hold_equal_weight,standard,30,2022-10-12,2022-11-10,Tier 1 exploratory screen,False,False,False,False,deterministic_stratified_sample,3043,2526.940071515052,-0.15768664282831601,3114.01376215146,2208.309665495327,-905.7040966561331,-0.29084781437522794,1,False,False,,,False,False,,,True,True,True,2022-11-09
crypto_buy_hold_equal_weight,standard,30,2022-11-16,2022-12-15,Tier 1 exploratory screen,False,False,False,False,deterministic_stratified_sample,3043,2980.490967163834,-0.006503010945388743,3079.8150135300025,2896.0472502850876,-103.95274971491244,-0.034650916571637484,1,False,False,,,False,False,,,False,False,False,
crypto_buy_hold_equal_weight,standard,30,2022-11-27,2022-12-26,Tier 1 exploratory screen,False,False,False,False,deterministic_stratified_sample,3043,2896.5933638970114,-0.03446887870099624,3079.8150135300025,2785.1912540376625,-294.62375949234,-0.09566281033049776,1,False,False,,,False,False,,,False,False,False,
crypto_buy_hold_equal_weight,standard,30,2022-12-23,2023-01-21,Tier 1 exploratory screen,False,False,False,False,deterministic_stratified_sample,3043,4102.073167180271,0.3673577223934239,4133.500207109467,3000.0,-119.96323599739571,-0.030817889065652197,1,True,True,2023-01-11,19,True,True,2023-01-12,20,False,False,False,
crypto_buy_hold_equal_weight,standard,30,2023-01-12,2023-02-10,Tier 1 exploratory screen,False,False,False,False,deterministic_stratified_sample,3043,2833.2422166737883,-0.05558592777540394,3090.7309014169723,2833.2422166737883,-257.48868474318397,-0.08330996549234877,1,False,False,,,False,False,,,False,False,False,
crypto_buy_hold_equal_weight,standard,30,2023-01-29,2023-02-27,Tier 1 exploratory screen,False,False,False,False,deterministic_stratified_sample,3043,3067.9813717757875,0.02266045725859578,3217.023777655997,2833.2422166737883,-257.48868474318397,-0.08330996549234877,1,False,False,,,False,False,,,False,False,False,
crypto_buy_hold_equal_weight,standard,30,2023-02-14,2023-03-15,Tier 1 exploratory screen,False,False,False,False,deterministic_stratified_sample,3043,3124.0936277609057,0.041364542586968644,3192.3105439992905,2640.488143152895,-442.60534421506236,-0.14355884634329247,1,False,False,,,False,False,,,False,False,False,
crypto_buy_hold_equal_weight,standard,30,2023-03-07,2023-04-05,Tier 1 exploratory screen,False,False,False,False,deterministic_stratified_sample,3043,3052.0481738719004,0.01734939129063351,3052.0481738719004,2951.2059016804396,-48.79409831956036,-0.016264699439853453,1,False,False,,,False,False,,,False,False,False,
crypto_buy_hold_equal_weight,standard,30,2023-04-06,2023-05-05,Tier 1 exploratory screen,False,False,False,False,deterministic_stratified_sample,3043,3104.4530789446353,0.034817692981545134,3104.4530789446353,2900.7288955634867,-99.27110443651327,-0.03309036814550442,1,False,False,,,False,False,,,False,False,False,
crypto_buy_hold_equal_weight,standard,30,2023-04-14,2023-05-13,Tier 1 exploratory screen,False,False,False,False,deterministic_stratified_sample,3043,2805.5118171176155,-0.06482939429412815,3104.4530789446353,2805.5118171176155,-298.94126182701984,-0.09629434049254354,1,False,False,,,False,False,,,False,False,False,
crypto_buy_hold_equal_weight,standard,30,2023-05-21,2023-06-19,Tier 1 exploratory screen,False,False,False,False,deterministic_stratified_sample,3043,2866.8296305376293,-0.044390123154123606,3025.051294497257,2702.651337653741,-322.39995684351607,-0.10657669092421018,1,False,False,,,False,False,,,False,False,False,
crypto_buy_hold_equal_weight,standard,30,2023-05-27,2023-06-25,Tier 1 exploratory screen,False,False,False,False,deterministic_stratified_sample,3043,3194.772908907509,0.06492430296916973,3199.4784076041033,2702.651337653741,-322.39995684351607,-0.10657669092421018,1,False,False,,,False,False,,,False,False,False,
crypto_buy_hold_equal_weight,standard,30,2023-06-27,2023-07-26,Tier 1 exploratory screen,False,False,False,False,deterministic_stratified_sample,3043,2895.2127478885577,-0.03492908403714745,3103.5676476305393,2869.2806428014383,-234.28700482910108,-0.07548957568492849,1,False,False,,,False,False,,,False,False,False,
crypto_buy_hold_equal_weight,standard,30,2023-07-17,2023-08-15,Tier 1 exploratory screen,False,False,False,False,deterministic_stratified_sample,3043,2970.3729372487005,-0.009875687583766446,3032.498618998716,2964.218937691136,-68.27968130758018,-0.022515981006489317,1,False,False,,,False,False,,,False,False,False,
crypto_buy_hold_equal_weight,standard,30,2023-08-03,2023-09-01,Tier 1 exploratory screen,False,False,False,False,deterministic_stratified_sample,3043,2973.8065549330254,-0.008731148355658247,3000.0,2973.8065549330254,-26.19344506697462,-0.008731148355658205,1,False,False,,,False,False,,,False,False,False,
crypto_buy_hold_equal_weight,standard,30,2023-08-05,2023-09-03,Tier 1 exploratory screen,False,False,False,False,deterministic_stratified_sample,3043,2990.508952810264,-0.0031636823965787153,3000.0,2973.8065549330254,-26.19344506697462,-0.008731148355658205,1,False,False,,,False,False,,,False,False,False,
crypto_buy_hold_equal_weight,standard,30,2023-08-06,2023-09-04,Tier 1 exploratory screen,False,False,False,False,deterministic_stratified_sample,3043,2975.554660712453,-0.008148446429182332,3000.0,2973.8065549330254,-26.19344506697462,-0.008731148355658205,1,False,False,,,False,False,,,False,False,False,
crypto_buy_hold_equal_weight,standard,30,2023-08-07,2023-09-05,Tier 1 exploratory screen,False,False,False,False,deterministic_stratified_sample,3043,2977.313385340792,-0.007562204886402579,3000.0,2973.8065549330254,-26.19344506697462,-0.008731148355658205,1,False,False,,,False,False,,,False,False,False,
crypto_buy_hold_equal_weight,standard,30,2023-08-10,2023-09-08,Tier 1 exploratory screen,False,False,False,False,deterministic_stratified_sample,3043,2986.8975544675914,-0.004367481844136267,3016.6188418686875,2973.8065549330254,-29.721287401096106,-0.009852516661562994,1,False,False,,,False,False,,,False,False,False,
crypto_buy_hold_equal_weight,standard,30,2023-08-11,2023-09-09,Tier 1 exploratory screen,False,False,False,False,deterministic_stratified_sample,3043,2985.432017542896,-0.004855994152367926,3016.6188418686875,2973.8065549330254,-31.18682432579135,-0.010338337708741561,1,False,False,,,False,False,,,False,False,False,
crypto_buy_hold_equal_weight,standard,30,2023-08-12,2023-09-10,Tier 1 exploratory screen,False,False,False,False,deterministic_stratified_sample,3043,2965.038090752851,-0.011653969749049642,3016.6188418686875,2965.038090752851,-51.58075111583639,-0.01709886260734351,1,False,False,,,False,False,,,False,False,False,
crypto_buy_hold_equal_weight,standard,30,2023-08-13,2023-09-11,Tier 1 exploratory screen,False,False,False,False,deterministic_stratified_sample,3043,2866.8354036263718,-0.044388198791209366,3016.6188418686875,2866.8354036263718,-149.7834382423157,-0.04965275564927859,1,False,False,,,False,False,,,False,False,False,
crypto_buy_hold_equal_weight,standard,30,2023-08-14,2023-09-12,Tier 1 exploratory screen,False,False,False,False,deterministic_stratified_sample,3043,2942.7257565465175,-0.01909141448449414,3016.6188418686875,2866.8354036263718,-149.7834382423157,-0.04965275564927859,1,False,False,,,False,False,,,False,False,False,
crypto_buy_hold_equal_weight,standard,30,2023-08-15,2023-09-13,Tier 1 exploratory screen,False,False,False,False,deterministic_stratified_sample,3043,2979.598430234522,-0.006800523255159341,3016.6188418686875,2866.8354036263718,-149.7834382423157,-0.04965275564927859,1,False,False,,,False,False,,,False,False,False,
crypto_buy_hold_equal_weight,standard,30,2023-08-16,2023-09-14,Tier 1 exploratory screen,False,False,False,False,deterministic_stratified_sample,3043,3014.873804098058,0.004957934699352684,3016.6188418686875,2866.8354036263718,-149.7834382423157,-0.04965275564927859,1,False,False,,,False,False,,,False,False,False,
crypto_buy_hold_equal_weight,standard,30,2023-09-09,2023-10-08,Tier 1 exploratory screen,False,False,False,False,deterministic_stratified_sample,3043,3016.274673950063,0.005424891316687663,3109.7344019742964,2967.834748232414,-141.8996537418825,-0.04563079523826658,1,False,False,,,False,False,,,False,False,False,
crypto_buy_hold_equal_weight,standard,30,2023-09-30,2023-10-29,Tier 1 exploratory screen,False,False,False,False,deterministic_stratified_sample,3043,3518.390572126324,0.17279685737544126,3518.390572126324,2866.176250754487,-243.5581512198096,-0.07832120680955271,1,True,True,2023-10-23,23,True,True,2023-10-23,23,False,False,False,
crypto_buy_hold_equal_weight,standard,30,2023-10-02,2023-10-31,Tier 1 exploratory screen,False,False,False,False,deterministic_stratified_sample,3043,3000.0,0.0,3000.0,3000.0,0.0,0.0,0,False,False,,,False,False,,,False,False,False,
crypto_buy_hold_equal_weight,standard,30,2023-10-13,2023-11-11,Tier 1 exploratory screen,False,False,False,False,deterministic_stratified_sample,3043,3301.8688685201696,0.10062295617338979,3335.236603507791,2995.6380661521976,-59.949679482707324,-0.01961968841128818,1,True,True,2023-11-09,27,False,False,,,False,False,False,
crypto_buy_hold_equal_weight,standard,30,2023-10-14,2023-11-12,Tier 1 exploratory screen,False,False,False,False,deterministic_stratified_sample,3043,3292.10195376202,0.09736731792067332,3335.236603507791,2995.6380661521976,-59.949679482707324,-0.01961968841128818,1,True,True,2023-11-09,26,False,False,,,False,False,False,
crypto_buy_hold_equal_weight,standard,30,2023-10-15,2023-11-13,Tier 1 exploratory screen,False,False,False,False,deterministic_stratified_sample,3043,3275.684984352513,0.09189499478417096,3335.236603507791,2995.6380661521976,-59.949679482707324,-0.01961968841128818,1,True,True,2023-11-09,25,False,False,,,False,False,False,
crypto_buy_hold_equal_weight,standard,30,2023-10-16,2023-11-14,Tier 1 exploratory screen,False,False,False,False,deterministic_stratified_sample,3043,3171.664698996786,0.05722156633226194,3335.236603507791,2995.6380661521976,-163.5719045110054,-0.04904356840500335,1,True,True,2023-11-09,24,False,False,,,False,False,False,
crypto_buy_hold_equal_weight,standard,30,2023-11-04,2023-12-03,Tier 1 exploratory screen,False,False,False,False,deterministic_stratified_sample,3043,3190.246524279002,0.06341550809300078,3190.246524279002,3000.0,0.0,0.0,1,False,False,,,False,False,,,False,False,False,
crypto_buy_hold_equal_weight,standard,30,2023-11-22,2023-12-21,Tier 1 exploratory screen,False,False,False,False,deterministic_stratified_sample,3043,3380.2995087198974,0.1267665029066325,3479.8463794489635,3000.0,-229.6150496490459,-0.06598424890394317,1,True,True,2023-12-04,12,True,True,2023-12-05,13,False,False,False,
crypto_buy_hold_equal_weight,standard,30,2023-12-25,2024-01-23,Tier 1 exploratory screen,False,False,False,False,deterministic_stratified_sample,3043,2889.039827275544,-0.0369867242414853,3367.8129240459016,2889.039827275544,-478.77309677035737,-0.14216142866842682,1,True,True,2024-01-10,16,False,False,,,False,False,False,
crypto_buy_hold_equal_weight,standard,30,2023-12-29,2024-01-27,Tier 1 exploratory screen,False,False,False,False,deterministic_stratified_sample,3043,2988.5953906298037,-0.003801536456732091,3367.8129240459016,2877.404564412886,-490.4083596330156,-0.14561627106171518,1,True,True,2024-01-10,12,False,False,,,False,False,False,
crypto_buy_hold_equal_weight,standard,30,2024-02-04,2024-03-04,Tier 1 exploratory screen,False,False,False,False,deterministic_stratified_sample,3043,3301.4377821786056,0.10047926072620195,3301.4377821786056,3000.0,-15.905672726769353,-0.005182265473267496,1,True,True,2024-03-04,29,False,False,,,False,False,False,
crypto_buy_hold_equal_weight,standard,30,2024-02-14,2024-03-14,Tier 1 exploratory screen,False,False,False,False,deterministic_stratified_sample,3043,3492.169638124476,0.164056546041492,3591.592450515474,3000.0,-143.73133563604733,-0.04353598193245356,1,True,True,2024-03-04,19,True,True,2024-03-08,23,False,False,False,
crypto_buy_hold_equal_weight,standard,30,2024-03-12,2024-04-10,Tier 1 exploratory screen,False,False,False,False,deterministic_stratified_sample,3043,2939.650096103829,-0.02011663463205693,3023.8077524915557,2720.9563762156886,-279.0436237843114,-0.09301454126143714,1,False,False,,,False,False,,,False,False,False,
crypto_buy_hold_equal_weight,standard,30,2024-04-05,2024-05-04,Tier 1 exploratory screen,False,False,False,False,deterministic_stratified_sample,3043,3130.1603948536476,0.04338679828454928,3130.1603948536476,2916.890151073793,-83.10984892620718,-0.027703282975402393,1,False,False,,,False,False,,,False,False,False,
crypto_buy_hold_equal_weight,standard,30,2024-04-19,2024-05-18,Tier 1 exploratory screen,False,False,False,False,deterministic_stratified_sample,3043,3207.503589082485,0.069167863027495,3207.503589082485,2916.890151073793,-193.52911339138336,-0.06156568460753622,1,False,False,,,False,False,,,False,False,False,
crypto_buy_hold_equal_weight,standard,30,2024-05-26,2024-06-24,Tier 1 exploratory screen,False,False,False,False,deterministic_stratified_sample,3043,2675.1651817971847,-0.10827827273427182,3118.378795836494,2675.1651817971847,-443.2136140393095,-0.14212949838905603,1,False,False,,,False,False,,,False,False,False,
crypto_buy_hold_equal_weight,standard,30,2024-06-22,2024-07-21,Tier 1 exploratory screen,False,False,False,False,deterministic_stratified_sample,3043,3173.068001775802,0.057689333925267317,3173.068001775802,2613.62171974727,-390.7912435939111,-0.13007241293464383,1,False,False,,,False,False,,,False,False,False,
crypto_buy_hold_equal_weight,standard,30,2024-07-02,2024-07-31,Tier 1 exploratory screen,False,False,False,False,deterministic_stratified_sample,3043,3000.0,0.0,3000.0,3000.0,0.0,0.0,0,False,False,,,False,False,,,False,False,False,
crypto_buy_hold_equal_weight,standard,30,2024-07-25,2024-08-23,Tier 1 exploratory screen,False,False,False,False,deterministic_stratified_sample,3043,2764.560121289447,-0.07847995957018428,3000.3353981294817,2353.0947225311356,-647.2406755983461,-0.2157227741944649,1,False,False,,,False,False,,,True,True,True,2024-08-05
crypto_buy_hold_equal_weight,standard,30,2024-08-08,2024-09-06,Tier 1 exploratory screen,False,False,False,False,deterministic_stratified_sample,3043,2696.699533483867,-0.10110015550537765,3015.374229081431,2696.699533483867,-318.6746955975641,-0.10568329878399255,1,False,False,,,False,False,,,False,False,False,
crypto_buy_hold_equal_weight,standard,30,2024-08-29,2024-09-27,Tier 1 exploratory screen,False,False,False,False,deterministic_stratified_sample,3043,3281.158326407498,0.09371944213583272,3281.158326407498,2696.699533483867,-318.6746955975641,-0.10568329878399255,1,False,False,,,False,False,,,False,False,False,
crypto_buy_hold_equal_weight,standard,30,2024-09-14,2024-10-13,Tier 1 exploratory screen,False,False,False,False,deterministic_stratified_sample,3043,2907.556098337144,-0.030814633887618736,3000.0,2789.4689630508365,-210.53103694916354,-0.07017701231638784,1,False,False,,,False,False,,,False,False,False,
crypto_buy_hold_equal_weight,standard,30,2024-10-21,2024-11-19,Tier 1 exploratory screen,False,False,False,False,deterministic_stratified_sample,3043,3830.8116277663185,0.2769372092554394,3906.3341956825575,2874.9685427640143,-216.42171123447315,-0.05540276391960304,1,True,True,2024-11-07,17,True,True,2024-11-09,19,False,False,False,
crypto_buy_hold_equal_weight,standard,30,2024-11-17,2024-12-16,Tier 1 exploratory screen,False,False,False,False,deterministic_stratified_sample,3043,3261.3160814359653,0.08710536047865514,3261.3160814359653,2955.6213062162997,-221.35550828604028,-0.06932461426672437,1,False,False,,,False,False,,,False,False,False,
crypto_buy_hold_equal_weight,standard,30,2024-11-27,2024-12-26,Tier 1 exploratory screen,False,False,False,False,deterministic_stratified_sample,3043,2835.443321727072,-0.05485222609097595,3261.3160814359653,2801.424123696881,-459.8919577390843,-0.1410142243975913,1,False,False,,,False,False,,,False,False,False,
crypto_buy_hold_equal_weight,standard,30,2025-01-03,2025-02-01,Tier 1 exploratory screen,False,False,False,False,deterministic_stratified_sample,3043,2889.547073644978,-0.03681764211834071,3000.0,2889.547073644978,-110.4529263550221,-0.0368176421183407,1,False,False,,,False,False,,,False,False,False,
crypto_buy_hold_equal_weight,standard,30,2025-01-07,2025-02-05,Tier 1 exploratory screen,False,False,False,False,deterministic_stratified_sample,3043,2678.4581518701425,-0.10718061604328588,3000.0,2669.85907994644,-330.14092005355997,-0.11004697335118666,1,False,False,,,False,False,,,False,False,False,
crypto_buy_hold_equal_weight,standard,30,2025-02-09,2025-03-10,Tier 1 exploratory screen,False,False,False,False,deterministic_stratified_sample,3043,2640.746979259447,-0.1197510069135177,3361.9936784440647,2640.746979259447,-721.2466991846177,-0.21452946321969638,1,True,True,2025-03-02,21,False,False,,,False,True,True,2025-03-10
crypto_buy_hold_equal_weight,standard,30,2025-02-27,2025-03-28,Tier 1 exploratory screen,False,False,False,False,deterministic_stratified_sample,3043,2763.1845802435,-0.07893847325216663,3361.9936784440647,2640.746979259447,-721.2466991846177,-0.21452946321969638,1,True,True,2025-03-02,3,False,False,,,False,True,True,2025-03-10
crypto_buy_hold_equal_weight,standard,30,2025-03-17,2025-04-15,Tier 1 exploratory screen,False,False,False,False,deterministic_stratified_sample,3043,2821.0292799970484,-0.059656906667650555,3112.0757020464666,2591.1439226350417,-520.9317794114249,-0.1673904587439393,1,False,False,,,False,False,,,False,False,False,
crypto_buy_hold_equal_weight,standard,30,2025-03-18,2025-04-16,Tier 1 exploratory screen,False,False,False,False,deterministic_stratified_sample,3043,2817.8336430722993,-0.060722118975900186,3112.0757020464666,2591.1439226350417,-520.9317794114249,-0.1673904587439393,1,False,False,,,False,False,,,False,False,False,
crypto_buy_hold_equal_weight,standard,30,2025-04-25,2025-05-24,Tier 1 exploratory screen,False,False,False,False,deterministic_stratified_sample,3043,3825.4358454905237,0.2751452818301745,3995.015742243129,3000.0,-181.698259696072,-0.04548123747668932,1,True,True,2025-05-08,13,True,True,2025-05-08,13,False,False,False,
crypto_buy_hold_equal_weight,standard,30,2025-05-24,2025-06-22,Tier 1 exploratory screen,False,False,False,False,deterministic_stratified_sample,3043,2767.1918925090617,-0.07760270249697943,3247.2662179268154,2767.1918925090617,-480.0743254177537,-0.1478395343034894,1,False,False,,,False,False,,,False,False,False,
crypto_buy_hold_equal_weight,standard,30,2025-06-01,2025-06-30,Tier 1 exploratory screen,False,False,False,False,deterministic_stratified_sample,3043,3000.0,0.0,3000.0,3000.0,0.0,0.0,0,False,False,,,False,False,,,False,False,False,
crypto_buy_hold_equal_weight,standard,30,2025-07-08,2025-08-06,Tier 1 exploratory screen,False,False,False,False,deterministic_stratified_sample,3043,2984.3001470681106,-0.005233284310629749,3000.0,2831.300614538315,-168.69938546168487,-0.05623312848722829,1,False,False,,,False,False,,,False,False,False,
crypto_buy_hold_equal_weight,standard,30,2025-07-14,2025-08-12,Tier 1 exploratory screen,False,False,False,False,deterministic_stratified_sample,3043,3410.3398415329157,0.13677994717763853,3410.3398415329157,2831.300614538315,-168.69938546168487,-0.05623312848722829,1,True,True,2025-08-12,29,True,True,2025-08-12,29,False,False,False,
crypto_buy_hold_equal_weight,standard,30,2025-08-09,2025-09-07,Tier 1 exploratory screen,False,False,False,False,deterministic_stratified_sample,3043,3008.6850287141165,0.0028950095713722312,3066.3176380486816,2985.0553812215635,-81.26225682711811,-0.026501578250983523,1,False,False,,,False,False,,,False,False,False,
crypto_buy_hold_equal_weight,standard,30,2025-08-10,2025-09-08,Tier 1 exploratory screen,False,False,False,False,deterministic_stratified_sample,3043,3021.8676136346367,0.007289204544878913,3066.3176380486816,2985.0553812215635,-81.26225682711811,-0.026501578250983523,1,False,False,,,False,False,,,False,False,False,
crypto_buy_hold_equal_weight,standard,30,2025-08-11,2025-09-09,Tier 1 exploratory screen,False,False,False,False,deterministic_stratified_sample,3043,3014.91542806029,0.004971809353430112,3066.3176380486816,2985.0553812215635,-81.26225682711811,-0.026501578250983523,1,False,False,,,False,False,,,False,False,False,
crypto_buy_hold_equal_weight,standard,30,2025-08-12,2025-09-10,Tier 1 exploratory screen,False,False,False,False,deterministic_stratified_sample,3043,3061.719423462352,0.020573141154117458,3066.3176380486816,2985.0553812215635,-81.26225682711811,-0.026501578250983523,1,False,False,,,False,False,,,False,False,False,
crypto_buy_hold_equal_weight,standard,30,2025-08-13,2025-09-11,Tier 1 exploratory screen,False,False,False,False,deterministic_stratified_sample,3043,3122.024922475192,0.04067497415839738,3122.024922475192,2985.0553812215635,-81.26225682711811,-0.026501578250983523,1,False,False,,,False,False,,,False,False,False,
crypto_buy_hold_equal_weight,standard,30,2025-08-14,2025-09-12,Tier 1 exploratory screen,False,False,False,False,deterministic_stratified_sample,3043,3218.933563921471,0.07297785464049023,3218.933563921471,2985.0553812215635,-81.26225682711811,-0.026501578250983523,1,False,False,,,False,False,,,False,False,False,
crypto_buy_hold_equal_weight,standard,30,2025-09-03,2025-10-02,Tier 1 exploratory screen,False,False,False,False,deterministic_stratified_sample,3043,3207.6814621869235,0.06922715406230773,3207.6814621869235,3000.0,0.0,0.0,1,False,False,,,False,False,,,False,False,False,
crypto_buy_hold_equal_weight,standard,30,2025-09-20,2025-10-19,Tier 1 exploratory screen,False,False,False,False,deterministic_stratified_sample,3043,2871.7672669317494,-0.04274424435608348,3333.522042717486,2787.7257372108143,-545.7963055066716,-0.16372962245713507,1,True,True,2025-10-06,16,False,False,,,False,False,False,
crypto_buy_hold_equal_weight,standard,30,2025-09-21,2025-10-20,Tier 1 exploratory screen,False,False,False,False,deterministic_stratified_sample,3043,2895.765226662757,-0.03474492444574773,3333.522042717486,2787.7257372108143,-545.7963055066716,-0.16372962245713507,1,True,True,2025-10-06,15,False,False,,,False,False,False,
crypto_buy_hold_equal_weight,standard,30,2025-09-24,2025-10-23,Tier 1 exploratory screen,False,False,False,False,deterministic_stratified_sample,3043,2843.4270393789648,-0.0521909868736784,3333.522042717486,2787.7257372108143,-545.7963055066716,-0.16372962245713507,1,True,True,2025-10-06,12,False,False,,,False,False,False,
crypto_buy_hold_equal_weight,standard,30,2025-09-28,2025-10-27,Tier 1 exploratory screen,False,False,False,False,deterministic_stratified_sample,3043,2993.0704227640995,-0.0023098590786334583,3333.522042717486,2787.7257372108143,-545.7963055066716,-0.16372962245713507,1,True,True,2025-10-06,8,False,False,,,False,False,False,
crypto_buy_hold_equal_weight,standard,30,2025-09-29,2025-10-28,Tier 1 exploratory screen,False,False,False,False,deterministic_stratified_sample,3043,2927.742761031765,-0.02408574632274496,3333.522042717486,2787.7257372108143,-545.7963055066716,-0.16372962245713507,1,True,True,2025-10-06,7,False,False,,,False,False,False,
crypto_buy_hold_equal_weight,standard,30,2025-09-30,2025-10-29,Tier 1 exploratory screen,False,False,False,False,deterministic_stratified_sample,3043,2861.1417239695243,-0.04628609201015854,3333.522042717486,2787.7257372108143,-545.7963055066716,-0.16372962245713507,1,True,True,2025-10-06,6,False,False,,,False,False,False,
crypto_buy_hold_equal_weight,standard,30,2025-10-27,2025-11-25,Tier 1 exploratory screen,False,False,False,False,deterministic_stratified_sample,3043,2349.3847621046457,-0.21687174596511816,3036.7517717852775,2236.7795797195586,-799.9721920657189,-0.2634302215605271,1,False,False,,,False,False,,,True,True,True,2025-11-19
crypto_buy_hold_equal_weight,standard,30,2025-11-15,2025-12-14,Tier 1 exploratory screen,False,False,False,False,deterministic_stratified_sample,3043,2995.6632613932147,-0.0014455795355950984,3198.752790148362,2833.2023062388625,-203.08952875514706,-0.06349022324595692,1,False,False,,,False,False,,,False,False,False,
crypto_buy_hold_equal_weight,standard,30,2025-12-03,2026-01-01,Tier 1 exploratory screen,False,False,False,False,deterministic_stratified_sample,3043,3034.8299108585397,0.011609970286179827,3034.8299108585397,3000.0,0.0,0.0,1,False,False,,,False,False,,,False,False,False,
crypto_buy_hold_equal_weight,standard,30,2025-12-31,2026-01-29,Tier 1 exploratory screen,False,False,False,False,deterministic_stratified_sample,3043,2873.463902602007,-0.042178699132664366,3355.1587758637916,2873.463902602007,-481.6948732617848,-0.14356842863204636,1,True,True,2026-01-13,13,False,False,,,False,False,False,
crypto_buy_hold_equal_weight,standard,30,2026-01-09,2026-02-07,Tier 1 exploratory screen,False,False,False,False,deterministic_stratified_sample,3043,2602.6923458582514,-0.1324358847139162,3000.0,2311.0240211565488,-688.9759788434512,-0.22965865961448376,1,False,False,,,False,False,,,True,True,True,2026-02-05
crypto_buy_hold_equal_weight,standard,30,2026-02-15,2026-03-16,Tier 1 exploratory screen,False,False,False,False,deterministic_stratified_sample,3043,3466.6623159593614,0.15555410531978708,3466.6623159593614,2949.004984761551,-295.5446976298231,-0.0909924095601166,1,True,True,2026-03-16,29,True,True,2026-03-16,29,False,False,False,
crypto_buy_hold_equal_weight,standard,30,2026-03-22,2026-04-20,Tier 1 exploratory screen,False,False,False,False,deterministic_stratified_sample,3043,3315.9619456006553,0.10532064853355183,3418.7108837108003,2932.1631527805393,-182.84447959074805,-0.05348345789108719,1,True,True,2026-04-13,22,True,True,2026-04-17,26,False,False,False,
crypto_buy_hold_equal_weight,standard,30,2026-03-23,2026-04-21,Tier 1 exploratory screen,False,False,False,False,deterministic_stratified_sample,3043,3335.592821462848,0.11186427382094921,3418.7108837108003,2932.1631527805393,-182.84447959074805,-0.05348345789108719,1,True,True,2026-04-13,21,True,True,2026-04-17,25,False,False,False,
crypto_buy_hold_equal_weight,standard,30,2026-03-24,2026-04-22,Tier 1 exploratory screen,False,False,False,False,deterministic_stratified_sample,3043,3410.4823868534672,0.13682746228448917,3418.7108837108003,2932.1631527805393,-182.84447959074805,-0.05348345789108719,1,True,True,2026-04-13,20,True,True,2026-04-17,24,False,False,False,
crypto_buy_hold_equal_weight,standard,30,2026-03-25,2026-04-23,Tier 1 exploratory screen,False,False,False,False,deterministic_stratified_sample,3043,3379.9288317525215,0.1266429439175072,3418.7108837108003,2932.1631527805393,-182.84447959074805,-0.05348345789108719,1,True,True,2026-04-13,19,True,True,2026-04-17,23,False,False,False,
crypto_buy_hold_equal_weight,standard,30,2026-03-26,2026-04-24,Tier 1 exploratory screen,False,False,False,False,deterministic_stratified_sample,3043,3350.8912949848705,0.11696376499495686,3418.7108837108003,2932.1631527805393,-182.84447959074805,-0.05348345789108719,1,True,True,2026-04-13,18,True,True,2026-04-17,22,False,False,False,
crypto_buy_hold_equal_weight,standard,30,2026-03-27,2026-04-25,Tier 1 exploratory screen,False,False,False,False,deterministic_stratified_sample,3043,3356.552025179546,0.11885067505984859,3418.7108837108003,2932.1631527805393,-182.84447959074805,-0.05348345789108719,1,True,True,2026-04-13,17,True,True,2026-04-17,21,False,False,False,
crypto_buy_hold_equal_weight,standard,30,2026-03-28,2026-04-26,Tier 1 exploratory screen,False,False,False,False,deterministic_stratified_sample,3043,3415.9996593642577,0.1386665531214193,3418.7108837108003,2932.1631527805393,-182.84447959074805,-0.05348345789108719,1,True,True,2026-04-13,16,True,True,2026-04-17,20,False,False,False,
crypto_buy_hold_equal_weight,standard,30,2026-03-29,2026-04-27,Tier 1 exploratory screen,False,False,False,False,deterministic_stratified_sample,3043,3339.918935185641,0.1133063117285471,3418.7108837108003,2932.1631527805393,-182.84447959074805,-0.05348345789108719,1,True,True,2026-04-13,15,True,True,2026-04-17,19,False,False,False,
crypto_buy_hold_equal_weight,standard,30,2026-03-30,2026-04-28,Tier 1 exploratory screen,False,False,False,False,deterministic_stratified_sample,3043,3308.0960568832866,0.1026986856277623,3418.7108837108003,2932.1631527805393,-182.84447959074805,-0.05348345789108719,1,True,True,2026-04-13,14,True,True,2026-04-17,18,False,False,False,
crypto_buy_hold_equal_weight,standard,30,2026-03-31,2026-04-29,Tier 1 exploratory screen,False,False,False,False,deterministic_stratified_sample,3043,3269.63742486906,0.08987914162302002,3418.7108837108003,2932.1631527805393,-182.84447959074805,-0.05348345789108719,1,True,True,2026-04-13,13,True,True,2026-04-17,17,False,False,False,
crypto_buy_hold_equal_weight,standard,30,2026-04-01,2026-04-30,Tier 1 exploratory screen,False,False,False,False,deterministic_stratified_sample,3043,3000.0,0.0,3000.0,3000.0,0.0,0.0,0,False,False,,,False,False,,,False,False,False,
crypto_buy_hold_equal_weight,standard,30,2026-04-02,2026-05-01,Tier 1 exploratory screen,False,False,False,False,deterministic_stratified_sample,3043,3059.675965109745,0.019891988369914904,3059.675965109745,3000.0,0.0,0.0,1,False,False,,,False,False,,,False,False,False,
crypto_buy_hold_equal_weight,standard,30,2026-04-03,2026-05-02,Tier 1 exploratory screen,False,False,False,False,deterministic_stratified_sample,3043,3083.124607202,0.027708202400666737,3083.124607202,3000.0,0.0,0.0,1,False,False,,,False,False,,,False,False,False,
crypto_buy_hold_equal_weight,standard,30,2026-04-04,2026-05-03,Tier 1 exploratory screen,False,False,False,False,deterministic_stratified_sample,3043,3084.3884202403765,0.028129473413458728,3084.3884202403765,3000.0,0.0,0.0,1,False,False,,,False,False,,,False,False,False,
crypto_buy_hold_equal_weight,standard,30,2026-04-05,2026-05-04,Tier 1 exploratory screen,False,False,False,False,deterministic_stratified_sample,3043,3126.161015227409,0.042053671742469545,3126.161015227409,3000.0,0.0,0.0,1,False,False,,,False,False,,,False,False,False,
crypto_buy_hold_equal_weight,standard,30,2026-04-06,2026-05-05,Tier 1 exploratory screen,False,False,False,False,deterministic_stratified_sample,3043,3157.5326660834776,0.0525108886944925,3157.5326660834776,3000.0,0.0,0.0,1,False,False,,,False,False,,,False,False,False,
crypto_buy_hold_equal_weight,standard,30,2026-04-07,2026-05-06,Tier 1 exploratory screen,False,False,False,False,deterministic_stratified_sample,3043,3160.355389135555,0.05345179637851838,3160.355389135555,3000.0,0.0,0.0,1,False,False,,,False,False,,,False,False,False,
crypto_buy_hold_equal_weight,standard,30,2026-04-08,2026-05-07,Tier 1 exploratory screen,False,False,False,False,deterministic_stratified_sample,3043,3092.72097774064,0.030906992580213455,3160.355389135555,3000.0,-67.63441139491488,-0.02140088789615992,1,False,False,,,False,False,,,False,False,False,
crypto_buy_hold_equal_weight,standard,30,2026-04-09,2026-05-08,Tier 1 exploratory screen,False,False,False,False,deterministic_stratified_sample,3043,3106.8450831425166,0.03561502771417224,3160.355389135555,3000.0,-67.63441139491488,-0.02140088789615992,1,False,False,,,False,False,,,False,False,False,
crypto_buy_hold_equal_weight,standard,30,2026-04-10,2026-05-09,Tier 1 exploratory screen,False,False,False,False,deterministic_stratified_sample,3043,3129.3997560166817,0.04313325200556051,3160.355389135555,3000.0,-67.63441139491488,-0.02140088789615992,1,False,False,,,False,False,,,False,False,False,
crypto_buy_hold_equal_weight,standard,30,2026-04-11,2026-05-10,Tier 1 exploratory screen,False,False,False,False,deterministic_stratified_sample,3043,3186.460323131818,0.06215344104393927,3186.460323131818,3000.0,-67.63441139491488,-0.02140088789615992,1,False,False,,,False,False,,,False,False,False,
crypto_buy_hold_equal_weight,standard,30,2026-04-12,2026-05-11,Tier 1 exploratory screen,False,False,False,False,deterministic_stratified_sample,3043,3158.532880536962,0.05284429351232056,3186.460323131818,3000.0,-67.63441139491488,-0.02140088789615992,1,False,False,,,False,False,,,False,False,False,
crypto_buy_hold_equal_weight,standard,30,2026-04-13,2026-05-12,Tier 1 exploratory screen,False,False,False,False,deterministic_stratified_sample,3043,3090.673472309348,0.03022449076978284,3186.460323131818,3000.0,-95.78685082246966,-0.030060581682788818,1,False,False,,,False,False,,,False,False,False,
crypto_buy_hold_equal_weight,standard,30,2026-04-14,2026-05-13,Tier 1 exploratory screen,False,False,False,False,deterministic_stratified_sample,3043,3056.028760139099,0.018676253379699803,3186.460323131818,3000.0,-130.43156299271868,-0.04093305730056096,1,False,False,,,False,False,,,False,False,False,
crypto_buy_hold_equal_weight,standard,30,2026-04-15,2026-05-14,Tier 1 exploratory screen,False,False,False,False,deterministic_stratified_sample,3043,3106.0338659189047,0.03534462197296828,3186.460323131818,3000.0,-130.43156299271868,-0.04093305730056096,1,False,False,,,False,False,,,False,False,False,
crypto_buy_hold_equal_weight,standard,30,2026-04-16,2026-05-15,Tier 1 exploratory screen,False,False,False,False,deterministic_stratified_sample,3043,3028.766413516022,0.00958880450534072,3186.460323131818,3000.0,-157.69390961579575,-0.04948874099295422,1,False,False,,,False,False,,,False,False,False,
crypto_buy_hold_equal_weight,standard,30,2026-04-17,2026-05-16,Tier 1 exploratory screen,False,False,False,False,deterministic_stratified_sample,3043,2981.1907426343864,-0.006269752455204558,3186.460323131818,2981.1907426343864,-205.26958049743143,-0.06441931161273079,1,False,False,,,False,False,,,False,False,False,
crypto_buy_hold_equal_weight,standard,30,2026-04-18,2026-05-17,Tier 1 exploratory screen,False,False,False,False,deterministic_stratified_sample,3043,2932.1638227095327,-0.0226120590968224,3186.460323131818,2932.1638227095327,-254.29650042228513,-0.0798053246030534,1,False,False,,,False,False,,,False,False,False,
crypto_buy_hold_equal_weight,standard,30,2026-04-19,2026-05-18,Tier 1 exploratory screen,False,False,False,False,deterministic_stratified_sample,3043,2923.766628719375,-0.025411123760208265,3186.460323131818,2923.766628719375,-262.6936944124427,-0.08244059795925962,1,False,False,,,False,False,,,False,False,False,
crypto_buy_hold_equal_weight,standard,30,2026-04-20,2026-05-19,Tier 1 exploratory screen,False,False,False,False,deterministic_stratified_sample,3043,2907.163388087742,-0.030945537304086,3186.460323131818,2907.163388087742,-279.2969350440758,-0.08765115730974121,1,False,False,,,False,False,,,False,False,False,
crypto_time_series_momentum,standard,30,2018-01-01,2018-01-30,Tier 1 exploratory screen,False,False,False,False,deterministic_stratified_sample,3043,3000.0,0.0,3000.0,3000.0,0.0,0.0,0,False,False,,,False,False,,,False,False,False,
crypto_time_series_momentum,standard,30,2018-01-11,2018-02-09,Tier 1 exploratory screen,False,False,False,False,deterministic_stratified_sample,3043,3000.0,0.0,3000.0,3000.0,0.0,0.0,0,False,False,,,False,False,,,False,False,False,
crypto_time_series_momentum,standard,30,2018-01-16,2018-02-14,Tier 1 exploratory screen,False,False,False,False,deterministic_stratified_sample,3043,3000.0,0.0,3000.0,3000.0,0.0,0.0,0,False,False,,,False,False,,,False,False,False,
crypto_time_series_momentum,standard,30,2018-01-17,2018-02-15,Tier 1 exploratory screen,False,False,False,False,deterministic_stratified_sample,3043,3000.0,0.0,3000.0,3000.0,0.0,0.0,0,False,False,,,False,False,,,False,False,False,
crypto_time_series_momentum,standard,30,2018-01-21,2018-02-19,Tier 1 exploratory screen,False,False,False,False,deterministic_stratified_sample,3043,3000.0,0.0,3000.0,3000.0,0.0,0.0,0,False,False,,,False,False,,,False,False,False,
crypto_time_series_momentum,standard,30,2018-01-22,2018-02-20,Tier 1 exploratory screen,False,False,False,False,deterministic_stratified_sample,3043,3000.0,0.0,3000.0,3000.0,0.0,0.0,0,False,False,,,False,False,,,False,False,False,
crypto_time_series_momentum,standard,30,2018-02-07,2018-03-08,Tier 1 exploratory screen,False,False,False,False,deterministic_stratified_sample,3043,3000.0,0.0,3000.0,3000.0,0.0,0.0,0,False,False,,,False,False,,,False,False,False,
crypto_time_series_momentum,standard,30,2018-02-09,2018-03-10,Tier 1 exploratory screen,False,False,False,False,deterministic_stratified_sample,3043,3000.0,0.0,3000.0,3000.0,0.0,0.0,0,False,False,,,False,False,,,False,False,False,
crypto_time_series_momentum,standard,30,2018-02-12,2018-03-13,Tier 1 exploratory screen,False,False,False,False,deterministic_stratified_sample,3043,3000.0,0.0,3000.0,3000.0,0.0,0.0,0,False,False,,,False,False,,,False,False,False,
crypto_time_series_momentum,standard,30,2018-02-13,2018-03-14,Tier 1 exploratory screen,False,False,False,False,deterministic_stratified_sample,3043,3000.0,0.0,3000.0,3000.0,0.0,0.0,0,False,False,,,False,False,,,False,False,False,
crypto_time_series_momentum,standard,30,2018-02-14,2018-03-15,Tier 1 exploratory screen,False,False,False,False,deterministic_stratified_sample,3043,3000.0,0.0,3000.0,3000.0,0.0,0.0,0,False,False,,,False,False,,,False,False,False,
crypto_time_series_momentum,standard,30,2018-02-16,2018-03-17,Tier 1 exploratory screen,False,False,False,False,deterministic_stratified_sample,3043,3000.0,0.0,3000.0,3000.0,0.0,0.0,0,False,False,,,False,False,,,False,False,False,
crypto_time_series_momentum,standard,30,2018-02-17,2018-03-18,Tier 1 exploratory screen,False,False,False,False,deterministic_stratified_sample,3043,3000.0,0.0,3000.0,3000.0,0.0,0.0,0,False,False,,,False,False,,,False,False,False,
crypto_time_series_momentum,standard,30,2018-02-18,2018-03-19,Tier 1 exploratory screen,False,False,False,False,deterministic_stratified_sample,3043,3000.0,0.0,3000.0,3000.0,0.0,0.0,0,False,False,,,False,False,,,False,False,False,
crypto_time_series_momentum,standard,30,2018-03-03,2018-04-01,Tier 1 exploratory screen,False,False,False,False,deterministic_stratified_sample,3043,3000.0,0.0,3000.0,3000.0,0.0,0.0,0,False,False,,,False,False,,,False,False,False,
crypto_time_series_momentum,standard,30,2018-03-16,2018-04-14,Tier 1 exploratory screen,False,False,False,False,deterministic_stratified_sample,3043,3000.0,0.0,3000.0,3000.0,0.0,0.0,0,False,False,,,False,False,,,False,False,False,
crypto_time_series_momentum,standard,30,2018-04-06,2018-05-05,Tier 1 exploratory screen,False,False,False,False,deterministic_stratified_sample,3043,3000.0,0.0,3000.0,3000.0,0.0,0.0,0,False,False,,,False,False,,,False,False,False,
crypto_time_series_momentum,standard,30,2018-04-22,2018-05-21,Tier 1 exploratory screen,False,False,False,False,deterministic_stratified_sample,3043,3000.0,0.0,3000.0,3000.0,0.0,0.0,0,False,False,,,False,False,,,False,False,False,
crypto_time_series_momentum,standard,30,2018-05-22,2018-06-20,Tier 1 exploratory screen,False,False,False,False,deterministic_stratified_sample,3043,3000.0,0.0,3000.0,3000.0,0.0,0.0,0,False,False,,,False,False,,,False,False,False,
crypto_time_series_momentum,standard,30,2018-05-29,2018-06-27,Tier 1 exploratory screen,False,False,False,False,deterministic_stratified_sample,3043,3000.0,0.0,3000.0,3000.0,0.0,0.0,0,False,False,,,False,False,,,False,False,False,
crypto_time_series_momentum,standard,30,2018-07-05,2018-08-03,Tier 1 exploratory screen,False,False,False,False,deterministic_stratified_sample,3043,3000.0,0.0,3000.0,3000.0,0.0,0.0,0,False,False,,,False,False,,,False,False,False,
crypto_time_series_momentum,standard,30,2018-07-07,2018-08-05,Tier 1 exploratory screen,False,False,False,False,deterministic_stratified_sample,3043,3000.0,0.0,3000.0,3000.0,0.0,0.0,0,False,False,,,False,False,,,False,False,False,
crypto_time_series_momentum,standard,30,2018-08-11,2018-09-09,Tier 1 exploratory screen,False,False,False,False,deterministic_stratified_sample,3043,3000.0,0.0,3000.0,3000.0,0.0,0.0,0,False,False,,,False,False,,,False,False,False,
crypto_time_series_momentum,standard,30,2018-08-22,2018-09-20,Tier 1 exploratory screen,False,False,False,False,deterministic_stratified_sample,3043,3000.0,0.0,3000.0,3000.0,0.0,0.0,0,False,False,,,False,False,,,False,False,False,
crypto_time_series_momentum,standard,30,2018-09-17,2018-10-16,Tier 1 exploratory screen,False,False,False,False,deterministic_stratified_sample,3043,3000.0,0.0,3000.0,3000.0,0.0,0.0,0,False,False,,,False,False,,,False,False,False,
crypto_time_series_momentum,standard,30,2018-10-07,2018-11-05,Tier 1 exploratory screen,False,False,False,False,deterministic_stratified_sample,3043,3000.0,0.0,3000.0,3000.0,0.0,0.0,0,False,False,,,False,False,,,False,False,False,
crypto_time_series_momentum,standard,30,2018-10-24,2018-11-22,Tier 1 exploratory screen,False,False,False,False,deterministic_stratified_sample,3043,3000.0,0.0,3000.0,3000.0,0.0,0.0,0,False,False,,,False,False,,,False,False,False,
crypto_time_series_momentum,standard,30,2018-11-10,2018-12-09,Tier 1 exploratory screen,False,False,False,False,deterministic_stratified_sample,3043,3000.0,0.0,3000.0,3000.0,0.0,0.0,0,False,False,,,False,False,,,False,False,False,
crypto_time_series_momentum,standard,30,2018-11-11,2018-12-10,Tier 1 exploratory screen,False,False,False,False,deterministic_stratified_sample,3043,3000.0,0.0,3000.0,3000.0,0.0,0.0,0,False,False,,,False,False,,,False,False,False,
crypto_time_series_momentum,standard,30,2018-11-12,2018-12-11,Tier 1 exploratory screen,False,False,False,False,deterministic_stratified_sample,3043,3000.0,0.0,3000.0,3000.0,0.0,0.0,0,False,False,,,False,False,,,False,False,False,
crypto_time_series_momentum,standard,30,2018-11-13,2018-12-12,Tier 1 exploratory screen,False,False,False,False,deterministic_stratified_sample,3043,3000.0,0.0,3000.0,3000.0,0.0,0.0,0,False,False,,,False,False,,,False,False,False,
crypto_time_series_momentum,standard,30,2018-11-22,2018-12-21,Tier 1 exploratory screen,False,False,False,False,deterministic_stratified_sample,3043,3000.0,0.0,3000.0,3000.0,0.0,0.0,0,False,False,,,False,False,,,False,False,False,
crypto_time_series_momentum,standard,30,2018-11-30,2018-12-29,Tier 1 exploratory screen,False,False,False,False,deterministic_stratified_sample,3043,3000.0,0.0,3000.0,3000.0,0.0,0.0,0,False,False,,,False,False,,,False,False,False,
crypto_time_series_momentum,standard,30,2019-01-06,2019-02-04,Tier 1 exploratory screen,False,False,False,False,deterministic_stratified_sample,3043,3000.0,0.0,3000.0,3000.0,0.0,0.0,0,False,False,,,False,False,,,False,False,False,
crypto_time_series_momentum,standard,30,2019-01-07,2019-02-05,Tier 1 exploratory screen,False,False,False,False,deterministic_stratified_sample,3043,3000.0,0.0,3000.0,3000.0,0.0,0.0,0,False,False,,,False,False,,,False,False,False,
crypto_time_series_momentum,standard,30,2019-02-13,2019-03-14,Tier 1 exploratory screen,False,False,False,False,deterministic_stratified_sample,3043,3000.0,0.0,3000.0,3000.0,0.0,0.0,0,False,False,,,False,False,,,False,False,False,
crypto_time_series_momentum,standard,30,2019-02-22,2019-03-23,Tier 1 exploratory screen,False,False,False,False,deterministic_stratified_sample,3043,3000.0,0.0,3000.0,3000.0,0.0,0.0,0,False,False,,,False,False,,,False,False,False,
crypto_time_series_momentum,standard,30,2019-03-22,2019-04-20,Tier 1 exploratory screen,False,False,False,False,deterministic_stratified_sample,3043,3031.006264194089,0.010335421398029565,3072.44100774016,2847.374484623947,-225.06652311621292,-0.07325332611731859,1,False,False,,,False,False,,,False,False,False,
crypto_time_series_momentum,standard,30,2019-03-26,2019-04-24,Tier 1 exploratory screen,False,False,False,False,deterministic_stratified_sample,3043,2996.7127702147773,-0.001095743261740889,3076.8342195889677,2847.374484623947,-225.06652311621292,-0.07325332611731859,1,False,False,,,False,False,,,False,False,False,
crypto_time_series_momentum,standard,30,2019-03-27,2019-04-25,Tier 1 exploratory screen,False,False,False,False,deterministic_stratified_sample,3043,2824.268639129998,-0.05857712029000062,3076.8342195889677,2824.268639129998,-252.56558045896963,-0.08208618418600067,1,False,False,,,False,False,,,False,False,False,
crypto_time_series_momentum,standard,30,2019-03-28,2019-04-26,Tier 1 exploratory screen,False,False,False,False,deterministic_stratified_sample,3043,2860.181492803293,-0.046606169065568914,3076.8342195889677,2824.268639129998,-252.56558045896963,-0.08208618418600067,1,False,False,,,False,False,,,False,False,False,
crypto_time_series_momentum,standard,30,2019-03-29,2019-04-27,Tier 1 exploratory screen,False,False,False,False,deterministic_stratified_sample,3043,2876.283595725137,-0.0412388014249544,3076.8342195889677,2824.268639129998,-252.56558045896963,-0.08208618418600067,1,False,False,,,False,False,,,False,False,False,
crypto_time_series_momentum,standard,30,2019-03-30,2019-04-28,Tier 1 exploratory screen,False,False,False,False,deterministic_stratified_sample,3043,2870.5360856048173,-0.043154638131727596,3076.8342195889677,2824.268639129998,-252.56558045896963,-0.08208618418600067,1,False,False,,,False,False,,,False,False,False,
crypto_time_series_momentum,standard,30,2019-03-31,2019-04-29,Tier 1 exploratory screen,False,False,False,False,deterministic_stratified_sample,3043,2841.1758123706077,-0.05294139587646407,3076.8342195889677,2824.268639129998,-252.56558045896963,-0.08208618418600067,1,False,False,,,False,False,,,False,False,False,
crypto_time_series_momentum,standard,30,2019-04-01,2019-04-30,Tier 1 exploratory screen,False,False,False,False,deterministic_stratified_sample,3043,2932.904604428823,-0.022365131857059017,3076.8342195889677,2824.268639129998,-252.56558045896963,-0.08208618418600067,1,False,False,,,False,False,,,False,False,False,
crypto_time_series_momentum,standard,30,2019-04-28,2019-05-27,Tier 1 exploratory screen,False,False,False,False,deterministic_stratified_sample,3043,5122.623163529445,0.7075410545098151,5122.623163529445,2966.315550449152,-451.32460373269805,-0.09467980730481705,1,True,True,2019-05-08,10,True,True,2019-05-10,12,False,False,False,
crypto_time_series_momentum,standard,30,2019-05-20,2019-06-18,Tier 1 exploratory screen,False,False,False,False,deterministic_stratified_sample,3043,3057.3358684547547,0.019111956151584897,3151.071184392179,2636.7495532989096,-415.713084933112,-0.13618940973308422,1,False,False,,,False,False,,,False,False,False,
crypto_time_series_momentum,standard,30,2019-06-04,2019-07-03,Tier 1 exploratory screen,False,False,False,False,deterministic_stratified_sample,3043,4274.2457611606,0.42474858705353324,4692.3906976214685,3000.0,-737.4925136844968,-0.1571677554595625,1,True,True,2019-06-14,10,True,True,2019-06-15,11,False,True,True,2019-06-27
crypto_time_series_momentum,standard,30,2019-07-10,2019-08-08,Tier 1 exploratory screen,False,False,False,False,deterministic_stratified_sample,3043,3194.360322415221,0.06478677413840694,3265.8498849125945,2696.309676599283,-408.6387696060292,-0.13160887424892473,1,False,False,,,False,False,,,False,False,False,
crypto_time_series_momentum,standard,30,2019-07-11,2019-08-09,Tier 1 exploratory screen,False,False,False,False,deterministic_stratified_sample,3043,3104.9858603443276,0.03499528678144248,3265.8498849125945,2696.309676599283,-408.6387696060292,-0.13160887424892473,1,False,False,,,False,False,,,False,False,False,
crypto_time_series_momentum,standard,30,2019-08-17,2019-09-15,Tier 1 exploratory screen,False,False,False,False,deterministic_stratified_sample,3043,2997.707821305812,-0.000764059564729247,3162.354805642003,2755.082384775214,-407.27242086678916,-0.128787705965241,1,False,False,,,False,False,,,False,False,False,
crypto_time_series_momentum,standard,30,2019-08-30,2019-09-28,Tier 1 exploratory screen,False,False,False,False,deterministic_stratified_sample,3043,3090.038285373601,0.03001276179120027,3263.031227177145,3000.0,-185.46492861215984,-0.056838232827028726,2,False,False,,,False,False,,,False,False,False,
crypto_time_series_momentum,standard,30,2019-09-23,2019-10-22,Tier 1 exploratory screen,False,False,False,False,deterministic_stratified_sample,3043,3000.0,0.0,3000.0,3000.0,0.0,0.0,0,False,False,,,False,False,,,False,False,False,
crypto_time_series_momentum,standard,30,2019-10-03,2019-11-01,Tier 1 exploratory screen,False,False,False,False,deterministic_stratified_sample,3043,2905.723573527662,-0.03142547549077923,3000.0,2886.4214749133666,-113.57852508663336,-0.03785950836221112,1,False,False,,,False,False,,,False,False,False,
crypto_time_series_momentum,standard,30,2019-10-30,2019-11-28,Tier 1 exploratory screen,False,False,False,False,deterministic_stratified_sample,3043,3000.0,0.0,3000.0,3000.0,0.0,0.0,0,False,False,,,False,False,,,False,False,False,
crypto_time_series_momentum,standard,30,2019-12-01,2019-12-30,Tier 1 exploratory screen,False,False,False,False,deterministic_stratified_sample,3043,3000.0,0.0,3000.0,3000.0,0.0,0.0,0,False,False,,,False,False,,,False,False,False,
crypto_time_series_momentum,standard,30,2019-12-06,2020-01-04,Tier 1 exploratory screen,False,False,False,False,deterministic_stratified_sample,3043,3000.0,0.0,3000.0,3000.0,0.0,0.0,0,False,False,,,False,False,,,False,False,False,
crypto_time_series_momentum,standard,30,2020-01-12,2020-02-10,Tier 1 exploratory screen,False,False,False,False,deterministic_stratified_sample,3043,3541.4948554975654,0.1804982851658552,3631.9765284359096,3000.0,-90.48167293834422,-0.024912515879421074,2,True,True,2020-02-06,25,True,True,2020-02-07,26,False,False,False,
crypto_time_series_momentum,standard,30,2020-01-16,2020-02-14,Tier 1 exploratory screen,False,False,False,False,deterministic_stratified_sample,3043,4092.1355738335897,0.3640451912778633,4092.1355738335897,3000.0,-90.48167293834422,-0.024912515879421074,2,True,True,2020-02-06,21,True,True,2020-02-07,22,False,False,False,
crypto_time_series_momentum,standard,30,2020-02-08,2020-03-08,Tier 1 exploratory screen,False,False,False,False,deterministic_stratified_sample,3043,2478.199291512404,-0.17393356949586525,3380.08977353924,2478.199291512404,-901.8904820268358,-0.2668244166433722,2,True,True,2020-02-14,6,False,False,,,False,True,True,2020-02-28
crypto_time_series_momentum,standard,30,2020-02-19,2020-03-19,Tier 1 exploratory screen,False,False,False,False,deterministic_stratified_sample,3043,1421.4510907637896,-0.5261829697454035,3000.0,1276.6576385124163,-1723.3423614875837,-0.5744474538291946,3,False,False,,,False,False,,,True,True,True,2020-03-08
crypto_time_series_momentum,standard,30,2020-03-12,2020-04-10,Tier 1 exploratory screen,False,False,False,False,deterministic_stratified_sample,3043,3000.0,0.0,3000.0,3000.0,0.0,0.0,0,False,False,,,False,False,,,False,False,False,
crypto_time_series_momentum,standard,30,2020-03-13,2020-04-11,Tier 1 exploratory screen,False,False,False,False,deterministic_stratified_sample,3043,3000.0,0.0,3000.0,3000.0,0.0,0.0,0,False,False,,,False,False,,,False,False,False,
crypto_time_series_momentum,standard,30,2020-03-14,2020-04-12,Tier 1 exploratory screen,False,False,False,False,deterministic_stratified_sample,3043,3000.0,0.0,3000.0,3000.0,0.0,0.0,0,False,False,,,False,False,,,False,False,False,
crypto_time_series_momentum,standard,30,2020-03-15,2020-04-13,Tier 1 exploratory screen,False,False,False,False,deterministic_stratified_sample,3043,3000.0,0.0,3000.0,3000.0,0.0,0.0,0,False,False,,,False,False,,,False,False,False,
crypto_time_series_momentum,standard,30,2020-03-16,2020-04-14,Tier 1 exploratory screen,False,False,False,False,deterministic_stratified_sample,3043,3000.0,0.0,3000.0,3000.0,0.0,0.0,0,False,False,,,False,False,,,False,False,False,
crypto_time_series_momentum,standard,30,2020-03-17,2020-04-15,Tier 1 exploratory screen,False,False,False,False,deterministic_stratified_sample,3043,3000.0,0.0,3000.0,3000.0,0.0,0.0,0,False,False,,,False,False,,,False,False,False,
crypto_time_series_momentum,standard,30,2020-03-18,2020-04-16,Tier 1 exploratory screen,False,False,False,False,deterministic_stratified_sample,3043,3000.0,0.0,3000.0,3000.0,0.0,0.0,0,False,False,,,False,False,,,False,False,False,
crypto_time_series_momentum,standard,30,2020-03-19,2020-04-17,Tier 1 exploratory screen,False,False,False,False,deterministic_stratified_sample,3043,3000.0,0.0,3000.0,3000.0,0.0,0.0,0,False,False,,,False,False,,,False,False,False,
crypto_time_series_momentum,standard,30,2020-03-20,2020-04-18,Tier 1 exploratory screen,False,False,False,False,deterministic_stratified_sample,3043,3000.0,0.0,3000.0,3000.0,0.0,0.0,0,False,False,,,False,False,,,False,False,False,
crypto_time_series_momentum,standard,30,2020-03-21,2020-04-19,Tier 1 exploratory screen,False,False,False,False,deterministic_stratified_sample,3043,3000.0,0.0,3000.0,3000.0,0.0,0.0,0,False,False,,,False,False,,,False,False,False,
crypto_time_series_momentum,standard,30,2020-03-22,2020-04-20,Tier 1 exploratory screen,False,False,False,False,deterministic_stratified_sample,3043,2843.084350964241,-0.05230521634525298,3000.0,2843.084350964241,-156.9156490357591,-0.05230521634525303,1,False,False,,,False,False,,,False,False,False,
crypto_time_series_momentum,standard,30,2020-03-23,2020-04-21,Tier 1 exploratory screen,False,False,False,False,deterministic_stratified_sample,3043,2850.353666318359,-0.049882111227213644,3000.0,2843.084350964241,-156.9156490357591,-0.05230521634525303,1,False,False,,,False,False,,,False,False,False,
crypto_time_series_momentum,standard,30,2020-03-24,2020-04-22,Tier 1 exploratory screen,False,False,False,False,deterministic_stratified_sample,3043,3013.085011539839,0.004361670513279625,3013.085011539839,2843.084350964241,-156.9156490357591,-0.05230521634525303,1,False,False,,,False,False,,,False,False,False,
crypto_time_series_momentum,standard,30,2020-03-25,2020-04-23,Tier 1 exploratory screen,False,False,False,False,deterministic_stratified_sample,3043,3053.1675898768594,0.01772252995895318,3053.1675898768594,2843.084350964241,-156.9156490357591,-0.05230521634525303,1,False,False,,,False,False,,,False,False,False,
crypto_time_series_momentum,standard,30,2020-03-26,2020-04-24,Tier 1 exploratory screen,False,False,False,False,deterministic_stratified_sample,3043,3122.608422873925,0.04086947429130827,3122.608422873925,2843.084350964241,-156.9156490357591,-0.05230521634525303,1,False,False,,,False,False,,,False,False,False,
crypto_time_series_momentum,standard,30,2020-03-27,2020-04-25,Tier 1 exploratory screen,False,False,False,False,deterministic_stratified_sample,3043,3226.2080635614684,0.07540268785382276,3226.2080635614684,2843.084350964241,-156.9156490357591,-0.05230521634525303,1,False,False,,,False,False,,,False,False,False,
crypto_time_series_momentum,standard,30,2020-03-28,2020-04-26,Tier 1 exploratory screen,False,False,False,False,deterministic_stratified_sample,3043,3255.9467669590044,0.08531558898633484,3255.9467669590044,2843.084350964241,-156.9156490357591,-0.05230521634525303,1,False,False,,,False,False,,,False,False,False,
crypto_time_series_momentum,standard,30,2020-03-29,2020-04-27,Tier 1 exploratory screen,False,False,False,False,deterministic_stratified_sample,3043,3254.4151523526825,0.08480505078422751,3255.9467669590044,2843.084350964241,-156.9156490357591,-0.05230521634525303,1,False,False,,,False,False,,,False,False,False,
crypto_time_series_momentum,standard,30,2020-03-30,2020-04-28,Tier 1 exploratory screen,False,False,False,False,deterministic_stratified_sample,3043,3274.062522229464,0.09135417407648805,3274.062522229464,2843.084350964241,-156.9156490357591,-0.05230521634525303,1,False,False,,,False,False,,,False,False,False,
crypto_time_series_momentum,standard,30,2020-03-31,2020-04-29,Tier 1 exploratory screen,False,False,False,False,deterministic_stratified_sample,3043,3580.2039057440547,0.19340130191468496,3580.2039057440547,2843.084350964241,-156.9156490357591,-0.05230521634525303,1,True,True,2020-04-29,29,True,True,2020-04-29,29,False,False,False,
crypto_time_series_momentum,standard,30,2020-04-01,2020-04-30,Tier 1 exploratory screen,False,False,False,False,deterministic_stratified_sample,3043,3425.6520824855784,0.1418840274951927,3580.2039057440547,2843.084350964241,-156.9156490357591,-0.05230521634525303,1,True,True,2020-04-29,28,True,True,2020-04-29,28,False,False,False,
crypto_time_series_momentum,standard,30,2020-04-02,2020-05-01,Tier 1 exploratory screen,False,False,False,False,deterministic_stratified_sample,3043,3534.840366573074,0.17828012219102463,3580.2039057440547,2843.084350964241,-156.9156490357591,-0.05230521634525303,1,True,True,2020-04-29,27,True,True,2020-04-29,27,False,False,False,
crypto_time_series_momentum,standard,30,2020-04-03,2020-05-02,Tier 1 exploratory screen,False,False,False,False,deterministic_stratified_sample,3043,3553.0951077489567,0.18436503591631892,3580.2039057440547,2843.084350964241,-156.9156490357591,-0.05230521634525303,1,True,True,2020-04-29,26,True,True,2020-04-29,26,False,False,False,
crypto_time_series_momentum,standard,30,2020-04-04,2020-05-03,Tier 1 exploratory screen,False,False,False,False,deterministic_stratified_sample,3043,3480.6187420059086,0.16020624733530298,3580.2039057440547,2843.084350964241,-156.9156490357591,-0.05230521634525303,1,True,True,2020-04-29,25,True,True,2020-04-29,25,False,False,False,
crypto_time_series_momentum,standard,30,2020-04-05,2020-05-04,Tier 1 exploratory screen,False,False,False,False,deterministic_stratified_sample,3043,3435.090031179207,0.14503001039306906,3580.2039057440547,2843.084350964241,-156.9156490357591,-0.05230521634525303,1,True,True,2020-04-29,24,True,True,2020-04-29,24,False,False,False,
crypto_time_series_momentum,standard,30,2020-04-06,2020-05-05,Tier 1 exploratory screen,False,False,False,False,deterministic_stratified_sample,3043,3411.9949547753254,0.13733165159177507,3580.2039057440547,2843.084350964241,-168.20895096872937,-0.05230521634525303,1,True,True,2020-04-29,23,True,True,2020-04-29,23,False,False,False,
crypto_time_series_momentum,standard,30,2020-04-07,2020-05-06,Tier 1 exploratory screen,False,False,False,False,deterministic_stratified_sample,3043,3367.1349877254424,0.12237832924181413,3580.2039057440547,2843.084350964241,-213.0689180186123,-0.05951306786654413,1,True,True,2020-04-29,22,True,True,2020-04-29,22,False,False,False,
crypto_time_series_momentum,standard,30,2020-04-08,2020-05-07,Tier 1 exploratory screen,False,False,False,False,deterministic_stratified_sample,3043,3502.9984942117703,0.16766616473725682,3580.2039057440547,2843.084350964241,-213.0689180186123,-0.05951306786654413,1,True,True,2020-04-29,21,True,True,2020-04-29,21,False,False,False,
crypto_time_series_momentum,standard,30,2020-04-09,2020-05-08,Tier 1 exploratory screen,False,False,False,False,deterministic_stratified_sample,3043,3514.5849333600668,0.17152831112002231,3580.2039057440547,2843.084350964241,-213.0689180186123,-0.05951306786654413,1,True,True,2020-04-29,20,True,True,2020-04-29,20,False,False,False,
crypto_time_series_momentum,standard,30,2020-04-10,2020-05-09,Tier 1 exploratory screen,False,False,False,False,deterministic_stratified_sample,3043,3491.6245624985786,0.16387485416619296,3580.2039057440547,2843.084350964241,-213.0689180186123,-0.05951306786654413,1,True,True,2020-04-29,19,True,True,2020-04-29,19,False,False,False,
crypto_time_series_momentum,standard,30,2020-05-03,2020-06-01,Tier 1 exploratory screen,False,False,False,False,deterministic_stratified_sample,3043,2867.0065389949596,-0.044331153668346834,3026.2065681457348,2676.9626503874783,-349.24391775825643,-0.11540650312323217,3,False,False,,,False,False,,,False,False,False,
crypto_time_series_momentum,standard,30,2020-05-25,2020-06-23,Tier 1 exploratory screen,False,False,False,False,deterministic_stratified_sample,3043,3109.8663935646637,0.03662213118822133,3212.9770715104746,2945.725371648583,-267.25169986189167,-0.0831788381658921,1,False,False,,,False,False,,,False,False,False,
crypto_time_series_momentum,standard,30,2020-06-09,2020-07-08,Tier 1 exploratory screen,False,False,False,False,deterministic_stratified_sample,3043,3084.272626387029,0.028090875462343012,3100.3525085337305,2871.6371708205656,-228.7153377131649,-0.07377075254624278,1,False,False,,,False,False,,,False,False,False,
crypto_time_series_momentum,standard,30,2020-07-15,2020-08-13,Tier 1 exploratory screen,False,False,False,False,deterministic_stratified_sample,3043,4569.170905409386,0.5230569684697954,4569.170905409386,2978.7929011453543,-211.21626501975788,-0.04887486340658022,1,True,True,2020-07-24,9,True,True,2020-07-25,10,False,False,False,
crypto_time_series_momentum,standard,30,2020-07-16,2020-08-14,Tier 1 exploratory screen,False,False,False,False,deterministic_stratified_sample,3043,4612.335569100534,0.537445189700178,4612.335569100534,2978.7929011453543,-211.21626501975788,-0.04887486340658022,1,True,True,2020-07-24,8,True,True,2020-07-25,9,False,False,False,
crypto_time_series_momentum,standard,30,2020-07-22,2020-08-20,Tier 1 exploratory screen,False,False,False,False,deterministic_stratified_sample,3043,3817.9405236052703,0.27264684120175686,3938.0200744883487,3000.0,-185.29543969093493,-0.04887486340658028,1,True,True,2020-07-30,8,True,True,2020-08-01,10,False,False,False,
crypto_time_series_momentum,standard,30,2020-07-23,2020-08-21,Tier 1 exploratory screen,False,False,False,False,deterministic_stratified_sample,3043,3646.790856682618,0.21559695222753938,3938.0200744883487,3000.0,-291.2292178057305,-0.0739532080327368,1,True,True,2020-07-30,7,True,True,2020-08-01,9,False,False,False,
crypto_time_series_momentum,standard,30,2020-07-24,2020-08-22,Tier 1 exploratory screen,False,False,False,False,deterministic_stratified_sample,3043,3692.279175010598,0.2307597250035327,3938.0200744883487,3000.0,-291.2292178057305,-0.0739532080327368,1,True,True,2020-07-30,6,True,True,2020-08-01,8,False,False,False,
crypto_time_series_momentum,standard,30,2020-07-25,2020-08-23,Tier 1 exploratory screen,False,False,False,False,deterministic_stratified_sample,3043,3668.838679697611,0.22294622656587038,3938.0200744883487,3000.0,-291.2292178057305,-0.0739532080327368,1,True,True,2020-07-30,5,True,True,2020-08-01,7,False,False,False,
crypto_time_series_momentum,standard,30,2020-07-26,2020-08-24,Tier 1 exploratory screen,False,False,False,False,deterministic_stratified_sample,3043,3764.650453621553,0.2548834845405177,3938.0200744883487,3000.0,-291.2292178057305,-0.0739532080327368,1,True,True,2020-07-30,4,True,True,2020-08-01,6,False,False,False,
crypto_time_series_momentum,standard,30,2020-08-22,2020-09-20,Tier 1 exploratory screen,False,False,False,False,deterministic_stratified_sample,3043,2839.7121596052684,-0.05342928013157722,3355.983873060264,2597.970076149967,-758.0137969102971,-0.22586932046818128,1,True,True,2020-09-01,10,False,False,,,False,True,True,2020-09-05
crypto_time_series_momentum,standard,30,2020-09-04,2020-10-03,Tier 1 exploratory screen,False,False,False,False,deterministic_stratified_sample,3043,3013.1331380300153,0.004377712676671752,3257.0619127361006,2857.9557635260926,-399.10614921000797,-0.12253563484605,1,False,False,,,False,False,,,False,False,False,
crypto_time_series_momentum,standard,30,2020-09-28,2020-10-27,Tier 1 exploratory screen,False,False,False,False,deterministic_stratified_sample,3043,3632.8842005337697,0.2109614001779232,3632.8842005337697,2937.7610314583344,-124.09615281538072,-0.03793360464237787,1,True,True,2020-10-21,23,True,True,2020-10-21,23,False,False,False,
crypto_time_series_momentum,standard,30,2020-10-25,2020-11-23,Tier 1 exploratory screen,False,False,False,False,deterministic_stratified_sample,3043,4374.533263273571,0.4581777544245236,4374.533263273571,2956.5455207398763,-154.26952377927682,-0.044415830255472875,1,True,True,2020-11-05,11,True,True,2020-11-06,12,False,False,False,
crypto_time_series_momentum,standard,30,2020-11-04,2020-12-03,Tier 1 exploratory screen,False,False,False,False,deterministic_stratified_sample,3043,3929.1437483133277,0.3097145827711092,3941.1951092191894,2951.670617455227,-477.34720169522643,-0.12390745745341972,1,True,True,2020-11-18,14,True,True,2020-11-20,16,False,False,False,
crypto_time_series_momentum,standard,30,2020-12-11,2021-01-09,Tier 1 exploratory screen,False,False,False,False,deterministic_stratified_sample,3043,6472.239428444247,1.157413142814749,6472.239428444247,2995.879817019456,-251.54122605760085,-0.07104326778791138,1,True,True,2020-12-17,6,True,True,2020-12-17,6,False,False,False,
crypto_time_series_momentum,standard,30,2020-12-15,2021-01-13,Tier 1 exploratory screen,False,False,False,False,deterministic_stratified_sample,3043,5082.072097023804,0.6940240323412681,5613.803117754799,2852.8854421664014,-959.2582041501792,-0.1708749281064612,1,True,True,2020-12-28,13,True,True,2020-12-28,13,False,True,True,2021-01-11
crypto_time_series_momentum,standard,30,2021-01-17,2021-02-15,Tier 1 exploratory screen,False,False,False,False,deterministic_stratified_sample,3043,4203.74483658825,0.40124827886275005,4267.465350840791,2661.1477862915117,-526.915253302453,-0.16527755152845458,1,True,True,2021-02-02,16,True,True,2021-02-03,17,False,False,False,
crypto_time_series_momentum,standard,30,2021-02-04,2021-03-05,Tier 1 exploratory screen,False,False,False,False,deterministic_stratified_sample,3043,3287.6136825213157,0.0958712275071052,4003.513492616305,3000.0,-969.3129898865818,-0.24211557964630054,1,True,True,2021-02-08,4,True,True,2021-02-08,4,False,True,True,2021-02-23
crypto_time_series_momentum,standard,30,2021-02-24,2021-03-25,Tier 1 exploratory screen,False,False,False,False,deterministic_stratified_sample,3043,3412.0202027145597,0.13734006757151995,4077.542059060071,3000.0,-665.5218563455114,-0.1632164295808449,1,True,True,2021-03-01,5,True,True,2021-03-07,11,False,True,True,2021-03-24
crypto_time_series_momentum,standard,30,2021-03-27,2021-04-25,Tier 1 exploratory screen,False,False,False,False,deterministic_stratified_sample,3043,3297.42357811319,0.09914119270439681,3899.5882176498744,3000.0,-644.9780626426832,-0.165396453841833,1,True,True,2021-04-01,5,True,True,2021-04-02,6,False,True,True,2021-04-24
crypto_time_series_momentum,standard,30,2021-04-02,2021-05-01,Tier 1 exploratory screen,False,False,False,False,deterministic_stratified_sample,3043,3543.8355411387506,0.18127851371291692,3543.8355411387506,2841.0448031672718,-564.9967982920521,-0.16539645384183316,1,True,True,2021-04-14,12,True,True,2021-04-15,13,False,False,False,
crypto_time_series_momentum,standard,30,2021-05-09,2021-06-07,Tier 1 exploratory screen,False,False,False,False,deterministic_stratified_sample,3043,1848.8738365995464,-0.38370872113348453,3047.7289968522564,1505.7724581717425,-1541.9565386805139,-0.5059362365463174,2,False,False,,,False,False,,,True,True,True,2021-05-17
crypto_time_series_momentum,standard,30,2021-05-17,2021-06-15,Tier 1 exploratory screen,False,False,False,False,deterministic_stratified_sample,3043,3710.008794794381,0.23666959826479372,4104.694463930461,3000.0,-865.6203940200494,-0.21088546337043862,1,True,True,2021-05-24,7,True,True,2021-05-24,7,False,True,True,2021-05-28
crypto_time_series_momentum,standard,30,2021-06-13,2021-07-12,Tier 1 exploratory screen,False,False,False,False,deterministic_stratified_sample,3043,2433.4813046274517,-0.18883956512418276,3119.5561862270033,2166.4382183141697,-953.1179679128336,-0.3055299892083679,1,False,False,,,False,False,,,True,True,True,2021-06-21
crypto_time_series_momentum,standard,30,2021-06-15,2021-07-14,Tier 1 exploratory screen,False,False,False,False,deterministic_stratified_sample,3043,2660.2436701746406,-0.11325210994178647,3100.895913339847,2418.655219582886,-581.3447804171142,-0.1937815934723714,1,False,False,,,False,False,,,False,False,False,
crypto_time_series_momentum,standard,30,2021-07-22,2021-08-20,Tier 1 exploratory screen,False,False,False,False,deterministic_stratified_sample,3043,3058.674907478671,0.019558302492890256,3058.674907478671,2787.8687989475516,-212.13120105244843,-0.07071040035081615,1,False,False,,,False,False,,,False,False,False,
crypto_time_series_momentum,standard,30,2021-07-29,2021-08-27,Tier 1 exploratory screen,False,False,False,False,deterministic_stratified_sample,3043,3042.650155330728,0.01421671844357597,3080.2977438731004,2787.8687989475516,-212.13120105244843,-0.07071040035081615,1,False,False,,,False,False,,,False,False,False,
crypto_time_series_momentum,standard,30,2021-08-28,2021-09-26,Tier 1 exploratory screen,False,False,False,False,deterministic_stratified_sample,3043,2754.426619622826,-0.08185779345905808,3438.4849700617474,2538.6633065971573,-899.8216634645901,-0.26169131792029654,1,True,True,2021-09-03,6,True,True,2021-09-05,8,False,True,True,2021-09-20
crypto_time_series_momentum,standard,30,2021-10-04,2021-11-02,Tier 1 exploratory screen,False,False,False,False,deterministic_stratified_sample,3043,3732.5579339925616,0.24418597799752062,3732.5579339925616,3000.0,-305.1626868333092,-0.08412752146210294,1,True,True,2021-10-15,11,True,True,2021-10-19,15,False,False,False,
crypto_time_series_momentum,standard,30,2021-10-13,2021-11-11,Tier 1 exploratory screen,False,False,False,False,deterministic_stratified_sample,3043,3418.6354335174556,0.13954514450581845,3516.5597071499756,2955.08647934695,-271.4396458451324,-0.08412752146210284,1,True,True,2021-11-02,20,True,True,2021-11-08,26,False,False,False,
crypto_time_series_momentum,standard,30,2021-11-10,2021-12-09,Tier 1 exploratory screen,False,False,False,False,deterministic_stratified_sample,3043,2434.622381037113,-0.18845920632096236,3000.0,2434.622381037113,-565.377618962887,-0.18845920632096233,2,False,False,,,False,False,,,False,False,False,
crypto_time_series_momentum,standard,30,2021-12-03,2022-01-01,Tier 1 exploratory screen,False,False,False,False,deterministic_stratified_sample,3043,2676.8811415307646,-0.10770628615641176,3169.181261552177,2591.7886512258715,-577.3926103263057,-0.18218983474726047,4,False,False,,,False,False,,,False,False,False,
crypto_time_series_momentum,standard,30,2021-12-17,2022-01-15,Tier 1 exploratory screen,False,False,False,False,deterministic_stratified_sample,3043,2393.2673280101085,-0.20224422399663056,3138.678816770566,2345.759172067092,-792.9196447034738,-0.2526284755441529,4,False,False,,,False,False,,,True,True,True,2022-01-07
crypto_time_series_momentum,standard,30,2022-01-09,2022-02-07,Tier 1 exploratory screen,False,False,False,False,deterministic_stratified_sample,3043,3000.0,0.0,3000.0,3000.0,0.0,0.0,0,False,False,,,False,False,,,False,False,False,
crypto_time_series_momentum,standard,30,2022-01-23,2022-02-21,Tier 1 exploratory screen,False,False,False,False,deterministic_stratified_sample,3043,3000.0,0.0,3000.0,3000.0,0.0,0.0,0,False,False,,,False,False,,,False,False,False,
crypto_time_series_momentum,standard,30,2022-02-24,2022-03-25,Tier 1 exploratory screen,False,False,False,False,deterministic_stratified_sample,3043,3000.0,0.0,3000.0,3000.0,0.0,0.0,0,False,False,,,False,False,,,False,False,False,
crypto_time_series_momentum,standard,30,2022-03-01,2022-03-30,Tier 1 exploratory screen,False,False,False,False,deterministic_stratified_sample,3043,3000.0,0.0,3000.0,3000.0,0.0,0.0,0,False,False,,,False,False,,,False,False,False,
crypto_time_series_momentum,standard,30,2022-04-08,2022-05-07,Tier 1 exploratory screen,False,False,False,False,deterministic_stratified_sample,3043,3000.0,0.0,3000.0,3000.0,0.0,0.0,0,False,False,,,False,False,,,False,False,False,
crypto_time_series_momentum,standard,30,2022-04-11,2022-05-10,Tier 1 exploratory screen,False,False,False,False,deterministic_stratified_sample,3043,3000.0,0.0,3000.0,3000.0,0.0,0.0,0,False,False,,,False,False,,,False,False,False,
crypto_time_series_momentum,standard,30,2022-05-15,2022-06-13,Tier 1 exploratory screen,False,False,False,False,deterministic_stratified_sample,3043,3000.0,0.0,3000.0,3000.0,0.0,0.0,0,False,False,,,False,False,,,False,False,False,
crypto_time_series_momentum,standard,30,2022-05-27,2022-06-25,Tier 1 exploratory screen,False,False,False,False,deterministic_stratified_sample,3043,3000.0,0.0,3000.0,3000.0,0.0,0.0,0,False,False,,,False,False,,,False,False,False,
crypto_time_series_momentum,standard,30,2022-06-21,2022-07-20,Tier 1 exploratory screen,False,False,False,False,deterministic_stratified_sample,3043,3000.0,0.0,3000.0,3000.0,0.0,0.0,0,False,False,,,False,False,,,False,False,False,
crypto_time_series_momentum,standard,30,2022-07-12,2022-08-10,Tier 1 exploratory screen,False,False,False,False,deterministic_stratified_sample,3043,3000.0,0.0,3000.0,3000.0,0.0,0.0,0,False,False,,,False,False,,,False,False,False,
crypto_time_series_momentum,standard,30,2022-07-28,2022-08-26,Tier 1 exploratory screen,False,False,False,False,deterministic_stratified_sample,3043,3000.0,0.0,3000.0,3000.0,0.0,0.0,0,False,False,,,False,False,,,False,False,False,
crypto_time_series_momentum,standard,30,2022-08-27,2022-09-25,Tier 1 exploratory screen,False,False,False,False,deterministic_stratified_sample,3043,3000.0,0.0,3000.0,3000.0,0.0,0.0,0,False,False,,,False,False,,,False,False,False,
crypto_time_series_momentum,standard,30,2022-09-03,2022-10-02,Tier 1 exploratory screen,False,False,False,False,deterministic_stratified_sample,3043,3000.0,0.0,3000.0,3000.0,0.0,0.0,0,False,False,,,False,False,,,False,False,False,
crypto_time_series_momentum,standard,30,2022-10-10,2022-11-08,Tier 1 exploratory screen,False,False,False,False,deterministic_stratified_sample,3043,3000.0,0.0,3000.0,3000.0,0.0,0.0,0,False,False,,,False,False,,,False,False,False,
crypto_time_series_momentum,standard,30,2022-10-12,2022-11-10,Tier 1 exploratory screen,False,False,False,False,deterministic_stratified_sample,3043,3000.0,0.0,3000.0,3000.0,0.0,0.0,0,False,False,,,False,False,,,False,False,False,
crypto_time_series_momentum,standard,30,2022-11-16,2022-12-15,Tier 1 exploratory screen,False,False,False,False,deterministic_stratified_sample,3043,3000.0,0.0,3000.0,3000.0,0.0,0.0,0,False,False,,,False,False,,,False,False,False,
crypto_time_series_momentum,standard,30,2022-11-27,2022-12-26,Tier 1 exploratory screen,False,False,False,False,deterministic_stratified_sample,3043,3000.0,0.0,3000.0,3000.0,0.0,0.0,0,False,False,,,False,False,,,False,False,False,
crypto_time_series_momentum,standard,30,2022-12-23,2023-01-21,Tier 1 exploratory screen,False,False,False,False,deterministic_stratified_sample,3043,3204.899796724674,0.06829993224155806,3229.453360197549,2947.553708452045,-93.7258149704744,-0.030817889065652068,1,False,False,,,False,False,,,False,False,False,
crypto_time_series_momentum,standard,30,2023-01-12,2023-02-10,Tier 1 exploratory screen,False,False,False,False,deterministic_stratified_sample,3043,3016.0142033210936,0.00533806777369783,3294.0986925212846,2947.553708452045,-278.084489200191,-0.08441899140166523,1,False,False,,,False,False,,,False,False,False,
crypto_time_series_momentum,standard,30,2023-01-29,2023-02-27,Tier 1 exploratory screen,False,False,False,False,deterministic_stratified_sample,3043,2971.2056771177017,-0.00959810762743274,3115.5467238256356,2743.8710796207247,-256.1289203792753,-0.08537630679309177,1,False,False,,,False,False,,,False,False,False,
crypto_time_series_momentum,standard,30,2023-02-14,2023-03-15,Tier 1 exploratory screen,False,False,False,False,deterministic_stratified_sample,3043,2978.3260589654087,-0.007224647011530472,3046.8691843145025,2517.2851976199863,-529.5839866945162,-0.17381251201096912,1,False,False,,,False,False,,,False,False,False,
crypto_time_series_momentum,standard,30,2023-03-07,2023-04-05,Tier 1 exploratory screen,False,False,False,False,deterministic_stratified_sample,3043,3705.969849767203,0.23532328325573437,3705.969849767203,3000.0,-177.0930819122591,-0.04887374097147074,1,True,True,2023-03-17,10,True,True,2023-03-17,10,False,False,False,
crypto_time_series_momentum,standard,30,2023-04-06,2023-05-05,Tier 1 exploratory screen,False,False,False,False,deterministic_stratified_sample,3043,3173.485841503171,0.0578286138343902,3312.3057981175953,2935.798722436596,-376.50707568099915,-0.11366917749411017,1,True,True,2023-04-14,8,False,False,,,False,False,False,
crypto_time_series_momentum,standard,30,2023-04-14,2023-05-13,Tier 1 exploratory screen,False,False,False,False,deterministic_stratified_sample,3043,2594.8298572380254,-0.13505671425399157,3000.0,2594.8298572380254,-405.1701427619746,-0.13505671425399154,1,False,False,,,False,False,,,False,False,False,
crypto_time_series_momentum,standard,30,2023-05-21,2023-06-19,Tier 1 exploratory screen,False,False,False,False,deterministic_stratified_sample,3043,2901.314474457361,-0.0328951751808797,3159.964302819935,2778.25016327822,-381.71413954171476,-0.12079697837126678,2,False,False,,,False,False,,,False,False,False,
crypto_time_series_momentum,standard,30,2023-05-27,2023-06-25,Tier 1 exploratory screen,False,False,False,False,deterministic_stratified_sample,3043,2751.659312824629,-0.08278022905845694,3000.0,2634.942886213975,-365.0571137860252,-0.12168570459534173,2,False,False,,,False,False,,,False,False,False,
crypto_time_series_momentum,standard,30,2023-06-27,2023-07-26,Tier 1 exploratory screen,False,False,False,False,deterministic_stratified_sample,3043,2854.774307981039,-0.04840856400632032,3040.505921346684,2829.2044055935335,-211.3015157531504,-0.06949551200333197,3,False,False,,,False,False,,,False,False,False,
crypto_time_series_momentum,standard,30,2023-07-17,2023-08-15,Tier 1 exploratory screen,False,False,False,False,deterministic_stratified_sample,3043,2898.9687667863245,-0.03367707773789186,3000.0,2896.1285266297614,-103.87147337023862,-0.03462382445674621,3,False,False,,,False,False,,,False,False,False,
crypto_time_series_momentum,standard,30,2023-08-03,2023-09-01,Tier 1 exploratory screen,False,False,False,False,deterministic_stratified_sample,3043,2729.822445434684,-0.09005918485510533,3071.6909493552153,2705.8220122955927,-365.86893705962257,-0.1191099440314537,3,False,False,,,False,False,,,False,False,False,
crypto_time_series_momentum,standard,30,2023-08-05,2023-09-03,Tier 1 exploratory screen,False,False,False,False,deterministic_stratified_sample,3043,2729.822445434684,-0.09005918485510533,3071.6909493552153,2705.8220122955927,-365.86893705962257,-0.1191099440314537,3,False,False,,,False,False,,,False,False,False,
crypto_time_series_momentum,standard,30,2023-08-06,2023-09-04,Tier 1 exploratory screen,False,False,False,False,deterministic_stratified_sample,3043,2729.822445434684,-0.09005918485510533,3071.6909493552153,2705.8220122955927,-365.86893705962257,-0.1191099440314537,3,False,False,,,False,False,,,False,False,False,
crypto_time_series_momentum,standard,30,2023-08-07,2023-09-05,Tier 1 exploratory screen,False,False,False,False,deterministic_stratified_sample,3043,2710.0475578556625,-0.09665081404811249,3007.430892117567,2686.220984327099,-321.20990779046815,-0.10680541608864719,2,False,False,,,False,False,,,False,False,False,
crypto_time_series_momentum,standard,30,2023-08-10,2023-09-08,Tier 1 exploratory screen,False,False,False,False,deterministic_stratified_sample,3043,2710.0475578556625,-0.09665081404811249,3007.430892117567,2686.220984327099,-321.20990779046815,-0.10680541608864719,2,False,False,,,False,False,,,False,False,False,
crypto_time_series_momentum,standard,30,2023-08-11,2023-09-09,Tier 1 exploratory screen,False,False,False,False,deterministic_stratified_sample,3043,2710.0475578556625,-0.09665081404811249,3007.430892117567,2686.220984327099,-321.20990779046815,-0.10680541608864719,2,False,False,,,False,False,,,False,False,False,
crypto_time_series_momentum,standard,30,2023-08-12,2023-09-10,Tier 1 exploratory screen,False,False,False,False,deterministic_stratified_sample,3043,2710.0475578556625,-0.09665081404811249,3007.430892117567,2686.220984327099,-321.20990779046815,-0.10680541608864719,2,False,False,,,False,False,,,False,False,False,
crypto_time_series_momentum,standard,30,2023-08-13,2023-09-11,Tier 1 exploratory screen,False,False,False,False,deterministic_stratified_sample,3043,2710.0475578556625,-0.09665081404811249,3007.430892117567,2686.220984327099,-321.20990779046815,-0.10680541608864719,2,False,False,,,False,False,,,False,False,False,
crypto_time_series_momentum,standard,30,2023-08-14,2023-09-12,Tier 1 exploratory screen,False,False,False,False,deterministic_stratified_sample,3043,3000.0,0.0,3000.0,3000.0,0.0,0.0,0,False,False,,,False,False,,,False,False,False,
crypto_time_series_momentum,standard,30,2023-08-15,2023-09-13,Tier 1 exploratory screen,False,False,False,False,deterministic_stratified_sample,3043,3000.0,0.0,3000.0,3000.0,0.0,0.0,0,False,False,,,False,False,,,False,False,False,
crypto_time_series_momentum,standard,30,2023-08-16,2023-09-14,Tier 1 exploratory screen,False,False,False,False,deterministic_stratified_sample,3043,3000.0,0.0,3000.0,3000.0,0.0,0.0,0,False,False,,,False,False,,,False,False,False,
crypto_time_series_momentum,standard,30,2023-09-09,2023-10-08,Tier 1 exploratory screen,False,False,False,False,deterministic_stratified_sample,3043,3000.0,0.0,3000.0,3000.0,0.0,0.0,0,False,False,,,False,False,,,False,False,False,
crypto_time_series_momentum,standard,30,2023-09-30,2023-10-29,Tier 1 exploratory screen,False,False,False,False,deterministic_stratified_sample,3043,3451.419198774803,0.15047306625826762,3451.419198774803,3000.0,-59.26025023760258,-0.01718756686783522,1,True,True,2023-10-23,23,True,True,2023-10-25,25,False,False,False,
crypto_time_series_momentum,standard,30,2023-10-02,2023-10-31,Tier 1 exploratory screen,False,False,False,False,deterministic_stratified_sample,3043,3464.340184086436,0.15478006136214528,3464.340184086436,3000.0,-59.26025023760258,-0.01718756686783522,1,True,True,2023-10-23,21,True,True,2023-10-25,23,False,False,False,
crypto_time_series_momentum,standard,30,2023-10-13,2023-11-11,Tier 1 exploratory screen,False,False,False,False,deterministic_stratified_sample,3043,3753.800436118509,0.25126681203950296,3791.7352612543596,3000.0,-70.44339600942112,-0.019892333908403392,2,True,True,2023-10-23,10,True,True,2023-10-25,12,False,False,False,
crypto_time_series_momentum,standard,30,2023-10-14,2023-11-12,Tier 1 exploratory screen,False,False,False,False,deterministic_stratified_sample,3043,3742.6967096113126,0.24756556987043754,3791.7352612543596,3000.0,-70.44339600942112,-0.019892333908403392,2,True,True,2023-10-23,9,True,True,2023-10-25,11,False,False,False,
crypto_time_series_momentum,standard,30,2023-10-15,2023-11-13,Tier 1 exploratory screen,False,False,False,False,deterministic_stratified_sample,3043,3724.03272585451,0.24134424195150328,3791.7352612543596,3000.0,-70.44339600942112,-0.019892333908403392,2,True,True,2023-10-23,8,True,True,2023-10-25,10,False,False,False,
crypto_time_series_momentum,standard,30,2023-10-16,2023-11-14,Tier 1 exploratory screen,False,False,False,False,deterministic_stratified_sample,3043,3605.775033595368,0.20192501119845585,3791.7352612543596,3000.0,-185.9602276589917,-0.04904356840500342,2,True,True,2023-10-23,7,True,True,2023-10-25,9,False,False,False,
crypto_time_series_momentum,standard,30,2023-11-04,2023-12-03,Tier 1 exploratory screen,False,False,False,False,deterministic_stratified_sample,3043,3449.686715510993,0.14989557183699764,3449.686715510993,3000.0,-186.0983373022209,-0.05719459390978074,1,True,True,2023-12-01,27,True,True,2023-12-02,28,False,False,False,
crypto_time_series_momentum,standard,30,2023-11-22,2023-12-21,Tier 1 exploratory screen,False,False,False,False,deterministic_stratified_sample,3043,3382.083204827579,0.1273610682758597,3481.682603850481,2961.9204200977188,-229.73621153699878,-0.06598424890394308,1,True,True,2023-12-04,12,True,True,2023-12-05,13,False,False,False,
crypto_time_series_momentum,standard,30,2023-12-25,2024-01-23,Tier 1 exploratory screen,False,False,False,False,deterministic_stratified_sample,3043,2889.039827275544,-0.0369867242414853,3367.8129240459016,2889.039827275544,-478.77309677035737,-0.14216142866842682,1,True,True,2024-01-10,16,False,False,,,False,False,False,
crypto_time_series_momentum,standard,30,2023-12-29,2024-01-27,Tier 1 exploratory screen,False,False,False,False,deterministic_stratified_sample,3043,2988.5953906298037,-0.003801536456732091,3367.8129240459016,2877.404564412886,-490.4083596330156,-0.14561627106171518,1,True,True,2024-01-10,12,False,False,,,False,False,False,
crypto_time_series_momentum,standard,30,2024-02-04,2024-03-04,Tier 1 exploratory screen,False,False,False,False,deterministic_stratified_sample,3043,4787.225145755672,0.5957417152518907,4787.225145755672,3000.0,-114.61451414338217,-0.030068259806558646,1,True,True,2024-02-10,6,True,True,2024-02-12,8,False,False,False,
crypto_time_series_momentum,standard,30,2024-02-14,2024-03-14,Tier 1 exploratory screen,False,False,False,False,deterministic_stratified_sample,3043,4080.19184052399,0.36006394684133003,4196.355770091159,2979.044633114162,-167.93325744759022,-0.04353598193245358,1,True,True,2024-02-27,13,True,True,2024-02-28,14,False,False,False,
crypto_time_series_momentum,standard,30,2024-03-12,2024-04-10,Tier 1 exploratory screen,False,False,False,False,deterministic_stratified_sample,3043,3005.7069461011156,0.001902315367038554,3091.7557084036234,2655.2440287843524,-344.7559712156476,-0.11491865707188254,1,False,False,,,False,False,,,False,False,False,
crypto_time_series_momentum,standard,30,2024-04-05,2024-05-04,Tier 1 exploratory screen,False,False,False,False,deterministic_stratified_sample,3043,2736.268412837118,-0.08791052905429397,3151.0872632080373,2549.8355922020037,-601.2516710060336,-0.19080768661224426,1,False,False,,,False,False,,,False,True,True,2024-05-01
crypto_time_series_momentum,standard,30,2024-04-19,2024-05-18,Tier 1 exploratory screen,False,False,False,False,deterministic_stratified_sample,3043,3033.8822173894737,0.011294072463157834,3067.0603326426963,2758.9996125156945,-308.0607201270018,-0.10044168901678074,1,False,False,,,False,False,,,False,False,False,
crypto_time_series_momentum,standard,30,2024-05-26,2024-06-24,Tier 1 exploratory screen,False,False,False,False,deterministic_stratified_sample,3043,2731.1568208733775,-0.08961439304220753,3042.106670717414,2731.1568208733775,-310.94984984403663,-0.10221530127038772,5,False,False,,,False,False,,,False,False,False,
crypto_time_series_momentum,standard,30,2024-06-22,2024-07-21,Tier 1 exploratory screen,False,False,False,False,deterministic_stratified_sample,3043,3267.4767194957903,0.0891589064985967,3267.4767194957903,3000.0,-93.12958810476448,-0.028886307398590928,1,False,False,,,False,False,,,False,False,False,
crypto_time_series_momentum,standard,30,2024-07-02,2024-07-31,Tier 1 exploratory screen,False,False,False,False,deterministic_stratified_sample,3043,3040.923205221794,0.013641068407264756,3267.4767194957903,3000.0,-227.10191301945315,-0.06950375856220259,2,False,False,,,False,False,,,False,False,False,
crypto_time_series_momentum,standard,30,2024-07-25,2024-08-23,Tier 1 exploratory screen,False,False,False,False,deterministic_stratified_sample,3043,2504.539400965144,-0.16515353301161861,3000.0,2504.539400965144,-495.46059903485593,-0.16515353301161864,2,False,False,,,False,False,,,False,False,False,
crypto_time_series_momentum,standard,30,2024-08-08,2024-09-06,Tier 1 exploratory screen,False,False,False,False,deterministic_stratified_sample,3043,3000.0,0.0,3000.0,3000.0,0.0,0.0,0,False,False,,,False,False,,,False,False,False,
crypto_time_series_momentum,standard,30,2024-08-29,2024-09-27,Tier 1 exploratory screen,False,False,False,False,deterministic_stratified_sample,3043,3000.0,0.0,3000.0,3000.0,0.0,0.0,0,False,False,,,False,False,,,False,False,False,
crypto_time_series_momentum,standard,30,2024-09-14,2024-10-13,Tier 1 exploratory screen,False,False,False,False,deterministic_stratified_sample,3043,2865.42860161363,-0.04485713279545678,3000.0,2768.477043317887,-231.5229566821131,-0.0771743188940377,2,False,False,,,False,False,,,False,False,False,
crypto_time_series_momentum,standard,30,2024-10-21,2024-11-19,Tier 1 exploratory screen,False,False,False,False,deterministic_stratified_sample,3043,3756.5297504603514,0.25217658348678373,3830.587887684378,2991.887972766945,-216.5875938148074,-0.06750482879492693,2,True,True,2024-11-06,16,True,True,2024-11-10,20,False,False,False,
crypto_time_series_momentum,standard,30,2024-11-17,2024-12-16,Tier 1 exploratory screen,False,False,False,False,deterministic_stratified_sample,3043,3717.4178369667366,0.23913927898891219,3717.4178369667366,3000.0,-252.31253097401486,-0.0693246142667244,1,True,True,2024-11-27,10,True,True,2024-11-30,13,False,False,False,
crypto_time_series_momentum,standard,30,2024-11-27,2024-12-26,Tier 1 exploratory screen,False,False,False,False,deterministic_stratified_sample,3043,2821.154255502746,-0.05961524816575137,3244.8808520279185,2787.3064954166066,-457.57435661131194,-0.14101422439759123,1,False,False,,,False,False,,,False,False,False,
crypto_time_series_momentum,standard,30,2025-01-03,2025-02-01,Tier 1 exploratory screen,False,False,False,False,deterministic_stratified_sample,3043,2814.275499846818,-0.06190816671772725,3076.9126827806176,2730.814811746304,-346.0978710343138,-0.11248218806181522,1,False,False,,,False,False,,,False,False,False,
crypto_time_series_momentum,standard,30,2025-01-07,2025-02-05,Tier 1 exploratory screen,False,False,False,False,deterministic_stratified_sample,3043,2827.34658883216,-0.05755113705594672,3251.5140902208473,2827.34658883216,-424.16750138868747,-0.1304523030253507,2,False,False,,,False,False,,,False,False,False,
crypto_time_series_momentum,standard,30,2025-02-09,2025-03-10,Tier 1 exploratory screen,False,False,False,False,deterministic_stratified_sample,3043,2924.1688165126193,-0.0252770611624602,3053.983032456921,2619.587753377325,-434.3952790795961,-0.14223893009979374,2,False,False,,,False,False,,,False,False,False,
crypto_time_series_momentum,standard,30,2025-02-27,2025-03-28,Tier 1 exploratory screen,False,False,False,False,deterministic_stratified_sample,3043,3000.0,0.0,3000.0,3000.0,0.0,0.0,0,False,False,,,False,False,,,False,False,False,
crypto_time_series_momentum,standard,30,2025-03-17,2025-04-15,Tier 1 exploratory screen,False,False,False,False,deterministic_stratified_sample,3043,3000.0,0.0,3000.0,3000.0,0.0,0.0,0,False,False,,,False,False,,,False,False,False,
crypto_time_series_momentum,standard,30,2025-03-18,2025-04-16,Tier 1 exploratory screen,False,False,False,False,deterministic_stratified_sample,3043,3000.0,0.0,3000.0,3000.0,0.0,0.0,0,False,False,,,False,False,,,False,False,False,
crypto_time_series_momentum,standard,30,2025-04-25,2025-05-24,Tier 1 exploratory screen,False,False,False,False,deterministic_stratified_sample,3043,3103.038365011604,0.034346121670534746,3214.7950548167632,2959.728321561768,-126.24714993521502,-0.03927066820202349,1,False,False,,,False,False,,,False,False,False,
crypto_time_series_momentum,standard,30,2025-05-24,2025-06-22,Tier 1 exploratory screen,False,False,False,False,deterministic_stratified_sample,3043,2775.792151577479,-0.07473594947417361,3031.608773035075,2775.792151577479,-255.81662145759583,-0.0843831248058722,1,False,False,,,False,False,,,False,False,False,
crypto_time_series_momentum,standard,30,2025-06-01,2025-06-30,Tier 1 exploratory screen,False,False,False,False,deterministic_stratified_sample,3043,3039.0810357353635,0.0130270119117879,3128.6849430108355,2864.6767309864986,-264.0082120243369,-0.08438312480587233,1,False,False,,,False,False,,,False,False,False,
crypto_time_series_momentum,standard,30,2025-07-08,2025-08-06,Tier 1 exploratory screen,False,False,False,False,deterministic_stratified_sample,3043,3286.4218902681537,0.09547396342271797,3432.353458430691,3000.0,-314.42032201683924,-0.09160487864224671,1,True,True,2025-07-20,12,True,True,2025-07-27,19,False,False,False,
crypto_time_series_momentum,standard,30,2025-07-14,2025-08-12,Tier 1 exploratory screen,False,False,False,False,deterministic_stratified_sample,3043,3360.6891469422744,0.1202297156474248,3360.6891469422744,2790.080076809281,-281.35878411175145,-0.09160487864224665,1,True,True,2025-08-12,29,False,False,,,False,False,False,
crypto_time_series_momentum,standard,30,2025-08-09,2025-09-07,Tier 1 exploratory screen,False,False,False,False,deterministic_stratified_sample,3043,2919.868930848513,-0.026710356383828904,3224.1067260479085,2854.3855488064396,-369.7211772414689,-0.11467398838085953,1,False,False,,,False,False,,,False,False,False,
crypto_time_series_momentum,standard,30,2025-08-10,2025-09-08,Tier 1 exploratory screen,False,False,False,False,deterministic_stratified_sample,3043,2932.662367107326,-0.02244587763089123,3224.1067260479085,2854.3855488064396,-369.7211772414689,-0.11467398838085953,1,False,False,,,False,False,,,False,False,False,
crypto_time_series_momentum,standard,30,2025-08-11,2025-09-09,Tier 1 exploratory screen,False,False,False,False,deterministic_stratified_sample,3043,2873.7895728431254,-0.0420701423856249,3111.9798494047795,2803.534032698389,-266.6525977435617,-0.08568583687794884,1,False,False,,,False,False,,,False,False,False,
crypto_time_series_momentum,standard,30,2025-08-12,2025-09-10,Tier 1 exploratory screen,False,False,False,False,deterministic_stratified_sample,3043,2918.4027094843677,-0.027199096838544046,3111.9798494047795,2803.534032698389,-266.6525977435617,-0.08568583687794884,1,False,False,,,False,False,,,False,False,False,
crypto_time_series_momentum,standard,30,2025-08-13,2025-09-11,Tier 1 exploratory screen,False,False,False,False,deterministic_stratified_sample,3043,2975.8853548133948,-0.008038215062201703,3111.9798494047795,2803.534032698389,-266.6525977435617,-0.08568583687794884,1,False,False,,,False,False,,,False,False,False,
crypto_time_series_momentum,standard,30,2025-08-14,2025-09-12,Tier 1 exploratory screen,False,False,False,False,deterministic_stratified_sample,3043,3068.2577778388345,0.022752592612944822,3111.9798494047795,2803.534032698389,-266.6525977435617,-0.08568583687794884,1,False,False,,,False,False,,,False,False,False,
crypto_time_series_momentum,standard,30,2025-09-03,2025-10-02,Tier 1 exploratory screen,False,False,False,False,deterministic_stratified_sample,3043,3191.663313652121,0.06388777121737355,3206.445980817741,2816.086325170099,-390.3596556476423,-0.12174215875861683,1,False,False,,,False,False,,,False,False,False,
crypto_time_series_momentum,standard,30,2025-09-20,2025-10-19,Tier 1 exploratory screen,False,False,False,False,deterministic_stratified_sample,3043,2774.0003940224656,-0.07533320199251148,3201.038080053589,2668.119066512149,-532.9190135414401,-0.16648318458383302,2,False,False,,,False,False,,,False,False,False,
crypto_time_series_momentum,standard,30,2025-09-21,2025-10-20,Tier 1 exploratory screen,False,False,False,False,deterministic_stratified_sample,3043,2771.292700755171,-0.0762357664149429,3201.038080053589,2668.119066512149,-532.9190135414401,-0.16648318458383302,2,False,False,,,False,False,,,False,False,False,
crypto_time_series_momentum,standard,30,2025-09-24,2025-10-23,Tier 1 exploratory screen,False,False,False,False,deterministic_stratified_sample,3043,2821.088803568661,-0.059637065477112894,3363.963133177848,2786.04195120155,-577.9211819762977,-0.17179771569920588,2,True,True,2025-10-06,12,False,False,,,False,False,False,
crypto_time_series_momentum,standard,30,2025-09-28,2025-10-27,Tier 1 exploratory screen,False,False,False,False,deterministic_stratified_sample,3043,3014.3025838208814,0.004767527940293892,3363.963133177848,2786.04195120155,-577.9211819762977,-0.17179771569920588,2,True,True,2025-10-06,8,False,False,,,False,False,False,
crypto_time_series_momentum,standard,30,2025-09-29,2025-10-28,Tier 1 exploratory screen,False,False,False,False,deterministic_stratified_sample,3043,2658.2442549048083,-0.11391858169839719,3069.300925139871,2542.002037407382,-527.2988877324892,-0.1717977156992059,2,False,False,,,False,False,,,False,False,False,
crypto_time_series_momentum,standard,30,2025-09-30,2025-10-29,Tier 1 exploratory screen,False,False,False,False,deterministic_stratified_sample,3043,2605.570548658442,-0.13147648378051935,3069.300925139871,2542.002037407382,-527.2988877324892,-0.1717977156992059,2,False,False,,,False,False,,,False,False,False,
crypto_time_series_momentum,standard,30,2025-10-27,2025-11-25,Tier 1 exploratory screen,False,False,False,False,deterministic_stratified_sample,3043,2742.3383653066726,-0.08588721156444246,3000.0,2522.843138984225,-477.1568610157751,-0.15905228700525836,2,False,False,,,False,False,,,False,False,False,
crypto_time_series_momentum,standard,30,2025-11-15,2025-12-14,Tier 1 exploratory screen,False,False,False,False,deterministic_stratified_sample,3043,3000.0,0.0,3000.0,3000.0,0.0,0.0,0,False,False,,,False,False,,,False,False,False,
crypto_time_series_momentum,standard,30,2025-12-03,2026-01-01,Tier 1 exploratory screen,False,False,False,False,deterministic_stratified_sample,3043,3000.0,0.0,3000.0,3000.0,0.0,0.0,0,False,False,,,False,False,,,False,False,False,
crypto_time_series_momentum,standard,30,2025-12-31,2026-01-29,Tier 1 exploratory screen,False,False,False,False,deterministic_stratified_sample,3043,3000.0,0.0,3000.0,3000.0,0.0,0.0,0,False,False,,,False,False,,,False,False,False,
crypto_time_series_momentum,standard,30,2026-01-09,2026-02-07,Tier 1 exploratory screen,False,False,False,False,deterministic_stratified_sample,3043,3000.0,0.0,3000.0,3000.0,0.0,0.0,0,False,False,,,False,False,,,False,False,False,
crypto_time_series_momentum,standard,30,2026-02-15,2026-03-16,Tier 1 exploratory screen,False,False,False,False,deterministic_stratified_sample,3043,3000.0,0.0,3000.0,3000.0,0.0,0.0,0,False,False,,,False,False,,,False,False,False,
crypto_time_series_momentum,standard,30,2026-03-22,2026-04-20,Tier 1 exploratory screen,False,False,False,False,deterministic_stratified_sample,3043,3000.0,0.0,3000.0,3000.0,0.0,0.0,0,False,False,,,False,False,,,False,False,False,
crypto_time_series_momentum,standard,30,2026-03-23,2026-04-21,Tier 1 exploratory screen,False,False,False,False,deterministic_stratified_sample,3043,3000.0,0.0,3000.0,3000.0,0.0,0.0,0,False,False,,,False,False,,,False,False,False,
crypto_time_series_momentum,standard,30,2026-03-24,2026-04-22,Tier 1 exploratory screen,False,False,False,False,deterministic_stratified_sample,3043,3000.0,0.0,3000.0,3000.0,0.0,0.0,0,False,False,,,False,False,,,False,False,False,
crypto_time_series_momentum,standard,30,2026-03-25,2026-04-23,Tier 1 exploratory screen,False,False,False,False,deterministic_stratified_sample,3043,3000.0,0.0,3000.0,3000.0,0.0,0.0,0,False,False,,,False,False,,,False,False,False,
crypto_time_series_momentum,standard,30,2026-03-26,2026-04-24,Tier 1 exploratory screen,False,False,False,False,deterministic_stratified_sample,3043,3000.0,0.0,3000.0,3000.0,0.0,0.0,0,False,False,,,False,False,,,False,False,False,
crypto_time_series_momentum,standard,30,2026-03-27,2026-04-25,Tier 1 exploratory screen,False,False,False,False,deterministic_stratified_sample,3043,3000.0,0.0,3000.0,3000.0,0.0,0.0,0,False,False,,,False,False,,,False,False,False,
crypto_time_series_momentum,standard,30,2026-03-28,2026-04-26,Tier 1 exploratory screen,False,False,False,False,deterministic_stratified_sample,3043,3000.0,0.0,3000.0,3000.0,0.0,0.0,0,False,False,,,False,False,,,False,False,False,
crypto_time_series_momentum,standard,30,2026-03-29,2026-04-27,Tier 1 exploratory screen,False,False,False,False,deterministic_stratified_sample,3043,3000.0,0.0,3000.0,3000.0,0.0,0.0,0,False,False,,,False,False,,,False,False,False,
crypto_time_series_momentum,standard,30,2026-03-30,2026-04-28,Tier 1 exploratory screen,False,False,False,False,deterministic_stratified_sample,3043,3000.0,0.0,3000.0,3000.0,0.0,0.0,0,False,False,,,False,False,,,False,False,False,
crypto_time_series_momentum,standard,30,2026-03-31,2026-04-29,Tier 1 exploratory screen,False,False,False,False,deterministic_stratified_sample,3043,3000.0,0.0,3000.0,3000.0,0.0,0.0,0,False,False,,,False,False,,,False,False,False,
crypto_time_series_momentum,standard,30,2026-04-01,2026-04-30,Tier 1 exploratory screen,False,False,False,False,deterministic_stratified_sample,3043,3000.0,0.0,3000.0,3000.0,0.0,0.0,0,False,False,,,False,False,,,False,False,False,
crypto_time_series_momentum,standard,30,2026-04-02,2026-05-01,Tier 1 exploratory screen,False,False,False,False,deterministic_stratified_sample,3043,3000.0,0.0,3000.0,3000.0,0.0,0.0,0,False,False,,,False,False,,,False,False,False,
crypto_time_series_momentum,standard,30,2026-04-03,2026-05-02,Tier 1 exploratory screen,False,False,False,False,deterministic_stratified_sample,3043,3000.0,0.0,3000.0,3000.0,0.0,0.0,0,False,False,,,False,False,,,False,False,False,
crypto_time_series_momentum,standard,30,2026-04-04,2026-05-03,Tier 1 exploratory screen,False,False,False,False,deterministic_stratified_sample,3043,3000.0,0.0,3000.0,3000.0,0.0,0.0,0,False,False,,,False,False,,,False,False,False,
crypto_time_series_momentum,standard,30,2026-04-05,2026-05-04,Tier 1 exploratory screen,False,False,False,False,deterministic_stratified_sample,3043,3000.0,0.0,3000.0,3000.0,0.0,0.0,0,False,False,,,False,False,,,False,False,False,
crypto_time_series_momentum,standard,30,2026-04-06,2026-05-05,Tier 1 exploratory screen,False,False,False,False,deterministic_stratified_sample,3043,3000.0,0.0,3000.0,3000.0,0.0,0.0,0,False,False,,,False,False,,,False,False,False,
crypto_time_series_momentum,standard,30,2026-04-07,2026-05-06,Tier 1 exploratory screen,False,False,False,False,deterministic_stratified_sample,3043,3000.0,0.0,3000.0,3000.0,0.0,0.0,0,False,False,,,False,False,,,False,False,False,
crypto_time_series_momentum,standard,30,2026-04-08,2026-05-07,Tier 1 exploratory screen,False,False,False,False,deterministic_stratified_sample,3043,3000.0,0.0,3000.0,3000.0,0.0,0.0,0,False,False,,,False,False,,,False,False,False,
crypto_time_series_momentum,standard,30,2026-04-09,2026-05-08,Tier 1 exploratory screen,False,False,False,False,deterministic_stratified_sample,3043,3000.0,0.0,3000.0,3000.0,0.0,0.0,0,False,False,,,False,False,,,False,False,False,
crypto_time_series_momentum,standard,30,2026-04-10,2026-05-09,Tier 1 exploratory screen,False,False,False,False,deterministic_stratified_sample,3043,3000.0,0.0,3000.0,3000.0,0.0,0.0,0,False,False,,,False,False,,,False,False,False,
crypto_time_series_momentum,standard,30,2026-04-11,2026-05-10,Tier 1 exploratory screen,False,False,False,False,deterministic_stratified_sample,3043,3000.0,0.0,3000.0,3000.0,0.0,0.0,0,False,False,,,False,False,,,False,False,False,
crypto_time_series_momentum,standard,30,2026-04-12,2026-05-11,Tier 1 exploratory screen,False,False,False,False,deterministic_stratified_sample,3043,3000.0,0.0,3000.0,3000.0,0.0,0.0,0,False,False,,,False,False,,,False,False,False,
crypto_time_series_momentum,standard,30,2026-04-13,2026-05-12,Tier 1 exploratory screen,False,False,False,False,deterministic_stratified_sample,3043,3000.0,0.0,3000.0,3000.0,0.0,0.0,0,False,False,,,False,False,,,False,False,False,
crypto_time_series_momentum,standard,30,2026-04-14,2026-05-13,Tier 1 exploratory screen,False,False,False,False,deterministic_stratified_sample,3043,3000.0,0.0,3000.0,3000.0,0.0,0.0,0,False,False,,,False,False,,,False,False,False,
crypto_time_series_momentum,standard,30,2026-04-15,2026-05-14,Tier 1 exploratory screen,False,False,False,False,deterministic_stratified_sample,3043,3000.0,0.0,3000.0,3000.0,0.0,0.0,0,False,False,,,False,False,,,False,False,False,
crypto_time_series_momentum,standard,30,2026-04-16,2026-05-15,Tier 1 exploratory screen,False,False,False,False,deterministic_stratified_sample,3043,3000.0,0.0,3000.0,3000.0,0.0,0.0,0,False,False,,,False,False,,,False,False,False,
crypto_time_series_momentum,standard,30,2026-04-17,2026-05-16,Tier 1 exploratory screen,False,False,False,False,deterministic_stratified_sample,3043,3000.0,0.0,3000.0,3000.0,0.0,0.0,0,False,False,,,False,False,,,False,False,False,
crypto_time_series_momentum,standard,30,2026-04-18,2026-05-17,Tier 1 exploratory screen,False,False,False,False,deterministic_stratified_sample,3043,3000.0,0.0,3000.0,3000.0,0.0,0.0,0,False,False,,,False,False,,,False,False,False,
crypto_time_series_momentum,standard,30,2026-04-19,2026-05-18,Tier 1 exploratory screen,False,False,False,False,deterministic_stratified_sample,3043,3000.0,0.0,3000.0,3000.0,0.0,0.0,0,False,False,,,False,False,,,False,False,False,
crypto_time_series_momentum,standard,30,2026-04-20,2026-05-19,Tier 1 exploratory screen,False,False,False,False,deterministic_stratified_sample,3043,3000.0,0.0,3000.0,3000.0,0.0,0.0,0,False,False,,,False,False,,,False,False,False,
crypto_cross_sectional_momentum,standard,30,2018-01-01,2018-01-30,Tier 1 exploratory screen,False,False,False,False,deterministic_stratified_sample,3043,3000.0,0.0,3000.0,3000.0,0.0,0.0,0,False,False,,,False,False,,,False,False,False,
crypto_cross_sectional_momentum,standard,30,2018-01-11,2018-02-09,Tier 1 exploratory screen,False,False,False,False,deterministic_stratified_sample,3043,3000.0,0.0,3000.0,3000.0,0.0,0.0,0,False,False,,,False,False,,,False,False,False,
crypto_cross_sectional_momentum,standard,30,2018-01-16,2018-02-14,Tier 1 exploratory screen,False,False,False,False,deterministic_stratified_sample,3043,3000.0,0.0,3000.0,3000.0,0.0,0.0,0,False,False,,,False,False,,,False,False,False,
crypto_cross_sectional_momentum,standard,30,2018-01-17,2018-02-15,Tier 1 exploratory screen,False,False,False,False,deterministic_stratified_sample,3043,3000.0,0.0,3000.0,3000.0,0.0,0.0,0,False,False,,,False,False,,,False,False,False,
crypto_cross_sectional_momentum,standard,30,2018-01-21,2018-02-19,Tier 1 exploratory screen,False,False,False,False,deterministic_stratified_sample,3043,3000.0,0.0,3000.0,3000.0,0.0,0.0,0,False,False,,,False,False,,,False,False,False,
crypto_cross_sectional_momentum,standard,30,2018-01-22,2018-02-20,Tier 1 exploratory screen,False,False,False,False,deterministic_stratified_sample,3043,3000.0,0.0,3000.0,3000.0,0.0,0.0,0,False,False,,,False,False,,,False,False,False,
crypto_cross_sectional_momentum,standard,30,2018-02-07,2018-03-08,Tier 1 exploratory screen,False,False,False,False,deterministic_stratified_sample,3043,3000.0,0.0,3000.0,3000.0,0.0,0.0,0,False,False,,,False,False,,,False,False,False,
crypto_cross_sectional_momentum,standard,30,2018-02-09,2018-03-10,Tier 1 exploratory screen,False,False,False,False,deterministic_stratified_sample,3043,3000.0,0.0,3000.0,3000.0,0.0,0.0,0,False,False,,,False,False,,,False,False,False,
crypto_cross_sectional_momentum,standard,30,2018-02-12,2018-03-13,Tier 1 exploratory screen,False,False,False,False,deterministic_stratified_sample,3043,3000.0,0.0,3000.0,3000.0,0.0,0.0,0,False,False,,,False,False,,,False,False,False,
crypto_cross_sectional_momentum,standard,30,2018-02-13,2018-03-14,Tier 1 exploratory screen,False,False,False,False,deterministic_stratified_sample,3043,3000.0,0.0,3000.0,3000.0,0.0,0.0,0,False,False,,,False,False,,,False,False,False,
crypto_cross_sectional_momentum,standard,30,2018-02-14,2018-03-15,Tier 1 exploratory screen,False,False,False,False,deterministic_stratified_sample,3043,3000.0,0.0,3000.0,3000.0,0.0,0.0,0,False,False,,,False,False,,,False,False,False,
crypto_cross_sectional_momentum,standard,30,2018-02-16,2018-03-17,Tier 1 exploratory screen,False,False,False,False,deterministic_stratified_sample,3043,3000.0,0.0,3000.0,3000.0,0.0,0.0,0,False,False,,,False,False,,,False,False,False,
crypto_cross_sectional_momentum,standard,30,2018-02-17,2018-03-18,Tier 1 exploratory screen,False,False,False,False,deterministic_stratified_sample,3043,3000.0,0.0,3000.0,3000.0,0.0,0.0,0,False,False,,,False,False,,,False,False,False,
crypto_cross_sectional_momentum,standard,30,2018-02-18,2018-03-19,Tier 1 exploratory screen,False,False,False,False,deterministic_stratified_sample,3043,3000.0,0.0,3000.0,3000.0,0.0,0.0,0,False,False,,,False,False,,,False,False,False,
crypto_cross_sectional_momentum,standard,30,2018-03-03,2018-04-01,Tier 1 exploratory screen,False,False,False,False,deterministic_stratified_sample,3043,3000.0,0.0,3000.0,3000.0,0.0,0.0,0,False,False,,,False,False,,,False,False,False,
crypto_cross_sectional_momentum,standard,30,2018-03-16,2018-04-14,Tier 1 exploratory screen,False,False,False,False,deterministic_stratified_sample,3043,3000.0,0.0,3000.0,3000.0,0.0,0.0,0,False,False,,,False,False,,,False,False,False,
crypto_cross_sectional_momentum,standard,30,2018-04-06,2018-05-05,Tier 1 exploratory screen,False,False,False,False,deterministic_stratified_sample,3043,3000.0,0.0,3000.0,3000.0,0.0,0.0,0,False,False,,,False,False,,,False,False,False,
crypto_cross_sectional_momentum,standard,30,2018-04-22,2018-05-21,Tier 1 exploratory screen,False,False,False,False,deterministic_stratified_sample,3043,2705.257312862368,-0.09824756237921062,3000.0,2620.2909837233406,-379.70901627665944,-0.1265696720922198,2,False,False,,,False,False,,,False,False,False,
crypto_cross_sectional_momentum,standard,30,2018-05-22,2018-06-20,Tier 1 exploratory screen,False,False,False,False,deterministic_stratified_sample,3043,3000.0,0.0,3000.0,3000.0,0.0,0.0,0,False,False,,,False,False,,,False,False,False,
crypto_cross_sectional_momentum,standard,30,2018-05-29,2018-06-27,Tier 1 exploratory screen,False,False,False,False,deterministic_stratified_sample,3043,3000.0,0.0,3000.0,3000.0,0.0,0.0,0,False,False,,,False,False,,,False,False,False,
crypto_cross_sectional_momentum,standard,30,2018-07-05,2018-08-03,Tier 1 exploratory screen,False,False,False,False,deterministic_stratified_sample,3043,2753.5571614085543,-0.08214761286381522,3000.0,2635.1422906410526,-364.85770935894743,-0.12161923645298248,2,False,False,,,False,False,,,False,False,False,
crypto_cross_sectional_momentum,standard,30,2018-07-07,2018-08-05,Tier 1 exploratory screen,False,False,False,False,deterministic_stratified_sample,3043,2753.5571614085543,-0.08214761286381522,3000.0,2635.1422906410526,-364.85770935894743,-0.12161923645298248,2,False,False,,,False,False,,,False,False,False,
crypto_cross_sectional_momentum,standard,30,2018-08-11,2018-09-09,Tier 1 exploratory screen,False,False,False,False,deterministic_stratified_sample,3043,3000.0,0.0,3000.0,3000.0,0.0,0.0,0,False,False,,,False,False,,,False,False,False,
crypto_cross_sectional_momentum,standard,30,2018-08-22,2018-09-20,Tier 1 exploratory screen,False,False,False,False,deterministic_stratified_sample,3043,3000.0,0.0,3000.0,3000.0,0.0,0.0,0,False,False,,,False,False,,,False,False,False,
crypto_cross_sectional_momentum,standard,30,2018-09-17,2018-10-16,Tier 1 exploratory screen,False,False,False,False,deterministic_stratified_sample,3043,2945.9093006987914,-0.01803023310040286,3000.0,2878.974659292449,-121.0253407075511,-0.04034178023585037,2,False,False,,,False,False,,,False,False,False,
crypto_cross_sectional_momentum,standard,30,2018-10-07,2018-11-05,Tier 1 exploratory screen,False,False,False,False,deterministic_stratified_sample,3043,3000.0,0.0,3000.0,3000.0,0.0,0.0,0,False,False,,,False,False,,,False,False,False,
crypto_cross_sectional_momentum,standard,30,2018-10-24,2018-11-22,Tier 1 exploratory screen,False,False,False,False,deterministic_stratified_sample,3043,2626.123979391894,-0.124625340202702,3000.0,2596.4001797031447,-403.59982029685534,-0.1345332734322851,2,False,False,,,False,False,,,False,False,False,
crypto_cross_sectional_momentum,standard,30,2018-11-10,2018-12-09,Tier 1 exploratory screen,False,False,False,False,deterministic_stratified_sample,3043,2626.123979391894,-0.124625340202702,3000.0,2596.4001797031447,-403.59982029685534,-0.1345332734322851,2,False,False,,,False,False,,,False,False,False,
crypto_cross_sectional_momentum,standard,30,2018-11-11,2018-12-10,Tier 1 exploratory screen,False,False,False,False,deterministic_stratified_sample,3043,2626.123979391894,-0.124625340202702,3000.0,2596.4001797031447,-403.59982029685534,-0.1345332734322851,2,False,False,,,False,False,,,False,False,False,
crypto_cross_sectional_momentum,standard,30,2018-11-12,2018-12-11,Tier 1 exploratory screen,False,False,False,False,deterministic_stratified_sample,3043,3000.0,0.0,3000.0,3000.0,0.0,0.0,0,False,False,,,False,False,,,False,False,False,
crypto_cross_sectional_momentum,standard,30,2018-11-13,2018-12-12,Tier 1 exploratory screen,False,False,False,False,deterministic_stratified_sample,3043,3000.0,0.0,3000.0,3000.0,0.0,0.0,0,False,False,,,False,False,,,False,False,False,
crypto_cross_sectional_momentum,standard,30,2018-11-22,2018-12-21,Tier 1 exploratory screen,False,False,False,False,deterministic_stratified_sample,3043,3000.0,0.0,3000.0,3000.0,0.0,0.0,0,False,False,,,False,False,,,False,False,False,
crypto_cross_sectional_momentum,standard,30,2018-11-30,2018-12-29,Tier 1 exploratory screen,False,False,False,False,deterministic_stratified_sample,3043,3000.0,0.0,3000.0,3000.0,0.0,0.0,0,False,False,,,False,False,,,False,False,False,
crypto_cross_sectional_momentum,standard,30,2019-01-06,2019-02-04,Tier 1 exploratory screen,False,False,False,False,deterministic_stratified_sample,3043,3000.0,0.0,3000.0,3000.0,0.0,0.0,0,False,False,,,False,False,,,False,False,False,
crypto_cross_sectional_momentum,standard,30,2019-01-07,2019-02-05,Tier 1 exploratory screen,False,False,False,False,deterministic_stratified_sample,3043,3000.0,0.0,3000.0,3000.0,0.0,0.0,0,False,False,,,False,False,,,False,False,False,
crypto_cross_sectional_momentum,standard,30,2019-02-13,2019-03-14,Tier 1 exploratory screen,False,False,False,False,deterministic_stratified_sample,3043,2949.8504687430896,-0.016716510418970154,3084.672914579411,2818.862222618323,-265.8106919610882,-0.08617143513166645,1,False,False,,,False,False,,,False,False,False,
crypto_cross_sectional_momentum,standard,30,2019-02-22,2019-03-23,Tier 1 exploratory screen,False,False,False,False,deterministic_stratified_sample,3043,3049.7500541162067,0.01658335137206879,3141.487742544074,2818.862222618323,-265.8106919610882,-0.08617143513166645,1,False,False,,,False,False,,,False,False,False,
crypto_cross_sectional_momentum,standard,30,2019-03-22,2019-04-20,Tier 1 exploratory screen,False,False,False,False,deterministic_stratified_sample,3043,3896.777791744918,0.2989259305816394,3896.777791744918,3000.0,-189.8525818800117,-0.04884241466188557,1,True,True,2019-04-02,11,True,True,2019-04-02,11,False,False,False,
crypto_cross_sectional_momentum,standard,30,2019-03-26,2019-04-24,Tier 1 exploratory screen,False,False,False,False,deterministic_stratified_sample,3043,3989.4764086217538,0.32982546954058467,4067.950634188756,3000.0,-189.8525818800117,-0.04884241466188557,1,True,True,2019-04-02,7,True,True,2019-04-02,7,False,False,False,
crypto_cross_sectional_momentum,standard,30,2019-03-27,2019-04-25,Tier 1 exploratory screen,False,False,False,False,deterministic_stratified_sample,3043,3803.794366231156,0.2679314554103853,4067.950634188756,3000.0,-264.1562679576,-0.06493595712237027,1,True,True,2019-04-02,6,True,True,2019-04-02,6,False,False,False,
crypto_cross_sectional_momentum,standard,30,2019-03-28,2019-04-26,Tier 1 exploratory screen,False,False,False,False,deterministic_stratified_sample,3043,3854.0436637767257,0.2846812212589085,4067.950634188756,3000.0,-264.1562679576,-0.06493595712237027,1,True,True,2019-04-02,5,True,True,2019-04-02,5,False,False,False,
crypto_cross_sectional_momentum,standard,30,2019-03-29,2019-04-27,Tier 1 exploratory screen,False,False,False,False,deterministic_stratified_sample,3043,3845.9717093546938,0.2819905697848979,4067.950634188756,3000.0,-264.1562679576,-0.06493595712237027,1,True,True,2019-04-02,4,True,True,2019-04-02,4,False,False,False,
crypto_cross_sectional_momentum,standard,30,2019-03-30,2019-04-28,Tier 1 exploratory screen,False,False,False,False,deterministic_stratified_sample,3043,3858.2712362847983,0.2860904120949328,4067.950634188756,3000.0,-264.1562679576,-0.06493595712237027,1,True,True,2019-04-02,3,True,True,2019-04-02,3,False,False,False,
crypto_cross_sectional_momentum,standard,30,2019-03-31,2019-04-29,Tier 1 exploratory screen,False,False,False,False,deterministic_stratified_sample,3043,3830.6861474414427,0.27689538248048096,4067.950634188756,3000.0,-264.1562679576,-0.06493595712237027,1,True,True,2019-04-02,2,True,True,2019-04-02,2,False,False,False,
crypto_cross_sectional_momentum,standard,30,2019-04-01,2019-04-30,Tier 1 exploratory screen,False,False,False,False,deterministic_stratified_sample,3043,3084.5780087064586,0.028192669568819495,3212.3462151938174,2919.5675557479417,-208.59677609203436,-0.06493595712237034,1,False,False,,,False,False,,,False,False,False,
crypto_cross_sectional_momentum,standard,30,2019-04-28,2019-05-27,Tier 1 exploratory screen,False,False,False,False,deterministic_stratified_sample,3043,4993.38363529013,0.6644612117633766,4993.38363529013,2975.5512055887098,-529.6091061256711,-0.11382581861755374,1,True,True,2019-05-04,6,True,True,2019-05-09,11,False,False,False,
crypto_cross_sectional_momentum,standard,30,2019-05-20,2019-06-18,Tier 1 exploratory screen,False,False,False,False,deterministic_stratified_sample,3043,3138.2192618385297,0.04607308727950987,3220.664406955761,2656.628740825847,-386.22362907236584,-0.12692815231298438,1,False,False,,,False,False,,,False,False,False,
crypto_cross_sectional_momentum,standard,30,2019-06-04,2019-07-03,Tier 1 exploratory screen,False,False,False,False,deterministic_stratified_sample,3043,4662.976793306062,0.5543255977686874,5074.242747161805,3000.0,-948.5174900215779,-0.18692788998951929,1,True,True,2019-06-14,10,True,True,2019-06-15,11,False,True,True,2019-06-27
crypto_cross_sectional_momentum,standard,30,2019-07-10,2019-08-08,Tier 1 exploratory screen,False,False,False,False,deterministic_stratified_sample,3043,3496.999137856456,0.16566637928548533,3496.999137856456,2769.6955219781016,-414.2275276979476,-0.130099729558506,1,True,True,2019-08-05,26,True,True,2019-08-05,26,False,False,False,
crypto_cross_sectional_momentum,standard,30,2019-07-11,2019-08-09,Tier 1 exploratory screen,False,False,False,False,deterministic_stratified_sample,3043,3466.7614104608565,0.15558713682028547,3496.999137856456,2769.6955219781016,-414.2275276979476,-0.130099729558506,1,True,True,2019-08-05,25,True,True,2019-08-05,25,False,False,False,
crypto_cross_sectional_momentum,standard,30,2019-08-17,2019-09-15,Tier 1 exploratory screen,False,False,False,False,deterministic_stratified_sample,3043,2997.707821305812,-0.000764059564729247,3162.354805642003,2755.082384775214,-407.27242086678916,-0.128787705965241,1,False,False,,,False,False,,,False,False,False,
crypto_cross_sectional_momentum,standard,30,2019-08-30,2019-09-28,Tier 1 exploratory screen,False,False,False,False,deterministic_stratified_sample,3043,3090.038285373601,0.03001276179120027,3263.031227177145,3000.0,-185.46492861215984,-0.056838232827028726,2,False,False,,,False,False,,,False,False,False,
crypto_cross_sectional_momentum,standard,30,2019-09-23,2019-10-22,Tier 1 exploratory screen,False,False,False,False,deterministic_stratified_sample,3043,3000.0,0.0,3000.0,3000.0,0.0,0.0,0,False,False,,,False,False,,,False,False,False,
crypto_cross_sectional_momentum,standard,30,2019-10-03,2019-11-01,Tier 1 exploratory screen,False,False,False,False,deterministic_stratified_sample,3043,2905.723573527662,-0.03142547549077923,3000.0,2886.4214749133666,-113.57852508663336,-0.03785950836221112,1,False,False,,,False,False,,,False,False,False,
crypto_cross_sectional_momentum,standard,30,2019-10-30,2019-11-28,Tier 1 exploratory screen,False,False,False,False,deterministic_stratified_sample,3043,3000.0,0.0,3000.0,3000.0,0.0,0.0,0,False,False,,,False,False,,,False,False,False,
crypto_cross_sectional_momentum,standard,30,2019-12-01,2019-12-30,Tier 1 exploratory screen,False,False,False,False,deterministic_stratified_sample,3043,3000.0,0.0,3000.0,3000.0,0.0,0.0,0,False,False,,,False,False,,,False,False,False,
crypto_cross_sectional_momentum,standard,30,2019-12-06,2020-01-04,Tier 1 exploratory screen,False,False,False,False,deterministic_stratified_sample,3043,3000.0,0.0,3000.0,3000.0,0.0,0.0,0,False,False,,,False,False,,,False,False,False,
crypto_cross_sectional_momentum,standard,30,2020-01-12,2020-02-10,Tier 1 exploratory screen,False,False,False,False,deterministic_stratified_sample,3043,3499.9767523245782,0.16665891744152606,3579.14276344823,2880.4953411240826,-130.13648274902152,-0.04322563845804437,3,True,True,2020-02-06,25,True,True,2020-02-07,26,False,False,False,
crypto_cross_sectional_momentum,standard,30,2020-01-16,2020-02-14,Tier 1 exploratory screen,False,False,False,False,deterministic_stratified_sample,3043,4450.351645412016,0.48345054847067215,4450.351645412016,2880.4953411240826,-130.13648274902152,-0.04322563845804437,3,True,True,2020-02-06,21,True,True,2020-02-07,22,False,False,False,
crypto_cross_sectional_momentum,standard,30,2020-02-08,2020-03-08,Tier 1 exploratory screen,False,False,False,False,deterministic_stratified_sample,3043,2631.2680599144874,-0.12291064669517093,3726.4235531073496,2631.2680599144874,-1095.1554931928622,-0.29388916143996724,1,True,True,2020-02-12,4,True,True,2020-02-12,4,False,True,True,2020-02-26
crypto_cross_sectional_momentum,standard,30,2020-02-19,2020-03-19,Tier 1 exploratory screen,False,False,False,False,deterministic_stratified_sample,3043,1369.4035873479572,-0.543532137550681,3000.0,1229.9118565202837,-1770.0881434797163,-0.5900293811599054,2,False,False,,,False,False,,,True,True,True,2020-03-01
crypto_cross_sectional_momentum,standard,30,2020-03-12,2020-04-10,Tier 1 exploratory screen,False,False,False,False,deterministic_stratified_sample,3043,3000.0,0.0,3000.0,3000.0,0.0,0.0,0,False,False,,,False,False,,,False,False,False,
crypto_cross_sectional_momentum,standard,30,2020-03-13,2020-04-11,Tier 1 exploratory screen,False,False,False,False,deterministic_stratified_sample,3043,3000.0,0.0,3000.0,3000.0,0.0,0.0,0,False,False,,,False,False,,,False,False,False,
crypto_cross_sectional_momentum,standard,30,2020-03-14,2020-04-12,Tier 1 exploratory screen,False,False,False,False,deterministic_stratified_sample,3043,3000.0,0.0,3000.0,3000.0,0.0,0.0,0,False,False,,,False,False,,,False,False,False,
crypto_cross_sectional_momentum,standard,30,2020-03-15,2020-04-13,Tier 1 exploratory screen,False,False,False,False,deterministic_stratified_sample,3043,2906.467616988759,-0.031177461003747076,3000.0,2906.467616988759,-93.53238301124111,-0.031177461003747037,1,False,False,,,False,False,,,False,False,False,
crypto_cross_sectional_momentum,standard,30,2020-03-16,2020-04-14,Tier 1 exploratory screen,False,False,False,False,deterministic_stratified_sample,3043,2930.957921444462,-0.023014026185179337,3000.0,2906.467616988759,-93.53238301124111,-0.031177461003747037,1,False,False,,,False,False,,,False,False,False,
crypto_cross_sectional_momentum,standard,30,2020-03-17,2020-04-15,Tier 1 exploratory screen,False,False,False,False,deterministic_stratified_sample,3043,2850.8104913574302,-0.049729836214189915,3000.0,2850.8104913574302,-149.18950864256976,-0.04972983621418992,1,False,False,,,False,False,,,False,False,False,
crypto_cross_sectional_momentum,standard,30,2020-03-18,2020-04-16,Tier 1 exploratory screen,False,False,False,False,deterministic_stratified_sample,3043,3201.7613784854734,0.06725379282849109,3201.7613784854734,2850.8104913574302,-149.18950864256976,-0.04972983621418992,1,False,False,,,False,False,,,False,False,False,
crypto_cross_sectional_momentum,standard,30,2020-03-19,2020-04-17,Tier 1 exploratory screen,False,False,False,False,deterministic_stratified_sample,3043,3192.112822848232,0.06403760761607735,3201.7613784854734,2850.8104913574302,-149.18950864256976,-0.04972983621418992,1,False,False,,,False,False,,,False,False,False,
crypto_cross_sectional_momentum,standard,30,2020-03-20,2020-04-18,Tier 1 exploratory screen,False,False,False,False,deterministic_stratified_sample,3043,3476.203192344869,0.15873439744828977,3476.203192344869,2850.8104913574302,-149.18950864256976,-0.04972983621418992,1,True,True,2020-04-18,29,True,True,2020-04-18,29,False,False,False,
crypto_cross_sectional_momentum,standard,30,2020-03-21,2020-04-19,Tier 1 exploratory screen,False,False,False,False,deterministic_stratified_sample,3043,3377.6522775039925,0.12588409250133092,3476.203192344869,2850.8104913574302,-149.18950864256976,-0.04972983621418992,1,True,True,2020-04-18,28,True,True,2020-04-18,28,False,False,False,
crypto_cross_sectional_momentum,standard,30,2020-03-22,2020-04-20,Tier 1 exploratory screen,False,False,False,False,deterministic_stratified_sample,3043,3204.3610966676133,0.06812036555587109,3476.203192344869,2850.8104913574302,-271.84209567725566,-0.07820086474688635,1,True,True,2020-04-18,27,True,True,2020-04-18,27,False,False,False,
crypto_cross_sectional_momentum,standard,30,2020-03-23,2020-04-21,Tier 1 exploratory screen,False,False,False,False,deterministic_stratified_sample,3043,3212.554139308872,0.07085137976962397,3476.203192344869,2850.8104913574302,-271.84209567725566,-0.07820086474688635,1,True,True,2020-04-18,26,True,True,2020-04-18,26,False,False,False,
crypto_cross_sectional_momentum,standard,30,2020-03-24,2020-04-22,Tier 1 exploratory screen,False,False,False,False,deterministic_stratified_sample,3043,3395.9641009792836,0.1319880336597612,3476.203192344869,2850.8104913574302,-271.84209567725566,-0.07820086474688635,1,True,True,2020-04-18,25,True,True,2020-04-18,25,False,False,False,
crypto_cross_sectional_momentum,standard,30,2020-03-25,2020-04-23,Tier 1 exploratory screen,False,False,False,False,deterministic_stratified_sample,3043,3441.1400573780866,0.14704668579269553,3476.203192344869,2850.8104913574302,-271.84209567725566,-0.07820086474688635,1,True,True,2020-04-18,24,True,True,2020-04-18,24,False,False,False,
crypto_cross_sectional_momentum,standard,30,2020-03-26,2020-04-24,Tier 1 exploratory screen,False,False,False,False,deterministic_stratified_sample,3043,3519.4048839916636,0.17313496133055462,3519.4048839916636,2850.8104913574302,-271.84209567725566,-0.07820086474688635,1,True,True,2020-04-18,23,True,True,2020-04-18,23,False,False,False,
crypto_cross_sectional_momentum,standard,30,2020-03-27,2020-04-25,Tier 1 exploratory screen,False,False,False,False,deterministic_stratified_sample,3043,3636.1691502841213,0.21205638342804045,3636.1691502841213,2850.8104913574302,-271.84209567725566,-0.07820086474688635,1,True,True,2020-04-18,22,True,True,2020-04-18,22,False,False,False,
crypto_cross_sectional_momentum,standard,30,2020-03-28,2020-04-26,Tier 1 exploratory screen,False,False,False,False,deterministic_stratified_sample,3043,3669.6868136626567,0.22322893788755227,3669.6868136626567,2850.8104913574302,-271.84209567725566,-0.07820086474688635,1,True,True,2020-04-18,21,True,True,2020-04-18,21,False,False,False,
crypto_cross_sectional_momentum,standard,30,2020-03-29,2020-04-27,Tier 1 exploratory screen,False,False,False,False,deterministic_stratified_sample,3043,3667.9605735467344,0.22265352451557807,3669.6868136626567,2850.8104913574302,-271.84209567725566,-0.07820086474688635,1,True,True,2020-04-18,20,True,True,2020-04-18,20,False,False,False,
crypto_cross_sectional_momentum,standard,30,2020-03-30,2020-04-28,Tier 1 exploratory screen,False,False,False,False,deterministic_stratified_sample,3043,3690.1045762962995,0.23003485876543306,3690.1045762962995,2850.8104913574302,-271.84209567725566,-0.07820086474688635,1,True,True,2020-04-18,19,True,True,2020-04-18,19,False,False,False,
crypto_cross_sectional_momentum,standard,30,2020-03-31,2020-04-29,Tier 1 exploratory screen,False,False,False,False,deterministic_stratified_sample,3043,4035.1479933449177,0.3450493311149725,4035.1479933449177,2850.8104913574302,-271.84209567725566,-0.07820086474688635,1,True,True,2020-04-18,18,True,True,2020-04-18,18,False,False,False,
crypto_cross_sectional_momentum,standard,30,2020-04-01,2020-04-30,Tier 1 exploratory screen,False,False,False,False,deterministic_stratified_sample,3043,3860.9569428048417,0.28698564760161394,4035.1479933449177,2850.8104913574302,-271.84209567725566,-0.07820086474688635,1,True,True,2020-04-18,17,True,True,2020-04-18,17,False,False,False,
crypto_cross_sectional_momentum,standard,30,2020-04-02,2020-05-01,Tier 1 exploratory screen,False,False,False,False,deterministic_stratified_sample,3043,3984.020013242129,0.3280066710807097,4035.1479933449177,2850.8104913574302,-271.84209567725566,-0.07820086474688635,1,True,True,2020-04-18,16,True,True,2020-04-18,16,False,False,False,
crypto_cross_sectional_momentum,standard,30,2020-04-03,2020-05-02,Tier 1 exploratory screen,False,False,False,False,deterministic_stratified_sample,3043,4004.5944230143527,0.3348648076714509,4035.1479933449177,2850.8104913574302,-271.84209567725566,-0.07820086474688635,1,True,True,2020-04-18,15,True,True,2020-04-18,15,False,False,False,
crypto_cross_sectional_momentum,standard,30,2020-04-04,2020-05-03,Tier 1 exploratory screen,False,False,False,False,deterministic_stratified_sample,3043,3922.908332084229,0.30763611069474317,4035.1479933449177,2850.8104913574302,-271.84209567725566,-0.07820086474688635,1,True,True,2020-04-18,14,True,True,2020-04-18,14,False,False,False,
crypto_cross_sectional_momentum,standard,30,2020-04-05,2020-05-04,Tier 1 exploratory screen,False,False,False,False,deterministic_stratified_sample,3043,3871.5941916138513,0.29053139720461707,4035.1479933449177,2850.8104913574302,-271.84209567725566,-0.07820086474688635,1,True,True,2020-04-18,13,True,True,2020-04-18,13,False,False,False,
crypto_cross_sectional_momentum,standard,30,2020-04-06,2020-05-05,Tier 1 exploratory screen,False,False,False,False,deterministic_stratified_sample,3043,3845.5643749719125,0.2818547916573042,4035.1479933449177,2850.8104913574302,-271.84209567725566,-0.07820086474688635,1,True,True,2020-04-18,12,True,True,2020-04-18,12,False,False,False,
crypto_cross_sectional_momentum,standard,30,2020-04-07,2020-05-06,Tier 1 exploratory screen,False,False,False,False,deterministic_stratified_sample,3043,3795.003956965432,0.26500131898847723,4035.1479933449177,2850.8104913574302,-271.84209567725566,-0.07820086474688635,1,True,True,2020-04-18,11,True,True,2020-04-18,11,False,False,False,
crypto_cross_sectional_momentum,standard,30,2020-04-08,2020-05-07,Tier 1 exploratory screen,False,False,False,False,deterministic_stratified_sample,3043,3948.1319267683625,0.3160439755894542,4035.1479933449177,2850.8104913574302,-271.84209567725566,-0.07820086474688635,1,True,True,2020-04-18,10,True,True,2020-04-18,10,False,False,False,
crypto_cross_sectional_momentum,standard,30,2020-04-09,2020-05-08,Tier 1 exploratory screen,False,False,False,False,deterministic_stratified_sample,3043,3961.190679261272,0.32039689308709063,4035.1479933449177,2850.8104913574302,-271.84209567725566,-0.07820086474688635,1,True,True,2020-04-18,9,True,True,2020-04-18,9,False,False,False,
crypto_cross_sectional_momentum,standard,30,2020-04-10,2020-05-09,Tier 1 exploratory screen,False,False,False,False,deterministic_stratified_sample,3043,3935.3126854800953,0.31177089516003176,4035.1479933449177,2850.8104913574302,-271.84209567725566,-0.07820086474688635,1,True,True,2020-04-18,8,True,True,2020-04-18,8,False,False,False,
crypto_cross_sectional_momentum,standard,30,2020-05-03,2020-06-01,Tier 1 exploratory screen,False,False,False,False,deterministic_stratified_sample,3043,2874.1045209076365,-0.04196515969745451,3026.2065681457348,2676.9626503874783,-349.24391775825643,-0.11540650312323217,3,False,False,,,False,False,,,False,False,False,
crypto_cross_sectional_momentum,standard,30,2020-05-25,2020-06-23,Tier 1 exploratory screen,False,False,False,False,deterministic_stratified_sample,3043,3094.7316607106004,0.03157722023686671,3220.931588819466,2879.1917173922607,-341.73987142720534,-0.106099698799396,2,False,False,,,False,False,,,False,False,False,
crypto_cross_sectional_momentum,standard,30,2020-06-09,2020-07-08,Tier 1 exploratory screen,False,False,False,False,deterministic_stratified_sample,3043,3157.6682607560797,0.05255608691869318,3157.6682607560797,2854.1493645066944,-271.15926231144294,-0.08676239523502963,1,False,False,,,False,False,,,False,False,False,
crypto_cross_sectional_momentum,standard,30,2020-07-15,2020-08-13,Tier 1 exploratory screen,False,False,False,False,deterministic_stratified_sample,3043,5387.814179268848,0.7959380597562828,5387.814179268848,2967.6355627857492,-277.44134112307256,-0.05497571303076459,1,True,True,2020-07-23,8,True,True,2020-07-23,8,False,False,False,
crypto_cross_sectional_momentum,standard,30,2020-07-16,2020-08-14,Tier 1 exploratory screen,False,False,False,False,deterministic_stratified_sample,3043,5496.5908754805605,0.8321969584935203,5496.5908754805605,2967.6355627857492,-277.44134112307256,-0.05497571303076459,1,True,True,2020-07-23,7,True,True,2020-07-23,7,False,False,False,
crypto_cross_sectional_momentum,standard,30,2020-07-22,2020-08-20,Tier 1 exploratory screen,False,False,False,False,deterministic_stratified_sample,3043,4030.815134868131,0.3436050449560437,4233.672739655921,3000.0,-299.41769824133144,-0.07072291994531106,1,True,True,2020-07-31,9,True,True,2020-08-01,10,False,False,False,
crypto_cross_sectional_momentum,standard,30,2020-07-23,2020-08-21,Tier 1 exploratory screen,False,False,False,False,deterministic_stratified_sample,3043,3766.442097854379,0.2554806992847929,4233.672739655921,3000.0,-467.2306418015419,-0.11036059481525128,1,True,True,2020-07-31,8,True,True,2020-08-01,9,False,False,False,
crypto_cross_sectional_momentum,standard,30,2020-07-24,2020-08-22,Tier 1 exploratory screen,False,False,False,False,deterministic_stratified_sample,3043,3831.3781064206587,0.27712603547355297,4233.672739655921,3000.0,-467.2306418015419,-0.11036059481525128,1,True,True,2020-07-31,7,True,True,2020-08-01,8,False,False,False,
crypto_cross_sectional_momentum,standard,30,2020-07-25,2020-08-23,Tier 1 exploratory screen,False,False,False,False,deterministic_stratified_sample,3043,3788.299226205143,0.26276640873504764,4233.672739655921,3000.0,-467.2306418015419,-0.11036059481525128,1,True,True,2020-07-31,6,True,True,2020-08-01,7,False,False,False,
crypto_cross_sectional_momentum,standard,30,2020-07-26,2020-08-24,Tier 1 exploratory screen,False,False,False,False,deterministic_stratified_sample,3043,3950.5202068380167,0.3168400689460056,4233.672739655921,3000.0,-467.2306418015419,-0.11036059481525128,1,True,True,2020-07-31,5,True,True,2020-08-01,6,False,False,False,
crypto_cross_sectional_momentum,standard,30,2020-08-22,2020-09-20,Tier 1 exploratory screen,False,False,False,False,deterministic_stratified_sample,3043,2841.428454156936,-0.05285718194768807,3653.1425651656186,2567.336611260681,-1085.8059539049377,-0.2972251792904534,1,True,True,2020-08-31,9,True,True,2020-09-01,10,False,True,True,2020-09-03
crypto_cross_sectional_momentum,standard,30,2020-09-04,2020-10-03,Tier 1 exploratory screen,False,False,False,False,deterministic_stratified_sample,3043,2938.980087875708,-0.020339970708097455,3299.4137361865196,2723.504311191987,-575.9094249945324,-0.17454901720212018,1,False,False,,,False,False,,,False,False,False,
crypto_cross_sectional_momentum,standard,30,2020-09-28,2020-10-27,Tier 1 exploratory screen,False,False,False,False,deterministic_stratified_sample,3043,3434.0780692200706,0.14469268974002358,3517.1760567098736,2897.0218705865154,-182.7746899009494,-0.055456602024780935,1,True,True,2020-10-21,23,True,True,2020-10-22,24,False,False,False,
crypto_cross_sectional_momentum,standard,30,2020-10-25,2020-11-23,Tier 1 exploratory screen,False,False,False,False,deterministic_stratified_sample,3043,3901.174625998934,0.3003915419996448,3960.255093337682,2824.286864058567,-175.71313594143294,-0.05857104531381098,2,True,True,2020-11-05,11,True,True,2020-11-12,18,False,False,False,
crypto_cross_sectional_momentum,standard,30,2020-11-04,2020-12-03,Tier 1 exploratory screen,False,False,False,False,deterministic_stratified_sample,3043,3764.788602527052,0.25492953417568387,3799.722782232953,2960.4440891829477,-387.03489362426353,-0.10462206872273205,1,True,True,2020-11-17,13,True,True,2020-11-17,13,False,False,False,
crypto_cross_sectional_momentum,standard,30,2020-12-11,2021-01-09,Tier 1 exploratory screen,False,False,False,False,deterministic_stratified_sample,3043,6302.430181201583,1.1008100604005278,6387.454451898427,3000.0,-167.01510556493577,-0.044690301909264665,1,True,True,2020-12-16,5,True,True,2020-12-17,6,False,False,False,
crypto_cross_sectional_momentum,standard,30,2020-12-15,2021-01-13,Tier 1 exploratory screen,False,False,False,False,deterministic_stratified_sample,3043,4763.488274491579,0.5878294248305265,5207.874967977104,2910.8470305626906,-877.5590055342336,-0.16850615864057583,1,True,True,2020-12-26,11,True,True,2020-12-28,13,False,True,True,2021-01-11
crypto_cross_sectional_momentum,standard,30,2021-01-17,2021-02-15,Tier 1 exploratory screen,False,False,False,False,deterministic_stratified_sample,3043,4336.099135970555,0.4453663786568516,4491.3925356856225,2732.479637671704,-635.1501862483296,-0.1886045139928692,1,True,True,2021-01-19,2,True,False,2021-02-02,16,False,True,True,2021-01-21
crypto_cross_sectional_momentum,standard,30,2021-02-04,2021-03-05,Tier 1 exploratory screen,False,False,False,False,deterministic_stratified_sample,3043,2846.917858082424,-0.05102738063919199,3639.548072323231,2629.2576217828137,-1010.2904505404172,-0.2775867856295463,1,True,True,2021-02-11,7,True,True,2021-02-12,8,False,True,True,2021-02-23
crypto_cross_sectional_momentum,standard,30,2021-02-24,2021-03-25,Tier 1 exploratory screen,False,False,False,False,deterministic_stratified_sample,3043,3376.8228088640494,0.1256076029546831,4073.892216084514,3000.0,-701.187993330499,-0.17211746313809512,1,True,True,2021-03-01,5,True,True,2021-03-06,10,False,True,True,2021-03-24
crypto_cross_sectional_momentum,standard,30,2021-03-27,2021-04-25,Tier 1 exploratory screen,False,False,False,False,deterministic_stratified_sample,3043,4104.233947473259,0.36807798249108625,4464.065779260104,3000.0,-625.4143913150797,-0.14009972573001353,1,True,True,2021-03-31,4,True,True,2021-04-01,5,False,True,True,2021-04-19
crypto_cross_sectional_momentum,standard,30,2021-04-02,2021-05-01,Tier 1 exploratory screen,False,False,False,False,deterministic_stratified_sample,3043,4218.052891637506,0.4060176305458354,4218.052891637506,2822.271101537303,-505.33638205363104,-0.1400997257300135,1,True,True,2021-04-14,12,True,True,2021-04-14,12,False,False,False,
crypto_cross_sectional_momentum,standard,30,2021-05-09,2021-06-07,Tier 1 exploratory screen,False,False,False,False,deterministic_stratified_sample,3043,1975.9154169031951,-0.3413615276989349,3179.986097992618,1609.238529721373,-1570.747568271245,-0.4939479355783307,1,False,False,,,False,False,,,True,True,True,2021-05-17
crypto_cross_sectional_momentum,standard,30,2021-05-17,2021-06-15,Tier 1 exploratory screen,False,False,False,False,deterministic_stratified_sample,3043,3710.008794794381,0.23666959826479372,4104.694463930461,3000.0,-865.6203940200494,-0.21088546337043862,1,True,True,2021-05-24,7,True,True,2021-05-24,7,False,True,True,2021-05-28
crypto_cross_sectional_momentum,standard,30,2021-06-13,2021-07-12,Tier 1 exploratory screen,False,False,False,False,deterministic_stratified_sample,3043,2433.4813046274517,-0.18883956512418276,3119.5561862270033,2166.4382183141697,-953.1179679128336,-0.3055299892083679,1,False,False,,,False,False,,,True,True,True,2021-06-21
crypto_cross_sectional_momentum,standard,30,2021-06-15,2021-07-14,Tier 1 exploratory screen,False,False,False,False,deterministic_stratified_sample,3043,2660.2436701746406,-0.11325210994178647,3100.895913339847,2418.655219582886,-581.3447804171142,-0.1937815934723714,1,False,False,,,False,False,,,False,False,False,
crypto_cross_sectional_momentum,standard,30,2021-07-22,2021-08-20,Tier 1 exploratory screen,False,False,False,False,deterministic_stratified_sample,3043,3142.945209593954,0.04764840319798469,3142.945209593954,2847.1303667808775,-152.86963321912253,-0.05095654440637418,1,False,False,,,False,False,,,False,False,False,
crypto_cross_sectional_momentum,standard,30,2021-07-29,2021-08-27,Tier 1 exploratory screen,False,False,False,False,deterministic_stratified_sample,3043,3125.076636161367,0.041692212053789035,3156.1295343861216,2847.1303667808775,-165.8724169558932,-0.05255564296354394,1,False,False,,,False,False,,,False,False,False,
crypto_cross_sectional_momentum,standard,30,2021-08-28,2021-09-26,Tier 1 exploratory screen,False,False,False,False,deterministic_stratified_sample,3043,2533.428876892104,-0.1555237077026319,3230.3356885224953,2287.028992752534,-943.3066957699612,-0.2920150680071936,2,False,False,,,False,False,,,True,True,True,2021-09-20
crypto_cross_sectional_momentum,standard,30,2021-10-04,2021-11-02,Tier 1 exploratory screen,False,False,False,False,deterministic_stratified_sample,3043,4011.002973286686,0.33700099109556203,4011.002973286686,3000.0,-251.6235128227804,-0.06819061629883579,1,True,True,2021-10-14,10,True,True,2021-10-20,16,False,False,False,
crypto_cross_sectional_momentum,standard,30,2021-10-13,2021-11-11,Tier 1 exploratory screen,False,False,False,False,deterministic_stratified_sample,3043,3685.0024271707407,0.22833414239024696,3748.6497328187074,2920.310449341086,-224.05770197101856,-0.06819061629883584,1,True,True,2021-10-28,15,True,True,2021-10-29,16,False,False,False,
crypto_cross_sectional_momentum,standard,30,2021-11-10,2021-12-09,Tier 1 exploratory screen,False,False,False,False,deterministic_stratified_sample,3043,2668.816207598475,-0.11039459746717495,3000.271487098711,2591.621111030688,-408.3788889693119,-0.13612629632310397,1,False,False,,,False,False,,,False,False,False,
crypto_cross_sectional_momentum,standard,30,2021-12-03,2022-01-01,Tier 1 exploratory screen,False,False,False,False,deterministic_stratified_sample,3043,2691.121870324002,-0.10295937655866605,3169.181261552177,2590.346402483135,-578.8348590690421,-0.18264492034309984,1,False,False,,,False,False,,,False,False,False,
crypto_cross_sectional_momentum,standard,30,2021-12-17,2022-01-15,Tier 1 exploratory screen,False,False,False,False,deterministic_stratified_sample,3043,2410.228530642448,-0.1965904897858507,3138.678816770566,2362.383682074162,-776.2951346964037,-0.2473318169888901,2,False,False,,,False,False,,,True,True,True,2022-01-07
crypto_cross_sectional_momentum,standard,30,2022-01-09,2022-02-07,Tier 1 exploratory screen,False,False,False,False,deterministic_stratified_sample,3043,3000.0,0.0,3000.0,3000.0,0.0,0.0,0,False,False,,,False,False,,,False,False,False,
crypto_cross_sectional_momentum,standard,30,2022-01-23,2022-02-21,Tier 1 exploratory screen,False,False,False,False,deterministic_stratified_sample,3043,3000.0,0.0,3000.0,3000.0,0.0,0.0,0,False,False,,,False,False,,,False,False,False,
crypto_cross_sectional_momentum,standard,30,2022-02-24,2022-03-25,Tier 1 exploratory screen,False,False,False,False,deterministic_stratified_sample,3043,3000.0,0.0,3000.0,3000.0,0.0,0.0,0,False,False,,,False,False,,,False,False,False,
crypto_cross_sectional_momentum,standard,30,2022-03-01,2022-03-30,Tier 1 exploratory screen,False,False,False,False,deterministic_stratified_sample,3043,3000.0,0.0,3000.0,3000.0,0.0,0.0,0,False,False,,,False,False,,,False,False,False,
crypto_cross_sectional_momentum,standard,30,2022-04-08,2022-05-07,Tier 1 exploratory screen,False,False,False,False,deterministic_stratified_sample,3043,2514.0615412887046,-0.16197948623709846,3000.0,2514.0615412887046,-485.9384587112954,-0.16197948623709849,3,False,False,,,False,False,,,False,False,False,
crypto_cross_sectional_momentum,standard,30,2022-04-11,2022-05-10,Tier 1 exploratory screen,False,False,False,False,deterministic_stratified_sample,3043,2578.9221265151027,-0.14035929116163248,3085.9519144322026,2578.9221265151027,-507.02978791709984,-0.16430255622125933,2,False,False,,,False,False,,,False,False,False,
crypto_cross_sectional_momentum,standard,30,2022-05-15,2022-06-13,Tier 1 exploratory screen,False,False,False,False,deterministic_stratified_sample,3043,3000.0,0.0,3000.0,3000.0,0.0,0.0,0,False,False,,,False,False,,,False,False,False,
crypto_cross_sectional_momentum,standard,30,2022-05-27,2022-06-25,Tier 1 exploratory screen,False,False,False,False,deterministic_stratified_sample,3043,3000.0,0.0,3000.0,3000.0,0.0,0.0,0,False,False,,,False,False,,,False,False,False,
crypto_cross_sectional_momentum,standard,30,2022-06-21,2022-07-20,Tier 1 exploratory screen,False,False,False,False,deterministic_stratified_sample,3043,3000.0,0.0,3000.0,3000.0,0.0,0.0,0,False,False,,,False,False,,,False,False,False,
crypto_cross_sectional_momentum,standard,30,2022-07-12,2022-08-10,Tier 1 exploratory screen,False,False,False,False,deterministic_stratified_sample,3043,3000.0,0.0,3000.0,3000.0,0.0,0.0,0,False,False,,,False,False,,,False,False,False,
crypto_cross_sectional_momentum,standard,30,2022-07-28,2022-08-26,Tier 1 exploratory screen,False,False,False,False,deterministic_stratified_sample,3043,3000.0,0.0,3000.0,3000.0,0.0,0.0,0,False,False,,,False,False,,,False,False,False,
crypto_cross_sectional_momentum,standard,30,2022-08-27,2022-09-25,Tier 1 exploratory screen,False,False,False,False,deterministic_stratified_sample,3043,2201.5318462322844,-0.26615605125590525,3000.0,2130.752701532212,-869.2472984677879,-0.28974909948926264,1,False,False,,,False,False,,,True,True,True,2022-09-18
crypto_cross_sectional_momentum,standard,30,2022-09-03,2022-10-02,Tier 1 exploratory screen,False,False,False,False,deterministic_stratified_sample,3043,2170.7031609410924,-0.2764322796863026,3000.0,2130.752701532212,-869.2472984677879,-0.28974909948926264,1,False,False,,,False,False,,,True,True,True,2022-09-18
crypto_cross_sectional_momentum,standard,30,2022-10-10,2022-11-08,Tier 1 exploratory screen,False,False,False,False,deterministic_stratified_sample,3043,3000.0,0.0,3000.0,3000.0,0.0,0.0,0,False,False,,,False,False,,,False,False,False,
crypto_cross_sectional_momentum,standard,30,2022-10-12,2022-11-10,Tier 1 exploratory screen,False,False,False,False,deterministic_stratified_sample,3043,3000.0,0.0,3000.0,3000.0,0.0,0.0,0,False,False,,,False,False,,,False,False,False,
crypto_cross_sectional_momentum,standard,30,2022-11-16,2022-12-15,Tier 1 exploratory screen,False,False,False,False,deterministic_stratified_sample,3043,3000.0,0.0,3000.0,3000.0,0.0,0.0,0,False,False,,,False,False,,,False,False,False,
crypto_cross_sectional_momentum,standard,30,2022-11-27,2022-12-26,Tier 1 exploratory screen,False,False,False,False,deterministic_stratified_sample,3043,3000.0,0.0,3000.0,3000.0,0.0,0.0,0,False,False,,,False,False,,,False,False,False,
crypto_cross_sectional_momentum,standard,30,2022-12-23,2023-01-21,Tier 1 exploratory screen,False,False,False,False,deterministic_stratified_sample,3043,3141.1355539117385,0.04704518463724616,3204.1390033577823,2925.6712223735644,-118.39027640076256,-0.03889220912535167,1,False,False,,,False,False,,,False,False,False,
crypto_cross_sectional_momentum,standard,30,2023-01-12,2023-02-10,Tier 1 exploratory screen,False,False,False,False,deterministic_stratified_sample,3043,2888.0349872431952,-0.0373216709189349,3204.1390033577823,2888.0349872431952,-316.104016114587,-0.09865490098379794,2,False,False,,,False,False,,,False,False,False,
crypto_cross_sectional_momentum,standard,30,2023-01-29,2023-02-27,Tier 1 exploratory screen,False,False,False,False,deterministic_stratified_sample,3043,2965.1500845502705,-0.011616638483243125,3129.8114628671187,2729.2165402665846,-270.7834597334154,-0.0902611532444718,1,False,False,,,False,False,,,False,False,False,
crypto_cross_sectional_momentum,standard,30,2023-02-14,2023-03-15,Tier 1 exploratory screen,False,False,False,False,deterministic_stratified_sample,3043,3003.0132081990246,0.0010044027330082805,3058.8439527501873,2486.9813726265634,-571.862580123624,-0.18695382600654273,1,False,False,,,False,False,,,False,False,False,
crypto_cross_sectional_momentum,standard,30,2023-03-07,2023-04-05,Tier 1 exploratory screen,False,False,False,False,deterministic_stratified_sample,3043,3810.535868545731,0.27017862284857697,3851.172771926014,3000.0,-161.47712313141437,-0.04214318969181354,1,True,True,2023-03-14,7,True,True,2023-03-17,10,False,False,False,
crypto_cross_sectional_momentum,standard,30,2023-04-06,2023-05-05,Tier 1 exploratory screen,False,False,False,False,deterministic_stratified_sample,3043,3124.213335798953,0.04140444526631759,3224.8455082507267,2885.4126180658486,-339.43289018487803,-0.10525555079040011,1,False,False,,,False,False,,,False,False,False,
crypto_cross_sectional_momentum,standard,30,2023-04-14,2023-05-13,Tier 1 exploratory screen,False,False,False,False,deterministic_stratified_sample,3043,2647.816788532296,-0.11739440382256805,3005.037174874724,2647.816788532296,-357.2203863424279,-0.11887386596384451,1,False,False,,,False,False,,,False,False,False,
crypto_cross_sectional_momentum,standard,30,2023-05-21,2023-06-19,Tier 1 exploratory screen,False,False,False,False,deterministic_stratified_sample,3043,2947.278880987562,-0.017573706337479345,3146.2037529173663,2814.510582043306,-331.69317087406034,-0.10542647486403024,2,False,False,,,False,False,,,False,False,False,
crypto_cross_sectional_momentum,standard,30,2023-05-27,2023-06-25,Tier 1 exploratory screen,False,False,False,False,deterministic_stratified_sample,3043,2807.4744128005714,-0.0641751957331429,3000.0,2681.003991381829,-318.9960086181709,-0.10633200287272362,2,False,False,,,False,False,,,False,False,False,
crypto_cross_sectional_momentum,standard,30,2023-06-27,2023-07-26,Tier 1 exploratory screen,False,False,False,False,deterministic_stratified_sample,3043,2873.159900615178,-0.04228003312827411,3080.7632622174956,2855.7323524490557,-225.03090976843987,-0.07304388251061698,1,False,False,,,False,False,,,False,False,False,
crypto_cross_sectional_momentum,standard,30,2023-07-17,2023-08-15,Tier 1 exploratory screen,False,False,False,False,deterministic_stratified_sample,3043,2905.8384271071222,-0.031387190964292544,3000.0,2893.0385270023817,-106.96147299761833,-0.03565382433253944,1,False,False,,,False,False,,,False,False,False,
crypto_cross_sectional_momentum,standard,30,2023-08-03,2023-09-01,Tier 1 exploratory screen,False,False,False,False,deterministic_stratified_sample,3043,2699.967508611882,-0.10001083046270609,3071.6909493552153,2688.2198642536346,-383.4710851015807,-0.12484038642692093,2,False,False,,,False,False,,,False,False,False,
crypto_cross_sectional_momentum,standard,30,2023-08-05,2023-09-03,Tier 1 exploratory screen,False,False,False,False,deterministic_stratified_sample,3043,2699.967508611882,-0.10001083046270609,3071.6909493552153,2688.2198642536346,-383.4710851015807,-0.12484038642692093,2,False,False,,,False,False,,,False,False,False,
crypto_cross_sectional_momentum,standard,30,2023-08-06,2023-09-04,Tier 1 exploratory screen,False,False,False,False,deterministic_stratified_sample,3043,2680.9291493867627,-0.10635695020441249,3071.6909493552153,2680.9291493867627,-390.7617999684526,-0.12721390478767994,3,False,False,,,False,False,,,False,False,False,
crypto_cross_sectional_momentum,standard,30,2023-08-07,2023-09-05,Tier 1 exploratory screen,False,False,False,False,deterministic_stratified_sample,3043,2655.517412317248,-0.1148275292275841,3009.860328375148,2655.517412317248,-354.3429160579003,-0.11772736187037285,3,False,False,,,False,False,,,False,False,False,
crypto_cross_sectional_momentum,standard,30,2023-08-10,2023-09-08,Tier 1 exploratory screen,False,False,False,False,deterministic_stratified_sample,3043,2668.462489115201,-0.11051250362826626,3009.860328375148,2652.7623787217117,-357.09794965343644,-0.11864269789761749,3,False,False,,,False,False,,,False,False,False,
crypto_cross_sectional_momentum,standard,30,2023-08-11,2023-09-09,Tier 1 exploratory screen,False,False,False,False,deterministic_stratified_sample,3043,2667.4348338204736,-0.11085505539317542,3009.860328375148,2652.7623787217117,-357.09794965343644,-0.11864269789761749,3,False,False,,,False,False,,,False,False,False,
crypto_cross_sectional_momentum,standard,30,2023-08-12,2023-09-10,Tier 1 exploratory screen,False,False,False,False,deterministic_stratified_sample,3043,2660.8989220037524,-0.11303369266541585,3009.860328375148,2652.7623787217117,-357.09794965343644,-0.11864269789761749,3,False,False,,,False,False,,,False,False,False,
crypto_cross_sectional_momentum,standard,30,2023-08-13,2023-09-11,Tier 1 exploratory screen,False,False,False,False,deterministic_stratified_sample,3043,2658.238023081749,-0.11392065897275039,3009.860328375148,2652.7623787217117,-357.09794965343644,-0.11864269789761749,4,False,False,,,False,False,,,False,False,False,
crypto_cross_sectional_momentum,standard,30,2023-08-14,2023-09-12,Tier 1 exploratory screen,False,False,False,False,deterministic_stratified_sample,3043,2978.1510893844734,-0.007282970205175543,3028.213288470013,2972.0164633373215,-50.06219908553976,-0.016531926359399006,2,False,False,,,False,False,,,False,False,False,
crypto_cross_sectional_momentum,standard,30,2023-08-15,2023-09-13,Tier 1 exploratory screen,False,False,False,False,deterministic_stratified_sample,3043,2978.1510893844734,-0.007282970205175543,3028.213288470013,2972.0164633373215,-50.06219908553976,-0.016531926359399006,2,False,False,,,False,False,,,False,False,False,
crypto_cross_sectional_momentum,standard,30,2023-08-16,2023-09-14,Tier 1 exploratory screen,False,False,False,False,deterministic_stratified_sample,3043,2978.1510893844734,-0.007282970205175543,3028.213288470013,2972.0164633373215,-50.06219908553976,-0.016531926359399006,2,False,False,,,False,False,,,False,False,False,
crypto_cross_sectional_momentum,standard,30,2023-09-09,2023-10-08,Tier 1 exploratory screen,False,False,False,False,deterministic_stratified_sample,3043,3000.0,0.0,3000.0,3000.0,0.0,0.0,0,False,False,,,False,False,,,False,False,False,
crypto_cross_sectional_momentum,standard,30,2023-09-30,2023-10-29,Tier 1 exploratory screen,False,False,False,False,deterministic_stratified_sample,3043,3451.419198774803,0.15047306625826762,3451.419198774803,3000.0,-59.26025023760258,-0.01718756686783522,1,True,True,2023-10-23,23,True,True,2023-10-25,25,False,False,False,
crypto_cross_sectional_momentum,standard,30,2023-10-02,2023-10-31,Tier 1 exploratory screen,False,False,False,False,deterministic_stratified_sample,3043,3464.340184086436,0.15478006136214528,3464.340184086436,3000.0,-59.26025023760258,-0.01718756686783522,1,True,True,2023-10-23,21,True,True,2023-10-25,23,False,False,False,
crypto_cross_sectional_momentum,standard,30,2023-10-13,2023-11-11,Tier 1 exploratory screen,False,False,False,False,deterministic_stratified_sample,3043,3711.1934205517414,0.23706447351724713,3728.77284635487,3000.0,-70.44339600942112,-0.019892333908403392,1,True,True,2023-10-23,10,True,True,2023-10-25,12,False,False,False,
crypto_cross_sectional_momentum,standard,30,2023-10-14,2023-11-12,Tier 1 exploratory screen,False,False,False,False,deterministic_stratified_sample,3043,3702.8461697162998,0.2342820565721,3728.77284635487,3000.0,-70.44339600942112,-0.019892333908403392,1,True,True,2023-10-23,9,True,True,2023-10-25,11,False,False,False,
crypto_cross_sectional_momentum,standard,30,2023-10-15,2023-11-13,Tier 1 exploratory screen,False,False,False,False,deterministic_stratified_sample,3043,3647.668593276297,0.21588953109209896,3728.77284635487,3000.0,-81.10425307857304,-0.021750923539860568,1,True,True,2023-10-23,8,True,True,2023-10-25,10,False,False,False,
crypto_cross_sectional_momentum,standard,30,2023-10-16,2023-11-14,Tier 1 exploratory screen,False,False,False,False,deterministic_stratified_sample,3043,3551.2649505024237,0.18375498350080788,3728.77284635487,3000.0,-177.50789585244638,-0.04760491002447963,1,True,True,2023-10-23,7,True,True,2023-10-25,9,False,False,False,
crypto_cross_sectional_momentum,standard,30,2023-11-04,2023-12-03,Tier 1 exploratory screen,False,False,False,False,deterministic_stratified_sample,3043,3418.470727276762,0.13949024242558727,3418.470727276762,2995.9742143751528,-176.72525162099691,-0.054560131350278436,1,True,True,2023-12-01,27,True,True,2023-12-03,29,False,False,False,
crypto_cross_sectional_momentum,standard,30,2023-11-22,2023-12-21,Tier 1 exploratory screen,False,False,False,False,deterministic_stratified_sample,3043,3507.9545903840526,0.16931819679468418,3531.7398311870666,2978.9937246310574,-233.7164555504296,-0.06617601146228098,1,True,True,2023-12-04,12,True,True,2023-12-05,13,False,False,False,
crypto_cross_sectional_momentum,standard,30,2023-12-25,2024-01-23,Tier 1 exploratory screen,False,False,False,False,deterministic_stratified_sample,3043,2680.9854142090294,-0.10633819526365684,3330.7948488655943,2680.9854142090294,-649.8094346565649,-0.1950914013446003,2,True,True,2024-01-08,14,False,False,,,False,True,True,2024-01-23
crypto_cross_sectional_momentum,standard,30,2023-12-29,2024-01-27,Tier 1 exploratory screen,False,False,False,False,deterministic_stratified_sample,3043,2713.530211300117,-0.09548992956662761,3330.7948488655943,2653.494786627864,-677.3000622377303,-0.20334487501336382,2,True,True,2024-01-08,10,False,False,,,False,True,True,2024-01-23
crypto_cross_sectional_momentum,standard,30,2024-02-04,2024-03-04,Tier 1 exploratory screen,False,False,False,False,deterministic_stratified_sample,3043,4616.764658342359,0.5389215527807865,4616.764658342359,3000.0,-116.79840151409235,-0.030477964947978803,2,True,True,2024-02-09,5,True,True,2024-02-12,8,False,False,False,
crypto_cross_sectional_momentum,standard,30,2024-02-14,2024-03-14,Tier 1 exploratory screen,False,False,False,False,deterministic_stratified_sample,3043,4042.388045771684,0.3474626819238946,4233.210062183031,3000.0,-190.82201641134725,-0.045077379484669826,1,True,True,2024-02-26,12,True,True,2024-02-28,14,False,False,False,
crypto_cross_sectional_momentum,standard,30,2024-03-12,2024-04-10,Tier 1 exploratory screen,False,False,False,False,deterministic_stratified_sample,3043,2997.6033943615685,-0.0007988685461438605,3125.8024580241427,2598.0157571532045,-401.9842428467955,-0.1339947476155985,3,False,False,,,False,False,,,False,False,False,
crypto_cross_sectional_momentum,standard,30,2024-04-05,2024-05-04,Tier 1 exploratory screen,False,False,False,False,deterministic_stratified_sample,3043,2657.317276645794,-0.11422757445140197,3207.046450061836,2422.8490178496163,-784.1974322122196,-0.24452325353663004,2,False,False,,,False,False,,,False,True,True,2024-04-17
crypto_cross_sectional_momentum,standard,30,2024-04-19,2024-05-18,Tier 1 exploratory screen,False,False,False,False,deterministic_stratified_sample,3043,3090.0616387629334,0.030020546254311054,3095.1887673276988,2689.069660224284,-396.2316143932667,-0.12842558282817387,1,False,False,,,False,False,,,False,False,False,
crypto_cross_sectional_momentum,standard,30,2024-05-26,2024-06-24,Tier 1 exploratory screen,False,False,False,False,deterministic_stratified_sample,3043,2728.9130499163266,-0.09036231669455785,3035.375014081591,2728.9130499163266,-306.46196416526436,-0.1009634601140018,5,False,False,,,False,False,,,False,False,False,
crypto_cross_sectional_momentum,standard,30,2024-06-22,2024-07-21,Tier 1 exploratory screen,False,False,False,False,deterministic_stratified_sample,3043,3267.4767194957903,0.0891589064985967,3267.4767194957903,3000.0,-93.12958810476448,-0.028886307398590928,1,False,False,,,False,False,,,False,False,False,
crypto_cross_sectional_momentum,standard,30,2024-07-02,2024-07-31,Tier 1 exploratory screen,False,False,False,False,deterministic_stratified_sample,3043,2855.6295996965914,-0.04812346676780288,3267.4767194957903,2855.6295996965914,-411.84711979919894,-0.12604439301491083,2,False,False,,,False,False,,,False,False,False,
crypto_cross_sectional_momentum,standard,30,2024-07-25,2024-08-23,Tier 1 exploratory screen,False,False,False,False,deterministic_stratified_sample,3043,2549.2117573453256,-0.1502627475515581,3000.0,2549.2117573453256,-450.7882426546744,-0.15026274755155813,2,False,False,,,False,False,,,False,False,False,
crypto_cross_sectional_momentum,standard,30,2024-08-08,2024-09-06,Tier 1 exploratory screen,False,False,False,False,deterministic_stratified_sample,3043,3000.0,0.0,3000.0,3000.0,0.0,0.0,0,False,False,,,False,False,,,False,False,False,
crypto_cross_sectional_momentum,standard,30,2024-08-29,2024-09-27,Tier 1 exploratory screen,False,False,False,False,deterministic_stratified_sample,3043,3097.84162764771,0.03261387588257003,3097.84162764771,2973.1796207993643,-54.564792058638886,-0.01802159780294437,1,False,False,,,False,False,,,False,False,False,
crypto_cross_sectional_momentum,standard,30,2024-09-14,2024-10-13,Tier 1 exploratory screen,False,False,False,False,deterministic_stratified_sample,3043,2959.4412612241085,-0.013519579591963815,3102.408266978497,2838.1056468478623,-264.30262013063475,-0.08519272687087209,1,False,False,,,False,False,,,False,False,False,
crypto_cross_sectional_momentum,standard,30,2024-10-21,2024-11-19,Tier 1 exploratory screen,False,False,False,False,deterministic_stratified_sample,3043,4074.268229217772,0.3580894097392573,4074.268229217772,2991.887972766945,-216.5875938148074,-0.06750482879492693,1,True,True,2024-11-06,16,True,True,2024-11-10,20,False,False,False,
crypto_cross_sectional_momentum,standard,30,2024-11-17,2024-12-16,Tier 1 exploratory screen,False,False,False,False,deterministic_stratified_sample,3043,3536.8746523776485,0.17895821745921614,3536.8746523776485,3000.0,-233.91348346035147,-0.07083342638845408,1,True,True,2024-11-22,5,True,True,2024-12-15,28,False,False,False,
crypto_cross_sectional_momentum,standard,30,2024-11-27,2024-12-26,Tier 1 exploratory screen,False,False,False,False,deterministic_stratified_sample,3043,2951.2288495994076,-0.016257050133530848,3269.9360027593766,2917.054809724101,-352.8811930352758,-0.10791684997427858,1,False,False,,,False,False,,,False,False,False,
crypto_cross_sectional_momentum,standard,30,2025-01-03,2025-02-01,Tier 1 exploratory screen,False,False,False,False,deterministic_stratified_sample,3043,3068.473813577398,0.022824604525799153,3235.8462470188456,2819.356186931658,-292.47247080616853,-0.09398733123654185,1,False,False,,,False,False,,,False,False,False,
crypto_cross_sectional_momentum,standard,30,2025-01-07,2025-02-05,Tier 1 exploratory screen,False,False,False,False,deterministic_stratified_sample,3043,3064.465699631051,0.021488566543683696,3366.7659358151764,2997.8917261701995,-302.3002361841254,-0.0897895018386335,1,True,True,2025-01-17,10,False,False,,,False,False,False,
crypto_cross_sectional_momentum,standard,30,2025-02-09,2025-03-10,Tier 1 exploratory screen,False,False,False,False,deterministic_stratified_sample,3043,2924.1688165126193,-0.0252770611624602,3053.983032456921,2619.587753377325,-434.3952790795961,-0.14223893009979374,2,False,False,,,False,False,,,False,False,False,
crypto_cross_sectional_momentum,standard,30,2025-02-27,2025-03-28,Tier 1 exploratory screen,False,False,False,False,deterministic_stratified_sample,3043,3000.0,0.0,3000.0,3000.0,0.0,0.0,0,False,False,,,False,False,,,False,False,False,
crypto_cross_sectional_momentum,standard,30,2025-03-17,2025-04-15,Tier 1 exploratory screen,False,False,False,False,deterministic_stratified_sample,3043,3000.0,0.0,3000.0,3000.0,0.0,0.0,0,False,False,,,False,False,,,False,False,False,
crypto_cross_sectional_momentum,standard,30,2025-03-18,2025-04-16,Tier 1 exploratory screen,False,False,False,False,deterministic_stratified_sample,3043,3000.0,0.0,3000.0,3000.0,0.0,0.0,0,False,False,,,False,False,,,False,False,False,
crypto_cross_sectional_momentum,standard,30,2025-04-25,2025-05-24,Tier 1 exploratory screen,False,False,False,False,deterministic_stratified_sample,3043,3103.038365011604,0.034346121670534746,3214.7950548167632,2959.728321561768,-126.24714993521502,-0.03927066820202349,1,False,False,,,False,False,,,False,False,False,
crypto_cross_sectional_momentum,standard,30,2025-05-24,2025-06-22,Tier 1 exploratory screen,False,False,False,False,deterministic_stratified_sample,3043,2575.806608316128,-0.1413977972279573,3252.416502387348,2575.806608316128,-676.60989407122,-0.2080329790402222,2,False,False,,,False,False,,,False,True,True,2025-06-22
crypto_cross_sectional_momentum,standard,30,2025-06-01,2025-06-30,Tier 1 exploratory screen,False,False,False,False,deterministic_stratified_sample,3043,2825.3787226087516,-0.058207092463749444,3356.56323135384,2658.2873829984264,-698.2758483554135,-0.20803297904022208,4,True,True,2025-06-10,9,False,False,,,False,True,True,2025-06-21
crypto_cross_sectional_momentum,standard,30,2025-07-08,2025-08-06,Tier 1 exploratory screen,False,False,False,False,deterministic_stratified_sample,3043,3713.260758615098,0.23775358620503262,3906.1104766819153,3000.0,-486.3482220263504,-0.12450959206854892,1,True,True,2025-07-16,8,True,True,2025-07-17,9,False,False,False,
crypto_cross_sectional_momentum,standard,30,2025-07-14,2025-08-12,Tier 1 exploratory screen,False,False,False,False,deterministic_stratified_sample,3043,3659.827225175503,0.2199424083918342,3659.827225175503,2704.6504092347395,-384.6471829857196,-0.12450959206854888,1,True,True,2025-08-09,26,True,True,2025-08-12,29,False,False,False,
crypto_cross_sectional_momentum,standard,30,2025-08-09,2025-09-07,Tier 1 exploratory screen,False,False,False,False,deterministic_stratified_sample,3043,3033.0002703356927,0.01100009011189762,3403.553645228645,2869.644622757855,-481.0223101603551,-0.14356016870391125,1,True,True,2025-08-13,4,True,True,2025-08-22,13,False,False,False,
crypto_cross_sectional_momentum,standard,30,2025-08-10,2025-09-08,Tier 1 exploratory screen,False,False,False,False,deterministic_stratified_sample,3043,3034.919683500606,0.011639894500202086,3403.553645228645,2869.644622757855,-481.0223101603551,-0.14356016870391125,1,True,True,2025-08-13,3,True,True,2025-08-22,12,False,False,False,
crypto_cross_sectional_momentum,standard,30,2025-08-11,2025-09-09,Tier 1 exploratory screen,False,False,False,False,deterministic_stratified_sample,3043,2886.861555317003,-0.037712814894332314,3236.7835435690477,2729.0354314982606,-373.2359453335548,-0.11531075226674109,1,False,False,,,False,False,,,False,False,False,
crypto_cross_sectional_momentum,standard,30,2025-08-12,2025-09-10,Tier 1 exploratory screen,False,False,False,False,deterministic_stratified_sample,3043,2913.729738551407,-0.02875675381619769,3236.7835435690477,2729.0354314982606,-373.2359453335548,-0.11531075226674109,1,False,False,,,False,False,,,False,False,False,
crypto_cross_sectional_momentum,standard,30,2025-08-13,2025-09-11,Tier 1 exploratory screen,False,False,False,False,deterministic_stratified_sample,3043,2988.823193178889,-0.0037256022737036654,3236.7835435690477,2729.0354314982606,-373.2359453335548,-0.11531075226674109,1,False,False,,,False,False,,,False,False,False,
crypto_cross_sectional_momentum,standard,30,2025-08-14,2025-09-12,Tier 1 exploratory screen,False,False,False,False,deterministic_stratified_sample,3043,3159.0001302066144,0.05300004340220488,3236.7835435690477,2729.0354314982606,-373.2359453335548,-0.11531075226674109,1,False,False,,,False,False,,,False,False,False,
crypto_cross_sectional_momentum,standard,30,2025-09-03,2025-10-02,Tier 1 exploratory screen,False,False,False,False,deterministic_stratified_sample,3043,3124.09526520597,0.04136508840199005,3282.33690229981,2692.791666624669,-589.5452356751412,-0.17961143332424803,1,False,False,,,False,False,,,False,False,False,
crypto_cross_sectional_momentum,standard,30,2025-09-20,2025-10-19,Tier 1 exploratory screen,False,False,False,False,deterministic_stratified_sample,3043,2682.6343547244396,-0.10578854842518681,3156.005649127232,2525.0700357742485,-630.9356133529836,-0.19991586945589396,1,False,False,,,False,False,,,False,True,True,2025-10-11
crypto_cross_sectional_momentum,standard,30,2025-09-21,2025-10-20,Tier 1 exploratory screen,False,False,False,False,deterministic_stratified_sample,3043,2680.015843567573,-0.10666138547747561,3156.005649127232,2525.0700357742485,-630.9356133529836,-0.19991586945589396,1,False,False,,,False,False,,,False,True,True,2025-10-11
crypto_cross_sectional_momentum,standard,30,2025-09-24,2025-10-23,Tier 1 exploratory screen,False,False,False,False,deterministic_stratified_sample,3043,2790.482801190492,-0.06983906626983605,3392.3901076954403,2714.1974897819323,-678.192617913508,-0.19991586945589404,1,True,True,2025-10-06,12,False,False,,,False,True,True,2025-10-10
crypto_cross_sectional_momentum,standard,30,2025-09-28,2025-10-27,Tier 1 exploratory screen,False,False,False,False,deterministic_stratified_sample,3043,2981.600404459409,-0.006133198513530225,3392.3901076954403,2714.1974897819323,-678.192617913508,-0.19991586945589404,1,True,True,2025-10-06,8,False,False,,,False,True,True,2025-10-10
crypto_cross_sectional_momentum,standard,30,2025-09-29,2025-10-28,Tier 1 exploratory screen,False,False,False,False,deterministic_stratified_sample,3043,2643.225272376482,-0.11892490920783938,3111.5066398949953,2489.4670846626,-622.0395552323953,-0.199915869455894,1,False,False,,,False,False,,,False,True,True,2025-10-11
crypto_cross_sectional_momentum,standard,30,2025-09-30,2025-10-29,Tier 1 exploratory screen,False,False,False,False,deterministic_stratified_sample,3043,2590.849170638188,-0.1363836097872707,3111.5066398949953,2489.4670846626,-622.0395552323953,-0.199915869455894,1,False,False,,,False,False,,,False,True,True,2025-10-11
crypto_cross_sectional_momentum,standard,30,2025-10-27,2025-11-25,Tier 1 exploratory screen,False,False,False,False,deterministic_stratified_sample,3043,2742.3383653066726,-0.08588721156444246,3000.0,2522.843138984225,-477.1568610157751,-0.15905228700525836,2,False,False,,,False,False,,,False,False,False,
crypto_cross_sectional_momentum,standard,30,2025-11-15,2025-12-14,Tier 1 exploratory screen,False,False,False,False,deterministic_stratified_sample,3043,3000.0,0.0,3000.0,3000.0,0.0,0.0,0,False,False,,,False,False,,,False,False,False,
crypto_cross_sectional_momentum,standard,30,2025-12-03,2026-01-01,Tier 1 exploratory screen,False,False,False,False,deterministic_stratified_sample,3043,3000.0,0.0,3000.0,3000.0,0.0,0.0,0,False,False,,,False,False,,,False,False,False,
crypto_cross_sectional_momentum,standard,30,2025-12-31,2026-01-29,Tier 1 exploratory screen,False,False,False,False,deterministic_stratified_sample,3043,3000.0,0.0,3000.0,3000.0,0.0,0.0,0,False,False,,,False,False,,,False,False,False,
crypto_cross_sectional_momentum,standard,30,2026-01-09,2026-02-07,Tier 1 exploratory screen,False,False,False,False,deterministic_stratified_sample,3043,3000.0,0.0,3000.0,3000.0,0.0,0.0,0,False,False,,,False,False,,,False,False,False,
crypto_cross_sectional_momentum,standard,30,2026-02-15,2026-03-16,Tier 1 exploratory screen,False,False,False,False,deterministic_stratified_sample,3043,3000.0,0.0,3000.0,3000.0,0.0,0.0,0,False,False,,,False,False,,,False,False,False,
crypto_cross_sectional_momentum,standard,30,2026-03-22,2026-04-20,Tier 1 exploratory screen,False,False,False,False,deterministic_stratified_sample,3043,3000.0,0.0,3000.0,3000.0,0.0,0.0,0,False,False,,,False,False,,,False,False,False,
crypto_cross_sectional_momentum,standard,30,2026-03-23,2026-04-21,Tier 1 exploratory screen,False,False,False,False,deterministic_stratified_sample,3043,3000.0,0.0,3000.0,3000.0,0.0,0.0,0,False,False,,,False,False,,,False,False,False,
crypto_cross_sectional_momentum,standard,30,2026-03-24,2026-04-22,Tier 1 exploratory screen,False,False,False,False,deterministic_stratified_sample,3043,3000.0,0.0,3000.0,3000.0,0.0,0.0,0,False,False,,,False,False,,,False,False,False,
crypto_cross_sectional_momentum,standard,30,2026-03-25,2026-04-23,Tier 1 exploratory screen,False,False,False,False,deterministic_stratified_sample,3043,3000.0,0.0,3000.0,3000.0,0.0,0.0,0,False,False,,,False,False,,,False,False,False,
crypto_cross_sectional_momentum,standard,30,2026-03-26,2026-04-24,Tier 1 exploratory screen,False,False,False,False,deterministic_stratified_sample,3043,3000.0,0.0,3000.0,3000.0,0.0,0.0,0,False,False,,,False,False,,,False,False,False,
crypto_cross_sectional_momentum,standard,30,2026-03-27,2026-04-25,Tier 1 exploratory screen,False,False,False,False,deterministic_stratified_sample,3043,3000.0,0.0,3000.0,3000.0,0.0,0.0,0,False,False,,,False,False,,,False,False,False,
crypto_cross_sectional_momentum,standard,30,2026-03-28,2026-04-26,Tier 1 exploratory screen,False,False,False,False,deterministic_stratified_sample,3043,3000.0,0.0,3000.0,3000.0,0.0,0.0,0,False,False,,,False,False,,,False,False,False,
crypto_cross_sectional_momentum,standard,30,2026-03-29,2026-04-27,Tier 1 exploratory screen,False,False,False,False,deterministic_stratified_sample,3043,3000.0,0.0,3000.0,3000.0,0.0,0.0,0,False,False,,,False,False,,,False,False,False,
crypto_cross_sectional_momentum,standard,30,2026-03-30,2026-04-28,Tier 1 exploratory screen,False,False,False,False,deterministic_stratified_sample,3043,3000.0,0.0,3000.0,3000.0,0.0,0.0,0,False,False,,,False,False,,,False,False,False,
crypto_cross_sectional_momentum,standard,30,2026-03-31,2026-04-29,Tier 1 exploratory screen,False,False,False,False,deterministic_stratified_sample,3043,3000.0,0.0,3000.0,3000.0,0.0,0.0,0,False,False,,,False,False,,,False,False,False,
crypto_cross_sectional_momentum,standard,30,2026-04-01,2026-04-30,Tier 1 exploratory screen,False,False,False,False,deterministic_stratified_sample,3043,3000.0,0.0,3000.0,3000.0,0.0,0.0,0,False,False,,,False,False,,,False,False,False,
crypto_cross_sectional_momentum,standard,30,2026-04-02,2026-05-01,Tier 1 exploratory screen,False,False,False,False,deterministic_stratified_sample,3043,3000.0,0.0,3000.0,3000.0,0.0,0.0,0,False,False,,,False,False,,,False,False,False,
crypto_cross_sectional_momentum,standard,30,2026-04-03,2026-05-02,Tier 1 exploratory screen,False,False,False,False,deterministic_stratified_sample,3043,3000.0,0.0,3000.0,3000.0,0.0,0.0,0,False,False,,,False,False,,,False,False,False,
crypto_cross_sectional_momentum,standard,30,2026-04-04,2026-05-03,Tier 1 exploratory screen,False,False,False,False,deterministic_stratified_sample,3043,3000.0,0.0,3000.0,3000.0,0.0,0.0,0,False,False,,,False,False,,,False,False,False,
crypto_cross_sectional_momentum,standard,30,2026-04-05,2026-05-04,Tier 1 exploratory screen,False,False,False,False,deterministic_stratified_sample,3043,3000.0,0.0,3000.0,3000.0,0.0,0.0,0,False,False,,,False,False,,,False,False,False,
crypto_cross_sectional_momentum,standard,30,2026-04-06,2026-05-05,Tier 1 exploratory screen,False,False,False,False,deterministic_stratified_sample,3043,3000.0,0.0,3000.0,3000.0,0.0,0.0,0,False,False,,,False,False,,,False,False,False,
crypto_cross_sectional_momentum,standard,30,2026-04-07,2026-05-06,Tier 1 exploratory screen,False,False,False,False,deterministic_stratified_sample,3043,3000.0,0.0,3000.0,3000.0,0.0,0.0,0,False,False,,,False,False,,,False,False,False,
crypto_cross_sectional_momentum,standard,30,2026-04-08,2026-05-07,Tier 1 exploratory screen,False,False,False,False,deterministic_stratified_sample,3043,3000.0,0.0,3000.0,3000.0,0.0,0.0,0,False,False,,,False,False,,,False,False,False,
crypto_cross_sectional_momentum,standard,30,2026-04-09,2026-05-08,Tier 1 exploratory screen,False,False,False,False,deterministic_stratified_sample,3043,3000.0,0.0,3000.0,3000.0,0.0,0.0,0,False,False,,,False,False,,,False,False,False,
crypto_cross_sectional_momentum,standard,30,2026-04-10,2026-05-09,Tier 1 exploratory screen,False,False,False,False,deterministic_stratified_sample,3043,3000.0,0.0,3000.0,3000.0,0.0,0.0,0,False,False,,,False,False,,,False,False,False,
crypto_cross_sectional_momentum,standard,30,2026-04-11,2026-05-10,Tier 1 exploratory screen,False,False,False,False,deterministic_stratified_sample,3043,3000.0,0.0,3000.0,3000.0,0.0,0.0,0,False,False,,,False,False,,,False,False,False,
crypto_cross_sectional_momentum,standard,30,2026-04-12,2026-05-11,Tier 1 exploratory screen,False,False,False,False,deterministic_stratified_sample,3043,2982.002258463961,-0.005999247178679723,3000.0,2982.002258463961,-17.99774153603903,-0.005999247178679676,1,False,False,,,False,False,,,False,False,False,
crypto_cross_sectional_momentum,standard,30,2026-04-13,2026-05-12,Tier 1 exploratory screen,False,False,False,False,deterministic_stratified_sample,3043,2936.364424988402,-0.021211858337199407,3000.0,2936.364424988402,-63.63557501159812,-0.021211858337199373,1,False,False,,,False,False,,,False,False,False,
crypto_cross_sectional_momentum,standard,30,2026-04-14,2026-05-13,Tier 1 exploratory screen,False,False,False,False,deterministic_stratified_sample,3043,2892.5666083462856,-0.03581113055123808,3000.0,2892.5666083462856,-107.43339165371435,-0.035811130551238114,1,False,False,,,False,False,,,False,False,False,
crypto_cross_sectional_momentum,standard,30,2026-04-15,2026-05-14,Tier 1 exploratory screen,False,False,False,False,deterministic_stratified_sample,3043,2957.2989991580207,-0.014233666947326418,3000.0,2892.5666083462856,-107.43339165371435,-0.035811130551238114,1,False,False,,,False,False,,,False,False,False,
crypto_cross_sectional_momentum,standard,30,2026-04-16,2026-05-15,Tier 1 exploratory screen,False,False,False,False,deterministic_stratified_sample,3043,2884.8519351347745,-0.03838268828840852,3000.0,2884.8519351347745,-115.14806486522548,-0.03838268828840849,1,False,False,,,False,False,,,False,False,False,
crypto_cross_sectional_momentum,standard,30,2026-04-17,2026-05-16,Tier 1 exploratory screen,False,False,False,False,deterministic_stratified_sample,3043,2850.7644474517965,-0.04974518418273455,3000.0,2850.7644474517965,-149.2355525482035,-0.04974518418273449,1,False,False,,,False,False,,,False,False,False,
crypto_cross_sectional_momentum,standard,30,2026-04-18,2026-05-17,Tier 1 exploratory screen,False,False,False,False,deterministic_stratified_sample,3043,2825.1475934206537,-0.05828413552644873,3000.0,2825.1475934206537,-174.85240657934628,-0.05828413552644876,1,False,False,,,False,False,,,False,False,False,
crypto_cross_sectional_momentum,standard,30,2026-04-19,2026-05-18,Tier 1 exploratory screen,False,False,False,False,deterministic_stratified_sample,3043,2807.8098174546576,-0.06406339418178075,3000.0,2807.8098174546576,-192.1901825453424,-0.0640633941817808,1,False,False,,,False,False,,,False,False,False,
crypto_cross_sectional_momentum,standard,30,2026-04-20,2026-05-19,Tier 1 exploratory screen,False,False,False,False,deterministic_stratified_sample,3043,2800.3933096355217,-0.06653556345482603,3000.0,2800.3933096355217,-199.60669036447825,-0.06653556345482609,1,False,False,,,False,False,,,False,False,False,
crypto_dual_momentum_cash_filter,standard,30,2018-01-01,2018-01-30,Tier 1 exploratory screen,False,False,False,False,deterministic_stratified_sample,3043,3000.0,0.0,3000.0,3000.0,0.0,0.0,0,False,False,,,False,False,,,False,False,False,
crypto_dual_momentum_cash_filter,standard,30,2018-01-11,2018-02-09,Tier 1 exploratory screen,False,False,False,False,deterministic_stratified_sample,3043,3000.0,0.0,3000.0,3000.0,0.0,0.0,0,False,False,,,False,False,,,False,False,False,
crypto_dual_momentum_cash_filter,standard,30,2018-01-16,2018-02-14,Tier 1 exploratory screen,False,False,False,False,deterministic_stratified_sample,3043,3000.0,0.0,3000.0,3000.0,0.0,0.0,0,False,False,,,False,False,,,False,False,False,
crypto_dual_momentum_cash_filter,standard,30,2018-01-17,2018-02-15,Tier 1 exploratory screen,False,False,False,False,deterministic_stratified_sample,3043,3000.0,0.0,3000.0,3000.0,0.0,0.0,0,False,False,,,False,False,,,False,False,False,
crypto_dual_momentum_cash_filter,standard,30,2018-01-21,2018-02-19,Tier 1 exploratory screen,False,False,False,False,deterministic_stratified_sample,3043,3000.0,0.0,3000.0,3000.0,0.0,0.0,0,False,False,,,False,False,,,False,False,False,
crypto_dual_momentum_cash_filter,standard,30,2018-01-22,2018-02-20,Tier 1 exploratory screen,False,False,False,False,deterministic_stratified_sample,3043,3000.0,0.0,3000.0,3000.0,0.0,0.0,0,False,False,,,False,False,,,False,False,False,
crypto_dual_momentum_cash_filter,standard,30,2018-02-07,2018-03-08,Tier 1 exploratory screen,False,False,False,False,deterministic_stratified_sample,3043,3000.0,0.0,3000.0,3000.0,0.0,0.0,0,False,False,,,False,False,,,False,False,False,
crypto_dual_momentum_cash_filter,standard,30,2018-02-09,2018-03-10,Tier 1 exploratory screen,False,False,False,False,deterministic_stratified_sample,3043,3000.0,0.0,3000.0,3000.0,0.0,0.0,0,False,False,,,False,False,,,False,False,False,
crypto_dual_momentum_cash_filter,standard,30,2018-02-12,2018-03-13,Tier 1 exploratory screen,False,False,False,False,deterministic_stratified_sample,3043,3000.0,0.0,3000.0,3000.0,0.0,0.0,0,False,False,,,False,False,,,False,False,False,
crypto_dual_momentum_cash_filter,standard,30,2018-02-13,2018-03-14,Tier 1 exploratory screen,False,False,False,False,deterministic_stratified_sample,3043,3000.0,0.0,3000.0,3000.0,0.0,0.0,0,False,False,,,False,False,,,False,False,False,
crypto_dual_momentum_cash_filter,standard,30,2018-02-14,2018-03-15,Tier 1 exploratory screen,False,False,False,False,deterministic_stratified_sample,3043,3000.0,0.0,3000.0,3000.0,0.0,0.0,0,False,False,,,False,False,,,False,False,False,
crypto_dual_momentum_cash_filter,standard,30,2018-02-16,2018-03-17,Tier 1 exploratory screen,False,False,False,False,deterministic_stratified_sample,3043,3000.0,0.0,3000.0,3000.0,0.0,0.0,0,False,False,,,False,False,,,False,False,False,
crypto_dual_momentum_cash_filter,standard,30,2018-02-17,2018-03-18,Tier 1 exploratory screen,False,False,False,False,deterministic_stratified_sample,3043,3000.0,0.0,3000.0,3000.0,0.0,0.0,0,False,False,,,False,False,,,False,False,False,
crypto_dual_momentum_cash_filter,standard,30,2018-02-18,2018-03-19,Tier 1 exploratory screen,False,False,False,False,deterministic_stratified_sample,3043,3000.0,0.0,3000.0,3000.0,0.0,0.0,0,False,False,,,False,False,,,False,False,False,
crypto_dual_momentum_cash_filter,standard,30,2018-03-03,2018-04-01,Tier 1 exploratory screen,False,False,False,False,deterministic_stratified_sample,3043,3000.0,0.0,3000.0,3000.0,0.0,0.0,0,False,False,,,False,False,,,False,False,False,
crypto_dual_momentum_cash_filter,standard,30,2018-03-16,2018-04-14,Tier 1 exploratory screen,False,False,False,False,deterministic_stratified_sample,3043,3000.0,0.0,3000.0,3000.0,0.0,0.0,0,False,False,,,False,False,,,False,False,False,
crypto_dual_momentum_cash_filter,standard,30,2018-04-06,2018-05-05,Tier 1 exploratory screen,False,False,False,False,deterministic_stratified_sample,3043,3000.0,0.0,3000.0,3000.0,0.0,0.0,0,False,False,,,False,False,,,False,False,False,
crypto_dual_momentum_cash_filter,standard,30,2018-04-22,2018-05-21,Tier 1 exploratory screen,False,False,False,False,deterministic_stratified_sample,3043,3000.0,0.0,3000.0,3000.0,0.0,0.0,0,False,False,,,False,False,,,False,False,False,
crypto_dual_momentum_cash_filter,standard,30,2018-05-22,2018-06-20,Tier 1 exploratory screen,False,False,False,False,deterministic_stratified_sample,3043,3000.0,0.0,3000.0,3000.0,0.0,0.0,0,False,False,,,False,False,,,False,False,False,
crypto_dual_momentum_cash_filter,standard,30,2018-05-29,2018-06-27,Tier 1 exploratory screen,False,False,False,False,deterministic_stratified_sample,3043,3000.0,0.0,3000.0,3000.0,0.0,0.0,0,False,False,,,False,False,,,False,False,False,
crypto_dual_momentum_cash_filter,standard,30,2018-07-05,2018-08-03,Tier 1 exploratory screen,False,False,False,False,deterministic_stratified_sample,3043,3000.0,0.0,3000.0,3000.0,0.0,0.0,0,False,False,,,False,False,,,False,False,False,
crypto_dual_momentum_cash_filter,standard,30,2018-07-07,2018-08-05,Tier 1 exploratory screen,False,False,False,False,deterministic_stratified_sample,3043,3000.0,0.0,3000.0,3000.0,0.0,0.0,0,False,False,,,False,False,,,False,False,False,
crypto_dual_momentum_cash_filter,standard,30,2018-08-11,2018-09-09,Tier 1 exploratory screen,False,False,False,False,deterministic_stratified_sample,3043,3000.0,0.0,3000.0,3000.0,0.0,0.0,0,False,False,,,False,False,,,False,False,False,
crypto_dual_momentum_cash_filter,standard,30,2018-08-22,2018-09-20,Tier 1 exploratory screen,False,False,False,False,deterministic_stratified_sample,3043,3000.0,0.0,3000.0,3000.0,0.0,0.0,0,False,False,,,False,False,,,False,False,False,
crypto_dual_momentum_cash_filter,standard,30,2018-09-17,2018-10-16,Tier 1 exploratory screen,False,False,False,False,deterministic_stratified_sample,3043,3000.0,0.0,3000.0,3000.0,0.0,0.0,0,False,False,,,False,False,,,False,False,False,
crypto_dual_momentum_cash_filter,standard,30,2018-10-07,2018-11-05,Tier 1 exploratory screen,False,False,False,False,deterministic_stratified_sample,3043,3000.0,0.0,3000.0,3000.0,0.0,0.0,0,False,False,,,False,False,,,False,False,False,
crypto_dual_momentum_cash_filter,standard,30,2018-10-24,2018-11-22,Tier 1 exploratory screen,False,False,False,False,deterministic_stratified_sample,3043,3000.0,0.0,3000.0,3000.0,0.0,0.0,0,False,False,,,False,False,,,False,False,False,
crypto_dual_momentum_cash_filter,standard,30,2018-11-10,2018-12-09,Tier 1 exploratory screen,False,False,False,False,deterministic_stratified_sample,3043,3000.0,0.0,3000.0,3000.0,0.0,0.0,0,False,False,,,False,False,,,False,False,False,
crypto_dual_momentum_cash_filter,standard,30,2018-11-11,2018-12-10,Tier 1 exploratory screen,False,False,False,False,deterministic_stratified_sample,3043,3000.0,0.0,3000.0,3000.0,0.0,0.0,0,False,False,,,False,False,,,False,False,False,
crypto_dual_momentum_cash_filter,standard,30,2018-11-12,2018-12-11,Tier 1 exploratory screen,False,False,False,False,deterministic_stratified_sample,3043,3000.0,0.0,3000.0,3000.0,0.0,0.0,0,False,False,,,False,False,,,False,False,False,
crypto_dual_momentum_cash_filter,standard,30,2018-11-13,2018-12-12,Tier 1 exploratory screen,False,False,False,False,deterministic_stratified_sample,3043,3000.0,0.0,3000.0,3000.0,0.0,0.0,0,False,False,,,False,False,,,False,False,False,
crypto_dual_momentum_cash_filter,standard,30,2018-11-22,2018-12-21,Tier 1 exploratory screen,False,False,False,False,deterministic_stratified_sample,3043,3000.0,0.0,3000.0,3000.0,0.0,0.0,0,False,False,,,False,False,,,False,False,False,
crypto_dual_momentum_cash_filter,standard,30,2018-11-30,2018-12-29,Tier 1 exploratory screen,False,False,False,False,deterministic_stratified_sample,3043,3000.0,0.0,3000.0,3000.0,0.0,0.0,0,False,False,,,False,False,,,False,False,False,
crypto_dual_momentum_cash_filter,standard,30,2019-01-06,2019-02-04,Tier 1 exploratory screen,False,False,False,False,deterministic_stratified_sample,3043,3000.0,0.0,3000.0,3000.0,0.0,0.0,0,False,False,,,False,False,,,False,False,False,
crypto_dual_momentum_cash_filter,standard,30,2019-01-07,2019-02-05,Tier 1 exploratory screen,False,False,False,False,deterministic_stratified_sample,3043,3000.0,0.0,3000.0,3000.0,0.0,0.0,0,False,False,,,False,False,,,False,False,False,
crypto_dual_momentum_cash_filter,standard,30,2019-02-13,2019-03-14,Tier 1 exploratory screen,False,False,False,False,deterministic_stratified_sample,3043,3000.0,0.0,3000.0,3000.0,0.0,0.0,0,False,False,,,False,False,,,False,False,False,
crypto_dual_momentum_cash_filter,standard,30,2019-02-22,2019-03-23,Tier 1 exploratory screen,False,False,False,False,deterministic_stratified_sample,3043,3000.0,0.0,3000.0,3000.0,0.0,0.0,0,False,False,,,False,False,,,False,False,False,
crypto_dual_momentum_cash_filter,standard,30,2019-03-22,2019-04-20,Tier 1 exploratory screen,False,False,False,False,deterministic_stratified_sample,3043,3077.1758353108553,0.025725278436951715,3077.1758353108553,2919.5675557479417,-149.92124479619042,-0.048842414661885616,1,False,False,,,False,False,,,False,False,False,
crypto_dual_momentum_cash_filter,standard,30,2019-03-26,2019-04-24,Tier 1 exploratory screen,False,False,False,False,deterministic_stratified_sample,3043,3150.3773261488554,0.05012577538295182,3212.3462151938174,2919.5675557479417,-149.92124479619042,-0.048842414661885616,1,False,False,,,False,False,,,False,False,False,
crypto_dual_momentum_cash_filter,standard,30,2019-03-27,2019-04-25,Tier 1 exploratory screen,False,False,False,False,deterministic_stratified_sample,3043,3003.749439101783,0.0012498130339277935,3212.3462151938174,2919.5675557479417,-208.59677609203436,-0.06493595712237034,1,False,False,,,False,False,,,False,False,False,
crypto_dual_momentum_cash_filter,standard,30,2019-03-28,2019-04-26,Tier 1 exploratory screen,False,False,False,False,deterministic_stratified_sample,3043,3043.429896241561,0.014476632080520302,3212.3462151938174,2919.5675557479417,-208.59677609203436,-0.06493595712237034,1,False,False,,,False,False,,,False,False,False,
crypto_dual_momentum_cash_filter,standard,30,2019-03-29,2019-04-27,Tier 1 exploratory screen,False,False,False,False,deterministic_stratified_sample,3043,3037.055700837392,0.0123519002791308,3212.3462151938174,2919.5675557479417,-208.59677609203436,-0.06493595712237034,1,False,False,,,False,False,,,False,False,False,
crypto_dual_momentum_cash_filter,standard,30,2019-03-30,2019-04-28,Tier 1 exploratory screen,False,False,False,False,deterministic_stratified_sample,3043,3046.768291361607,0.015589430453869069,3212.3462151938174,2919.5675557479417,-208.59677609203436,-0.06493595712237034,1,False,False,,,False,False,,,False,False,False,
crypto_dual_momentum_cash_filter,standard,30,2019-03-31,2019-04-29,Tier 1 exploratory screen,False,False,False,False,deterministic_stratified_sample,3043,3024.985122461523,0.008328374153841134,3212.3462151938174,2919.5675557479417,-208.59677609203436,-0.06493595712237034,1,False,False,,,False,False,,,False,False,False,
crypto_dual_momentum_cash_filter,standard,30,2019-04-01,2019-04-30,Tier 1 exploratory screen,False,False,False,False,deterministic_stratified_sample,3043,3084.5780087064586,0.028192669568819495,3212.3462151938174,2919.5675557479417,-208.59677609203436,-0.06493595712237034,1,False,False,,,False,False,,,False,False,False,
crypto_dual_momentum_cash_filter,standard,30,2019-04-28,2019-05-27,Tier 1 exploratory screen,False,False,False,False,deterministic_stratified_sample,3043,4993.38363529013,0.6644612117633766,4993.38363529013,2975.5512055887098,-529.6091061256711,-0.11382581861755374,1,True,True,2019-05-04,6,True,True,2019-05-09,11,False,False,False,
crypto_dual_momentum_cash_filter,standard,30,2019-05-20,2019-06-18,Tier 1 exploratory screen,False,False,False,False,deterministic_stratified_sample,3043,3138.2192618385297,0.04607308727950987,3220.664406955761,2656.628740825847,-386.22362907236584,-0.12692815231298438,1,False,False,,,False,False,,,False,False,False,
crypto_dual_momentum_cash_filter,standard,30,2019-06-04,2019-07-03,Tier 1 exploratory screen,False,False,False,False,deterministic_stratified_sample,3043,4662.976793306062,0.5543255977686874,5074.242747161805,3000.0,-948.5174900215779,-0.18692788998951929,1,True,True,2019-06-14,10,True,True,2019-06-15,11,False,True,True,2019-06-27
crypto_dual_momentum_cash_filter,standard,30,2019-07-10,2019-08-08,Tier 1 exploratory screen,False,False,False,False,deterministic_stratified_sample,3043,3496.999137856456,0.16566637928548533,3496.999137856456,2769.6955219781016,-414.2275276979476,-0.130099729558506,1,True,True,2019-08-05,26,True,True,2019-08-05,26,False,False,False,
crypto_dual_momentum_cash_filter,standard,30,2019-07-11,2019-08-09,Tier 1 exploratory screen,False,False,False,False,deterministic_stratified_sample,3043,3466.7614104608565,0.15558713682028547,3496.999137856456,2769.6955219781016,-414.2275276979476,-0.130099729558506,1,True,True,2019-08-05,25,True,True,2019-08-05,25,False,False,False,
crypto_dual_momentum_cash_filter,standard,30,2019-08-17,2019-09-15,Tier 1 exploratory screen,False,False,False,False,deterministic_stratified_sample,3043,2997.707821305812,-0.000764059564729247,3162.354805642003,2755.082384775214,-407.27242086678916,-0.128787705965241,1,False,False,,,False,False,,,False,False,False,
crypto_dual_momentum_cash_filter,standard,30,2019-08-30,2019-09-28,Tier 1 exploratory screen,False,False,False,False,deterministic_stratified_sample,3043,3090.038285373601,0.03001276179120027,3263.031227177145,3000.0,-185.46492861215984,-0.056838232827028726,2,False,False,,,False,False,,,False,False,False,
crypto_dual_momentum_cash_filter,standard,30,2019-09-23,2019-10-22,Tier 1 exploratory screen,False,False,False,False,deterministic_stratified_sample,3043,3000.0,0.0,3000.0,3000.0,0.0,0.0,0,False,False,,,False,False,,,False,False,False,
crypto_dual_momentum_cash_filter,standard,30,2019-10-03,2019-11-01,Tier 1 exploratory screen,False,False,False,False,deterministic_stratified_sample,3043,2905.723573527662,-0.03142547549077923,3000.0,2886.4214749133666,-113.57852508663336,-0.03785950836221112,1,False,False,,,False,False,,,False,False,False,
crypto_dual_momentum_cash_filter,standard,30,2019-10-30,2019-11-28,Tier 1 exploratory screen,False,False,False,False,deterministic_stratified_sample,3043,3000.0,0.0,3000.0,3000.0,0.0,0.0,0,False,False,,,False,False,,,False,False,False,
crypto_dual_momentum_cash_filter,standard,30,2019-12-01,2019-12-30,Tier 1 exploratory screen,False,False,False,False,deterministic_stratified_sample,3043,3000.0,0.0,3000.0,3000.0,0.0,0.0,0,False,False,,,False,False,,,False,False,False,
crypto_dual_momentum_cash_filter,standard,30,2019-12-06,2020-01-04,Tier 1 exploratory screen,False,False,False,False,deterministic_stratified_sample,3043,3000.0,0.0,3000.0,3000.0,0.0,0.0,0,False,False,,,False,False,,,False,False,False,
crypto_dual_momentum_cash_filter,standard,30,2020-01-12,2020-02-10,Tier 1 exploratory screen,False,False,False,False,deterministic_stratified_sample,3043,3551.6419027296165,0.18388063424320555,3631.9765284359096,3000.0,-80.33462570629308,-0.0221187072871555,1,True,True,2020-02-06,25,True,True,2020-02-07,26,False,False,False,
crypto_dual_momentum_cash_filter,standard,30,2020-01-16,2020-02-14,Tier 1 exploratory screen,False,False,False,False,deterministic_stratified_sample,3043,4516.045820941272,0.5053486069804238,4516.045820941272,3000.0,-80.33462570629308,-0.0221187072871555,1,True,True,2020-02-06,21,True,True,2020-02-07,22,False,False,False,
crypto_dual_momentum_cash_filter,standard,30,2020-02-08,2020-03-08,Tier 1 exploratory screen,False,False,False,False,deterministic_stratified_sample,3043,2631.2680599144874,-0.12291064669517093,3726.4235531073496,2631.2680599144874,-1095.1554931928622,-0.29388916143996724,1,True,True,2020-02-12,4,True,True,2020-02-12,4,False,True,True,2020-02-26
crypto_dual_momentum_cash_filter,standard,30,2020-02-19,2020-03-19,Tier 1 exploratory screen,False,False,False,False,deterministic_stratified_sample,3043,1369.4035873479572,-0.543532137550681,3000.0,1229.9118565202837,-1770.0881434797163,-0.5900293811599054,2,False,False,,,False,False,,,True,True,True,2020-03-01
crypto_dual_momentum_cash_filter,standard,30,2020-03-12,2020-04-10,Tier 1 exploratory screen,False,False,False,False,deterministic_stratified_sample,3043,3000.0,0.0,3000.0,3000.0,0.0,0.0,0,False,False,,,False,False,,,False,False,False,
crypto_dual_momentum_cash_filter,standard,30,2020-03-13,2020-04-11,Tier 1 exploratory screen,False,False,False,False,deterministic_stratified_sample,3043,3000.0,0.0,3000.0,3000.0,0.0,0.0,0,False,False,,,False,False,,,False,False,False,
crypto_dual_momentum_cash_filter,standard,30,2020-03-14,2020-04-12,Tier 1 exploratory screen,False,False,False,False,deterministic_stratified_sample,3043,3000.0,0.0,3000.0,3000.0,0.0,0.0,0,False,False,,,False,False,,,False,False,False,
crypto_dual_momentum_cash_filter,standard,30,2020-03-15,2020-04-13,Tier 1 exploratory screen,False,False,False,False,deterministic_stratified_sample,3043,3000.0,0.0,3000.0,3000.0,0.0,0.0,0,False,False,,,False,False,,,False,False,False,
crypto_dual_momentum_cash_filter,standard,30,2020-03-16,2020-04-14,Tier 1 exploratory screen,False,False,False,False,deterministic_stratified_sample,3043,3000.0,0.0,3000.0,3000.0,0.0,0.0,0,False,False,,,False,False,,,False,False,False,
crypto_dual_momentum_cash_filter,standard,30,2020-03-17,2020-04-15,Tier 1 exploratory screen,False,False,False,False,deterministic_stratified_sample,3043,3000.0,0.0,3000.0,3000.0,0.0,0.0,0,False,False,,,False,False,,,False,False,False,
crypto_dual_momentum_cash_filter,standard,30,2020-03-18,2020-04-16,Tier 1 exploratory screen,False,False,False,False,deterministic_stratified_sample,3043,3000.0,0.0,3000.0,3000.0,0.0,0.0,0,False,False,,,False,False,,,False,False,False,
crypto_dual_momentum_cash_filter,standard,30,2020-03-19,2020-04-17,Tier 1 exploratory screen,False,False,False,False,deterministic_stratified_sample,3043,3000.0,0.0,3000.0,3000.0,0.0,0.0,0,False,False,,,False,False,,,False,False,False,
crypto_dual_momentum_cash_filter,standard,30,2020-03-20,2020-04-18,Tier 1 exploratory screen,False,False,False,False,deterministic_stratified_sample,3043,3000.0,0.0,3000.0,3000.0,0.0,0.0,0,False,False,,,False,False,,,False,False,False,
crypto_dual_momentum_cash_filter,standard,30,2020-03-21,2020-04-19,Tier 1 exploratory screen,False,False,False,False,deterministic_stratified_sample,3043,3000.0,0.0,3000.0,3000.0,0.0,0.0,0,False,False,,,False,False,,,False,False,False,
crypto_dual_momentum_cash_filter,standard,30,2020-03-22,2020-04-20,Tier 1 exploratory screen,False,False,False,False,deterministic_stratified_sample,3043,2843.084350964241,-0.05230521634525298,3000.0,2843.084350964241,-156.9156490357591,-0.05230521634525303,1,False,False,,,False,False,,,False,False,False,
crypto_dual_momentum_cash_filter,standard,30,2020-03-23,2020-04-21,Tier 1 exploratory screen,False,False,False,False,deterministic_stratified_sample,3043,2850.353666318359,-0.049882111227213644,3000.0,2843.084350964241,-156.9156490357591,-0.05230521634525303,1,False,False,,,False,False,,,False,False,False,
crypto_dual_momentum_cash_filter,standard,30,2020-03-24,2020-04-22,Tier 1 exploratory screen,False,False,False,False,deterministic_stratified_sample,3043,3013.085011539839,0.004361670513279625,3013.085011539839,2843.084350964241,-156.9156490357591,-0.05230521634525303,1,False,False,,,False,False,,,False,False,False,
crypto_dual_momentum_cash_filter,standard,30,2020-03-25,2020-04-23,Tier 1 exploratory screen,False,False,False,False,deterministic_stratified_sample,3043,3053.1675898768594,0.01772252995895318,3053.1675898768594,2843.084350964241,-156.9156490357591,-0.05230521634525303,1,False,False,,,False,False,,,False,False,False,
crypto_dual_momentum_cash_filter,standard,30,2020-03-26,2020-04-24,Tier 1 exploratory screen,False,False,False,False,deterministic_stratified_sample,3043,3122.608422873925,0.04086947429130827,3122.608422873925,2843.084350964241,-156.9156490357591,-0.05230521634525303,1,False,False,,,False,False,,,False,False,False,
crypto_dual_momentum_cash_filter,standard,30,2020-03-27,2020-04-25,Tier 1 exploratory screen,False,False,False,False,deterministic_stratified_sample,3043,3226.2080635614684,0.07540268785382276,3226.2080635614684,2843.084350964241,-156.9156490357591,-0.05230521634525303,1,False,False,,,False,False,,,False,False,False,
crypto_dual_momentum_cash_filter,standard,30,2020-03-28,2020-04-26,Tier 1 exploratory screen,False,False,False,False,deterministic_stratified_sample,3043,3255.9467669590044,0.08531558898633484,3255.9467669590044,2843.084350964241,-156.9156490357591,-0.05230521634525303,1,False,False,,,False,False,,,False,False,False,
crypto_dual_momentum_cash_filter,standard,30,2020-03-29,2020-04-27,Tier 1 exploratory screen,False,False,False,False,deterministic_stratified_sample,3043,3254.4151523526825,0.08480505078422751,3255.9467669590044,2843.084350964241,-156.9156490357591,-0.05230521634525303,1,False,False,,,False,False,,,False,False,False,
crypto_dual_momentum_cash_filter,standard,30,2020-03-30,2020-04-28,Tier 1 exploratory screen,False,False,False,False,deterministic_stratified_sample,3043,3274.062522229464,0.09135417407648805,3274.062522229464,2843.084350964241,-156.9156490357591,-0.05230521634525303,1,False,False,,,False,False,,,False,False,False,
crypto_dual_momentum_cash_filter,standard,30,2020-03-31,2020-04-29,Tier 1 exploratory screen,False,False,False,False,deterministic_stratified_sample,3043,3580.2039057440547,0.19340130191468496,3580.2039057440547,2843.084350964241,-156.9156490357591,-0.05230521634525303,1,True,True,2020-04-29,29,True,True,2020-04-29,29,False,False,False,
crypto_dual_momentum_cash_filter,standard,30,2020-04-01,2020-04-30,Tier 1 exploratory screen,False,False,False,False,deterministic_stratified_sample,3043,3425.6520824855784,0.1418840274951927,3580.2039057440547,2843.084350964241,-156.9156490357591,-0.05230521634525303,1,True,True,2020-04-29,28,True,True,2020-04-29,28,False,False,False,
crypto_dual_momentum_cash_filter,standard,30,2020-04-02,2020-05-01,Tier 1 exploratory screen,False,False,False,False,deterministic_stratified_sample,3043,3534.840366573074,0.17828012219102463,3580.2039057440547,2843.084350964241,-156.9156490357591,-0.05230521634525303,1,True,True,2020-04-29,27,True,True,2020-04-29,27,False,False,False,
crypto_dual_momentum_cash_filter,standard,30,2020-04-03,2020-05-02,Tier 1 exploratory screen,False,False,False,False,deterministic_stratified_sample,3043,3553.0951077489567,0.18436503591631892,3580.2039057440547,2843.084350964241,-156.9156490357591,-0.05230521634525303,1,True,True,2020-04-29,26,True,True,2020-04-29,26,False,False,False,
crypto_dual_momentum_cash_filter,standard,30,2020-04-04,2020-05-03,Tier 1 exploratory screen,False,False,False,False,deterministic_stratified_sample,3043,3480.6187420059086,0.16020624733530298,3580.2039057440547,2843.084350964241,-156.9156490357591,-0.05230521634525303,1,True,True,2020-04-29,25,True,True,2020-04-29,25,False,False,False,
crypto_dual_momentum_cash_filter,standard,30,2020-04-05,2020-05-04,Tier 1 exploratory screen,False,False,False,False,deterministic_stratified_sample,3043,3435.090031179207,0.14503001039306906,3580.2039057440547,2843.084350964241,-156.9156490357591,-0.05230521634525303,1,True,True,2020-04-29,24,True,True,2020-04-29,24,False,False,False,
crypto_dual_momentum_cash_filter,standard,30,2020-04-06,2020-05-05,Tier 1 exploratory screen,False,False,False,False,deterministic_stratified_sample,3043,3411.9949547753254,0.13733165159177507,3580.2039057440547,2843.084350964241,-168.20895096872937,-0.05230521634525303,1,True,True,2020-04-29,23,True,True,2020-04-29,23,False,False,False,
crypto_dual_momentum_cash_filter,standard,30,2020-04-07,2020-05-06,Tier 1 exploratory screen,False,False,False,False,deterministic_stratified_sample,3043,3367.1349877254424,0.12237832924181413,3580.2039057440547,2843.084350964241,-213.0689180186123,-0.05951306786654413,1,True,True,2020-04-29,22,True,True,2020-04-29,22,False,False,False,
crypto_dual_momentum_cash_filter,standard,30,2020-04-08,2020-05-07,Tier 1 exploratory screen,False,False,False,False,deterministic_stratified_sample,3043,3502.9984942117703,0.16766616473725682,3580.2039057440547,2843.084350964241,-213.0689180186123,-0.05951306786654413,1,True,True,2020-04-29,21,True,True,2020-04-29,21,False,False,False,
crypto_dual_momentum_cash_filter,standard,30,2020-04-09,2020-05-08,Tier 1 exploratory screen,False,False,False,False,deterministic_stratified_sample,3043,3514.5849333600668,0.17152831112002231,3580.2039057440547,2843.084350964241,-213.0689180186123,-0.05951306786654413,1,True,True,2020-04-29,20,True,True,2020-04-29,20,False,False,False,
crypto_dual_momentum_cash_filter,standard,30,2020-04-10,2020-05-09,Tier 1 exploratory screen,False,False,False,False,deterministic_stratified_sample,3043,3491.6245624985786,0.16387485416619296,3580.2039057440547,2843.084350964241,-213.0689180186123,-0.05951306786654413,1,True,True,2020-04-29,19,True,True,2020-04-29,19,False,False,False,
crypto_dual_momentum_cash_filter,standard,30,2020-05-03,2020-06-01,Tier 1 exploratory screen,False,False,False,False,deterministic_stratified_sample,3043,2874.1045209076365,-0.04196515969745451,3026.2065681457348,2676.9626503874783,-349.24391775825643,-0.11540650312323217,3,False,False,,,False,False,,,False,False,False,
crypto_dual_momentum_cash_filter,standard,30,2020-05-25,2020-06-23,Tier 1 exploratory screen,False,False,False,False,deterministic_stratified_sample,3043,3094.7316607106004,0.03157722023686671,3220.931588819466,2879.1917173922607,-341.73987142720534,-0.106099698799396,2,False,False,,,False,False,,,False,False,False,
crypto_dual_momentum_cash_filter,standard,30,2020-06-09,2020-07-08,Tier 1 exploratory screen,False,False,False,False,deterministic_stratified_sample,3043,3157.6682607560797,0.05255608691869318,3157.6682607560797,2854.1493645066944,-271.15926231144294,-0.08676239523502963,1,False,False,,,False,False,,,False,False,False,
crypto_dual_momentum_cash_filter,standard,30,2020-07-15,2020-08-13,Tier 1 exploratory screen,False,False,False,False,deterministic_stratified_sample,3043,5387.814179268848,0.7959380597562828,5387.814179268848,2967.6355627857492,-277.44134112307256,-0.05497571303076459,1,True,True,2020-07-23,8,True,True,2020-07-23,8,False,False,False,
crypto_dual_momentum_cash_filter,standard,30,2020-07-16,2020-08-14,Tier 1 exploratory screen,False,False,False,False,deterministic_stratified_sample,3043,5496.5908754805605,0.8321969584935203,5496.5908754805605,2967.6355627857492,-277.44134112307256,-0.05497571303076459,1,True,True,2020-07-23,7,True,True,2020-07-23,7,False,False,False,
crypto_dual_momentum_cash_filter,standard,30,2020-07-22,2020-08-20,Tier 1 exploratory screen,False,False,False,False,deterministic_stratified_sample,3043,4030.815134868131,0.3436050449560437,4233.672739655921,3000.0,-299.41769824133144,-0.07072291994531106,1,True,True,2020-07-31,9,True,True,2020-08-01,10,False,False,False,
crypto_dual_momentum_cash_filter,standard,30,2020-07-23,2020-08-21,Tier 1 exploratory screen,False,False,False,False,deterministic_stratified_sample,3043,3766.442097854379,0.2554806992847929,4233.672739655921,3000.0,-467.2306418015419,-0.11036059481525128,1,True,True,2020-07-31,8,True,True,2020-08-01,9,False,False,False,
crypto_dual_momentum_cash_filter,standard,30,2020-07-24,2020-08-22,Tier 1 exploratory screen,False,False,False,False,deterministic_stratified_sample,3043,3831.3781064206587,0.27712603547355297,4233.672739655921,3000.0,-467.2306418015419,-0.11036059481525128,1,True,True,2020-07-31,7,True,True,2020-08-01,8,False,False,False,
crypto_dual_momentum_cash_filter,standard,30,2020-07-25,2020-08-23,Tier 1 exploratory screen,False,False,False,False,deterministic_stratified_sample,3043,3788.299226205143,0.26276640873504764,4233.672739655921,3000.0,-467.2306418015419,-0.11036059481525128,1,True,True,2020-07-31,6,True,True,2020-08-01,7,False,False,False,
crypto_dual_momentum_cash_filter,standard,30,2020-07-26,2020-08-24,Tier 1 exploratory screen,False,False,False,False,deterministic_stratified_sample,3043,3950.5202068380167,0.3168400689460056,4233.672739655921,3000.0,-467.2306418015419,-0.11036059481525128,1,True,True,2020-07-31,5,True,True,2020-08-01,6,False,False,False,
crypto_dual_momentum_cash_filter,standard,30,2020-08-22,2020-09-20,Tier 1 exploratory screen,False,False,False,False,deterministic_stratified_sample,3043,2841.428454156936,-0.05285718194768807,3653.1425651656186,2567.336611260681,-1085.8059539049377,-0.2972251792904534,1,True,True,2020-08-31,9,True,True,2020-09-01,10,False,True,True,2020-09-03
crypto_dual_momentum_cash_filter,standard,30,2020-09-04,2020-10-03,Tier 1 exploratory screen,False,False,False,False,deterministic_stratified_sample,3043,2938.980087875708,-0.020339970708097455,3299.4137361865196,2723.504311191987,-575.9094249945324,-0.17454901720212018,1,False,False,,,False,False,,,False,False,False,
crypto_dual_momentum_cash_filter,standard,30,2020-09-28,2020-10-27,Tier 1 exploratory screen,False,False,False,False,deterministic_stratified_sample,3043,3434.0780692200706,0.14469268974002358,3517.1760567098736,2897.0218705865154,-182.7746899009494,-0.055456602024780935,1,True,True,2020-10-21,23,True,True,2020-10-22,24,False,False,False,
crypto_dual_momentum_cash_filter,standard,30,2020-10-25,2020-11-23,Tier 1 exploratory screen,False,False,False,False,deterministic_stratified_sample,3043,3901.174625998934,0.3003915419996448,3960.255093337682,2824.286864058567,-175.71313594143294,-0.05857104531381098,2,True,True,2020-11-05,11,True,True,2020-11-12,18,False,False,False,
crypto_dual_momentum_cash_filter,standard,30,2020-11-04,2020-12-03,Tier 1 exploratory screen,False,False,False,False,deterministic_stratified_sample,3043,3764.788602527052,0.25492953417568387,3799.722782232953,2960.4440891829477,-387.03489362426353,-0.10462206872273205,1,True,True,2020-11-17,13,True,True,2020-11-17,13,False,False,False,
crypto_dual_momentum_cash_filter,standard,30,2020-12-11,2021-01-09,Tier 1 exploratory screen,False,False,False,False,deterministic_stratified_sample,3043,6302.430181201583,1.1008100604005278,6387.454451898427,3000.0,-167.01510556493577,-0.044690301909264665,1,True,True,2020-12-16,5,True,True,2020-12-17,6,False,False,False,
crypto_dual_momentum_cash_filter,standard,30,2020-12-15,2021-01-13,Tier 1 exploratory screen,False,False,False,False,deterministic_stratified_sample,3043,4763.488274491579,0.5878294248305265,5207.874967977104,2910.8470305626906,-877.5590055342336,-0.16850615864057583,1,True,True,2020-12-26,11,True,True,2020-12-28,13,False,True,True,2021-01-11
crypto_dual_momentum_cash_filter,standard,30,2021-01-17,2021-02-15,Tier 1 exploratory screen,False,False,False,False,deterministic_stratified_sample,3043,4336.099135970555,0.4453663786568516,4491.3925356856225,2732.479637671704,-635.1501862483296,-0.1886045139928692,1,True,True,2021-01-19,2,True,False,2021-02-02,16,False,True,True,2021-01-21
crypto_dual_momentum_cash_filter,standard,30,2021-02-04,2021-03-05,Tier 1 exploratory screen,False,False,False,False,deterministic_stratified_sample,3043,2846.917858082424,-0.05102738063919199,3639.548072323231,2629.2576217828137,-1010.2904505404172,-0.2775867856295463,1,True,True,2021-02-11,7,True,True,2021-02-12,8,False,True,True,2021-02-23
crypto_dual_momentum_cash_filter,standard,30,2021-02-24,2021-03-25,Tier 1 exploratory screen,False,False,False,False,deterministic_stratified_sample,3043,3376.8228088640494,0.1256076029546831,4073.892216084514,3000.0,-701.187993330499,-0.17211746313809512,1,True,True,2021-03-01,5,True,True,2021-03-06,10,False,True,True,2021-03-24
crypto_dual_momentum_cash_filter,standard,30,2021-03-27,2021-04-25,Tier 1 exploratory screen,False,False,False,False,deterministic_stratified_sample,3043,4104.233947473259,0.36807798249108625,4464.065779260104,3000.0,-625.4143913150797,-0.14009972573001353,1,True,True,2021-03-31,4,True,True,2021-04-01,5,False,True,True,2021-04-19
crypto_dual_momentum_cash_filter,standard,30,2021-04-02,2021-05-01,Tier 1 exploratory screen,False,False,False,False,deterministic_stratified_sample,3043,4218.052891637506,0.4060176305458354,4218.052891637506,2822.271101537303,-505.33638205363104,-0.1400997257300135,1,True,True,2021-04-14,12,True,True,2021-04-14,12,False,False,False,
crypto_dual_momentum_cash_filter,standard,30,2021-05-09,2021-06-07,Tier 1 exploratory screen,False,False,False,False,deterministic_stratified_sample,3043,1975.9154169031951,-0.3413615276989349,3179.986097992618,1609.238529721373,-1570.747568271245,-0.4939479355783307,1,False,False,,,False,False,,,True,True,True,2021-05-17
crypto_dual_momentum_cash_filter,standard,30,2021-05-17,2021-06-15,Tier 1 exploratory screen,False,False,False,False,deterministic_stratified_sample,3043,3710.008794794381,0.23666959826479372,4104.694463930461,3000.0,-865.6203940200494,-0.21088546337043862,1,True,True,2021-05-24,7,True,True,2021-05-24,7,False,True,True,2021-05-28
crypto_dual_momentum_cash_filter,standard,30,2021-06-13,2021-07-12,Tier 1 exploratory screen,False,False,False,False,deterministic_stratified_sample,3043,2433.4813046274517,-0.18883956512418276,3119.5561862270033,2166.4382183141697,-953.1179679128336,-0.3055299892083679,1,False,False,,,False,False,,,True,True,True,2021-06-21
crypto_dual_momentum_cash_filter,standard,30,2021-06-15,2021-07-14,Tier 1 exploratory screen,False,False,False,False,deterministic_stratified_sample,3043,2660.2436701746406,-0.11325210994178647,3100.895913339847,2418.655219582886,-581.3447804171142,-0.1937815934723714,1,False,False,,,False,False,,,False,False,False,
crypto_dual_momentum_cash_filter,standard,30,2021-07-22,2021-08-20,Tier 1 exploratory screen,False,False,False,False,deterministic_stratified_sample,3043,3142.945209593954,0.04764840319798469,3142.945209593954,2847.1303667808775,-152.86963321912253,-0.05095654440637418,1,False,False,,,False,False,,,False,False,False,
crypto_dual_momentum_cash_filter,standard,30,2021-07-29,2021-08-27,Tier 1 exploratory screen,False,False,False,False,deterministic_stratified_sample,3043,3125.076636161367,0.041692212053789035,3156.1295343861216,2847.1303667808775,-165.8724169558932,-0.05255564296354394,1,False,False,,,False,False,,,False,False,False,
crypto_dual_momentum_cash_filter,standard,30,2021-08-28,2021-09-26,Tier 1 exploratory screen,False,False,False,False,deterministic_stratified_sample,3043,2533.428876892104,-0.1555237077026319,3230.3356885224953,2287.028992752534,-943.3066957699612,-0.2920150680071936,2,False,False,,,False,False,,,True,True,True,2021-09-20
crypto_dual_momentum_cash_filter,standard,30,2021-10-04,2021-11-02,Tier 1 exploratory screen,False,False,False,False,deterministic_stratified_sample,3043,4011.002973286686,0.33700099109556203,4011.002973286686,3000.0,-251.6235128227804,-0.06819061629883579,1,True,True,2021-10-14,10,True,True,2021-10-20,16,False,False,False,
crypto_dual_momentum_cash_filter,standard,30,2021-10-13,2021-11-11,Tier 1 exploratory screen,False,False,False,False,deterministic_stratified_sample,3043,3685.0024271707407,0.22833414239024696,3748.6497328187074,2920.310449341086,-224.05770197101856,-0.06819061629883584,1,True,True,2021-10-28,15,True,True,2021-10-29,16,False,False,False,
crypto_dual_momentum_cash_filter,standard,30,2021-11-10,2021-12-09,Tier 1 exploratory screen,False,False,False,False,deterministic_stratified_sample,3043,2668.816207598475,-0.11039459746717495,3000.271487098711,2591.621111030688,-408.3788889693119,-0.13612629632310397,1,False,False,,,False,False,,,False,False,False,
crypto_dual_momentum_cash_filter,standard,30,2021-12-03,2022-01-01,Tier 1 exploratory screen,False,False,False,False,deterministic_stratified_sample,3043,2691.121870324002,-0.10295937655866605,3169.181261552177,2590.346402483135,-578.8348590690421,-0.18264492034309984,1,False,False,,,False,False,,,False,False,False,
crypto_dual_momentum_cash_filter,standard,30,2021-12-17,2022-01-15,Tier 1 exploratory screen,False,False,False,False,deterministic_stratified_sample,3043,2410.228530642448,-0.1965904897858507,3138.678816770566,2362.383682074162,-776.2951346964037,-0.2473318169888901,2,False,False,,,False,False,,,True,True,True,2022-01-07
crypto_dual_momentum_cash_filter,standard,30,2022-01-09,2022-02-07,Tier 1 exploratory screen,False,False,False,False,deterministic_stratified_sample,3043,3000.0,0.0,3000.0,3000.0,0.0,0.0,0,False,False,,,False,False,,,False,False,False,
crypto_dual_momentum_cash_filter,standard,30,2022-01-23,2022-02-21,Tier 1 exploratory screen,False,False,False,False,deterministic_stratified_sample,3043,3000.0,0.0,3000.0,3000.0,0.0,0.0,0,False,False,,,False,False,,,False,False,False,
crypto_dual_momentum_cash_filter,standard,30,2022-02-24,2022-03-25,Tier 1 exploratory screen,False,False,False,False,deterministic_stratified_sample,3043,3000.0,0.0,3000.0,3000.0,0.0,0.0,0,False,False,,,False,False,,,False,False,False,
crypto_dual_momentum_cash_filter,standard,30,2022-03-01,2022-03-30,Tier 1 exploratory screen,False,False,False,False,deterministic_stratified_sample,3043,3000.0,0.0,3000.0,3000.0,0.0,0.0,0,False,False,,,False,False,,,False,False,False,
crypto_dual_momentum_cash_filter,standard,30,2022-04-08,2022-05-07,Tier 1 exploratory screen,False,False,False,False,deterministic_stratified_sample,3043,3000.0,0.0,3000.0,3000.0,0.0,0.0,0,False,False,,,False,False,,,False,False,False,
crypto_dual_momentum_cash_filter,standard,30,2022-04-11,2022-05-10,Tier 1 exploratory screen,False,False,False,False,deterministic_stratified_sample,3043,3000.0,0.0,3000.0,3000.0,0.0,0.0,0,False,False,,,False,False,,,False,False,False,
crypto_dual_momentum_cash_filter,standard,30,2022-05-15,2022-06-13,Tier 1 exploratory screen,False,False,False,False,deterministic_stratified_sample,3043,3000.0,0.0,3000.0,3000.0,0.0,0.0,0,False,False,,,False,False,,,False,False,False,
crypto_dual_momentum_cash_filter,standard,30,2022-05-27,2022-06-25,Tier 1 exploratory screen,False,False,False,False,deterministic_stratified_sample,3043,3000.0,0.0,3000.0,3000.0,0.0,0.0,0,False,False,,,False,False,,,False,False,False,
crypto_dual_momentum_cash_filter,standard,30,2022-06-21,2022-07-20,Tier 1 exploratory screen,False,False,False,False,deterministic_stratified_sample,3043,3000.0,0.0,3000.0,3000.0,0.0,0.0,0,False,False,,,False,False,,,False,False,False,
crypto_dual_momentum_cash_filter,standard,30,2022-07-12,2022-08-10,Tier 1 exploratory screen,False,False,False,False,deterministic_stratified_sample,3043,3000.0,0.0,3000.0,3000.0,0.0,0.0,0,False,False,,,False,False,,,False,False,False,
crypto_dual_momentum_cash_filter,standard,30,2022-07-28,2022-08-26,Tier 1 exploratory screen,False,False,False,False,deterministic_stratified_sample,3043,3000.0,0.0,3000.0,3000.0,0.0,0.0,0,False,False,,,False,False,,,False,False,False,
crypto_dual_momentum_cash_filter,standard,30,2022-08-27,2022-09-25,Tier 1 exploratory screen,False,False,False,False,deterministic_stratified_sample,3043,3000.0,0.0,3000.0,3000.0,0.0,0.0,0,False,False,,,False,False,,,False,False,False,
crypto_dual_momentum_cash_filter,standard,30,2022-09-03,2022-10-02,Tier 1 exploratory screen,False,False,False,False,deterministic_stratified_sample,3043,3000.0,0.0,3000.0,3000.0,0.0,0.0,0,False,False,,,False,False,,,False,False,False,
crypto_dual_momentum_cash_filter,standard,30,2022-10-10,2022-11-08,Tier 1 exploratory screen,False,False,False,False,deterministic_stratified_sample,3043,3000.0,0.0,3000.0,3000.0,0.0,0.0,0,False,False,,,False,False,,,False,False,False,
crypto_dual_momentum_cash_filter,standard,30,2022-10-12,2022-11-10,Tier 1 exploratory screen,False,False,False,False,deterministic_stratified_sample,3043,3000.0,0.0,3000.0,3000.0,0.0,0.0,0,False,False,,,False,False,,,False,False,False,
crypto_dual_momentum_cash_filter,standard,30,2022-11-16,2022-12-15,Tier 1 exploratory screen,False,False,False,False,deterministic_stratified_sample,3043,3000.0,0.0,3000.0,3000.0,0.0,0.0,0,False,False,,,False,False,,,False,False,False,
crypto_dual_momentum_cash_filter,standard,30,2022-11-27,2022-12-26,Tier 1 exploratory screen,False,False,False,False,deterministic_stratified_sample,3043,3000.0,0.0,3000.0,3000.0,0.0,0.0,0,False,False,,,False,False,,,False,False,False,
crypto_dual_momentum_cash_filter,standard,30,2022-12-23,2023-01-21,Tier 1 exploratory screen,False,False,False,False,deterministic_stratified_sample,3043,3141.1355539117385,0.04704518463724616,3204.1390033577823,2925.6712223735644,-118.39027640076256,-0.03889220912535167,1,False,False,,,False,False,,,False,False,False,
crypto_dual_momentum_cash_filter,standard,30,2023-01-12,2023-02-10,Tier 1 exploratory screen,False,False,False,False,deterministic_stratified_sample,3043,2888.0349872431952,-0.0373216709189349,3204.1390033577823,2888.0349872431952,-316.104016114587,-0.09865490098379794,2,False,False,,,False,False,,,False,False,False,
crypto_dual_momentum_cash_filter,standard,30,2023-01-29,2023-02-27,Tier 1 exploratory screen,False,False,False,False,deterministic_stratified_sample,3043,2965.1500845502705,-0.011616638483243125,3129.8114628671187,2729.2165402665846,-270.7834597334154,-0.0902611532444718,1,False,False,,,False,False,,,False,False,False,
crypto_dual_momentum_cash_filter,standard,30,2023-02-14,2023-03-15,Tier 1 exploratory screen,False,False,False,False,deterministic_stratified_sample,3043,3003.0132081990246,0.0010044027330082805,3058.8439527501873,2486.9813726265634,-571.862580123624,-0.18695382600654273,1,False,False,,,False,False,,,False,False,False,
crypto_dual_momentum_cash_filter,standard,30,2023-03-07,2023-04-05,Tier 1 exploratory screen,False,False,False,False,deterministic_stratified_sample,3043,3810.535868545731,0.27017862284857697,3851.172771926014,3000.0,-161.47712313141437,-0.04214318969181354,1,True,True,2023-03-14,7,True,True,2023-03-17,10,False,False,False,
crypto_dual_momentum_cash_filter,standard,30,2023-04-06,2023-05-05,Tier 1 exploratory screen,False,False,False,False,deterministic_stratified_sample,3043,3124.213335798953,0.04140444526631759,3224.8455082507267,2885.4126180658486,-339.43289018487803,-0.10525555079040011,1,False,False,,,False,False,,,False,False,False,
crypto_dual_momentum_cash_filter,standard,30,2023-04-14,2023-05-13,Tier 1 exploratory screen,False,False,False,False,deterministic_stratified_sample,3043,2647.816788532296,-0.11739440382256805,3005.037174874724,2647.816788532296,-357.2203863424279,-0.11887386596384451,1,False,False,,,False,False,,,False,False,False,
crypto_dual_momentum_cash_filter,standard,30,2023-05-21,2023-06-19,Tier 1 exploratory screen,False,False,False,False,deterministic_stratified_sample,3043,2947.278880987562,-0.017573706337479345,3146.2037529173663,2814.510582043306,-331.69317087406034,-0.10542647486403024,2,False,False,,,False,False,,,False,False,False,
crypto_dual_momentum_cash_filter,standard,30,2023-05-27,2023-06-25,Tier 1 exploratory screen,False,False,False,False,deterministic_stratified_sample,3043,2807.4744128005714,-0.0641751957331429,3000.0,2681.003991381829,-318.9960086181709,-0.10633200287272362,2,False,False,,,False,False,,,False,False,False,
crypto_dual_momentum_cash_filter,standard,30,2023-06-27,2023-07-26,Tier 1 exploratory screen,False,False,False,False,deterministic_stratified_sample,3043,2873.159900615178,-0.04228003312827411,3080.7632622174956,2855.7323524490557,-225.03090976843987,-0.07304388251061698,1,False,False,,,False,False,,,False,False,False,
crypto_dual_momentum_cash_filter,standard,30,2023-07-17,2023-08-15,Tier 1 exploratory screen,False,False,False,False,deterministic_stratified_sample,3043,2905.8384271071222,-0.031387190964292544,3000.0,2893.0385270023817,-106.96147299761833,-0.03565382433253944,1,False,False,,,False,False,,,False,False,False,
crypto_dual_momentum_cash_filter,standard,30,2023-08-03,2023-09-01,Tier 1 exploratory screen,False,False,False,False,deterministic_stratified_sample,3043,2699.967508611882,-0.10001083046270609,3071.6909493552153,2688.2198642536346,-383.4710851015807,-0.12484038642692093,2,False,False,,,False,False,,,False,False,False,
crypto_dual_momentum_cash_filter,standard,30,2023-08-05,2023-09-03,Tier 1 exploratory screen,False,False,False,False,deterministic_stratified_sample,3043,2699.967508611882,-0.10001083046270609,3071.6909493552153,2688.2198642536346,-383.4710851015807,-0.12484038642692093,2,False,False,,,False,False,,,False,False,False,
crypto_dual_momentum_cash_filter,standard,30,2023-08-06,2023-09-04,Tier 1 exploratory screen,False,False,False,False,deterministic_stratified_sample,3043,2699.967508611882,-0.10001083046270609,3071.6909493552153,2688.2198642536346,-383.4710851015807,-0.12484038642692093,2,False,False,,,False,False,,,False,False,False,
crypto_dual_momentum_cash_filter,standard,30,2023-08-07,2023-09-05,Tier 1 exploratory screen,False,False,False,False,deterministic_stratified_sample,3043,2677.739923159327,-0.10742002561355757,3009.860328375148,2666.0889917311447,-343.77133664400344,-0.11421504626082964,2,False,False,,,False,False,,,False,False,False,
crypto_dual_momentum_cash_filter,standard,30,2023-08-10,2023-09-08,Tier 1 exploratory screen,False,False,False,False,deterministic_stratified_sample,3043,2677.739923159327,-0.10742002561355757,3009.860328375148,2666.0889917311447,-343.77133664400344,-0.11421504626082964,2,False,False,,,False,False,,,False,False,False,
crypto_dual_momentum_cash_filter,standard,30,2023-08-11,2023-09-09,Tier 1 exploratory screen,False,False,False,False,deterministic_stratified_sample,3043,2677.739923159327,-0.10742002561355757,3009.860328375148,2666.0889917311447,-343.77133664400344,-0.11421504626082964,2,False,False,,,False,False,,,False,False,False,
crypto_dual_momentum_cash_filter,standard,30,2023-08-12,2023-09-10,Tier 1 exploratory screen,False,False,False,False,deterministic_stratified_sample,3043,2677.739923159327,-0.10742002561355757,3009.860328375148,2666.0889917311447,-343.77133664400344,-0.11421504626082964,2,False,False,,,False,False,,,False,False,False,
crypto_dual_momentum_cash_filter,standard,30,2023-08-13,2023-09-11,Tier 1 exploratory screen,False,False,False,False,deterministic_stratified_sample,3043,2677.739923159327,-0.10742002561355757,3009.860328375148,2666.0889917311447,-343.77133664400344,-0.11421504626082964,2,False,False,,,False,False,,,False,False,False,
crypto_dual_momentum_cash_filter,standard,30,2023-08-14,2023-09-12,Tier 1 exploratory screen,False,False,False,False,deterministic_stratified_sample,3043,3000.0,0.0,3000.0,3000.0,0.0,0.0,0,False,False,,,False,False,,,False,False,False,
crypto_dual_momentum_cash_filter,standard,30,2023-08-15,2023-09-13,Tier 1 exploratory screen,False,False,False,False,deterministic_stratified_sample,3043,3000.0,0.0,3000.0,3000.0,0.0,0.0,0,False,False,,,False,False,,,False,False,False,
crypto_dual_momentum_cash_filter,standard,30,2023-08-16,2023-09-14,Tier 1 exploratory screen,False,False,False,False,deterministic_stratified_sample,3043,3000.0,0.0,3000.0,3000.0,0.0,0.0,0,False,False,,,False,False,,,False,False,False,
crypto_dual_momentum_cash_filter,standard,30,2023-09-09,2023-10-08,Tier 1 exploratory screen,False,False,False,False,deterministic_stratified_sample,3043,3000.0,0.0,3000.0,3000.0,0.0,0.0,0,False,False,,,False,False,,,False,False,False,
crypto_dual_momentum_cash_filter,standard,30,2023-09-30,2023-10-29,Tier 1 exploratory screen,False,False,False,False,deterministic_stratified_sample,3043,3451.419198774803,0.15047306625826762,3451.419198774803,3000.0,-59.26025023760258,-0.01718756686783522,1,True,True,2023-10-23,23,True,True,2023-10-25,25,False,False,False,
crypto_dual_momentum_cash_filter,standard,30,2023-10-02,2023-10-31,Tier 1 exploratory screen,False,False,False,False,deterministic_stratified_sample,3043,3464.340184086436,0.15478006136214528,3464.340184086436,3000.0,-59.26025023760258,-0.01718756686783522,1,True,True,2023-10-23,21,True,True,2023-10-25,23,False,False,False,
crypto_dual_momentum_cash_filter,standard,30,2023-10-13,2023-11-11,Tier 1 exploratory screen,False,False,False,False,deterministic_stratified_sample,3043,3711.1934205517414,0.23706447351724713,3728.77284635487,3000.0,-70.44339600942112,-0.019892333908403392,1,True,True,2023-10-23,10,True,True,2023-10-25,12,False,False,False,
crypto_dual_momentum_cash_filter,standard,30,2023-10-14,2023-11-12,Tier 1 exploratory screen,False,False,False,False,deterministic_stratified_sample,3043,3702.8461697162998,0.2342820565721,3728.77284635487,3000.0,-70.44339600942112,-0.019892333908403392,1,True,True,2023-10-23,9,True,True,2023-10-25,11,False,False,False,
crypto_dual_momentum_cash_filter,standard,30,2023-10-15,2023-11-13,Tier 1 exploratory screen,False,False,False,False,deterministic_stratified_sample,3043,3647.668593276297,0.21588953109209896,3728.77284635487,3000.0,-81.10425307857304,-0.021750923539860568,1,True,True,2023-10-23,8,True,True,2023-10-25,10,False,False,False,
crypto_dual_momentum_cash_filter,standard,30,2023-10-16,2023-11-14,Tier 1 exploratory screen,False,False,False,False,deterministic_stratified_sample,3043,3551.2649505024237,0.18375498350080788,3728.77284635487,3000.0,-177.50789585244638,-0.04760491002447963,1,True,True,2023-10-23,7,True,True,2023-10-25,9,False,False,False,
crypto_dual_momentum_cash_filter,standard,30,2023-11-04,2023-12-03,Tier 1 exploratory screen,False,False,False,False,deterministic_stratified_sample,3043,3418.470727276762,0.13949024242558727,3418.470727276762,2995.9742143751528,-176.72525162099691,-0.054560131350278436,1,True,True,2023-12-01,27,True,True,2023-12-03,29,False,False,False,
crypto_dual_momentum_cash_filter,standard,30,2023-11-22,2023-12-21,Tier 1 exploratory screen,False,False,False,False,deterministic_stratified_sample,3043,3507.9545903840526,0.16931819679468418,3531.7398311870666,2978.9937246310574,-233.7164555504296,-0.06617601146228098,1,True,True,2023-12-04,12,True,True,2023-12-05,13,False,False,False,
crypto_dual_momentum_cash_filter,standard,30,2023-12-25,2024-01-23,Tier 1 exploratory screen,False,False,False,False,deterministic_stratified_sample,3043,2680.9854142090294,-0.10633819526365684,3330.7948488655943,2680.9854142090294,-649.8094346565649,-0.1950914013446003,2,True,True,2024-01-08,14,False,False,,,False,True,True,2024-01-23
crypto_dual_momentum_cash_filter,standard,30,2023-12-29,2024-01-27,Tier 1 exploratory screen,False,False,False,False,deterministic_stratified_sample,3043,2713.530211300117,-0.09548992956662761,3330.7948488655943,2653.494786627864,-677.3000622377303,-0.20334487501336382,2,True,True,2024-01-08,10,False,False,,,False,True,True,2024-01-23
crypto_dual_momentum_cash_filter,standard,30,2024-02-04,2024-03-04,Tier 1 exploratory screen,False,False,False,False,deterministic_stratified_sample,3043,4616.764658342359,0.5389215527807865,4616.764658342359,3000.0,-116.79840151409235,-0.030477964947978803,2,True,True,2024-02-09,5,True,True,2024-02-12,8,False,False,False,
crypto_dual_momentum_cash_filter,standard,30,2024-02-14,2024-03-14,Tier 1 exploratory screen,False,False,False,False,deterministic_stratified_sample,3043,4042.388045771684,0.3474626819238946,4233.210062183031,3000.0,-190.82201641134725,-0.045077379484669826,1,True,True,2024-02-26,12,True,True,2024-02-28,14,False,False,False,
crypto_dual_momentum_cash_filter,standard,30,2024-03-12,2024-04-10,Tier 1 exploratory screen,False,False,False,False,deterministic_stratified_sample,3043,2997.6033943615685,-0.0007988685461438605,3125.8024580241427,2598.0157571532045,-401.9842428467955,-0.1339947476155985,3,False,False,,,False,False,,,False,False,False,
crypto_dual_momentum_cash_filter,standard,30,2024-04-05,2024-05-04,Tier 1 exploratory screen,False,False,False,False,deterministic_stratified_sample,3043,2657.317276645794,-0.11422757445140197,3207.046450061836,2422.8490178496163,-784.1974322122196,-0.24452325353663004,2,False,False,,,False,False,,,False,True,True,2024-04-17
crypto_dual_momentum_cash_filter,standard,30,2024-04-19,2024-05-18,Tier 1 exploratory screen,False,False,False,False,deterministic_stratified_sample,3043,3090.0616387629334,0.030020546254311054,3095.1887673276988,2689.069660224284,-396.2316143932667,-0.12842558282817387,1,False,False,,,False,False,,,False,False,False,
crypto_dual_momentum_cash_filter,standard,30,2024-05-26,2024-06-24,Tier 1 exploratory screen,False,False,False,False,deterministic_stratified_sample,3043,2728.9130499163266,-0.09036231669455785,3035.375014081591,2728.9130499163266,-306.46196416526436,-0.1009634601140018,5,False,False,,,False,False,,,False,False,False,
crypto_dual_momentum_cash_filter,standard,30,2024-06-22,2024-07-21,Tier 1 exploratory screen,False,False,False,False,deterministic_stratified_sample,3043,3267.4767194957903,0.0891589064985967,3267.4767194957903,3000.0,-93.12958810476448,-0.028886307398590928,1,False,False,,,False,False,,,False,False,False,
crypto_dual_momentum_cash_filter,standard,30,2024-07-02,2024-07-31,Tier 1 exploratory screen,False,False,False,False,deterministic_stratified_sample,3043,2855.6295996965914,-0.04812346676780288,3267.4767194957903,2855.6295996965914,-411.84711979919894,-0.12604439301491083,2,False,False,,,False,False,,,False,False,False,
crypto_dual_momentum_cash_filter,standard,30,2024-07-25,2024-08-23,Tier 1 exploratory screen,False,False,False,False,deterministic_stratified_sample,3043,2549.2117573453256,-0.1502627475515581,3000.0,2549.2117573453256,-450.7882426546744,-0.15026274755155813,2,False,False,,,False,False,,,False,False,False,
crypto_dual_momentum_cash_filter,standard,30,2024-08-08,2024-09-06,Tier 1 exploratory screen,False,False,False,False,deterministic_stratified_sample,3043,3000.0,0.0,3000.0,3000.0,0.0,0.0,0,False,False,,,False,False,,,False,False,False,
crypto_dual_momentum_cash_filter,standard,30,2024-08-29,2024-09-27,Tier 1 exploratory screen,False,False,False,False,deterministic_stratified_sample,3043,3000.0,0.0,3000.0,3000.0,0.0,0.0,0,False,False,,,False,False,,,False,False,False,
crypto_dual_momentum_cash_filter,standard,30,2024-09-14,2024-10-13,Tier 1 exploratory screen,False,False,False,False,deterministic_stratified_sample,3043,2865.42860161363,-0.04485713279545678,3000.0,2768.477043317887,-231.5229566821131,-0.0771743188940377,2,False,False,,,False,False,,,False,False,False,
crypto_dual_momentum_cash_filter,standard,30,2024-10-21,2024-11-19,Tier 1 exploratory screen,False,False,False,False,deterministic_stratified_sample,3043,4074.268229217772,0.3580894097392573,4074.268229217772,2991.887972766945,-216.5875938148074,-0.06750482879492693,1,True,True,2024-11-06,16,True,True,2024-11-10,20,False,False,False,
crypto_dual_momentum_cash_filter,standard,30,2024-11-17,2024-12-16,Tier 1 exploratory screen,False,False,False,False,deterministic_stratified_sample,3043,3536.8746523776485,0.17895821745921614,3536.8746523776485,3000.0,-233.91348346035147,-0.07083342638845408,1,True,True,2024-11-22,5,True,True,2024-12-15,28,False,False,False,
crypto_dual_momentum_cash_filter,standard,30,2024-11-27,2024-12-26,Tier 1 exploratory screen,False,False,False,False,deterministic_stratified_sample,3043,2951.2288495994076,-0.016257050133530848,3269.9360027593766,2917.054809724101,-352.8811930352758,-0.10791684997427858,1,False,False,,,False,False,,,False,False,False,
crypto_dual_momentum_cash_filter,standard,30,2025-01-03,2025-02-01,Tier 1 exploratory screen,False,False,False,False,deterministic_stratified_sample,3043,3068.473813577398,0.022824604525799153,3235.8462470188456,2819.356186931658,-292.47247080616853,-0.09398733123654185,1,False,False,,,False,False,,,False,False,False,
crypto_dual_momentum_cash_filter,standard,30,2025-01-07,2025-02-05,Tier 1 exploratory screen,False,False,False,False,deterministic_stratified_sample,3043,3064.465699631051,0.021488566543683696,3366.7659358151764,2997.8917261701995,-302.3002361841254,-0.0897895018386335,1,True,True,2025-01-17,10,False,False,,,False,False,False,
crypto_dual_momentum_cash_filter,standard,30,2025-02-09,2025-03-10,Tier 1 exploratory screen,False,False,False,False,deterministic_stratified_sample,3043,2924.1688165126193,-0.0252770611624602,3053.983032456921,2619.587753377325,-434.3952790795961,-0.14223893009979374,2,False,False,,,False,False,,,False,False,False,
crypto_dual_momentum_cash_filter,standard,30,2025-02-27,2025-03-28,Tier 1 exploratory screen,False,False,False,False,deterministic_stratified_sample,3043,3000.0,0.0,3000.0,3000.0,0.0,0.0,0,False,False,,,False,False,,,False,False,False,
crypto_dual_momentum_cash_filter,standard,30,2025-03-17,2025-04-15,Tier 1 exploratory screen,False,False,False,False,deterministic_stratified_sample,3043,3000.0,0.0,3000.0,3000.0,0.0,0.0,0,False,False,,,False,False,,,False,False,False,
crypto_dual_momentum_cash_filter,standard,30,2025-03-18,2025-04-16,Tier 1 exploratory screen,False,False,False,False,deterministic_stratified_sample,3043,3000.0,0.0,3000.0,3000.0,0.0,0.0,0,False,False,,,False,False,,,False,False,False,
crypto_dual_momentum_cash_filter,standard,30,2025-04-25,2025-05-24,Tier 1 exploratory screen,False,False,False,False,deterministic_stratified_sample,3043,3103.038365011604,0.034346121670534746,3214.7950548167632,2959.728321561768,-126.24714993521502,-0.03927066820202349,1,False,False,,,False,False,,,False,False,False,
crypto_dual_momentum_cash_filter,standard,30,2025-05-24,2025-06-22,Tier 1 exploratory screen,False,False,False,False,deterministic_stratified_sample,3043,2775.792151577479,-0.07473594947417361,3031.608773035075,2775.792151577479,-255.81662145759583,-0.0843831248058722,1,False,False,,,False,False,,,False,False,False,
crypto_dual_momentum_cash_filter,standard,30,2025-06-01,2025-06-30,Tier 1 exploratory screen,False,False,False,False,deterministic_stratified_sample,3043,3039.0810357353635,0.0130270119117879,3128.6849430108355,2864.6767309864986,-264.0082120243369,-0.08438312480587233,1,False,False,,,False,False,,,False,False,False,
crypto_dual_momentum_cash_filter,standard,30,2025-07-08,2025-08-06,Tier 1 exploratory screen,False,False,False,False,deterministic_stratified_sample,3043,3713.260758615098,0.23775358620503262,3906.1104766819153,3000.0,-486.3482220263504,-0.12450959206854892,1,True,True,2025-07-16,8,True,True,2025-07-17,9,False,False,False,
crypto_dual_momentum_cash_filter,standard,30,2025-07-14,2025-08-12,Tier 1 exploratory screen,False,False,False,False,deterministic_stratified_sample,3043,3659.827225175503,0.2199424083918342,3659.827225175503,2704.6504092347395,-384.6471829857196,-0.12450959206854888,1,True,True,2025-08-09,26,True,True,2025-08-12,29,False,False,False,
crypto_dual_momentum_cash_filter,standard,30,2025-08-09,2025-09-07,Tier 1 exploratory screen,False,False,False,False,deterministic_stratified_sample,3043,3033.0002703356927,0.01100009011189762,3403.553645228645,2869.644622757855,-481.0223101603551,-0.14356016870391125,1,True,True,2025-08-13,4,True,True,2025-08-22,13,False,False,False,
crypto_dual_momentum_cash_filter,standard,30,2025-08-10,2025-09-08,Tier 1 exploratory screen,False,False,False,False,deterministic_stratified_sample,3043,3034.919683500606,0.011639894500202086,3403.553645228645,2869.644622757855,-481.0223101603551,-0.14356016870391125,1,True,True,2025-08-13,3,True,True,2025-08-22,12,False,False,False,
crypto_dual_momentum_cash_filter,standard,30,2025-08-11,2025-09-09,Tier 1 exploratory screen,False,False,False,False,deterministic_stratified_sample,3043,2886.861555317003,-0.037712814894332314,3236.7835435690477,2729.0354314982606,-373.2359453335548,-0.11531075226674109,1,False,False,,,False,False,,,False,False,False,
crypto_dual_momentum_cash_filter,standard,30,2025-08-12,2025-09-10,Tier 1 exploratory screen,False,False,False,False,deterministic_stratified_sample,3043,2913.729738551407,-0.02875675381619769,3236.7835435690477,2729.0354314982606,-373.2359453335548,-0.11531075226674109,1,False,False,,,False,False,,,False,False,False,
crypto_dual_momentum_cash_filter,standard,30,2025-08-13,2025-09-11,Tier 1 exploratory screen,False,False,False,False,deterministic_stratified_sample,3043,2988.823193178889,-0.0037256022737036654,3236.7835435690477,2729.0354314982606,-373.2359453335548,-0.11531075226674109,1,False,False,,,False,False,,,False,False,False,
crypto_dual_momentum_cash_filter,standard,30,2025-08-14,2025-09-12,Tier 1 exploratory screen,False,False,False,False,deterministic_stratified_sample,3043,3159.0001302066144,0.05300004340220488,3236.7835435690477,2729.0354314982606,-373.2359453335548,-0.11531075226674109,1,False,False,,,False,False,,,False,False,False,
crypto_dual_momentum_cash_filter,standard,30,2025-09-03,2025-10-02,Tier 1 exploratory screen,False,False,False,False,deterministic_stratified_sample,3043,3124.09526520597,0.04136508840199005,3282.33690229981,2692.791666624669,-589.5452356751412,-0.17961143332424803,1,False,False,,,False,False,,,False,False,False,
crypto_dual_momentum_cash_filter,standard,30,2025-09-20,2025-10-19,Tier 1 exploratory screen,False,False,False,False,deterministic_stratified_sample,3043,2682.6343547244396,-0.10578854842518681,3156.005649127232,2525.0700357742485,-630.9356133529836,-0.19991586945589396,1,False,False,,,False,False,,,False,True,True,2025-10-11
crypto_dual_momentum_cash_filter,standard,30,2025-09-21,2025-10-20,Tier 1 exploratory screen,False,False,False,False,deterministic_stratified_sample,3043,2680.015843567573,-0.10666138547747561,3156.005649127232,2525.0700357742485,-630.9356133529836,-0.19991586945589396,1,False,False,,,False,False,,,False,True,True,2025-10-11
crypto_dual_momentum_cash_filter,standard,30,2025-09-24,2025-10-23,Tier 1 exploratory screen,False,False,False,False,deterministic_stratified_sample,3043,2790.482801190492,-0.06983906626983605,3392.3901076954403,2714.1974897819323,-678.192617913508,-0.19991586945589404,1,True,True,2025-10-06,12,False,False,,,False,True,True,2025-10-10
crypto_dual_momentum_cash_filter,standard,30,2025-09-28,2025-10-27,Tier 1 exploratory screen,False,False,False,False,deterministic_stratified_sample,3043,2981.600404459409,-0.006133198513530225,3392.3901076954403,2714.1974897819323,-678.192617913508,-0.19991586945589404,1,True,True,2025-10-06,8,False,False,,,False,True,True,2025-10-10
crypto_dual_momentum_cash_filter,standard,30,2025-09-29,2025-10-28,Tier 1 exploratory screen,False,False,False,False,deterministic_stratified_sample,3043,2643.225272376482,-0.11892490920783938,3111.5066398949953,2489.4670846626,-622.0395552323953,-0.199915869455894,1,False,False,,,False,False,,,False,True,True,2025-10-11
crypto_dual_momentum_cash_filter,standard,30,2025-09-30,2025-10-29,Tier 1 exploratory screen,False,False,False,False,deterministic_stratified_sample,3043,2590.849170638188,-0.1363836097872707,3111.5066398949953,2489.4670846626,-622.0395552323953,-0.199915869455894,1,False,False,,,False,False,,,False,True,True,2025-10-11
crypto_dual_momentum_cash_filter,standard,30,2025-10-27,2025-11-25,Tier 1 exploratory screen,False,False,False,False,deterministic_stratified_sample,3043,2742.3383653066726,-0.08588721156444246,3000.0,2522.843138984225,-477.1568610157751,-0.15905228700525836,2,False,False,,,False,False,,,False,False,False,
crypto_dual_momentum_cash_filter,standard,30,2025-11-15,2025-12-14,Tier 1 exploratory screen,False,False,False,False,deterministic_stratified_sample,3043,3000.0,0.0,3000.0,3000.0,0.0,0.0,0,False,False,,,False,False,,,False,False,False,
crypto_dual_momentum_cash_filter,standard,30,2025-12-03,2026-01-01,Tier 1 exploratory screen,False,False,False,False,deterministic_stratified_sample,3043,3000.0,0.0,3000.0,3000.0,0.0,0.0,0,False,False,,,False,False,,,False,False,False,
crypto_dual_momentum_cash_filter,standard,30,2025-12-31,2026-01-29,Tier 1 exploratory screen,False,False,False,False,deterministic_stratified_sample,3043,3000.0,0.0,3000.0,3000.0,0.0,0.0,0,False,False,,,False,False,,,False,False,False,
crypto_dual_momentum_cash_filter,standard,30,2026-01-09,2026-02-07,Tier 1 exploratory screen,False,False,False,False,deterministic_stratified_sample,3043,3000.0,0.0,3000.0,3000.0,0.0,0.0,0,False,False,,,False,False,,,False,False,False,
crypto_dual_momentum_cash_filter,standard,30,2026-02-15,2026-03-16,Tier 1 exploratory screen,False,False,False,False,deterministic_stratified_sample,3043,3000.0,0.0,3000.0,3000.0,0.0,0.0,0,False,False,,,False,False,,,False,False,False,
crypto_dual_momentum_cash_filter,standard,30,2026-03-22,2026-04-20,Tier 1 exploratory screen,False,False,False,False,deterministic_stratified_sample,3043,3000.0,0.0,3000.0,3000.0,0.0,0.0,0,False,False,,,False,False,,,False,False,False,
crypto_dual_momentum_cash_filter,standard,30,2026-03-23,2026-04-21,Tier 1 exploratory screen,False,False,False,False,deterministic_stratified_sample,3043,3000.0,0.0,3000.0,3000.0,0.0,0.0,0,False,False,,,False,False,,,False,False,False,
crypto_dual_momentum_cash_filter,standard,30,2026-03-24,2026-04-22,Tier 1 exploratory screen,False,False,False,False,deterministic_stratified_sample,3043,3000.0,0.0,3000.0,3000.0,0.0,0.0,0,False,False,,,False,False,,,False,False,False,
crypto_dual_momentum_cash_filter,standard,30,2026-03-25,2026-04-23,Tier 1 exploratory screen,False,False,False,False,deterministic_stratified_sample,3043,3000.0,0.0,3000.0,3000.0,0.0,0.0,0,False,False,,,False,False,,,False,False,False,
crypto_dual_momentum_cash_filter,standard,30,2026-03-26,2026-04-24,Tier 1 exploratory screen,False,False,False,False,deterministic_stratified_sample,3043,3000.0,0.0,3000.0,3000.0,0.0,0.0,0,False,False,,,False,False,,,False,False,False,
crypto_dual_momentum_cash_filter,standard,30,2026-03-27,2026-04-25,Tier 1 exploratory screen,False,False,False,False,deterministic_stratified_sample,3043,3000.0,0.0,3000.0,3000.0,0.0,0.0,0,False,False,,,False,False,,,False,False,False,
crypto_dual_momentum_cash_filter,standard,30,2026-03-28,2026-04-26,Tier 1 exploratory screen,False,False,False,False,deterministic_stratified_sample,3043,3000.0,0.0,3000.0,3000.0,0.0,0.0,0,False,False,,,False,False,,,False,False,False,
crypto_dual_momentum_cash_filter,standard,30,2026-03-29,2026-04-27,Tier 1 exploratory screen,False,False,False,False,deterministic_stratified_sample,3043,3000.0,0.0,3000.0,3000.0,0.0,0.0,0,False,False,,,False,False,,,False,False,False,
crypto_dual_momentum_cash_filter,standard,30,2026-03-30,2026-04-28,Tier 1 exploratory screen,False,False,False,False,deterministic_stratified_sample,3043,3000.0,0.0,3000.0,3000.0,0.0,0.0,0,False,False,,,False,False,,,False,False,False,
crypto_dual_momentum_cash_filter,standard,30,2026-03-31,2026-04-29,Tier 1 exploratory screen,False,False,False,False,deterministic_stratified_sample,3043,3000.0,0.0,3000.0,3000.0,0.0,0.0,0,False,False,,,False,False,,,False,False,False,
crypto_dual_momentum_cash_filter,standard,30,2026-04-01,2026-04-30,Tier 1 exploratory screen,False,False,False,False,deterministic_stratified_sample,3043,3000.0,0.0,3000.0,3000.0,0.0,0.0,0,False,False,,,False,False,,,False,False,False,
crypto_dual_momentum_cash_filter,standard,30,2026-04-02,2026-05-01,Tier 1 exploratory screen,False,False,False,False,deterministic_stratified_sample,3043,3000.0,0.0,3000.0,3000.0,0.0,0.0,0,False,False,,,False,False,,,False,False,False,
crypto_dual_momentum_cash_filter,standard,30,2026-04-03,2026-05-02,Tier 1 exploratory screen,False,False,False,False,deterministic_stratified_sample,3043,3000.0,0.0,3000.0,3000.0,0.0,0.0,0,False,False,,,False,False,,,False,False,False,
crypto_dual_momentum_cash_filter,standard,30,2026-04-04,2026-05-03,Tier 1 exploratory screen,False,False,False,False,deterministic_stratified_sample,3043,3000.0,0.0,3000.0,3000.0,0.0,0.0,0,False,False,,,False,False,,,False,False,False,
crypto_dual_momentum_cash_filter,standard,30,2026-04-05,2026-05-04,Tier 1 exploratory screen,False,False,False,False,deterministic_stratified_sample,3043,3000.0,0.0,3000.0,3000.0,0.0,0.0,0,False,False,,,False,False,,,False,False,False,
crypto_dual_momentum_cash_filter,standard,30,2026-04-06,2026-05-05,Tier 1 exploratory screen,False,False,False,False,deterministic_stratified_sample,3043,3000.0,0.0,3000.0,3000.0,0.0,0.0,0,False,False,,,False,False,,,False,False,False,
crypto_dual_momentum_cash_filter,standard,30,2026-04-07,2026-05-06,Tier 1 exploratory screen,False,False,False,False,deterministic_stratified_sample,3043,3000.0,0.0,3000.0,3000.0,0.0,0.0,0,False,False,,,False,False,,,False,False,False,
crypto_dual_momentum_cash_filter,standard,30,2026-04-08,2026-05-07,Tier 1 exploratory screen,False,False,False,False,deterministic_stratified_sample,3043,3000.0,0.0,3000.0,3000.0,0.0,0.0,0,False,False,,,False,False,,,False,False,False,
crypto_dual_momentum_cash_filter,standard,30,2026-04-09,2026-05-08,Tier 1 exploratory screen,False,False,False,False,deterministic_stratified_sample,3043,3000.0,0.0,3000.0,3000.0,0.0,0.0,0,False,False,,,False,False,,,False,False,False,
crypto_dual_momentum_cash_filter,standard,30,2026-04-10,2026-05-09,Tier 1 exploratory screen,False,False,False,False,deterministic_stratified_sample,3043,3000.0,0.0,3000.0,3000.0,0.0,0.0,0,False,False,,,False,False,,,False,False,False,
crypto_dual_momentum_cash_filter,standard,30,2026-04-11,2026-05-10,Tier 1 exploratory screen,False,False,False,False,deterministic_stratified_sample,3043,3000.0,0.0,3000.0,3000.0,0.0,0.0,0,False,False,,,False,False,,,False,False,False,
crypto_dual_momentum_cash_filter,standard,30,2026-04-12,2026-05-11,Tier 1 exploratory screen,False,False,False,False,deterministic_stratified_sample,3043,3000.0,0.0,3000.0,3000.0,0.0,0.0,0,False,False,,,False,False,,,False,False,False,
crypto_dual_momentum_cash_filter,standard,30,2026-04-13,2026-05-12,Tier 1 exploratory screen,False,False,False,False,deterministic_stratified_sample,3043,3000.0,0.0,3000.0,3000.0,0.0,0.0,0,False,False,,,False,False,,,False,False,False,
crypto_dual_momentum_cash_filter,standard,30,2026-04-14,2026-05-13,Tier 1 exploratory screen,False,False,False,False,deterministic_stratified_sample,3043,3000.0,0.0,3000.0,3000.0,0.0,0.0,0,False,False,,,False,False,,,False,False,False,
crypto_dual_momentum_cash_filter,standard,30,2026-04-15,2026-05-14,Tier 1 exploratory screen,False,False,False,False,deterministic_stratified_sample,3043,3000.0,0.0,3000.0,3000.0,0.0,0.0,0,False,False,,,False,False,,,False,False,False,
crypto_dual_momentum_cash_filter,standard,30,2026-04-16,2026-05-15,Tier 1 exploratory screen,False,False,False,False,deterministic_stratified_sample,3043,3000.0,0.0,3000.0,3000.0,0.0,0.0,0,False,False,,,False,False,,,False,False,False,
crypto_dual_momentum_cash_filter,standard,30,2026-04-17,2026-05-16,Tier 1 exploratory screen,False,False,False,False,deterministic_stratified_sample,3043,3000.0,0.0,3000.0,3000.0,0.0,0.0,0,False,False,,,False,False,,,False,False,False,
crypto_dual_momentum_cash_filter,standard,30,2026-04-18,2026-05-17,Tier 1 exploratory screen,False,False,False,False,deterministic_stratified_sample,3043,3000.0,0.0,3000.0,3000.0,0.0,0.0,0,False,False,,,False,False,,,False,False,False,
crypto_dual_momentum_cash_filter,standard,30,2026-04-19,2026-05-18,Tier 1 exploratory screen,False,False,False,False,deterministic_stratified_sample,3043,3000.0,0.0,3000.0,3000.0,0.0,0.0,0,False,False,,,False,False,,,False,False,False,
crypto_dual_momentum_cash_filter,standard,30,2026-04-20,2026-05-19,Tier 1 exploratory screen,False,False,False,False,deterministic_stratified_sample,3043,3000.0,0.0,3000.0,3000.0,0.0,0.0,0,False,False,,,False,False,,,False,False,False,
