trade_id,strategy,strategy_version,symbol,correlation_cluster,signal_date,entry_date,entry_signal_date,exit_date,regime_at_signal,regime_at_entry,spy_close_at_signal,spy_200sma_at_signal,spy_above_200sma_at_signal,realized_vol_20_at_signal,volatility_regime_at_signal,entry_rule_name,entry_reason_code,entry_reason_text,signal_values_json,project_equity_at_signal,project_equity_at_entry,high_water_mark_at_entry,drawdown_at_entry,total_open_risk_before_entry,total_open_risk_after_entry,cluster_open_risk_before_entry,cluster_open_risk_after_entry,strategy_pnl_before_entry,strategy_loss_budget_remaining_before_entry,strategy_status_at_entry,entry_price,stop_price_initial,stop_price_final,exit_price,stop_price,target_price,shares,notional_value,intended_risk_amount,actual_risk_amount,risk_amount,risk_utilization_pct,stop_distance,stop_distance_pct,pnl,r_multiple,slippage_paid_estimate,fees_paid_estimate,exit_reason,exit_reason_text,stop_hit,target_hit,same_bar_stop_target,gap_through_stop,final_mark_to_market,holding_days,market_regime_at_entry,valid_trade,auto_outcome_class,manual_review_class,rule_followed,notes
236,A_ETF_sector_momentum,v1_fixed_rules,XLV,equity_index,2013-03-01,2013-03-04,2013-03-01,2013-05-20,bull_normal_volatility,bull_normal_volatility,121.10865020751952,111.68734104156493,True,0.10285705279740334,normal_volatility,weekly_momentum_rotation,ranked_momentum_risk_on,Weekly momentum rotation selected an eligible top-ranked ETF.,"{""atr_20"": 0.317, ""bollinger_lower"": 34.500893, ""breakout_level"": 35.188145, ""close"": 35.268692, ""ema_10"": 34.942748, ""momentum_126"": 0.14067, ""momentum_63"": 0.102892, ""rank_at_signal"": 1.0, ""rank_score"": 1.183984, ""realized_vol_20"": 0.102857, ""rsi_2"": 89.187944, ""score"": 1.183984, ""sma_100"": 33.08783, ""sma_200"": 31.730999, ""sma_50"": 33.958352, ""volume"": 7491500.0, ""volume_sma_20"": 6035935.0}",3692.6189155685524,3711.5307926015194,3779.831384192186,-68.3005915906665,31.238945340540198,57.38609119713195,31.238945340540198,57.38609119713195,608.2058318456596,738.2058318456596,active,35.22186133112012,34.58786116805172,38.91958666533581,39.730012459054365,38.91958666533581,,41.241544371291944,1452.6039569268821,45.0,26.14714585659175,26.14714585659175,0.5810476857020389,0.6340001630684,0.018000189061792484,185.9231147751901,7.110646637874569,1.545565514314477,0.0,rank_drop_exit,rank drop exit,False,False,False,False,False,54,bull_normal_volatility,True,valid_win,,True,weekly rank score=1.1840
116,B_ETF_trend_following,v1_fixed_rules,XLY,equity_index,2010-02-18,2010-02-19,2010-02-18,2010-04-27,bull_normal_volatility,bull_normal_volatility,82.9856948852539,76.45960391998291,True,0.18689673727198147,normal_volatility,trend_following_breakout,trend_breakout,Trend filter and 20-day breakout conditions were met.,"{""atr_20"": 0.208631, ""bollinger_lower"": 11.679015, ""breakout_level"": 12.296311, ""close"": 12.370159, ""ema_10"": 12.108741, ""momentum_126"": 0.200208, ""momentum_63"": 0.027968, ""realized_vol_20"": 0.186897, ""rsi_2"": 100.0, ""sma_100"": 11.822865, ""sma_200"": 10.90367, ""sma_50"": 12.163982, ""volume"": 11835200.0, ""volume_sma_20"": 13213650.0}",2790.9822255662984,2790.9822255662984,3131.6123606970536,-340.6301351307552,32.403489430402324,70.01713709583633,32.403489430402324,70.01713709583633,61.60361581331336,161.60361581331335,active,12.384549423625861,11.967287649036004,14.336579285240855,14.329410995598236,14.336579285240855,,90.14400540860936,1116.3928902265195,45.0,37.61364766543401,37.61364766543401,0.8358588370096446,0.417261774589857,0.03369212397778894,175.31761206287425,4.661010642261816,1.2040516962579566,0.0,stop_loss,stop loss,True,False,False,False,False,46,bull_normal_volatility,True,valid_win,,True,trend breakout
182,B_ETF_trend_following,v1_fixed_rules,XLY,equity_index,2012-01-05,2012-01-06,2012-01-05,2012-04-09,sideways_normal_volatility,sideways_normal_volatility,99.73284912109376,97.12645553588867,True,0.19059441680295316,normal_volatility,trend_following_breakout,trend_breakout,Trend filter and 20-day breakout conditions were met.,"{""atr_20"": 0.267049, ""bollinger_lower"": 15.858629, ""breakout_level"": 16.772459, ""close"": 16.91202, ""ema_10"": 16.592083, ""momentum_126"": -0.030275, ""momentum_63"": 0.131424, ""realized_vol_20"": 0.190594, ""rsi_2"": 100.0, ""sma_100"": 15.832241, ""sma_200"": 16.145845, ""sma_50"": 16.288894, ""volume"": 9152600.0, ""volume_sma_20"": 11635470.0}",3476.722816363217,3472.832340361479,3702.4282402002254,-229.5958998387464,7.095682382433407,50.63068979324364,0.0,43.53500741081023,193.54267300943536,293.54267300943536,active,16.928940604162722,16.394842693811718,18.785323992073042,18.775931330077007,18.785323992073042,,81.51128579065103,1379.8997157188642,45.0,43.53500741081023,43.53500741081023,0.9674446091291162,0.5340979103510044,0.031549399507000045,150.5505889126813,3.4581500697137333,1.4551750101752048,0.0,stop_loss,stop loss,True,False,False,False,False,63,sideways_normal_volatility,True,valid_win,,True,trend breakout
229,A_ETF_sector_momentum,v1_fixed_rules,XLI,equity_index,2012-12-28,2012-12-31,2012-12-28,2013-02-04,sideways_low_volatility,sideways_normal_volatility,111.49066925048828,109.53413452148438,True,0.10454284210566017,low_volatility,weekly_momentum_rotation,ranked_momentum_risk_on,Weekly momentum rotation selected an eligible top-ranked ETF.,"{""atr_20"": 0.301808, ""bollinger_lower"": 28.717198, ""breakout_level"": 30.048418, ""close"": 29.292944, ""ema_10"": 29.603177, ""momentum_126"": 0.093789, ""momentum_63"": 0.031729, ""rank_at_signal"": 2.0, ""rank_score"": 0.60032, ""realized_vol_20"": 0.104543, ""rsi_2"": 0.0, ""score"": 0.60032, ""sma_100"": 28.758604, ""sma_200"": 28.21292, ""sma_50"": 28.914478, ""volume"": 6626000.0, ""volume_sma_20"": 8407860.0}",3492.146098103323,3519.268827059747,3753.5313613253497,-234.26253426560288,34.58783210709079,63.658902157803276,34.58783210709079,63.658902157803276,516.4179663482997,646.4179663482997,active,29.22885312729564,28.625237661611315,31.25064585504573,31.677498391949637,31.25064585504573,,48.16157256301302,1407.7075308238989,45.0,29.071070050712486,29.071070050712486,0.6460237789047218,0.6036154656843244,0.020651356488586698,117.9306065947117,4.056631090255359,1.4666728341212547,0.0,rank_drop_exit,rank drop exit,False,False,False,False,False,23,sideways_normal_volatility,True,valid_win,,True,weekly rank score=0.6003
95,A_ETF_sector_momentum,v1_fixed_rules,GLD,commodity_alternative,2009-10-30,2009-11-02,2009-10-30,2009-12-04,bull_normal_volatility,bull_normal_volatility,77.07128143310547,67.97517316818238,True,0.1692666184986877,normal_volatility,weekly_momentum_rotation,ranked_momentum_risk_on,Weekly momentum rotation selected an eligible top-ranked ETF.,"{""atr_20"": 1.413499, ""bollinger_lower"": 100.59538, ""breakout_level"": 104.260002, ""close"": 102.529999, ""ema_10"": 102.490774, ""momentum_126"": 0.156701, ""momentum_63"": 0.092255, ""rank_at_signal"": 2.0, ""rank_score"": 0.735397, ""realized_vol_20"": 0.169267, ""rsi_2"": 92.452667, ""score"": 0.735397, ""sma_100"": 95.7146, ""sma_200"": 93.13905, ""sma_50"": 99.226, ""volume"": 15244500.0, ""volume_sma_20"": 16819970.0}",2636.8273401899837,2636.8273401899837,3131.6123606970536,-494.78502050706993,0.0,28.79451475063416,0.0,28.79451475063416,-8.645630219682072,121.35436978031792,active,103.55175,100.72475186157226,115.15750122070312,115.09992247009278,115.15750122070312,,10.185544291390473,1054.7309360759934,45.0,28.79451475063416,28.79451475063416,0.639878105569648,2.82699813842774,0.0273003415048779,117.62442217874613,4.084959347201904,1.1135431471653665,0.0,stop_loss,stop loss,True,False,False,False,False,23,bull_normal_volatility,True,valid_win,,True,weekly rank score=0.7354
118,A_ETF_sector_momentum,v1_fixed_rules,XLY,equity_index,2010-03-05,2010-03-08,2010-03-05,2010-04-27,bull_low_volatility,bull_low_volatility,85.48473358154297,77.37722103118897,True,0.1286745021077357,low_volatility,weekly_momentum_rotation,ranked_momentum_risk_on,Weekly momentum rotation selected an eligible top-ranked ETF.,"{""atr_20"": 0.178269, ""bollinger_lower"": 11.629344, ""breakout_level"": 12.805063, ""close"": 13.043033, ""ema_10"": 12.645866, ""momentum_126"": 0.254601, ""momentum_63"": 0.09615, ""rank_at_signal"": 1.0, ""rank_score"": 1.362941, ""realized_vol_20"": 0.128675, ""rsi_2"": 100.0, ""score"": 1.362941, ""sma_100"": 11.983049, ""sma_200"": 11.079145, ""sma_50"": 12.274235, ""volume"": 9603200.0, ""volume_sma_20"": 12253020.0}",2878.5208884904923,2879.2289747539135,3131.6123606970536,-252.38338594314018,2.8716749574850304,34.030430139152244,2.8716749574850304,34.030430139152244,73.67391640675902,203.67391640675902,active,13.053653296687422,12.697114538678157,14.336579285240855,14.329410995598236,14.336579285240855,,87.39233668631769,1140.789263890568,45.0,31.15875518166721,31.15875518166721,0.6924167818148269,0.3565387580092647,0.027313331364465017,111.49144635337578,3.5781739579562437,1.196534987067256,0.0,stop_loss,stop loss,True,False,False,False,False,35,bull_low_volatility,True,valid_win,,True,weekly rank score=1.3629
170,A_ETF_sector_momentum,v1_fixed_rules,GLD,commodity_alternative,2011-07-15,2011-07-18,2011-07-15,2011-08-12,sideways_normal_volatility,sideways_normal_volatility,101.40479278564452,97.61768081665039,True,0.1360643602172558,normal_volatility,weekly_momentum_rotation,ranked_momentum_risk_on,Weekly momentum rotation selected an eligible top-ranked ETF.,"{""atr_20"": 1.665002, ""bollinger_lower"": 143.554409, ""breakout_level"": 154.539993, ""close"": 155.199997, ""ema_10"": 151.881023, ""momentum_126"": 0.157777, ""momentum_63"": 0.079202, ""rank_at_signal"": 1.0, ""rank_score"": 0.870833, ""realized_vol_20"": 0.136064, ""rsi_2"": 100.0, ""score"": 0.870833, ""sma_100"": 145.1178, ""sma_200"": 139.2628, ""sma_50"": 148.589399, ""volume"": 18448400.0, ""volume_sma_20"": 15915535.0}",3394.3987031967545,3381.357757226894,3526.160011226132,-144.80225399923802,18.98482208925186,47.88648086351476,0.0,28.901658774262902,486.5569240984979,616.5569240984979,active,155.83787450408934,152.50787114715575,168.09250259399414,168.00845634269714,168.09250259399414,,8.67916805972136,1352.5431028907578,45.0,28.901658774262902,28.901658774262902,0.642259083872509,3.330003356933588,0.021368382798664296,105.63052516186968,3.6548256965767756,1.4053583654716926,0.0,stop_loss,stop loss,True,False,False,False,False,19,sideways_normal_volatility,True,valid_win,,True,weekly rank score=0.8708
172,B_ETF_trend_following,v1_fixed_rules,GLD,commodity_alternative,2011-07-18,2011-07-19,2011-07-18,2011-08-12,sideways_normal_volatility,sideways_normal_volatility,100.57315826416016,97.68746761322022,True,0.13730621437388707,normal_volatility,trend_following_breakout,trend_breakout,Trend filter and 20-day breakout conditions were met.,"{""atr_20"": 1.661002, ""bollinger_lower"": 143.142052, ""breakout_level"": 155.199997, ""close"": 156.570007, ""ema_10"": 152.733565, ""momentum_126"": 0.179968, ""momentum_63"": 0.079421, ""realized_vol_20"": 0.137306, ""rsi_2"": 100.0, ""sma_100"": 145.3084, ""sma_200"": 139.4061, ""sma_50"": 148.8514, ""volume"": 17133400.0, ""volume_sma_20"": 15811950.0}",3386.815596840479,3370.2383540623487,3526.160011226132,-155.9216571637835,30.19353214290444,58.78106836831026,28.901658774262902,57.489194999668726,221.21334521127773,321.2133452112777,active,156.39816732788086,153.07616262817382,168.09250259399414,168.00845634269714,168.09250259399414,,8.605507459976476,1345.8855956667278,45.0,28.58753622540582,28.58753622540582,0.635278582786796,3.322004699707037,0.021240688151688007,99.9124287294845,3.494964656684617,1.3958418100314702,0.0,stop_loss,stop loss,True,False,False,False,False,18,sideways_normal_volatility,True,valid_win,,True,trend breakout
249,A_ETF_sector_momentum,v1_fixed_rules,XLF,equity_index,2013-06-21,2013-06-24,2013-06-21,2013-08-07,bull_high_volatility,bull_high_volatility,127.88660430908205,119.90353866577148,True,0.20053119755351947,high_volatility,weekly_momentum_rotation,ranked_momentum_risk_on,Weekly momentum rotation selected an eligible top-ranked ETF.,"{""atr_20"": 0.21953, ""bollinger_lower"": 12.263771, ""breakout_level"": 12.887752, ""close"": 12.266093, ""ema_10"": 12.484097, ""momentum_126"": 0.176837, ""momentum_63"": 0.055944, ""rank_at_signal"": 2.0, ""rank_score"": 0.580412, ""realized_vol_20"": 0.200531, ""rsi_2"": 3.905981, ""score"": 0.580412, ""sma_100"": 11.870186, ""sma_200"": 11.043083, ""sma_50"": 12.299876, ""volume"": 105462601.0, ""volume_sma_20"": 78968053.0}",3739.528534298775,3739.528534298775,4108.896687653191,-369.36815335441634,0.0,45.0,0.0,45.0,547.5350483532208,677.5350483532208,active,12.118181325310958,11.679120577708762,13.065598165690947,13.059065366608102,13.065598165690947,,102.49151226966768,1242.0107299891658,45.0,45.0,45.0,1.0,0.4390607476021966,0.03623157104318458,96.43262826294074,2.1429472947320165,1.2902270441206363,0.0,stop_loss,stop loss,True,False,False,False,False,31,bull_high_volatility,True,valid_win,,True,weekly rank score=0.5804
285,A_ETF_sector_momentum,v1_fixed_rules,XLE,equity_index,2014-05-09,2014-05-12,2014-05-09,2014-06-24,bull_low_volatility,bull_low_volatility,153.34793090820312,144.38861206054688,True,0.10933785982118374,low_volatility,weekly_momentum_rotation,ranked_momentum_risk_on,Weekly momentum rotation selected an eligible top-ranked ETF.,"{""atr_20"": 0.310935, ""bollinger_lower"": 28.410512, ""breakout_level"": 30.072432, ""close"": 29.614025, ""ema_10"": 29.649971, ""momentum_126"": 0.09177, ""momentum_63"": 0.12007, ""rank_at_signal"": 1.0, ""rank_score"": 0.968743, ""realized_vol_20"": 0.109338, ""rsi_2"": 0.0, ""score"": 0.968743, ""sma_100"": 27.723092, ""sma_200"": 27.056803, ""sma_50"": 28.42535, ""volume"": 17421600.0, ""volume_sma_20"": 21310930.0}",3870.2192765411282,3859.3545337408805,4108.896687653191,-249.54215391231082,0.0,32.106775139337316,0.0,32.106775139337316,613.4868326512832,743.4868326512832,active,29.764838331826354,29.142969196433807,31.523207402351893,31.507445798650718,31.523207402351893,,51.629472041686576,1536.7428884783496,45.0,32.106775139337316,32.106775139337316,0.7134838919852737,0.6218691353925472,0.020892743594296877,89.96990348804275,2.80220928752858,1.5817278402223711,0.0,stop_loss,stop loss,True,False,False,False,False,30,bull_low_volatility,True,valid_win,,True,weekly rank score=0.9687
130,A_ETF_sector_momentum,v1_fixed_rules,GLD,commodity_alternative,2010-09-10,2010-09-13,2010-09-10,2010-10-19,sideways_normal_volatility,sideways_normal_volatility,84.1541519165039,83.93263610839844,True,0.07749649642659116,normal_volatility,weekly_momentum_rotation,ranked_momentum_risk_on,Weekly momentum rotation selected an eligible top-ranked ETF.,"{""atr_20"": 1.0775, ""bollinger_lower"": 118.842137, ""breakout_level"": 122.709999, ""close"": 121.730003, ""ema_10"": 121.697793, ""momentum_126"": 0.127652, ""momentum_63"": 0.014332, ""rank_at_signal"": 2.0, ""rank_score"": 0.916067, ""realized_vol_20"": 0.077496, ""rsi_2"": 12.879156, ""score"": 0.916067, ""sma_100"": 118.4599, ""sma_200"": 114.14475, ""sma_50"": 118.4424, ""volume"": 12510000.0, ""volume_sma_20"": 10210820.0}",3139.665032934804,3139.634307262836,3213.124459738922,-73.49015247608577,2.1028662688753132,24.34254195097166,0.0,22.239675682096347,144.31460249402184,274.31460249402187,active,121.69081225204465,119.53581270980833,131.43374919891357,130.39477671051026,131.43374919891357,,10.32003731147775,1255.8537229051344,45.0,22.239675682096347,22.239675682096347,0.4942150151576966,2.1549995422363253,0.017708810569633755,89.82523796914128,4.0389634836920525,1.3007663418897053,0.0,stop_loss_gap,stop loss gap,True,False,False,True,False,26,sideways_normal_volatility,True,valid_win,,True,weekly rank score=0.9161
98,B_ETF_trend_following,v1_fixed_rules,GLD,commodity_alternative,2009-11-03,2009-11-04,2009-11-03,2009-12-04,bull_normal_volatility,bull_normal_volatility,77.88249969482422,68.14714715957642,True,0.16753567545683387,normal_volatility,trend_following_breakout,trend_breakout,Trend filter and 20-day breakout conditions were met.,"{""atr_20"": 1.444499, ""bollinger_lower"": 100.971282, ""breakout_level"": 104.260002, ""close"": 106.459999, ""ema_10"": 103.429526, ""momentum_126"": 0.188966, ""momentum_63"": 0.123233, ""realized_vol_20"": 0.167536, ""rsi_2"": 100.0, ""sma_100"": 95.96, ""sma_200"": 93.35495, ""sma_50"": 99.7144, ""volume"": 33610400.0, ""volume_sma_20"": 17010190.0}",2663.9325208281,2670.4512629578276,3131.6123606970536,-461.1610977392261,7.160426757512603,35.95726694052466,7.160426757512603,35.95726694052466,-29.99515993710217,70.00484006289783,active,107.16355561065673,104.27455719757079,115.15750122070312,115.09992247009278,115.15750122070312,,9.967759086531348,1068.1805051831311,45.0,28.796840183012055,28.796840183012055,0.6399297818447123,2.888998413085943,0.026958777138583957,79.10779287718994,2.7470997642254344,1.107734401621726,0.0,stop_loss,stop loss,True,False,False,False,False,21,bull_normal_volatility,True,valid_win,,True,trend breakout
120,B_ETF_trend_following,v1_fixed_rules,IEF,bond,2010-04-27,2010-04-28,2010-04-27,2010-07-28,bull_normal_volatility,bull_normal_volatility,89.01481628417969,81.14445266723632,True,0.0632800023606446,normal_volatility,trend_following_breakout,trend_breakout,Trend filter and 20-day breakout conditions were met.,"{""atr_20"": 0.289915, ""bollinger_lower"": 61.780188, ""breakout_level"": 62.94957, ""close"": 63.257141, ""ema_10"": 62.76371, ""momentum_126"": 0.013404, ""momentum_63"": 0.007674, ""realized_vol_20"": 0.06328, ""rsi_2"": 100.0, ""sma_100"": 62.551566, ""sma_200"": 62.466308, ""sma_50"": 62.655857, ""volume"": 442800.0, ""volume_sma_20"": 356260.0}",3109.234787677034,3111.6655951900443,3195.542282763068,-83.8766875730239,28.812086882995303,40.255778072277366,0.0,11.443691189282063,253.54902130531767,353.54902130531764,active,63.06495795729119,62.48512709046871,67.0627259136562,67.02919455069937,67.0627259136562,,19.736257319301313,1244.6662380760179,45.0,11.443691189282063,11.443691189282063,0.2543042486507125,0.5798308668224834,0.009194184624925241,78.23919348209431,6.836884374804836,1.2837858348170652,0.0,stop_loss,stop loss,True,False,False,False,False,63,bull_normal_volatility,True,valid_win,,True,trend breakout
11,C_swing_trend_pullback,v1_fixed_rules,GLD,commodity_alternative,2008-02-06,2008-02-07,2008-02-06,2008-02-27,bear_high_volatility,bear_high_volatility,95.01203155517578,105.06575366973877,False,0.2079212529281937,high_volatility,swing_trend_pullback,pullback_reclaim,Uptrend pullback reclaimed the short trigger.,"{""atr_20"": 1.7445, ""bollinger_lower"": 85.622799, ""breakout_level"": 92.059998, ""close"": 88.949997, ""ema_10"": 89.318586, ""momentum_126"": 0.337996, ""momentum_63"": 0.11536, ""pullback_days"": 4.0, ""realized_vol_20"": 0.207921, ""rsi_2"": 47.211862, ""sma_100"": 79.8759, ""sma_200"": 72.98705, ""sma_50"": 83.955799, ""volume"": 8787200.0, ""volume_sma_20"": 12924250.0}",3059.163416329121,3045.4518996083048,3061.335997365702,-15.884097757397285,18.370699915743785,54.18948372083284,0.0,35.818783805089055,46.929701915512375,196.92970191551237,active,88.9944719467163,86.37772256469727,86.37772256469727,94.18085672539901,86.37772256469727,94.22797071075438,13.688274487124142,1218.180759843322,45.0,35.818783805089055,35.818783805089055,0.7959729734464235,2.6167493820190373,0.029403504788317242,70.9926584464515,1.9819952244264927,1.2536770890665478,0.0,target_hit,target hit,False,True,False,False,False,13,bear_high_volatility,True,valid_win,,True,pullback_days=4
235,B_ETF_trend_following,v1_fixed_rules,XLU,equity_index,2013-02-22,2013-02-25,2013-02-22,2013-05-06,bull_normal_volatility,bull_normal_volatility,120.93350219726562,111.34703411102295,True,0.07271772667320847,normal_volatility,trend_following_breakout,trend_breakout,Trend filter and 20-day breakout conditions were met.,"{""atr_20"": 0.094891, ""bollinger_lower"": 11.69922, ""breakout_level"": 11.975399, ""close"": 12.02066, ""ema_10"": 11.916943, ""momentum_126"": 0.022537, ""momentum_63"": 0.095242, ""realized_vol_20"": 0.072718, ""rsi_2"": 69.811447, ""sma_100"": 11.512293, ""sma_200"": 11.543746, ""sma_50"": 11.59654, ""volume"": 12183000.0, ""volume_sma_20"": 14272600.0}",3715.725237151428,3656.6066187559154,3779.831384192186,-123.22476543627045,44.32478400460376,56.10321301248925,44.32478400460376,56.10321301248925,388.73924882155484,488.73924882155484,active,12.059014062066339,11.869231589040721,13.17637875308406,13.169790563707519,13.17637875308406,,62.062785989176,748.4160089744871,45.0,11.77842900788549,11.77842900788549,0.2617428668418998,0.1897824730256179,0.01573781007707841,68.93788430316214,5.8528929670509715,0.7828849511260683,0.0,stop_loss,stop loss,True,False,False,False,False,49,bull_normal_volatility,True,valid_win,,True,trend breakout
147,A_ETF_sector_momentum,v1_fixed_rules,XLE,equity_index,2011-01-28,2011-01-31,2011-01-28,2011-03-10,bull_low_volatility,bull_normal_volatility,97.43936157226562,87.61574119567871,True,0.15080030457141844,low_volatility,weekly_momentum_rotation,ranked_momentum_risk_on,Weekly momentum rotation selected an eligible top-ranked ETF.,"{""atr_20"": 0.310032, ""bollinger_lower"": 20.086953, ""breakout_level"": 21.457409, ""close"": 21.239368, ""ema_10"": 21.079976, ""momentum_126"": 0.332739, ""momentum_63"": 0.206525, ""rank_at_signal"": 1.0, ""rank_score"": 1.788009, ""realized_vol_20"": 0.1508, ""rsi_2"": 0.0, ""score"": 1.788009, ""sma_100"": 18.625993, ""sma_200"": 17.341147, ""sma_50"": 19.99267, ""volume"": 47383200.0, ""volume_sma_20"": 27893810.0}",3327.365348853453,3335.1189727026385,3486.1742501769904,-151.0552774743519,6.1315847955298635,44.72739777079588,6.1315847955298635,44.72739777079588,360.74411550719975,490.74411550719975,active,21.43227413331819,20.81220926392775,22.549470510699795,22.538195775444446,22.549470510699795,,62.24479869857448,1334.0475890810555,45.0,38.59581297526602,38.59581297526602,0.8576847327836894,0.6200648693904434,0.028931361438052097,68.83786999054566,1.7835579738833365,1.3684665240763283,0.0,stop_loss,stop loss,True,False,False,False,False,27,bull_normal_volatility,True,valid_win,,True,weekly rank score=1.7880
250,A_ETF_sector_momentum,v1_fixed_rules,XLY,equity_index,2013-06-28,2013-07-01,2013-06-28,2013-08-14,bull_high_volatility,bull_high_volatility,128.97193908691406,120.30279193878174,True,0.1890719417588185,high_volatility,weekly_momentum_rotation,ranked_momentum_risk_on,Weekly momentum rotation selected an eligible top-ranked ETF.,"{""atr_20"": 0.379382, ""bollinger_lower"": 23.59422, ""breakout_level"": 24.683073, ""close"": 24.398764, ""ema_10"": 24.145954, ""momentum_126"": 0.21028, ""momentum_63"": 0.075678, ""rank_at_signal"": 1.0, ""rank_score"": 0.756215, ""realized_vol_20"": 0.189072, ""rsi_2"": 100.0, ""score"": 0.756215, ""sma_100"": 23.263655, ""sma_200"": 21.793747, ""sma_50"": 24.139622, ""volume"": 15998200.0, ""volume_sma_20"": 14290360.0}",3776.386238467315,3780.3315580256995,4108.896687653191,-328.56512962749184,13.278849099517556,58.27884909951756,13.278849099517556,58.27884909951756,588.3380720801454,718.3380720801454,active,24.56678577834067,23.808022324358745,25.710632768875616,25.69777745249118,25.710632768875616,,59.30702086907842,1456.982876842229,45.0,45.0,45.0,1.0,0.7587634539819241,0.03088574389942736,67.07574682159832,1.4905721515910737,1.4905207502530282,0.0,stop_loss,stop loss,True,False,False,False,False,31,bull_high_volatility,True,valid_win,,True,weekly rank score=0.7562
160,B_ETF_trend_following,v1_fixed_rules,XLV,equity_index,2011-04-14,2011-04-15,2011-04-14,2011-05-23,bull_low_volatility,bull_low_volatility,100.8049087524414,91.82278305053711,True,0.06614228179371062,low_volatility,trend_following_breakout,trend_breakout,Trend filter and 20-day breakout conditions were met.,"{""atr_20"": 0.216485, ""bollinger_lower"": 24.829569, ""breakout_level"": 26.024891, ""close"": 26.110331, ""ema_10"": 25.904279, ""momentum_126"": 0.094403, ""momentum_63"": 0.050815, ""realized_vol_20"": 0.066142, ""rsi_2"": 85.713785, ""sma_100"": 24.848977, ""sma_200"": 23.878838, ""sma_50"": 25.314904, ""volume"": 8316200.0, ""volume_sma_20"": 6493215.0}",3304.432387646861,3305.6319483815737,3510.3444699845804,-204.71252160300673,0.0,21.80485247859781,0.0,21.80485247859781,200.7976395377374,300.7976395377374,active,26.25546882798987,25.82249819371294,27.590789811739985,27.576994416834115,27.590789811739985,,50.361042418066845,1322.2527793526297,45.0,21.80485247859781,21.80485247859781,0.48455227730217354,0.4329706342769306,0.01649068379290788,66.55340623634582,3.0522291449424026,1.3555294824708026,0.0,stop_loss,stop loss,True,False,False,False,False,25,bull_low_volatility,True,valid_win,,True,trend breakout
211,A_ETF_sector_momentum,v1_fixed_rules,XLV,equity_index,2012-08-24,2012-08-27,2012-08-24,2012-10-10,bull_low_volatility,bull_low_volatility,111.28152465820312,104.37509860992432,True,0.07964336052292334,low_volatility,weekly_momentum_rotation,ranked_momentum_risk_on,Weekly momentum rotation selected an eligible top-ranked ETF.,"{""atr_20"": 0.238395, ""bollinger_lower"": 30.45799, ""breakout_level"": 30.959141, ""close"": 30.887377, ""ema_10"": 30.733857, ""momentum_126"": 0.079574, ""momentum_63"": 0.069434, ""rank_at_signal"": 1.0, ""rank_score"": 0.935474, ""realized_vol_20"": 0.079643, ""rsi_2"": 86.843497, ""score"": 0.935474, ""sma_100"": 29.766941, ""sma_200"": 28.779404, ""sma_50"": 30.363084, ""volume"": 5991200.0, ""volume_sma_20"": 4167160.0}",3595.0113717339227,3596.055524877992,3753.5313613253497,-157.47583644735778,6.003971492015007,27.31019221769536,6.003971492015007,27.31019221769536,540.8805599912682,670.8805599912682,active,30.92676118625318,30.449971469931818,32.33732481556649,32.32115615315871,32.33732481556649,,44.686829426748055,1382.0189018518681,45.0,21.30622072568035,21.30622072568035,0.47347157168178555,0.47678971632136324,0.01541673612215476,62.311090039623416,2.9245491653299154,1.4131744468716798,0.0,stop_loss,stop loss,True,False,False,False,False,31,bull_low_volatility,True,valid_win,,True,weekly rank score=0.9355
233,B_ETF_trend_following,v1_fixed_rules,XLP,equity_index,2013-02-21,2013-02-22,2013-02-21,2013-04-05,bull_low_volatility,bull_normal_volatility,119.76309967041016,111.27826454162597,True,0.07565584078783252,low_volatility,trend_following_breakout,trend_breakout,Trend filter and 20-day breakout conditions were met.,"{""atr_20"": 0.176281, ""bollinger_lower"": 25.712336, ""breakout_level"": 26.787598, ""close"": 26.822847, ""ema_10"": 26.550449, ""momentum_126"": 0.079062, ""momentum_63"": 0.099994, ""realized_vol_20"": 0.075656, ""rsi_2"": 63.156171, ""sma_100"": 25.198009, ""sma_200"": 24.653841, ""sma_50"": 25.59799, ""volume"": 9752400.0, ""volume_sma_20"": 5722540.0}",3711.0181648073954,3711.0181648073954,3779.831384192186,-68.8132193847905,0.0,19.460516332654706,0.0,19.460516332654706,404.2701888540752,504.2701888540752,active,26.892687383310292,26.540125391688346,28.001246078346142,27.987245455306972,28.001246078346142,,55.19743135987916,1484.4072659229582,45.0,19.460516332654706,19.460516332654706,0.4324559185034379,0.3525619916219469,0.01310995761028882,60.41679404843841,3.1045833016803956,1.5146156629471774,0.0,stop_loss,stop loss,True,False,False,False,False,29,bull_normal_volatility,True,valid_win,,True,trend breakout
61,E_breakout_vcb,v1_fixed_rules,XLI,equity_index,2009-04-09,2009-04-13,2009-04-09,2009-05-04,bear_normal_volatility,bear_normal_volatility,63.201683044433594,72.23721202850342,False,0.4929533958876268,normal_volatility,volatility_contraction_breakout,volume_confirmed_breakout,Breakout and volume/volatility filters were satisfied.,"{""atr_20"": 0.580773, ""bollinger_lower"": 12.217284, ""breakout_level"": 14.448248, ""close"": 14.85443, ""ema_10"": 14.108363, ""momentum_126"": -0.190444, ""momentum_63"": -0.129367, ""realized_vol_20"": 0.492953, ""rsi_2"": 100.0, ""sma_100"": 14.694623, ""sma_200"": 18.329294, ""sma_50"": 13.450398, ""volume"": 18412800.0, ""volume_sma_20"": 11107480.0}",2696.8049868060025,2696.8049868060025,3131.6123606970536,-434.80737389105116,0.0,30.0,0.0,30.0,-42.68403727691268,37.31596272308732,active,14.6659226451337,13.794763387874557,14.749254356522783,16.40003703907216,14.749254356522783,16.408241159651986,34.43687219072499,505.0485036895286,30.0,30.0,30.0,1.0,0.8711592572591424,0.05940023538499992,59.71747574815529,1.9905825249385096,0.5349072415636063,0.0,target_hit,target hit,False,True,False,False,False,15,bear_normal_volatility,True,valid_win,,True,volume-confirmed breakout
137,A_ETF_sector_momentum,v1_fixed_rules,QQQ,equity_index,2010-11-19,2010-11-22,2010-11-19,2010-12-20,bull_normal_volatility,bull_normal_volatility,91.290771484375,85.3660428237915,True,0.12810695813760936,normal_volatility,weekly_momentum_rotation,ranked_momentum_risk_on,Weekly momentum rotation selected an eligible top-ranked ETF.,"{""atr_20"": 0.635611, ""bollinger_lower"": 44.782987, ""breakout_level"": 46.984314, ""close"": 45.873959, ""ema_10"": 45.856398, ""momentum_126"": 0.18218, ""momentum_63"": 0.182394, ""rank_at_signal"": 1.0, ""rank_score"": 1.422926, ""realized_vol_20"": 0.128107, ""rsi_2"": 100.0, ""score"": 1.422926, ""sma_100"": 41.882118, ""sma_200"": 41.245953, ""sma_50"": 44.35839, ""volume"": 54506100.0, ""volume_sma_20"": 70516305.0}",3223.454761200641,3229.511486328727,3301.3699319905795,-71.85844566185233,35.983643062756855,71.90695238056259,35.983643062756855,71.90695238056259,245.73599800959664,375.73599800959664,active,45.7132225528832,44.442000697323465,46.35748095823369,47.82443429889926,46.35748095823369,,28.25888271248151,1291.804594531491,45.0,35.92330931780573,35.92330931780573,0.7982957626179051,1.2712218555597374,0.027808624825981766,59.66048511188115,1.6607736381990248,1.3216348370874313,0.0,rank_drop_exit,rank drop exit,False,False,False,False,False,19,bull_normal_volatility,True,valid_win,,True,weekly rank score=1.4229
8,C_swing_trend_pullback,v1_fixed_rules,GLD,commodity_alternative,2008-01-18,2008-01-22,2008-01-18,2008-01-25,bear_normal_volatility,bear_normal_volatility,94.30504608154295,105.4467826461792,False,0.20644439474190643,normal_volatility,swing_trend_pullback,pullback_reclaim,Uptrend pullback reclaimed the short trigger.,"{""atr_20"": 1.427499, ""bollinger_lower"": 78.61997, ""breakout_level"": 89.540001, ""close"": 87.419998, ""ema_10"": 86.794134, ""momentum_126"": 0.293578, ""momentum_63"": 0.150263, ""pullback_days"": 3.0, ""realized_vol_20"": 0.206444, ""rsi_2"": 82.143052, ""sma_100"": 77.2762, ""sma_200"": 71.6563, ""sma_50"": 81.545599, ""volume"": 9094500.0, ""volume_sma_20"": 9699455.0}",2998.5221976927924,2998.5221976927924,3031.2971054908476,-32.77490779805521,0.0,29.799741207056925,0.0,29.799741207056925,0.0,150.0,active,86.18306938934326,84.0418203048706,84.0418203048706,90.42033477450944,84.0418203048706,90.46556755828858,13.91698958479456,1199.408879077117,45.0,29.799741207056925,29.799741207056925,0.6622164712679317,2.141249084472662,0.024845356514274164,58.96997823336827,1.978875515180766,1.228893868193801,0.0,target_hit,target hit,False,True,False,False,False,3,bear_normal_volatility,True,valid_win,,True,pullback_days=3
275,B_ETF_trend_following,v1_fixed_rules,XLU,equity_index,2014-01-30,2014-01-31,2014-01-30,2014-03-20,bull_high_volatility,bull_normal_volatility,145.58297729492188,137.4493112564087,True,0.1282368056479731,high_volatility,trend_following_breakout,trend_breakout,Trend filter and 20-day breakout conditions were met.,"{""atr_20"": 0.127584, ""bollinger_lower"": 12.488717, ""breakout_level"": 12.949997, ""close"": 13.037404, ""ema_10"": 12.859245, ""momentum_126"": 0.007911, ""momentum_63"": 0.000642, ""realized_vol_20"": 0.128237, ""rsi_2"": 96.721464, ""sma_100"": 12.694645, ""sma_200"": 12.690682, ""sma_50"": 12.722836, ""volume"": 16803800.0, ""volume_sma_20"": 21646470.0}",3829.654780903632,3830.025722298111,4108.896687653191,-278.87096535508044,0.7758132858218799,30.92409793253933,0.0,30.14828464671745,508.1335024711697,608.1335024711698,active,12.966563486618858,12.71139571802633,13.469402739903382,13.462668038533431,13.469402739903382,,118.15083391218016,1532.0102889192444,45.0,30.14828464671745,30.14828464671745,0.6699618810381656,0.25516776859252843,0.019678904812046358,58.61516651633533,1.9442289073225052,1.561317872177412,0.0,stop_loss,stop loss,True,False,False,False,False,33,bull_normal_volatility,True,valid_win,,True,trend breakout
297,A_ETF_sector_momentum,v1_fixed_rules,SMH,equity_index,2014-08-01,2014-08-04,2014-08-01,2014-09-12,sideways_normal_volatility,bull_normal_volatility,157.80447387695312,151.2486018371582,True,0.17737221543417456,normal_volatility,weekly_momentum_rotation,ranked_momentum_risk_on,Weekly momentum rotation selected an eligible top-ranked ETF.,"{""atr_20"": 0.303646, ""bollinger_lower"": 21.431615, ""breakout_level"": 22.53331, ""close"": 21.563759, ""ema_10"": 21.800043, ""momentum_126"": 0.188487, ""momentum_63"": 0.101779, ""rank_at_signal"": 2.0, ""rank_score"": 0.81824, ""realized_vol_20"": 0.177372, ""rsi_2"": 15.315663, ""score"": 0.81824, ""sma_100"": 20.668771, ""sma_200"": 19.470549, ""sma_50"": 21.569575, ""volume"": 6201800.0, ""volume_sma_20"": 4782990.0}",3909.3358049783756,3909.3358049783756,4108.896687653191,-199.56088267481573,0.0,43.7308694537539,0.0,43.7308694537539,704.617241500299,834.617241500299,active,21.715635662254623,21.108343480394723,22.52174643529559,22.510485562077942,22.52174643529559,,72.0096038776972,1563.7343219913503,45.0,43.7308694537539,43.7308694537539,0.9717970989723088,0.6072921818599006,0.02796566452417855,57.236826428504514,1.3088426354987839,1.5923527352056026,0.0,stop_loss,stop loss,True,False,False,False,False,28,bull_normal_volatility,True,valid_win,,True,weekly rank score=0.8182
136,A_ETF_sector_momentum,v1_fixed_rules,XLY,equity_index,2010-11-12,2010-11-15,2010-11-12,2011-01-10,bull_normal_volatility,bull_normal_volatility,91.22248077392578,85.13102447509766,True,0.13180331383505664,normal_volatility,weekly_momentum_rotation,ranked_momentum_risk_on,Weekly momentum rotation selected an eligible top-ranked ETF.,"{""atr_20"": 0.208929, ""bollinger_lower"": 14.116246, ""breakout_level"": 15.104939, ""close"": 14.89808, ""ema_10"": 14.904888, ""momentum_126"": 0.089663, ""momentum_63"": 0.175203, ""rank_at_signal"": 2.0, ""rank_score"": 1.00478, ""realized_vol_20"": 0.131803, ""rsi_2"": 0.0, ""score"": 1.00478, ""sma_100"": 13.431585, ""sma_200"": 13.358624, ""sma_50"": 14.142351, ""volume"": 19690600.0, ""volume_sma_20"": 15095370.0}",3220.53586406115,3220.53586406115,3301.3699319905795,-80.8340679294297,0.0,35.983643062756855,0.0,35.983643062756855,236.7603757420192,366.76037574201916,active,14.959338103217775,14.541479472323278,15.452168526200941,15.606544641597925,15.452168526200941,,86.11439468350297,1288.21434562446,45.0,35.983643062756855,35.983643062756855,0.7996365125057079,0.4178586308944965,0.027932962542280834,55.73379928781194,1.5488648325743466,1.3160812452683661,0.0,rank_drop_exit,rank drop exit,False,False,False,False,False,38,bull_normal_volatility,True,valid_win,,True,weekly rank score=1.0048
138,B_ETF_trend_following,v1_fixed_rules,SMH,equity_index,2010-11-22,2010-11-23,2010-11-22,2011-01-20,bull_normal_volatility,bull_normal_volatility,91.21485900878906,85.42596923828125,True,0.16115352155554952,normal_volatility,trend_following_breakout,trend_breakout,Trend filter and 20-day breakout conditions were met.,"{""atr_20"": 0.230337, ""bollinger_lower"": 12.248962, ""breakout_level"": 13.242769, ""close"": 13.255507, ""ema_10"": 12.977406, ""momentum_126"": 0.163189, ""momentum_63"": 0.232531, ""realized_vol_20"": 0.161154, ""rsi_2"": 100.0, ""sma_100"": 11.757108, ""sma_200"": 11.761184, ""sma_50"": 12.18131, ""volume"": 18459600.0, ""volume_sma_20"": 21175470.0}",3244.9251367652028,3204.932793349005,3301.3699319905795,-96.43713864157462,64.9779501951255,87.45737758501821,64.9779501951255,87.45737758501821,310.82427719453835,410.82427719453835,active,13.126199805538361,12.665525864817482,14.262303760638499,14.25517260875818,14.262303760638499,,48.796828739034154,640.5169239051988,45.0,22.4794273898927,22.4794273898927,0.4995428308865044,0.46067394072087886,0.03509575867697107,55.0902925297448,2.4506982128252406,0.6680620701700712,0.0,stop_loss,stop loss,True,False,False,False,False,39,bull_normal_volatility,True,valid_win,,True,trend breakout
325,A_ETF_sector_momentum,v1_fixed_rules,TLT,bond,2015-01-02,2015-01-05,2015-01-02,2015-02-06,bull_high_volatility,sideways_high_volatility,170.1249542236328,160.7101387786865,True,0.15208493838030387,high_volatility,weekly_momentum_rotation,ranked_momentum_risk_on,Weekly momentum rotation selected an eligible top-ranked ETF.,"{""atr_20"": 1.039972, ""bollinger_lower"": 88.814765, ""breakout_level"": 93.374947, ""close"": 93.367279, ""ema_10"": 91.975114, ""momentum_126"": 0.166814, ""momentum_63"": 0.093775, ""rank_at_signal"": 1.0, ""rank_score"": 0.856722, ""realized_vol_20"": 0.152085, ""rsi_2"": 100.0, ""score"": 0.856722, ""sma_100"": 87.036013, ""sma_200"": 83.871416, ""sma_50"": 88.989638, ""volume"": 9432000.0, ""volume_sma_20"": 6988715.0}",3934.7732349392586,3916.513284878775,4108.896687653191,-192.38340277441648,18.491637306769718,53.185469055426665,0.0,34.69383174865695,673.567436174333,803.567436174333,active,93.92022170904758,91.84027704094778,97.73724687447762,96.98322177243581,97.73724687447762,,16.680170526051842,1566.60531395151,45.0,34.69383174865695,34.69383174865695,0.7709740388590433,2.079944668099799,0.022145866249583528,51.091363378623285,1.4726353591831525,1.5921509956408215,0.0,stop_loss_gap,stop loss gap,True,False,False,True,False,23,sideways_high_volatility,True,valid_win,,True,weekly rank score=0.8567
77,B_ETF_trend_following,v1_fixed_rules,QQQ,equity_index,2009-07-15,2009-07-16,2009-07-15,2009-08-17,bull_normal_volatility,bull_normal_volatility,69.07682037353516,64.21175458908081,True,0.24144201066990983,normal_volatility,trend_following_breakout,trend_breakout,Trend filter and 20-day breakout conditions were met.,"{""atr_20"": 0.616471, ""bollinger_lower"": 29.732365, ""breakout_level"": 31.55397, ""close"": 31.960833, ""ema_10"": 30.889642, ""momentum_126"": 0.253861, ""momentum_63"": 0.140907, ""realized_vol_20"": 0.241442, ""rsi_2"": 100.0, ""sma_100"": 28.512282, ""sma_200"": 27.384942, ""sma_50"": 30.585913, ""volume"": 160869700.0, ""volume_sma_20"": 118449240.0}",2613.10232598005,2621.410415052661,3131.6123606970536,-510.2019456443927,6.972191600657997,47.58905380532626,3.965365758407597,44.582227963075866,-87.09930458593422,12.90069541406578,active,31.82958974474662,30.596648449795364,33.37839159260419,33.361702396807885,33.37839159260419,,32.94306255373986,1048.5641660210645,45.0,40.616862204668266,40.616862204668266,0.9025969378815171,1.2329412949512566,0.03873569545943488,50.47248293623053,1.2426485010560346,1.0738004074891798,0.0,stop_loss,stop loss,True,False,False,False,False,22,bull_normal_volatility,True,valid_win,,True,trend breakout
161,A_ETF_sector_momentum,v1_fixed_rules,XLP,equity_index,2011-04-15,2011-04-18,2011-04-15,2011-05-25,bull_low_volatility,bull_low_volatility,101.1727294921875,91.94078880310059,True,0.06002863819065179,low_volatility,weekly_momentum_rotation,ranked_momentum_risk_on,Weekly momentum rotation selected an eligible top-ranked ETF.,"{""atr_20"": 0.143712, ""bollinger_lower"": 19.528806, ""breakout_level"": 20.527393, ""close"": 20.614285, ""ema_10"": 20.340339, ""momentum_126"": 0.093546, ""momentum_63"": 0.057467, ""rank_at_signal"": 1.0, ""rank_score"": 1.257847, ""realized_vol_20"": 0.060029, ""rsi_2"": 100.0, ""score"": 1.257847, ""sma_100"": 19.55667, ""sma_200"": 18.848946, ""sma_50"": 19.801444, ""volume"": 8840800.0, ""volume_sma_20"": 5934255.0}",3310.0555952227187,3293.624163622453,3510.3444699845804,-216.7203063621273,21.80485247859781,40.30281097420988,21.80485247859781,40.30281097420988,431.88309771924395,561.883097719244,active,20.470781140366245,20.183356375809336,21.264332123757587,21.25369995769571,21.264332123757587,,64.35756683711048,1317.4496654489815,45.0,18.497958495612075,18.497958495612075,0.411065744346935,0.2874247645569099,0.01404073262207558,50.38675011431242,2.7239087019394455,1.3426430405061378,0.0,stop_loss,stop loss,True,False,False,False,False,26,bull_low_volatility,True,valid_win,,True,weekly rank score=1.2578
189,B_ETF_trend_following,v1_fixed_rules,IEF,bond,2012-04-09,2012-04-10,2012-04-09,2012-06-06,bull_normal_volatility,bull_normal_volatility,108.13402557373048,98.5761964416504,True,0.08529534883357459,normal_volatility,trend_following_breakout,trend_breakout,Trend filter and 20-day breakout conditions were met.,"{""atr_20"": 0.456627, ""bollinger_lower"": 75.100539, ""breakout_level"": 77.25193, ""close"": 77.355019, ""ema_10"": 76.458973, ""momentum_126"": 0.015898, ""momentum_63"": 0.001601, ""realized_vol_20"": 0.085295, ""rsi_2"": 100.0, ""sma_100"": 76.982639, ""sma_200"": 75.611085, ""sma_50"": 76.994828, ""volume"": 573700.0, ""volume_sma_20"": 763760.0}",3644.421699353789,3634.4409328427832,3728.3962566633504,-93.95532382056717,0.0,17.12687833434323,0.0,17.12687833434323,322.32992249971323,422.32992249971323,active,77.51944344079712,76.60619013658255,80.19457712003913,80.15447983147911,80.19457712003913,,18.75369982819067,1453.7763731371133,45.0,17.12687833434323,17.12687833434323,0.3805972963187384,0.9132533042145639,0.011780957959431565,49.416681507208985,2.885329161714045,1.478484713890718,0.0,stop_loss,stop loss,True,False,False,False,False,40,bull_normal_volatility,True,valid_win,,True,trend breakout
228,B_ETF_trend_following,v1_fixed_rules,XLB,equity_index,2012-12-26,2012-12-27,2012-12-26,2013-02-20,sideways_low_volatility,sideways_low_volatility,112.8601303100586,109.49443267822265,True,0.12713254091434933,low_volatility,trend_following_breakout,trend_breakout,Trend filter and 20-day breakout conditions were met.,"{""atr_20"": 0.175522, ""bollinger_lower"": 13.430456, ""breakout_level"": 14.27201, ""close"": 14.306419, ""ema_10"": 14.101488, ""momentum_126"": 0.123735, ""momentum_63"": 0.011002, ""realized_vol_20"": 0.127133, ""rsi_2"": 100.0, ""sma_100"": 13.779479, ""sma_200"": 13.523511, ""sma_50"": 13.79759, ""volume"": 20367200.0, ""volume_sma_20"": 16494020.0}",3539.51049477247,3534.2153459370293,3753.5313613253497,-219.31601538832047,0.0,34.58783210709079,0.0,34.58783210709079,344.80836169769407,444.80836169769407,active,14.347996570663394,13.996952528433672,14.856480213946853,14.84905197383988,14.856480213946853,,98.52846921258002,1413.686138374812,45.0,34.58783210709079,34.58783210709079,0.7686184912686842,0.35104404222972185,0.024466415258802294,49.36822186567118,1.4273291749774133,1.4383702493076476,0.0,stop_loss,stop loss,True,False,False,False,False,36,sideways_low_volatility,True,valid_win,,True,trend breakout
314,B_ETF_trend_following,v1_fixed_rules,XLP,equity_index,2014-10-24,2014-10-27,2014-10-24,2014-12-09,sideways_high_volatility,sideways_high_volatility,161.7788543701172,156.05221862792968,True,0.13507866666402887,high_volatility,trend_following_breakout,trend_breakout,Trend filter and 20-day breakout conditions were met.,"{""atr_20"": 0.401389, ""bollinger_lower"": 32.613076, ""breakout_level"": 33.768093, ""close"": 33.812275, ""ema_10"": 33.383723, ""momentum_126"": 0.050294, ""momentum_63"": 0.036822, ""realized_vol_20"": 0.135079, ""rsi_2"": 92.68191, ""sma_100"": 32.91478, ""sma_200"": 31.995883, ""sma_50"": 33.169168, ""volume"": 9205600.0, ""volume_sma_20"": 13389445.0}",3870.8138862783435,3867.144854773388,4108.896687653191,-241.75183287980326,48.75592719302692,69.49655929010046,45.0,65.74063209707354,496.43170035221004,596.4317003522101,active,33.740768548454156,32.93798959248613,35.63692962743402,35.61359374937086,35.63692962743402,,25.83604358694687,871.7279668749477,45.0,20.740632097073544,20.740632097073544,0.4609029354905232,0.802778955968023,0.023792550985173175,48.38639352161641,2.33292762222245,0.8959211636357559,0.0,stop_loss_gap,stop loss gap,True,False,False,True,False,30,sideways_high_volatility,True,valid_win,,True,trend breakout
75,A_ETF_sector_momentum,v1_fixed_rules,QQQ,equity_index,2009-07-02,2009-07-06,2009-07-02,2009-08-17,sideways_low_volatility,sideways_low_volatility,66.52140808105469,65.04170576095581,True,0.19441742674973508,low_volatility,weekly_momentum_rotation,ranked_momentum_risk_on,Weekly momentum rotation selected an eligible top-ranked ETF.,"{""atr_20"": 0.613569, ""bollinger_lower"": 30.317448, ""breakout_level"": 31.947508, ""close"": 30.818146, ""ema_10"": 31.195211, ""momentum_126"": 0.200496, ""momentum_63"": 0.122285, ""rank_at_signal"": 1.0, ""rank_score"": 0.830124, ""realized_vol_20"": 0.194417, ""rsi_2"": 2.439693, ""score"": 0.830124, ""sma_100"": 28.117586, ""sma_200"": 27.581929, ""sma_50"": 30.391072, ""volume"": 113309800.0, ""volume_sma_20"": 114131930.0}",2609.346797169139,2606.2764498548195,3131.6123606970536,-525.3359108422342,24.554883191044663,46.34264862740763,23.290584807357288,45.07835024372025,-14.33904925021049,115.6609507497895,active,30.642994847460972,29.415855860561013,33.37839159260419,33.361702396807885,33.37839159260419,,17.754928878434516,544.0641941389049,45.0,21.78776543636296,21.78776543636296,0.48417256525251023,1.2271389868999591,0.04004631378259811,48.27045917991744,2.215484617773416,0.5681994237288637,0.0,stop_loss,stop loss,True,False,False,False,False,30,sideways_low_volatility,True,valid_win,,True,weekly rank score=0.8301
47,C_swing_trend_pullback,v1_fixed_rules,GLD,commodity_alternative,2008-07-09,2008-07-10,2008-07-09,2008-07-15,bear_normal_volatility,bear_normal_volatility,90.00263977050781,100.44487487792969,False,0.20258571553284932,normal_volatility,swing_trend_pullback,pullback_reclaim,Uptrend pullback reclaimed the short trigger.,"{""atr_20"": 1.5525, ""bollinger_lower"": 84.57941, ""breakout_level"": 93.169998, ""close"": 91.5, ""ema_10"": 90.950701, ""momentum_126"": 0.05439, ""momentum_63"": -0.00856, ""pullback_days"": 3.0, ""realized_vol_20"": 0.202586, ""rsi_2"": 63.366142, ""sma_100"": 90.4833, ""sma_200"": 85.73715, ""sma_50"": 88.217, ""volume"": 11362800.0, ""volume_sma_20"": 10589055.0}",2815.49877296531,2817.1780023924052,3131.6123606970536,-314.4343583046484,1.4638796136405976,25.714916827814246,0.0,24.25103721417365,-29.88767669718446,120.11232330281554,active,92.44620152664184,89.93000030517578,89.93000030517578,97.42986466758919,89.93000030517578,97.47860396957397,9.637956220386782,890.9924430548277,45.0,24.25103721417365,24.25103721417365,0.5389119380927477,2.516201221466062,0.027218005498483615,48.032327169605765,1.9806298075173878,0.9150086066396306,0.0,target_hit,target hit,False,True,False,False,False,3,bear_normal_volatility,True,valid_win,,True,pullback_days=3
208,B_ETF_trend_following,v1_fixed_rules,SPY,equity_index,2012-08-03,2012-08-06,2012-08-03,2012-09-26,bull_normal_volatility,bull_normal_volatility,109.58293151855467,103.3063771057129,True,0.15525395395174008,normal_volatility,trend_following_breakout,trend_breakout,Trend filter and 20-day breakout conditions were met.,"{""atr_20"": 1.411176, ""bollinger_lower"": 104.404902, ""breakout_level"": 109.056046, ""close"": 109.582932, ""ema_10"": 107.961292, ""momentum_126"": 0.045681, ""momentum_63"": 0.022424, ""realized_vol_20"": 0.155254, ""rsi_2"": 74.042952, ""sma_100"": 106.659982, ""sma_200"": 103.306377, ""sma_50"": 105.453242, ""volume"": 157825000.0, ""volume_sma_20"": 143653730.0}",3621.736571416254,3618.74431857723,3753.5313613253497,-134.7870427481198,33.062621721810814,70.22618499617089,0.0,37.16356327436007,341.2290735857599,441.2290735857599,active,109.92882267567074,107.10647160750422,113.52279861013852,113.46603721083346,113.52279861013852,,13.167590557223805,1447.4977274308922,45.0,37.16356327436007,37.16356327436007,0.825856961652446,2.822351068166526,0.025674349997302063,46.576592712083404,1.2532865152954151,1.4707860237869341,0.0,stop_loss,stop loss,True,False,False,False,False,36,bull_normal_volatility,True,valid_win,,True,trend breakout
262,B_ETF_trend_following,v1_fixed_rules,QQQ,equity_index,2013-10-14,2013-10-15,2013-10-14,2013-12-18,bull_normal_volatility,bull_normal_volatility,138.09954833984375,128.50519290924072,True,0.14453075117567155,normal_volatility,trend_following_breakout,trend_breakout,Trend filter and 20-day breakout conditions were met.,"{""atr_20"": 0.838023, ""bollinger_lower"": 69.913623, ""breakout_level"": 71.940582, ""close"": 72.039909, ""ema_10"": 71.127054, ""momentum_126"": 0.155647, ""momentum_63"": 0.061823, ""realized_vol_20"": 0.144531, ""rsi_2"": 100.0, ""sma_100"": 67.91699, ""sma_200"": 64.749273, ""sma_50"": 69.831333, ""volume"": 31471900.0, ""volume_sma_20"": 30992175.0}",3907.4814736261815,3882.4943284184155,4108.896687653191,-226.40235923477576,68.68608851560732,86.55572462179872,68.68608851560732,86.55572462179872,468.04961867284896,568.049618672849,active,72.02169684017584,70.3456505779111,76.39734998640859,76.35915131141539,76.39734998640859,,10.66177975424455,767.8794692369254,45.0,17.869636106191393,17.869636106191393,0.39710302458203095,1.6760462622647339,0.02327140758685632,46.24498426641937,2.5879085612939043,0.7910019613701351,0.0,stop_loss,stop loss,True,False,False,False,False,45,bull_normal_volatility,True,valid_win,,True,trend breakout
253,A_ETF_sector_momentum,v1_fixed_rules,XLV,equity_index,2013-08-16,2013-08-19,2013-08-16,2013-09-25,bull_low_volatility,bull_low_volatility,133.32142639160156,123.80442996978759,True,0.0863876518068246,low_volatility,weekly_momentum_rotation,ranked_momentum_risk_on,Weekly momentum rotation selected an eligible top-ranked ETF.,"{""atr_20"": 0.388896, ""bollinger_lower"": 40.500478, ""breakout_level"": 41.742275, ""close"": 40.157413, ""ema_10"": 40.96921, ""momentum_126"": 0.148318, ""momentum_63"": 0.01087, ""rank_at_signal"": 1.0, ""rank_score"": 0.921357, ""realized_vol_20"": 0.086388, ""rsi_2"": 0.0, ""score"": 0.921357, ""sma_100"": 39.393559, ""sma_200"": 36.533801, ""sma_50"": 40.1298, ""volume"": 10277800.0, ""volume_sma_20"": 5268285.0}",3925.036952133923,3914.60358093869,4108.896687653191,-194.2931067145014,23.206486752457216,53.53787542674203,23.206486752457216,53.53787542674203,711.0434234377598,841.0434234377598,active,40.15311047812278,39.37531805597067,41.271722546180996,41.25108668490791,41.271722546180996,,38.99676547421194,1565.841432375476,45.0,30.33138867428482,30.33138867428482,0.6740308594285516,0.7777924221521033,0.019370664262134303,42.8175206322647,1.4116571150784705,1.5872501926916085,0.0,stop_loss,stop loss,True,False,False,False,False,26,bull_low_volatility,True,valid_win,,True,weekly rank score=0.9214
200,A_ETF_sector_momentum,v1_fixed_rules,TLT,bond,2012-06-29,2012-07-02,2012-06-29,2012-07-27,bull_normal_volatility,bull_normal_volatility,107.02717590332033,101.356781539917,True,0.14724379333414178,normal_volatility,weekly_momentum_rotation,ranked_momentum_risk_on,Weekly momentum rotation selected an eligible top-ranked ETF.,"{""atr_20"": 1.076103, ""bollinger_lower"": 84.612767, ""breakout_level"": 88.95417, ""close"": 85.433136, ""ema_10"": 86.047494, ""momentum_126"": 0.048138, ""momentum_63"": 0.123777, ""rank_at_signal"": 2.0, ""rank_score"": 0.583779, ""realized_vol_20"": 0.147244, ""rsi_2"": 15.813343, ""score"": 0.583779, ""sma_100"": 80.830625, ""sma_200"": 80.034023, ""sma_50"": 83.706788, ""volume"": 8881900.0, ""volume_sma_20"": 9983055.0}",3643.305986352763,3650.0613171037107,3753.5313613253497,-103.470044221639,12.091570218417209,48.701575845260294,12.091570218417209,48.701575845260294,583.7142248366955,713.7142248366955,active,85.83096840716733,83.67876330473555,88.25928313467324,88.2151534931059,88.25928313467324,,17.01046316890402,1460.0245268414847,45.0,36.61000562684308,36.61000562684308,0.813555680596513,2.152205102431779,0.025074925080911224,40.556092592208294,1.1077871171500688,1.4803025731375887,0.0,stop_loss,stop loss,True,False,False,False,False,18,bull_normal_volatility,True,valid_win,,True,weekly rank score=0.5838
194,B_ETF_trend_following,v1_fixed_rules,TLT,bond,2012-05-17,2012-05-18,2012-05-17,2012-06-06,sideways_low_volatility,sideways_normal_volatility,102.3760757446289,99.43303569793702,True,0.09980845925879835,low_volatility,trend_following_breakout,trend_breakout,Trend filter and 20-day breakout conditions were met.,"{""atr_20"": 0.775749, ""bollinger_lower"": 77.827437, ""breakout_level"": 83.084793, ""close"": 84.555649, ""ema_10"": 82.100904, ""momentum_126"": 0.074489, ""momentum_63"": 0.072611, ""realized_vol_20"": 0.099808, ""rsi_2"": 100.0, ""sma_100"": 79.142627, ""sma_200"": 78.018714, ""sma_50"": 78.5957, ""volume"": 14863400.0, ""volume_sma_20"": 6002425.0}",3630.7392763801413,3623.7518092189903,3728.3962566633504,-104.64444744436014,13.66478871266863,40.442229930097135,0.0,26.777441217428503,359.06572475798737,459.06572475798737,active,83.98475233719182,82.43325482351818,86.35124338299406,86.30806776130257,86.35124338299406,,17.25909386346668,1449.5007236875963,45.0,26.777441217428503,26.777441217428503,0.595054249276189,1.5514975136736382,0.018473561813274204,40.09831897916726,1.497466417854319,1.46954988317718,0.0,stop_loss,stop loss,True,False,False,False,False,12,sideways_normal_volatility,True,valid_win,,True,trend breakout
283,A_ETF_sector_momentum,v1_fixed_rules,XLU,equity_index,2014-03-28,2014-03-31,2014-03-28,2014-05-12,bull_normal_volatility,bull_normal_volatility,151.33274841308594,141.42139488220215,True,0.11369709767049636,normal_volatility,weekly_momentum_rotation,ranked_momentum_risk_on,Weekly momentum rotation selected an eligible top-ranked ETF.,"{""atr_20"": 0.156282, ""bollinger_lower"": 13.301999, ""breakout_level"": 13.881642, ""close"": 13.901984, ""ema_10"": 13.772653, ""momentum_126"": 0.110077, ""momentum_63"": 0.098027, ""rank_at_signal"": 1.0, ""rank_score"": 0.915169, ""realized_vol_20"": 0.113697, ""rsi_2"": 100.0, ""score"": 0.915169, ""sma_100"": 13.058717, ""sma_200"": 12.809347, ""sma_50"": 13.372297, ""volume"": 15402800.0, ""volume_sma_20"": 24049530.0}",3798.3963893959276,3830.1905436003976,4108.896687653191,-278.70614405279366,52.06514154344098,85.5399320579189,52.06514154344098,85.5399320579189,574.7056188090794,704.7056188090794,active,13.9869422237675,13.674377510793484,14.265121518186099,14.349054690703767,14.265121518186099,,107.09715180568304,1497.9616746361457,45.0,33.474790514477924,33.474790514477924,0.743884233655065,0.3125647129740159,0.02234689383665903,38.78121384220379,1.1585199861200275,1.5173522815572476,0.0,rank_drop_exit,rank drop exit,False,False,False,False,False,29,bull_normal_volatility,True,valid_win,,True,weekly rank score=0.9152
263,B_ETF_trend_following,v1_fixed_rules,XLI,equity_index,2013-10-23,2013-10-24,2013-10-23,2013-12-04,bull_normal_volatility,bull_normal_volatility,141.03211975097656,129.37886722564699,True,0.14211950080592523,normal_volatility,trend_following_breakout,trend_breakout,Trend filter and 20-day breakout conditions were met.,"{""atr_20"": 0.431392, ""bollinger_lower"": 36.101259, ""breakout_level"": 38.414261, ""close"": 38.430225, ""ema_10"": 37.809725, ""momentum_126"": 0.175791, ""momentum_63"": 0.073022, ""realized_vol_20"": 0.14212, ""rsi_2"": 100.0, ""sma_100"": 35.828521, ""sma_200"": 34.248848, ""sma_50"": 36.656803, ""volume"": 8815400.0, ""volume_sma_20"": 10459270.0}",3931.5757059931148,3943.570535949196,4108.896687653191,-165.3261517039955,0.0,34.644199737533846,0.0,34.644199737533846,492.50131401743283,592.5013140174328,active,38.52131689687335,37.65853377368356,39.48176937733613,39.46202849264746,39.48176937733613,,40.154007196444546,1546.7852358935734,45.0,34.644199737533846,34.644199737533846,0.7698711052785299,0.8627831231897929,0.022397550050004187,37.7733401864925,1.090322203216272,1.5656719059868198,0.0,stop_loss,stop loss,True,False,False,False,False,28,bull_normal_volatility,True,valid_win,,True,trend breakout
332,B_ETF_trend_following,v1_fixed_rules,XLY,equity_index,2015-02-10,2015-02-11,2015-02-10,2015-03-06,bull_high_volatility,bull_high_volatility,171.26783752441406,162.8445548248291,True,0.16963180937186223,high_volatility,trend_following_breakout,trend_breakout,Trend filter and 20-day breakout conditions were met.,"{""atr_20"": 0.490252, ""bollinger_lower"": 30.145101, ""breakout_level"": 32.263824, ""close"": 32.484665, ""ema_10"": 31.88087, ""momentum_126"": 0.111641, ""momentum_63"": 0.085943, ""realized_vol_20"": 0.169632, ""rsi_2"": 76.069127, ""sma_100"": 30.439493, ""sma_200"": 29.785536, ""sma_50"": 31.321094, ""volume"": 11124000.0, ""volume_sma_20"": 16518090.0}",3941.1858836246547,3948.5683043026365,4108.896687653191,-160.32838335055476,40.37752171253392,85.37752171253392,40.37752171253392,85.37752171253392,535.3753040347007,635.3753040347007,active,32.545083122383,31.564579952057283,33.28518140364199,33.26853881294017,33.28518140364199,,45.89480316014825,1493.6501837324306,45.0,45.0,45.0,1.0,0.980503170325715,0.03012753621303153,33.202856513210605,0.7378412558491245,1.5102516119890361,0.0,stop_loss,stop loss,True,False,False,False,False,16,bull_high_volatility,True,valid_win,,True,trend breakout
119,B_ETF_trend_following,v1_fixed_rules,GLD,commodity_alternative,2010-04-27,2010-04-28,2010-04-27,2010-05-19,bull_normal_volatility,bull_normal_volatility,89.01481628417969,81.14445266723632,True,0.1397471758310082,normal_volatility,trend_following_breakout,trend_breakout,Trend filter and 20-day breakout conditions were met.,"{""atr_20"": 1.321501, ""bollinger_lower"": 108.781871, ""breakout_level"": 113.650002, ""close"": 114.629997, ""ema_10"": 112.671372, ""momentum_126"": 0.107643, ""momentum_63"": 0.065731, ""realized_vol_20"": 0.139747, ""rsi_2"": 81.034375, ""sma_100"": 109.6825, ""sma_200"": 104.75805, ""sma_50"": 110.2202, ""volume"": 25057100.0, ""volume_sma_20"": 12378415.0}",3109.234787677034,3109.234787677034,3195.542282763068,-86.30749508603412,0.0,28.812086882995303,0.0,28.812086882995303,251.1182137923074,351.1182137923074,active,114.08701377868651,111.44401222229003,117.11375045776367,117.0551935825348,117.11375045776367,,10.901275034539978,1243.6939150708138,45.0,28.812086882995303,28.812086882995303,0.6402685973998956,2.6430015563964844,0.023166541649723187,32.3569443937171,1.1230336950293576,1.2598723872676723,0.0,stop_loss,stop loss,True,False,False,False,False,15,bull_normal_volatility,True,valid_win,,True,trend breakout
282,B_ETF_trend_following,v1_fixed_rules,XLP,equity_index,2014-03-25,2014-03-26,2014-03-25,2014-06-16,bull_normal_volatility,bull_normal_volatility,152.0017547607422,141.1151815032959,True,0.07831147932365064,normal_volatility,trend_following_breakout,trend_breakout,Trend filter and 20-day breakout conditions were met.,"{""atr_20"": 0.254409, ""bollinger_lower"": 30.394865, ""breakout_level"": 31.03966, ""close"": 31.088299, ""ema_10"": 30.895678, ""momentum_126"": 0.061618, ""momentum_63"": 0.010276, ""realized_vol_20"": 0.078311, ""rsi_2"": 88.573656, ""sma_100"": 30.518489, ""sma_200"": 29.789186, ""sma_50"": 30.308776, ""volume"": 9086100.0, ""volume_sma_20"": 6752660.0}",3838.2715984487877,3800.734159528775,4108.896687653191,-308.16252812441644,73.45941313858339,86.18384048402326,73.45941313858339,86.18384048402326,550.2285825349645,650.2285825349645,active,31.162014324981623,30.653197037176263,32.43845194870226,32.42223272272791,32.43845194870226,,25.007851836801954,779.2950371754405,45.0,12.724427345439873,12.724427345439873,0.28276505212088604,0.5088172878053605,0.016328125727015582,31.515354972851156,2.4767601808143844,0.795052714661866,0.0,stop_loss,stop loss,True,False,False,False,False,56,bull_normal_volatility,True,valid_win,,True,trend breakout
251,B_ETF_trend_following,v1_fixed_rules,XLY,equity_index,2013-07-03,2013-07-05,2013-07-03,2013-08-14,bull_high_volatility,bull_high_volatility,129.6634521484375,120.5378254699707,True,0.17808901771206048,high_volatility,trend_following_breakout,trend_breakout,Trend filter and 20-day breakout conditions were met.,"{""atr_20"": 0.370709, ""bollinger_lower"": 23.609261, ""breakout_level"": 24.683073, ""close"": 24.723223, ""ema_10"": 24.37136, ""momentum_126"": 0.187378, ""momentum_63"": 0.084827, ""realized_vol_20"": 0.178089, ""rsi_2"": 100.0, ""sma_100"": 23.351362, ""sma_200"": 21.862853, ""sma_50"": 24.231535, ""volume"": 5241000.0, ""volume_sma_20"": 13017360.0}",3786.978894045011,3825.898693186836,4108.896687653191,-282.99799446635507,57.0031561408409,87.93209214590323,57.0031561408409,87.93209214590323,519.0422748209621,619.0422748209621,active,24.943329765672054,24.201912414162898,25.710632768875616,25.69777745249118,25.710632768875616,,41.71595922607749,1040.5349274673804,45.0,30.928936005062322,30.928936005062322,0.6873096890013849,0.7414173515091562,0.029724072867349193,31.47250894155517,1.0175748993241758,1.056271181938158,0.0,stop_loss,stop loss,True,False,False,False,False,28,bull_high_volatility,True,valid_win,,True,trend breakout
277,A_ETF_sector_momentum,v1_fixed_rules,QQQ,equity_index,2014-02-07,2014-02-10,2014-02-07,2014-03-14,bull_high_volatility,bull_high_volatility,145.94845581054688,138.0096342086792,True,0.19201473279038528,high_volatility,weekly_momentum_rotation,ranked_momentum_risk_on,Weekly momentum rotation selected an eligible top-ranked ETF.,"{""atr_20"": 1.091864, ""bollinger_lower"": 76.034283, ""breakout_level"": 80.41127, ""close"": 79.070793, ""ema_10"": 77.914461, ""momentum_126"": 0.143754, ""momentum_63"": 0.055148, ""rank_at_signal"": 1.0, ""rank_score"": 0.517934, ""realized_vol_20"": 0.192015, ""rsi_2"": 100.0, ""score"": 0.517934, ""sma_100"": 75.719983, ""sma_200"": 71.194629, ""sma_50"": 78.202698, ""volume"": 38359400.0, ""volume_sma_20"": 43684395.0}",3805.461003287569,3816.7950860128344,4108.896687653191,-292.1016016403569,17.53561336960875,58.27897205337136,17.299571305968566,58.04292998973118,611.8208645910607,741.8208645910607,active,79.08314963603384,76.89942169208281,80.77139678157401,80.73101108318323,80.77139678157401,,18.657708162146562,1475.5103264524864,45.0,40.74335868376261,40.74335868376261,0.9054079707502802,2.183727943951027,0.027613062378031822,30.745317972565925,0.7546093146419667,1.4908829854387695,0.0,stop_loss,stop loss,True,False,False,False,False,23,bull_high_volatility,True,valid_win,,True,weekly rank score=0.5179
209,B_ETF_trend_following,v1_fixed_rules,XLK,equity_index,2012-08-03,2012-08-06,2012-08-03,2012-09-26,bull_normal_volatility,bull_normal_volatility,109.58293151855467,103.3063771057129,True,0.17379134359496856,normal_volatility,trend_following_breakout,trend_breakout,Trend filter and 20-day breakout conditions were met.,"{""atr_20"": 0.189161, ""bollinger_lower"": 11.597574, ""breakout_level"": 12.231684, ""close"": 12.348734, ""ema_10"": 12.119481, ""momentum_126"": 0.07323, ""momentum_63"": 0.020114, ""realized_vol_20"": 0.173791, ""rsi_2"": 75.000075, ""sma_100"": 12.066837, ""sma_200"": 11.541024, ""sma_50"": 11.857455, ""volume"": 16377200.0, ""volume_sma_20"": 16629010.0}",3621.736571416254,3616.985387009936,3753.5313613253497,-136.5459743154138,70.22618499617089,92.36073188859477,37.16356327436007,59.29811016678396,339.47014201846554,439.47014201846554,active,12.400916246881522,12.022595179271388,12.93699346156104,12.926375043534742,12.93699346156104,,58.50730711944883,725.54421541886,45.0,22.13454689242388,22.13454689242388,0.4918788198316418,0.37832106761013407,0.03050750929031321,30.74317919440597,1.3889229060717125,0.7409158050160629,0.0,stop_loss_gap,stop loss gap,True,False,False,True,False,36,bull_normal_volatility,True,valid_win,,True,trend breakout
92,A_ETF_sector_momentum,v1_fixed_rules,XLF,equity_index,2009-10-02,2009-10-05,2009-10-02,2009-10-12,bull_low_volatility,bull_low_volatility,76.27495574951172,66.47728384017944,True,0.2929153012324924,low_volatility,weekly_momentum_rotation,ranked_momentum_risk_on,Weekly momentum rotation selected an eligible top-ranked ETF.,"{""atr_20"": 0.217159, ""bollinger_lower"": 8.521478, ""breakout_level"": 9.303535, ""close"": 8.66672, ""ema_10"": 8.918789, ""momentum_126"": 0.486916, ""momentum_63"": 0.248632, ""rank_at_signal"": 2.0, ""rank_score"": 1.255564, ""realized_vol_20"": 0.292915, ""rsi_2"": 1.492432, ""score"": 1.255564, ""sma_100"": 7.899772, ""sma_200"": 6.875635, ""sma_50"": 8.610031, ""volume"": 158977372.0, ""volume_sma_20"": 124371930.75}",2611.786818303744,2614.567819172536,3131.6123606970536,-517.0445415245176,24.099494319311965,49.62117461244037,21.032914042425872,46.554594335554285,-34.324101819432,95.675898180568,active,8.78027814295588,8.345959783113237,8.67543326027048,9.280695587431318,8.67543326027048,,58.76260976481669,515.9520581410657,45.0,25.52168029312841,25.52168029312841,0.567148450958409,0.4343183598426421,0.049465216565044816,29.405835009217007,1.1521903993576155,0.5306549756456742,0.0,rank_drop_exit,rank drop exit,False,False,False,False,False,5,bull_low_volatility,True,valid_win,,True,weekly rank score=1.2556
115,A_ETF_sector_momentum,v1_fixed_rules,XLV,equity_index,2010-02-12,2010-02-16,2010-02-12,2010-03-08,bull_normal_volatility,bull_normal_volatility,80.83826446533203,76.20191215515136,True,0.19279034240488682,normal_volatility,weekly_momentum_rotation,ranked_momentum_risk_on,Weekly momentum rotation selected an eligible top-ranked ETF.,"{""atr_20"": 0.413531, ""bollinger_lower"": 22.94202, ""breakout_level"": 25.039541, ""close"": 23.423353, ""ema_10"": 23.569834, ""momentum_126"": 0.116254, ""momentum_63"": 0.038491, ""rank_at_signal"": 2.0, ""rank_score"": 0.401331, ""realized_vol_20"": 0.19279, ""rsi_2"": 74.998878, ""score"": 0.401331, ""sma_100"": 22.949645, ""sma_200"": 21.521864, ""sma_50"": 23.846382, ""volume"": 6966800.0, ""volume_sma_20"": 10393375.0}",2779.0657990901605,2779.0657990901605,3131.6123606970536,-352.5465616068932,0.0,38.84111439088964,0.0,38.84111439088964,44.51097215225505,174.51097215225505,active,23.67040245260757,22.843339623039874,23.562781696878844,24.291383275941318,23.562781696878844,,46.96271311236644,1111.6263196360642,45.0,38.84111439088964,38.84111439088964,0.8631358753531032,0.8270628295676943,0.034940801332956795,29.162944254503962,0.7508266616918762,1.1262077917633162,0.0,rank_drop_exit,rank drop exit,False,False,False,False,False,14,bull_normal_volatility,True,valid_win,,True,weekly rank score=0.4013
237,A_ETF_sector_momentum,v1_fixed_rules,XLU,equity_index,2013-04-05,2013-04-08,2013-04-05,2013-05-06,bull_low_volatility,bull_low_volatility,124.08651733398438,114.19496562957764,True,0.07834581314234702,low_volatility,weekly_momentum_rotation,ranked_momentum_risk_on,Weekly momentum rotation selected an eligible top-ranked ETF.,"{""atr_20"": 0.107591, ""bollinger_lower"": 12.128966, ""breakout_level"": 12.849042, ""close"": 12.904474, ""ema_10"": 12.698943, ""momentum_126"": 0.114416, ""momentum_63"": 0.122431, ""rank_at_signal"": 2.0, ""rank_score"": 1.51155, ""realized_vol_20"": 0.078346, ""rsi_2"": 100.0, ""score"": 1.51155, ""sma_100"": 11.726059, ""sma_200"": 11.705031, ""sma_50"": 12.169892, ""volume"": 14905800.0, ""volume_sma_20"": 12821490.0}",3894.2990777825817,3901.7060568215556,3923.352294008493,-21.64623718693747,0.0,25.71457628991574,0.0,25.71457628991574,705.5240053981477,835.5240053981477,active,12.927245521229464,12.712063320364285,13.17637875308406,13.169790563707519,13.17637875308406,,119.5014094405839,1544.8240599713965,45.0,25.71457628991574,25.71457628991574,0.5714350286647942,0.21518220086517914,0.016645634254551848,28.98447442895382,1.1271612684639258,1.5593162971858736,0.0,stop_loss,stop loss,True,False,False,False,False,20,bull_low_volatility,True,valid_win,,True,weekly rank score=1.5116
187,A_ETF_sector_momentum,v1_fixed_rules,XLK,equity_index,2012-02-24,2012-02-27,2012-02-24,2012-04-10,bull_low_volatility,bull_low_volatility,106.6573715209961,97.36054332733154,True,0.08914905542663462,low_volatility,weekly_momentum_rotation,ranked_momentum_risk_on,Weekly momentum rotation selected an eligible top-ranked ETF.,"{""atr_20"": 0.12162, ""bollinger_lower"": 11.125744, ""breakout_level"": 11.892167, ""close"": 11.96273, ""ema_10"": 11.798186, ""momentum_126"": 0.227037, ""momentum_63"": 0.170485, ""rank_at_signal"": 1.0, ""rank_score"": 2.229536, ""realized_vol_20"": 0.089149, ""rsi_2"": 100.0, ""score"": 2.229536, ""sma_100"": 10.799296, ""sma_200"": 10.547917, ""sma_50"": 11.087907, ""volume"": 10992000.0, ""volume_sma_20"": 16320320.0}",3571.1815373799136,3578.7887847750662,3702.4282402002254,-123.63945542515921,20.820722719778765,34.70208236874895,20.820722719778765,34.70208236874895,605.0268821619704,735.0268821619704,active,11.910573180961702,11.667333528026024,12.399163650620622,12.392964068795312,12.399163650620622,,57.068654232297206,679.7203825727756,45.0,13.88135964897018,13.88135964897018,0.308474658866004,0.24323965293567795,0.02042216182546791,27.529398782587144,1.9831918110867097,0.6934850819640692,0.0,stop_loss,stop loss,True,False,False,False,False,30,bull_low_volatility,True,valid_win,,True,weekly rank score=2.2295
230,B_ETF_trend_following,v1_fixed_rules,XLF,equity_index,2013-01-02,2013-01-03,2013-01-02,2013-02-21,bull_normal_volatility,bull_normal_volatility,116.2917022705078,109.5895809173584,True,0.16781607340475346,normal_volatility,trend_following_breakout,trend_breakout,Trend filter and 20-day breakout conditions were met.,"{""atr_20"": 0.132494, ""bollinger_lower"": 9.893686, ""breakout_level"": 10.568486, ""close"": 10.742973, ""ema_10"": 10.437066, ""momentum_126"": 0.164361, ""momentum_63"": 0.088885, ""realized_vol_20"": 0.167816, ""rsi_2"": 100.0, ""sma_100"": 9.957345, ""sma_200"": 9.616257, ""sma_50"": 10.095501, ""volume"": 86126792.0, ""volume_sma_20"": 60215959.2}",3618.032330987284,3608.2428084360554,3753.5313613253497,-145.28855288929435,11.92098212550642,29.115818374215696,11.92098212550642,29.115818374215696,354.76150904242786,454.76150904242786,active,10.748342646125067,10.483354934361408,11.145757366901686,11.140184488218235,11.145757366901686,,64.88918348049754,697.4511780756659,45.0,17.194836248709276,17.194836248709276,0.38210747219353947,0.2649877117636592,0.02465382063896066,25.42629718691972,1.4787170298774048,0.7101643266691258,0.0,stop_loss,stop loss,True,False,False,False,False,33,bull_normal_volatility,True,valid_win,,True,trend breakout
1,D_mean_reversion,v1_fixed_rules,XLP,equity_index,2008-01-03,2008-01-04,2008-01-03,2008-01-08,sideways_normal_volatility,sideways_normal_volatility,103.44564056396484,105.53218006134033,False,0.1433034799637278,normal_volatility,mean_reversion_trend_filter,oversold_in_uptrend,Oversold ETF signal appeared while trend filter allowed long exposure.,"{""atr_20"": 0.265346, ""bollinger_lower"": 17.334208, ""breakout_level"": 17.961693, ""close"": 17.288284, ""ema_10"": 17.601823, ""momentum_126"": 0.047834, ""momentum_63"": 0.019572, ""realized_vol_20"": 0.143303, ""rsi_2"": 0.0, ""sma_100"": 17.049465, ""sma_200"": 16.743539, ""sma_50"": 17.456168, ""volume"": 4379600.0, ""volume_sma_20"": 2769240.0}",3000.0,3000.0,3000.0,0.0,0.0,27.839951326945897,0.0,27.839951326945897,0.0,60.0,active,17.156051280167063,16.758031586331697,16.758031586331697,17.51827504523762,16.758031586331697,,69.94616537356926,1200.0,30.0,27.839951326945897,27.839951326945897,0.9279983775648633,0.39801969383536573,0.023199959439121582,25.33616337386204,0.9100649306573867,1.212668081686931,0.0,mean_reversion_exit,mean reversion exit,False,False,False,False,False,2,sideways_normal_volatility,True,valid_win,,True,mean reversion setup
267,A_ETF_sector_momentum,v1_fixed_rules,XLY,equity_index,2013-12-13,2013-12-16,2013-12-13,2014-01-13,bull_low_volatility,bull_low_volatility,143.89208984375,133.8211908340454,True,0.08900124838774086,low_volatility,weekly_momentum_rotation,ranked_momentum_risk_on,Weekly momentum rotation selected an eligible top-ranked ETF.,"{""atr_20"": 0.246656, ""bollinger_lower"": 27.716333, ""breakout_level"": 28.462002, ""close"": 27.976074, ""ema_10"": 28.074773, ""momentum_126"": 0.145013, ""momentum_63"": 0.069267, ""rank_at_signal"": 2.0, ""rank_score"": 1.203806, ""realized_vol_20"": 0.089001, ""rsi_2"": 44.449193, ""score"": 1.203806, ""sma_100"": 26.631526, ""sma_200"": 25.261073, ""sma_50"": 27.464356, ""volume"": 6624800.0, ""volume_sma_20"": 8499830.0}",3915.77582674927,3920.2998761617446,4108.896687653191,-188.59681149144672,0.0,27.53496845344344,0.0,27.53496845344344,713.5895155468969,843.5895155468969,active,28.09423768074638,27.600924686396905,28.561567595976243,28.547286812178257,28.561567595976243,,55.81642642467448,1568.119950464698,45.0,27.53496845344344,27.53496845344344,0.6118881878542987,0.49331299434947695,0.017559223352323083,25.28758351132994,0.9183806966798087,1.5807637422203626,0.0,stop_loss,stop loss,True,False,False,False,False,18,bull_low_volatility,True,valid_win,,True,weekly rank score=1.2038
335,A_ETF_sector_momentum,v1_fixed_rules,XLV,equity_index,2015-03-06,2015-03-09,2015-03-06,2015-03-25,sideways_normal_volatility,sideways_normal_volatility,171.8392791748047,164.5999528503418,True,0.1326635908432085,normal_volatility,weekly_momentum_rotation,ranked_momentum_risk_on,Weekly momentum rotation selected an eligible top-ranked ETF.,"{""atr_20"": 0.643076, ""bollinger_lower"": 57.598154, ""breakout_level"": 60.599529, ""close"": 59.369087, ""ema_10"": 59.975518, ""momentum_126"": 0.127426, ""momentum_63"": 0.01926, ""rank_at_signal"": 2.0, ""rank_score"": 0.55285, ""realized_vol_20"": 0.132664, ""rsi_2"": 15.384741, ""score"": 0.55285, ""sma_100"": 57.13681, ""sma_200"": 54.137623, ""sma_50"": 58.569963, ""volume"": 12314900.0, ""volume_sma_20"": 8364125.0}",3978.7162577844356,3988.2484313158398,4108.896687653191,-120.64825633735154,26.72155212062386,59.348708972690446,26.72155212062386,59.348708972690446,735.5872719887335,865.5872719887335,active,59.581764436982624,58.295611666091816,60.59989142802889,60.56959148231488,60.59989142802889,,25.368025937905134,1511.471745663529,45.0,32.62715685206659,32.62715685206659,0.7250479300459243,1.2861527708908085,0.02158634916310885,25.05922210815278,0.7680479859698698,1.5240013567176054,0.0,stop_loss,stop loss,True,False,False,False,False,12,sideways_normal_volatility,True,valid_win,,True,weekly rank score=0.5528
131,B_ETF_trend_following,v1_fixed_rules,XLP,equity_index,2010-09-10,2010-09-13,2010-09-10,2010-11-12,sideways_normal_volatility,sideways_normal_volatility,84.1541519165039,83.93263610839844,True,0.10740305260747769,normal_volatility,trend_following_breakout,trend_breakout,Trend filter and 20-day breakout conditions were met.,"{""atr_20"": 0.176314, ""bollinger_lower"": 17.206684, ""breakout_level"": 17.919212, ""close"": 18.004261, ""ema_10"": 17.763322, ""momentum_126"": 0.012915, ""momentum_63"": 0.047128, ""realized_vol_20"": 0.107403, ""rsi_2"": 100.0, ""sma_100"": 17.512637, ""sma_200"": 17.515832, ""sma_50"": 17.548263, ""volume"": 4003400.0, ""volume_sma_20"": 6678360.0}",3139.665032934804,3138.9035505244547,3213.124459738922,-74.22090921446716,24.34254195097166,36.54650449085825,0.0,12.203962539886588,322.36849364422216,422.36849364422216,active,18.144165741303624,17.791538338672993,18.87390578085675,18.86446882796632,18.87390578085675,,34.60866185907268,627.945296855748,45.0,12.203962539886588,12.203962539886588,0.2711991675530353,0.3526274026306311,0.019434754270784976,24.928725962355575,2.042674736249005,0.6404096598369258,0.0,stop_loss,stop loss,True,False,False,False,False,44,sideways_normal_volatility,True,valid_win,,True,trend breakout
157,A_ETF_sector_momentum,v1_fixed_rules,IWM,equity_index,2011-03-18,2011-03-21,2011-03-18,2011-04-12,bull_normal_volatility,bull_normal_volatility,97.89328002929688,89.98563026428222,True,0.23024793742987482,normal_volatility,weekly_momentum_rotation,ranked_momentum_risk_on,Weekly momentum rotation selected an eligible top-ranked ETF.,"{""atr_20"": 1.360073, ""bollinger_lower"": 63.367801, ""breakout_level"": 67.779884, ""close"": 64.616524, ""ema_10"": 64.89072, ""momentum_126"": 0.227117, ""momentum_63"": 0.026225, ""rank_at_signal"": 2.0, ""rank_score"": 0.550152, ""realized_vol_20"": 0.230248, ""rsi_2"": 100.0, ""score"": 0.550152, ""sma_100"": 62.9699, ""sma_200"": 57.612873, ""sma_50"": 65.243985, ""volume"": 70017700.0, ""volume_sma_20"": 73509385.0}",3321.594235051835,3331.830260052492,3510.3444699845804,-178.5142099320883,47.05787574751048,89.4170009877399,45.0,87.35912524022942,419.999510539761,549.999510539761,active,65.47867326167429,62.75852664602713,67.0654990611401,67.03196631160954,67.0654990611401,,15.572368414469311,1019.6580233214529,45.0,42.359125240229424,42.359125240229424,0.9413138942273206,2.7201466156471596,0.04154248215715307,24.18845162922637,0.5710328410241591,1.031752249136066,0.0,stop_loss,stop loss,True,False,False,False,False,16,bull_normal_volatility,True,valid_win,,True,weekly rank score=0.5502
91,A_ETF_sector_momentum,v1_fixed_rules,XLP,equity_index,2009-10-02,2009-10-05,2009-10-02,2009-10-26,bull_low_volatility,bull_low_volatility,76.27495574951172,66.47728384017944,True,0.08785046786330486,low_volatility,weekly_momentum_rotation,ranked_momentum_risk_on,Weekly momentum rotation selected an eligible top-ranked ETF.,"{""atr_20"": 0.163204, ""bollinger_lower"": 15.865787, ""breakout_level"": 16.313612, ""close"": 16.217497, ""ema_10"": 16.200572, ""momentum_126"": 0.177169, ""momentum_63"": 0.091212, ""rank_at_signal"": 1.0, ""rank_score"": 1.527485, ""realized_vol_20"": 0.08785, ""rsi_2"": 25.805646, ""score"": 1.527485, ""sma_100"": 15.263184, ""sma_200"": 14.533076, ""sma_50"": 15.811394, ""volume"": 5437500.0, ""volume_sma_20"": 5878705.0}",2611.786818303744,2611.786818303744,3131.6123606970536,-519.8255423933097,3.066580276886092,24.099494319311965,0.0,21.032914042425872,-37.105102688224214,92.8948973117758,active,16.212791032117057,15.886383993670673,16.589137793868755,16.580843224971822,16.589137793868755,,64.43768535916787,1044.7147273214975,45.0,21.032914042425872,21.032914042425872,0.46739808983168607,0.3264070384463835,0.02013268645724113,23.716431398927156,1.1275865698442125,1.056572943020961,0.0,stop_loss,stop loss,True,False,False,False,False,15,bull_low_volatility,True,valid_win,,True,weekly rank score=1.5275
100,A_ETF_sector_momentum,v1_fixed_rules,XLV,equity_index,2009-12-04,2009-12-07,2009-12-04,2010-01-04,bull_low_volatility,bull_low_volatility,82.61573791503906,70.4547632408142,True,0.1162234538097253,low_volatility,weekly_momentum_rotation,ranked_momentum_risk_on,Weekly momentum rotation selected an eligible top-ranked ETF.,"{""atr_20"": 0.301465, ""bollinger_lower"": 22.054621, ""breakout_level"": 23.558802, ""close"": 23.377689, ""ema_10"": 23.249525, ""momentum_126"": 0.225895, ""momentum_63"": 0.09218, ""rank_at_signal"": 1.0, ""rank_score"": 1.368379, ""realized_vol_20"": 0.116223, ""rsi_2"": 0.0, ""score"": 1.368379, ""sma_100"": 21.66733, ""sma_200"": 20.088758, ""sma_50"": 22.160515, ""volume"": 6784300.0, ""volume_sma_20"": 5368920.0}",2831.2574801025717,2831.2574801025717,3131.6123606970536,-300.354880594482,0.0,29.193580951394615,0.0,29.193580951394615,108.97879195906405,238.97879195906404,active,23.389383632075997,22.786453777351607,23.39232967179224,23.86668315861397,23.39232967179224,,48.419531264942094,1132.5029920410286,45.0,29.193580951394615,29.193580951394615,0.6487462433643247,0.6029298547243904,0.025777928320331524,23.110619347947427,0.7916335918647692,1.1440583017150023,0.0,rank_drop_exit,rank drop exit,False,False,False,False,False,18,bull_low_volatility,True,valid_win,,True,weekly rank score=1.3684
312,B_ETF_trend_following,v1_fixed_rules,XLU,equity_index,2014-10-23,2014-10-24,2014-10-23,2014-11-14,sideways_high_volatility,sideways_high_volatility,160.54345703125,155.98914970397948,True,0.13142544470324607,high_volatility,trend_following_breakout,trend_breakout,Trend filter and 20-day breakout conditions were met.,"{""atr_20"": 0.23803, ""bollinger_lower"": 14.342127, ""breakout_level"": 15.185596, ""close"": 15.213197, ""ema_10"": 14.97763, ""momentum_126"": 0.041011, ""momentum_63"": 0.04848, ""realized_vol_20"": 0.131425, ""rsi_2"": 100.0, ""sma_100"": 14.595122, ""sma_200"": 14.180276, ""sma_50"": 14.663163, ""volume"": 18925000.0, ""volume_sma_20"": 27586700.0}",3859.794903520804,3859.794903520804,4108.896687653191,-249.10178413238737,0.0,45.0,0.0,45.0,488.6732449500832,588.6732449500832,active,15.24496605443865,14.76890653505519,15.483566627363665,15.475824844049983,15.483566627363665,,94.525995527364,1441.0455930766839,45.0,45.0,45.0,1.0,0.47605951938346003,0.031227325642017606,21.822156914253465,0.4849368203167437,1.4519566715338108,0.0,stop_loss,stop loss,True,False,False,False,False,15,sideways_high_volatility,True,valid_win,,True,trend breakout
316,A_ETF_sector_momentum,v1_fixed_rules,XLP,equity_index,2014-11-14,2014-11-17,2014-11-14,2014-12-09,bull_normal_volatility,bull_normal_volatility,168.2110595703125,157.44897163391113,True,0.0679824667432185,normal_volatility,weekly_momentum_rotation,ranked_momentum_risk_on,Weekly momentum rotation selected an eligible top-ranked ETF.,"{""atr_20"": 0.313747, ""bollinger_lower"": 33.061824, ""breakout_level"": 35.373634, ""close"": 35.174786, ""ema_10"": 35.001865, ""momentum_126"": 0.09509, ""momentum_63"": 0.073302, ""rank_at_signal"": 1.0, ""rank_score"": 1.238501, ""realized_vol_20"": 0.067982, ""rsi_2"": 38.636578, ""score"": 1.238501, ""sma_100"": 33.206644, ""sma_200"": 32.334261, ""sma_50"": 33.705802, ""volume"": 7544500.0, ""volume_sma_20"": 8288130.0}",3923.078356594464,3932.1552226003487,4108.896687653191,-176.7414650528426,0.0,28.09178963027157,0.0,28.09178963027157,705.5701545426105,835.5701545426105,active,35.13342963006752,34.505936017604576,35.63692962743402,35.61359374937086,35.63692962743402,,44.76824795077989,1572.8620890401396,45.0,28.09178963027157,28.09178963027157,0.6242619917838127,0.627493612462942,0.017860300547656385,21.496106350039735,0.7652095730802299,1.5836101422151594,0.0,stop_loss_gap,stop loss gap,True,False,False,True,False,15,bull_normal_volatility,True,valid_win,,True,weekly rank score=1.2385
145,A_ETF_sector_momentum,v1_fixed_rules,XLI,equity_index,2011-01-21,2011-01-24,2011-01-21,2011-02-22,bull_low_volatility,bull_low_volatility,97.93519592285156,87.41279567718506,True,0.07384189302513636,low_volatility,weekly_momentum_rotation,ranked_momentum_risk_on,Weekly momentum rotation selected an eligible top-ranked ETF.,"{""atr_20"": 0.255132, ""bollinger_lower"": 25.961941, ""breakout_level"": 27.221523, ""close"": 27.018326, ""ema_10"": 26.843137, ""momentum_126"": 0.206096, ""momentum_63"": 0.110601, ""rank_at_signal"": 1.0, ""rank_score"": 2.144426, ""realized_vol_20"": 0.073842, ""rsi_2"": 61.702426, ""score"": 2.144426, ""sma_100"": 24.639996, ""sma_200"": 23.471716, ""sma_50"": 25.699411, ""volume"": 13339300.0, ""volume_sma_20"": 8403960.0}",3381.1780559581784,3391.060199070913,3486.1742501769904,-95.11405110607757,35.64992992830602,48.4717746464931,35.64992992830602,48.4717746464931,355.2213552401579,485.2213552401579,active,27.05442920089656,26.54416473098335,27.904501376126525,27.890549125438465,27.904501376126525,,25.12784149044891,679.8194085747011,45.0,12.821844718187076,12.821844718187076,0.28492988262637947,0.51026446991321,0.01886066292968769,21.009888930895077,1.638601105587694,0.6903243530401486,0.0,stop_loss,stop loss,True,False,False,False,False,20,bull_low_volatility,True,valid_win,,True,weekly rank score=2.1444
162,A_ETF_sector_momentum,v1_fixed_rules,XLV,equity_index,2011-04-15,2011-04-18,2011-04-15,2011-05-23,bull_low_volatility,bull_low_volatility,101.1727294921875,91.94078880310059,True,0.06945233383045218,low_volatility,weekly_momentum_rotation,ranked_momentum_risk_on,Weekly momentum rotation selected an eligible top-ranked ETF.,"{""atr_20"": 0.21629, ""bollinger_lower"": 24.933384, ""breakout_level"": 26.110331, ""close"": 26.343307, ""ema_10"": 25.984102, ""momentum_126"": 0.09956, ""momentum_63"": 0.058873, ""rank_at_signal"": 2.0, ""rank_score"": 1.14059, ""realized_vol_20"": 0.069452, ""rsi_2"": 100.0, ""score"": 1.14059, ""sma_100"": 24.873906, ""sma_200"": 23.903582, ""sma_50"": 25.344198, ""volume"": 9761800.0, ""volume_sma_20"": 6146505.0}",3310.0555952227187,3295.5468451313254,3510.3444699845804,-214.797624853255,40.30281097420988,46.60253266282798,40.30281097420988,46.60253266282798,433.805779228116,563.8057792281161,active,26.185530404522986,25.752949481065915,27.590789811739985,27.576994416834115,27.590789811739985,,14.563105645696112,381.3426456696559,45.0,6.299721688618102,6.299721688618102,0.1399938153026245,0.43258092345707055,0.016519845761167072,20.26403741347117,3.216655975466792,0.3914746643763915,0.0,stop_loss,stop loss,True,False,False,False,False,24,bull_low_volatility,True,valid_win,,True,weekly rank score=1.1406
178,B_ETF_trend_following,v1_fixed_rules,XLP,equity_index,2011-12-05,2011-12-06,2011-12-05,2012-01-25,sideways_normal_volatility,sideways_normal_volatility,97.69557189941406,97.41265777587891,True,0.17996332254212258,normal_volatility,trend_following_breakout,trend_breakout,Trend filter and 20-day breakout conditions were met.,"{""atr_20"": 0.293881, ""bollinger_lower"": 20.467972, ""breakout_level"": 21.625824, ""close"": 21.64617, ""ema_10"": 21.285345, ""momentum_126"": 0.041948, ""momentum_63"": 0.064137, ""realized_vol_20"": 0.179963, ""rsi_2"": 63.333708, ""sma_100"": 20.670745, ""sma_200"": 20.632991, ""sma_50"": 20.879565, ""volume"": 7178500.0, ""volume_sma_20"": 6747405.0}",3472.4439441506547,3472.4439441506547,3702.4282402002254,-229.98429604957073,0.5281628966979878,38.25988259331688,0.0,37.731719696618896,196.528662614178,296.52866261417796,active,21.636642852691157,21.04888120957752,21.94104252862102,21.93007200735671,21.94104252862102,,64.19561422337298,1388.9775776602619,45.0,37.731719696618896,37.731719696618896,0.8384826599248644,0.5877616431136374,0.02716510352901314,18.836864814800283,0.4992315475217589,1.3983960100676622,0.0,stop_loss,stop loss,True,False,False,False,False,33,sideways_normal_volatility,True,valid_win,,True,trend breakout
310,A_ETF_sector_momentum,v1_fixed_rules,TLT,bond,2014-10-03,2014-10-06,2014-10-03,2014-10-23,sideways_normal_volatility,sideways_normal_volatility,161.85304260253906,155.35785598754882,True,0.12176406445800193,normal_volatility,weekly_momentum_rotation,ranked_momentum_risk_on,Weekly momentum rotation selected an eligible top-ranked ETF.,"{""atr_20"": 0.738143, ""bollinger_lower"": 81.429164, ""breakout_level"": 86.112617, ""close"": 85.726562, ""ema_10"": 84.754777, ""momentum_126"": 0.101574, ""momentum_63"": 0.063544, ""rank_at_signal"": 1.0, ""rank_score"": 0.678023, ""realized_vol_20"": 0.121764, ""rsi_2"": 32.677416, ""score"": 0.678023, ""sma_100"": 82.685967, ""sma_200"": 79.765402, ""sma_50"": 84.020417, ""volume"": 8561500.0, ""volume_sma_20"": 8741345.0}",3824.160903824914,3825.0941893348545,4108.896687653191,-283.8024983183368,27.329768909774444,53.68309128938378,27.329768909774444,53.68309128938378,681.2833442403472,811.2833442403472,active,85.71116662359466,84.23488009719884,86.80661565515052,86.76321234732295,86.80661565515052,,17.851089140498893,1530.0376757339418,45.0,26.353322379609338,26.353322379609338,0.5856293862135409,1.4762865263958247,0.017223969577721637,18.78016199415427,0.7126297672693164,1.539427756731019,0.0,stop_loss,stop loss,True,False,False,False,False,13,sideways_normal_volatility,True,valid_win,,True,weekly rank score=0.6780
319,B_ETF_trend_following,v1_fixed_rules,TLT,bond,2014-12-09,2014-12-10,2014-12-09,2014-12-18,bull_low_volatility,sideways_normal_volatility,170.04779052734375,159.29367576599122,True,0.09145169123163047,low_volatility,trend_following_breakout,trend_breakout,Trend filter and 20-day breakout conditions were met.,"{""atr_20"": 0.722093, ""bollinger_lower"": 85.902756, ""breakout_level"": 89.694122, ""close"": 90.155113, ""ema_10"": 88.918152, ""momentum_126"": 0.124093, ""momentum_63"": 0.079407, ""realized_vol_20"": 0.091452, ""rsi_2"": 100.0, ""sma_100"": 85.654989, ""sma_200"": 82.676403, ""sma_50"": 87.472862, ""volume"": 6639700.0, ""volume_sma_20"": 5172015.0}",3976.681140343784,3954.1509175486726,4108.896687653191,-154.74577010451867,27.367361581371043,52.695274821546676,0.0,25.327913240175636,558.8817953859531,658.8817953859531,active,90.18559387512424,88.74140715538788,91.27432357893046,91.228686417141,91.27432357893046,,17.537838351538937,1581.660367019469,45.0,25.327913240175636,25.327913240175636,0.5628425164483475,1.444186719736365,0.01601349680899216,18.293588387585867,0.7222698614810562,1.590807161213262,0.0,stop_loss,stop loss,True,False,False,False,False,6,sideways_normal_volatility,True,valid_win,,True,trend breakout
18,D_mean_reversion,v1_fixed_rules,GLD,commodity_alternative,2008-04-01,2008-04-02,2008-04-01,2008-04-04,sideways_high_volatility,sideways_high_volatility,98.0372085571289,103.04834690093995,False,0.31146297314143145,high_volatility,mean_reversion_trend_filter,oversold_in_uptrend,Oversold ETF signal appeared while trend filter allowed long exposure.,"{""atr_20"": 2.32, ""bollinger_lower"": 87.902492, ""breakout_level"": 99.169998, ""close"": 86.860001, ""ema_10"": 91.829939, ""momentum_126"": 0.181608, ""momentum_63"": 0.046506, ""realized_vol_20"": 0.311463, ""rsi_2"": 0.0, ""sma_100"": 86.9777, ""sma_200"": 78.06395, ""sma_50"": 92.5296, ""volume"": 23673200.0, ""volume_sma_20"": 16929695.0}",3093.4114379600815,3089.3068322153476,3131.6123606970536,-42.305528481706006,19.02637505199966,49.026375051999665,0.0,30.0,-1.4778023072075612,58.52219769279244,active,87.32363877868652,83.8436386642456,83.8436386642456,89.43526335525513,83.8436386642456,,8.620689371678289,752.7899647156969,30.0,30.0,30.0,1.0,3.4800001144409123,0.03985175335238426,18.203659544199734,0.6067886514733245,0.7618917944877968,0.0,mean_reversion_exit,mean reversion exit,False,False,False,False,False,2,sideways_high_volatility,True,valid_win,,True,mean reversion setup
317,A_ETF_sector_momentum,v1_fixed_rules,XLK,equity_index,2014-11-14,2014-11-17,2014-11-14,2014-12-08,bull_normal_volatility,bull_normal_volatility,168.2110595703125,157.44897163391113,True,0.09731345014889495,normal_volatility,weekly_momentum_rotation,ranked_momentum_risk_on,Weekly momentum rotation selected an eligible top-ranked ETF.,"{""atr_20"": 0.175896, ""bollinger_lower"": 16.592793, ""breakout_level"": 18.012484, ""close"": 18.13891, ""ema_10"": 17.831408, ""momentum_126"": 0.137101, ""momentum_63"": 0.053684, ""rank_at_signal"": 2.0, ""rank_score"": 0.980262, ""realized_vol_20"": 0.097313, ""rsi_2"": 100.0, ""score"": 0.980262, ""sma_100"": 17.187607, ""sma_200"": 16.47889, ""sma_50"": 17.297013, ""volume"": 8686600.0, ""volume_sma_20"": 17944630.0}",3923.078356594464,3944.5577922757366,4108.896687653191,-164.33889537745472,28.09178963027157,56.172432598233804,28.09178963027157,56.172432598233804,717.9727242179987,847.9727242179987,active,18.09564001336151,17.743848397763845,18.17050565021599,18.31720026987802,18.17050565021599,,79.82180848811726,1444.426711616454,45.0,28.080642967962234,28.080642967962234,0.6240142881769385,0.3517916155976657,0.01944068379664432,17.68534036423882,0.6298053924340826,1.4532693817985733,0.0,rank_drop_exit,rank drop exit,False,False,False,False,False,14,bull_normal_volatility,True,valid_win,,True,weekly rank score=0.9803
159,B_ETF_trend_following,v1_fixed_rules,XLP,equity_index,2011-03-29,2011-03-30,2011-03-29,2011-05-25,bull_normal_volatility,bull_normal_volatility,101.03482055664062,90.65638542175293,True,0.11278611217641908,normal_volatility,trend_following_breakout,trend_breakout,Trend filter and 20-day breakout conditions were met.,"{""atr_20"": 0.195234, ""bollinger_lower"": 19.257002, ""breakout_level"": 19.879507, ""close"": 19.932495, ""ema_10"": 19.735082, ""momentum_126"": 0.078105, ""momentum_63"": 0.022145, ""realized_vol_20"": 0.112786, ""rsi_2"": 93.33587, ""sma_100"": 19.390663, ""sma_200"": 18.646626, ""sma_50"": 19.591905, ""volume"": 3786100.0, ""volume_sma_20"": 8113710.0}",3383.141346549863,3403.4080393615614,3510.3444699845804,-106.93643062301908,80.543912627751,85.93444017408623,80.543912627751,85.93444017408623,236.78821478244754,336.78821478244754,active,20.002644892738573,19.612177569882874,21.264332123757587,21.25369995769571,21.264332123757587,,13.805323085454113,276.1429753078646,45.0,5.3905275463352424,5.3905275463352424,0.11978950102967205,0.39046732285569874,0.019520784623709812,17.27121936942704,3.2039942697573083,0.28477858499257813,0.0,stop_loss,stop loss,True,False,False,False,False,39,bull_normal_volatility,True,valid_win,,True,trend breakout
102,B_ETF_trend_following,v1_fixed_rules,XLI,equity_index,2009-12-04,2009-12-07,2009-12-04,2010-01-20,bull_low_volatility,bull_low_volatility,82.61573791503906,70.4547632408142,True,0.19969316167025242,low_volatility,trend_following_breakout,trend_breakout,Trend filter and 20-day breakout conditions were met.,"{""atr_20"": 0.3505, ""bollinger_lower"": 19.852014, ""breakout_level"": 20.64827, ""close"": 20.677626, ""ema_10"": 20.403416, ""momentum_126"": 0.19834, ""momentum_63"": 0.118898, ""realized_vol_20"": 0.199693, ""rsi_2"": 76.364452, ""sma_100"": 18.978119, ""sma_200"": 16.968864, ""sma_50"": 19.749519, ""volume"": 11692100.0, ""volume_sma_20"": 9206410.0}",2831.2574801025717,2832.866300821821,3131.6123606970536,-298.74605987523273,52.933581481684044,72.18236034487165,52.933581481684044,72.18236034487165,49.32747701891519,149.3274770189152,active,20.65124988002341,19.950248910899134,21.282390136456332,21.271748941388104,21.282390136456332,,27.458990373770938,567.0624716619011,45.0,19.248778863187606,19.248778863187606,0.427750641404169,0.7010009691242765,0.033944723597692565,17.03827775294702,0.8851614886351017,0.5755816105383746,0.0,stop_loss,stop loss,True,False,False,False,False,29,bull_low_volatility,True,valid_win,,True,trend breakout
355,B_ETF_trend_following,v1_fixed_rules,XLP,equity_index,2015-07-07,2015-07-08,2015-07-07,2015-08-12,sideways_normal_volatility,sideways_normal_volatility,173.8805694580078,170.29971290588378,True,0.13030174663673638,normal_volatility,trend_following_breakout,trend_breakout,Trend filter and 20-day breakout conditions were met.,"{""atr_20"": 0.355465, ""bollinger_lower"": 35.498769, ""breakout_level"": 36.684155, ""close"": 36.886909, ""ema_10"": 36.288749, ""momentum_126"": 0.035766, ""momentum_63"": 0.002727, ""realized_vol_20"": 0.130302, ""rsi_2"": 96.118545, ""sma_100"": 36.487285, ""sma_200"": 35.828986, ""sma_50"": 36.357832, ""volume"": 17427000.0, ""volume_sma_20"": 7740680.0}",3765.22024020549,3768.395777671226,4108.896687653191,-340.5009099819654,4.8178040670143565,19.419238265774997,0.023401496476500284,14.624835695237142,449.04399781919113,549.0439978191912,active,36.58979911744972,35.87886989073671,37.44637402656584,37.4163910965964,37.44637402656584,,20.53852008064219,751.500323920405,45.0,14.601434198760641,14.601434198760641,0.32447631552801426,0.710929226713013,0.01942971111787192,16.9769759622018,1.1626923582371649,0.7599888119015059,0.0,stop_loss_gap,stop loss gap,True,False,False,True,False,25,sideways_normal_volatility,True,valid_win,,True,trend breakout
308,B_ETF_trend_following,v1_fixed_rules,TLT,bond,2014-10-01,2014-10-02,2014-10-01,2014-10-23,sideways_normal_volatility,sideways_normal_volatility,160.0657958984375,155.19372413635253,True,0.1256506520562927,normal_volatility,trend_following_breakout,trend_breakout,Trend filter and 20-day breakout conditions were met.,"{""atr_20"": 0.759032, ""bollinger_lower"": 81.584285, ""breakout_level"": 85.281021, ""close"": 86.112617, ""ema_10"": 84.3558, ""momentum_126"": 0.118811, ""momentum_63"": 0.072277, ""realized_vol_20"": 0.125651, ""rsi_2"": 77.356791, ""sma_100"": 82.575714, ""sma_200"": 79.641479, ""sma_50"": 83.917096, ""volume"": 17194900.0, ""volume_sma_20"": 8871425.0}",3854.8852265404776,3853.3251704201416,4108.896687653191,-255.5715172330497,45.05106837673003,72.30150226818635,0.0,27.250433891456325,472.43237508049367,572.4323750804937,active,85.864208106525,84.3461446008736,86.80661565515052,86.76321234732295,86.80661565515052,,17.950786505313705,1541.3300681680566,45.0,27.250433891456325,27.250433891456325,0.6055651975879184,1.5180635056513978,0.017679817226847947,16.137833193935634,0.5922046327121139,1.5493989847650242,0.0,stop_loss,stop loss,True,False,False,False,False,15,sideways_normal_volatility,True,valid_win,,True,trend breakout
79,B_ETF_trend_following,v1_fixed_rules,SMH,equity_index,2009-07-23,2009-07-24,2009-07-23,2009-10-01,bull_low_volatility,bull_low_volatility,72.33586120605469,63.89563451766968,True,0.2636008473423666,low_volatility,trend_following_breakout,trend_breakout,Trend filter and 20-day breakout conditions were met.,"{""atr_20"": 0.274069, ""bollinger_lower"": 8.317437, ""breakout_level"": 10.351354, ""close"": 10.525434, ""ema_10"": 9.926076, ""momentum_126"": 0.515281, ""momentum_63"": 0.241362, ""realized_vol_20"": 0.263601, ""rsi_2"": 100.0, ""sma_100"": 8.605508, ""sma_200"": 8.078705, ""sma_50"": 9.085924, ""volume"": 25524600.0, ""volume_sma_20"": 23698840.0}",2723.765118490941,2710.599391010103,3131.6123606970536,-421.0129696869508,0.0,45.0,0.0,45.0,-24.10192183911562,75.89807816088438,active,10.352282475150087,9.804145153252344,10.551440293180361,10.546164573033773,10.551440293180361,,82.09621604345878,849.8832186228337,45.0,45.0,45.0,1.0,0.5481373218977428,0.05294845105062648,15.916986594818066,0.35371081321817927,0.8578417119202428,0.0,stop_loss,stop loss,True,False,False,False,False,48,bull_low_volatility,True,valid_win,,True,trend breakout
139,A_ETF_sector_momentum,v1_fixed_rules,IWM,equity_index,2010-12-17,2010-12-20,2010-12-17,2011-01-03,bull_normal_volatility,bull_normal_volatility,94.8301239013672,86.34000625610352,True,0.13923848242929995,normal_volatility,weekly_momentum_rotation,ranked_momentum_risk_on,Weekly momentum rotation selected an eligible top-ranked ETF.,"{""atr_20"": 0.861749, ""bollinger_lower"": 57.761608, ""breakout_level"": 62.965248, ""close"": 63.159508, ""ema_10"": 62.267215, ""momentum_126"": 0.187012, ""momentum_63"": 0.167054, ""rank_at_signal"": 1.0, ""rank_score"": 1.271437, ""realized_vol_20"": 0.139238, ""rsi_2"": 100.0, ""score"": 1.271437, ""sma_100"": 55.463145, ""sma_200"": 54.675634, ""sma_50"": 58.93832, ""volume"": 40362300.0, ""volume_sma_20"": 46663450.0}",3365.0067753143176,3369.0958340541924,3365.2207202406294,3.8751138135630754,0.0,36.61985451425777,0.0,36.61985451425777,354.9772045828823,484.9772045828823,active,63.42599503219548,61.70249796881121,62.617439279674436,64.16155929515693,62.617439279674436,,21.247413350592392,1347.638333621677,45.0,36.61985451425777,36.61985451425777,0.8137745447612837,1.723497063384272,0.02717335475004236,15.628837941065843,0.4267859102220308,1.35545275259221,0.0,rank_drop_exit,rank drop exit,False,False,False,False,False,9,bull_normal_volatility,True,valid_win,,True,weekly rank score=1.2714
238,B_ETF_trend_following,v1_fixed_rules,XLY,equity_index,2013-05-06,2013-05-07,2013-05-06,2013-05-23,bull_high_volatility,bull_high_volatility,129.38072204589844,116.3346883392334,True,0.15951036834392507,high_volatility,trend_following_breakout,trend_breakout,Trend filter and 20-day breakout conditions were met.,"{""atr_20"": 0.277059, ""bollinger_lower"": 22.61394, ""breakout_level"": 23.950003, ""close"": 24.02762, ""ema_10"": 23.587405, ""momentum_126"": 0.20698, ""momentum_63"": 0.122224, ""realized_vol_20"": 0.15951, ""rsi_2"": 100.0, ""sma_100"": 21.963045, ""sma_200"": 20.785042, ""sma_50"": 22.799689, ""volume"": 6391000.0, ""volume_sma_20"": 11039840.0}",3971.44903536427,3976.453983984433,4037.9087203026147,-61.45473631818186,0.0,36.55826968245435,0.0,36.55826968245435,533.6248672056757,633.6248672056757,active,24.10866610035383,23.55454732987969,24.3391767615267,24.32700717314594,24.3391767615267,,65.97551216533,1590.581593593773,45.0,36.55826968245435,36.55826968245435,0.8124059929434301,0.5541187704741404,0.02298421522649102,14.405164104187103,0.394032984309995,1.5977841756458666,0.0,stop_loss,stop loss,True,False,False,False,False,12,bull_high_volatility,True,valid_win,,True,trend breakout
117,B_ETF_trend_following,v1_fixed_rules,XLP,equity_index,2010-02-18,2010-02-19,2010-02-18,2010-04-27,bull_normal_volatility,bull_normal_volatility,82.9856948852539,76.45960391998291,True,0.13458462775015176,normal_volatility,trend_following_breakout,trend_breakout,Trend filter and 20-day breakout conditions were met.,"{""atr_20"": 0.213452, ""bollinger_lower"": 16.709489, ""breakout_level"": 17.399542, ""close"": 17.503038, ""ema_10"": 17.197575, ""momentum_126"": 0.137301, ""momentum_63"": 0.016609, ""realized_vol_20"": 0.134585, ""rsi_2"": 100.0, ""sma_100"": 17.005726, ""sma_200"": 16.075181, ""sma_50"": 17.174982, ""volume"": 7539300.0, ""volume_sma_20"": 8562875.0}",2790.9822255662984,2792.2735257524973,3131.6123606970536,-339.3388349445563,70.01713709583633,83.45554380576286,70.01713709583633,83.45554380576286,62.894915999512065,162.89491599951208,active,17.50532065583964,17.078417335576646,17.965304721994848,17.956322069633853,17.965304721994848,,31.47880579061269,551.0465892275768,45.0,13.438406709926523,13.438406709926523,0.2986312602205894,0.42690332026299416,0.024387060863154342,14.196985916119779,1.0564485971118076,0.5581450821856366,0.0,stop_loss,stop loss,True,False,False,False,False,46,bull_normal_volatility,True,valid_win,,True,trend breakout
199,A_ETF_sector_momentum,v1_fixed_rules,IEF,bond,2012-06-22,2012-06-25,2012-06-22,2012-07-27,sideways_normal_volatility,sideways_normal_volatility,104.95114135742188,101.00735828399658,True,0.0738115023424613,normal_volatility,weekly_momentum_rotation,ranked_momentum_risk_on,Weekly momentum rotation selected an eligible top-ranked ETF.,"{""atr_20"": 0.426343, ""bollinger_lower"": 79.342538, ""breakout_level"": 81.071381, ""close"": 79.788361, ""ema_10"": 80.070655, ""momentum_126"": 0.036558, ""momentum_63"": 0.048663, ""rank_at_signal"": 1.0, ""rank_score"": 0.577284, ""realized_vol_20"": 0.073812, ""rsi_2"": 32.86405, ""score"": 0.577284, ""sma_100"": 78.040327, ""sma_200"": 77.296208, ""sma_50"": 79.120154, ""volume"": 1770300.0, ""volume_sma_20"": 1123025.0}",3647.973692035505,3643.4989753482932,3753.5313613253497,-110.03238597705649,13.861392664791802,29.36950656023963,0.0,15.508113895447826,578.496595592608,708.496595592608,active,80.13243740014877,79.27975226538587,80.89857255557608,80.8581232692983,80.89857255557608,,18.187386249861053,1457.3995901393173,45.0,15.508113895447826,15.508113895447826,0.3446247532321739,0.8526851347629076,0.010640948440204622,13.198329198288622,0.8510595993341779,1.4639987547384616,0.0,stop_loss,stop loss,True,False,False,False,False,23,sideways_normal_volatility,True,valid_win,,True,weekly rank score=0.5773
2,D_mean_reversion,v1_fixed_rules,XLU,equity_index,2008-01-03,2008-01-04,2008-01-03,2008-01-07,sideways_normal_volatility,sideways_normal_volatility,103.44564056396484,105.53218006134033,False,0.16497981641284215,normal_volatility,mean_reversion_trend_filter,oversold_in_uptrend,Oversold ETF signal appeared while trend filter allowed long exposure.,"{""atr_20"": 0.179631, ""bollinger_lower"": 11.051014, ""breakout_level"": 11.620669, ""close"": 11.089192, ""ema_10"": 11.230196, ""momentum_126"": 0.064363, ""momentum_63"": 0.049313, ""realized_vol_20"": 0.16498, ""rsi_2"": 0.0, ""sma_100"": 10.754148, ""sma_200"": 10.628738, ""sma_50"": 11.119077, ""volume"": 10287200.0, ""volume_sma_20"": 8555400.0}",3000.0,3004.1105734652574,3000.0,4.110573465257403,27.839951326945897,56.97454407056049,27.839951326945897,56.97454407056049,4.110573465257576,64.11057346525757,active,11.113214074034872,10.843767462299363,10.843767462299363,11.233962519139485,10.843767462299363,,108.12751571065726,1201.644229386103,30.0,29.134592743614594,29.134592743614594,0.9711530914538198,0.26944661173550877,0.024245606171219992,13.056229395086529,0.4481349545532279,1.2081723440836463,0.0,mean_reversion_exit,mean reversion exit,False,False,False,False,False,1,sideways_normal_volatility,True,valid_win,,True,mean reversion setup
188,A_ETF_sector_momentum,v1_fixed_rules,XLY,equity_index,2012-03-09,2012-03-12,2012-03-09,2012-04-09,bull_low_volatility,bull_low_volatility,107.15591430664062,97.56998592376709,True,0.10661639996195241,low_volatility,weekly_momentum_rotation,ranked_momentum_risk_on,Weekly momentum rotation selected an eligible top-ranked ETF.,"{""atr_20"": 0.181214, ""bollinger_lower"": 17.824118, ""breakout_level"": 18.493692, ""close"": 18.599421, ""ema_10"": 18.347397, ""momentum_126"": 0.22009, ""momentum_63"": 0.118465, ""rank_at_signal"": 2.0, ""rank_score"": 1.587727, ""realized_vol_20"": 0.106616, ""rsi_2"": 100.0, ""score"": 1.587727, ""sma_100"": 16.946948, ""sma_200"": 16.409984, ""sma_50"": 17.65084, ""volume"": 9470800.0, ""volume_sma_20"": 9358600.0}",3597.424831224148,3594.2358601611513,3702.4282402002254,-108.19238003907412,6.469025302743227,33.531415822985636,6.469025302743227,33.531415822985636,617.4786384250117,747.4786384250117,active,18.617186117911544,18.254757492514585,18.785323992073042,18.775931330077007,18.785323992073042,,74.6695725002452,1390.1373285819543,45.0,27.06239052024241,27.06239052024241,0.6013864560053869,0.36242862539695864,0.019467422364557393,11.853437128855887,0.43800406767427397,1.3960640471463823,0.0,stop_loss,stop loss,True,False,False,False,False,19,bull_low_volatility,True,valid_win,,True,weekly rank score=1.5877
288,B_ETF_trend_following,v1_fixed_rules,SMH,equity_index,2014-06-17,2014-06-18,2014-06-17,2014-07-10,bull_low_volatility,bull_low_volatility,158.95285034179688,147.21870613098145,True,0.08089442004053682,low_volatility,trend_following_breakout,trend_breakout,Trend filter and 20-day breakout conditions were met.,"{""atr_20"": 0.198318, ""bollinger_lower"": 19.560093, ""breakout_level"": 21.621052, ""close"": 21.713596, ""ema_10"": 21.24702, ""momentum_126"": 0.224723, ""momentum_63"": 0.103224, ""realized_vol_20"": 0.080894, ""rsi_2"": 100.0, ""sma_100"": 19.645275, ""sma_200"": 18.7113, ""sma_50"": 20.140012, ""volume"": 2244200.0, ""volume_sma_20"": 2658790.0}",3957.489188081329,3975.883520319821,4108.896687653191,-133.01316733337035,12.884754659143027,40.86051088886329,12.884754659143027,40.86051088886329,598.969187214429,698.969187214429,active,21.706817899199176,21.31018285299542,21.923485515629068,21.874531002196992,21.923485515629068,,70.53273909474161,1531.041323461283,45.0,27.97575622972026,27.97575622972026,0.6216834717715614,0.39663504620375534,0.018272371751844305,11.829264536514456,0.42283984888128046,1.5369559557295402,0.0,stop_loss_gap,stop loss gap,True,False,False,True,False,15,bull_low_volatility,True,valid_win,,True,trend breakout
260,A_ETF_sector_momentum,v1_fixed_rules,IWM,equity_index,2013-10-11,2013-10-14,2013-10-11,2013-11-01,bull_normal_volatility,bull_normal_volatility,137.5501251220703,128.37823955535887,True,0.1516724315419859,normal_volatility,weekly_momentum_rotation,ranked_momentum_risk_on,Weekly momentum rotation selected an eligible top-ranked ETF.,"{""atr_20"": 1.206516, ""bollinger_lower"": 88.547121, ""breakout_level"": 91.66571, ""close"": 91.52121, ""ema_10"": 90.157144, ""momentum_126"": 0.203414, ""momentum_63"": 0.04235, ""rank_at_signal"": 1.0, ""rank_score"": 0.81018, ""realized_vol_20"": 0.151672, ""rsi_2"": 100.0, ""score"": 0.81018, ""sma_100"": 86.493205, ""sma_200"": 81.892795, ""sma_50"": 88.558284, ""volume"": 43197100.0, ""volume_sma_20"": 41040155.0}",3871.390252797841,3871.390252797841,4108.896687653191,-237.5064348553501,0.0,41.04486568823938,0.0,41.04486568823938,730.3894230003995,860.3894230003995,active,91.03975352282696,88.6267221493208,91.77621242750769,91.73032432129393,91.77621242750769,,17.00966930595718,1548.5561011191367,45.0,41.04486568823938,41.04486568823938,0.9121081264053197,2.4130313735061577,0.026505249411743228,11.746380914274111,0.28618392866710757,1.5544292915762736,0.0,stop_loss,stop loss,True,False,False,False,False,14,bull_normal_volatility,True,valid_win,,True,weekly rank score=0.8102
326,B_ETF_trend_following,v1_fixed_rules,TLT,bond,2015-01-05,2015-01-06,2015-01-05,2015-02-06,sideways_high_volatility,sideways_high_volatility,167.05259704589844,160.7828840637207,True,0.15778672915222253,high_volatility,trend_following_breakout,trend_breakout,Trend filter and 20-day breakout conditions were met.,"{""atr_20"": 1.081498, ""bollinger_lower"": 88.905668, ""breakout_level"": 93.374947, ""close"": 94.833954, ""ema_10"": 92.494903, ""momentum_126"": 0.176532, ""momentum_63"": 0.106238, ""realized_vol_20"": 0.157787, ""rsi_2"": 100.0, ""sma_100"": 87.152476, ""sma_200"": 83.962449, ""sma_50"": 89.128521, ""volume"": 9789500.0, ""volume_sma_20"": 7265665.0}",3931.7544929287933,3936.9415858676666,4108.896687653191,-171.95510178552468,48.349341195157436,70.95831719182974,29.857703888387714,52.46667988506002,546.6815609186468,646.6815609186468,active,95.89384358881692,93.7308483427926,97.73724687447762,96.98322177243581,97.73724687447762,,10.4526239889933,1002.3422898932391,45.0,22.608975996672307,22.608975996672307,0.5024216888149401,2.162995246024323,0.022556142970960966,11.386860535180766,0.5036433554910552,1.0080357201608297,0.0,stop_loss_gap,stop loss gap,True,False,False,True,False,22,sideways_high_volatility,True,valid_win,,True,trend breakout
286,B_ETF_trend_following,v1_fixed_rules,XLB,equity_index,2014-05-12,2014-05-13,2014-05-12,2014-06-17,bull_low_volatility,bull_low_volatility,154.84097290039062,144.48374839782716,True,0.10101712570146049,low_volatility,trend_following_breakout,trend_breakout,Trend filter and 20-day breakout conditions were met.,"{""atr_20"": 0.201693, ""bollinger_lower"": 18.31419, ""breakout_level"": 18.829971, ""close"": 18.994944, ""ema_10"": 18.757951, ""momentum_126"": 0.126299, ""momentum_63"": 0.080881, ""realized_vol_20"": 0.101017, ""rsi_2"": 100.0, ""sma_100"": 18.150743, ""sma_200"": 17.345189, ""sma_50"": 18.571352, ""volume"": 8871400.0, ""volume_sma_20"": 9270930.0}",3869.212462249127,3876.5614732535596,4108.896687653191,-232.3352143996317,32.106775139337316,64.39663900221979,32.106775139337316,64.39663900221979,581.4243644142085,681.4243644142085,active,18.98479546164605,18.58140923710031,19.137328930061983,19.12677556391003,19.137328930061983,,80.04701672508655,1519.6762398407286,45.0,32.28986386288248,32.28986386288248,0.7175525302862773,0.40338622454574136,0.021247857284566515,11.365083620554213,0.3519706267209906,1.525358781651006,0.0,stop_loss_gap,stop loss gap,True,False,False,True,False,24,bull_low_volatility,True,valid_win,,True,trend breakout
315,A_ETF_sector_momentum,v1_fixed_rules,TLT,bond,2014-10-31,2014-11-03,2014-10-31,2014-11-17,bull_high_volatility,bull_high_volatility,166.08624267578125,156.4136643218994,True,0.09756927326118361,high_volatility,weekly_momentum_rotation,ranked_momentum_risk_on,Weekly momentum rotation selected an eligible top-ranked ETF.,"{""atr_20"": 1.009127, ""bollinger_lower"": 85.85577, ""breakout_level"": 89.24453, ""close"": 86.855507, ""ema_10"": 87.215309, ""momentum_126"": 0.077899, ""momentum_63"": 0.048659, ""rank_at_signal"": 1.0, ""rank_score"": 0.648558, ""realized_vol_20"": 0.097569, ""rsi_2"": 24.389434, ""score"": 0.648558, ""sma_100"": 83.968236, ""sma_200"": 81.17475, ""sma_50"": 85.549146, ""volume"": 6664200.0, ""volume_sma_20"": 9913530.0}",3915.939797564348,3929.2671334292654,4108.896687653191,-179.62955422392588,27.144465730116526,63.03508517485008,0.0,35.89061944473356,695.6940793130569,825.6940793130569,active,86.8551147414185,84.83686087404067,85.71232371456503,87.4104806652988,85.71232371456503,,17.78300541118918,1544.5449754361023,45.0,35.89061944473356,35.89061944473356,0.7975693209940791,2.0182538673778367,0.023237018031540223,9.876075229553491,0.27517148999785973,1.549483013050879,0.0,rank_drop_exit,rank drop exit,False,False,False,False,False,10,bull_high_volatility,True,valid_win,,True,weekly rank score=0.6486
289,B_ETF_trend_following,v1_fixed_rules,QQQ,equity_index,2014-06-25,2014-06-26,2014-06-25,2014-07-08,bull_low_volatility,bull_low_volatility,160.32936096191406,148.0331125640869,True,0.061187100137764634,low_volatility,trend_following_breakout,trend_breakout,Trend filter and 20-day breakout conditions were met.,"{""atr_20"": 0.642086, ""bollinger_lower"": 82.934743, ""breakout_level"": 84.812447, ""close"": 85.269463, ""ema_10"": 84.629868, ""momentum_126"": 0.077036, ""momentum_63"": 0.070627, ""realized_vol_20"": 0.061187, ""rsi_2"": 86.766836, ""sma_100"": 81.053777, ""sma_200"": 78.209491, ""sma_50"": 81.606633, ""volume"": 32818600.0, ""volume_sma_20"": 28238090.0}",3973.7356636905592,3966.275677102498,4108.896687653191,-142.62101055069343,27.97575622972026,51.841555079630865,27.97575622972026,51.841555079630865,589.8677298385785,689.8677298385785,active,85.36696702146358,84.08279578046606,85.93633307297934,85.89336490644286,85.93633307297934,,18.58459221635586,1586.5102708409993,45.0,23.865798849910608,23.865798849910608,0.530351085553569,1.284171240997523,0.015042952629143394,9.78289003589202,0.40991253204703276,1.5914017158589453,0.0,stop_loss,stop loss,True,False,False,False,False,7,bull_low_volatility,True,valid_win,,True,trend breakout
290,A_ETF_sector_momentum,v1_fixed_rules,SMH,equity_index,2014-06-27,2014-06-30,2014-06-27,2014-07-10,bull_low_volatility,bull_low_volatility,160.52606201171875,148.2770305633545,True,0.08561129611916263,low_volatility,weekly_momentum_rotation,ranked_momentum_risk_on,Weekly momentum rotation selected an eligible top-ranked ETF.,"{""atr_20"": 0.206911, ""bollinger_lower"": 20.624727, ""breakout_level"": 21.753262, ""close"": 21.651896, ""ema_10"": 21.569205, ""momentum_126"": 0.168927, ""momentum_63"": 0.095673, ""rank_at_signal"": 1.0, ""rank_score"": 1.545357, ""realized_vol_20"": 0.085611, ""rsi_2"": 39.999351, ""score"": 1.545357, ""sma_100"": 19.929046, ""sma_200"": 18.910439, ""sma_50"": 20.448683, ""volume"": 2106200.0, ""volume_sma_20"": 3003820.0}",3977.2512142015994,3991.1595400686065,4108.896687653191,-117.73714758458482,51.841555079630865,68.23704062349779,51.841555079630865,68.23704062349779,703.4567361393259,833.4567361393259,active,21.64508845585302,21.231266516678208,21.923485515629068,21.874531002196992,21.923485515629068,,39.619662448444736,857.5710982876245,45.0,16.395485543866922,16.395485543866922,0.36434412319704274,0.413821939174813,0.019118514577514328,9.090436237459791,0.5544475162469501,0.8621163164063544,0.0,stop_loss_gap,stop loss gap,True,False,False,True,False,7,bull_low_volatility,True,valid_win,,True,weekly rank score=1.5454
29,D_mean_reversion,v1_fixed_rules,XLB,equity_index,2008-04-23,2008-04-24,2008-04-23,2008-04-28,sideways_normal_volatility,sideways_normal_volatility,98.8337631225586,102.3084323501587,False,0.24362090194604324,normal_volatility,mean_reversion_trend_filter,oversold_in_uptrend,Oversold ETF signal appeared while trend filter allowed long exposure.,"{""atr_20"": 0.354551, ""bollinger_lower"": 13.539187, ""breakout_level"": 14.996993, ""close"": 14.645317, ""ema_10"": 14.673635, ""momentum_126"": 0.059127, ""momentum_63"": 0.153924, ""realized_vol_20"": 0.243621, ""rsi_2"": 0.0, ""sma_100"": 13.819949, ""sma_200"": 13.704103, ""sma_50"": 14.007554, ""volume"": 15473800.0, ""volume_sma_20"": 24650310.0}",3074.987247975911,3051.4338420565364,3131.6123606970536,-80.17851864051727,30.000000000000004,60.0,0.0,30.0,-43.108813741750055,16.891186258249945,active,14.696621236953161,14.164794483905979,14.164794483905979,14.854308148843737,14.164794483905979,,56.40934726978367,829.0268110477685,30.0,30.0,30.0,1.0,0.5318267530471825,0.03618700818865483,8.895015772735253,0.29650052575784175,0.8334743189341363,0.0,mean_reversion_exit,mean reversion exit,False,False,False,False,False,2,sideways_normal_volatility,True,valid_win,,True,mean reversion setup
327,B_ETF_trend_following,v1_fixed_rules,IEF,bond,2015-01-06,2015-01-07,2015-01-06,2015-01-22,sideways_high_volatility,sideways_high_volatility,165.4791717529297,160.85071968078614,True,0.07299182810527202,high_volatility,trend_following_breakout,trend_breakout,Trend filter and 20-day breakout conditions were met.,"{""atr_20"": 0.44609, ""bollinger_lower"": 81.485658, ""breakout_level"": 83.374031, ""close"": 83.934113, ""ema_10"": 82.820677, ""momentum_126"": 0.057043, ""momentum_63"": 0.041299, ""realized_vol_20"": 0.072992, ""rsi_2"": 100.0, ""sma_100"": 81.291771, ""sma_200"": 80.15577, ""sma_50"": 81.953984, ""volume"": 1890200.0, ""volume_sma_20"": 3009955.0}",3958.5385305297195,3953.3666727861596,4108.896687653191,-155.5300148670317,26.860440217111403,41.12799058205816,26.860440217111403,41.12799058205816,566.2861017283053,666.2861017283053,active,83.73479162467518,82.84261149511966,84.33106344431988,84.28889791259772,84.33106344431988,,15.991782255960656,1339.0685549100435,45.0,14.267550364946755,14.267550364946755,0.31705667477659455,0.892180129555527,0.010654831907321747,8.861147103115846,0.6210699718212569,1.3434991284616014,0.0,stop_loss,stop loss,True,False,False,False,False,10,sideways_high_volatility,True,valid_win,,True,trend breakout
177,A_ETF_sector_momentum,v1_fixed_rules,TLT,bond,2011-11-11,2011-11-14,2011-11-11,2011-11-30,sideways_high_volatility,sideways_high_volatility,98.0361785888672,97.8865771484375,True,0.2964167761362807,high_volatility,weekly_momentum_rotation,ranked_momentum_risk_on,Weekly momentum rotation selected an eligible top-ranked ETF.,"{""atr_20"": 1.581686, ""bollinger_lower"": 74.284136, ""breakout_level"": 80.10202, ""close"": 77.553787, ""ema_10"": 77.932654, ""momentum_126"": 0.232201, ""momentum_63"": 0.115736, ""rank_at_signal"": 1.0, ""rank_score"": 0.586905, ""realized_vol_20"": 0.296417, ""rsi_2"": 0.0, ""score"": 0.586905, ""sma_100"": 72.244431, ""sma_200"": 66.618009, ""sma_50"": 77.54917, ""volume"": 2483900.0, ""volume_sma_20"": 10987780.0}",3516.804026731249,3500.442864059071,3702.4282402002254,-201.98537614115457,40.7291064258136,85.7291064258136,0.796329478528651,45.79632947852865,594.201599928477,724.201599928477,active,78.08905584047152,74.92568365723275,78.74837624725166,78.70900205912804,78.74837624725166,,14.22532582110763,1110.842262393375,45.0,45.0,45.0,1.0,3.1633721832387636,0.04050980190746871,8.81893695195267,0.19597637671005935,1.1152517308693515,0.0,stop_loss,stop loss,True,False,False,False,False,11,sideways_high_volatility,True,valid_win,,True,weekly rank score=0.5869
21,D_mean_reversion,v1_fixed_rules,TLT,bond,2008-04-08,2008-04-09,2008-04-08,2008-04-10,sideways_high_volatility,bear_high_volatility,98.18791961669922,102.80931129455567,False,0.1615504076482987,high_volatility,mean_reversion_trend_filter,oversold_in_uptrend,Oversold ETF signal appeared while trend filter allowed long exposure.,"{""atr_20"": 0.741766, ""bollinger_lower"": 53.940711, ""breakout_level"": 56.223961, ""close"": 54.830391, ""ema_10"": 54.985305, ""momentum_126"": 0.094736, ""momentum_63"": 0.008167, ""realized_vol_20"": 0.16155, ""rsi_2"": 0.0, ""sma_100"": 53.861101, ""sma_200"": 51.702899, ""sma_50"": 54.213725, ""volume"": 1305200.0, ""volume_sma_20"": 3409275.0}",3108.002643776054,3108.002643776054,3131.6123606970536,-23.609716920999745,0.0,25.164470331271787,0.0,25.164470331271787,13.459987977767526,73.45998797776753,active,54.968233132972806,53.85558408599793,53.85558408599793,55.348820375304946,53.85558408599793,,22.61671854183512,1243.2010575104216,30.0,25.164470331271787,25.164470331271787,0.8388156777090595,1.112649046974873,0.020241673846115464,8.607634540439214,0.34205506522195867,1.2475048747806412,0.0,mean_reversion_exit,mean reversion exit,False,False,False,False,False,1,bear_high_volatility,True,valid_win,,True,mean reversion setup
239,B_ETF_trend_following,v1_fixed_rules,SPY,equity_index,2013-05-06,2013-05-07,2013-05-06,2013-05-23,bull_high_volatility,bull_high_volatility,129.38072204589844,116.3346883392334,True,0.14866326122590046,high_volatility,trend_following_breakout,trend_breakout,Trend filter and 20-day breakout conditions were met.,"{""atr_20"": 1.337149, ""bollinger_lower"": 123.148978, ""breakout_level"": 129.052856, ""close"": 129.380722, ""ema_10"": 127.493293, ""momentum_126"": 0.145782, ""momentum_63"": 0.086663, ""realized_vol_20"": 0.148663, ""rsi_2"": 100.0, ""sma_100"": 121.002762, ""sma_200"": 116.334688, ""sma_50"": 124.61762, ""volume"": 66882100.0, ""volume_sma_20"": 131020660.0}",3971.44903536427,3984.4785248923667,4037.9087203026147,-53.43019541024796,36.55826968245435,53.0622965253921,36.55826968245435,53.0622965253921,541.6494081136099,641.6494081136099,active,129.72545411404204,127.05115529778385,131.1531758319635,131.0875992440475,131.1531758319635,,6.171347323867788,800.5808340842268,45.0,16.50402684293775,16.50402684293775,0.36675615206528334,2.6742988162581867,0.02061506613734574,8.406270702778816,0.5093466450811033,0.8047839694356163,0.0,stop_loss,stop loss,True,False,False,False,False,12,bull_high_volatility,True,valid_win,,True,trend breakout
338,A_ETF_sector_momentum,v1_fixed_rules,TLT,bond,2015-03-27,2015-03-30,2015-03-27,2015-04-06,sideways_normal_volatility,sideways_high_volatility,171.1422882080078,165.71751739501954,True,0.17510653907432647,normal_volatility,weekly_momentum_rotation,ranked_momentum_risk_on,Weekly momentum rotation selected an eligible top-ranked ETF.,"{""atr_20"": 1.136323, ""bollinger_lower"": 90.743155, ""breakout_level"": 97.640465, ""close"": 96.492043, ""ema_10"": 95.951737, ""momentum_126"": 0.143245, ""momentum_63"": 0.061566, ""rank_at_signal"": 2.0, ""rank_score"": 0.584818, ""realized_vol_20"": 0.175107, ""rsi_2"": 43.989626, ""score"": 0.584818, ""sma_100"": 93.167007, ""sma_200"": 88.567622, ""sma_50"": 95.897505, ""volume"": 7907900.0, ""volume_sma_20"": 8617980.0}",3949.9429919407253,3949.9429919407253,4108.896687653191,-158.95369571246601,0.0,37.239594000717865,0.0,37.239594000717865,726.6458759904206,856.6458759904206,active,96.42234362619541,94.14969758006033,94.66930547619019,96.91843774093381,94.66930547619019,,16.386006991299183,1579.9771967762904,45.0,37.239594000717865,37.239594000717865,0.8275465333492859,2.2726460461350797,0.023569703459454822,8.129001632445764,0.21828921207597113,1.5840416975925131,0.0,rank_drop_exit,rank drop exit,False,False,False,False,False,4,sideways_high_volatility,True,valid_win,,True,weekly rank score=0.5848
37,B_ETF_trend_following,v1_fixed_rules,XLE,equity_index,2008-05-06,2008-05-07,2008-05-06,2008-05-27,sideways_normal_volatility,sideways_normal_volatility,101.941162109375,101.935969581604,True,0.26311919106131504,normal_volatility,trend_following_breakout,trend_breakout,Trend filter and 20-day breakout conditions were met.,"{""atr_20"": 0.507214, ""bollinger_lower"": 22.063793, ""breakout_level"": 24.074205, ""close"": 24.14822, ""ema_10"": 23.441492, ""momentum_126"": 0.124632, ""momentum_63"": 0.243014, ""realized_vol_20"": 0.263119, ""rsi_2"": 100.0, ""sma_100"": 21.580321, ""sma_200"": 21.053987, ""sma_50"": 22.13049, ""volume"": 42192400.0, ""volume_sma_20"": 43836200.0}",2966.6946359347535,2948.49867021744,3131.6123606970536,-183.11369047961352,30.0,75.0,30.0,75.0,0.0,100.0,active,24.18876675588622,23.174338631419683,24.379480533244035,24.367290792977414,24.379480533244035,,44.3599688481275,1073.012939765735,45.0,45.0,45.0,1.0,1.0144281244665372,0.04193798446626804,7.919320724007306,0.17598490497794012,1.0769726001277387,0.0,stop_loss,stop loss,True,False,False,False,False,13,sideways_normal_volatility,True,valid_win,,True,trend breakout
264,A_ETF_sector_momentum,v1_fixed_rules,XLI,equity_index,2013-11-01,2013-11-04,2013-11-01,2013-12-04,bull_normal_volatility,bull_normal_volatility,142.35708618164062,130.2615765762329,True,0.12870478064829696,normal_volatility,weekly_momentum_rotation,ranked_momentum_risk_on,Weekly momentum rotation selected an eligible top-ranked ETF.,"{""atr_20"": 0.408246, ""bollinger_lower"": 36.122989, ""breakout_level"": 38.972946, ""close"": 39.08469, ""ema_10"": 38.634702, ""momentum_126"": 0.166201, ""momentum_63"": 0.073202, ""rank_at_signal"": 1.0, ""rank_score"": 0.930048, ""realized_vol_20"": 0.128705, ""rsi_2"": 100.0, ""score"": 0.930048, ""sma_100"": 36.156166, ""sma_200"": 34.528459, ""sma_50"": 37.102357, ""volume"": 9922600.0, ""volume_sma_20"": 10280135.0}",3926.853878770719,3933.777920852981,4108.896687653191,-175.11876680021032,18.36008845945362,50.80651081179703,18.36008845945362,50.80651081179703,733.9663573664678,863.9663573664678,active,39.26394141200978,38.44744945551973,39.48176937733613,39.46202849264746,39.48176937733613,,39.738814441999864,1560.3024820334108,45.0,32.44642235234341,32.44642235234341,0.7210316078298535,0.8164919564900472,0.020794956571535236,7.871745740818397,0.24260751016975735,1.5642383549038201,0.0,stop_loss,stop loss,True,False,False,False,False,21,bull_normal_volatility,True,valid_win,,True,weekly rank score=0.9300
183,A_ETF_sector_momentum,v1_fixed_rules,IEF,bond,2012-01-20,2012-01-23,2012-01-20,2012-02-06,bull_low_volatility,bull_low_volatility,102.77838897705078,97.11758743286133,True,0.059577623668504436,low_volatility,weekly_momentum_rotation,ranked_momentum_risk_on,Weekly momentum rotation selected an eligible top-ranked ETF.,"{""atr_20"": 0.380171, ""bollinger_lower"": 76.604808, ""breakout_level"": 77.797752, ""close"": 76.826866, ""ema_10"": 77.278011, ""momentum_126"": 0.090474, ""momentum_63"": 0.018943, ""rank_at_signal"": 1.0, ""rank_score"": 0.918274, ""realized_vol_20"": 0.059578, ""rsi_2"": 0.0, ""score"": 0.918274, ""sma_100"": 76.423966, ""sma_200"": 73.411511, ""sma_50"": 76.910834, ""volume"": 650600.0, ""volume_sma_20"": 920135.0}",3514.8019831938036,3512.449968359793,3702.4282402002254,-189.97827184043263,0.0,6.678620657568492,0.0,6.678620657568492,598.815426016056,728.815426016056,active,76.63713942609552,75.87679799229353,77.39690414834936,77.53035001037091,77.39690414834936,,8.78371263311663,673.1586097429158,45.0,6.678620657568492,6.678620657568492,0.14841379239041091,0.7603414338019832,0.009921318038432438,7.845705093133266,1.1747493225629135,0.6770814622894825,0.0,rank_drop_exit,rank drop exit,False,False,False,False,False,10,bull_low_volatility,True,valid_win,,True,weekly rank score=0.9183
227,B_ETF_trend_following,v1_fixed_rules,XLF,equity_index,2012-12-12,2012-12-13,2012-12-12,2012-12-27,sideways_normal_volatility,sideways_low_volatility,113.4567413330078,109.17840740203857,True,0.12675129590325002,normal_volatility,trend_following_breakout,trend_breakout,Trend filter and 20-day breakout conditions were met.,"{""atr_20"": 0.123088, ""bollinger_lower"": 9.611706, ""breakout_level"": 10.169794, ""close"": 10.214096, ""ema_10"": 10.077607, ""momentum_126"": 0.155784, ""momentum_63"": 0.033614, ""realized_vol_20"": 0.126751, ""rsi_2"": 100.0, ""sma_100"": 9.798856, ""sma_200"": 9.547456, ""sma_50"": 10.016142, ""volume"": 68531370.0, ""volume_sma_20"": 55221305.95}",3553.382529626345,3535.1306912281034,3753.5313613253497,-218.40067009724635,13.976564087299405,48.010407899810474,13.976564087299405,48.010407899810474,337.8710248795158,437.8710248795158,active,10.219205066212218,9.973028940696153,10.280597763138472,10.275457464256903,10.280597763138472,,138.24997749544178,1412.804870425144,45.0,34.03384381251107,34.03384381251107,0.7563076402780239,0.24617612551606527,0.024089557252354,7.7768927637422065,0.22850468511826946,1.416693316807015,0.0,stop_loss,stop loss,True,False,False,False,False,9,sideways_low_volatility,True,valid_win,,True,trend breakout
256,A_ETF_sector_momentum,v1_fixed_rules,QQQ,equity_index,2013-09-06,2013-09-09,2013-09-06,2013-10-08,bull_normal_volatility,bull_normal_volatility,133.490234375,125.38654087066651,True,0.12639322766760888,normal_volatility,weekly_momentum_rotation,ranked_momentum_risk_on,Weekly momentum rotation selected an eligible top-ranked ETF.,"{""atr_20"": 0.778643, ""bollinger_lower"": 67.380346, ""breakout_level"": 69.402779, ""close"": 69.249741, ""ema_10"": 68.674804, ""momentum_126"": 0.124793, ""momentum_63"": 0.051552, ""rank_at_signal"": 2.0, ""rank_score"": 0.697603, ""realized_vol_20"": 0.126393, ""rsi_2"": 100.0, ""score"": 0.697603, ""sma_100"": 66.144602, ""sma_200"": 63.085791, ""sma_50"": 67.686337, ""volume"": 27715100.0, ""volume_sma_20"": 25737800.0}",3898.3890540645316,3925.6639003106857,4108.896687653191,-183.23278734250562,54.93138550608383,71.76800347459005,54.93138550608383,71.76800347459005,715.7723644550803,845.7723644550803,active,69.58155487017811,68.02426887934753,70.27631018784858,70.24117203275466,70.27631018784858,,10.811513150212319,752.2818954911506,45.0,16.83661796850622,16.83661796850622,0.3741470659668049,1.5572859908305787,0.02238072997558171,7.13145962730213,0.4235684174008046,0.7558476253048017,0.0,stop_loss,stop loss,True,False,False,False,False,21,bull_normal_volatility,True,valid_win,,True,weekly rank score=0.6976
127,A_ETF_sector_momentum,v1_fixed_rules,IEF,bond,2010-08-06,2010-08-09,2010-08-06,2010-09-03,sideways_normal_volatility,sideways_normal_volatility,84.84111022949219,83.74184200286865,True,0.06830510128412323,normal_volatility,weekly_momentum_rotation,ranked_momentum_risk_on,Weekly momentum rotation selected an eligible top-ranked ETF.,"{""atr_20"": 0.365671, ""bollinger_lower"": 66.577658, ""breakout_level"": 68.037926, ""close"": 68.483269, ""ema_10"": 67.822497, ""momentum_126"": 0.084324, ""momentum_63"": 0.06245, ""rank_at_signal"": 1.0, ""rank_score"": 1.074394, ""realized_vol_20"": 0.068305, ""rsi_2"": 100.0, ""score"": 1.074394, ""sma_100"": 64.983413, ""sma_200"": 63.838943, ""sma_50"": 66.655427, ""volume"": 438400.0, ""volume_sma_20"": 715325.0}",3178.748633983926,3184.0177460592495,3213.124459738922,-29.10671367967234,43.252701337429386,56.865191261355754,0.0,13.612489923926368,137.76833882621483,267.76833882621486,active,68.42558434021491,67.69424217156434,69.18729960563056,68.78976381832668,69.18729960563056,,18.613024802115994,1273.6070984236999,45.0,13.612489923926368,13.612489923926368,0.30249977608725265,0.7313421686505706,0.010688139176339456,6.778481658515947,0.4979604537008003,1.276996339252958,0.0,stop_loss_gap,stop loss gap,True,False,False,True,False,19,sideways_normal_volatility,True,valid_win,,True,weekly rank score=1.0744
39,A_ETF_sector_momentum,v1_fixed_rules,BIL,bond,2008-05-16,2008-05-19,2008-05-16,2008-09-18,sideways_low_volatility,sideways_low_volatility,102.37897491455078,101.76591815948487,True,0.00842445560444262,low_volatility,weekly_momentum_rotation,ranked_momentum_risk_on,Weekly momentum rotation selected an eligible top-ranked ETF.,"{""atr_20"": 0.068333, ""bollinger_lower"": 73.288704, ""breakout_level"": 73.388435, ""close"": 73.330887, ""ema_10"": 73.327066, ""momentum_126"": 0.011926, ""momentum_63"": 0.003077, ""rank_at_signal"": 1.0, ""rank_score"": 0.890402, ""realized_vol_20"": 0.008424, ""rsi_2"": 100.0, ""score"": 0.890402, ""sma_100"": 73.158621, ""sma_200"": 72.690973, ""sma_50"": 73.32571, ""volume"": 40400.0, ""volume_sma_20"": 35065.0}",3005.8576905959762,3009.9390390654444,3131.6123606970536,-121.67332163160927,54.0745931526164,55.54154235225923,0.0,1.466949199642827,0.0,130.0,active,73.35153324405637,73.21486627151839,74.03264089674734,73.97142358235199,74.03264089674734,,10.733750608510412,787.3370645935618,45.0,1.466949199642827,1.466949199642827,0.032598871103173936,0.13666697253798077,0.0018631781299412009,6.653748295890325,4.535772811703623,0.790663938741507,0.0,stop_loss_gap,stop loss gap,True,False,False,True,False,85,sideways_low_volatility,True,valid_win,,True,weekly rank score=0.8904
