variant_name,slippage_label,horizon_trading_days,start_date,end_date,final_equity,total_return,max_equity,min_equity,max_drawdown_dollars,max_drawdown_pct,target_300_hit,target_300_before_any_stop,target_300_first_date,target_300_trading_days,target_400_hit,target_400_before_any_stop,target_400_first_date,target_400_trading_days,absolute_floor_stop_hit,trailing_drawdown_stop_hit,any_project_stop_hit,first_project_stop_date,first_project_stop_type,number_of_trades,number_of_skipped_signals,strategies_killed,best_strategy_by_pnl,worst_strategy_by_pnl,ending_open_positions_count,possible_window_count,window_sampling_method
evidence_core_combo,standard,90,2008-01-03,2008-05-12,2876.5956733063495,-0.04113477556455014,3008.1445471443503,2830.2798593326133,-177.86468781173699,-0.05912770647294363,False,False,,,False,False,,,False,False,False,,,12,4,,N2_absolute_trend_taa,N1_dual_momentum_taa,0,4541,deterministic_stratified_sample
evidence_core_combo,standard,90,2008-01-16,2008-05-23,2926.918375985186,-0.02436054133827137,3008.1445471443503,2830.2798593326133,-177.86468781173699,-0.05912770647294363,False,False,,,False,False,,,False,False,False,,,12,4,,N1_dual_momentum_taa,N2_absolute_trend_taa,0,4541,deterministic_stratified_sample
evidence_core_combo,standard,90,2008-01-22,2008-05-29,2842.8910719455844,-0.05236964268480526,3008.1445471443503,2830.2798593326133,-177.86468781173699,-0.05912770647294363,False,False,,,False,False,,,False,False,False,,,12,4,,N2_absolute_trend_taa,N1_dual_momentum_taa,0,4541,deterministic_stratified_sample
evidence_core_combo,standard,90,2008-01-30,2008-06-06,2867.9947923342775,-0.044001735888574145,3008.1445471443503,2824.0648637057566,-184.07968343859375,-0.061193762651246875,False,False,,,False,False,,,False,False,False,,,15,5,,N1_dual_momentum_taa,N2_absolute_trend_taa,0,4541,deterministic_stratified_sample
evidence_core_combo,standard,90,2008-02-07,2008-06-16,2836.5120332110087,-0.054495988929663786,3053.9081247409613,2834.57095739034,-219.33716735062126,-0.07182179633161878,False,False,,,False,False,,,False,False,False,,,12,4,,N2_absolute_trend_taa,N1_dual_momentum_taa,0,4541,deterministic_stratified_sample
evidence_core_combo,standard,90,2008-02-12,2008-06-19,2836.5120332110087,-0.054495988929663786,3053.9081247409613,2834.57095739034,-219.33716735062126,-0.07182179633161878,False,False,,,False,False,,,False,False,False,,,12,4,,N2_absolute_trend_taa,N1_dual_momentum_taa,0,4541,deterministic_stratified_sample
evidence_core_combo,standard,90,2008-02-26,2008-07-02,2838.8508911219596,-0.05371636962601345,3053.9081247409613,2829.892191102249,-224.01593363871234,-0.07335385495846047,False,False,,,False,False,,,False,False,False,,,15,5,,N2_absolute_trend_taa,N1_dual_momentum_taa,0,4541,deterministic_stratified_sample
evidence_core_combo,standard,90,2008-03-10,2008-07-16,2916.9168143061383,-0.02769439523128725,3046.7901403683404,2876.1420682607504,-170.64807210759,-0.05600913231488913,False,False,,,False,False,,,False,False,False,,,12,4,,N2_absolute_trend_taa,N1_dual_momentum_taa,0,4541,deterministic_stratified_sample
evidence_core_combo,standard,90,2008-03-13,2008-07-21,2917.9508171254265,-0.027349727624857878,3046.7901403683404,2876.1420682607504,-170.64807210759,-0.05600913231488913,False,False,,,False,False,,,False,False,False,,,12,4,,N2_absolute_trend_taa,N1_dual_momentum_taa,0,4541,deterministic_stratified_sample
evidence_core_combo,standard,90,2008-03-19,2008-07-25,2879.3205356094527,-0.04022648813018248,3046.7901403683404,2876.1420682607504,-170.64807210759,-0.05600913231488913,False,False,,,False,False,,,False,False,False,,,12,4,,N2_absolute_trend_taa,N1_dual_momentum_taa,0,4541,deterministic_stratified_sample
evidence_core_combo,standard,90,2008-03-25,2008-07-30,2884.9721628832326,-0.03834261237225578,3046.7901403683404,2876.1420682607504,-170.64807210759,-0.05600913231488913,False,False,,,False,False,,,False,False,False,,,12,4,,N2_absolute_trend_taa,N1_dual_momentum_taa,0,4541,deterministic_stratified_sample
evidence_core_combo,standard,90,2008-04-01,2008-08-06,2893.7464337058973,-0.03541785543136755,3092.3461262050187,2884.409198811624,-207.93692739339485,-0.06724244923015088,False,False,,,False,False,,,False,False,False,,,12,4,,N2_absolute_trend_taa,N1_dual_momentum_taa,0,4541,deterministic_stratified_sample
evidence_core_combo,standard,90,2008-04-07,2008-08-12,2907.6422111788897,-0.030785929607036744,3092.3461262050187,2884.409198811624,-207.93692739339485,-0.06724244923015088,False,False,,,False,False,,,False,False,False,,,12,4,,N2_absolute_trend_taa,N1_dual_momentum_taa,0,4541,deterministic_stratified_sample
evidence_core_combo,standard,90,2008-04-17,2008-08-22,2912.4954460990803,-0.029168184633639904,3092.3461262050187,2884.409198811624,-207.93692739339485,-0.06724244923015088,False,False,,,False,False,,,False,False,False,,,12,4,,N2_absolute_trend_taa,N1_dual_momentum_taa,0,4541,deterministic_stratified_sample
evidence_core_combo,standard,90,2008-04-18,2008-08-25,2921.3738600403967,-0.026208713319867738,3092.3461262050187,2884.409198811624,-207.93692739339485,-0.06724244923015088,False,False,,,False,False,,,False,False,False,,,12,4,,N2_absolute_trend_taa,N1_dual_momentum_taa,0,4541,deterministic_stratified_sample
evidence_core_combo,standard,90,2008-05-01,2008-09-08,2984.3555914432723,-0.005214802852242628,3026.491047057437,2894.2593972128716,-132.23164984456525,-0.043691406248543174,False,False,,,False,False,,,False,False,False,,,12,4,,N2_absolute_trend_taa,N1_dual_momentum_taa,0,4541,deterministic_stratified_sample
evidence_core_combo,standard,90,2008-05-05,2008-09-10,2992.319514649127,-0.002560161783624282,3026.491047057437,2894.2593972128716,-132.23164984456525,-0.043691406248543174,False,False,,,False,False,,,False,False,False,,,12,4,,N2_absolute_trend_taa,N1_dual_momentum_taa,0,4541,deterministic_stratified_sample
evidence_core_combo,standard,90,2008-05-06,2008-09-11,2988.5346997339966,-0.0038217667553344103,3026.491047057437,2894.2593972128716,-132.23164984456525,-0.043691406248543174,False,False,,,False,False,,,False,False,False,,,12,4,,N2_absolute_trend_taa,N1_dual_momentum_taa,0,4541,deterministic_stratified_sample
evidence_core_combo,standard,90,2008-05-14,2008-09-19,2941.5251797761475,-0.01949160674128414,3053.747859632506,2894.2593972128716,-132.23164984456525,-0.043691406248543174,False,False,,,False,False,,,False,False,False,,,12,4,,N2_absolute_trend_taa,N1_dual_momentum_taa,0,4541,deterministic_stratified_sample
evidence_core_combo,standard,90,2008-05-28,2008-10-02,2961.2396385550214,-0.01292012048165947,3053.747859632506,2894.2593972128716,-132.23164984456525,-0.043691406248543174,False,False,,,False,False,,,False,False,False,,,14,6,,N2_absolute_trend_taa,N1_dual_momentum_taa,0,4541,deterministic_stratified_sample
evidence_core_combo,standard,90,2008-05-29,2008-10-03,2970.2246206948357,-0.00992512643505472,3053.747859632506,2894.2593972128716,-132.23164984456525,-0.043691406248543174,False,False,,,False,False,,,False,False,False,,,14,6,,N2_absolute_trend_taa,N1_dual_momentum_taa,0,4541,deterministic_stratified_sample
evidence_core_combo,standard,90,2008-06-03,2008-10-08,3008.4430179291116,0.0028143393097039837,3106.8605120007105,2944.5981285991875,-119.98844326755034,-0.03862047967846549,False,False,,,False,False,,,False,False,False,,,11,5,,N2_absolute_trend_taa,N1_dual_momentum_taa,0,4541,deterministic_stratified_sample
evidence_core_combo,standard,90,2008-06-10,2008-10-15,2943.1947214559577,-0.01893509284801409,3106.8605120007105,2933.6478576568943,-173.2126543438162,-0.055751667535364535,False,False,,,False,False,,,False,False,False,,,11,5,,N2_absolute_trend_taa,N1_dual_momentum_taa,0,4541,deterministic_stratified_sample
evidence_core_combo,standard,90,2008-06-16,2008-10-21,2964.573591048383,-0.011808802983872324,3106.8605120007105,2933.6478576568943,-173.2126543438162,-0.055751667535364535,False,False,,,False,False,,,False,False,False,,,11,5,,N2_absolute_trend_taa,N1_dual_momentum_taa,0,4541,deterministic_stratified_sample
evidence_core_combo,standard,90,2008-06-23,2008-10-28,2959.868393221461,-0.01337720225951311,3106.8605120007105,2933.6478576568943,-173.2126543438162,-0.055751667535364535,False,False,,,False,False,,,False,False,False,,,11,5,,N2_absolute_trend_taa,N1_dual_momentum_taa,0,4541,deterministic_stratified_sample
evidence_core_combo,standard,90,2008-07-02,2008-11-06,2975.9288834664476,-0.008023705511184143,3112.6857270920927,2939.1483072931806,-173.5374197989122,-0.05575166753536431,False,False,,,False,False,,,False,False,False,,,10,6,,N2_absolute_trend_taa,N1_dual_momentum_taa,0,4541,deterministic_stratified_sample
evidence_core_combo,standard,90,2008-07-07,2008-11-10,2974.377619301273,-0.008540793566242266,3112.6857270920927,2939.1483072931806,-173.5374197989122,-0.05575166753536431,False,False,,,False,False,,,False,False,False,,,10,6,,N2_absolute_trend_taa,N1_dual_momentum_taa,0,4541,deterministic_stratified_sample
evidence_core_combo,standard,90,2008-07-18,2008-11-21,3035.238993528046,0.011746331176015312,3112.6857270920927,2939.1483072931806,-173.5374197989122,-0.05575166753536431,False,False,,,False,False,,,False,False,False,,,10,6,,N1_dual_momentum_taa,N2_absolute_trend_taa,0,4541,deterministic_stratified_sample
evidence_core_combo,standard,90,2008-07-21,2008-11-24,3020.5545159926864,0.006851505330895513,3112.6857270920927,2939.1483072931806,-173.5374197989122,-0.05575166753536431,False,False,,,False,False,,,False,False,False,,,10,6,,N1_dual_momentum_taa,N2_absolute_trend_taa,0,4541,deterministic_stratified_sample
evidence_core_combo,standard,90,2008-08-01,2008-12-08,3107.182882225561,0.03572762740852031,3130.586278696049,2990.1204396302473,-140.46583906580145,-0.044868860513982756,False,False,,,False,False,,,False,False,False,,,7,9,,N1_dual_momentum_taa,N2_absolute_trend_taa,0,4541,deterministic_stratified_sample
evidence_core_combo,standard,90,2008-08-06,2008-12-11,3124.1678613168847,0.04138928710562828,3130.586278696049,2990.1204396302473,-140.46583906580145,-0.044868860513982756,False,False,,,False,False,,,False,False,False,,,7,9,,N1_dual_momentum_taa,N2_absolute_trend_taa,0,4541,deterministic_stratified_sample
evidence_core_combo,standard,90,2008-08-14,2008-12-19,3163.7518148489653,0.054583938282988465,3168.063501246495,2990.1204396302473,-140.46583906580145,-0.044868860513982756,False,False,,,False,False,,,False,False,False,,,7,9,,N1_dual_momentum_taa,N2_absolute_trend_taa,0,4541,deterministic_stratified_sample
evidence_core_combo,standard,90,2008-08-20,2008-12-26,3165.3209141768966,0.05510697139229892,3168.063501246495,2990.1204396302473,-140.46583906580145,-0.044868860513982756,False,False,,,False,False,,,False,False,False,,,7,9,,N1_dual_momentum_taa,N2_absolute_trend_taa,0,4541,deterministic_stratified_sample
evidence_core_combo,standard,90,2008-08-22,2008-12-30,3170.0267124958455,0.05667557083194841,3170.0267124958455,2990.1204396302473,-140.46583906580145,-0.044868860513982756,False,False,,,False,False,,,False,False,False,,,7,9,,N1_dual_momentum_taa,N2_absolute_trend_taa,0,4541,deterministic_stratified_sample
evidence_core_combo,standard,90,2008-08-27,2009-01-05,3110.353439764925,0.03678447992164169,3170.0267124958455,2990.1204396302473,-140.46583906580145,-0.044868860513982756,False,False,,,False,False,,,False,False,False,,,9,11,,N1_dual_momentum_taa,N2_absolute_trend_taa,0,4541,deterministic_stratified_sample
evidence_core_combo,standard,90,2008-09-10,2009-01-16,3096.136022198949,0.03204534073298304,3132.190729694543,2936.845467137996,-107.98099354277338,-0.0354637595728956,False,False,,,False,False,,,False,False,False,,,7,9,,N1_dual_momentum_taa,N2_absolute_trend_taa,0,4541,deterministic_stratified_sample
evidence_core_combo,standard,90,2008-09-23,2009-01-30,3039.5949986672445,0.013198332889081454,3132.190729694543,2936.845467137996,-107.98099354277338,-0.0354637595728956,False,False,,,False,False,,,False,False,False,,,7,9,,N1_dual_momentum_taa,N2_absolute_trend_taa,0,4541,deterministic_stratified_sample
evidence_core_combo,standard,90,2008-09-26,2009-02-04,3027.4500331763775,0.00915001105879254,3132.190729694543,2936.845467137996,-107.98099354277338,-0.0354637595728956,False,False,,,False,False,,,False,False,False,,,8,12,,N1_dual_momentum_taa,N2_absolute_trend_taa,0,4541,deterministic_stratified_sample
evidence_core_combo,standard,90,2008-10-06,2009-02-12,3092.4982841755736,0.030832761391857977,3180.500695371165,3000.0,-113.38572002976753,-0.0356502736172285,False,False,,,False,False,,,False,False,False,,,6,10,,N1_dual_momentum_taa,N2_absolute_trend_taa,0,4541,deterministic_stratified_sample
evidence_core_combo,standard,90,2008-10-14,2009-02-23,3092.1070534793903,0.030702351159796804,3180.500695371165,3000.0,-113.38572002976753,-0.0356502736172285,False,False,,,False,False,,,False,False,False,,,6,10,,N1_dual_momentum_taa,N2_absolute_trend_taa,0,4541,deterministic_stratified_sample
evidence_core_combo,standard,90,2008-10-17,2009-02-26,3073.10286097674,0.02436762032558004,3180.500695371165,3000.0,-113.38572002976753,-0.0356502736172285,False,False,,,False,False,,,False,False,False,,,6,10,,N1_dual_momentum_taa,N2_absolute_trend_taa,0,4541,deterministic_stratified_sample
evidence_core_combo,standard,90,2008-10-30,2009-03-11,3090.3459891722714,0.030115329724090367,3180.500695371165,3000.0,-113.38572002976753,-0.0356502736172285,False,False,,,False,False,,,False,False,False,,,8,12,,N1_dual_momentum_taa,N2_absolute_trend_taa,0,4541,deterministic_stratified_sample
evidence_core_combo,standard,90,2008-10-31,2009-03-12,3097.4247333594376,0.0324749111198126,3180.500695371165,3000.0,-113.38572002976753,-0.0356502736172285,False,False,,,False,False,,,False,False,False,,,8,12,,N1_dual_momentum_taa,N2_absolute_trend_taa,0,4541,deterministic_stratified_sample
evidence_core_combo,standard,90,2008-11-12,2009-03-24,3023.018525995156,0.00767284199838536,3061.8658190956066,2952.7094648656084,-109.15635422999821,-0.03565027361722861,False,False,,,False,False,,,False,False,False,,,6,10,,N1_dual_momentum_taa,N2_absolute_trend_taa,0,4541,deterministic_stratified_sample
evidence_core_combo,standard,90,2008-11-13,2009-03-25,3008.383139843045,0.0027943799476815023,3061.8658190956066,2952.7094648656084,-109.15635422999821,-0.03565027361722861,False,False,,,False,False,,,False,False,False,,,6,10,,N1_dual_momentum_taa,N2_absolute_trend_taa,0,4541,deterministic_stratified_sample
evidence_core_combo,standard,90,2008-11-17,2009-03-27,3013.1762632494665,0.004392087749822249,3061.8658190956066,2952.7094648656084,-109.15635422999821,-0.03565027361722861,False,False,,,False,False,,,False,False,False,,,6,10,,N1_dual_momentum_taa,N2_absolute_trend_taa,0,4541,deterministic_stratified_sample
evidence_core_combo,standard,90,2008-11-24,2009-04-03,2984.672943594128,-0.005109018801957355,3061.8658190956066,2952.7094648656084,-109.15635422999821,-0.03565027361722861,False,False,,,False,False,,,False,False,False,,,9,11,,N1_dual_momentum_taa,N2_absolute_trend_taa,0,4541,deterministic_stratified_sample
evidence_core_combo,standard,90,2008-11-25,2009-04-06,2966.2380210375854,-0.01125399298747154,3061.8658190956066,2952.7094648656084,-109.15635422999821,-0.03565027361722861,False,False,,,False,False,,,False,False,False,,,9,11,,N1_dual_momentum_taa,N2_absolute_trend_taa,0,4541,deterministic_stratified_sample
evidence_core_combo,standard,90,2008-12-04,2009-04-15,2947.6529068440277,-0.017449031051990804,3000.499489437215,2903.851608343677,-96.64788109353776,-0.032210597413454445,False,False,,,False,False,,,False,False,False,,,8,8,,N1_dual_momentum_taa,N2_absolute_trend_taa,0,4541,deterministic_stratified_sample
evidence_core_combo,standard,90,2008-12-10,2009-04-21,2932.7874130365076,-0.022404195654497472,3000.499489437215,2903.851608343677,-96.64788109353776,-0.032210597413454445,False,False,,,False,False,,,False,False,False,,,8,8,,N1_dual_momentum_taa,N2_absolute_trend_taa,0,4541,deterministic_stratified_sample
evidence_core_combo,standard,90,2008-12-22,2009-05-01,2913.7677202730274,-0.028744093242324187,3000.499489437215,2903.851608343677,-96.64788109353776,-0.032210597413454445,False,False,,,False,False,,,False,False,False,,,11,9,,N2_absolute_trend_taa,N1_dual_momentum_taa,0,4541,deterministic_stratified_sample
evidence_core_combo,standard,90,2008-12-23,2009-05-04,2936.821767494389,-0.021059410835203685,3000.499489437215,2903.851608343677,-96.64788109353776,-0.032210597413454445,False,False,,,False,False,,,False,False,False,,,11,9,,N1_dual_momentum_taa,N2_absolute_trend_taa,0,4541,deterministic_stratified_sample
evidence_core_combo,standard,90,2009-01-07,2009-05-15,3060.1486388483363,0.020049546282778774,3072.5499847089714,2981.1806584271726,-81.18915006148563,-0.026424029052590225,False,False,,,False,False,,,False,False,False,,,9,7,,N1_dual_momentum_taa,N2_absolute_trend_taa,0,4541,deterministic_stratified_sample
evidence_core_combo,standard,90,2009-01-12,2009-05-20,3064.5275681566086,0.021509189385536143,3072.5499847089714,2981.1806584271726,-81.18915006148563,-0.026424029052590225,False,False,,,False,False,,,False,False,False,,,9,7,,N1_dual_momentum_taa,N2_absolute_trend_taa,0,4541,deterministic_stratified_sample
evidence_core_combo,standard,90,2009-01-21,2009-05-29,3102.460788125728,0.03415359604190926,3102.460788125728,2981.1806584271726,-81.18915006148563,-0.026424029052590225,False,False,,,False,False,,,False,False,False,,,9,7,,N1_dual_momentum_taa,N2_absolute_trend_taa,0,4541,deterministic_stratified_sample
evidence_core_combo,standard,90,2009-01-29,2009-06-08,3037.3509984087073,0.01245033280290242,3102.460788125728,2981.1806584271726,-81.18915006148563,-0.026424029052590225,False,False,,,False,False,,,False,False,False,,,12,9,,N1_dual_momentum_taa,N2_absolute_trend_taa,0,4541,deterministic_stratified_sample
evidence_core_combo,standard,90,2009-02-03,2009-06-11,3046.934805509284,0.015644935169761398,3111.3212328283034,2995.222801528248,-81.42102147701553,-0.026424029052590225,False,False,,,False,False,,,False,False,False,,,11,6,,N1_dual_momentum_taa,N2_absolute_trend_taa,0,4541,deterministic_stratified_sample
evidence_core_combo,standard,90,2009-02-17,2009-06-24,3036.331077085791,0.01211035902859714,3111.3212328283034,2995.222801528248,-81.42102147701553,-0.026424029052590225,False,False,,,False,False,,,False,False,False,,,11,6,,N1_dual_momentum_taa,N2_absolute_trend_taa,0,4541,deterministic_stratified_sample
evidence_core_combo,standard,90,2009-03-02,2009-07-08,2835.1558605635482,-0.054948046478817236,3039.326689695073,2835.1558605635482,-204.1708291315249,-0.06717633541131729,False,False,,,False,False,,,False,False,False,,,12,6,,N1_dual_momentum_taa,N2_absolute_trend_taa,0,4541,deterministic_stratified_sample
evidence_core_combo,standard,90,2009-03-05,2009-07-13,2835.1558605635482,-0.054948046478817236,3039.326689695073,2835.1558605635482,-204.1708291315249,-0.06717633541131729,False,False,,,False,False,,,False,False,False,,,12,6,,N1_dual_momentum_taa,N2_absolute_trend_taa,0,4541,deterministic_stratified_sample
evidence_core_combo,standard,90,2009-03-13,2009-07-21,2835.1558605635482,-0.054948046478817236,3039.326689695073,2835.1558605635482,-204.1708291315249,-0.06717633541131729,False,False,,,False,False,,,False,False,False,,,12,6,,N1_dual_momentum_taa,N2_absolute_trend_taa,0,4541,deterministic_stratified_sample
evidence_core_combo,standard,90,2009-03-23,2009-07-29,2835.1558605635482,-0.054948046478817236,3039.326689695073,2835.1558605635482,-204.1708291315249,-0.06717633541131729,False,False,,,False,False,,,False,False,False,,,12,6,,N1_dual_momentum_taa,N2_absolute_trend_taa,0,4541,deterministic_stratified_sample
evidence_core_combo,standard,90,2009-03-26,2009-08-03,2836.3862139316425,-0.05453792868945251,3039.326689695073,2835.1558605635482,-204.1708291315249,-0.06717633541131729,False,False,,,False,False,,,False,False,False,,,13,10,,N1_dual_momentum_taa,N2_absolute_trend_taa,0,4541,deterministic_stratified_sample
evidence_core_combo,standard,90,2009-04-08,2009-08-14,2905.3862700138675,-0.03153790999537753,3112.2045265080606,2890.9554314200122,-221.2490950880483,-0.07109079535215923,False,False,,,False,False,,,False,False,False,,,9,10,,N2_absolute_trend_taa,N1_dual_momentum_taa,0,4541,deterministic_stratified_sample
evidence_core_combo,standard,90,2009-04-23,2009-08-28,2958.4536382239285,-0.013848787258690543,3112.2045265080606,2877.9215977925924,-234.2829287154682,-0.07527876999084537,False,False,,,False,False,,,False,False,False,,,9,10,,N1_dual_momentum_taa,N2_absolute_trend_taa,0,4541,deterministic_stratified_sample
evidence_core_combo,standard,90,2009-04-27,2009-09-01,2917.8057709051072,-0.027398076364964274,3112.2045265080606,2877.9215977925924,-234.2829287154682,-0.07527876999084537,False,False,,,False,False,,,False,False,False,,,10,14,,N2_absolute_trend_taa,N1_dual_momentum_taa,0,4541,deterministic_stratified_sample
evidence_core_combo,standard,90,2009-05-06,2009-09-11,2817.231115634235,-0.06092296145525511,3000.0,2739.112016568649,-260.88798343135113,-0.0869626611437837,False,False,,,False,False,,,False,False,False,,,8,12,,N2_absolute_trend_taa,N1_dual_momentum_taa,0,4541,deterministic_stratified_sample
evidence_core_combo,standard,90,2009-05-13,2009-09-18,2809.287626103934,-0.06357079129868859,3000.0,2739.112016568649,-260.88798343135113,-0.0869626611437837,False,False,,,False,False,,,False,False,False,,,8,12,,N2_absolute_trend_taa,N1_dual_momentum_taa,0,4541,deterministic_stratified_sample
evidence_core_combo,standard,90,2009-05-19,2009-09-24,2803.991999457945,-0.06533600018068497,3000.0,2739.112016568649,-260.88798343135113,-0.0869626611437837,False,False,,,False,False,,,False,False,False,,,8,12,,N2_absolute_trend_taa,N1_dual_momentum_taa,0,4541,deterministic_stratified_sample
evidence_core_combo,standard,90,2009-06-02,2009-10-07,2880.755001733717,-0.03974833275542766,3000.0,2810.5687163835423,-189.43128361645768,-0.06314376120548593,False,False,,,False,False,,,False,False,False,,,7,13,,N2_absolute_trend_taa,N1_dual_momentum_taa,0,4541,deterministic_stratified_sample
evidence_core_combo,standard,90,2009-06-15,2009-10-20,2938.7137674467713,-0.020428744184409542,3000.0,2810.5687163835423,-189.43128361645768,-0.06314376120548593,False,False,,,False,False,,,False,False,False,,,7,13,,N2_absolute_trend_taa,N1_dual_momentum_taa,0,4541,deterministic_stratified_sample
evidence_core_combo,standard,90,2009-06-26,2009-11-02,2864.434217136638,-0.04518859428778732,3000.0,2810.5687163835423,-189.43128361645768,-0.06314376120548593,False,False,,,False,False,,,False,False,False,,,10,15,,N2_absolute_trend_taa,N1_dual_momentum_taa,0,4541,deterministic_stratified_sample
evidence_core_combo,standard,90,2009-07-10,2009-11-13,3179.368569914273,0.05978952330475762,3179.368569914273,2939.026049570985,-92.45163467947259,-0.030038893024504576,False,False,,,False,False,,,False,False,False,,,7,13,,N1_dual_momentum_taa,N2_absolute_trend_taa,0,4541,deterministic_stratified_sample
evidence_core_combo,standard,90,2009-07-13,2009-11-16,3225.146624474989,0.07504887482499645,3225.146624474989,2939.026049570985,-92.45163467947259,-0.030038893024504576,False,False,,,False,False,,,False,False,False,,,7,13,,N1_dual_momentum_taa,N2_absolute_trend_taa,0,4541,deterministic_stratified_sample
evidence_core_combo,standard,90,2009-07-20,2009-11-23,3261.780879339095,0.08726029311303174,3261.780879339095,2939.026049570985,-92.45163467947259,-0.030038893024504576,False,False,,,False,False,,,False,False,False,,,7,13,,N1_dual_momentum_taa,N2_absolute_trend_taa,0,4541,deterministic_stratified_sample
evidence_core_combo,standard,90,2009-07-23,2009-11-27,3239.9113621517004,0.0799704540505668,3303.2086460480805,2939.026049570985,-92.45163467947259,-0.030038893024504576,True,True,2009-11-25,89,False,False,,,False,False,False,,,7,13,,N1_dual_momentum_taa,N2_absolute_trend_taa,0,4541,deterministic_stratified_sample
evidence_core_combo,standard,90,2009-08-05,2009-12-10,3235.4975867460084,0.07849919558200291,3296.6949649058706,2944.9499298807023,-93.95946163989447,-0.030038893024504576,False,False,,,False,False,,,False,False,False,,,9,11,,N1_dual_momentum_taa,N2_absolute_trend_taa,0,4541,deterministic_stratified_sample
evidence_core_combo,standard,90,2009-08-06,2009-12-11,3227.0583219441364,0.07568610731471215,3296.6949649058706,2944.9499298807023,-93.95946163989447,-0.030038893024504576,False,False,,,False,False,,,False,False,False,,,9,11,,N1_dual_momentum_taa,N2_absolute_trend_taa,0,4541,deterministic_stratified_sample
evidence_core_combo,standard,90,2009-08-18,2009-12-23,3301.8167727476903,0.10060559091589671,3301.8167727476903,2944.9499298807023,-93.95946163989447,-0.030038893024504576,True,True,2009-12-23,90,False,False,,,False,False,False,,,9,11,,N1_dual_momentum_taa,N2_absolute_trend_taa,0,4541,deterministic_stratified_sample
evidence_core_combo,standard,90,2009-09-01,2010-01-08,3354.891029524983,0.11829700984166092,3354.891029524983,2935.493244761926,-93.65774342266968,-0.030038893024504576,True,True,2009-12-24,81,False,False,,,False,False,False,,,10,10,,N1_dual_momentum_taa,N2_absolute_trend_taa,0,4541,deterministic_stratified_sample
evidence_core_combo,standard,90,2009-09-15,2010-01-22,3277.4580780804813,0.0924860260268272,3361.82497072899,2935.493244761926,-93.65774342266968,-0.030038893024504576,True,True,2009-12-24,72,False,False,,,False,False,False,,,10,10,,N1_dual_momentum_taa,N2_absolute_trend_taa,0,4541,deterministic_stratified_sample
evidence_core_combo,standard,90,2009-09-22,2010-01-29,3277.4580780804813,0.0924860260268272,3361.82497072899,2935.493244761926,-93.65774342266968,-0.030038893024504576,True,True,2009-12-24,67,False,False,,,False,False,False,,,10,10,,N1_dual_momentum_taa,N2_absolute_trend_taa,0,4541,deterministic_stratified_sample
evidence_core_combo,standard,90,2009-09-28,2010-02-04,3207.924466169447,0.0693081553898156,3361.82497072899,2935.493244761926,-153.90050455954315,-0.04577885698974116,True,True,2009-12-24,63,False,False,,,False,False,False,,,12,13,,N1_dual_momentum_taa,N2_absolute_trend_taa,0,4541,deterministic_stratified_sample
evidence_core_combo,standard,90,2009-09-29,2010-02-05,3203.5955190216036,0.0678651730072013,3361.82497072899,2935.493244761926,-158.2294517073865,-0.04706653472000222,True,True,2009-12-24,62,False,False,,,False,False,False,,,12,13,,N1_dual_momentum_taa,N2_absolute_trend_taa,0,4541,deterministic_stratified_sample
evidence_core_combo,standard,90,2009-10-09,2010-02-18,3291.185500564435,0.09706183352147835,3395.9824286940957,3000.0,-166.4834781054069,-0.04902365710102541,True,True,2009-11-25,34,False,False,,,False,False,False,,,10,10,,N1_dual_momentum_taa,N2_absolute_trend_taa,0,4541,deterministic_stratified_sample
evidence_core_combo,standard,90,2009-10-22,2010-03-03,3310.1656480678757,0.10338854935595854,3395.9824286940957,3000.0,-166.4834781054069,-0.04902365710102541,True,True,2009-11-25,25,False,False,,,False,False,False,,,12,13,,N1_dual_momentum_taa,N2_absolute_trend_taa,0,4541,deterministic_stratified_sample
evidence_core_combo,standard,90,2009-11-04,2010-03-16,3056.656792775114,0.018885597591704606,3074.125019676396,2918.3191721788726,-155.80584749752325,-0.05068298995657783,False,False,,,False,False,,,False,False,False,,,9,11,,N1_dual_momentum_taa,N2_absolute_trend_taa,0,4541,deterministic_stratified_sample
evidence_core_combo,standard,90,2009-11-06,2010-03-18,3064.172829941171,0.02139094331372382,3074.125019676396,2918.3191721788726,-155.80584749752325,-0.05068298995657783,False,False,,,False,False,,,False,False,False,,,9,11,,N1_dual_momentum_taa,N2_absolute_trend_taa,0,4541,deterministic_stratified_sample
evidence_core_combo,standard,90,2009-11-17,2010-03-29,3068.067585894368,0.022689195298122744,3074.125019676396,2918.3191721788726,-155.80584749752325,-0.05068298995657783,False,False,,,False,False,,,False,False,False,,,9,11,,N1_dual_momentum_taa,N2_absolute_trend_taa,0,4541,deterministic_stratified_sample
evidence_core_combo,standard,90,2009-11-20,2010-04-01,3080.1323163033267,0.026710772101108837,3080.1323163033267,2918.3191721788726,-155.80584749752325,-0.05068298995657783,False,False,,,False,False,,,False,False,False,,,12,13,,N1_dual_momentum_taa,N2_absolute_trend_taa,0,4541,deterministic_stratified_sample
evidence_core_combo,standard,90,2009-12-01,2010-04-12,3088.1871389576186,0.029395712985872846,3088.1871389576186,2859.0507461758584,-152.64157148848426,-0.05068298995657772,False,False,,,False,False,,,False,False,False,,,9,11,,N2_absolute_trend_taa,N1_dual_momentum_taa,0,4541,deterministic_stratified_sample
evidence_core_combo,standard,90,2009-12-14,2010-04-23,3074.3399941254434,0.02477999804181441,3148.9869953673488,2859.0507461758584,-152.64157148848426,-0.05068298995657772,False,False,,,False,False,,,False,False,False,,,9,11,,N2_absolute_trend_taa,N1_dual_momentum_taa,0,4541,deterministic_stratified_sample
evidence_core_combo,standard,90,2009-12-15,2010-04-26,3071.9234228037817,0.023974474267927315,3148.9869953673488,2859.0507461758584,-152.64157148848426,-0.05068298995657772,False,False,,,False,False,,,False,False,False,,,9,11,,N2_absolute_trend_taa,N1_dual_momentum_taa,0,4541,deterministic_stratified_sample
evidence_core_combo,standard,90,2009-12-28,2010-05-06,3032.2293416747248,0.010743113891575007,3148.9869953673488,2859.0507461758584,-152.64157148848426,-0.05068298995657772,False,False,,,False,False,,,False,False,False,,,11,14,,N2_absolute_trend_taa,N1_dual_momentum_taa,0,4541,deterministic_stratified_sample
evidence_core_combo,standard,90,2010-01-08,2010-05-18,3103.6240132289413,0.034541337742980405,3223.130757902996,2926.3678801982232,-120.33704148483002,-0.03949743889813717,False,False,,,False,False,,,False,False,False,,,9,11,,N1_dual_momentum_taa,N2_absolute_trend_taa,0,4541,deterministic_stratified_sample
evidence_core_combo,standard,90,2010-01-11,2010-05-19,3103.6240132289413,0.034541337742980405,3223.130757902996,2926.3678801982232,-120.33704148483002,-0.03949743889813717,False,False,,,False,False,,,False,False,False,,,9,11,,N1_dual_momentum_taa,N2_absolute_trend_taa,0,4541,deterministic_stratified_sample
evidence_core_combo,standard,90,2010-01-26,2010-06-03,3046.7402966224417,0.015580098874147241,3223.130757902996,2926.3678801982232,-176.39046128055406,-0.05472643666349908,False,False,,,False,False,,,False,False,False,,,12,12,,N1_dual_momentum_taa,N2_absolute_trend_taa,0,4541,deterministic_stratified_sample
evidence_core_combo,standard,90,2010-02-01,2010-06-09,3145.762144287782,0.04858738142926078,3247.984187612513,2997.6302474880345,-177.75060092742206,-0.054726436663498856,False,False,,,False,False,,,False,False,False,,,10,9,,N1_dual_momentum_taa,N2_absolute_trend_taa,0,4541,deterministic_stratified_sample
evidence_core_combo,standard,90,2010-02-08,2010-06-16,3130.847798294449,0.043615932764816456,3247.984187612513,2997.6302474880345,-177.75060092742206,-0.054726436663498856,False,False,,,False,False,,,False,False,False,,,10,9,,N1_dual_momentum_taa,N2_absolute_trend_taa,0,4541,deterministic_stratified_sample
evidence_core_combo,standard,90,2010-02-22,2010-06-29,3197.1208179393648,0.06570693931312155,3247.984187612513,2997.6302474880345,-177.75060092742206,-0.054726436663498856,False,False,,,False,False,,,False,False,False,,,10,9,,N1_dual_momentum_taa,N2_absolute_trend_taa,0,4541,deterministic_stratified_sample
evidence_core_combo,standard,90,2010-03-05,2010-07-13,2987.5802390522376,-0.004139920315920809,3127.950414913647,2956.7688346453097,-171.18158026833726,-0.05472643666349908,False,False,,,False,False,,,False,False,False,,,11,7,,N1_dual_momentum_taa,N2_absolute_trend_taa,0,4541,deterministic_stratified_sample
evidence_core_combo,standard,90,2010-03-08,2010-07-14,2987.2665739736626,-0.004244475342112475,3127.950414913647,2956.7688346453097,-171.18158026833726,-0.05472643666349908,False,False,,,False,False,,,False,False,False,,,11,7,,N1_dual_momentum_taa,N2_absolute_trend_taa,0,4541,deterministic_stratified_sample
evidence_core_combo,standard,90,2010-03-18,2010-07-26,2972.7328004492247,-0.009089066516925093,3127.950414913647,2956.7688346453097,-171.18158026833726,-0.05472643666349908,False,False,,,False,False,,,False,False,False,,,11,7,,N1_dual_momentum_taa,N2_absolute_trend_taa,0,4541,deterministic_stratified_sample
evidence_core_combo,standard,90,2010-03-26,2010-08-03,2968.2012735992985,-0.01059957546690049,3127.950414913647,2954.005789245664,-173.94462566798302,-0.055609777200635424,False,False,,,False,False,,,False,False,False,,,14,8,,N1_dual_momentum_taa,N2_absolute_trend_taa,0,4541,deterministic_stratified_sample
evidence_core_combo,standard,90,2010-03-31,2010-08-06,3000.698901570063,0.00023296719002097177,3127.950414913647,2954.005789245664,-173.94462566798302,-0.055609777200635424,False,False,,,False,False,,,False,False,False,,,14,8,,N1_dual_momentum_taa,N2_absolute_trend_taa,0,4541,deterministic_stratified_sample
evidence_core_combo,standard,90,2010-04-14,2010-08-19,3041.3775051202874,0.013792501706762383,3041.3775051202874,2888.948850320869,-151.33725326353533,-0.04977730651240797,False,False,,,False,False,,,False,False,False,,,11,6,,N1_dual_momentum_taa,N2_absolute_trend_taa,0,4541,deterministic_stratified_sample
evidence_core_combo,standard,90,2010-04-27,2010-09-01,3052.8165665918023,0.01760552219726752,3090.1555153530635,2888.948850320869,-151.33725326353533,-0.04977730651240797,False,False,,,False,False,,,False,False,False,,,14,7,,N1_dual_momentum_taa,N2_absolute_trend_taa,0,4541,deterministic_stratified_sample
evidence_core_combo,standard,90,2010-05-10,2010-09-15,3087.531249685085,0.029177083228361766,3147.1833270944635,2942.263458711317,-139.00483601235283,-0.04511286350831023,False,False,,,False,False,,,False,False,False,,,12,4,,N1_dual_momentum_taa,N2_absolute_trend_taa,0,4541,deterministic_stratified_sample
evidence_core_combo,standard,90,2010-05-21,2010-09-28,3140.1808979087937,0.04672696596959791,3147.1833270944635,2942.263458711317,-139.00483601235283,-0.04511286350831023,False,False,,,False,False,,,False,False,False,,,12,4,,N1_dual_momentum_taa,N2_absolute_trend_taa,0,4541,deterministic_stratified_sample
evidence_core_combo,standard,90,2010-05-25,2010-09-30,3138.504530819825,0.046168176939941574,3147.1833270944635,2942.263458711317,-139.00483601235283,-0.04511286350831023,False,False,,,False,False,,,False,False,False,,,12,4,,N1_dual_momentum_taa,N2_absolute_trend_taa,0,4541,deterministic_stratified_sample
evidence_core_combo,standard,90,2010-06-07,2010-10-12,3109.0672152795864,0.03635573842652873,3134.6196340433307,2875.3783958902886,-124.62160410971137,-0.04154053470323715,False,False,,,False,False,,,False,False,False,,,12,5,,N1_dual_momentum_taa,N2_absolute_trend_taa,0,4541,deterministic_stratified_sample
evidence_core_combo,standard,90,2010-06-14,2010-10-19,3074.5240079473556,0.02484133598245175,3138.3336456273955,2875.3783958902886,-124.62160410971137,-0.04154053470323715,False,False,,,False,False,,,False,False,False,,,12,5,,N1_dual_momentum_taa,N2_absolute_trend_taa,0,4541,deterministic_stratified_sample
evidence_core_combo,standard,90,2010-06-17,2010-10-22,3072.714689209301,0.024238229736433636,3138.3336456273955,2875.3783958902886,-124.62160410971137,-0.04154053470323715,False,False,,,False,False,,,False,False,False,,,12,5,,N1_dual_momentum_taa,N2_absolute_trend_taa,0,4541,deterministic_stratified_sample
evidence_core_combo,standard,90,2010-06-18,2010-10-25,3078.047399002585,0.026015799667528317,3138.3336456273955,2875.3783958902886,-124.62160410971137,-0.04154053470323715,False,False,,,False,False,,,False,False,False,,,12,5,,N1_dual_momentum_taa,N2_absolute_trend_taa,0,4541,deterministic_stratified_sample
evidence_core_combo,standard,90,2010-07-01,2010-11-05,3287.652060776051,0.0958840202586837,3287.652060776051,2986.2864699090615,-87.46088490058173,-0.027380534182649408,False,False,,,False,False,,,False,False,False,,,12,6,,N1_dual_momentum_taa,N2_absolute_trend_taa,0,4541,deterministic_stratified_sample
evidence_core_combo,standard,90,2010-07-07,2010-11-10,3301.3450785265036,0.10044835950883457,3309.663903620464,2986.2864699090615,-87.46088490058173,-0.027380534182649408,True,True,2010-11-08,88,False,False,,,False,False,False,,,12,6,,N1_dual_momentum_taa,N2_absolute_trend_taa,0,4541,deterministic_stratified_sample
evidence_core_combo,standard,90,2010-07-08,2010-11-11,3299.1380584610765,0.09971268615369211,3309.663903620464,2986.2864699090615,-87.46088490058173,-0.027380534182649408,True,True,2010-11-08,87,False,False,,,False,False,False,,,12,6,,N1_dual_momentum_taa,N2_absolute_trend_taa,0,4541,deterministic_stratified_sample
evidence_core_combo,standard,90,2010-07-13,2010-11-16,3188.4397994902383,0.06281326649674601,3309.663903620464,2986.2864699090615,-121.2241041302259,-0.036627315540293415,True,True,2010-11-08,84,False,False,,,False,False,False,,,12,6,,N1_dual_momentum_taa,N2_absolute_trend_taa,0,4541,deterministic_stratified_sample
evidence_core_combo,standard,90,2010-07-15,2010-11-18,3193.875719735583,0.06462523991186098,3309.663903620464,2986.2864699090615,-124.08766396955161,-0.03749252721214724,True,True,2010-11-08,82,False,False,,,False,False,False,,,12,6,,N1_dual_momentum_taa,N2_absolute_trend_taa,0,4541,deterministic_stratified_sample
evidence_core_combo,standard,90,2010-07-28,2010-12-02,3223.406991614221,0.07446899720474032,3309.663903620464,2986.2864699090615,-124.08766396955161,-0.03749252721214724,True,True,2010-11-08,73,False,False,,,False,False,False,,,14,9,,N1_dual_momentum_taa,N2_absolute_trend_taa,0,4541,deterministic_stratified_sample
evidence_core_combo,standard,90,2010-07-29,2010-12-03,3255.412676846904,0.08513755894896802,3309.663903620464,2986.2864699090615,-124.08766396955161,-0.03749252721214724,True,True,2010-11-08,72,False,False,,,False,False,False,,,14,9,,N1_dual_momentum_taa,N2_absolute_trend_taa,0,4541,deterministic_stratified_sample
evidence_core_combo,standard,90,2010-08-02,2010-12-07,3093.0531327180465,0.03101771090601546,3125.9383155407704,2934.3466488223185,-117.19932735890598,-0.03749252721214724,False,False,,,False,False,,,False,False,False,,,12,7,,N2_absolute_trend_taa,N1_dual_momentum_taa,0,4541,deterministic_stratified_sample
evidence_core_combo,standard,90,2010-08-10,2010-12-15,3091.9260783495633,0.030642026116521004,3125.9383155407704,2934.3466488223185,-117.19932735890598,-0.03749252721214724,False,False,,,False,False,,,False,False,False,,,12,7,,N2_absolute_trend_taa,N1_dual_momentum_taa,0,4541,deterministic_stratified_sample
evidence_core_combo,standard,90,2010-08-11,2010-12-16,3103.3199211848487,0.034439973728283,3125.9383155407704,2934.3466488223185,-117.19932735890598,-0.03749252721214724,False,False,,,False,False,,,False,False,False,,,12,7,,N1_dual_momentum_taa,N2_absolute_trend_taa,0,4541,deterministic_stratified_sample
evidence_core_combo,standard,90,2010-08-23,2010-12-29,3161.5890085063347,0.053863002835444984,3161.5890085063347,2934.3466488223185,-117.19932735890598,-0.03749252721214724,False,False,,,False,False,,,False,False,False,,,12,7,,N1_dual_momentum_taa,N2_absolute_trend_taa,0,4541,deterministic_stratified_sample
evidence_core_combo,standard,90,2010-08-25,2010-12-31,3153.0593629383693,0.05101978764612314,3161.5890085063347,2934.3466488223185,-117.19932735890598,-0.03749252721214724,False,False,,,False,False,,,False,False,False,,,12,7,,N2_absolute_trend_taa,N1_dual_momentum_taa,0,4541,deterministic_stratified_sample
evidence_core_combo,standard,90,2010-09-03,2011-01-11,3137.4254590520604,0.045808486350686906,3161.8977648236996,3000.0,-116.96264034439355,-0.03749252721214735,False,False,,,False,False,,,False,False,False,,,12,8,,N2_absolute_trend_taa,N1_dual_momentum_taa,0,4541,deterministic_stratified_sample
evidence_core_combo,standard,90,2010-09-17,2011-01-25,3121.5348377520277,0.04051161258400926,3183.704158579996,3000.0,-116.96264034439355,-0.03749252721214735,False,False,,,False,False,,,False,False,False,,,12,8,,N2_absolute_trend_taa,N1_dual_momentum_taa,0,4541,deterministic_stratified_sample
evidence_core_combo,standard,90,2010-09-29,2011-02-04,3179.6138079834545,0.05987126932781828,3183.704158579996,3000.0,-116.96264034439355,-0.03749252721214735,False,False,,,False,False,,,False,False,False,,,14,11,,N2_absolute_trend_taa,N1_dual_momentum_taa,0,4541,deterministic_stratified_sample
evidence_core_combo,standard,90,2010-09-30,2011-02-07,3179.943748300445,0.05998124943348171,3183.704158579996,3000.0,-116.96264034439355,-0.03749252721214735,False,False,,,False,False,,,False,False,False,,,14,11,,N2_absolute_trend_taa,N1_dual_momentum_taa,0,4541,deterministic_stratified_sample
evidence_core_combo,standard,90,2010-10-14,2011-02-22,3137.8232695155953,0.045941089838531735,3211.374352136647,2980.5778648704168,-116.10236789424698,-0.03749252721214702,False,False,,,False,False,,,False,False,False,,,11,9,,N1_dual_momentum_taa,N2_absolute_trend_taa,0,4541,deterministic_stratified_sample
evidence_core_combo,standard,90,2010-10-22,2011-03-02,3106.922174438133,0.03564072481271108,3211.374352136647,2980.5778648704168,-132.70547598711073,-0.04132357720887225,False,False,,,False,False,,,False,False,False,,,13,12,,N1_dual_momentum_taa,N2_absolute_trend_taa,0,4541,deterministic_stratified_sample
evidence_core_combo,standard,90,2010-10-27,2011-03-07,3076.9247190206383,0.025641573006879526,3211.374352136647,2980.5778648704168,-134.4496331160085,-0.04186669580472735,False,False,,,False,False,,,False,False,False,,,13,12,,N2_absolute_trend_taa,N1_dual_momentum_taa,0,4541,deterministic_stratified_sample
evidence_core_combo,standard,90,2010-10-28,2011-03-08,3085.8156582528572,0.028605219417619177,3211.374352136647,2980.5778648704168,-134.4496331160085,-0.04186669580472735,False,False,,,False,False,,,False,False,False,,,13,12,,N2_absolute_trend_taa,N1_dual_momentum_taa,0,4541,deterministic_stratified_sample
evidence_core_combo,standard,90,2010-11-09,2011-03-18,3053.9666716568786,0.017988890552292913,3206.5919775235725,3000.0,-152.6253058666939,-0.04759735786046759,False,False,,,False,False,,,False,False,False,,,10,10,,N1_dual_momentum_taa,N2_absolute_trend_taa,0,4541,deterministic_stratified_sample
evidence_core_combo,standard,90,2010-11-19,2011-03-30,3053.9666716568786,0.017988890552292913,3206.5919775235725,3000.0,-152.6253058666939,-0.04759735786046759,False,False,,,False,False,,,False,False,False,,,10,10,,N1_dual_momentum_taa,N2_absolute_trend_taa,0,4541,deterministic_stratified_sample
evidence_core_combo,standard,90,2010-11-22,2011-03-31,3053.9666716568786,0.017988890552292913,3206.5919775235725,3000.0,-152.6253058666939,-0.04759735786046759,False,False,,,False,False,,,False,False,False,,,10,10,,N1_dual_momentum_taa,N2_absolute_trend_taa,0,4541,deterministic_stratified_sample
evidence_core_combo,standard,90,2010-12-06,2011-04-13,2871.5902380136135,-0.04280325399546214,3067.4769458792753,2871.5902380136135,-195.88670786566172,-0.06385922741124694,False,False,,,False,False,,,False,False,False,,,9,11,,N2_absolute_trend_taa,N1_dual_momentum_taa,0,4541,deterministic_stratified_sample
evidence_core_combo,standard,90,2010-12-17,2011-04-27,2860.369617559532,-0.04654346081348937,3067.4769458792753,2860.369617559532,-207.10732831974337,-0.06751715888132848,False,False,,,False,False,,,False,False,False,,,9,11,,N2_absolute_trend_taa,N1_dual_momentum_taa,0,4541,deterministic_stratified_sample
evidence_core_combo,standard,90,2010-12-22,2011-05-02,2827.8361348805374,-0.05738795503982086,3067.4769458792753,2827.8361348805374,-239.64081099873783,-0.07812310091544827,False,False,,,False,False,,,False,False,False,,,12,13,,N2_absolute_trend_taa,N1_dual_momentum_taa,0,4541,deterministic_stratified_sample
evidence_core_combo,standard,90,2010-12-31,2011-05-10,2788.857786391198,-0.07038073786960075,3067.4769458792753,2783.557709511807,-283.91923636746833,-0.09255790389847074,False,False,,,False,False,,,False,False,False,,,12,13,,N1_dual_momentum_taa,N2_absolute_trend_taa,0,4541,deterministic_stratified_sample
evidence_core_combo,standard,90,2011-01-10,2011-05-18,2811.857601571809,-0.06271413280939697,3109.210240378348,2811.857601571809,-297.35263880653883,-0.09563606698090477,False,False,,,False,False,,,False,False,False,,,8,12,,N2_absolute_trend_taa,N1_dual_momentum_taa,0,4541,deterministic_stratified_sample
evidence_core_combo,standard,90,2011-01-13,2011-05-23,2811.857601571809,-0.06271413280939697,3109.210240378348,2811.857601571809,-297.35263880653883,-0.09563606698090477,False,False,,,False,False,,,False,False,False,,,8,12,,N2_absolute_trend_taa,N1_dual_momentum_taa,0,4541,deterministic_stratified_sample
evidence_core_combo,standard,90,2011-01-18,2011-05-25,2811.857601571809,-0.06271413280939697,3109.210240378348,2811.857601571809,-297.35263880653883,-0.09563606698090477,False,False,,,False,False,,,False,False,False,,,8,12,,N2_absolute_trend_taa,N1_dual_momentum_taa,0,4541,deterministic_stratified_sample
evidence_core_combo,standard,90,2011-01-27,2011-06-06,2735.143691603231,-0.08828543613225626,3109.210240378348,2735.143691603231,-374.06654877511664,-0.12030918460168138,False,False,,,False,False,,,False,False,False,,,11,14,,N2_absolute_trend_taa,N1_dual_momentum_taa,0,4541,deterministic_stratified_sample
evidence_core_combo,standard,90,2011-02-09,2011-06-17,2693.5975038272727,-0.10213416539090914,3028.886852668824,2693.5975038272727,-335.28934884155115,-0.11069721820282585,False,False,,,False,False,,,False,False,False,,,10,10,N2_absolute_trend_taa,N2_absolute_trend_taa,N1_dual_momentum_taa,0,4541,deterministic_stratified_sample
evidence_core_combo,standard,90,2011-02-24,2011-07-01,2702.6302455144787,-0.09912325149517376,3028.886852668824,2693.5975038272727,-335.28934884155115,-0.11069721820282585,False,False,,,False,False,,,False,False,False,,,11,14,N2_absolute_trend_taa,N2_absolute_trend_taa,N1_dual_momentum_taa,0,4541,deterministic_stratified_sample
evidence_core_combo,standard,90,2011-02-28,2011-07-06,2708.3726082797084,-0.0972091305734305,3028.886852668824,2693.5975038272727,-335.28934884155115,-0.11069721820282585,False,False,,,False,False,,,False,False,False,,,11,14,N2_absolute_trend_taa,N2_absolute_trend_taa,N1_dual_momentum_taa,0,4541,deterministic_stratified_sample
evidence_core_combo,standard,90,2011-03-09,2011-07-15,2806.0335219221834,-0.06465549269260551,3008.0298262158267,2741.1689265101113,-266.8608997057154,-0.08871617474665561,False,False,,,False,False,,,False,False,False,,,11,9,,N2_absolute_trend_taa,N1_dual_momentum_taa,0,4541,deterministic_stratified_sample
evidence_core_combo,standard,90,2011-03-22,2011-07-28,2791.7465519716343,-0.06941781600945529,3008.0298262158267,2741.1689265101113,-266.8608997057154,-0.08871617474665561,False,False,,,False,False,,,False,False,False,,,11,9,,N2_absolute_trend_taa,N1_dual_momentum_taa,0,4541,deterministic_stratified_sample
evidence_core_combo,standard,90,2011-03-23,2011-07-29,2797.871905433499,-0.06737603152216709,3008.0298262158267,2741.1689265101113,-266.8608997057154,-0.08871617474665561,False,False,,,False,False,,,False,False,False,,,11,9,,N2_absolute_trend_taa,N1_dual_momentum_taa,0,4541,deterministic_stratified_sample
evidence_core_combo,standard,90,2011-04-04,2011-08-10,2960.680222106024,-0.013106592631325409,3000.0,2774.587887691343,-225.41211230865702,-0.07513737076955229,False,False,,,False,False,,,False,False,False,,,12,8,,N2_absolute_trend_taa,N1_dual_momentum_taa,0,4541,deterministic_stratified_sample
evidence_core_combo,standard,90,2011-04-05,2011-08-11,2919.4687558395726,-0.02684374805347578,3000.0,2774.587887691343,-225.41211230865702,-0.07513737076955229,False,False,,,False,False,,,False,False,False,,,12,8,,N2_absolute_trend_taa,N1_dual_momentum_taa,0,4541,deterministic_stratified_sample
evidence_core_combo,standard,90,2011-04-15,2011-08-23,2924.6024603608266,-0.02513251321305776,3000.0,2774.587887691343,-225.41211230865702,-0.07513737076955229,False,False,,,False,False,,,False,False,False,,,12,8,,N2_absolute_trend_taa,N1_dual_momentum_taa,0,4541,deterministic_stratified_sample
evidence_core_combo,standard,90,2011-04-20,2011-08-26,2923.885542724867,-0.025371485758377776,3000.0,2774.587887691343,-225.41211230865702,-0.07513737076955229,False,False,,,False,False,,,False,False,False,,,12,8,,N2_absolute_trend_taa,N1_dual_momentum_taa,0,4541,deterministic_stratified_sample
evidence_core_combo,standard,90,2011-04-27,2011-09-01,2925.707945816086,-0.024764018061304682,3000.0,2774.587887691343,-225.41211230865702,-0.07513737076955229,False,False,,,False,False,,,False,False,False,,,13,11,,N2_absolute_trend_taa,N1_dual_momentum_taa,0,4541,deterministic_stratified_sample
evidence_core_combo,standard,90,2011-04-29,2011-09-06,2958.8406128455445,-0.01371979571815185,3000.0,2774.587887691343,-225.41211230865702,-0.07513737076955229,False,False,,,False,False,,,False,False,False,,,13,11,,N2_absolute_trend_taa,N1_dual_momentum_taa,0,4541,deterministic_stratified_sample
evidence_core_combo,standard,90,2011-05-12,2011-09-19,3012.088436199185,0.004029478733061698,3080.1272269826927,2886.776476637633,-113.2235233623669,-0.037741174454122284,False,False,,,False,False,,,False,False,False,,,10,9,,N2_absolute_trend_taa,N1_dual_momentum_taa,0,4541,deterministic_stratified_sample
evidence_core_combo,standard,90,2011-05-25,2011-09-30,2984.0326015137593,-0.005322466162080208,3080.1272269826927,2886.776476637633,-113.2235233623669,-0.037741174454122284,False,False,,,False,False,,,False,False,False,,,10,9,,N2_absolute_trend_taa,N1_dual_momentum_taa,0,4541,deterministic_stratified_sample
evidence_core_combo,standard,90,2011-06-08,2011-10-13,3035.476075386965,0.011825358462321578,3208.5873972860695,3000.0,-173.1113218991045,-0.05395250322479228,False,False,,,False,False,,,False,False,False,,,9,9,,N2_absolute_trend_taa,N1_dual_momentum_taa,0,4541,deterministic_stratified_sample
evidence_core_combo,standard,90,2011-06-21,2011-10-26,3035.476075386965,0.011825358462321578,3208.5873972860695,3000.0,-173.1113218991045,-0.05395250322479228,False,False,,,False,False,,,False,False,False,,,9,9,,N2_absolute_trend_taa,N1_dual_momentum_taa,0,4541,deterministic_stratified_sample
evidence_core_combo,standard,90,2011-06-23,2011-10-28,3035.476075386965,0.011825358462321578,3208.5873972860695,3000.0,-173.1113218991045,-0.05395250322479228,False,False,,,False,False,,,False,False,False,,,9,9,,N2_absolute_trend_taa,N1_dual_momentum_taa,0,4541,deterministic_stratified_sample
evidence_core_combo,standard,90,2011-06-27,2011-11-01,3068.1455506792795,0.022715183559759877,3208.5873972860695,3000.0,-173.1113218991045,-0.05395250322479228,False,False,,,False,False,,,False,False,False,,,12,10,,N2_absolute_trend_taa,N1_dual_momentum_taa,0,4541,deterministic_stratified_sample
evidence_core_combo,standard,90,2011-07-06,2011-11-09,3026.9080258021154,0.008969341934038422,3143.13304537023,2973.5531496039416,-169.57989576628825,-0.05395250322479217,False,False,,,False,False,,,False,False,False,,,9,8,,N2_absolute_trend_taa,N1_dual_momentum_taa,0,4541,deterministic_stratified_sample
evidence_core_combo,standard,90,2011-07-19,2011-11-22,3031.5532579604023,0.010517752653467438,3143.13304537023,2973.5531496039416,-169.57989576628825,-0.05395250322479217,False,False,,,False,False,,,False,False,False,,,9,8,,N2_absolute_trend_taa,N1_dual_momentum_taa,0,4541,deterministic_stratified_sample
evidence_core_combo,standard,90,2011-08-01,2011-12-06,2931.299531640144,-0.022900156119951998,3038.6052440773883,2877.9446837884293,-160.660560288959,-0.0528731267748932,False,False,,,False,False,,,False,False,False,,,9,7,,N2_absolute_trend_taa,N1_dual_momentum_taa,0,4541,deterministic_stratified_sample
evidence_core_combo,standard,90,2011-08-03,2011-12-08,2940.82730478355,-0.019724231738816655,3038.6052440773883,2877.9446837884293,-160.660560288959,-0.0528731267748932,False,False,,,False,False,,,False,False,False,,,9,7,,N2_absolute_trend_taa,N1_dual_momentum_taa,0,4541,deterministic_stratified_sample
evidence_core_combo,standard,90,2011-08-12,2011-12-19,2970.264369584552,-0.009911876805149378,3038.6052440773883,2877.9446837884293,-160.660560288959,-0.0528731267748932,False,False,,,False,False,,,False,False,False,,,9,7,,N2_absolute_trend_taa,N1_dual_momentum_taa,0,4541,deterministic_stratified_sample
evidence_core_combo,standard,90,2011-08-19,2011-12-27,2913.070025357375,-0.028976658214208362,3038.6052440773883,2877.9446837884293,-160.660560288959,-0.0528731267748932,False,False,,,False,False,,,False,False,False,,,9,7,,N2_absolute_trend_taa,N1_dual_momentum_taa,0,4541,deterministic_stratified_sample
evidence_core_combo,standard,90,2011-08-22,2011-12-28,2916.820786044854,-0.027726404651715386,3038.6052440773883,2877.9446837884293,-160.660560288959,-0.0528731267748932,False,False,,,False,False,,,False,False,False,,,9,7,,N2_absolute_trend_taa,N1_dual_momentum_taa,0,4541,deterministic_stratified_sample
evidence_core_combo,standard,90,2011-08-25,2012-01-03,2886.8626944433354,-0.03771243518555489,3038.6052440773883,2877.9446837884293,-160.660560288959,-0.0528731267748932,False,False,,,False,False,,,False,False,False,,,12,9,,N2_absolute_trend_taa,N1_dual_momentum_taa,0,4541,deterministic_stratified_sample
evidence_core_combo,standard,90,2011-09-07,2012-01-13,2947.1057213825566,-0.017631426205814482,3051.0416455558243,2916.046464659275,-134.9951808965493,-0.04424560415069545,False,False,,,False,False,,,False,False,False,,,11,6,,N2_absolute_trend_taa,N1_dual_momentum_taa,0,4541,deterministic_stratified_sample
evidence_core_combo,standard,90,2011-09-08,2012-01-17,2952.746553006615,-0.01575114899779495,3051.0416455558243,2916.046464659275,-134.9951808965493,-0.04424560415069545,False,False,,,False,False,,,False,False,False,,,11,6,,N2_absolute_trend_taa,N1_dual_momentum_taa,0,4541,deterministic_stratified_sample
evidence_core_combo,standard,90,2011-09-12,2012-01-19,2921.6411859835093,-0.026119604672163566,3051.0416455558243,2916.046464659275,-134.9951808965493,-0.04424560415069545,False,False,,,False,False,,,False,False,False,,,11,6,,N2_absolute_trend_taa,N1_dual_momentum_taa,0,4541,deterministic_stratified_sample
evidence_core_combo,standard,90,2011-09-21,2012-01-30,2912.947886971667,-0.02901737100944446,3051.0416455558243,2912.5256961978475,-138.51594935797675,-0.04539956036317638,False,False,,,False,False,,,False,False,False,,,11,6,,N2_absolute_trend_taa,N1_dual_momentum_taa,0,4541,deterministic_stratified_sample
evidence_core_combo,standard,90,2011-09-23,2012-02-01,2903.636567381584,-0.03212114420613865,3051.0416455558243,2903.636567381584,-147.40507817424032,-0.048313033808945804,False,False,,,False,False,,,False,False,False,,,14,8,,N2_absolute_trend_taa,N1_dual_momentum_taa,0,4541,deterministic_stratified_sample
evidence_core_combo,standard,90,2011-09-27,2012-02-03,2852.786984814612,-0.04907100506179596,3051.0416455558243,2852.786984814612,-198.25466074121232,-0.06497933616540175,False,False,,,False,False,,,False,False,False,,,14,8,,N2_absolute_trend_taa,N1_dual_momentum_taa,0,4541,deterministic_stratified_sample
evidence_core_combo,standard,90,2011-10-04,2012-02-10,2867.829657787038,-0.04405678073765407,3072.673513199241,2867.829657787038,-204.84385541220308,-0.06666632641973125,False,False,,,False,False,,,False,False,False,,,12,6,,N2_absolute_trend_taa,N1_dual_momentum_taa,0,4541,deterministic_stratified_sample
evidence_core_combo,standard,90,2011-10-11,2012-02-17,2870.0068269046747,-0.04333105769844181,3072.673513199241,2867.622270682975,-205.05124251626603,-0.06673382044510434,False,False,,,False,False,,,False,False,False,,,12,6,,N2_absolute_trend_taa,N1_dual_momentum_taa,0,4541,deterministic_stratified_sample
evidence_core_combo,standard,90,2011-10-17,2012-02-24,2920.598365185353,-0.0264672116048823,3072.673513199241,2867.622270682975,-205.05124251626603,-0.06673382044510434,False,False,,,False,False,,,False,False,False,,,12,6,,N2_absolute_trend_taa,N1_dual_momentum_taa,0,4541,deterministic_stratified_sample
evidence_core_combo,standard,90,2011-10-28,2012-03-08,2835.685258153383,-0.054771580615538995,3072.673513199241,2835.685258153383,-236.98825504585784,-0.07712770459595875,False,False,,,False,False,,,False,False,False,,,15,8,,N2_absolute_trend_taa,N1_dual_momentum_taa,0,4541,deterministic_stratified_sample
evidence_core_combo,standard,90,2011-10-31,2012-03-09,2845.631785629403,-0.05145607145686559,3072.673513199241,2835.685258153383,-236.98825504585784,-0.07712770459595875,False,False,,,False,False,,,False,False,False,,,15,8,,N2_absolute_trend_taa,N1_dual_momentum_taa,0,4541,deterministic_stratified_sample
evidence_core_combo,standard,90,2011-11-11,2012-03-22,2825.7517317534057,-0.05808275608219815,3038.4079088965877,2825.7517317534057,-212.65617714318205,-0.06998934426168246,False,False,,,False,False,,,False,False,False,,,12,7,,N2_absolute_trend_taa,N1_dual_momentum_taa,0,4541,deterministic_stratified_sample
evidence_core_combo,standard,90,2011-11-18,2012-03-29,2834.1998259647785,-0.05526672467840721,3038.4079088965877,2825.7517317534057,-212.65617714318205,-0.06998934426168246,False,False,,,False,False,,,False,False,False,,,12,7,,N2_absolute_trend_taa,N1_dual_momentum_taa,0,4541,deterministic_stratified_sample
evidence_core_combo,standard,90,2011-11-25,2012-04-04,2813.5246745582817,-0.06215844181390606,3038.4079088965877,2813.5246745582817,-224.883234338306,-0.07401351006223966,False,False,,,False,False,,,False,False,False,,,15,9,,N2_absolute_trend_taa,N1_dual_momentum_taa,0,4541,deterministic_stratified_sample
evidence_core_combo,standard,90,2011-11-29,2012-04-09,2796.649260551476,-0.06778357981617467,3038.4079088965877,2796.649260551476,-241.75864834511185,-0.07956754181597281,False,False,,,False,False,,,False,False,False,,,15,9,,N2_absolute_trend_taa,N1_dual_momentum_taa,0,4541,deterministic_stratified_sample
evidence_core_combo,standard,90,2011-12-13,2012-04-23,2788.3450420503223,-0.0705516526498926,3000.0,2788.3450420503223,-211.65495794967774,-0.0705516526498926,False,False,,,False,False,,,False,False,False,,,12,8,,N2_absolute_trend_taa,N1_dual_momentum_taa,0,4541,deterministic_stratified_sample
evidence_core_combo,standard,90,2012-01-09,2012-05-16,2834.964965609547,-0.055011678130150954,3006.078823327045,2801.1667398095033,-204.91208351754176,-0.06816590500802333,False,False,,,False,False,,,False,False,False,,,12,8,,N2_absolute_trend_taa,N1_dual_momentum_taa,0,4541,deterministic_stratified_sample
evidence_core_combo,standard,90,2012-01-27,2012-06-05,2885.1271689630094,-0.03829094367899688,3006.078823327045,2801.1667398095033,-204.91208351754176,-0.06816590500802333,False,False,,,False,False,,,False,False,False,,,15,10,,N2_absolute_trend_taa,N1_dual_momentum_taa,0,4541,deterministic_stratified_sample
evidence_core_combo,standard,90,2012-02-16,2012-06-25,2967.7201332181085,-0.01075995559396381,3028.4428418045304,2860.1638254637187,-144.24809125872525,-0.04801208864065731,False,False,,,False,False,,,False,False,False,,,12,8,,N1_dual_momentum_taa,N2_absolute_trend_taa,0,4541,deterministic_stratified_sample
evidence_core_combo,standard,90,2012-03-12,2012-07-18,3065.8505173547983,0.02195017245159936,3094.5899030520723,2893.698859463911,-132.86268466439333,-0.04389888747584014,False,False,,,False,False,,,False,False,False,,,12,8,,N1_dual_momentum_taa,N2_absolute_trend_taa,0,4541,deterministic_stratified_sample
evidence_core_combo,standard,90,2012-03-16,2012-07-24,3074.117474567015,0.024705824855671743,3094.5899030520723,2893.698859463911,-132.86268466439333,-0.04389888747584014,False,False,,,False,False,,,False,False,False,,,12,8,,N1_dual_momentum_taa,N2_absolute_trend_taa,0,4541,deterministic_stratified_sample
evidence_core_combo,standard,90,2012-04-20,2012-08-27,3087.7246425996163,0.029241547533205514,3159.4309178017634,2954.33059947011,-88.64567618290903,-0.028057482024195002,False,False,,,False,False,,,False,False,False,,,12,8,,N1_dual_momentum_taa,N2_absolute_trend_taa,0,4541,deterministic_stratified_sample
evidence_core_combo,standard,90,2012-05-07,2012-09-12,3044.900944719289,0.014966981573096394,3095.3554845336207,2981.170128555911,-86.84788086579556,-0.028057482024195002,False,False,,,False,False,,,False,False,False,,,12,8,,N2_absolute_trend_taa,N1_dual_momentum_taa,0,4541,deterministic_stratified_sample
evidence_core_combo,standard,90,2012-05-10,2012-09-17,3095.8133409794746,0.03193778032649153,3095.8133409794746,2981.170128555911,-86.84788086579556,-0.028057482024195002,False,False,,,False,False,,,False,False,False,,,12,8,,N1_dual_momentum_taa,N2_absolute_trend_taa,0,4541,deterministic_stratified_sample
evidence_core_combo,standard,90,2012-07-03,2012-11-09,2968.206682635169,-0.010597772454943755,3053.0478994019054,2940.1042414145704,-112.94365798733497,-0.036993739275908766,False,False,,,False,False,,,False,False,False,,,12,8,,N2_absolute_trend_taa,N1_dual_momentum_taa,0,4541,deterministic_stratified_sample
evidence_core_combo,standard,90,2012-07-11,2012-11-16,2965.0735179864614,-0.011642160671179513,3053.0478994019054,2940.1042414145704,-112.94365798733497,-0.036993739275908766,False,False,,,False,False,,,False,False,False,,,12,8,,N2_absolute_trend_taa,N1_dual_momentum_taa,0,4541,deterministic_stratified_sample
evidence_core_combo,standard,90,2012-07-12,2012-11-19,2965.301622532665,-0.011566125822444984,3053.0478994019054,2940.1042414145704,-112.94365798733497,-0.036993739275908766,False,False,,,False,False,,,False,False,False,,,12,8,,N2_absolute_trend_taa,N1_dual_momentum_taa,0,4541,deterministic_stratified_sample
evidence_core_combo,standard,90,2012-07-25,2012-12-03,2918.7519329647043,-0.02708268901176525,3053.0478994019054,2918.7519329647043,-134.29596643720106,-0.04398750719355227,False,False,,,False,False,,,False,False,False,,,15,10,,N2_absolute_trend_taa,N1_dual_momentum_taa,0,4541,deterministic_stratified_sample
evidence_core_combo,standard,90,2012-09-12,2013-01-23,3006.751585148559,0.002250528382853112,3043.408681108848,2910.2349675207697,-133.1737135880785,-0.04375807771552964,False,False,,,False,False,,,False,False,False,,,12,8,,N1_dual_momentum_taa,N2_absolute_trend_taa,0,4541,deterministic_stratified_sample
evidence_core_combo,standard,90,2012-10-10,2013-02-21,3053.3120641038777,0.01777068803462578,3128.604712807888,2946.264299880517,-75.29264870401039,-0.024065887389281615,False,False,,,False,False,,,False,False,False,,,12,8,,N1_dual_momentum_taa,N2_absolute_trend_taa,0,4541,deterministic_stratified_sample
evidence_core_combo,standard,90,2012-11-13,2013-03-25,3157.046256664019,0.05234875222133972,3177.6184651006142,2962.2323633420456,-75.70071725126945,-0.024065887389281726,False,False,,,False,False,,,False,False,False,,,12,8,,N1_dual_momentum_taa,N2_absolute_trend_taa,0,4541,deterministic_stratified_sample
evidence_core_combo,standard,90,2012-11-20,2013-04-02,3228.6366339398032,0.07621221131326772,3228.6366339398032,2962.2323633420456,-75.70071725126945,-0.024065887389281726,False,False,,,False,False,,,False,False,False,,,15,10,,N1_dual_momentum_taa,N2_absolute_trend_taa,0,4541,deterministic_stratified_sample
evidence_core_combo,standard,90,2013-01-02,2013-05-10,3220.864954204024,0.07362165140134125,3220.864954204024,2973.904774290787,-73.71322390013302,-0.024065887389281504,False,False,,,False,False,,,False,False,False,,,11,9,,N1_dual_momentum_taa,N2_absolute_trend_taa,0,4541,deterministic_stratified_sample
evidence_core_combo,standard,90,2013-01-22,2013-05-30,3239.682070296246,0.07989402343208196,3272.2798709876615,2973.904774290787,-73.71322390013302,-0.024065887389281504,False,False,,,False,False,,,False,False,False,,,11,9,,N1_dual_momentum_taa,N2_absolute_trend_taa,0,4541,deterministic_stratified_sample
evidence_core_combo,standard,90,2013-03-15,2013-07-23,3095.818120533916,0.03193937351130538,3156.036880252322,3000.0,-141.63967396113776,-0.04487896667095148,False,False,,,False,False,,,False,False,False,,,8,12,,N1_dual_momentum_taa,N2_absolute_trend_taa,0,4541,deterministic_stratified_sample
evidence_core_combo,standard,90,2013-03-22,2013-07-30,3076.6964560519164,0.02556548535063885,3156.036880252322,3000.0,-141.63967396113776,-0.04487896667095148,False,False,,,False,False,,,False,False,False,,,8,12,,N1_dual_momentum_taa,N2_absolute_trend_taa,0,4541,deterministic_stratified_sample
evidence_core_combo,standard,90,2013-03-25,2013-07-31,3077.3131922440834,0.025771064081361095,3156.036880252322,3000.0,-141.63967396113776,-0.04487896667095148,False,False,,,False,False,,,False,False,False,,,8,12,,N1_dual_momentum_taa,N2_absolute_trend_taa,0,4541,deterministic_stratified_sample
evidence_core_combo,standard,90,2013-05-23,2013-09-30,3047.51999105618,0.015839997018726626,3093.154004421641,2918.4284014504387,-85.91618570664377,-0.02848646598665061,False,False,,,False,False,,,False,False,False,,,9,11,,N1_dual_momentum_taa,N2_absolute_trend_taa,0,4541,deterministic_stratified_sample
evidence_core_combo,standard,90,2013-06-03,2013-10-08,3068.2616899612194,0.022753896653739725,3171.1863611609783,2992.052878542319,-102.9246711997589,-0.03245620391798043,False,False,,,False,False,,,False,False,False,,,10,10,,N1_dual_momentum_taa,N2_absolute_trend_taa,0,4541,deterministic_stratified_sample
evidence_core_combo,standard,90,2013-06-10,2013-10-15,3068.2616899612194,0.022753896653739725,3171.1863611609783,2992.052878542319,-102.9246711997589,-0.03245620391798043,False,False,,,False,False,,,False,False,False,,,10,10,,N1_dual_momentum_taa,N2_absolute_trend_taa,0,4541,deterministic_stratified_sample
evidence_core_combo,standard,90,2013-07-25,2013-11-29,3098.4907843162127,0.032830261438737685,3103.4259913659007,2939.8496371349543,-142.58599097730348,-0.04594470477916812,False,False,,,False,False,,,False,False,False,,,12,8,,N1_dual_momentum_taa,N2_absolute_trend_taa,0,4541,deterministic_stratified_sample
evidence_core_combo,standard,90,2013-08-27,2014-01-03,3049.7387788892183,0.016579592963072765,3150.567284305833,2984.5061919647133,-142.86936575553045,-0.045347187621485485,False,False,,,False,False,,,False,False,False,,,15,10,,N2_absolute_trend_taa,N1_dual_momentum_taa,0,4541,deterministic_stratified_sample
evidence_core_combo,standard,90,2013-09-25,2014-02-03,2840.141214367465,-0.05328626187751162,3043.847274682293,2840.141214367465,-203.70606031482794,-0.06692387690052226,False,False,,,False,False,,,False,False,False,,,15,10,,N2_absolute_trend_taa,N1_dual_momentum_taa,0,4541,deterministic_stratified_sample
evidence_core_combo,standard,90,2013-11-08,2014-03-20,3005.902736479794,0.0019675788265980376,3046.9752689472525,2803.4224946968584,-196.5775053031416,-0.06552583510104715,False,False,,,False,False,,,False,False,False,,,12,8,,N2_absolute_trend_taa,N1_dual_momentum_taa,0,4541,deterministic_stratified_sample
evidence_core_combo,standard,90,2013-11-13,2014-03-25,2981.842955850568,-0.006052348049810585,3046.9752689472525,2803.4224946968584,-196.5775053031416,-0.06552583510104715,False,False,,,False,False,,,False,False,False,,,12,8,,N2_absolute_trend_taa,N1_dual_momentum_taa,0,4541,deterministic_stratified_sample
evidence_core_combo,standard,90,2013-11-22,2014-04-03,3006.267985723258,0.002089328574419236,3046.9752689472525,2803.4224946968584,-196.5775053031416,-0.06552583510104715,False,False,,,False,False,,,False,False,False,,,14,11,,N2_absolute_trend_taa,N1_dual_momentum_taa,0,4541,deterministic_stratified_sample
evidence_core_combo,standard,90,2014-01-28,2014-06-05,3117.4337810822835,0.03914459369409462,3174.9549195648688,2933.8427974892415,-137.71331650201682,-0.04337488877507922,False,False,,,False,False,,,False,False,False,,,13,12,,N1_dual_momentum_taa,N2_absolute_trend_taa,0,4541,deterministic_stratified_sample
evidence_core_combo,standard,90,2014-02-04,2014-06-12,2998.384084765459,-0.0005386384115135812,3056.4000290432714,2921.154182679864,-135.2458463634075,-0.04425004746703354,False,False,,,False,False,,,False,False,False,,,11,9,,N2_absolute_trend_taa,N1_dual_momentum_taa,0,4541,deterministic_stratified_sample
evidence_core_combo,standard,90,2014-02-13,2014-06-23,3026.8552139006943,0.008951737966898188,3056.4000290432714,2921.154182679864,-135.2458463634075,-0.04425004746703354,False,False,,,False,False,,,False,False,False,,,11,9,,N2_absolute_trend_taa,N1_dual_momentum_taa,0,4541,deterministic_stratified_sample
evidence_core_combo,standard,90,2014-03-31,2014-08-06,2992.5180272381585,-0.0024939909206138644,3078.505136167473,2926.0027617635083,-94.78916605975473,-0.03137891265753556,False,False,,,False,False,,,False,False,False,,,14,11,,N2_absolute_trend_taa,N1_dual_momentum_taa,0,4541,deterministic_stratified_sample
evidence_core_combo,standard,90,2014-04-23,2014-08-28,3194.9313573696018,0.06497711912320048,3194.9313573696018,2985.8539680790764,-109.71586963313257,-0.034924945374461225,False,False,,,False,False,,,False,False,False,,,12,8,,N1_dual_momentum_taa,N2_absolute_trend_taa,0,4541,deterministic_stratified_sample
evidence_core_combo,standard,90,2014-05-30,2014-10-06,3083.596800953607,0.027865600317869,3191.0269176203565,2994.4691548881588,-120.03212620429167,-0.03761551666690521,False,False,,,False,False,,,False,False,False,,,15,10,,N1_dual_momentum_taa,N2_absolute_trend_taa,0,4541,deterministic_stratified_sample
evidence_core_combo,standard,90,2014-07-11,2014-11-14,3052.6627661850985,0.017554255395032747,3155.874367093008,2964.379523119035,-126.80253634472137,-0.0401798429198954,False,False,,,False,False,,,False,False,False,,,11,9,,N2_absolute_trend_taa,N1_dual_momentum_taa,0,4541,deterministic_stratified_sample
evidence_core_combo,standard,90,2014-07-31,2014-12-05,3201.9721109685306,0.06732403698951028,3201.9721109685306,2964.379523119035,-126.80253634472137,-0.0401798429198954,False,False,,,False,False,,,False,False,False,,,14,11,,N1_dual_momentum_taa,N2_absolute_trend_taa,0,4541,deterministic_stratified_sample
evidence_core_combo,standard,90,2014-08-08,2014-12-15,2947.733182831488,-0.01742227238950389,3022.1236427377303,2858.633165577903,-148.1087704076608,-0.04925889004142714,False,False,,,False,False,,,False,False,False,,,11,9,,N2_absolute_trend_taa,N1_dual_momentum_taa,0,4541,deterministic_stratified_sample
evidence_core_combo,standard,90,2014-09-29,2015-02-05,3062.0704558003818,0.020690151933460577,3111.166940242115,2910.183107332916,-89.81689266708418,-0.02993896422236142,False,False,,,False,False,,,False,False,False,,,14,11,,N1_dual_momentum_taa,N2_absolute_trend_taa,0,4541,deterministic_stratified_sample
evidence_core_combo,standard,90,2014-10-01,2015-02-09,3090.4622394082876,0.030154079802762634,3207.186790827118,3000.0,-116.72455141883029,-0.03639468451063543,False,False,,,False,False,,,False,False,False,,,11,9,,N1_dual_momentum_taa,N2_absolute_trend_taa,0,4541,deterministic_stratified_sample
evidence_core_combo,standard,90,2014-10-15,2015-02-24,3088.1078387435127,0.02936927958117086,3207.186790827118,3000.0,-119.07895208360515,-0.037128786020253934,False,False,,,False,False,,,False,False,False,,,11,9,,N1_dual_momentum_taa,N2_absolute_trend_taa,0,4541,deterministic_stratified_sample
evidence_core_combo,standard,90,2014-12-08,2015-04-17,2972.7091358978105,-0.009096954700729798,3110.244367387126,2934.4151794167274,-175.82918797039883,-0.056532274381421166,False,False,,,False,False,,,False,False,False,,,12,8,,N1_dual_momentum_taa,N2_absolute_trend_taa,0,4541,deterministic_stratified_sample
evidence_core_combo,standard,90,2014-12-15,2015-04-24,2971.826701328074,-0.009391099557308769,3110.244367387126,2934.4151794167274,-175.82918797039883,-0.056532274381421166,False,False,,,False,False,,,False,False,False,,,12,8,,N1_dual_momentum_taa,N2_absolute_trend_taa,0,4541,deterministic_stratified_sample
evidence_core_combo,standard,90,2015-02-10,2015-06-18,2976.2547445652826,-0.007915085144905798,3030.845436004387,2899.1207273511136,-117.90851715529061,-0.03908099908875129,False,False,,,False,False,,,False,False,False,,,12,8,,N1_dual_momentum_taa,N2_absolute_trend_taa,0,4541,deterministic_stratified_sample
evidence_core_combo,standard,90,2015-03-06,2015-07-14,3047.494358722158,0.015831452907385968,3066.7199895792332,2933.436123516751,-104.03447341631772,-0.03392369494764069,False,False,,,False,False,,,False,False,False,,,12,8,,N1_dual_momentum_taa,N2_absolute_trend_taa,0,4541,deterministic_stratified_sample
evidence_core_combo,standard,90,2015-04-14,2015-08-19,3000.092684187928,3.0894729309283164e-05,3102.3760755138323,2967.5425469460783,-105.2440595985895,-0.03392369494764058,False,False,,,False,False,,,False,False,False,,,12,8,,N1_dual_momentum_taa,N2_absolute_trend_taa,0,4541,deterministic_stratified_sample
evidence_core_combo,standard,90,2015-05-26,2015-09-30,2886.8982667162745,-0.037700577761241805,3000.0,2871.2534375425803,-128.7465624574197,-0.04291552081913985,False,False,,,False,False,,,False,False,False,,,12,7,,N2_absolute_trend_taa,N1_dual_momentum_taa,0,4541,deterministic_stratified_sample
evidence_core_combo,standard,90,2015-06-12,2015-10-19,2970.497686802622,-0.00983410439912602,3064.1794584962186,2953.266532984015,-110.9129255122034,-0.036196615444525904,False,False,,,False,False,,,False,False,False,,,12,6,,N2_absolute_trend_taa,N1_dual_momentum_taa,0,4541,deterministic_stratified_sample
evidence_core_combo,standard,90,2015-07-08,2015-11-11,2865.8699026484637,-0.04471003245051208,3000.0,2865.8699026484637,-134.13009735153628,-0.04471003245051208,False,False,,,False,False,,,False,False,False,,,12,6,,N2_absolute_trend_taa,N1_dual_momentum_taa,0,4541,deterministic_stratified_sample
evidence_core_combo,standard,90,2015-07-31,2015-12-07,2801.9560999913256,-0.06601463333622481,3000.0,2774.8851046064015,-225.11489539359854,-0.0750382984645328,False,False,,,False,False,,,False,False,False,,,15,8,,N2_absolute_trend_taa,N1_dual_momentum_taa,0,4541,deterministic_stratified_sample
evidence_core_combo,standard,90,2015-08-11,2015-12-16,2837.283106455534,-0.05423896451482202,3011.1519719538055,2837.283106455534,-173.8688654982716,-0.057741644100897216,False,False,,,False,False,,,False,False,False,,,12,6,,N2_absolute_trend_taa,N1_dual_momentum_taa,0,4541,deterministic_stratified_sample
evidence_core_combo,standard,90,2015-08-13,2015-12-18,2847.038307432942,-0.05098723085568602,3011.1519719538055,2837.283106455534,-173.8688654982716,-0.057741644100897216,False,False,,,False,False,,,False,False,False,,,12,6,,N2_absolute_trend_taa,N1_dual_momentum_taa,0,4541,deterministic_stratified_sample
evidence_core_combo,standard,90,2015-09-02,2016-01-11,2839.678892402232,-0.05344036919925599,3010.317882798298,2832.2712283560645,-178.04665444223338,-0.0591454661514772,False,False,,,False,False,,,False,False,False,,,12,6,,N2_absolute_trend_taa,N1_dual_momentum_taa,0,4541,deterministic_stratified_sample
evidence_core_combo,standard,90,2015-09-03,2016-01-12,2839.813204851508,-0.05339559838283059,3010.317882798298,2832.2712283560645,-178.04665444223338,-0.0591454661514772,False,False,,,False,False,,,False,False,False,,,12,6,,N2_absolute_trend_taa,N1_dual_momentum_taa,0,4541,deterministic_stratified_sample
evidence_core_combo,standard,90,2015-09-21,2016-01-28,2842.635518732058,-0.05245482708931404,3010.317882798298,2832.2712283560645,-178.04665444223338,-0.0591454661514772,False,False,,,False,False,,,False,False,False,,,12,6,,N2_absolute_trend_taa,N1_dual_momentum_taa,0,4541,deterministic_stratified_sample
evidence_core_combo,standard,90,2015-10-07,2016-02-16,2917.5704879087425,-0.027476504030419124,3009.7553178933317,2855.368095005643,-154.3872228876885,-0.05129560598160232,False,False,,,False,False,,,False,False,False,,,12,6,,N2_absolute_trend_taa,N1_dual_momentum_taa,0,4541,deterministic_stratified_sample
evidence_core_combo,standard,90,2015-10-28,2016-03-08,2937.19510631376,-0.020934964562079994,3009.7553178933317,2855.368095005643,-154.3872228876885,-0.05129560598160232,False,False,,,False,False,,,False,False,False,,,15,7,,N2_absolute_trend_taa,N1_dual_momentum_taa,0,4541,deterministic_stratified_sample
evidence_core_combo,standard,90,2015-11-13,2016-03-24,2956.9448980810494,-0.014351700639650189,3048.0216562982832,2931.536361210678,-103.53884276830468,-0.03396919524976372,False,False,,,False,False,,,False,False,False,,,12,5,,N2_absolute_trend_taa,N1_dual_momentum_taa,0,4541,deterministic_stratified_sample
evidence_core_combo,standard,90,2015-12-11,2016-04-21,3020.4488846427216,0.006816294880907181,3109.632165301504,2996.911440627441,-105.63170217807283,-0.03396919524976394,False,False,,,False,False,,,False,False,False,,,12,5,,N2_absolute_trend_taa,N1_dual_momentum_taa,0,4541,deterministic_stratified_sample
evidence_core_combo,standard,90,2015-12-30,2016-05-09,3011.5094014148835,0.0038364671382944415,3109.632165301504,2996.911440627441,-105.63170217807283,-0.03396919524976394,False,False,,,False,False,,,False,False,False,,,15,7,,N2_absolute_trend_taa,N1_dual_momentum_taa,0,4541,deterministic_stratified_sample
evidence_core_combo,standard,90,2016-01-07,2016-05-16,3018.2382900919974,0.006079430030665911,3107.354719043249,2995.5467218310137,-105.55433916145512,-0.03396919524976383,False,False,,,False,False,,,False,False,False,,,12,6,,N2_absolute_trend_taa,N1_dual_momentum_taa,0,4541,deterministic_stratified_sample
evidence_core_combo,standard,90,2016-01-19,2016-05-25,2962.4859693386143,-0.01250467688712853,3107.354719043249,2962.4859693386143,-144.86874970463487,-0.04662124630214082,False,False,,,False,False,,,False,False,False,,,12,6,,N2_absolute_trend_taa,N1_dual_momentum_taa,0,4541,deterministic_stratified_sample
evidence_core_combo,standard,90,2016-01-26,2016-06-02,2969.942812983664,-0.010019062338778584,3107.354719043249,2962.319428170761,-145.03529087248808,-0.046674842104008074,False,False,,,False,False,,,False,False,False,,,15,8,,N2_absolute_trend_taa,N1_dual_momentum_taa,0,4541,deterministic_stratified_sample
evidence_core_combo,standard,90,2016-02-09,2016-06-16,3030.454994535435,0.010151664845144959,3030.454994535435,2908.8618338641363,-103.76923254817939,-0.03444471966882956,False,False,,,False,False,,,False,False,False,,,12,7,,N2_absolute_trend_taa,N1_dual_momentum_taa,0,4541,deterministic_stratified_sample
evidence_core_combo,standard,90,2016-02-11,2016-06-20,3013.9568430937006,0.004652281031233496,3035.1137063615515,2908.8618338641363,-103.76923254817939,-0.03444471966882956,False,False,,,False,False,,,False,False,False,,,12,7,,N2_absolute_trend_taa,N1_dual_momentum_taa,0,4541,deterministic_stratified_sample
evidence_core_combo,standard,90,2016-03-01,2016-07-07,3112.1458393166336,0.03738194643887782,3137.66768683434,2925.6963498488,-104.36977836431788,-0.034444719668830004,False,False,,,False,False,,,False,False,False,,,12,8,,N2_absolute_trend_taa,N1_dual_momentum_taa,0,4541,deterministic_stratified_sample
evidence_core_combo,standard,90,2016-04-07,2016-08-12,3063.1398652684497,0.02104662175615002,3134.6643262709467,2922.8958872394314,-88.89069499367997,-0.028357324976938103,False,False,,,False,False,,,False,False,False,,,12,8,,N1_dual_momentum_taa,N2_absolute_trend_taa,0,4541,deterministic_stratified_sample
evidence_core_combo,standard,90,2016-05-10,2016-09-15,3124.8718597169177,0.04162395323897261,3217.1738851418277,2999.831349917356,-92.30202542490997,-0.0286904061515596,False,False,,,False,False,,,False,False,False,,,12,8,,N1_dual_momentum_taa,N2_absolute_trend_taa,0,4541,deterministic_stratified_sample
evidence_core_combo,standard,90,2016-06-13,2016-10-18,2853.4951943215665,-0.04883493522614446,3030.4983014503027,2849.1090276569585,-181.38927379334427,-0.059854603352371805,False,False,,,False,False,,,False,False,False,,,12,8,,N2_absolute_trend_taa,N1_dual_momentum_taa,0,4541,deterministic_stratified_sample
evidence_core_combo,standard,90,2016-06-23,2016-10-28,2844.829208181114,-0.05172359727296194,3030.4983014503027,2844.829208181114,-185.66909326918858,-0.06126685277478394,False,False,,,False,False,,,False,False,False,,,12,8,,N2_absolute_trend_taa,N1_dual_momentum_taa,0,4541,deterministic_stratified_sample
evidence_core_combo,standard,90,2016-07-13,2016-11-16,2859.9047402593023,-0.046698419913565936,3041.906838926693,2810.9900858968913,-230.91675302980184,-0.07591184255704508,False,False,,,False,False,,,False,False,False,,,12,8,,N1_dual_momentum_taa,N2_absolute_trend_taa,0,4541,deterministic_stratified_sample
evidence_core_combo,standard,90,2016-09-12,2017-01-19,2885.1675510279297,-0.038277482990690115,3000.0,2825.956044790233,-174.04395520976686,-0.05801465173658893,False,False,,,False,False,,,False,False,False,,,11,9,,N1_dual_momentum_taa,N2_absolute_trend_taa,0,4541,deterministic_stratified_sample
evidence_core_combo,standard,90,2016-09-13,2017-01-20,2898.521561152831,-0.03382614628238967,3000.0,2825.956044790233,-174.04395520976686,-0.05801465173658893,False,False,,,False,False,,,False,False,False,,,11,9,,N1_dual_momentum_taa,N2_absolute_trend_taa,0,4541,deterministic_stratified_sample
evidence_core_combo,standard,90,2016-11-10,2017-03-22,3064.9185037278203,0.021639501242606718,3097.2812131106125,2945.7054580406516,-54.29454195934841,-0.01809818065311608,False,False,,,False,False,,,False,False,False,,,9,11,,N1_dual_momentum_taa,N2_absolute_trend_taa,0,4541,deterministic_stratified_sample
evidence_core_combo,standard,90,2016-11-18,2017-03-30,3080.4289393572235,0.02680964645240791,3097.2812131106125,2945.7054580406516,-54.29454195934841,-0.01809818065311608,False,False,,,False,False,,,False,False,False,,,9,11,,N1_dual_momentum_taa,N2_absolute_trend_taa,0,4541,deterministic_stratified_sample
evidence_core_combo,standard,90,2016-11-29,2017-04-07,3053.6741119744374,0.017891370658145833,3097.2812131106125,2945.7054580406516,-54.29454195934841,-0.01809818065311608,False,False,,,False,False,,,False,False,False,,,12,13,,N1_dual_momentum_taa,N2_absolute_trend_taa,0,4541,deterministic_stratified_sample
evidence_core_combo,standard,90,2017-01-13,2017-05-23,3033.7653027513843,0.011255100917128003,3103.519167182667,2986.078171363122,-102.71371152333813,-0.0331511228243766,False,False,,,False,False,,,False,False,False,,,10,10,,N1_dual_momentum_taa,N2_absolute_trend_taa,0,4541,deterministic_stratified_sample
evidence_core_combo,standard,90,2017-01-26,2017-06-05,3067.644538923626,0.022548179641208588,3103.519167182667,2986.078171363122,-102.71371152333813,-0.0331511228243766,False,False,,,False,False,,,False,False,False,,,13,12,,N1_dual_momentum_taa,N2_absolute_trend_taa,0,4541,deterministic_stratified_sample
evidence_core_combo,standard,90,2017-02-02,2017-06-12,2949.0080725136145,-0.016997309162128493,3021.825957155277,2916.780801839466,-100.01000248976834,-0.0331511228243766,False,False,,,False,False,,,False,False,False,,,11,9,,N2_absolute_trend_taa,N1_dual_momentum_taa,0,4541,deterministic_stratified_sample
evidence_core_combo,standard,90,2017-02-16,2017-06-26,2939.191056087274,-0.02026964797090869,3021.825957155277,2916.780801839466,-100.01000248976834,-0.0331511228243766,False,False,,,False,False,,,False,False,False,,,11,9,,N2_absolute_trend_taa,N1_dual_momentum_taa,0,4541,deterministic_stratified_sample
evidence_core_combo,standard,90,2017-02-17,2017-06-27,2941.399869803622,-0.019533376732125962,3021.825957155277,2916.780801839466,-100.01000248976834,-0.0331511228243766,False,False,,,False,False,,,False,False,False,,,11,9,,N2_absolute_trend_taa,N1_dual_momentum_taa,0,4541,deterministic_stratified_sample
evidence_core_combo,standard,90,2017-03-17,2017-07-25,3034.1305158531723,0.011376838617723983,3042.6143616858653,2894.335247910217,-126.48274629927255,-0.04187036310751702,False,False,,,False,False,,,False,False,False,,,11,9,,N2_absolute_trend_taa,N1_dual_momentum_taa,0,4541,deterministic_stratified_sample
evidence_core_combo,standard,90,2017-05-08,2017-09-13,3035.787236036204,0.011929078678734717,3106.023896085263,2940.478312588777,-121.78690610934018,-0.03977020192951031,False,False,,,False,False,,,False,False,False,,,12,8,,N2_absolute_trend_taa,N1_dual_momentum_taa,0,4541,deterministic_stratified_sample
evidence_core_combo,standard,90,2017-05-17,2017-09-22,3048.7992198528955,0.0162664066176319,3106.023896085263,2940.478312588777,-121.78690610934018,-0.03977020192951031,False,False,,,False,False,,,False,False,False,,,12,8,,N1_dual_momentum_taa,N2_absolute_trend_taa,0,4541,deterministic_stratified_sample
evidence_core_combo,standard,90,2017-07-19,2017-11-22,3051.2209260058057,0.017073642001935285,3086.270407336021,2911.50998730975,-101.5841358972425,-0.03371422588987072,False,False,,,False,False,,,False,False,False,,,12,8,,N1_dual_momentum_taa,N2_absolute_trend_taa,0,4541,deterministic_stratified_sample
evidence_core_combo,standard,90,2017-07-21,2017-11-27,3058.1657186192992,0.019388572873099807,3086.270407336021,2911.50998730975,-101.5841358972425,-0.03371422588987072,False,False,,,False,False,,,False,False,False,,,12,8,,N1_dual_momentum_taa,N2_absolute_trend_taa,0,4541,deterministic_stratified_sample
evidence_core_combo,standard,90,2017-07-26,2017-11-30,3037.419261847105,0.0124730872823684,3086.270407336021,2911.50998730975,-101.5841358972425,-0.03371422588987072,False,False,,,False,False,,,False,False,False,,,12,8,,N1_dual_momentum_taa,N2_absolute_trend_taa,0,4541,deterministic_stratified_sample
evidence_core_combo,standard,90,2017-08-09,2017-12-14,3089.8662238474594,0.02995540794915308,3150.1100452542514,2971.7346983212547,-101.2204238554973,-0.03213234534710596,False,False,,,False,False,,,False,False,False,,,12,8,,N1_dual_momentum_taa,N2_absolute_trend_taa,0,4541,deterministic_stratified_sample
evidence_core_combo,standard,90,2017-08-16,2017-12-21,3148.155872541163,0.04938529084705423,3166.2052185219136,2971.7346983212547,-101.2204238554973,-0.03213234534710596,False,False,,,False,False,,,False,False,False,,,12,8,,N1_dual_momentum_taa,N2_absolute_trend_taa,0,4541,deterministic_stratified_sample
evidence_core_combo,standard,90,2017-09-18,2018-01-25,3263.027365130744,0.08767578837691459,3275.914284373974,3000.0,-102.14499817844217,-0.03213234534710596,False,False,,,False,False,,,False,False,False,,,11,9,,N1_dual_momentum_taa,N2_absolute_trend_taa,0,4541,deterministic_stratified_sample
evidence_core_combo,standard,90,2017-10-11,2018-02-20,3054.3157049257384,0.018105234975246187,3163.4534666892805,2921.9380083272977,-109.13776176354213,-0.034499562871003864,False,False,,,False,False,,,False,False,False,,,11,9,,N1_dual_momentum_taa,N2_absolute_trend_taa,0,4541,deterministic_stratified_sample
evidence_core_combo,standard,90,2017-10-27,2018-03-08,3090.712114251459,0.03023737141715288,3163.4534666892805,2921.9380083272977,-129.6840301832426,-0.04099444848764089,False,False,,,False,False,,,False,False,False,,,12,13,,N1_dual_momentum_taa,N2_absolute_trend_taa,0,4541,deterministic_stratified_sample
evidence_core_combo,standard,90,2017-11-16,2018-03-28,3096.6445075807032,0.032214835860234325,3191.325877596736,2947.6824858964405,-130.8266442964159,-0.04099444848764122,False,False,,,False,False,,,False,False,False,,,9,11,,N1_dual_momentum_taa,N2_absolute_trend_taa,0,4541,deterministic_stratified_sample
evidence_core_combo,standard,90,2017-12-14,2018-04-25,3007.8404760059293,0.0026134920019764696,3158.46360288697,3000.0,-150.62312688104066,-0.04768873282040187,False,False,,,False,False,,,False,False,False,,,7,13,,N2_absolute_trend_taa,N1_dual_momentum_taa,0,4541,deterministic_stratified_sample
evidence_core_combo,standard,90,2017-12-29,2018-05-09,3075.48777465349,0.025162591551163294,3158.46360288697,3000.0,-150.62312688104066,-0.04768873282040187,False,False,,,False,False,,,False,False,False,,,8,17,,N1_dual_momentum_taa,N2_absolute_trend_taa,0,4541,deterministic_stratified_sample
evidence_core_combo,standard,90,2018-01-22,2018-05-30,2964.9563221941894,-0.011681225935270212,3007.32348888827,2885.930626797477,-121.39286209079273,-0.04036574799462911,False,False,,,False,False,,,False,False,False,,,5,15,,N1_dual_momentum_taa,N1_dual_momentum_taa,0,4541,deterministic_stratified_sample
evidence_core_combo,standard,90,2018-03-21,2018-07-27,3132.946388289798,0.044315462763266034,3213.416990557241,2944.2859033743844,-85.0384494407308,-0.028071754469509158,False,False,,,False,False,,,False,False,False,,,7,13,,N1_dual_momentum_taa,N2_absolute_trend_taa,0,4541,deterministic_stratified_sample
evidence_core_combo,standard,90,2018-03-22,2018-07-30,3129.7176994865113,0.04323923316217049,3213.416990557241,2944.2859033743844,-85.0384494407308,-0.028071754469509158,False,False,,,False,False,,,False,False,False,,,7,13,,N1_dual_momentum_taa,N2_absolute_trend_taa,0,4541,deterministic_stratified_sample
evidence_core_combo,standard,90,2018-04-17,2018-08-22,3237.552171326225,0.07918405710874166,3250.4230896750687,3000.0,-76.39326110319917,-0.023502559204019113,False,False,,,False,False,,,False,False,False,,,7,13,,N1_dual_momentum_taa,N2_absolute_trend_taa,0,4541,deterministic_stratified_sample
evidence_core_combo,standard,90,2018-05-09,2018-09-14,3192.466915755164,0.06415563858505458,3242.026585118404,2966.155903319113,-82.78589277625133,-0.026046819107723662,False,False,,,False,False,,,False,False,False,,,10,10,,N1_dual_momentum_taa,N2_absolute_trend_taa,0,4541,deterministic_stratified_sample
evidence_core_combo,standard,90,2018-05-23,2018-09-28,3187.5874035264187,0.06252913450880615,3242.026585118404,2966.155903319113,-82.78589277625133,-0.026046819107723662,False,False,,,False,False,,,False,False,False,,,10,10,,N1_dual_momentum_taa,N2_absolute_trend_taa,0,4541,deterministic_stratified_sample
evidence_core_combo,standard,90,2018-06-08,2018-10-15,3144.9778799230917,0.04832595997436395,3279.018390257835,3000.0,-134.04051033474343,-0.04087824293178288,False,False,,,False,False,,,False,False,False,,,11,9,,N1_dual_momentum_taa,N2_absolute_trend_taa,0,4541,deterministic_stratified_sample
evidence_core_combo,standard,90,2018-07-25,2018-11-29,3008.34429866347,0.0027814328878232875,3135.1576751298726,3000.0,-132.17362677637948,-0.04215852613247095,False,False,,,False,False,,,False,False,False,,,12,7,,N1_dual_momentum_taa,N2_absolute_trend_taa,0,4541,deterministic_stratified_sample
evidence_core_combo,standard,90,2018-08-24,2019-01-03,2851.0591360391777,-0.04964695465360747,3001.0742262076074,2813.9000321714993,-187.17419403610802,-0.062369065183914496,False,False,,,False,False,,,False,False,False,,,15,8,,N2_absolute_trend_taa,N1_dual_momentum_taa,0,4541,deterministic_stratified_sample
evidence_core_combo,standard,90,2018-09-13,2019-01-23,2855.190492231387,-0.04826983592287104,3000.0,2842.5260467863804,-157.47395321361955,-0.05249131773787319,False,False,,,False,False,,,False,False,False,,,12,6,,N2_absolute_trend_taa,N1_dual_momentum_taa,0,4541,deterministic_stratified_sample
evidence_core_combo,standard,90,2018-09-24,2019-02-01,2871.700168034322,-0.04276661065522602,3000.0,2842.5260467863804,-157.47395321361955,-0.05249131773787319,False,False,,,False,False,,,False,False,False,,,15,7,,N2_absolute_trend_taa,N1_dual_momentum_taa,0,4541,deterministic_stratified_sample
evidence_core_combo,standard,90,2018-10-25,2019-03-07,2913.427475748583,-0.028857508083805605,3001.7929756239682,2909.990321502807,-91.80265412116114,-0.030582606750913066,False,False,,,False,False,,,False,False,False,,,15,7,,N2_absolute_trend_taa,N1_dual_momentum_taa,0,4541,deterministic_stratified_sample
evidence_core_combo,standard,90,2018-11-12,2019-03-25,2962.5768106017704,-0.01247439646607651,3000.0,2909.508800807561,-90.49119919243913,-0.030163733064146325,False,False,,,False,False,,,False,False,False,,,12,6,,N2_absolute_trend_taa,N1_dual_momentum_taa,0,4541,deterministic_stratified_sample
evidence_core_combo,standard,90,2018-11-16,2019-03-29,2941.0828142496284,-0.019639061916790546,3000.0,2909.508800807561,-90.49119919243913,-0.030163733064146325,False,False,,,False,False,,,False,False,False,,,12,6,,N2_absolute_trend_taa,N1_dual_momentum_taa,0,4541,deterministic_stratified_sample
evidence_core_combo,standard,90,2018-11-23,2019-04-04,2940.0541056510033,-0.01998196478299885,3000.0,2909.508800807561,-90.49119919243913,-0.030163733064146325,False,False,,,False,False,,,False,False,False,,,15,8,,N2_absolute_trend_taa,N1_dual_momentum_taa,0,4541,deterministic_stratified_sample
evidence_core_combo,standard,90,2018-12-11,2019-04-22,3022.4581629903773,0.007486054330125835,3038.2098334368775,2967.246459335196,-70.96337410168144,-0.023356969397142158,False,False,,,False,False,,,False,False,False,,,12,6,,N1_dual_momentum_taa,N2_absolute_trend_taa,0,4541,deterministic_stratified_sample
evidence_core_combo,standard,90,2018-12-28,2019-05-08,2988.3389919383344,-0.0038870026872218633,3068.268195643361,2967.246459335196,-79.9292037050268,-0.026050266341944406,False,False,,,False,False,,,False,False,False,,,15,8,,N1_dual_momentum_taa,N2_absolute_trend_taa,0,4541,deterministic_stratified_sample
evidence_core_combo,standard,90,2019-01-16,2019-05-24,2967.405157185053,-0.010864947604982245,3046.7744429065997,2946.460381443916,-79.36928572154648,-0.026050266341944517,False,False,,,False,False,,,False,False,False,,,12,7,,N1_dual_momentum_taa,N2_absolute_trend_taa,0,4541,deterministic_stratified_sample
evidence_core_combo,standard,90,2019-02-04,2019-06-12,2982.2249974367046,-0.005925000854431817,3073.4736458354914,2972.2805217661717,-98.16995399990128,-0.031941043038686834,False,False,,,False,False,,,False,False,False,,,12,7,,N1_dual_momentum_taa,N2_absolute_trend_taa,0,4541,deterministic_stratified_sample
evidence_core_combo,standard,90,2019-02-07,2019-06-17,2996.835432048441,-0.0010548559838530203,3073.4736458354914,2972.2805217661717,-98.16995399990128,-0.031941043038686834,False,False,,,False,False,,,False,False,False,,,12,7,,N1_dual_momentum_taa,N2_absolute_trend_taa,0,4541,deterministic_stratified_sample
evidence_core_combo,standard,90,2019-03-04,2019-07-10,2955.7612625622887,-0.014746245812570447,3067.8343502246466,2949.7464979140027,-118.08785231064394,-0.03849225180688021,False,False,,,False,False,,,False,False,False,,,11,8,,N2_absolute_trend_taa,N1_dual_momentum_taa,0,4541,deterministic_stratified_sample
evidence_core_combo,standard,90,2019-04-23,2019-08-28,2838.8278082009074,-0.05372406393303086,3000.0,2799.80246722176,-200.1975327782402,-0.06673251092608001,False,False,,,False,False,,,False,False,False,,,11,8,,N2_absolute_trend_taa,N1_dual_momentum_taa,0,4541,deterministic_stratified_sample
evidence_core_combo,standard,90,2019-05-03,2019-09-10,2836.1025829194296,-0.0546324723601902,3026.764408343885,2836.1025829194296,-190.6618254244554,-0.06299196095304205,False,False,,,False,False,,,False,False,False,,,11,8,,N2_absolute_trend_taa,N1_dual_momentum_taa,0,4541,deterministic_stratified_sample
evidence_core_combo,standard,90,2019-07-08,2019-11-11,2854.4845170108247,-0.048505160996391794,3000.0,2854.090911440485,-145.9090885595151,-0.048636362853171744,False,False,,,False,False,,,False,False,False,,,12,8,,N2_absolute_trend_taa,N1_dual_momentum_taa,0,4541,deterministic_stratified_sample
evidence_core_combo,standard,90,2019-07-11,2019-11-14,2856.890714742488,-0.047703095085837366,3000.0,2854.090911440485,-145.9090885595151,-0.048636362853171744,False,False,,,False,False,,,False,False,False,,,12,8,,N2_absolute_trend_taa,N1_dual_momentum_taa,0,4541,deterministic_stratified_sample
evidence_core_combo,standard,90,2019-09-06,2020-01-14,2880.278240489389,-0.039907253170203605,3059.7883530469867,2874.0929825187877,-185.69537052819896,-0.06068895920310324,False,False,,,False,False,,,False,False,False,,,12,8,,N2_absolute_trend_taa,N1_dual_momentum_taa,0,4541,deterministic_stratified_sample
evidence_core_combo,standard,90,2019-09-27,2020-02-05,2959.5002811625513,-0.013499906279149543,3059.7883530469867,2874.0929825187877,-185.69537052819896,-0.06068895920310324,False,False,,,False,False,,,False,False,False,,,15,10,,N2_absolute_trend_taa,N1_dual_momentum_taa,0,4541,deterministic_stratified_sample
evidence_core_combo,standard,90,2019-10-24,2020-03-04,2937.595908504798,-0.020801363831734032,3073.95013993347,2874.6600770257282,-199.29006290774169,-0.06483191133088939,False,False,,,False,False,,,False,False,False,,,16,8,,N2_absolute_trend_taa,N1_dual_momentum_taa,0,4541,deterministic_stratified_sample
evidence_core_combo,standard,90,2019-11-06,2020-03-17,2943.2696009770657,-0.01891013300764477,3109.9806229040137,2880.6505965988817,-199.705364540142,-0.0648319113308895,False,False,,,False,False,,,False,False,False,,,12,7,,N2_absolute_trend_taa,N1_dual_momentum_taa,0,4541,deterministic_stratified_sample
evidence_core_combo,standard,90,2019-12-13,2020-04-23,3126.171911245787,0.04205730374859584,3174.231308898564,2940.163435868363,-203.83118017191737,-0.0648319113308895,False,False,,,False,False,,,False,False,False,,,10,8,,N1_dual_momentum_taa,N2_absolute_trend_taa,0,4541,deterministic_stratified_sample
evidence_core_combo,standard,90,2020-01-08,2020-05-15,3061.4842400627167,0.02049474668757223,3233.5423023098683,2995.1008355733197,-214.35891170811374,-0.06629228618873717,False,False,,,False,False,,,False,False,False,,,11,6,,N1_dual_momentum_taa,N2_absolute_trend_taa,0,4541,deterministic_stratified_sample
evidence_core_combo,standard,90,2020-03-05,2020-07-13,3126.416997571767,0.042138999190588944,3149.0661831218467,3000.0,-114.42067424736024,-0.03665061985460605,False,False,,,False,False,,,False,False,False,,,10,8,,N1_dual_momentum_taa,N2_absolute_trend_taa,0,4541,deterministic_stratified_sample
evidence_core_combo,standard,90,2020-03-11,2020-07-17,3134.6258497814497,0.04487528326048329,3149.0661831218467,3000.0,-114.42067424736024,-0.03665061985460605,False,False,,,False,False,,,False,False,False,,,10,8,,N1_dual_momentum_taa,N2_absolute_trend_taa,0,4541,deterministic_stratified_sample
evidence_core_combo,standard,90,2020-03-27,2020-08-04,3251.3627227008606,0.08378757423362027,3251.3627227008606,3000.0,-114.42067424736024,-0.03665061985460605,False,False,,,False,False,,,False,False,False,,,13,10,,N2_absolute_trend_taa,N1_dual_momentum_taa,0,4541,deterministic_stratified_sample
evidence_core_combo,standard,90,2020-04-08,2020-08-14,3100.539021718373,0.033513007239457604,3210.2555734881544,2931.2257281787415,-141.76575797089754,-0.0441602715813868,False,False,,,False,False,,,False,False,False,,,12,7,,N2_absolute_trend_taa,N1_dual_momentum_taa,0,4541,deterministic_stratified_sample
evidence_core_combo,standard,90,2020-04-15,2020-08-20,3142.1379115344225,0.047379303844807596,3210.2555734881544,2931.2257281787415,-141.76575797089754,-0.0441602715813868,False,False,,,False,False,,,False,False,False,,,12,7,,N2_absolute_trend_taa,N1_dual_momentum_taa,0,4541,deterministic_stratified_sample
evidence_core_combo,standard,90,2020-05-01,2020-09-08,3214.009400921561,0.07133646697385365,3275.07932984499,2962.4501210890066,-143.27589404999526,-0.04416027158138658,False,False,,,False,False,,,False,False,False,,,11,9,,N2_absolute_trend_taa,N1_dual_momentum_taa,0,4541,deterministic_stratified_sample
evidence_core_combo,standard,90,2020-05-05,2020-09-10,3220.8616367532795,0.07362054558442654,3275.07932984499,2962.4501210890066,-143.27589404999526,-0.04416027158138658,False,False,,,False,False,,,False,False,False,,,11,9,,N2_absolute_trend_taa,N1_dual_momentum_taa,0,4541,deterministic_stratified_sample
evidence_core_combo,standard,90,2020-05-19,2020-09-24,3179.74866858186,0.05991622286062004,3275.07932984499,2962.4501210890066,-143.27589404999526,-0.04416027158138658,False,False,,,False,False,,,False,False,False,,,11,9,,N1_dual_momentum_taa,N2_absolute_trend_taa,0,4541,deterministic_stratified_sample
evidence_core_combo,standard,90,2020-05-22,2020-09-29,3195.854166254409,0.06528472208480296,3275.07932984499,2962.4501210890066,-143.27589404999526,-0.04416027158138658,False,False,,,False,False,,,False,False,False,,,11,9,,N1_dual_momentum_taa,N2_absolute_trend_taa,0,4541,deterministic_stratified_sample
evidence_core_combo,standard,90,2020-06-04,2020-10-09,3287.949832549136,0.0959832775163787,3287.949832549136,3000.0,-143.54194326864535,-0.04416027158138647,False,False,,,False,False,,,False,False,False,,,9,11,,N2_absolute_trend_taa,N1_dual_momentum_taa,0,4541,deterministic_stratified_sample
evidence_core_combo,standard,90,2020-08-03,2020-12-08,3098.0360443819945,0.03267868146066477,3098.0360443819945,2892.5726066350007,-135.5771816191027,-0.044772283770437404,False,False,,,False,False,,,False,False,False,,,6,14,,N1_dual_momentum_taa,N2_absolute_trend_taa,0,4541,deterministic_stratified_sample
evidence_core_combo,standard,90,2020-08-05,2020-12-10,3056.6984956794904,0.018899498559830086,3098.0360443819945,2892.5726066350007,-135.5771816191027,-0.044772283770437404,False,False,,,False,False,,,False,False,False,,,6,14,,N1_dual_momentum_taa,N2_absolute_trend_taa,0,4541,deterministic_stratified_sample
evidence_core_combo,standard,90,2020-08-11,2020-12-16,3056.6984956794904,0.018899498559830086,3098.0360443819945,2892.5726066350007,-135.5771816191027,-0.044772283770437404,False,False,,,False,False,,,False,False,False,,,6,14,,N1_dual_momentum_taa,N2_absolute_trend_taa,0,4541,deterministic_stratified_sample
evidence_core_combo,standard,90,2020-09-28,2021-02-04,3232.646687381781,0.07754889579392699,3245.7980382175206,3000.0,-87.98731005525406,-0.027642982604746735,False,False,,,False,False,,,False,False,False,,,6,19,,N1_dual_momentum_taa,N2_absolute_trend_taa,0,4541,deterministic_stratified_sample
evidence_core_combo,standard,90,2020-10-05,2021-02-11,3254.7620519684374,0.08492068398947916,3265.389261446499,2991.1498946489846,-87.27445808161747,-0.027642982604746735,False,False,,,False,False,,,False,False,False,,,5,15,,N1_dual_momentum_taa,N1_dual_momentum_taa,0,4541,deterministic_stratified_sample
evidence_core_combo,standard,90,2020-10-27,2021-03-08,3136.499217729835,0.045499739243278325,3265.389261446499,2991.1498946489846,-128.89004371666397,-0.0394715708900103,False,False,,,False,False,,,False,False,False,,,6,19,,N1_dual_momentum_taa,N1_dual_momentum_taa,0,4541,deterministic_stratified_sample
evidence_core_combo,standard,90,2020-12-04,2021-04-15,3008.0214743326633,0.002673824777554401,3144.762250710137,2956.5203360647015,-160.75646343234166,-0.051118797103355096,False,False,,,False,False,,,False,False,False,,,5,15,,N1_dual_momentum_taa,N1_dual_momentum_taa,0,4541,deterministic_stratified_sample
evidence_core_combo,standard,90,2021-01-15,2021-05-25,2844.0392163171086,-0.05198692789429715,3115.842891120931,2844.0392163171086,-271.80367480382256,-0.08723279199293665,False,False,,,False,False,,,False,False,False,,,5,15,,N2_absolute_trend_taa,N1_dual_momentum_taa,0,4541,deterministic_stratified_sample
evidence_core_combo,standard,90,2021-02-08,2021-06-16,2793.709459395399,-0.0687635135348671,3013.300696955238,2773.442331265288,-239.85836568995,-0.07959987728151818,False,False,,,False,False,,,False,False,False,,,5,15,,N2_absolute_trend_taa,N1_dual_momentum_taa,0,4541,deterministic_stratified_sample
evidence_core_combo,standard,90,2021-03-02,2021-07-08,2801.0570972000264,-0.06631430093332458,3024.468998118832,2801.0570972000264,-223.4119009188057,-0.07386814050921475,False,False,,,False,False,,,False,False,False,,,6,14,,N2_absolute_trend_taa,N1_dual_momentum_taa,0,4541,deterministic_stratified_sample
evidence_core_combo,standard,90,2021-03-24,2021-07-30,2801.0570972000264,-0.06631430093332458,3024.468998118832,2801.0570972000264,-223.4119009188057,-0.07386814050921475,False,False,,,False,False,,,False,False,False,,,6,14,,N2_absolute_trend_taa,N1_dual_momentum_taa,0,4541,deterministic_stratified_sample
evidence_core_combo,standard,90,2021-04-07,2021-08-12,2878.9642108446287,-0.040345263051790425,3000.0,2873.308212415703,-126.69178758429689,-0.042230595861432296,False,False,,,False,False,,,False,False,False,,,7,13,,N2_absolute_trend_taa,N1_dual_momentum_taa,0,4541,deterministic_stratified_sample
evidence_core_combo,standard,90,2021-04-09,2021-08-16,2885.5094011632477,-0.038163532945584056,3000.0,2873.308212415703,-126.69178758429689,-0.042230595861432296,False,False,,,False,False,,,False,False,False,,,7,13,,N2_absolute_trend_taa,N1_dual_momentum_taa,0,4541,deterministic_stratified_sample
evidence_core_combo,standard,90,2021-06-10,2021-10-15,2905.6132633664715,-0.03146224554450949,3007.608169039312,2801.722347958056,-205.88582108125593,-0.06845500128662696,False,False,,,False,False,,,False,False,False,,,9,11,,N2_absolute_trend_taa,N1_dual_momentum_taa,0,4541,deterministic_stratified_sample
evidence_core_combo,standard,90,2021-06-23,2021-10-28,2931.1016887578826,-0.022966103747372513,3007.608169039312,2801.722347958056,-205.88582108125593,-0.06845500128662696,False,False,,,False,False,,,False,False,False,,,9,11,,N2_absolute_trend_taa,N1_dual_momentum_taa,0,4541,deterministic_stratified_sample
evidence_core_combo,standard,90,2021-08-11,2021-12-16,2945.4545101548774,-0.01818182994837414,3089.7670844138247,2905.536691894928,-150.41442279495323,-0.04868147620372787,False,False,,,False,False,,,False,False,False,,,9,11,,N1_dual_momentum_taa,N2_absolute_trend_taa,0,4541,deterministic_stratified_sample
evidence_core_combo,standard,90,2021-08-31,2022-01-06,2885.6662602885835,-0.03811124657047216,3089.7670844138247,2871.8746564312723,-217.89242798255236,-0.07052066451277184,False,False,,,False,False,,,False,False,False,,,11,14,,N1_dual_momentum_taa,N2_absolute_trend_taa,0,4541,deterministic_stratified_sample
evidence_core_combo,standard,90,2021-09-10,2022-01-18,2905.965583681829,-0.031344805439390444,3190.219995878364,2905.965583681829,-284.2544121965352,-0.08910182136773659,False,False,,,False,False,,,False,False,False,,,8,12,,N2_absolute_trend_taa,N1_dual_momentum_taa,0,4541,deterministic_stratified_sample
evidence_core_combo,standard,90,2021-10-11,2022-02-16,2874.9853726012943,-0.04167154246623528,3054.8260073372135,2782.635446121937,-272.1905612152764,-0.08910182136773659,False,False,,,False,False,,,False,False,False,,,9,11,,N2_absolute_trend_taa,N1_dual_momentum_taa,0,4541,deterministic_stratified_sample
evidence_core_combo,standard,90,2021-11-10,2022-03-21,2889.6046169247697,-0.03679846102507678,3000.0,2787.1114794465457,-212.88852055345433,-0.07096284018448473,False,False,,,False,False,,,False,False,False,,,10,9,,N2_absolute_trend_taa,N1_dual_momentum_taa,0,4541,deterministic_stratified_sample
evidence_core_combo,standard,90,2021-11-24,2022-04-04,2899.226923691137,-0.03359102543628767,3000.0,2787.1114794465457,-212.88852055345433,-0.07096284018448473,False,False,,,False,False,,,False,False,False,,,13,11,,N2_absolute_trend_taa,N1_dual_momentum_taa,0,4541,deterministic_stratified_sample
evidence_core_combo,standard,90,2021-11-29,2022-04-06,2926.792717666162,-0.02440242744461274,3000.0,2787.1114794465457,-212.88852055345433,-0.07096284018448473,False,False,,,False,False,,,False,False,False,,,13,11,,N2_absolute_trend_taa,N1_dual_momentum_taa,0,4541,deterministic_stratified_sample
evidence_core_combo,standard,90,2021-12-10,2022-04-20,3041.2696358940516,0.013756545298017286,3041.2696358940516,2884.851846674786,-116.1324270953296,-0.03869811251940791,False,False,,,False,False,,,False,False,False,,,11,8,,N2_absolute_trend_taa,N1_dual_momentum_taa,0,4541,deterministic_stratified_sample
evidence_core_combo,standard,90,2022-02-04,2022-06-14,2987.486936603206,-0.004171021132264752,3089.4138916033903,2987.486936603206,-101.92695500018453,-0.032992327534102306,False,False,,,False,False,,,False,False,False,,,12,5,,N1_dual_momentum_taa,N2_absolute_trend_taa,0,4541,deterministic_stratified_sample
evidence_core_combo,standard,90,2022-02-15,2022-06-24,2987.486936603206,-0.004171021132264752,3089.4138916033903,2987.486936603206,-101.92695500018453,-0.032992327534102306,False,False,,,False,False,,,False,False,False,,,12,5,,N1_dual_momentum_taa,N2_absolute_trend_taa,0,4541,deterministic_stratified_sample
evidence_core_combo,standard,90,2022-02-22,2022-06-30,2987.486936603206,-0.004171021132264752,3089.4138916033903,2987.486936603206,-101.92695500018453,-0.032992327534102306,False,False,,,False,False,,,False,False,False,,,12,5,,N1_dual_momentum_taa,N2_absolute_trend_taa,0,4541,deterministic_stratified_sample
evidence_core_combo,standard,90,2022-03-01,2022-07-08,2942.028916780886,-0.019323694406371383,3050.482821138931,2942.028916780886,-108.45390435804484,-0.035553029050513496,False,False,,,False,False,,,False,False,False,,,13,4,,N1_dual_momentum_taa,N2_absolute_trend_taa,0,4541,deterministic_stratified_sample
evidence_core_combo,standard,90,2022-03-11,2022-07-20,2940.038045001341,-0.01998731833288636,3050.482821138931,2940.038045001341,-110.44477613759,-0.03620567058179802,False,False,,,False,False,,,False,False,False,,,13,4,,N1_dual_momentum_taa,N2_absolute_trend_taa,0,4541,deterministic_stratified_sample
evidence_core_combo,standard,90,2022-03-16,2022-07-25,2945.299493697854,-0.018233502100715393,3050.482821138931,2940.038045001341,-110.44477613759,-0.03620567058179802,False,False,,,False,False,,,False,False,False,,,13,4,,N1_dual_momentum_taa,N2_absolute_trend_taa,0,4541,deterministic_stratified_sample
evidence_core_combo,standard,90,2022-03-22,2022-07-29,2948.9964744862955,-0.017001175171234784,3050.482821138931,2940.038045001341,-110.44477613759,-0.03620567058179802,False,False,,,False,False,,,False,False,False,,,13,4,,N1_dual_momentum_taa,N2_absolute_trend_taa,0,4541,deterministic_stratified_sample
evidence_core_combo,standard,90,2022-04-21,2022-08-29,2950.9913528424668,-0.01633621571917776,3012.6971451471445,2950.9913528424668,-61.70579230467774,-0.020481910172774453,False,False,,,False,False,,,False,False,False,,,12,4,,N2_absolute_trend_taa,N1_dual_momentum_taa,0,4541,deterministic_stratified_sample
evidence_core_combo,standard,90,2022-05-05,2022-09-13,2955.925403237668,-0.014691532254110684,3000.0,2955.925403237668,-44.07459676233202,-0.014691532254110684,False,False,,,False,False,,,False,False,False,,,12,4,,N2_absolute_trend_taa,N1_dual_momentum_taa,0,4541,deterministic_stratified_sample
evidence_core_combo,standard,90,2022-05-09,2022-09-15,2954.8537649550112,-0.015048745014996312,3000.0,2954.271617882893,-45.728382117106776,-0.015242794039035612,False,False,,,False,False,,,False,False,False,,,12,4,,N2_absolute_trend_taa,N1_dual_momentum_taa,0,4541,deterministic_stratified_sample
evidence_core_combo,standard,90,2022-05-25,2022-10-03,2953.089627234164,-0.015636790921945365,3000.0,2953.089627234164,-46.9103727658362,-0.015636790921945365,False,False,,,False,False,,,False,False,False,,,15,5,,N2_absolute_trend_taa,N1_dual_momentum_taa,0,4541,deterministic_stratified_sample
evidence_core_combo,standard,90,2022-06-13,2022-10-19,2957.1403301254995,-0.014286556624833469,3002.3048429373816,2957.1403301254995,-45.164512811882105,-0.015043280137967074,False,False,,,False,False,,,False,False,False,,,12,4,,N2_absolute_trend_taa,N1_dual_momentum_taa,0,4541,deterministic_stratified_sample
evidence_core_combo,standard,90,2022-06-30,2022-11-04,2953.824601521242,-0.015391799492919245,3002.3048429373816,2952.5096276994764,-49.79521523790527,-0.0165856626301768,False,False,,,False,False,,,False,False,False,,,15,5,,N2_absolute_trend_taa,N1_dual_momentum_taa,0,4541,deterministic_stratified_sample
evidence_core_combo,standard,90,2022-07-19,2022-11-22,2961.5774872266256,-0.012807504257791424,3003.794257154006,2953.974338994387,-49.81991815961919,-0.01658566263017691,False,False,,,False,False,,,False,False,False,,,12,4,,N1_dual_momentum_taa,N2_absolute_trend_taa,0,4541,deterministic_stratified_sample
evidence_core_combo,standard,90,2022-07-26,2022-11-30,2966.109999821081,-0.011296666726306248,3003.794257154006,2953.974338994387,-49.81991815961919,-0.01658566263017691,False,False,,,False,False,,,False,False,False,,,12,4,,N1_dual_momentum_taa,N2_absolute_trend_taa,0,4541,deterministic_stratified_sample
evidence_core_combo,standard,90,2022-08-04,2022-12-09,2910.9578670192614,-0.029680710993579495,3001.180059627013,2897.7996482696954,-103.38041135731783,-0.03444658744339579,False,False,,,False,False,,,False,False,False,,,11,6,,N2_absolute_trend_taa,N1_dual_momentum_taa,0,4541,deterministic_stratified_sample
evidence_core_combo,standard,90,2022-08-23,2022-12-29,2921.5674665897577,-0.026144177803414048,3001.180059627013,2897.7996482696954,-103.38041135731783,-0.03444658744339579,False,False,,,False,False,,,False,False,False,,,11,6,,N2_absolute_trend_taa,N1_dual_momentum_taa,0,4541,deterministic_stratified_sample
evidence_core_combo,standard,90,2022-09-09,2023-01-18,2950.3684928628954,-0.01654383571236817,3000.0,2903.3558165083555,-96.64418349164453,-0.03221472783054813,False,False,,,False,False,,,False,False,False,,,11,6,,N2_absolute_trend_taa,N1_dual_momentum_taa,0,4541,deterministic_stratified_sample
evidence_core_combo,standard,90,2022-09-27,2023-02-03,2865.6110284321326,-0.04479632385595578,3000.0,2865.6110284321326,-134.38897156786743,-0.04479632385595578,False,False,,,False,False,,,False,False,False,,,14,8,,N2_absolute_trend_taa,N1_dual_momentum_taa,0,4541,deterministic_stratified_sample
evidence_core_combo,standard,90,2022-10-12,2023-02-21,2827.5066474734203,-0.057497784175526534,3003.7446939579704,2827.5066474734203,-176.23804648455007,-0.05867277829538997,False,False,,,False,False,,,False,False,False,,,11,7,,N2_absolute_trend_taa,N1_dual_momentum_taa,0,4541,deterministic_stratified_sample
evidence_core_combo,standard,90,2022-10-13,2023-02-22,2827.5066474734203,-0.057497784175526534,3003.7446939579704,2827.5066474734203,-176.23804648455007,-0.05867277829538997,False,False,,,False,False,,,False,False,False,,,11,7,,N2_absolute_trend_taa,N1_dual_momentum_taa,0,4541,deterministic_stratified_sample
evidence_core_combo,standard,90,2022-10-31,2023-03-10,2822.646271211133,-0.05911790959628904,3003.7446939579704,2822.646271211133,-181.0984227468375,-0.06029088394600146,False,False,,,False,False,,,False,False,False,,,14,9,,N2_absolute_trend_taa,N1_dual_momentum_taa,0,4541,deterministic_stratified_sample
evidence_core_combo,standard,90,2022-11-16,2023-03-28,2863.3021857282283,-0.04556593809059051,3000.0,2819.0667892385145,-180.9332107614855,-0.060311070253828536,False,False,,,False,False,,,False,False,False,,,11,8,,N2_absolute_trend_taa,N1_dual_momentum_taa,0,4541,deterministic_stratified_sample
evidence_core_combo,standard,90,2022-11-29,2023-04-10,2831.4740430752354,-0.05617531897492156,3000.0,2819.0667892385145,-180.9332107614855,-0.060311070253828536,False,False,,,False,False,,,False,False,False,,,13,11,N1_dual_momentum_taa,N2_absolute_trend_taa,N1_dual_momentum_taa,0,4541,deterministic_stratified_sample
evidence_core_combo,standard,90,2022-12-08,2023-04-19,2876.7321893386425,-0.0410892702204525,3010.9419152130454,2873.47787431621,-137.4640408968353,-0.04565482987309932,False,False,,,False,False,,,False,False,False,,,11,8,,N2_absolute_trend_taa,N1_dual_momentum_taa,0,4541,deterministic_stratified_sample
evidence_core_combo,standard,90,2022-12-28,2023-05-08,2869.9373334990137,-0.04335422216699547,3010.9419152130454,2844.0896859127065,-166.85222930033888,-0.055415293286563805,False,False,,,False,False,,,False,False,False,,,14,10,,N2_absolute_trend_taa,N1_dual_momentum_taa,0,4541,deterministic_stratified_sample
evidence_core_combo,standard,90,2022-12-29,2023-05-09,2856.2577678251737,-0.0479140773916088,3010.9419152130454,2844.0896859127065,-166.85222930033888,-0.055415293286563805,False,False,,,False,False,,,False,False,False,,,14,10,,N2_absolute_trend_taa,N1_dual_momentum_taa,0,4541,deterministic_stratified_sample
evidence_core_combo,standard,90,2023-02-16,2023-06-27,2996.9448791176774,-0.0010183736274408384,3056.1959051342023,2952.837562445368,-103.35834268883445,-0.03381927922722472,False,False,,,False,False,,,False,False,False,,,10,10,,N1_dual_momentum_taa,N2_absolute_trend_taa,0,4541,deterministic_stratified_sample
evidence_core_combo,standard,90,2023-03-13,2023-07-20,2974.7853899449865,-0.008404870018337784,3035.5222249110134,2910.959729521119,-91.23736681589799,-0.030390198873757046,False,False,,,False,False,,,False,False,False,,,9,11,,N1_dual_momentum_taa,N2_absolute_trend_taa,0,4541,deterministic_stratified_sample
evidence_core_combo,standard,90,2023-03-21,2023-07-28,3043.452196679254,0.014484065559751347,3043.452196679254,2910.959729521119,-91.23736681589799,-0.030390198873757046,False,False,,,False,False,,,False,False,False,,,9,11,,N1_dual_momentum_taa,N2_absolute_trend_taa,0,4541,deterministic_stratified_sample
evidence_core_combo,standard,90,2023-03-23,2023-08-01,3040.3629131814278,0.013454304393809347,3046.3149460935288,2910.959729521119,-91.23736681589799,-0.030390198873757046,False,False,,,False,False,,,False,False,False,,,11,14,,N1_dual_momentum_taa,N2_absolute_trend_taa,0,4541,deterministic_stratified_sample
evidence_core_combo,standard,90,2023-04-25,2023-08-31,2978.531963736643,-0.0071560120877857125,3069.985886774799,2965.322072551604,-91.45392303815606,-0.029789688425647443,False,False,,,False,False,,,False,False,False,,,8,12,,N1_dual_momentum_taa,N2_absolute_trend_taa,0,4541,deterministic_stratified_sample
evidence_core_combo,standard,90,2023-05-01,2023-09-07,2931.816994547019,-0.022727668484326946,3086.539747215472,2931.816994547019,-154.7227526684528,-0.050128222974622716,False,False,,,False,False,,,False,False,False,,,7,13,,N1_dual_momentum_taa,N2_absolute_trend_taa,0,4541,deterministic_stratified_sample
evidence_core_combo,standard,90,2023-06-08,2023-10-16,2929.366285221041,-0.023544571592986396,3057.737590682403,2845.480047659369,-212.25754302303403,-0.06941653321391261,False,False,,,False,False,,,False,False,False,,,8,12,,N2_absolute_trend_taa,N1_dual_momentum_taa,0,4541,deterministic_stratified_sample
evidence_core_combo,standard,90,2023-06-27,2023-11-01,2851.349780993916,-0.04955007300202807,3057.737590682403,2845.480047659369,-212.25754302303403,-0.06941653321391261,False,False,,,False,False,,,False,False,False,,,11,13,,N2_absolute_trend_taa,N1_dual_momentum_taa,0,4541,deterministic_stratified_sample
evidence_core_combo,standard,90,2023-08-25,2024-01-03,2922.7688036372047,-0.025743732120931728,3041.6257754517874,2836.6054156341893,-163.39458436581072,-0.054464861455270186,False,False,,,False,False,,,False,False,False,,,12,12,,N2_absolute_trend_taa,N1_dual_momentum_taa,0,4541,deterministic_stratified_sample
evidence_core_combo,standard,90,2023-11-02,2024-03-13,3256.43392221591,0.08547797407197,3345.6814094222946,2977.937928407606,-134.40059001055533,-0.04232180818791598,True,True,2024-03-07,86,False,False,,,False,False,False,,,8,12,,N1_dual_momentum_taa,N2_absolute_trend_taa,0,4541,deterministic_stratified_sample
evidence_core_combo,standard,90,2023-11-13,2024-03-22,3256.43392221591,0.08547797407197,3345.6814094222946,2977.937928407606,-134.40059001055533,-0.04232180818791598,True,True,2024-03-07,79,False,False,,,False,False,False,,,8,12,,N1_dual_momentum_taa,N2_absolute_trend_taa,0,4541,deterministic_stratified_sample
evidence_core_combo,standard,90,2024-01-02,2024-05-09,3180.2982615916403,0.06009942053054673,3300.2685390562874,3000.0,-177.60257573518538,-0.05381458315691212,True,True,2024-03-07,46,False,False,,,False,False,False,,,7,13,,N1_dual_momentum_taa,N2_absolute_trend_taa,0,4541,deterministic_stratified_sample
evidence_core_combo,standard,90,2024-01-05,2024-05-14,3194.809831305971,0.06493661043532373,3300.2685390562874,3000.0,-177.60257573518538,-0.05381458315691212,True,True,2024-03-07,43,False,False,,,False,False,False,,,7,13,,N1_dual_momentum_taa,N2_absolute_trend_taa,0,4541,deterministic_stratified_sample
evidence_core_combo,standard,90,2024-01-19,2024-05-28,3235.4477705632935,0.0784825901877646,3300.2685390562874,3000.0,-177.60257573518538,-0.05381458315691212,True,True,2024-03-07,34,False,False,,,False,False,False,,,7,13,,N1_dual_momentum_taa,N2_absolute_trend_taa,0,4541,deterministic_stratified_sample
evidence_core_combo,standard,90,2024-01-24,2024-05-31,3200.302518303336,0.06676750610111193,3300.2685390562874,3000.0,-177.60257573518538,-0.05381458315691212,True,True,2024-03-07,31,False,False,,,False,False,False,,,7,13,,N1_dual_momentum_taa,N2_absolute_trend_taa,0,4541,deterministic_stratified_sample
evidence_core_combo,standard,90,2024-02-02,2024-06-11,3106.4375429954716,0.035479180998490456,3111.7110814154003,2964.101715175065,-147.60936624033548,-0.047436719662673044,False,False,,,False,False,,,False,False,False,,,5,15,,N1_dual_momentum_taa,N1_dual_momentum_taa,0,4541,deterministic_stratified_sample
evidence_core_combo,standard,90,2024-03-07,2024-07-16,3281.8599554961984,0.0939533184987329,3281.8599554961984,2933.5105510093767,-78.86775176689571,-0.026181224215500953,False,False,,,False,False,,,False,False,False,,,7,13,,N1_dual_momentum_taa,N2_absolute_trend_taa,0,4541,deterministic_stratified_sample
evidence_core_combo,standard,90,2024-04-01,2024-08-07,3144.258990189202,0.048086330063067395,3310.856796427702,2994.7801217255287,-166.5978062385002,-0.050318638492082624,True,True,2024-07-10,70,False,False,,,False,False,False,,,7,13,,N1_dual_momentum_taa,N2_absolute_trend_taa,0,4541,deterministic_stratified_sample
evidence_core_combo,standard,90,2024-04-22,2024-08-28,3208.5125825006353,0.06950419416687836,3310.856796427702,2994.7801217255287,-166.5978062385002,-0.050318638492082624,True,True,2024-07-10,55,False,False,,,False,False,False,,,7,13,,N1_dual_momentum_taa,N2_absolute_trend_taa,0,4541,deterministic_stratified_sample
evidence_core_combo,standard,90,2024-05-08,2024-09-16,3167.244937175447,0.05574831239181566,3236.169093750157,2992.163800674915,-162.8396227276644,-0.05031863849208251,False,False,,,False,False,,,False,False,False,,,9,11,,N1_dual_momentum_taa,N2_absolute_trend_taa,0,4541,deterministic_stratified_sample
evidence_core_combo,standard,90,2024-07-11,2024-11-14,3064.394737924641,0.02146491264154693,3129.164212461128,2884.707819738247,-115.29218026175295,-0.03843072675391768,False,False,,,False,False,,,False,False,False,,,11,9,,N1_dual_momentum_taa,N2_absolute_trend_taa,0,4541,deterministic_stratified_sample
evidence_core_combo,standard,90,2024-09-10,2025-01-17,2891.195777722244,-0.036268074092585256,3051.740082825261,2882.6823380606866,-169.05774476457464,-0.05539716364313152,False,False,,,False,False,,,False,False,False,,,11,9,,N2_absolute_trend_taa,N1_dual_momentum_taa,0,4541,deterministic_stratified_sample
evidence_core_combo,standard,90,2024-09-18,2025-01-28,2905.4491338330918,-0.03151695538896937,3051.740082825261,2882.6823380606866,-169.05774476457464,-0.05539716364313152,False,False,,,False,False,,,False,False,False,,,11,9,,N2_absolute_trend_taa,N1_dual_momentum_taa,0,4541,deterministic_stratified_sample
evidence_core_combo,standard,90,2024-09-27,2025-02-06,2959.2561292516684,-0.013581290249443878,3051.740082825261,2882.6823380606866,-169.05774476457464,-0.05539716364313152,False,False,,,False,False,,,False,False,False,,,14,11,,N2_absolute_trend_taa,N1_dual_momentum_taa,0,4541,deterministic_stratified_sample
evidence_core_combo,standard,90,2024-11-08,2025-03-21,2991.179110872671,-0.002940296375776308,3025.4549060468376,2908.4480236468053,-117.00688240003228,-0.03867414522231882,False,False,,,False,False,,,False,False,False,,,12,8,,N2_absolute_trend_taa,N1_dual_momentum_taa,0,4541,deterministic_stratified_sample
evidence_core_combo,standard,90,2024-12-16,2025-04-28,3006.1651659410827,0.0020550553136942096,3080.14857505772,2932.0981659106646,-96.6597102276055,-0.031913977340060184,False,False,,,False,False,,,False,False,False,,,12,7,,N2_absolute_trend_taa,N1_dual_momentum_taa,0,4541,deterministic_stratified_sample
evidence_core_combo,standard,90,2025-01-14,2025-05-22,2991.843157971243,-0.002718947342919109,3109.877356755778,2960.3980041059704,-121.47848789560794,-0.03906214746112502,False,False,,,False,False,,,False,False,False,,,12,6,,N2_absolute_trend_taa,N1_dual_momentum_taa,0,4541,deterministic_stratified_sample
evidence_core_combo,standard,90,2025-03-05,2025-07-14,2938.9869357324123,-0.020337688089195893,3000.0,2881.211080137648,-118.78891986235203,-0.03959630662078406,False,False,,,False,False,,,False,False,False,,,12,6,,N1_dual_momentum_taa,N2_absolute_trend_taa,0,4541,deterministic_stratified_sample
evidence_core_combo,standard,90,2025-03-07,2025-07-16,2932.3487322566953,-0.022550422581101626,3000.0,2881.211080137648,-118.78891986235203,-0.03959630662078406,False,False,,,False,False,,,False,False,False,,,12,6,,N1_dual_momentum_taa,N2_absolute_trend_taa,0,4541,deterministic_stratified_sample
evidence_core_combo,standard,90,2025-03-14,2025-07-23,2978.238379540495,-0.00725387348650175,3000.0,2881.211080137648,-118.78891986235203,-0.03959630662078406,False,False,,,False,False,,,False,False,False,,,12,6,,N1_dual_momentum_taa,N2_absolute_trend_taa,0,4541,deterministic_stratified_sample
evidence_core_combo,standard,90,2025-03-17,2025-07-24,2969.2217866968244,-0.010259404434391883,3000.0,2881.211080137648,-118.78891986235203,-0.03959630662078406,False,False,,,False,False,,,False,False,False,,,12,6,,N1_dual_momentum_taa,N2_absolute_trend_taa,0,4541,deterministic_stratified_sample
evidence_core_combo,standard,90,2025-04-04,2025-08-13,3088.5322297165253,0.02951074323884173,3088.5322297165253,2953.7612145373223,-96.78469188689087,-0.03172700718355681,False,False,,,False,False,,,False,False,False,,,12,7,,N1_dual_momentum_taa,N2_absolute_trend_taa,0,4541,deterministic_stratified_sample
evidence_core_combo,standard,90,2025-04-23,2025-08-29,3033.692816157617,0.011230938719205774,3088.5322297165253,2953.7612145373223,-96.78469188689087,-0.03172700718355681,False,False,,,False,False,,,False,False,False,,,12,7,,N1_dual_momentum_taa,N2_absolute_trend_taa,0,4541,deterministic_stratified_sample
evidence_core_combo,standard,90,2025-05-09,2025-09-17,3245.5490759319628,0.08184969197732084,3259.1597578921383,3000.0,-81.22409897152829,-0.02597895150614693,False,False,,,False,False,,,False,False,False,,,14,6,,N1_dual_momentum_taa,N2_absolute_trend_taa,0,4541,deterministic_stratified_sample
evidence_core_combo,standard,90,2025-05-13,2025-09-19,3295.7444651117085,0.09858148837056957,3295.7444651117085,3000.0,-81.22409897152829,-0.02597895150614693,False,False,,,False,False,,,False,False,False,,,14,6,,N1_dual_momentum_taa,N2_absolute_trend_taa,0,4541,deterministic_stratified_sample
evidence_core_combo,standard,90,2025-05-15,2025-09-23,3335.954548479761,0.1119848494932536,3335.954548479761,3000.0,-81.22409897152829,-0.02597895150614693,True,True,2025-09-22,89,False,False,,,False,False,False,,,14,6,,N1_dual_momentum_taa,N2_absolute_trend_taa,0,4541,deterministic_stratified_sample
evidence_core_combo,standard,90,2025-05-27,2025-10-02,3413.1427869506165,0.13771426231687212,3413.1427869506165,3000.0,-81.22409897152829,-0.02597895150614693,True,True,2025-09-22,82,True,True,2025-10-01,89,False,False,False,,,17,8,,N1_dual_momentum_taa,N2_absolute_trend_taa,0,4541,deterministic_stratified_sample
evidence_core_combo,standard,90,2025-07-18,2025-11-21,3362.7755209130337,0.12092517363767796,3575.0182035193598,3000.0,-212.24268260632607,-0.059368280250262195,True,True,2025-09-30,52,True,True,2025-10-06,56,False,False,False,,,10,10,,N1_dual_momentum_taa,N2_absolute_trend_taa,0,4541,deterministic_stratified_sample
evidence_core_combo,standard,90,2025-08-13,2025-12-18,3373.0368788404694,0.12434562628015655,3539.3257428340708,3000.0,-224.63131586112422,-0.06346726246261059,True,True,2025-10-02,36,True,True,2025-10-08,40,False,False,False,,,9,11,,N1_dual_momentum_taa,N2_absolute_trend_taa,0,4541,deterministic_stratified_sample
evidence_core_combo,standard,90,2025-08-14,2025-12-19,3383.9863203538825,0.12799544011796082,3539.3257428340708,3000.0,-224.63131586112422,-0.06346726246261059,True,True,2025-10-02,35,True,True,2025-10-08,39,False,False,False,,,9,11,,N1_dual_momentum_taa,N2_absolute_trend_taa,0,4541,deterministic_stratified_sample
evidence_core_combo,standard,90,2025-08-27,2026-01-05,3434.410450867637,0.14480348362254558,3539.3257428340708,3000.0,-224.63131586112422,-0.06346726246261059,True,True,2025-10-02,26,True,True,2025-10-08,30,False,False,False,,,11,14,,N1_dual_momentum_taa,N2_absolute_trend_taa,0,4541,deterministic_stratified_sample
evidence_core_combo,standard,90,2025-09-18,2026-01-27,3582.791231992066,0.19426374399735535,3582.791231992066,3000.0,-206.61987885714734,-0.0634672624626107,True,True,2026-01-15,83,True,True,2026-01-21,86,False,False,False,,,9,11,,N1_dual_momentum_taa,N2_absolute_trend_taa,0,4541,deterministic_stratified_sample
evidence_core_combo,standard,90,2025-09-22,2026-01-29,3639.432683271698,0.21314422775723263,3700.1864794696467,3000.0,-206.61987885714734,-0.0634672624626107,True,True,2026-01-15,81,True,True,2026-01-21,84,False,False,False,,,9,11,,N1_dual_momentum_taa,N2_absolute_trend_taa,0,4541,deterministic_stratified_sample
evidence_core_combo,standard,90,2025-09-23,2026-01-30,3512.8265891008227,0.17094219636694086,3700.1864794696467,3000.0,-206.61987885714734,-0.0634672624626107,True,True,2026-01-15,80,True,True,2026-01-21,83,False,False,False,,,9,11,,N1_dual_momentum_taa,N2_absolute_trend_taa,0,4541,deterministic_stratified_sample
evidence_core_combo,standard,90,2025-09-24,2026-02-02,3479.325977203452,0.15977532573448405,3700.1864794696467,3000.0,-220.86050226619454,-0.0634672624626107,True,True,2026-01-15,79,True,True,2026-01-21,82,False,False,False,,,9,11,,N1_dual_momentum_taa,N2_absolute_trend_taa,0,4541,deterministic_stratified_sample
evidence_core_combo,standard,90,2025-09-25,2026-02-03,3479.325977203452,0.15977532573448405,3700.1864794696467,3000.0,-220.86050226619454,-0.0634672624626107,True,True,2026-01-15,78,True,True,2026-01-21,81,False,False,False,,,9,11,,N1_dual_momentum_taa,N2_absolute_trend_taa,0,4541,deterministic_stratified_sample
evidence_core_combo,standard,90,2025-09-26,2026-02-04,3479.325977203452,0.15977532573448405,3700.1864794696467,3000.0,-220.86050226619454,-0.0634672624626107,True,True,2026-01-15,77,True,True,2026-01-21,80,False,False,False,,,9,11,,N1_dual_momentum_taa,N2_absolute_trend_taa,0,4541,deterministic_stratified_sample
evidence_core_combo,standard,90,2025-09-29,2026-02-05,3479.325977203452,0.15977532573448405,3700.1864794696467,3000.0,-220.86050226619454,-0.0634672624626107,True,True,2026-01-15,76,True,True,2026-01-21,79,False,False,False,,,9,11,,N1_dual_momentum_taa,N2_absolute_trend_taa,0,4541,deterministic_stratified_sample
evidence_core_combo,standard,90,2025-09-30,2026-02-06,3479.325977203452,0.15977532573448405,3700.1864794696467,3000.0,-220.86050226619454,-0.0634672624626107,True,True,2026-01-15,75,True,True,2026-01-21,78,False,False,False,,,9,11,,N1_dual_momentum_taa,N2_absolute_trend_taa,0,4541,deterministic_stratified_sample
evidence_core_combo,standard,90,2025-10-01,2026-02-09,3323.195121053102,0.10773170701770063,3534.144755658562,2912.0982376498678,-210.94963460546023,-0.05968901932149384,True,True,2026-01-23,79,True,True,2026-01-27,81,False,False,False,,,6,9,,N1_dual_momentum_taa,N2_absolute_trend_taa,0,4541,deterministic_stratified_sample
evidence_core_combo,standard,90,2025-10-02,2026-02-10,3323.195121053102,0.10773170701770063,3534.144755658562,2912.0982376498678,-210.94963460546023,-0.05968901932149384,True,True,2026-01-23,78,True,True,2026-01-27,80,False,False,False,,,6,9,,N1_dual_momentum_taa,N2_absolute_trend_taa,0,4541,deterministic_stratified_sample
evidence_core_combo,standard,90,2025-10-03,2026-02-11,3323.195121053102,0.10773170701770063,3534.144755658562,2912.0982376498678,-210.94963460546023,-0.05968901932149384,True,True,2026-01-23,77,True,True,2026-01-27,79,False,False,False,,,6,9,,N1_dual_momentum_taa,N2_absolute_trend_taa,0,4541,deterministic_stratified_sample
evidence_core_combo,standard,90,2025-10-06,2026-02-12,3323.195121053102,0.10773170701770063,3534.144755658562,2912.0982376498678,-210.94963460546023,-0.05968901932149384,True,True,2026-01-23,76,True,True,2026-01-27,78,False,False,False,,,6,9,,N1_dual_momentum_taa,N2_absolute_trend_taa,0,4541,deterministic_stratified_sample
evidence_core_combo,standard,90,2025-10-07,2026-02-13,3323.195121053102,0.10773170701770063,3534.144755658562,2912.0982376498678,-210.94963460546023,-0.05968901932149384,True,True,2026-01-23,75,True,True,2026-01-27,77,False,False,False,,,6,9,,N1_dual_momentum_taa,N2_absolute_trend_taa,0,4541,deterministic_stratified_sample
evidence_core_combo,standard,90,2025-10-08,2026-02-17,3323.195121053102,0.10773170701770063,3534.144755658562,2912.0982376498678,-210.94963460546023,-0.05968901932149384,True,True,2026-01-23,74,True,True,2026-01-27,76,False,False,False,,,6,9,,N1_dual_momentum_taa,N2_absolute_trend_taa,0,4541,deterministic_stratified_sample
evidence_core_combo,standard,90,2025-10-09,2026-02-18,3323.195121053102,0.10773170701770063,3534.144755658562,2912.0982376498678,-210.94963460546023,-0.05968901932149384,True,True,2026-01-23,73,True,True,2026-01-27,75,False,False,False,,,6,9,,N1_dual_momentum_taa,N2_absolute_trend_taa,0,4541,deterministic_stratified_sample
evidence_core_combo,standard,90,2025-10-10,2026-02-19,3323.195121053102,0.10773170701770063,3534.144755658562,2912.0982376498678,-210.94963460546023,-0.05968901932149384,True,True,2026-01-23,72,True,True,2026-01-27,74,False,False,False,,,6,9,,N1_dual_momentum_taa,N2_absolute_trend_taa,0,4541,deterministic_stratified_sample
evidence_core_combo,standard,90,2025-10-13,2026-02-20,3323.195121053102,0.10773170701770063,3534.144755658562,2912.0982376498678,-210.94963460546023,-0.05968901932149384,True,True,2026-01-23,71,True,True,2026-01-27,73,False,False,False,,,6,9,,N1_dual_momentum_taa,N2_absolute_trend_taa,0,4541,deterministic_stratified_sample
evidence_core_combo,standard,90,2025-10-14,2026-02-23,3323.195121053102,0.10773170701770063,3534.144755658562,2912.0982376498678,-210.94963460546023,-0.05968901932149384,True,True,2026-01-23,70,True,True,2026-01-27,72,False,False,False,,,6,9,,N1_dual_momentum_taa,N2_absolute_trend_taa,0,4541,deterministic_stratified_sample
evidence_core_combo,standard,90,2025-10-15,2026-02-24,3323.195121053102,0.10773170701770063,3534.144755658562,2912.0982376498678,-210.94963460546023,-0.05968901932149384,True,True,2026-01-23,69,True,True,2026-01-27,71,False,False,False,,,6,9,,N1_dual_momentum_taa,N2_absolute_trend_taa,0,4541,deterministic_stratified_sample
evidence_core_combo,standard,90,2025-10-16,2026-02-25,3323.195121053102,0.10773170701770063,3534.144755658562,2912.0982376498678,-210.94963460546023,-0.05968901932149384,True,True,2026-01-23,68,True,True,2026-01-27,70,False,False,False,,,6,9,,N1_dual_momentum_taa,N2_absolute_trend_taa,0,4541,deterministic_stratified_sample
evidence_core_combo,standard,90,2025-10-17,2026-02-26,3323.195121053102,0.10773170701770063,3534.144755658562,2912.0982376498678,-210.94963460546023,-0.05968901932149384,True,True,2026-01-23,67,True,True,2026-01-27,69,False,False,False,,,6,9,,N1_dual_momentum_taa,N2_absolute_trend_taa,0,4541,deterministic_stratified_sample
evidence_core_combo,standard,90,2025-10-20,2026-02-27,3323.195121053102,0.10773170701770063,3534.144755658562,2912.0982376498678,-210.94963460546023,-0.05968901932149384,True,True,2026-01-23,66,True,True,2026-01-27,68,False,False,False,,,6,9,,N1_dual_momentum_taa,N2_absolute_trend_taa,0,4541,deterministic_stratified_sample
evidence_core_combo,standard,90,2025-10-21,2026-03-02,3343.263726837669,0.11442124227922301,3534.144755658562,2912.0982376498678,-210.94963460546023,-0.05968901932149384,True,True,2026-01-23,65,True,True,2026-01-27,67,False,False,False,,,8,12,,N1_dual_momentum_taa,N2_absolute_trend_taa,0,4541,deterministic_stratified_sample
evidence_core_combo,standard,90,2025-10-22,2026-03-03,3321.4060158946713,0.10713533863155722,3534.144755658562,2912.0982376498678,-212.73873976389086,-0.060195253582432384,True,True,2026-01-23,64,True,True,2026-01-27,66,False,False,False,,,8,12,,N1_dual_momentum_taa,N2_absolute_trend_taa,0,4541,deterministic_stratified_sample
evidence_core_combo,standard,90,2025-10-23,2026-03-04,3328.7568227857223,0.10958560759524083,3534.144755658562,2912.0982376498678,-212.73873976389132,-0.060195253582432606,True,True,2026-01-23,63,True,True,2026-01-27,65,False,False,False,,,8,12,,N1_dual_momentum_taa,N2_absolute_trend_taa,0,4541,deterministic_stratified_sample
evidence_core_combo,standard,90,2025-10-24,2026-03-05,3302.820794163158,0.10094026472105266,3534.144755658562,2912.0982376498678,-231.3239614954041,-0.06545401433402764,True,True,2026-01-23,62,True,True,2026-01-27,64,False,False,False,,,8,12,,N1_dual_momentum_taa,N2_absolute_trend_taa,0,4541,deterministic_stratified_sample
evidence_core_combo,standard,90,2025-10-27,2026-03-06,3268.3130386006346,0.08943767953354498,3534.144755658562,2912.0982376498678,-265.83171705792756,-0.07521811794276423,True,True,2026-01-23,61,True,True,2026-01-27,63,False,False,False,,,8,12,,N1_dual_momentum_taa,N2_absolute_trend_taa,0,4541,deterministic_stratified_sample
evidence_core_combo,standard,90,2025-10-28,2026-03-09,3249.1624510927877,0.08305415036426256,3534.144755658562,2912.0982376498678,-284.9823045657745,-0.08063685113901631,True,True,2026-01-23,60,True,True,2026-01-27,62,False,False,False,,,8,12,,N1_dual_momentum_taa,N2_absolute_trend_taa,0,4541,deterministic_stratified_sample
evidence_core_combo,standard,90,2025-10-29,2026-03-10,3249.1624510927877,0.08305415036426256,3534.144755658562,2912.0982376498678,-284.9823045657745,-0.08063685113901631,True,True,2026-01-23,59,True,True,2026-01-27,61,False,False,False,,,8,12,,N1_dual_momentum_taa,N2_absolute_trend_taa,0,4541,deterministic_stratified_sample
evidence_core_combo,standard,90,2025-10-30,2026-03-11,3249.1624510927877,0.08305415036426256,3534.144755658562,2912.0982376498678,-284.9823045657745,-0.08063685113901631,True,True,2026-01-23,58,True,True,2026-01-27,60,False,False,False,,,8,12,,N1_dual_momentum_taa,N2_absolute_trend_taa,0,4541,deterministic_stratified_sample
evidence_core_combo,standard,90,2025-10-31,2026-03-12,3249.1624510927877,0.08305415036426256,3534.144755658562,2912.0982376498678,-284.9823045657745,-0.08063685113901631,True,True,2026-01-23,57,True,True,2026-01-27,59,False,False,False,,,8,12,,N1_dual_momentum_taa,N2_absolute_trend_taa,0,4541,deterministic_stratified_sample
evidence_core_combo,standard,90,2025-11-03,2026-03-13,3332.6522751273496,0.1108840917091165,3624.957427602178,2986.9269275330025,-292.30515247482845,-0.08063685113901631,True,True,2026-01-21,54,True,True,2026-01-23,56,False,False,False,,,7,8,,N1_dual_momentum_taa,N2_absolute_trend_taa,0,4541,deterministic_stratified_sample
evidence_core_combo,standard,90,2025-11-04,2026-03-16,3332.6522751273496,0.1108840917091165,3624.957427602178,2986.9269275330025,-292.30515247482845,-0.08063685113901631,True,True,2026-01-21,53,True,True,2026-01-23,55,False,False,False,,,7,8,,N1_dual_momentum_taa,N2_absolute_trend_taa,0,4541,deterministic_stratified_sample
evidence_core_combo,standard,90,2025-11-05,2026-03-17,3332.6522751273496,0.1108840917091165,3624.957427602178,2986.9269275330025,-292.30515247482845,-0.08063685113901631,True,True,2026-01-21,52,True,True,2026-01-23,54,False,False,False,,,7,8,,N1_dual_momentum_taa,N2_absolute_trend_taa,0,4541,deterministic_stratified_sample
evidence_core_combo,standard,90,2025-11-06,2026-03-18,3332.6522751273496,0.1108840917091165,3624.957427602178,2986.9269275330025,-292.30515247482845,-0.08063685113901631,True,True,2026-01-21,51,True,True,2026-01-23,53,False,False,False,,,7,8,,N1_dual_momentum_taa,N2_absolute_trend_taa,0,4541,deterministic_stratified_sample
evidence_core_combo,standard,90,2025-11-07,2026-03-19,3332.6522751273496,0.1108840917091165,3624.957427602178,2986.9269275330025,-292.30515247482845,-0.08063685113901631,True,True,2026-01-21,50,True,True,2026-01-23,52,False,False,False,,,7,8,,N1_dual_momentum_taa,N2_absolute_trend_taa,0,4541,deterministic_stratified_sample
evidence_core_combo,standard,90,2025-11-10,2026-03-20,3332.6522751273496,0.1108840917091165,3624.957427602178,2986.9269275330025,-292.30515247482845,-0.08063685113901631,True,True,2026-01-21,49,True,True,2026-01-23,51,False,False,False,,,7,8,,N1_dual_momentum_taa,N2_absolute_trend_taa,0,4541,deterministic_stratified_sample
evidence_core_combo,standard,90,2025-11-11,2026-03-23,3332.6522751273496,0.1108840917091165,3624.957427602178,2986.9269275330025,-292.30515247482845,-0.08063685113901631,True,True,2026-01-21,48,True,True,2026-01-23,50,False,False,False,,,7,8,,N1_dual_momentum_taa,N2_absolute_trend_taa,0,4541,deterministic_stratified_sample
evidence_core_combo,standard,90,2025-11-12,2026-03-24,3332.6522751273496,0.1108840917091165,3624.957427602178,2986.9269275330025,-292.30515247482845,-0.08063685113901631,True,True,2026-01-21,47,True,True,2026-01-23,49,False,False,False,,,7,8,,N1_dual_momentum_taa,N2_absolute_trend_taa,0,4541,deterministic_stratified_sample
evidence_core_combo,standard,90,2025-11-13,2026-03-25,3332.6522751273496,0.1108840917091165,3624.957427602178,2986.9269275330025,-292.30515247482845,-0.08063685113901631,True,True,2026-01-21,46,True,True,2026-01-23,48,False,False,False,,,7,8,,N1_dual_momentum_taa,N2_absolute_trend_taa,0,4541,deterministic_stratified_sample
evidence_core_combo,standard,90,2025-11-14,2026-03-26,3332.6522751273496,0.1108840917091165,3624.957427602178,2986.9269275330025,-292.30515247482845,-0.08063685113901631,True,True,2026-01-21,45,True,True,2026-01-23,47,False,False,False,,,7,8,,N1_dual_momentum_taa,N2_absolute_trend_taa,0,4541,deterministic_stratified_sample
evidence_core_combo,standard,90,2025-11-17,2026-03-27,3332.6522751273496,0.1108840917091165,3624.957427602178,2986.9269275330025,-292.30515247482845,-0.08063685113901631,True,True,2026-01-21,44,True,True,2026-01-23,46,False,False,False,,,7,8,,N1_dual_momentum_taa,N2_absolute_trend_taa,0,4541,deterministic_stratified_sample
evidence_core_combo,standard,90,2025-11-18,2026-03-30,3332.6522751273496,0.1108840917091165,3624.957427602178,2986.9269275330025,-292.30515247482845,-0.08063685113901631,True,True,2026-01-21,43,True,True,2026-01-23,45,False,False,False,,,7,8,,N1_dual_momentum_taa,N2_absolute_trend_taa,0,4541,deterministic_stratified_sample
evidence_core_combo,standard,90,2025-11-19,2026-03-31,3332.6522751273496,0.1108840917091165,3624.957427602178,2986.9269275330025,-292.30515247482845,-0.08063685113901631,True,True,2026-01-21,42,True,True,2026-01-23,44,False,False,False,,,7,8,,N1_dual_momentum_taa,N2_absolute_trend_taa,0,4541,deterministic_stratified_sample
evidence_core_combo,standard,90,2025-11-20,2026-04-01,3334.7482200189247,0.1115827400063083,3624.957427602178,2986.9269275330025,-292.30515247482845,-0.08063685113901631,True,True,2026-01-21,41,True,True,2026-01-23,43,False,False,False,,,10,9,,N1_dual_momentum_taa,N2_absolute_trend_taa,0,4541,deterministic_stratified_sample
evidence_core_combo,standard,90,2025-11-21,2026-04-02,3325.2333263051933,0.10841110876839766,3624.957427602178,2986.9269275330025,-299.7241012969848,-0.0826834817465002,True,True,2026-01-21,40,True,True,2026-01-23,42,False,False,False,,,10,9,,N1_dual_momentum_taa,N2_absolute_trend_taa,0,4541,deterministic_stratified_sample
evidence_core_combo,standard,90,2025-11-24,2026-04-06,3319.3240756171967,0.10644135853906556,3624.957427602178,2986.9269275330025,-305.63335198498135,-0.08431363901207256,True,True,2026-01-21,39,True,True,2026-01-23,41,False,False,False,,,10,9,,N1_dual_momentum_taa,N2_absolute_trend_taa,0,4541,deterministic_stratified_sample
evidence_core_combo,standard,90,2025-11-25,2026-04-07,3329.2086127680936,0.10973620425603126,3624.957427602178,2986.9269275330025,-305.63335198498135,-0.08431363901207256,True,True,2026-01-21,38,True,True,2026-01-23,40,False,False,False,,,10,9,,N1_dual_momentum_taa,N2_absolute_trend_taa,0,4541,deterministic_stratified_sample
evidence_core_combo,standard,90,2025-11-26,2026-04-08,3336.3201766367733,0.1121067255455912,3624.957427602178,2986.9269275330025,-305.63335198498135,-0.08431363901207256,True,True,2026-01-21,37,True,True,2026-01-23,39,False,False,False,,,10,9,,N1_dual_momentum_taa,N2_absolute_trend_taa,0,4541,deterministic_stratified_sample
evidence_core_combo,standard,90,2025-11-28,2026-04-09,3341.2256800173354,0.11374189333911189,3624.957427602178,2986.9269275330025,-305.63335198498135,-0.08431363901207256,True,True,2026-01-21,36,True,True,2026-01-23,38,False,False,False,,,10,9,,N1_dual_momentum_taa,N2_absolute_trend_taa,0,4541,deterministic_stratified_sample
evidence_core_combo,standard,90,2025-12-01,2026-04-10,3290.4297137772683,0.09680990459242267,3570.2679750256734,2997.594978835776,-312.3914038449593,-0.08749802704731513,True,True,2026-01-22,36,True,True,2026-01-27,39,False,False,False,,,8,6,,N1_dual_momentum_taa,N2_absolute_trend_taa,0,4541,deterministic_stratified_sample
evidence_core_combo,standard,90,2025-12-02,2026-04-13,3287.9954676334255,0.09599848921114185,3570.2679750256734,2997.594978835776,-312.3914038449593,-0.08749802704731513,True,True,2026-01-22,35,True,True,2026-01-27,38,False,False,False,,,8,6,,N1_dual_momentum_taa,N2_absolute_trend_taa,0,4541,deterministic_stratified_sample
evidence_core_combo,standard,90,2025-12-03,2026-04-14,3321.708896897234,0.10723629896574471,3570.2679750256734,2997.594978835776,-312.3914038449593,-0.08749802704731513,True,True,2026-01-22,34,True,True,2026-01-27,37,False,False,False,,,8,6,,N1_dual_momentum_taa,N2_absolute_trend_taa,0,4541,deterministic_stratified_sample
evidence_core_combo,standard,90,2025-12-04,2026-04-15,3304.9074350083592,0.10163581166945312,3570.2679750256734,2997.594978835776,-312.3914038449593,-0.08749802704731513,True,True,2026-01-22,33,True,True,2026-01-27,36,False,False,False,,,8,6,,N1_dual_momentum_taa,N2_absolute_trend_taa,0,4541,deterministic_stratified_sample
evidence_core_combo,standard,90,2025-12-05,2026-04-16,3301.480502073968,0.10049350069132279,3570.2679750256734,2997.594978835776,-312.3914038449593,-0.08749802704731513,True,True,2026-01-22,32,True,True,2026-01-27,35,False,False,False,,,8,6,,N1_dual_momentum_taa,N2_absolute_trend_taa,0,4541,deterministic_stratified_sample
evidence_core_combo,standard,90,2025-12-08,2026-04-17,3326.537099255328,0.10884569975177594,3570.2679750256734,2997.594978835776,-312.3914038449593,-0.08749802704731513,True,True,2026-01-22,31,True,True,2026-01-27,34,False,False,False,,,8,6,,N1_dual_momentum_taa,N2_absolute_trend_taa,0,4541,deterministic_stratified_sample
evidence_core_combo,standard,90,2025-12-09,2026-04-20,3313.7789503034182,0.10459298343447276,3570.2679750256734,2997.594978835776,-312.3914038449593,-0.08749802704731513,True,True,2026-01-22,30,True,True,2026-01-27,33,False,False,False,,,8,6,,N1_dual_momentum_taa,N2_absolute_trend_taa,0,4541,deterministic_stratified_sample
evidence_core_combo,standard,90,2025-12-10,2026-04-21,3270.2699297029358,0.09008997656764528,3570.2679750256734,2997.594978835776,-312.3914038449593,-0.08749802704731513,True,True,2026-01-22,29,True,True,2026-01-27,32,False,False,False,,,8,6,,N1_dual_momentum_taa,N2_absolute_trend_taa,0,4541,deterministic_stratified_sample
evidence_core_combo,standard,90,2025-12-11,2026-04-22,3288.8188174159322,0.0962729391386441,3570.2679750256734,2997.594978835776,-312.3914038449593,-0.08749802704731513,True,True,2026-01-22,28,True,True,2026-01-27,31,False,False,False,,,8,6,,N1_dual_momentum_taa,N2_absolute_trend_taa,0,4541,deterministic_stratified_sample
evidence_core_combo,standard,90,2025-12-12,2026-04-23,3274.155687085743,0.09138522902858104,3570.2679750256734,2997.594978835776,-312.3914038449593,-0.08749802704731513,True,True,2026-01-22,27,True,True,2026-01-27,30,False,False,False,,,8,6,,N1_dual_momentum_taa,N2_absolute_trend_taa,0,4541,deterministic_stratified_sample
evidence_core_combo,standard,90,2025-12-15,2026-04-24,3283.594176244951,0.0945313920816504,3570.2679750256734,2997.594978835776,-312.3914038449593,-0.08749802704731513,True,True,2026-01-22,26,True,True,2026-01-27,29,False,False,False,,,8,6,,N1_dual_momentum_taa,N2_absolute_trend_taa,0,4541,deterministic_stratified_sample
evidence_core_combo,standard,90,2025-12-16,2026-04-27,3270.485653389569,0.09016188446318973,3570.2679750256734,2997.594978835776,-312.3914038449593,-0.08749802704731513,True,True,2026-01-22,25,True,True,2026-01-27,28,False,False,False,,,8,6,,N1_dual_momentum_taa,N2_absolute_trend_taa,0,4541,deterministic_stratified_sample
evidence_core_combo,standard,90,2025-12-17,2026-04-28,3241.013592076865,0.0803378640256216,3570.2679750256734,2997.594978835776,-329.2543829488086,-0.09222119607042689,True,True,2026-01-22,24,True,True,2026-01-27,27,False,False,False,,,8,6,,N1_dual_momentum_taa,N2_absolute_trend_taa,0,4541,deterministic_stratified_sample
evidence_core_combo,standard,90,2025-12-18,2026-04-29,3234.787910204944,0.07826263673498146,3570.2679750256734,2997.594978835776,-335.48006482072924,-0.09396495365822422,True,True,2026-01-22,23,True,True,2026-01-27,26,False,False,False,,,8,6,,N1_dual_momentum_taa,N2_absolute_trend_taa,0,4541,deterministic_stratified_sample
evidence_core_combo,standard,90,2025-12-19,2026-04-30,3237.522241582641,0.07917408052754693,3570.2679750256734,2997.594978835776,-335.48006482072924,-0.09396495365822422,True,True,2026-01-22,22,True,True,2026-01-27,25,False,False,False,,,8,6,,N1_dual_momentum_taa,N2_absolute_trend_taa,0,4541,deterministic_stratified_sample
evidence_core_combo,standard,90,2025-12-22,2026-05-01,3251.2355876790107,0.08374519589300355,3570.2679750256734,2997.594978835776,-335.48006482072924,-0.09396495365822422,True,True,2026-01-22,21,True,True,2026-01-27,24,False,False,False,,,9,10,,N1_dual_momentum_taa,N2_absolute_trend_taa,0,4541,deterministic_stratified_sample
evidence_core_combo,standard,90,2025-12-23,2026-05-04,3243.4573503616057,0.08115245012053518,3570.2679750256734,2997.594978835776,-335.48006482072924,-0.09396495365822422,True,True,2026-01-22,20,True,True,2026-01-27,23,False,False,False,,,9,10,,N1_dual_momentum_taa,N2_absolute_trend_taa,0,4541,deterministic_stratified_sample
evidence_core_combo,standard,90,2025-12-24,2026-05-05,3284.273843990968,0.09475794799698933,3570.2679750256734,2997.594978835776,-335.48006482072924,-0.09396495365822422,True,True,2026-01-22,19,True,True,2026-01-27,22,False,False,False,,,9,10,,N1_dual_momentum_taa,N2_absolute_trend_taa,0,4541,deterministic_stratified_sample
evidence_core_combo,standard,90,2025-12-26,2026-05-06,3353.7646116408896,0.11792153721362997,3570.2679750256734,2997.594978835776,-335.48006482072924,-0.09396495365822422,True,True,2026-01-22,18,True,True,2026-01-27,21,False,False,False,,,9,10,,N1_dual_momentum_taa,N2_absolute_trend_taa,0,4541,deterministic_stratified_sample
evidence_core_combo,standard,90,2025-12-29,2026-05-07,3328.9665691937275,0.10965552306457593,3570.2679750256734,2997.594978835776,-335.48006482072924,-0.09396495365822422,True,True,2026-01-22,17,True,True,2026-01-27,20,False,False,False,,,9,10,,N1_dual_momentum_taa,N2_absolute_trend_taa,0,4541,deterministic_stratified_sample
evidence_core_combo,standard,90,2025-12-30,2026-05-08,3396.8400663935345,0.13228002213117818,3570.2679750256734,2997.594978835776,-335.48006482072924,-0.09396495365822422,True,True,2026-01-22,16,True,True,2026-01-27,19,False,False,False,,,9,10,,N1_dual_momentum_taa,N2_absolute_trend_taa,0,4541,deterministic_stratified_sample
evidence_core_combo,standard,90,2025-12-31,2026-05-11,3421.9204496032535,0.1406401498677512,3570.2679750256734,2997.594978835776,-335.48006482072924,-0.09396495365822422,True,True,2026-01-22,15,True,True,2026-01-27,18,False,False,False,,,9,10,,N1_dual_momentum_taa,N2_absolute_trend_taa,0,4541,deterministic_stratified_sample
evidence_core_combo,standard,90,2026-01-02,2026-05-12,2997.5696349616774,-0.0008101216794408339,3035.414505480896,2833.6186771681714,-193.17608732205917,-0.06382199731159954,False,False,,,False,False,,,False,False,False,,,8,11,,N1_dual_momentum_taa,N2_absolute_trend_taa,0,4541,deterministic_stratified_sample
evidence_core_combo,standard,90,2026-01-05,2026-05-13,3017.361924645984,0.005787308215327913,3035.414505480896,2833.6186771681714,-193.17608732205917,-0.06382199731159954,False,False,,,False,False,,,False,False,False,,,8,11,,N1_dual_momentum_taa,N2_absolute_trend_taa,0,4541,deterministic_stratified_sample
evidence_core_combo,standard,90,2026-01-06,2026-05-14,3023.192822686953,0.007730940895650962,3035.414505480896,2833.6186771681714,-193.17608732205917,-0.06382199731159954,False,False,,,False,False,,,False,False,False,,,8,11,,N1_dual_momentum_taa,N2_absolute_trend_taa,0,4541,deterministic_stratified_sample
evidence_core_combo,standard,90,2026-01-07,2026-05-15,2951.18232967619,-0.016272556774603375,3035.414505480896,2833.6186771681714,-193.17608732205917,-0.06382199731159954,False,False,,,False,False,,,False,False,False,,,8,11,,N1_dual_momentum_taa,N2_absolute_trend_taa,0,4541,deterministic_stratified_sample
evidence_core_combo,standard,90,2026-01-08,2026-05-18,2916.559070535408,-0.02781364315486401,3035.414505480896,2833.6186771681714,-193.17608732205917,-0.06382199731159954,False,False,,,False,False,,,False,False,False,,,8,11,,N1_dual_momentum_taa,N2_absolute_trend_taa,0,4541,deterministic_stratified_sample
evidence_core_combo,standard,90,2026-01-09,2026-05-19,2900.9111624557117,-0.033029612514762774,3035.414505480896,2833.6186771681714,-193.17608732205917,-0.06382199731159954,False,False,,,False,False,,,False,False,False,,,8,11,,N1_dual_momentum_taa,N2_absolute_trend_taa,0,4541,deterministic_stratified_sample
evidence_core_combo,standard,90,2026-01-12,2026-05-20,2914.2333355780015,-0.02858888814066618,3035.414505480896,2833.6186771681714,-193.17608732205917,-0.06382199731159954,False,False,,,False,False,,,False,False,False,,,8,11,,N1_dual_momentum_taa,N2_absolute_trend_taa,0,4541,deterministic_stratified_sample
evidence_core_combo,standard,90,2026-01-13,2026-05-21,2913.3075482190266,-0.028897483926991097,3035.414505480896,2833.6186771681714,-193.17608732205917,-0.06382199731159954,False,False,,,False,False,,,False,False,False,,,8,11,,N1_dual_momentum_taa,N2_absolute_trend_taa,0,4541,deterministic_stratified_sample
evidence_core_combo,standard,90,2026-01-14,2026-05-22,2906.1497338441736,-0.03128342205194212,3035.414505480896,2833.6186771681714,-193.17608732205917,-0.06382199731159954,False,False,,,False,False,,,False,False,False,,,8,11,,N1_dual_momentum_taa,N2_absolute_trend_taa,0,4541,deterministic_stratified_sample
evidence_core_combo,standard,90,2026-01-15,2026-05-26,2906.5561569065653,-0.031147947697811595,3035.414505480896,2833.6186771681714,-193.17608732205917,-0.06382199731159954,False,False,,,False,False,,,False,False,False,,,8,11,,N1_dual_momentum_taa,N2_absolute_trend_taa,0,4541,deterministic_stratified_sample
evidence_core_combo,standard,90,2026-01-16,2026-05-27,2894.1145670861247,-0.0352951443046251,3035.414505480896,2833.6186771681714,-193.17608732205917,-0.06382199731159954,False,False,,,False,False,,,False,False,False,,,8,11,,N1_dual_momentum_taa,N2_absolute_trend_taa,0,4541,deterministic_stratified_sample
evidence_core_combo,standard,90,2026-01-20,2026-05-28,2903.778794829641,-0.032073735056786346,3035.414505480896,2833.6186771681714,-193.17608732205917,-0.06382199731159954,False,False,,,False,False,,,False,False,False,,,8,11,,N1_dual_momentum_taa,N2_absolute_trend_taa,0,4541,deterministic_stratified_sample
evidence_core_combo,standard,90,2026-01-21,2026-05-29,2913.601098955851,-0.028799633681383052,3035.414505480896,2833.6186771681714,-193.17608732205917,-0.06382199731159954,False,False,,,False,False,,,False,False,False,,,8,11,,N1_dual_momentum_taa,N2_absolute_trend_taa,0,4541,deterministic_stratified_sample
