variant_name,slippage_label,horizon_trading_days,start_date,end_date,final_equity,total_return,max_equity,min_equity,max_drawdown_dollars,max_drawdown_pct,target_300_hit,target_300_before_any_stop,target_300_first_date,target_300_trading_days,target_400_hit,target_400_before_any_stop,target_400_first_date,target_400_trading_days,absolute_floor_stop_hit,trailing_drawdown_stop_hit,any_project_stop_hit,first_project_stop_date,first_project_stop_type,number_of_trades,number_of_skipped_signals,strategies_killed,best_strategy_by_pnl,worst_strategy_by_pnl,ending_open_positions_count,possible_window_count,window_sampling_method
current_no_cash_proxy_alpha_AB,stress,180,2008-01-03,2008-09-18,2901.4185879093047,-0.03286047069689846,3059.8721564972593,2901.4185879093047,-158.45356858795458,-0.05178437545225478,False,False,,,False,False,,,False,False,False,,,4,41,,A_ETF_sector_momentum,B_ETF_trend_following,0,4451,deterministic_stratified_sample
current_no_cash_proxy_alpha_AB,stress,180,2008-01-16,2008-10-01,2901.4185879093047,-0.03286047069689846,3059.8721564972593,2901.4185879093047,-158.45356858795458,-0.05178437545225478,False,False,,,False,False,,,False,False,False,,,4,41,,A_ETF_sector_momentum,B_ETF_trend_following,0,4451,deterministic_stratified_sample
current_no_cash_proxy_alpha_AB,stress,180,2008-01-22,2008-10-06,2901.4185879093047,-0.03286047069689846,3059.8721564972593,2901.4185879093047,-158.45356858795458,-0.05178437545225478,False,False,,,False,False,,,False,False,False,,,4,41,,A_ETF_sector_momentum,B_ETF_trend_following,0,4451,deterministic_stratified_sample
current_no_cash_proxy_alpha_AB,stress,180,2008-01-30,2008-10-14,2901.4185879093047,-0.03286047069689846,3059.8721564972593,2901.4185879093047,-158.45356858795458,-0.05178437545225478,False,False,,,False,False,,,False,False,False,,,4,41,,A_ETF_sector_momentum,B_ETF_trend_following,0,4451,deterministic_stratified_sample
current_no_cash_proxy_alpha_AB,stress,180,2008-02-01,2008-10-16,2901.4185879093047,-0.03286047069689846,3059.8721564972593,2901.4185879093047,-158.45356858795458,-0.05178437545225478,False,False,,,False,False,,,False,False,False,,,4,41,,A_ETF_sector_momentum,B_ETF_trend_following,0,4451,deterministic_stratified_sample
current_no_cash_proxy_alpha_AB,stress,180,2008-02-07,2008-10-22,2901.4185879093047,-0.03286047069689846,3059.8721564972593,2901.4185879093047,-158.45356858795458,-0.05178437545225478,False,False,,,False,False,,,False,False,False,,,4,41,,A_ETF_sector_momentum,B_ETF_trend_following,0,4451,deterministic_stratified_sample
current_no_cash_proxy_alpha_AB,stress,180,2008-02-12,2008-10-27,2901.4185879093047,-0.03286047069689846,3059.8721564972593,2901.4185879093047,-158.45356858795458,-0.05178437545225478,False,False,,,False,False,,,False,False,False,,,4,41,,A_ETF_sector_momentum,B_ETF_trend_following,0,4451,deterministic_stratified_sample
current_no_cash_proxy_alpha_AB,stress,180,2008-02-26,2008-11-07,2901.4185879093047,-0.03286047069689846,3059.8721564972593,2901.4185879093047,-158.45356858795458,-0.05178437545225478,False,False,,,False,False,,,False,False,False,,,4,40,,A_ETF_sector_momentum,B_ETF_trend_following,0,4451,deterministic_stratified_sample
current_no_cash_proxy_alpha_AB,stress,180,2008-03-06,2008-11-18,2901.4185879093047,-0.03286047069689846,3059.8721564972593,2901.4185879093047,-158.45356858795458,-0.05178437545225478,False,False,,,False,False,,,False,False,False,,,4,41,,A_ETF_sector_momentum,B_ETF_trend_following,0,4451,deterministic_stratified_sample
current_no_cash_proxy_alpha_AB,stress,180,2008-03-10,2008-11-20,2901.4185879093047,-0.03286047069689846,3059.8721564972593,2901.4185879093047,-158.45356858795458,-0.05178437545225478,False,False,,,False,False,,,False,False,False,,,4,40,,A_ETF_sector_momentum,B_ETF_trend_following,0,4451,deterministic_stratified_sample
current_no_cash_proxy_alpha_AB,stress,180,2008-03-13,2008-11-25,2901.4185879093047,-0.03286047069689846,3059.8721564972593,2901.4185879093047,-158.45356858795458,-0.05178437545225478,False,False,,,False,False,,,False,False,False,,,4,41,,A_ETF_sector_momentum,B_ETF_trend_following,0,4451,deterministic_stratified_sample
current_no_cash_proxy_alpha_AB,stress,180,2008-03-19,2008-12-02,2901.4185879093047,-0.03286047069689846,3059.8721564972593,2901.4185879093047,-158.45356858795458,-0.05178437545225478,False,False,,,False,False,,,False,False,False,,,4,41,,A_ETF_sector_momentum,B_ETF_trend_following,0,4451,deterministic_stratified_sample
current_no_cash_proxy_alpha_AB,stress,180,2008-03-24,2008-12-04,2901.4185879093047,-0.03286047069689846,3059.8721564972593,2901.4185879093047,-158.45356858795458,-0.05178437545225478,False,False,,,False,False,,,False,False,False,,,4,40,,A_ETF_sector_momentum,B_ETF_trend_following,0,4451,deterministic_stratified_sample
current_no_cash_proxy_alpha_AB,stress,180,2008-04-01,2008-12-12,2901.4185879093047,-0.03286047069689846,3059.8721564972593,2901.4185879093047,-158.45356858795458,-0.05178437545225478,False,False,,,False,False,,,False,False,False,,,4,40,,A_ETF_sector_momentum,B_ETF_trend_following,0,4451,deterministic_stratified_sample
current_no_cash_proxy_alpha_AB,stress,180,2008-04-03,2008-12-16,2901.4185879093047,-0.03286047069689846,3059.8721564972593,2901.4185879093047,-158.45356858795458,-0.05178437545225478,False,False,,,False,False,,,False,False,False,,,4,41,,A_ETF_sector_momentum,B_ETF_trend_following,0,4451,deterministic_stratified_sample
current_no_cash_proxy_alpha_AB,stress,180,2008-04-08,2008-12-19,2901.4185879093047,-0.03286047069689846,3059.8721564972593,2901.4185879093047,-158.45356858795458,-0.05178437545225478,False,False,,,False,False,,,False,False,False,,,4,40,,A_ETF_sector_momentum,B_ETF_trend_following,0,4451,deterministic_stratified_sample
current_no_cash_proxy_alpha_AB,stress,180,2008-04-16,2008-12-30,2901.4185879093047,-0.03286047069689846,3059.8721564972593,2901.4185879093047,-158.45356858795458,-0.05178437545225478,False,False,,,False,False,,,False,False,False,,,4,41,,A_ETF_sector_momentum,B_ETF_trend_following,0,4451,deterministic_stratified_sample
current_no_cash_proxy_alpha_AB,stress,180,2008-04-17,2008-12-31,2901.4185879093047,-0.03286047069689846,3059.8721564972593,2901.4185879093047,-158.45356858795458,-0.05178437545225478,False,False,,,False,False,,,False,False,False,,,4,41,,A_ETF_sector_momentum,B_ETF_trend_following,0,4451,deterministic_stratified_sample
current_no_cash_proxy_alpha_AB,stress,180,2008-04-29,2009-01-13,2901.4185879093047,-0.03286047069689846,3059.8721564972593,2901.4185879093047,-158.45356858795458,-0.05178437545225478,False,False,,,False,False,,,False,False,False,,,4,41,,A_ETF_sector_momentum,B_ETF_trend_following,0,4451,deterministic_stratified_sample
current_no_cash_proxy_alpha_AB,stress,180,2008-05-05,2009-01-20,2901.4185879093047,-0.03286047069689846,3059.8721564972593,2901.4185879093047,-158.45356858795458,-0.05178437545225478,False,False,,,False,False,,,False,False,False,,,4,41,,A_ETF_sector_momentum,B_ETF_trend_following,0,4451,deterministic_stratified_sample
current_no_cash_proxy_alpha_AB,stress,180,2008-05-06,2009-01-21,2901.4185879093047,-0.03286047069689846,3059.8721564972593,2901.4185879093047,-158.45356858795458,-0.05178437545225478,False,False,,,False,False,,,False,False,False,,,4,41,,A_ETF_sector_momentum,B_ETF_trend_following,0,4451,deterministic_stratified_sample
current_no_cash_proxy_alpha_AB,stress,180,2008-05-09,2009-01-26,2933.484894692141,-0.02217170176928629,3045.3327237687563,2933.484894692141,-111.8478290766152,-0.036727621978263736,False,False,,,False,False,,,False,False,False,,,2,43,,B_ETF_trend_following,B_ETF_trend_following,0,4451,deterministic_stratified_sample
current_no_cash_proxy_alpha_AB,stress,180,2008-05-12,2009-01-27,2933.484894692141,-0.02217170176928629,3045.3327237687563,2933.484894692141,-111.8478290766152,-0.036727621978263736,False,False,,,False,False,,,False,False,False,,,2,42,,B_ETF_trend_following,B_ETF_trend_following,0,4451,deterministic_stratified_sample
current_no_cash_proxy_alpha_AB,stress,180,2008-05-23,2009-02-09,3000.0,0.0,3000.0,3000.0,0.0,0.0,False,False,,,False,False,,,False,False,False,,,0,39,,,,0,4451,deterministic_stratified_sample
current_no_cash_proxy_alpha_AB,stress,180,2008-05-29,2009-02-12,3000.0,0.0,3000.0,3000.0,0.0,0.0,False,False,,,False,False,,,False,False,False,,,0,38,,,,0,4451,deterministic_stratified_sample
current_no_cash_proxy_alpha_AB,stress,180,2008-06-03,2009-02-18,3000.0,0.0,3000.0,3000.0,0.0,0.0,False,False,,,False,False,,,False,False,False,,,0,38,,,,0,4451,deterministic_stratified_sample
current_no_cash_proxy_alpha_AB,stress,180,2008-06-06,2009-02-23,3000.0,0.0,3000.0,3000.0,0.0,0.0,False,False,,,False,False,,,False,False,False,,,0,39,,,,0,4451,deterministic_stratified_sample
current_no_cash_proxy_alpha_AB,stress,180,2008-06-16,2009-03-03,3000.0,0.0,3000.0,3000.0,0.0,0.0,False,False,,,False,False,,,False,False,False,,,0,38,,,,0,4451,deterministic_stratified_sample
current_no_cash_proxy_alpha_AB,stress,180,2008-06-19,2009-03-06,3000.0,0.0,3000.0,3000.0,0.0,0.0,False,False,,,False,False,,,False,False,False,,,0,38,,,,0,4451,deterministic_stratified_sample
current_no_cash_proxy_alpha_AB,stress,180,2008-07-02,2009-03-19,3000.0,0.0,3000.0,3000.0,0.0,0.0,False,False,,,False,False,,,False,False,False,,,0,38,,,,0,4451,deterministic_stratified_sample
current_no_cash_proxy_alpha_AB,stress,180,2008-07-16,2009-04-01,3000.0,0.0,3000.0,3000.0,0.0,0.0,False,False,,,False,False,,,False,False,False,,,0,38,,,,0,4451,deterministic_stratified_sample
current_no_cash_proxy_alpha_AB,stress,180,2008-07-21,2009-04-06,3000.0,0.0,3000.0,3000.0,0.0,0.0,False,False,,,False,False,,,False,False,False,,,0,38,,,,0,4451,deterministic_stratified_sample
current_no_cash_proxy_alpha_AB,stress,180,2008-07-29,2009-04-15,3000.0,0.0,3000.0,3000.0,0.0,0.0,False,False,,,False,False,,,False,False,False,,,0,38,,,,0,4451,deterministic_stratified_sample
current_no_cash_proxy_alpha_AB,stress,180,2008-08-04,2009-04-21,3000.0,0.0,3000.0,3000.0,0.0,0.0,False,False,,,False,False,,,False,False,False,,,0,38,,,,0,4451,deterministic_stratified_sample
current_no_cash_proxy_alpha_AB,stress,180,2008-08-06,2009-04-23,3000.0,0.0,3000.0,3000.0,0.0,0.0,False,False,,,False,False,,,False,False,False,,,0,38,,,,0,4451,deterministic_stratified_sample
current_no_cash_proxy_alpha_AB,stress,180,2008-08-11,2009-04-28,3000.0,0.0,3000.0,3000.0,0.0,0.0,False,False,,,False,False,,,False,False,False,,,0,38,,,,0,4451,deterministic_stratified_sample
current_no_cash_proxy_alpha_AB,stress,180,2008-08-22,2009-05-11,3000.0,0.0,3000.0,3000.0,0.0,0.0,False,False,,,False,False,,,False,False,False,,,0,39,,,,0,4451,deterministic_stratified_sample
current_no_cash_proxy_alpha_AB,stress,180,2008-09-04,2009-05-21,3000.0,0.0,3000.0,3000.0,0.0,0.0,False,False,,,False,False,,,False,False,False,,,0,38,,,,0,4451,deterministic_stratified_sample
current_no_cash_proxy_alpha_AB,stress,180,2008-09-10,2009-05-28,3000.0,0.0,3000.0,3000.0,0.0,0.0,False,False,,,False,False,,,False,False,False,,,0,38,,,,0,4451,deterministic_stratified_sample
current_no_cash_proxy_alpha_AB,stress,180,2008-09-17,2009-06-04,3034.4193029216494,0.011473100973883099,3034.4193029216494,2989.5074627972467,-35.86239173633612,-0.011853886784320089,False,False,,,False,False,,,False,False,False,,,3,40,,A_ETF_sector_momentum,B_ETF_trend_following,0,4451,deterministic_stratified_sample
current_no_cash_proxy_alpha_AB,stress,180,2008-09-26,2009-06-15,2961.3189815526134,-0.012893672815795565,3034.4193029216494,2961.3189815526134,-73.10032136903601,-0.02409038239990513,False,False,,,False,False,,,False,False,False,,,4,46,,A_ETF_sector_momentum,B_ETF_trend_following,0,4451,deterministic_stratified_sample
current_no_cash_proxy_alpha_AB,stress,180,2008-09-30,2009-06-17,2935.2506337493114,-0.021583122083562833,3034.4193029216494,2920.9799829116673,-113.43932000998211,-0.03738419403698057,False,False,,,False,False,,,False,False,False,,,4,45,,A_ETF_sector_momentum,B_ETF_trend_following,0,4451,deterministic_stratified_sample
current_no_cash_proxy_alpha_AB,stress,180,2008-10-13,2009-06-30,2913.0720168127336,-0.02897599439575549,3034.4193029216494,2896.4154489261905,-138.00385399545894,-0.04547949384008454,False,False,,,False,False,,,False,False,False,,,5,43,,A_ETF_sector_momentum,B_ETF_trend_following,0,4451,deterministic_stratified_sample
current_no_cash_proxy_alpha_AB,stress,180,2008-10-14,2009-07-01,2922.492898148393,-0.025835700617202306,3034.4193029216494,2896.4154489261905,-138.00385399545894,-0.04547949384008454,False,False,,,False,False,,,False,False,False,,,5,43,,A_ETF_sector_momentum,B_ETF_trend_following,0,4451,deterministic_stratified_sample
current_no_cash_proxy_alpha_AB,stress,180,2008-10-24,2009-07-14,2861.231468789409,-0.046256177070197024,3034.4193029216494,2823.4542960432236,-210.9650068784258,-0.06952401293891752,False,False,,,False,False,,,False,False,False,,,6,42,B_ETF_trend_following,A_ETF_sector_momentum,B_ETF_trend_following,0,4451,deterministic_stratified_sample
current_no_cash_proxy_alpha_AB,stress,180,2008-10-30,2009-07-20,2933.7716644327406,-0.02207611185575309,3034.4193029216494,2823.4542960432236,-210.9650068784258,-0.06952401293891752,False,False,,,False,False,,,False,False,False,,,7,57,B_ETF_trend_following,A_ETF_sector_momentum,B_ETF_trend_following,0,4451,deterministic_stratified_sample
current_no_cash_proxy_alpha_AB,stress,180,2008-10-31,2009-07-21,2936.347954208945,-0.021217348597018404,3034.4193029216494,2823.4542960432236,-210.9650068784258,-0.06952401293891752,False,False,,,False,False,,,False,False,False,,,7,62,B_ETF_trend_following,A_ETF_sector_momentum,B_ETF_trend_following,0,4451,deterministic_stratified_sample
current_no_cash_proxy_alpha_AB,stress,180,2008-11-06,2009-07-27,3008.6228282159886,0.0028742760719961957,3034.4193029216494,2823.4542960432236,-210.9650068784258,-0.06952401293891752,False,False,,,False,False,,,False,False,False,,,7,81,B_ETF_trend_following,A_ETF_sector_momentum,B_ETF_trend_following,0,4451,deterministic_stratified_sample
current_no_cash_proxy_alpha_AB,stress,180,2008-11-17,2009-08-05,3028.4937532810013,0.009497917760333818,3047.2076544044457,2823.4542960432236,-210.9650068784258,-0.06952401293891752,False,False,,,False,False,,,False,False,False,,,7,107,B_ETF_trend_following,A_ETF_sector_momentum,B_ETF_trend_following,0,4451,deterministic_stratified_sample
current_no_cash_proxy_alpha_AB,stress,180,2008-11-19,2009-08-07,3019.4146216570875,0.0064715405523625424,3047.2076544044457,2823.4542960432236,-210.9650068784258,-0.06952401293891752,False,False,,,False,False,,,False,False,False,,,7,110,B_ETF_trend_following,A_ETF_sector_momentum,B_ETF_trend_following,0,4451,deterministic_stratified_sample
current_no_cash_proxy_alpha_AB,stress,180,2008-12-03,2009-08-20,2974.4336799194884,-0.00852210669350384,3047.2076544044457,2823.4542960432236,-210.9650068784258,-0.06952401293891752,False,False,,,False,False,,,False,False,False,,,7,118,B_ETF_trend_following,A_ETF_sector_momentum,B_ETF_trend_following,0,4451,deterministic_stratified_sample
current_no_cash_proxy_alpha_AB,stress,180,2008-12-04,2009-08-21,2990.4035010997877,-0.003198832966737397,3047.2076544044457,2823.4542960432236,-210.9650068784258,-0.06952401293891752,False,False,,,False,False,,,False,False,False,,,7,119,B_ETF_trend_following,A_ETF_sector_momentum,B_ETF_trend_following,0,4451,deterministic_stratified_sample
current_no_cash_proxy_alpha_AB,stress,180,2008-12-16,2009-09-02,2933.5868577845995,-0.022137714071800207,3047.2076544044457,2823.4542960432236,-210.9650068784258,-0.06952401293891752,False,False,,,False,False,,,False,False,False,,,8,148,B_ETF_trend_following,A_ETF_sector_momentum,B_ETF_trend_following,0,4451,deterministic_stratified_sample
current_no_cash_proxy_alpha_AB,stress,180,2008-12-22,2009-09-09,2985.7710810904555,-0.004742972969848158,3047.2076544044457,2823.4542960432236,-210.9650068784258,-0.06952401293891752,False,False,,,False,False,,,False,False,False,,,9,154,B_ETF_trend_following,A_ETF_sector_momentum,B_ETF_trend_following,0,4451,deterministic_stratified_sample
current_no_cash_proxy_alpha_AB,stress,180,2008-12-30,2009-09-16,3033.730920099181,0.01124364003306022,3047.2076544044457,2823.4542960432236,-210.9650068784258,-0.06952401293891752,False,False,,,False,False,,,False,False,False,,,10,178,B_ETF_trend_following,A_ETF_sector_momentum,B_ETF_trend_following,0,4451,deterministic_stratified_sample
current_no_cash_proxy_alpha_AB,stress,180,2009-01-12,2009-09-28,3007.0429130546227,0.0023476376848741154,3062.3830771847984,2823.4542960432236,-210.9650068784258,-0.06952401293891752,False,False,,,False,False,,,False,False,False,,,12,195,B_ETF_trend_following,A_ETF_sector_momentum,B_ETF_trend_following,0,4451,deterministic_stratified_sample
current_no_cash_proxy_alpha_AB,stress,180,2009-01-13,2009-09-29,3007.3150153999895,0.0024383384666630814,3062.3830771847984,2823.4542960432236,-210.9650068784258,-0.06952401293891752,False,False,,,False,False,,,False,False,False,,,12,196,B_ETF_trend_following,A_ETF_sector_momentum,B_ETF_trend_following,0,4451,deterministic_stratified_sample
current_no_cash_proxy_alpha_AB,stress,180,2009-01-16,2009-10-02,2970.6602070748395,-0.009779930975053475,3062.3830771847984,2823.4542960432236,-210.9650068784258,-0.06952401293891752,False,False,,,False,False,,,False,False,False,,,12,198,B_ETF_trend_following,A_ETF_sector_momentum,B_ETF_trend_following,0,4451,deterministic_stratified_sample
current_no_cash_proxy_alpha_AB,stress,180,2009-01-27,2009-10-12,3052.3906994555146,0.017463566485171444,3062.3830771847984,2823.4542960432236,-210.9650068784258,-0.06952401293891752,False,False,,,False,False,,,False,False,False,,,14,207,B_ETF_trend_following,A_ETF_sector_momentum,B_ETF_trend_following,0,4451,deterministic_stratified_sample
current_no_cash_proxy_alpha_AB,stress,180,2009-01-29,2009-10-14,3069.2829106513177,0.023094303550439177,3069.2829106513177,2823.4542960432236,-210.9650068784258,-0.06952401293891752,False,False,,,False,False,,,False,False,False,,,14,216,B_ETF_trend_following,A_ETF_sector_momentum,B_ETF_trend_following,0,4451,deterministic_stratified_sample
current_no_cash_proxy_alpha_AB,stress,180,2009-02-06,2009-10-22,3087.8824995115638,0.029294166503854635,3094.0779661209353,2823.4542960432236,-210.9650068784258,-0.06952401293891752,False,False,,,False,False,,,False,False,False,,,14,234,B_ETF_trend_following,A_ETF_sector_momentum,B_ETF_trend_following,0,4451,deterministic_stratified_sample
current_no_cash_proxy_alpha_AB,stress,180,2009-02-11,2009-10-27,3037.8958085004633,0.012631936166821012,3094.0779661209353,2823.4542960432236,-210.9650068784258,-0.06952401293891752,False,False,,,False,False,,,False,False,False,,,14,235,B_ETF_trend_following,A_ETF_sector_momentum,B_ETF_trend_following,0,4451,deterministic_stratified_sample
current_no_cash_proxy_alpha_AB,stress,180,2009-02-17,2009-10-30,3018.5566644310948,0.006185554810364868,3094.0779661209353,2823.4542960432236,-210.9650068784258,-0.06952401293891752,False,False,,,False,False,,,False,False,False,,,14,234,B_ETF_trend_following,A_ETF_sector_momentum,B_ETF_trend_following,0,4451,deterministic_stratified_sample
current_no_cash_proxy_alpha_AB,stress,180,2009-02-20,2009-11-04,3059.305784957839,0.019768594985946297,3094.0779661209353,2823.4542960432236,-210.9650068784258,-0.06952401293891752,False,False,,,False,False,,,False,False,False,,,15,235,B_ETF_trend_following,A_ETF_sector_momentum,B_ETF_trend_following,0,4451,deterministic_stratified_sample
current_no_cash_proxy_alpha_AB,stress,180,2009-03-05,2009-11-17,3142.2588630209066,0.04741962100696884,3142.2588630209066,2823.4542960432236,-210.9650068784258,-0.06952401293891752,False,False,,,False,False,,,False,False,False,,,16,259,B_ETF_trend_following,A_ETF_sector_momentum,B_ETF_trend_following,0,4451,deterministic_stratified_sample
current_no_cash_proxy_alpha_AB,stress,180,2009-03-18,2009-12-01,3212.280199978525,0.07076006665950829,3212.280199978525,2823.4542960432236,-210.9650068784258,-0.06952401293891752,False,False,,,False,False,,,False,False,False,,,16,284,B_ETF_trend_following,A_ETF_sector_momentum,B_ETF_trend_following,0,4451,deterministic_stratified_sample
current_no_cash_proxy_alpha_AB,stress,180,2009-03-23,2009-12-04,3180.3885550920104,0.060129518364003376,3231.8636342609966,2823.4542960432236,-210.9650068784258,-0.06952401293891752,False,False,,,False,False,,,False,False,False,,,16,292,B_ETF_trend_following,A_ETF_sector_momentum,B_ETF_trend_following,0,4451,deterministic_stratified_sample
current_no_cash_proxy_alpha_AB,stress,180,2009-03-31,2009-12-14,3205.635380939697,0.0685451269798989,3231.8636342609966,2823.4542960432236,-210.9650068784258,-0.06952401293891752,False,False,,,False,False,,,False,False,False,,,17,301,B_ETF_trend_following,A_ETF_sector_momentum,B_ETF_trend_following,0,4451,deterministic_stratified_sample
current_no_cash_proxy_alpha_AB,stress,180,2009-04-08,2009-12-22,3194.796921707826,0.06493230723594201,3231.8636342609966,2823.4542960432236,-210.9650068784258,-0.06952401293891752,False,False,,,False,False,,,False,False,False,,,18,312,B_ETF_trend_following,A_ETF_sector_momentum,B_ETF_trend_following,0,4451,deterministic_stratified_sample
current_no_cash_proxy_alpha_AB,stress,180,2009-04-14,2009-12-28,3205.4006091987903,0.06846686973293004,3231.8636342609966,2823.4542960432236,-210.9650068784258,-0.06952401293891752,False,False,,,False,False,,,False,False,False,,,18,327,B_ETF_trend_following,A_ETF_sector_momentum,B_ETF_trend_following,0,4451,deterministic_stratified_sample
current_no_cash_proxy_alpha_AB,stress,180,2009-04-15,2009-12-29,3208.0294349369915,0.06934314497899718,3231.8636342609966,2823.4542960432236,-210.9650068784258,-0.06952401293891752,False,False,,,False,False,,,False,False,False,,,18,332,B_ETF_trend_following,A_ETF_sector_momentum,B_ETF_trend_following,0,4451,deterministic_stratified_sample
current_no_cash_proxy_alpha_AB,stress,180,2009-04-22,2010-01-06,3187.3980624887304,0.06246602082957686,3231.8636342609966,2823.4542960432236,-210.9650068784258,-0.06952401293891752,False,False,,,False,False,,,False,False,False,,,19,345,B_ETF_trend_following,A_ETF_sector_momentum,B_ETF_trend_following,0,4451,deterministic_stratified_sample
current_no_cash_proxy_alpha_AB,stress,180,2009-04-27,2010-01-11,3193.4455919424017,0.06448186398080047,3231.8636342609966,2823.4542960432236,-210.9650068784258,-0.06952401293891752,False,False,,,False,False,,,False,False,False,,,19,360,B_ETF_trend_following,A_ETF_sector_momentum,B_ETF_trend_following,0,4451,deterministic_stratified_sample
current_no_cash_proxy_alpha_AB,stress,180,2009-05-08,2010-01-25,3105.5214312263342,0.035173810408777983,3231.8636342609966,2823.4542960432236,-210.9650068784258,-0.06952401293891752,False,False,,,False,False,,,False,False,False,,,21,374,B_ETF_trend_following,A_ETF_sector_momentum,B_ETF_trend_following,0,4451,deterministic_stratified_sample
current_no_cash_proxy_alpha_AB,stress,180,2009-05-13,2010-01-28,3099.285048643419,0.03309501621447297,3231.8636342609966,2823.4542960432236,-210.9650068784258,-0.06952401293891752,False,False,,,False,False,,,False,False,False,,,21,373,B_ETF_trend_following,A_ETF_sector_momentum,B_ETF_trend_following,0,4451,deterministic_stratified_sample
current_no_cash_proxy_alpha_AB,stress,180,2009-05-21,2010-02-05,3068.9492696622638,0.02298308988742126,3231.8636342609966,2823.4542960432236,-210.9650068784258,-0.06952401293891752,False,False,,,False,False,,,False,False,False,,,22,374,B_ETF_trend_following,A_ETF_sector_momentum,B_ETF_trend_following,0,4451,deterministic_stratified_sample
current_no_cash_proxy_alpha_AB,stress,180,2009-06-04,2010-02-19,3393.5185114204564,0.13117283714015215,3508.856166547497,2869.536210928235,-158.9290307236406,-0.045293686369600406,True,True,2009-11-16,116,True,True,2009-11-24,122,False,False,False,,,33,347,,A_ETF_sector_momentum,B_ETF_trend_following,0,4451,deterministic_stratified_sample
current_no_cash_proxy_alpha_AB,stress,180,2009-06-17,2010-03-04,3391.9578987374334,0.13065263291247775,3465.1141568904045,2909.11569193791,-156.2630024885293,-0.04509606189389148,True,True,2009-11-20,111,True,True,2009-11-25,114,False,False,False,,,33,361,,B_ETF_trend_following,A_ETF_sector_momentum,0,4451,deterministic_stratified_sample
current_no_cash_proxy_alpha_AB,stress,180,2009-06-30,2010-03-17,3726.6063695231915,0.24220212317439715,3726.6063695231915,2943.005779633886,-170.19920004753294,-0.046077394537861194,True,True,2009-07-23,17,True,True,2009-10-19,78,False,False,False,,,31,400,,A_ETF_sector_momentum,B_ETF_trend_following,0,4451,deterministic_stratified_sample
current_no_cash_proxy_alpha_AB,stress,180,2009-07-07,2010-03-23,3791.005689324432,0.2636685631081439,3791.005689324432,3000.0,-187.8198443077208,-0.05031764924574034,True,True,2009-07-23,13,True,True,2009-10-14,71,False,False,False,,,31,406,,A_ETF_sector_momentum,B_ETF_trend_following,0,4451,deterministic_stratified_sample
current_no_cash_proxy_alpha_AB,stress,180,2009-07-13,2010-03-29,3666.894804334802,0.22229826811160058,3666.894804334802,3000.0,-163.4390573012074,-0.04586787816473703,True,True,2009-10-19,70,True,True,2009-11-17,91,False,False,False,,,33,416,,A_ETF_sector_momentum,B_ETF_trend_following,0,4451,deterministic_stratified_sample
current_no_cash_proxy_alpha_AB,stress,180,2009-07-22,2010-04-08,3491.1963276944484,0.16373210923148274,3491.1963276944484,2956.144419338436,-151.703699032827,-0.04487998125954096,True,True,2009-11-25,90,True,True,2010-03-17,165,False,False,False,,,31,421,,A_ETF_sector_momentum,B_ETF_trend_following,0,4451,deterministic_stratified_sample
current_no_cash_proxy_alpha_AB,stress,180,2009-07-24,2010-04-12,3490.1751863456143,0.16339172878187136,3490.1751863456143,2929.800284978794,-150.47752457024762,-0.044879981259540735,True,True,2009-12-01,91,True,True,2010-03-22,166,False,False,False,,,31,405,,A_ETF_sector_momentum,B_ETF_trend_following,0,4451,deterministic_stratified_sample
current_no_cash_proxy_alpha_AB,stress,180,2009-08-06,2010-04-23,3614.9178947949267,0.20497263159830892,3616.4409059475456,2933.5269586820164,-151.4456733556999,-0.04487998125954096,True,True,2009-11-25,79,True,True,2010-03-17,154,False,False,False,,,29,408,,A_ETF_sector_momentum,B_ETF_trend_following,0,4451,deterministic_stratified_sample
current_no_cash_proxy_alpha_AB,stress,180,2009-08-19,2010-05-06,3526.5956581830364,0.17553188606101222,3681.9392262610136,2972.778964334501,-170.83411505987306,-0.04639786388689371,True,True,2009-11-23,68,True,True,2009-12-02,74,False,False,False,,,32,402,,A_ETF_sector_momentum,B_ETF_trend_following,0,4451,deterministic_stratified_sample
current_no_cash_proxy_alpha_AB,stress,180,2009-09-01,2010-05-19,3521.2314391581667,0.17374381305272224,3684.4782456188404,3000.0,-172.70278118895703,-0.04687306307054884,True,True,2009-11-23,59,True,True,2009-12-02,65,False,False,False,,,33,370,,A_ETF_sector_momentum,B_ETF_trend_following,0,4451,deterministic_stratified_sample
current_no_cash_proxy_alpha_AB,stress,180,2009-09-15,2010-06-02,3405.2267812885093,0.1350755937628365,3559.976407272392,2924.7357565343937,-166.8641674240157,-0.046872267772095966,True,True,2009-12-02,56,True,True,2010-04-05,139,False,False,False,,,33,349,,A_ETF_sector_momentum,B_ETF_trend_following,0,4451,deterministic_stratified_sample
current_no_cash_proxy_alpha_AB,stress,180,2009-09-16,2010-06-03,3442.6483989357725,0.14754946631192412,3601.164149376491,2942.163950581795,-168.7947303008459,-0.04687226777209563,True,True,2009-12-01,54,True,True,2010-03-22,129,False,False,False,,,31,344,,A_ETF_sector_momentum,B_ETF_trend_following,0,4451,deterministic_stratified_sample
current_no_cash_proxy_alpha_AB,stress,180,2009-09-18,2010-06-07,3407.9377575967,0.13597925253223342,3538.930045109364,2907.3260678584716,-165.8776767010827,-0.04687226777209619,True,True,2010-03-16,123,True,True,2010-04-08,139,False,False,False,,,33,342,,A_ETF_sector_momentum,B_ETF_trend_following,0,4451,deterministic_stratified_sample
current_no_cash_proxy_alpha_AB,stress,180,2009-09-28,2010-06-15,3459.8813125287156,0.15329377084290519,3607.5680807159933,2951.4021070045783,-169.09489708538695,-0.04687226777209608,True,True,2009-12-01,46,True,True,2010-03-22,121,False,False,False,,,30,330,,A_ETF_sector_momentum,B_ETF_trend_following,0,4451,deterministic_stratified_sample
current_no_cash_proxy_alpha_AB,stress,180,2009-10-09,2010-06-28,3388.8349019829625,0.12961163399432074,3538.556293146972,2966.7706420528284,-171.61024970232666,-0.04849725014539963,True,True,2010-03-16,108,True,True,2010-04-08,124,False,False,False,,,30,333,,A_ETF_sector_momentum,B_ETF_trend_following,0,4451,deterministic_stratified_sample
current_no_cash_proxy_alpha_AB,stress,180,2009-10-22,2010-07-12,3350.738182963086,0.116912727654362,3499.3846735354346,2922.5567932014815,-169.57085398018262,-0.048457334588730694,True,True,2010-03-22,103,True,True,2010-04-14,119,False,False,False,,,28,306,,A_ETF_sector_momentum,B_ETF_trend_following,0,4451,deterministic_stratified_sample
current_no_cash_proxy_alpha_AB,stress,180,2009-11-04,2010-07-23,3371.460793508437,0.12382026450281236,3510.854928672611,3000.0,-170.1680309539879,-0.048469114905390076,True,True,2010-03-22,94,True,True,2010-04-12,108,False,False,False,,,27,305,,B_ETF_trend_following,A_ETF_sector_momentum,0,4451,deterministic_stratified_sample
current_no_cash_proxy_alpha_AB,stress,180,2009-11-05,2010-07-26,3396.662183034812,0.13222072767827076,3437.277698373367,2994.9372138250133,-175.76404542408454,-0.05487536825983241,True,True,2010-04-13,108,True,True,2010-04-26,117,False,False,False,,,25,308,,B_ETF_trend_following,A_ETF_sector_momentum,0,4451,deterministic_stratified_sample
current_no_cash_proxy_alpha_AB,stress,180,2009-11-13,2010-08-03,3270.4530364989237,0.09015101216630783,3380.414619088583,2977.124692853775,-173.07537389194567,-0.054941073654010575,True,True,2010-04-21,108,False,False,,,False,False,False,,,28,299,,B_ETF_trend_following,A_ETF_sector_momentum,0,4451,deterministic_stratified_sample
current_no_cash_proxy_alpha_AB,stress,180,2009-11-17,2010-08-05,3234.3176111607854,0.0781058703869284,3312.9778114392107,2917.7332252727047,-176.40568348288343,-0.05701285193877448,True,True,2010-05-11,120,False,False,,,False,False,False,,,29,288,,B_ETF_trend_following,A_ETF_sector_momentum,0,4451,deterministic_stratified_sample
current_no_cash_proxy_alpha_AB,stress,180,2009-12-01,2010-08-18,3132.5728200577205,0.04419094001924018,3296.4123250445296,2903.14403307236,-169.909528533326,-0.051543772980836344,False,False,,,False,False,,,False,False,False,,,28,273,,A_ETF_sector_momentum,B_ETF_trend_following,0,4451,deterministic_stratified_sample
current_no_cash_proxy_alpha_AB,stress,180,2009-12-02,2010-08-19,3121.828233177729,0.040609411059242984,3280.609357044313,2889.22638936435,-169.73549952247367,-0.05173901585021323,False,False,,,False,False,,,False,False,False,,,28,269,,A_ETF_sector_momentum,B_ETF_trend_following,0,4451,deterministic_stratified_sample
current_no_cash_proxy_alpha_AB,stress,180,2009-12-11,2010-08-30,3088.209219535568,0.029403073178522643,3244.7616300470163,2857.6553647262217,-169.34072909260385,-0.052188958204042235,False,False,,,False,False,,,False,False,False,,,27,263,,B_ETF_trend_following,A_ETF_sector_momentum,0,4451,deterministic_stratified_sample
current_no_cash_proxy_alpha_AB,stress,180,2009-12-15,2010-09-01,3191.6693722161435,0.06388979073871459,3351.4328135479323,2951.600472117261,-170.51543757463742,-0.050878369658893585,True,True,2010-04-22,88,False,False,,,False,False,False,,,23,253,,A_ETF_sector_momentum,B_ETF_trend_following,0,4451,deterministic_stratified_sample
current_no_cash_proxy_alpha_AB,stress,180,2009-12-24,2010-09-13,3078.0152719530197,0.026005090651006535,3252.0143311837187,2864.042804752673,-173.999059230699,-0.05350500997557539,False,False,,,False,False,,,False,False,False,,,27,239,,A_ETF_sector_momentum,B_ETF_trend_following,0,4451,deterministic_stratified_sample
current_no_cash_proxy_alpha_AB,stress,180,2010-01-08,2010-09-24,3164.4352436901045,0.0548117478967014,3258.546916359538,2869.796040028985,-174.0971909712407,-0.05342786077352013,False,False,,,False,False,,,False,False,False,,,26,216,,A_ETF_sector_momentum,B_ETF_trend_following,0,4451,deterministic_stratified_sample
current_no_cash_proxy_alpha_AB,stress,180,2010-01-19,2010-10-04,3211.0283591056195,0.07034278636853974,3276.6598962168614,2885.7481067636095,-174.36928206411676,-0.053215557179260076,False,False,,,False,False,,,False,False,False,,,24,221,,A_ETF_sector_momentum,B_ETF_trend_following,0,4451,deterministic_stratified_sample
current_no_cash_proxy_alpha_AB,stress,180,2010-01-22,2010-10-07,3297.4731312755457,0.09915771042518196,3326.0421016744654,2929.238920708512,-175.11109585497024,-0.05264849045861808,True,True,2010-05-11,76,False,False,,,False,False,False,,,22,229,,A_ETF_sector_momentum,B_ETF_trend_following,0,4451,deterministic_stratified_sample
current_no_cash_proxy_alpha_AB,stress,180,2010-02-04,2010-10-20,3379.5665422096026,0.1265221807365342,3438.225165495134,2985.878185020654,-176.48023358143246,-0.051644916755462233,True,True,2010-04-14,48,True,True,2010-05-11,67,False,False,False,,,20,256,,A_ETF_sector_momentum,B_ETF_trend_following,0,4451,deterministic_stratified_sample
current_no_cash_proxy_alpha_AB,stress,180,2010-02-18,2010-11-02,3401.0207419347935,0.13367358064493118,3436.739967052345,2982.359639634741,-175.8502984189895,-0.05149115925468484,True,True,2010-04-14,39,True,True,2010-05-11,58,False,False,False,,,20,263,,B_ETF_trend_following,A_ETF_sector_momentum,0,4451,deterministic_stratified_sample
current_no_cash_proxy_alpha_AB,stress,180,2010-02-19,2010-11-03,3355.3055391719313,0.1184351797239771,3390.9372830874418,2967.178504879048,-175.80047788492902,-0.05213639429400274,True,True,2010-04-14,38,False,False,,,False,False,False,,,21,278,,A_ETF_sector_momentum,B_ETF_trend_following,0,4451,deterministic_stratified_sample
current_no_cash_proxy_alpha_AB,stress,180,2010-03-03,2010-11-15,3181.6343335375777,0.06054477784585921,3332.385534804079,3000.0,-299.92316499347453,-0.09000254078077674,True,True,2010-04-14,30,False,False,,,False,False,False,,,27,268,,B_ETF_trend_following,A_ETF_sector_momentum,0,4451,deterministic_stratified_sample
current_no_cash_proxy_alpha_AB,stress,180,2010-03-16,2010-11-29,2998.973626159912,-0.0003421246133626932,3154.531218816519,2851.383376212525,-303.1478426039939,-0.09609917340356056,False,False,,,False,False,,,False,False,False,,,30,232,,A_ETF_sector_momentum,B_ETF_trend_following,0,4451,deterministic_stratified_sample
current_no_cash_proxy_alpha_AB,stress,180,2010-03-19,2010-12-02,3309.200290542238,0.10306676351407917,3309.200290542238,3000.0,-173.78656088287153,-0.05367313883922997,True,True,2010-12-02,180,False,False,,,False,False,False,,,25,218,,A_ETF_sector_momentum,B_ETF_trend_following,0,4451,deterministic_stratified_sample
current_no_cash_proxy_alpha_AB,stress,180,2010-03-29,2010-12-10,3155.5096117084354,0.05183653723614512,3185.1573433743806,2893.0403008055155,-292.11704256886514,-0.09171196618481459,False,False,,,False,False,,,False,False,False,,,28,230,,A_ETF_sector_momentum,B_ETF_trend_following,0,4451,deterministic_stratified_sample
current_no_cash_proxy_alpha_AB,stress,180,2010-04-12,2010-12-23,2991.6126527637125,-0.002795782412095882,3099.673240804789,2844.3085746194,-255.36466618538907,-0.08238438259353009,False,False,,,False,False,,,False,False,False,,,26,271,B_ETF_trend_following,A_ETF_sector_momentum,B_ETF_trend_following,0,4451,deterministic_stratified_sample
current_no_cash_proxy_alpha_AB,stress,180,2010-04-23,2011-01-06,3160.035922234126,0.05334530741137522,3165.6935113349364,2863.9096204440457,-170.73373755983175,-0.05626154951932694,False,False,,,False,False,,,False,False,False,,,27,252,,A_ETF_sector_momentum,B_ETF_trend_following,0,4451,deterministic_stratified_sample
current_no_cash_proxy_alpha_AB,stress,180,2010-05-06,2011-01-20,2941.142023987979,-0.019619325337340343,3041.666322968174,2811.4435946975505,-230.22272827062352,-0.07568967264166027,False,False,,,False,False,,,False,False,False,,,25,300,B_ETF_trend_following,A_ETF_sector_momentum,B_ETF_trend_following,0,4451,deterministic_stratified_sample
current_no_cash_proxy_alpha_AB,stress,180,2010-05-07,2011-01-21,2936.0716037346383,-0.021309465421787244,3053.635266831692,2806.5967697474407,-247.0384970842515,-0.08089980482199732,False,False,,,False,False,,,False,False,False,,,22,305,B_ETF_trend_following,A_ETF_sector_momentum,B_ETF_trend_following,0,4451,deterministic_stratified_sample
current_no_cash_proxy_alpha_AB,stress,180,2010-05-18,2011-02-01,3117.3754654940394,0.03912515516467985,3246.9214822817485,2877.203787458267,-151.60373370286197,-0.04903525213921234,False,False,,,False,False,,,False,False,False,,,30,278,B_ETF_trend_following,A_ETF_sector_momentum,B_ETF_trend_following,0,4451,deterministic_stratified_sample
current_no_cash_proxy_alpha_AB,stress,180,2010-05-21,2011-02-04,3048.001238334026,0.016000412778008677,3050.567617675478,2822.2573386030663,-186.47019486044837,-0.06197643116118001,False,False,,,False,False,,,False,False,False,,,21,325,B_ETF_trend_following,A_ETF_sector_momentum,B_ETF_trend_following,0,4451,deterministic_stratified_sample
current_no_cash_proxy_alpha_AB,stress,180,2010-06-01,2011-02-14,3109.044503166213,0.036348167722070945,3109.044503166213,2822.2573386030663,-186.47019486044837,-0.06197643116118001,False,False,,,False,False,,,False,False,False,,,21,346,B_ETF_trend_following,A_ETF_sector_momentum,B_ETF_trend_following,0,4451,deterministic_stratified_sample
current_no_cash_proxy_alpha_AB,stress,180,2010-06-14,2011-02-28,3117.7450783718746,0.03924835945729144,3138.2389608587437,2822.2573386030663,-186.47019486044837,-0.06197643116118001,False,False,,,False,False,,,False,False,False,,,22,369,B_ETF_trend_following,A_ETF_sector_momentum,B_ETF_trend_following,0,4451,deterministic_stratified_sample
current_no_cash_proxy_alpha_AB,stress,180,2010-06-25,2011-03-11,3109.821436176869,0.03660714539228982,3228.130665743386,2888.2867689460472,-146.6241270956607,-0.04817696728003873,False,False,,,False,False,,,False,False,False,,,19,377,B_ETF_trend_following,A_ETF_sector_momentum,B_ETF_trend_following,0,4451,deterministic_stratified_sample
current_no_cash_proxy_alpha_AB,stress,180,2010-07-08,2011-03-23,3093.970508192032,0.0313235027306773,3228.130665743386,2888.2867689460472,-153.26584248970357,-0.04817696728003873,False,False,,,False,False,,,False,False,False,,,22,375,B_ETF_trend_following,A_ETF_sector_momentum,B_ETF_trend_following,0,4451,deterministic_stratified_sample
current_no_cash_proxy_alpha_AB,stress,180,2010-07-09,2011-03-24,3104.980325593633,0.03499344186454434,3228.130665743386,2888.2867689460472,-153.26584248970357,-0.04817696728003873,False,False,,,False,False,,,False,False,False,,,22,376,B_ETF_trend_following,A_ETF_sector_momentum,B_ETF_trend_following,0,4451,deterministic_stratified_sample
current_no_cash_proxy_alpha_AB,stress,180,2010-07-22,2011-04-06,3175.1395752158987,0.05837985840529947,3228.130665743386,2888.2867689460472,-153.26584248970357,-0.04817696728003873,False,False,,,False,False,,,False,False,False,,,22,404,B_ETF_trend_following,A_ETF_sector_momentum,B_ETF_trend_following,0,4451,deterministic_stratified_sample
current_no_cash_proxy_alpha_AB,stress,180,2010-07-23,2011-04-07,3168.265412492026,0.05608847083067525,3228.130665743386,2888.2867689460472,-153.26584248970357,-0.04817696728003873,False,False,,,False,False,,,False,False,False,,,22,409,B_ETF_trend_following,A_ETF_sector_momentum,B_ETF_trend_following,0,4451,deterministic_stratified_sample
current_no_cash_proxy_alpha_AB,stress,180,2010-07-29,2011-04-13,3116.2753569954357,0.038758452331811855,3288.9617806446113,2914.457076869658,-195.71226307430015,-0.059505788187037556,False,False,,,False,False,,,False,False,False,,,31,370,B_ETF_trend_following,A_ETF_sector_momentum,B_ETF_trend_following,0,4451,deterministic_stratified_sample
current_no_cash_proxy_alpha_AB,stress,180,2010-08-04,2011-04-19,3121.777400631383,0.040592466877127586,3287.5551780572205,2913.210640109799,-195.62856207867208,-0.05950578818703778,False,False,,,False,False,,,False,False,False,,,33,376,B_ETF_trend_following,A_ETF_sector_momentum,B_ETF_trend_following,0,4451,deterministic_stratified_sample
current_no_cash_proxy_alpha_AB,stress,180,2010-08-17,2011-05-03,3428.689665714192,0.14289655523806388,3442.140743830308,2999.667670079125,-170.0876729001193,-0.04972041374033731,True,True,2011-01-03,97,True,True,2011-02-28,135,False,False,False,,,31,394,,A_ETF_sector_momentum,B_ETF_trend_following,0,4451,deterministic_stratified_sample
current_no_cash_proxy_alpha_AB,stress,180,2010-08-25,2011-05-11,3435.9767084752,0.14532556949173348,3442.1980558343066,2999.667670079125,-170.0876729001193,-0.04972041374033731,True,True,2011-01-03,91,True,True,2011-02-28,129,False,False,False,,,32,399,,A_ETF_sector_momentum,B_ETF_trend_following,0,4451,deterministic_stratified_sample
current_no_cash_proxy_alpha_AB,stress,180,2010-08-30,2011-05-16,3475.7878642048463,0.1585959547349487,3479.623388292047,2999.667670079125,-170.0876729001193,-0.04972041374033731,True,True,2011-01-03,88,True,True,2011-02-28,126,False,False,False,,,32,401,,A_ETF_sector_momentum,B_ETF_trend_following,0,4451,deterministic_stratified_sample
current_no_cash_proxy_alpha_AB,stress,180,2010-09-13,2011-05-27,3434.0455431697196,0.1446818477232399,3508.0534752073904,3000.0,-170.31825907347002,-0.04972041374033742,True,True,2010-12-21,71,True,True,2011-02-28,117,False,False,False,,,28,414,,A_ETF_sector_momentum,B_ETF_trend_following,0,4451,deterministic_stratified_sample
current_no_cash_proxy_alpha_AB,stress,180,2010-09-24,2011-06-10,3303.692652372848,0.1012308841242826,3404.277499996685,2996.7322977475205,-165.32486425873503,-0.04972041374033742,True,True,2011-02-28,108,True,True,2011-05-19,165,False,False,False,,,35,389,,A_ETF_sector_momentum,B_ETF_trend_following,0,4451,deterministic_stratified_sample
current_no_cash_proxy_alpha_AB,stress,180,2010-10-07,2011-06-23,3062.0405104491547,0.020680170149718125,3150.1294372796515,2882.9469856240034,-175.12351330456386,-0.0557643170385812,False,False,,,False,False,,,False,False,False,,,33,396,B_ETF_trend_following,A_ETF_sector_momentum,B_ETF_trend_following,0,4451,deterministic_stratified_sample
current_no_cash_proxy_alpha_AB,stress,180,2010-10-08,2011-06-24,3192.5855522205,0.0641951840735,3307.5668904724935,2939.1008210610144,-161.48233949056112,-0.04972041374033731,True,True,2011-05-19,155,False,False,,,False,False,False,,,36,359,,A_ETF_sector_momentum,B_ETF_trend_following,0,4451,deterministic_stratified_sample
current_no_cash_proxy_alpha_AB,stress,180,2010-10-12,2011-06-28,3285.3605648526886,0.09512018828422963,3402.987005620491,2937.6407750358744,-150.0707412536617,-0.04535710029342632,True,True,2011-03-03,99,True,True,2011-05-19,153,False,False,False,,,33,361,,A_ETF_sector_momentum,B_ETF_trend_following,0,4451,deterministic_stratified_sample
current_no_cash_proxy_alpha_AB,stress,180,2010-10-20,2011-07-07,3286.1571793332287,0.09538572644440957,3341.083463414546,2965.004314164329,-162.28415301559107,-0.04972041374033753,True,True,2011-05-12,142,False,False,,,False,False,False,,,36,363,,A_ETF_sector_momentum,B_ETF_trend_following,0,4451,deterministic_stratified_sample
current_no_cash_proxy_alpha_AB,stress,180,2010-10-29,2011-07-18,3219.599370371814,0.07319979012393807,3351.9119972886274,2959.6820738605384,-147.83668689909427,-0.04535639977649086,True,True,2011-05-12,135,False,False,,,False,False,False,,,34,361,,A_ETF_sector_momentum,B_ETF_trend_following,0,4451,deterministic_stratified_sample
current_no_cash_proxy_alpha_AB,stress,180,2010-11-01,2011-07-19,3135.038577054169,0.045012859018056295,3302.0227636097106,2930.397705716916,-166.98418655554178,-0.050570271167058145,True,True,2011-05-19,139,False,False,,,False,False,False,,,34,369,,A_ETF_sector_momentum,B_ETF_trend_following,0,4451,deterministic_stratified_sample
current_no_cash_proxy_alpha_AB,stress,180,2010-11-12,2011-08-01,3155.1730565183643,0.051724352172788146,3269.535381677186,2943.540984214533,-178.48685586156853,-0.055528329962176826,False,False,,,False,False,,,False,False,False,,,33,350,,B_ETF_trend_following,A_ETF_sector_momentum,0,4451,deterministic_stratified_sample
current_no_cash_proxy_alpha_AB,stress,180,2010-11-26,2011-08-12,3369.465545149307,0.1231551817164358,3459.7544791072987,2976.4073825211935,-176.19280148481994,-0.05319459096088486,True,True,2011-05-18,120,True,True,2011-08-10,178,False,False,False,,,37,340,,A_ETF_sector_momentum,B_ETF_trend_following,0,4451,deterministic_stratified_sample
current_no_cash_proxy_alpha_AB,stress,180,2010-12-09,2011-08-25,3272.696006550057,0.09089866885001907,3355.499390342348,2961.3274749865964,-170.63817303485484,-0.05312228951858988,True,True,2011-08-10,169,False,False,,,False,False,False,,,33,326,,B_ETF_trend_following,A_ETF_sector_momentum,0,4451,deterministic_stratified_sample
current_no_cash_proxy_alpha_AB,stress,180,2010-12-10,2011-08-26,3105.148555896091,0.03504951863203032,3157.05704363323,2895.4728252578957,-192.81149313212245,-0.062433206678534914,False,False,,,False,False,,,False,False,False,,,26,355,B_ETF_trend_following,A_ETF_sector_momentum,B_ETF_trend_following,0,4451,deterministic_stratified_sample
current_no_cash_proxy_alpha_AB,stress,180,2010-12-22,2011-09-08,3331.1385968475133,0.11037953228250452,3390.697878028216,2989.498376227895,-172.5135563683889,-0.05314720870085021,True,True,2011-08-09,159,False,False,,,False,False,False,,,30,286,,B_ETF_trend_following,A_ETF_sector_momentum,0,4451,deterministic_stratified_sample
current_no_cash_proxy_alpha_AB,stress,180,2010-12-27,2011-09-12,3115.0203420055554,0.03834011400185178,3146.1475032660464,2878.117943743662,-161.14293685813436,-0.05302043595093653,False,False,,,False,False,,,False,False,False,,,22,317,B_ETF_trend_following,A_ETF_sector_momentum,B_ETF_trend_following,0,4451,deterministic_stratified_sample
current_no_cash_proxy_alpha_AB,stress,180,2011-01-05,2011-09-21,3127.871899496247,0.04262396649874889,3151.690116829244,2890.5114423958175,-156.40305123380585,-0.051331618120825984,False,False,,,False,False,,,False,False,False,,,21,296,B_ETF_trend_following,A_ETF_sector_momentum,B_ETF_trend_following,0,4451,deterministic_stratified_sample
current_no_cash_proxy_alpha_AB,stress,180,2011-01-19,2011-10-04,3122.959357609492,0.04098645253649735,3161.4332988711185,2899.518395195837,-144.86145193362017,-0.0475832383630479,False,False,,,False,False,,,False,False,False,,,19,263,B_ETF_trend_following,A_ETF_sector_momentum,B_ETF_trend_following,0,4451,deterministic_stratified_sample
current_no_cash_proxy_alpha_AB,stress,180,2011-01-28,2011-10-13,3351.2413794120885,0.11708045980402959,3416.5673118395343,3000.0,-173.8918856151081,-0.05316519509926798,True,True,2011-08-08,133,True,True,2011-08-10,135,False,False,False,,,25,214,,B_ETF_trend_following,A_ETF_sector_momentum,0,4451,deterministic_stratified_sample
current_no_cash_proxy_alpha_AB,stress,180,2011-02-01,2011-10-17,3298.1917897154667,0.09939726323848896,3362.483623574808,2989.266751439408,-171.01029455094294,-0.05312727568277997,True,True,2011-08-10,133,False,False,,,False,False,False,,,23,218,,B_ETF_trend_following,A_ETF_sector_momentum,0,4451,deterministic_stratified_sample
current_no_cash_proxy_alpha_AB,stress,180,2011-02-09,2011-10-25,3151.3975976274455,0.05046586587581525,3212.8279642311018,2857.1825794597344,-193.34499994111775,-0.06338083984118326,False,False,,,False,False,,,False,False,False,,,26,190,,B_ETF_trend_following,A_ETF_sector_momentum,0,4451,deterministic_stratified_sample
current_no_cash_proxy_alpha_AB,stress,180,2011-02-14,2011-10-28,3183.343972070962,0.0611146573569874,3258.0269180684136,2897.074598365867,-165.4448178085663,-0.05305046535763036,False,False,,,False,False,,,False,False,False,,,26,185,,B_ETF_trend_following,A_ETF_sector_momentum,0,4451,deterministic_stratified_sample
current_no_cash_proxy_alpha_AB,stress,180,2011-02-28,2011-11-10,3100.2886098885697,0.03342953662952319,3231.510727815979,2886.2166024075173,-164.03194370125948,-0.0530301486363981,False,False,,,False,False,,,False,False,False,,,27,159,,B_ETF_trend_following,A_ETF_sector_momentum,0,4451,deterministic_stratified_sample
current_no_cash_proxy_alpha_AB,stress,180,2011-03-11,2011-11-23,3263.7399615094864,0.08791332050316214,3373.3804072389835,2950.6786472599138,-143.49757011012753,-0.04451216497986965,True,True,2011-08-10,106,False,False,,,False,False,False,,,24,156,,A_ETF_sector_momentum,B_ETF_trend_following,0,4451,deterministic_stratified_sample
current_no_cash_proxy_alpha_AB,stress,180,2011-03-14,2011-11-25,3245.4492297961733,0.08181640993205774,3374.6447430046387,3000.0,-171.65824172695147,-0.05313590833514892,True,True,2011-08-10,105,False,False,,,False,False,False,,,23,160,,A_ETF_sector_momentum,B_ETF_trend_following,0,4451,deterministic_stratified_sample
current_no_cash_proxy_alpha_AB,stress,180,2011-03-24,2011-12-07,3091.7505977516053,0.030583532583868367,3220.641889826022,2964.6699222477537,-215.8755147979491,-0.0678737402344638,False,False,,,False,False,,,False,False,False,,,27,150,,A_ETF_sector_momentum,B_ETF_trend_following,0,4451,deterministic_stratified_sample
current_no_cash_proxy_alpha_AB,stress,180,2011-04-05,2011-12-19,3071.5073503250624,0.023835783441687353,3152.6071106527793,2902.0424490974938,-211.31904578205422,-0.06787488254402974,False,False,,,False,False,,,False,False,False,,,28,131,,A_ETF_sector_momentum,B_ETF_trend_following,0,4451,deterministic_stratified_sample
current_no_cash_proxy_alpha_AB,stress,180,2011-04-11,2011-12-23,3173.7712479874062,0.057923749329135354,3265.452996382672,3000.0,-218.89849265917792,-0.06787933232175303,False,False,,,False,False,,,False,False,False,,,27,117,,A_ETF_sector_momentum,B_ETF_trend_following,0,4451,deterministic_stratified_sample
current_no_cash_proxy_alpha_AB,stress,180,2011-04-18,2012-01-03,3141.5648591324243,0.04718828637747485,3277.1259752664632,2970.4980638280376,-173.04170452986364,-0.0534031822117933,False,False,,,False,False,,,False,False,False,,,26,122,,B_ETF_trend_following,A_ETF_sector_momentum,0,4451,deterministic_stratified_sample
current_no_cash_proxy_alpha_AB,stress,180,2011-05-02,2012-01-17,3022.595854319455,0.007531951439818441,3133.2997810721536,2884.2029029779515,-195.53032249471835,-0.0634893700783804,False,False,,,False,False,,,False,False,False,,,29,96,,A_ETF_sector_momentum,B_ETF_trend_following,0,4451,deterministic_stratified_sample
current_no_cash_proxy_alpha_AB,stress,180,2011-05-13,2012-01-30,3019.1164545103857,0.00637215150346182,3159.750515083228,2864.104968217218,-163.60173395603533,-0.053404852710431716,False,False,,,False,False,,,False,False,False,,,29,110,,A_ETF_sector_momentum,B_ETF_trend_following,0,4451,deterministic_stratified_sample
current_no_cash_proxy_alpha_AB,stress,180,2011-05-26,2012-02-10,2994.4682676242774,-0.0018439107919075992,3138.2494906047737,2842.1588426231992,-170.80186359027584,-0.05471326449051406,False,False,,,False,False,,,False,False,False,,,32,133,,B_ETF_trend_following,A_ETF_sector_momentum,0,4451,deterministic_stratified_sample
current_no_cash_proxy_alpha_AB,stress,180,2011-05-31,2012-02-14,3080.2893406355083,0.02676311354516936,3200.711472067368,2901.2333680200472,-171.06735240943044,-0.05344666456265634,False,False,,,False,False,,,False,False,False,,,29,141,,B_ETF_trend_following,A_ETF_sector_momentum,0,4451,deterministic_stratified_sample
current_no_cash_proxy_alpha_AB,stress,180,2011-06-09,2012-02-24,3123.993210306498,0.04133107010216608,3223.257996340078,2919.2535437411884,-172.97624935956173,-0.05366503381236365,False,False,,,False,False,,,False,False,False,,,29,161,,B_ETF_trend_following,A_ETF_sector_momentum,0,4451,deterministic_stratified_sample
current_no_cash_proxy_alpha_AB,stress,180,2011-06-22,2012-03-08,3125.9176614498083,0.0419725538166027,3245.400630861424,2908.667101865454,-203.55276206458575,-0.06272038038353278,False,False,,,False,False,,,False,False,False,,,27,179,,A_ETF_sector_momentum,B_ETF_trend_following,0,4451,deterministic_stratified_sample
current_no_cash_proxy_alpha_AB,stress,180,2011-07-06,2012-03-21,3213.854785919505,0.07128492863983493,3254.8462858878797,2928.522847582002,-204.27368891091874,-0.06275985744598556,False,False,,,False,False,,,False,False,False,,,25,192,,A_ETF_sector_momentum,B_ETF_trend_following,0,4451,deterministic_stratified_sample
current_no_cash_proxy_alpha_AB,stress,180,2011-07-19,2012-04-03,3246.271034739072,0.08209034491302414,3259.4861189059657,2976.505157915967,-162.19431919022236,-0.05047956382252716,False,False,,,False,False,,,False,False,False,,,23,193,,A_ETF_sector_momentum,B_ETF_trend_following,0,4451,deterministic_stratified_sample
current_no_cash_proxy_alpha_AB,stress,180,2011-08-01,2012-04-17,3145.3293827034586,0.04844312756781943,3212.0778057611033,3000.0,-162.0989536020088,-0.051157918578753625,False,False,,,False,False,,,False,False,False,,,24,182,,B_ETF_trend_following,A_ETF_sector_momentum,0,4451,deterministic_stratified_sample
current_no_cash_proxy_alpha_AB,stress,180,2011-08-03,2012-04-19,2924.3026868489337,-0.025232437717022105,3000.0,2839.925672845725,-160.07432715427512,-0.05335810905142502,False,False,,,False,False,,,False,False,False,,,16,219,B_ETF_trend_following,A_ETF_sector_momentum,B_ETF_trend_following,0,4451,deterministic_stratified_sample
current_no_cash_proxy_alpha_AB,stress,180,2011-08-12,2012-04-30,2905.839965285979,-0.031386678238007004,3000.0,2839.925672845725,-160.07432715427512,-0.05335810905142502,False,False,,,False,False,,,False,False,False,,,18,231,B_ETF_trend_following,A_ETF_sector_momentum,B_ETF_trend_following,0,4451,deterministic_stratified_sample
current_no_cash_proxy_alpha_AB,stress,180,2011-08-15,2012-05-01,2916.5364861323446,-0.02782117128921846,3000.0,2839.925672845725,-160.07432715427512,-0.05335810905142502,False,False,,,False,False,,,False,False,False,,,18,232,B_ETF_trend_following,A_ETF_sector_momentum,B_ETF_trend_following,0,4451,deterministic_stratified_sample
current_no_cash_proxy_alpha_AB,stress,180,2011-08-19,2012-05-07,2885.847546142748,-0.03805081795241738,3000.0,2839.925672845725,-160.07432715427512,-0.05335810905142502,False,False,,,False,False,,,False,False,False,,,18,239,B_ETF_trend_following,A_ETF_sector_momentum,B_ETF_trend_following,0,4451,deterministic_stratified_sample
current_no_cash_proxy_alpha_AB,stress,180,2011-08-25,2012-05-11,2872.6624400443243,-0.042445853318558546,3000.0,2839.925672845725,-160.07432715427512,-0.05335810905142502,False,False,,,False,False,,,False,False,False,,,18,244,B_ETF_trend_following,A_ETF_sector_momentum,B_ETF_trend_following,0,4451,deterministic_stratified_sample
current_no_cash_proxy_alpha_AB,stress,180,2011-09-07,2012-05-23,2827.96907717067,-0.05734364094310995,3000.0,2817.243232236431,-182.75676776356886,-0.06091892258785625,False,False,,,False,False,,,False,False,False,,,21,254,B_ETF_trend_following,A_ETF_sector_momentum,B_ETF_trend_following,0,4451,deterministic_stratified_sample
current_no_cash_proxy_alpha_AB,stress,180,2011-09-20,2012-06-06,2791.0210312165846,-0.06965965626113846,3000.0,2791.0210312165846,-208.97896878341544,-0.06965965626113846,False,False,,,False,False,,,False,False,False,,,23,260,B_ETF_trend_following,B_ETF_trend_following,A_ETF_sector_momentum,0,4451,deterministic_stratified_sample
current_no_cash_proxy_alpha_AB,stress,180,2011-09-23,2012-06-11,2783.5757236651693,-0.07214142544494351,3000.0,2783.5757236651693,-216.42427633483067,-0.07214142544494351,False,False,,,False,False,,,False,False,False,,,24,263,B_ETF_trend_following,B_ETF_trend_following,A_ETF_sector_momentum,0,4451,deterministic_stratified_sample
current_no_cash_proxy_alpha_AB,stress,180,2011-10-03,2012-06-19,2794.5244388916526,-0.06849185370278243,3000.0,2783.5757236651693,-216.42427633483067,-0.07214142544494351,False,False,,,False,False,,,False,False,False,,,25,273,B_ETF_trend_following,B_ETF_trend_following,A_ETF_sector_momentum,0,4451,deterministic_stratified_sample
current_no_cash_proxy_alpha_AB,stress,180,2011-10-11,2012-06-27,2763.6690740429685,-0.07877697531901051,3000.0,2763.6690740429685,-236.33092595703147,-0.07877697531901051,False,False,,,False,False,,,False,False,False,,,25,281,"A_ETF_sector_momentum,B_ETF_trend_following",B_ETF_trend_following,A_ETF_sector_momentum,0,4451,deterministic_stratified_sample
current_no_cash_proxy_alpha_AB,stress,180,2011-10-14,2012-07-02,2763.6690740429685,-0.07877697531901051,3000.0,2763.6690740429685,-236.33092595703147,-0.07877697531901051,False,False,,,False,False,,,False,False,False,,,25,288,"A_ETF_sector_momentum,B_ETF_trend_following",B_ETF_trend_following,A_ETF_sector_momentum,0,4451,deterministic_stratified_sample
current_no_cash_proxy_alpha_AB,stress,180,2011-10-27,2012-07-16,2763.6690740429685,-0.07877697531901051,3000.0,2763.6690740429685,-236.33092595703147,-0.07877697531901051,False,False,,,False,False,,,False,False,False,,,25,313,"A_ETF_sector_momentum,B_ETF_trend_following",B_ETF_trend_following,A_ETF_sector_momentum,0,4451,deterministic_stratified_sample
current_no_cash_proxy_alpha_AB,stress,180,2011-10-31,2012-07-18,3227.0359565466297,0.07567865218220993,3268.251264082567,2959.8242660905903,-101.96942843501984,-0.03119999663295281,False,False,,,False,False,,,False,False,False,,,29,235,,B_ETF_trend_following,A_ETF_sector_momentum,0,4451,deterministic_stratified_sample
current_no_cash_proxy_alpha_AB,stress,180,2011-11-09,2012-07-27,3232.344452472631,0.07744815082421042,3303.160382945341,2991.438988695734,-103.05859282599658,-0.031199996632952476,True,True,2012-06-01,141,False,False,,,False,False,False,,,29,248,,B_ETF_trend_following,A_ETF_sector_momentum,0,4451,deterministic_stratified_sample
current_no_cash_proxy_alpha_AB,stress,180,2011-11-18,2012-08-07,3164.5956951132875,0.05486523170442914,3302.1608988687613,2990.5338265816863,-137.5652037554737,-0.041659146228337995,True,True,2012-06-01,134,False,False,,,False,False,False,,,33,259,,B_ETF_trend_following,A_ETF_sector_momentum,0,4451,deterministic_stratified_sample
current_no_cash_proxy_alpha_AB,stress,180,2011-11-22,2012-08-09,3157.811328781544,0.05260377626051471,3302.1608988687613,2990.5338265816863,-144.34957008721722,-0.04371366947524202,True,True,2012-06-01,132,False,False,,,False,False,False,,,33,261,,B_ETF_trend_following,A_ETF_sector_momentum,0,4451,deterministic_stratified_sample
current_no_cash_proxy_alpha_AB,stress,180,2011-12-06,2012-08-22,3157.7616768871267,0.05258722562904228,3300.9081511231134,2989.4154623388013,-146.03537023904664,-0.04424096750143114,True,True,2012-06-01,123,False,False,,,False,False,False,,,34,283,,B_ETF_trend_following,A_ETF_sector_momentum,0,4451,deterministic_stratified_sample
current_no_cash_proxy_alpha_AB,stress,180,2011-12-13,2012-08-29,3279.19897650781,0.09306632550260341,3437.9321023135053,2975.4891651670205,-172.78199922555268,-0.050257536822580495,True,True,2012-03-26,71,True,True,2012-06-01,118,False,False,False,,,29,281,,B_ETF_trend_following,A_ETF_sector_momentum,0,4451,deterministic_stratified_sample
current_no_cash_proxy_alpha_AB,stress,180,2011-12-19,2012-09-05,3273.2287059323107,0.09107623531077014,3437.9321023135053,2975.4891651670205,-180.16769925113294,-0.052405834056435174,True,True,2012-03-26,67,True,True,2012-06-01,114,False,False,False,,,29,287,,B_ETF_trend_following,A_ETF_sector_momentum,0,4451,deterministic_stratified_sample
current_no_cash_proxy_alpha_AB,stress,180,2012-01-03,2012-09-18,3335.9292954602656,0.11197643182008865,3384.1528426780537,3000.0,-177.3465734103779,-0.05240501291012445,True,True,2012-05-30,103,False,False,,,False,False,False,,,29,321,,B_ETF_trend_following,A_ETF_sector_momentum,0,4451,deterministic_stratified_sample
current_no_cash_proxy_alpha_AB,stress,180,2012-01-17,2012-10-01,3266.548132182588,0.08884937739419585,3334.3687039385895,3000.0,-174.73767388732085,-0.052405024579591064,True,True,2012-06-01,96,False,False,,,False,False,False,,,29,322,,B_ETF_trend_following,A_ETF_sector_momentum,0,4451,deterministic_stratified_sample
current_no_cash_proxy_alpha_AB,stress,180,2012-01-19,2012-10-03,3388.0083486773133,0.12933611622577112,3439.8233880103403,2991.6480805289775,-180.27612857108306,-0.05240854201975709,True,True,2012-03-26,47,True,True,2012-06-01,94,False,False,False,,,29,306,,B_ETF_trend_following,A_ETF_sector_momentum,0,4451,deterministic_stratified_sample
current_no_cash_proxy_alpha_AB,stress,180,2012-01-30,2012-10-12,3161.767727501924,0.05392257583397475,3259.934300955312,2999.4760948798275,-170.8369600674796,-0.05240503160367882,False,False,,,False,False,,,False,False,False,,,32,297,,B_ETF_trend_following,A_ETF_sector_momentum,0,4451,deterministic_stratified_sample
current_no_cash_proxy_alpha_AB,stress,180,2012-02-21,2012-11-06,3082.626294115228,0.027542098038409346,3250.9750245697214,2979.1777584064157,-183.59720600277933,-0.056474505222346094,False,False,,,False,False,,,False,False,False,,,33,264,,B_ETF_trend_following,A_ETF_sector_momentum,0,4451,deterministic_stratified_sample
current_no_cash_proxy_alpha_AB,stress,180,2012-04-04,2012-12-20,2974.1697034172043,-0.008610098860931892,3141.7838529955434,2912.076446132174,-229.70740686336921,-0.07311368878681901,False,False,,,False,False,,,False,False,False,,,36,232,,B_ETF_trend_following,A_ETF_sector_momentum,0,4451,deterministic_stratified_sample
current_no_cash_proxy_alpha_AB,stress,180,2012-04-19,2013-01-07,3065.790266308025,0.02193008876934166,3202.2963163223685,2947.8811322805254,-254.41518404184308,-0.0794477334108864,False,False,,,False,False,,,False,False,False,,,37,246,,B_ETF_trend_following,A_ETF_sector_momentum,0,4451,deterministic_stratified_sample
current_no_cash_proxy_alpha_AB,stress,180,2012-05-22,2013-02-08,2962.667843264672,-0.01244405224510936,3053.822886021114,2818.812511458849,-235.01037456226504,-0.07695612461286672,False,False,,,False,False,,,False,False,False,,,37,301,B_ETF_trend_following,A_ETF_sector_momentum,B_ETF_trend_following,0,4451,deterministic_stratified_sample
current_no_cash_proxy_alpha_AB,stress,180,2012-05-24,2013-02-12,2978.210773893522,-0.0072630753688259775,3053.822886021114,2818.812511458849,-235.01037456226504,-0.07695612461286672,False,False,,,False,False,,,False,False,False,,,37,311,B_ETF_trend_following,A_ETF_sector_momentum,B_ETF_trend_following,0,4451,deterministic_stratified_sample
current_no_cash_proxy_alpha_AB,stress,180,2012-06-18,2013-03-07,3020.7029391012074,0.0069009797004024875,3049.424310209966,2851.10586260411,-198.3184476058559,-0.06503471718968512,False,False,,,False,False,,,False,False,False,,,31,364,B_ETF_trend_following,A_ETF_sector_momentum,B_ETF_trend_following,0,4451,deterministic_stratified_sample
current_no_cash_proxy_alpha_AB,stress,180,2012-06-19,2013-03-08,3009.677119773811,0.0032257065912701943,3061.2213696292174,2847.358562428096,-213.86280720112154,-0.06986192155944115,False,False,,,False,False,,,False,False,False,,,33,348,B_ETF_trend_following,A_ETF_sector_momentum,B_ETF_trend_following,0,4451,deterministic_stratified_sample
current_no_cash_proxy_alpha_AB,stress,180,2012-06-21,2013-03-12,3122.9378670096394,0.040979289003213015,3144.0837603564696,2906.8688498909264,-217.08399949879276,-0.06949016517365214,False,False,,,False,False,,,False,False,False,,,34,347,,A_ETF_sector_momentum,B_ETF_trend_following,0,4451,deterministic_stratified_sample
current_no_cash_proxy_alpha_AB,stress,180,2012-08-16,2013-05-07,3227.415344689502,0.07580511489650066,3271.0896013416996,2835.4927015580174,-253.08857657190993,-0.08194331111310427,False,False,,,False,False,,,False,False,False,,,31,351,,A_ETF_sector_momentum,B_ETF_trend_following,0,4451,deterministic_stratified_sample
current_no_cash_proxy_alpha_AB,stress,180,2012-09-07,2013-05-29,3225.6159747418596,0.07520532491395326,3330.673248613468,2840.1035170270025,-219.14167951296713,-0.07163259740043659,True,True,2013-05-14,170,False,False,,,False,False,False,,,35,360,,A_ETF_sector_momentum,B_ETF_trend_following,0,4451,deterministic_stratified_sample
current_no_cash_proxy_alpha_AB,stress,180,2012-10-16,2013-07-08,3127.455881777496,0.042485293925832,3346.028837639884,2853.1974050023837,-333.1615436028819,-0.09956923857173838,True,True,2013-05-14,143,False,False,,,False,False,False,,,37,323,,B_ETF_trend_following,A_ETF_sector_momentum,0,4451,deterministic_stratified_sample
current_no_cash_proxy_alpha_AB,stress,180,2012-11-06,2013-07-25,3302.3888839414626,0.10079629464715412,3449.0274318111774,2941.02549491679,-343.39976062652977,-0.0995642300375098,True,True,2013-04-10,106,True,True,2013-05-14,130,False,False,False,,,33,365,,A_ETF_sector_momentum,B_ETF_trend_following,0,4451,deterministic_stratified_sample
current_no_cash_proxy_alpha_AB,stress,180,2012-11-26,2013-08-13,3339.932539105947,0.11331084636864897,3473.703805403199,2939.125220275178,-345.8007210236178,-0.09954813086992031,True,True,2013-04-02,87,True,True,2013-04-23,102,False,False,False,,,29,381,,A_ETF_sector_momentum,B_ETF_trend_following,0,4451,deterministic_stratified_sample
current_no_cash_proxy_alpha_AB,stress,180,2012-12-20,2013-09-09,3384.1015824185947,0.12803386080619816,3567.838896029398,2971.651655257613,-354.9598717281174,-0.09948876114421745,True,True,2013-02-19,40,True,True,2013-04-02,69,False,False,False,,,28,346,,B_ETF_trend_following,A_ETF_sector_momentum,0,4451,deterministic_stratified_sample
current_no_cash_proxy_alpha_AB,stress,180,2013-02-13,2013-10-29,3089.7269791971985,0.029908993065732803,3276.9773074286613,2924.3389522982575,-326.2861353175358,-0.09956923857173794,False,False,,,False,False,,,False,False,False,,,36,323,,A_ETF_sector_momentum,B_ETF_trend_following,0,4451,deterministic_stratified_sample
current_no_cash_proxy_alpha_AB,stress,180,2013-02-22,2013-11-06,3124.1583729373133,0.04138612431243782,3323.363857041212,2944.558552048254,-311.6847343671434,-0.09378591925972135,True,True,2013-05-14,57,False,False,,,False,False,False,,,33,316,,B_ETF_trend_following,A_ETF_sector_momentum,0,4451,deterministic_stratified_sample
current_no_cash_proxy_alpha_AB,stress,180,2013-04-15,2013-12-27,2916.55249273808,-0.027815835753973284,3084.920161164441,2802.7805320770167,-282.1396290874245,-0.09145767616265554,False,False,,,False,False,,,False,False,False,,,25,355,A_ETF_sector_momentum,B_ETF_trend_following,A_ETF_sector_momentum,0,4451,deterministic_stratified_sample
current_no_cash_proxy_alpha_AB,stress,180,2013-04-24,2014-01-08,2910.0241916580426,-0.029991936113985762,3084.802722575924,2807.250536135335,-277.5521864405887,-0.08997404741941561,False,False,,,False,False,,,False,False,False,,,23,363,A_ETF_sector_momentum,B_ETF_trend_following,A_ETF_sector_momentum,0,4451,deterministic_stratified_sample
current_no_cash_proxy_alpha_AB,stress,180,2013-05-01,2014-01-15,2901.131129158313,-0.03295629028056235,3032.1661224214185,2800.804710781966,-231.3614116394524,-0.07630235359753057,False,False,,,False,False,,,False,False,False,,,23,363,A_ETF_sector_momentum,B_ETF_trend_following,A_ETF_sector_momentum,0,4451,deterministic_stratified_sample
current_no_cash_proxy_alpha_AB,stress,180,2013-06-21,2014-03-10,3140.288749993116,0.046762916664372156,3266.2320667185995,2991.510923635257,-243.14589391759455,-0.07444232037127407,False,False,,,False,False,,,False,False,False,,,30,342,,A_ETF_sector_momentum,B_ETF_trend_following,0,4451,deterministic_stratified_sample
current_no_cash_proxy_alpha_AB,stress,180,2013-07-02,2014-03-19,2998.7235018286583,-0.00042549939044722596,3149.921388432023,2913.20498015263,-236.7164082793929,-0.07514994156639132,False,False,,,False,False,,,False,False,False,,,29,348,,B_ETF_trend_following,A_ETF_sector_momentum,0,4451,deterministic_stratified_sample
current_no_cash_proxy_alpha_AB,stress,180,2013-07-18,2014-04-03,2854.508413375166,-0.04849719554161125,3027.039247507969,2812.193589603705,-214.84565790426404,-0.07097551116363532,False,False,,,False,False,,,False,False,False,,,28,360,B_ETF_trend_following,A_ETF_sector_momentum,B_ETF_trend_following,0,4451,deterministic_stratified_sample
current_no_cash_proxy_alpha_AB,stress,180,2013-07-30,2014-04-15,2959.312465379171,-0.013562511540276323,3107.855874187391,2893.4594598177396,-214.3964143696512,-0.0689853143288729,False,False,,,False,False,,,False,False,False,,,33,324,,B_ETF_trend_following,A_ETF_sector_momentum,0,4451,deterministic_stratified_sample
current_no_cash_proxy_alpha_AB,stress,180,2013-08-21,2014-05-08,2933.4490376778494,-0.022183654107383544,3044.964354046647,2840.2152005472026,-204.74915349944422,-0.06724188847312451,False,False,,,False,False,,,False,False,False,,,28,339,A_ETF_sector_momentum,B_ETF_trend_following,A_ETF_sector_momentum,0,4451,deterministic_stratified_sample
current_no_cash_proxy_alpha_AB,stress,180,2013-10-03,2014-06-20,2998.6086010152476,-0.0004637996615841633,3101.3700031110857,2888.968821306963,-212.40118180412264,-0.06848624368941991,False,False,,,False,False,,,False,False,False,,,29,405,A_ETF_sector_momentum,B_ETF_trend_following,A_ETF_sector_momentum,0,4451,deterministic_stratified_sample
current_no_cash_proxy_alpha_AB,stress,180,2013-10-18,2014-07-08,3006.0075422061527,0.0020025140687176535,3101.284716474386,2889.082545138519,-212.2021713358672,-0.06842395675850865,False,False,,,False,False,,,False,False,False,,,27,433,A_ETF_sector_momentum,B_ETF_trend_following,A_ETF_sector_momentum,0,4451,deterministic_stratified_sample
current_no_cash_proxy_alpha_AB,stress,180,2013-11-08,2014-07-29,3022.9081036259277,0.007636034541975922,3115.6619364268977,2886.705615657348,-197.2945637854341,-0.06397359024184013,False,False,,,False,False,,,False,False,False,,,35,398,,B_ETF_trend_following,A_ETF_sector_momentum,0,4451,deterministic_stratified_sample
current_no_cash_proxy_alpha_AB,stress,180,2013-12-18,2014-09-05,2884.68991704612,-0.03843669431795993,3064.8889756124645,2875.9193834319785,-188.96959218048596,-0.06165626020522441,False,False,,,False,False,,,False,False,False,,,29,429,A_ETF_sector_momentum,B_ETF_trend_following,A_ETF_sector_momentum,0,4451,deterministic_stratified_sample
current_no_cash_proxy_alpha_AB,stress,180,2014-01-07,2014-09-23,2964.8589854641727,-0.01171367151194247,3121.6198254558,2892.2256855712612,-179.80162792935698,-0.05759882304152886,False,False,,,False,False,,,False,False,False,,,36,380,,B_ETF_trend_following,A_ETF_sector_momentum,0,4451,deterministic_stratified_sample
current_no_cash_proxy_alpha_AB,stress,180,2014-02-19,2014-11-03,3099.4836104170627,0.033161203472354295,3223.94847451071,2985.353981456683,-225.44209354922896,-0.06992732524468892,False,False,,,False,False,,,False,False,False,,,40,371,,B_ETF_trend_following,A_ETF_sector_momentum,0,4451,deterministic_stratified_sample
current_no_cash_proxy_alpha_AB,stress,180,2014-02-27,2014-11-11,3103.2898228742724,0.03442994095809082,3187.4146184029305,2962.6723158713103,-222.83936727295804,-0.06991226242935811,False,False,,,False,False,,,False,False,False,,,41,379,,B_ETF_trend_following,A_ETF_sector_momentum,0,4451,deterministic_stratified_sample
current_no_cash_proxy_alpha_AB,stress,180,2014-03-10,2014-11-20,2954.340981165745,-0.015219672944751794,3058.514490377665,2846.8310483961545,-153.16895160384547,-0.05105631720128179,False,False,,,False,False,,,False,False,False,,,30,441,B_ETF_trend_following,A_ETF_sector_momentum,B_ETF_trend_following,0,4451,deterministic_stratified_sample
current_no_cash_proxy_alpha_AB,stress,180,2014-03-19,2014-12-02,3117.848739679288,0.039282913226429406,3164.7076095509237,2935.371237975439,-226.0986575504994,-0.07144377473234664,False,False,,,False,False,,,False,False,False,,,37,408,,A_ETF_sector_momentum,B_ETF_trend_following,0,4451,deterministic_stratified_sample
current_no_cash_proxy_alpha_AB,stress,180,2014-04-21,2015-01-05,3106.722411893218,0.035574137297739394,3227.428479974701,2994.5055626150306,-230.5795302738975,-0.07144373042023378,False,False,,,False,False,,,False,False,False,,,42,404,,B_ETF_trend_following,A_ETF_sector_momentum,0,4451,deterministic_stratified_sample
current_no_cash_proxy_alpha_AB,stress,180,2014-05-23,2015-02-09,3070.0330659374304,0.023344355312476806,3203.6277656337734,2974.9125385647026,-228.7152270690708,-0.07139257235892515,False,False,,,False,False,,,False,False,False,,,46,374,,A_ETF_sector_momentum,B_ETF_trend_following,0,4451,deterministic_stratified_sample
current_no_cash_proxy_alpha_AB,stress,180,2014-06-03,2015-02-18,3139.9792273429985,0.04665974244766624,3216.078494394158,2986.3095529725124,-229.76894142164565,-0.07144382260014748,False,False,,,False,False,,,False,False,False,,,45,365,,B_ETF_trend_following,A_ETF_sector_momentum,0,4451,deterministic_stratified_sample
current_no_cash_proxy_alpha_AB,stress,180,2014-06-19,2015-03-06,2755.338193257705,-0.08155393558076507,3059.5387221954948,2755.338193257705,-304.20052893778984,-0.09942692561168132,False,False,,,False,False,,,False,False,False,,,30,431,"A_ETF_sector_momentum,B_ETF_trend_following",B_ETF_trend_following,A_ETF_sector_momentum,0,4451,deterministic_stratified_sample
current_no_cash_proxy_alpha_AB,stress,180,2014-08-08,2015-04-27,3100.650781923655,0.033550260641218355,3207.9931543929883,2987.2406416044078,-129.22266603408343,-0.04028146564375534,False,False,,,False,False,,,False,False,False,,,40,340,,A_ETF_sector_momentum,B_ETF_trend_following,0,4451,deterministic_stratified_sample
current_no_cash_proxy_alpha_AB,stress,180,2014-08-11,2015-04-28,2942.3570544584645,-0.019214315180511865,3061.722423857407,2851.035548565079,-186.15647939758492,-0.06129229817663451,False,False,,,False,False,,,False,False,False,,,43,337,,B_ETF_trend_following,A_ETF_sector_momentum,0,4451,deterministic_stratified_sample
current_no_cash_proxy_alpha_AB,stress,180,2014-08-18,2015-05-05,2975.1747112103694,-0.008275096263210213,3158.158196322873,2940.370479537094,-182.98348511250379,-0.057939936424196925,False,False,,,False,False,,,False,False,False,,,43,333,,B_ETF_trend_following,A_ETF_sector_momentum,0,4451,deterministic_stratified_sample
current_no_cash_proxy_alpha_AB,stress,180,2014-10-06,2015-06-23,2940.7571136450433,-0.019747628784985594,3131.813474079046,2904.257910343734,-227.55556373531226,-0.07265936034144826,False,False,,,False,False,,,False,False,False,,,40,299,,B_ETF_trend_following,A_ETF_sector_momentum,0,4451,deterministic_stratified_sample
current_no_cash_proxy_alpha_AB,stress,180,2014-10-15,2015-07-02,2805.945340301046,-0.06468488656631799,3090.5777015956123,2805.945340301046,-284.6323612945662,-0.09209681450416707,False,False,,,False,False,,,False,False,False,,,40,302,,B_ETF_trend_following,A_ETF_sector_momentum,0,4451,deterministic_stratified_sample
current_no_cash_proxy_alpha_AB,stress,180,2014-10-23,2015-07-13,2792.602077177641,-0.0691326409407863,3076.893194047182,2768.252343884694,-308.6408501624883,-0.10030925049969597,False,False,,,False,False,,,False,False,False,,,43,302,A_ETF_sector_momentum,B_ETF_trend_following,A_ETF_sector_momentum,0,4451,deterministic_stratified_sample
current_no_cash_proxy_alpha_AB,stress,180,2014-10-27,2015-07-15,2998.400029553885,-0.0005333234820383836,3198.931723647167,2924.1862141698975,-274.7455094772695,-0.08588664379620659,False,False,,,False,False,,,False,False,False,,,38,293,,B_ETF_trend_following,A_ETF_sector_momentum,0,4451,deterministic_stratified_sample
current_no_cash_proxy_alpha_AB,stress,180,2014-12-08,2015-08-25,2748.723251780738,-0.08375891607308739,3019.169110203683,2748.723251780738,-270.4458584229451,-0.0895762537808622,False,False,,,False,False,,,False,False,False,,,36,223,"A_ETF_sector_momentum,B_ETF_trend_following",B_ETF_trend_following,A_ETF_sector_momentum,0,4451,deterministic_stratified_sample
current_no_cash_proxy_alpha_AB,stress,180,2014-12-22,2015-09-09,2847.541006513329,-0.05081966449555697,3119.8025529814904,2842.6366545190886,-277.16589846240186,-0.0888408460969825,False,False,,,False,False,,,False,False,False,,,32,201,,B_ETF_trend_following,A_ETF_sector_momentum,0,4451,deterministic_stratified_sample
current_no_cash_proxy_alpha_AB,stress,180,2015-01-13,2015-09-29,2748.745187022978,-0.08375160432567408,3023.693476461096,2748.745187022978,-274.9482894381181,-0.09093127050692817,False,False,,,False,False,,,False,False,False,,,22,227,"A_ETF_sector_momentum,B_ETF_trend_following",B_ETF_trend_following,A_ETF_sector_momentum,0,4451,deterministic_stratified_sample
current_no_cash_proxy_alpha_AB,stress,180,2015-02-17,2015-10-30,2815.848610667208,-0.06138379644426395,3076.7099311277716,2799.595333672545,-277.11459745522643,-0.09006848343147178,False,False,,,False,False,,,False,False,False,,,26,153,A_ETF_sector_momentum,B_ETF_trend_following,A_ETF_sector_momentum,0,4451,deterministic_stratified_sample
current_no_cash_proxy_alpha_AB,stress,180,2015-02-24,2015-11-06,2758.7835100583084,-0.08040549664723051,3060.264717055787,2758.7835100583084,-301.4812069974787,-0.09851474786387993,False,False,,,False,False,,,False,False,False,,,25,147,"A_ETF_sector_momentum,B_ETF_trend_following",B_ETF_trend_following,A_ETF_sector_momentum,0,4451,deterministic_stratified_sample
current_no_cash_proxy_alpha_AB,stress,180,2015-03-25,2015-12-08,2744.6047267243785,-0.08513175775854054,3000.0,2744.6047267243785,-255.39527327562155,-0.08513175775854054,False,False,,,False,False,,,False,False,False,,,19,122,"A_ETF_sector_momentum,B_ETF_trend_following",B_ETF_trend_following,A_ETF_sector_momentum,0,4451,deterministic_stratified_sample
current_no_cash_proxy_alpha_AB,stress,180,2015-04-01,2015-12-15,2746.116582504211,-0.08462780583192975,3033.9628193969634,2746.116582504211,-287.8462368927526,-0.0948746751451508,False,False,,,False,False,,,False,False,False,,,24,116,"A_ETF_sector_momentum,B_ETF_trend_following",B_ETF_trend_following,A_ETF_sector_momentum,0,4451,deterministic_stratified_sample
current_no_cash_proxy_alpha_AB,stress,180,2015-04-24,2016-01-08,2736.814101313756,-0.08772863289541466,3000.0,2736.814101313756,-263.18589868624395,-0.08772863289541466,False,False,,,False,False,,,False,False,False,,,22,112,"A_ETF_sector_momentum,B_ETF_trend_following",B_ETF_trend_following,A_ETF_sector_momentum,0,4451,deterministic_stratified_sample
current_no_cash_proxy_alpha_AB,stress,180,2015-06-18,2016-03-04,2747.7944152142727,-0.08406852826190914,3030.732584886713,2747.7944152142727,-282.9381696724404,-0.09335636244628176,False,False,,,False,False,,,False,False,False,,,19,73,"A_ETF_sector_momentum,B_ETF_trend_following",B_ETF_trend_following,A_ETF_sector_momentum,0,4451,deterministic_stratified_sample
current_no_cash_proxy_alpha_AB,stress,180,2015-06-23,2016-03-09,2728.81266309042,-0.09039577896986006,3050.4819158104942,2728.81266309042,-321.6692527200744,-0.10544866732462133,False,False,,,False,False,,,False,False,False,,,17,66,"A_ETF_sector_momentum,B_ETF_trend_following",B_ETF_trend_following,A_ETF_sector_momentum,0,4451,deterministic_stratified_sample
current_no_cash_proxy_alpha_AB,stress,180,2015-07-30,2016-04-15,2758.985379739819,-0.08033820675339365,3000.8673079395057,2758.985379739819,-241.88192819968663,-0.08060400656827804,False,False,,,False,False,,,False,False,False,,,13,79,"A_ETF_sector_momentum,B_ETF_trend_following",B_ETF_trend_following,A_ETF_sector_momentum,0,4451,deterministic_stratified_sample
current_no_cash_proxy_alpha_AB,stress,180,2015-09-02,2016-05-19,2750.1907791582653,-0.08326974028057821,3000.0,2750.1907791582653,-249.8092208417347,-0.08326974028057821,False,False,,,False,False,,,False,False,False,,,12,100,"A_ETF_sector_momentum,B_ETF_trend_following",B_ETF_trend_following,A_ETF_sector_momentum,0,4451,deterministic_stratified_sample
current_no_cash_proxy_alpha_AB,stress,180,2015-09-21,2016-06-07,2750.1907791582653,-0.08326974028057821,3000.0,2750.1907791582653,-249.8092208417347,-0.08326974028057821,False,False,,,False,False,,,False,False,False,,,12,143,"A_ETF_sector_momentum,B_ETF_trend_following",B_ETF_trend_following,A_ETF_sector_momentum,0,4451,deterministic_stratified_sample
current_no_cash_proxy_alpha_AB,stress,180,2015-10-07,2016-06-23,2750.1907791582653,-0.08326974028057821,3000.0,2750.1907791582653,-249.8092208417347,-0.08326974028057821,False,False,,,False,False,,,False,False,False,,,12,176,"A_ETF_sector_momentum,B_ETF_trend_following",B_ETF_trend_following,A_ETF_sector_momentum,0,4451,deterministic_stratified_sample
current_no_cash_proxy_alpha_AB,stress,180,2015-10-23,2016-07-12,2759.964738549249,-0.08001175381691705,3000.0,2759.964738549249,-240.03526145075102,-0.08001175381691705,False,False,,,False,False,,,False,False,False,,,11,218,"A_ETF_sector_momentum,B_ETF_trend_following",B_ETF_trend_following,A_ETF_sector_momentum,0,4451,deterministic_stratified_sample
current_no_cash_proxy_alpha_AB,stress,180,2015-11-13,2016-08-02,2730.3928223383086,-0.08986905922056376,3005.62620831813,2730.3928223383086,-275.2333859798214,-0.09157272624856261,False,False,,,False,False,,,False,False,False,,,14,258,"A_ETF_sector_momentum,B_ETF_trend_following",B_ETF_trend_following,A_ETF_sector_momentum,0,4451,deterministic_stratified_sample
current_no_cash_proxy_alpha_AB,stress,180,2015-11-18,2016-08-05,2730.3928223383086,-0.08986905922056376,3005.62620831813,2730.3928223383086,-275.2333859798214,-0.09157272624856261,False,False,,,False,False,,,False,False,False,,,14,258,"A_ETF_sector_momentum,B_ETF_trend_following",B_ETF_trend_following,A_ETF_sector_momentum,0,4451,deterministic_stratified_sample
current_no_cash_proxy_alpha_AB,stress,180,2015-12-01,2016-08-17,2750.6425792870123,-0.08311914023766254,3000.0,2750.6425792870123,-249.35742071298773,-0.08311914023766254,False,False,,,False,False,,,False,False,False,,,14,285,"A_ETF_sector_momentum,B_ETF_trend_following",B_ETF_trend_following,A_ETF_sector_momentum,0,4451,deterministic_stratified_sample
current_no_cash_proxy_alpha_AB,stress,180,2016-01-07,2016-09-22,2882.696575140767,-0.03910114161974432,3107.116530438268,2804.385177556911,-302.731352881357,-0.09743160577201004,False,False,,,False,False,,,False,False,False,,,28,257,B_ETF_trend_following,A_ETF_sector_momentum,B_ETF_trend_following,0,4451,deterministic_stratified_sample
current_no_cash_proxy_alpha_AB,stress,180,2016-01-26,2016-10-10,2912.582104342404,-0.029139298552532056,3107.116530438268,2804.385177556911,-302.731352881357,-0.09743160577201004,False,False,,,False,False,,,False,False,False,,,28,267,B_ETF_trend_following,A_ETF_sector_momentum,B_ETF_trend_following,0,4451,deterministic_stratified_sample
current_no_cash_proxy_alpha_AB,stress,180,2016-02-05,2016-10-20,2837.956700078219,-0.0540144333072603,3107.116530438268,2804.385177556911,-302.731352881357,-0.09743160577201004,False,False,,,False,False,,,False,False,False,,,29,270,B_ETF_trend_following,A_ETF_sector_momentum,B_ETF_trend_following,0,4451,deterministic_stratified_sample
current_no_cash_proxy_alpha_AB,stress,180,2016-02-11,2016-10-26,2841.2425502878277,-0.05291914990405744,3107.116530438268,2804.385177556911,-302.731352881357,-0.09743160577201004,False,False,,,False,False,,,False,False,False,,,30,272,B_ETF_trend_following,A_ETF_sector_momentum,B_ETF_trend_following,0,4451,deterministic_stratified_sample
current_no_cash_proxy_alpha_AB,stress,180,2016-03-01,2016-11-11,2892.987115201712,-0.035670961599429285,3107.116530438268,2795.7468365869518,-311.36969385131624,-0.10021178504283412,False,False,,,False,False,,,False,False,False,,,31,289,B_ETF_trend_following,A_ETF_sector_momentum,B_ETF_trend_following,0,4451,deterministic_stratified_sample
current_no_cash_proxy_alpha_AB,stress,180,2016-03-16,2016-11-29,2935.314774532093,-0.021561741822635705,3074.543392811414,2803.7844644109027,-270.7589284005112,-0.08806476078157566,False,False,,,False,False,,,False,False,False,,,29,335,B_ETF_trend_following,A_ETF_sector_momentum,B_ETF_trend_following,0,4451,deterministic_stratified_sample
current_no_cash_proxy_alpha_AB,stress,180,2016-04-25,2017-01-09,2936.634114627139,-0.021121961790953714,3011.648893899156,2791.5146809602193,-220.1342129389368,-0.07309424859746216,False,False,,,False,False,,,False,False,False,,,28,364,B_ETF_trend_following,A_ETF_sector_momentum,B_ETF_trend_following,0,4451,deterministic_stratified_sample
current_no_cash_proxy_alpha_AB,stress,180,2016-05-16,2017-01-31,2999.523464952582,-0.0001588450158059862,3092.3350695250047,2887.1233348170144,-181.974720241692,-0.0592925729243966,False,False,,,False,False,,,False,False,False,,,33,362,B_ETF_trend_following,A_ETF_sector_momentum,B_ETF_trend_following,0,4451,deterministic_stratified_sample
current_no_cash_proxy_alpha_AB,stress,180,2016-07-12,2017-03-28,3255.8998495469323,0.08529994984897749,3298.9455234132,2901.8181535038316,-153.69889735431252,-0.05030209119963713,False,False,,,False,False,,,False,False,False,,,30,338,,B_ETF_trend_following,A_ETF_sector_momentum,0,4451,deterministic_stratified_sample
current_no_cash_proxy_alpha_AB,stress,180,2016-07-15,2017-03-31,3212.1265709451627,0.07070885698172091,3255.5882125410612,2863.6801997598395,-151.6788667639321,-0.050302091199637355,False,False,,,False,False,,,False,False,False,,,30,333,,B_ETF_trend_following,A_ETF_sector_momentum,0,4451,deterministic_stratified_sample
current_no_cash_proxy_alpha_AB,stress,180,2016-08-10,2017-04-27,3129.9346582500593,0.043311552750019855,3214.715340935033,2827.727608251299,-186.13578940806565,-0.06175986262437205,False,False,,,False,False,,,False,False,False,,,32,309,,B_ETF_trend_following,A_ETF_sector_momentum,0,4451,deterministic_stratified_sample
current_no_cash_proxy_alpha_AB,stress,180,2016-09-14,2017-06-01,3291.8465067292204,0.09728216890974006,3291.8465067292204,2875.558559560245,-152.41252120643458,-0.05033486686003752,False,False,,,False,False,,,False,False,False,,,33,329,,B_ETF_trend_following,A_ETF_sector_momentum,0,4451,deterministic_stratified_sample
current_no_cash_proxy_alpha_AB,stress,180,2016-09-26,2017-06-13,3223.7001154983327,0.07456670516611097,3263.6923047053706,2841.88612891953,-163.53581336291336,-0.05441359532988488,False,False,,,False,False,,,False,False,False,,,33,348,,B_ETF_trend_following,A_ETF_sector_momentum,0,4451,deterministic_stratified_sample
current_no_cash_proxy_alpha_AB,stress,180,2016-11-11,2017-08-01,3232.1889741953014,0.07739632473176705,3241.6947537989017,3000.0,-117.02310994990648,-0.03646652009324103,False,False,,,False,False,,,False,False,False,,,33,383,,A_ETF_sector_momentum,B_ETF_trend_following,0,4451,deterministic_stratified_sample
current_no_cash_proxy_alpha_AB,stress,180,2016-12-12,2017-08-29,3113.748727727584,0.03791624257586146,3166.756338393165,2911.753420651374,-91.53131491901286,-0.030477068602564272,False,False,,,False,False,,,False,False,False,,,31,343,,A_ETF_sector_momentum,B_ETF_trend_following,0,4451,deterministic_stratified_sample
current_no_cash_proxy_alpha_AB,stress,180,2017-01-12,2017-09-28,3069.354816215439,0.02311827207181305,3170.7805787373286,2976.891248414071,-137.0374285160683,-0.04321883054129194,False,False,,,False,False,,,False,False,False,,,37,380,,A_ETF_sector_momentum,B_ETF_trend_following,0,4451,deterministic_stratified_sample
current_no_cash_proxy_alpha_AB,stress,180,2017-01-26,2017-10-11,2992.15747630636,-0.002614174564546712,3079.5868707862364,2924.6790950506866,-115.74137292914884,-0.0375834090043381,False,False,,,False,False,,,False,False,False,,,32,432,B_ETF_trend_following,A_ETF_sector_momentum,B_ETF_trend_following,0,4451,deterministic_stratified_sample
current_no_cash_proxy_alpha_AB,stress,180,2017-01-31,2017-10-16,3033.431193441401,0.011143731147133629,3159.281538079249,2992.995508849635,-166.2860292296141,-0.052634128115948475,False,False,,,False,False,,,False,False,False,,,40,387,B_ETF_trend_following,A_ETF_sector_momentum,B_ETF_trend_following,0,4451,deterministic_stratified_sample
current_no_cash_proxy_alpha_AB,stress,180,2017-03-01,2017-11-13,2962.289172172351,-0.012570275942549669,3029.5813680177907,2914.4396990775545,-115.14166894023629,-0.03800580177701973,False,False,,,False,False,,,False,False,False,,,36,402,B_ETF_trend_following,A_ETF_sector_momentum,B_ETF_trend_following,0,4451,deterministic_stratified_sample
current_no_cash_proxy_alpha_AB,stress,180,2017-03-15,2017-11-28,2924.7124871364917,-0.025095837621169403,3012.0669941454826,2880.800676787195,-131.26631735828778,-0.043580145333230846,False,False,,,False,False,,,False,False,False,,,35,436,B_ETF_trend_following,A_ETF_sector_momentum,B_ETF_trend_following,0,4451,deterministic_stratified_sample
current_no_cash_proxy_alpha_AB,stress,180,2017-05-02,2018-01-17,3292.787134176542,0.09759571139218082,3292.787134176542,2990.4566889769976,-135.08213268357804,-0.04321883054129205,False,False,,,False,False,,,False,False,False,,,33,452,,B_ETF_trend_following,A_ETF_sector_momentum,0,4451,deterministic_stratified_sample
current_no_cash_proxy_alpha_AB,stress,180,2017-05-12,2018-01-29,3344.0789104479068,0.11469297014930224,3357.2555826862963,2953.257714829284,-133.4018151655082,-0.04321883054129172,True,True,2018-01-22,175,False,False,,,False,False,False,,,33,478,,B_ETF_trend_following,A_ETF_sector_momentum,0,4451,deterministic_stratified_sample
current_no_cash_proxy_alpha_AB,stress,180,2017-05-17,2018-02-01,3346.4876071453964,0.11549586904846554,3396.4330642072514,2987.720744735623,-134.1808827351706,-0.042980496744183805,True,True,2018-01-19,171,False,False,,,False,False,False,,,30,474,,B_ETF_trend_following,A_ETF_sector_momentum,0,4451,deterministic_stratified_sample
current_no_cash_proxy_alpha_AB,stress,180,2017-07-13,2018-03-29,3048.830341085518,0.016276780361839327,3290.1575623234894,2894.2339850578155,-241.32722123797157,-0.07334822623739268,False,False,,,False,False,,,False,False,False,,,33,405,A_ETF_sector_momentum,B_ETF_trend_following,A_ETF_sector_momentum,0,4451,deterministic_stratified_sample
current_no_cash_proxy_alpha_AB,stress,180,2017-08-03,2018-04-20,3133.4885949259155,0.04449619830863849,3356.98841199263,2953.0226943213684,-258.0665398115025,-0.07687442080216189,True,True,2018-01-22,118,False,False,,,False,False,False,,,31,376,A_ETF_sector_momentum,B_ETF_trend_following,A_ETF_sector_momentum,0,4451,deterministic_stratified_sample
current_no_cash_proxy_alpha_AB,stress,180,2017-08-09,2018-04-26,3091.2762841277563,0.030425428042585523,3324.872344035143,2924.771337482596,-281.65356980549313,-0.08471109283662659,True,True,2018-01-26,118,False,False,,,False,False,False,,,33,365,A_ETF_sector_momentum,B_ETF_trend_following,A_ETF_sector_momentum,0,4451,deterministic_stratified_sample
current_no_cash_proxy_alpha_AB,stress,180,2017-08-16,2018-05-03,3017.2253760625927,0.005741792020864223,3365.807062187624,2958.4342386670523,-365.4484996569854,-0.10857678200349974,True,True,2018-01-22,109,False,False,,,False,False,False,,,34,365,A_ETF_sector_momentum,B_ETF_trend_following,A_ETF_sector_momentum,0,4451,deterministic_stratified_sample
current_no_cash_proxy_alpha_AB,stress,180,2017-09-11,2018-05-29,3094.044443266749,0.03134814775558303,3317.1604501252004,2918.0058086080116,-281.0207464511177,-0.08471726064396767,True,True,2018-01-26,96,False,False,,,False,False,False,,,31,373,A_ETF_sector_momentum,B_ETF_trend_following,A_ETF_sector_momentum,0,4451,deterministic_stratified_sample
current_no_cash_proxy_alpha_AB,stress,180,2017-09-20,2018-06-07,3244.139621659876,0.08137987388662538,3399.1668644444917,2984.8864090044867,-295.76691812603895,-0.08701159134603842,True,True,2018-01-19,84,False,False,,,False,False,False,,,28,356,A_ETF_sector_momentum,B_ETF_trend_following,A_ETF_sector_momentum,0,4451,deterministic_stratified_sample
current_no_cash_proxy_alpha_AB,stress,180,2017-10-18,2018-07-06,3045.8421220519986,0.015280707350666223,3249.53122899113,2961.4768225812722,-272.09953612699337,-0.08373501189938437,False,False,,,False,False,,,False,False,False,,,29,313,A_ETF_sector_momentum,B_ETF_trend_following,A_ETF_sector_momentum,0,4451,deterministic_stratified_sample
current_no_cash_proxy_alpha_AB,stress,180,2017-11-08,2018-07-27,3020.151992150098,0.006717330716699443,3189.1044772733458,2891.7489658872646,-270.34071416492407,-0.08477010273306029,False,False,,,False,False,,,False,False,False,,,27,306,A_ETF_sector_momentum,B_ETF_trend_following,A_ETF_sector_momentum,0,4451,deterministic_stratified_sample
current_no_cash_proxy_alpha_AB,stress,180,2018-01-05,2018-09-21,2981.797568885856,-0.006067477038047997,3143.0633365636595,2806.007540518749,-337.0557960449105,-0.10723799044196691,False,False,,,False,False,,,False,False,False,,,24,270,A_ETF_sector_momentum,B_ETF_trend_following,A_ETF_sector_momentum,0,4451,deterministic_stratified_sample
current_no_cash_proxy_alpha_AB,stress,180,2018-01-10,2018-09-26,2900.9564453894545,-0.0330145182035152,3063.960503795488,2749.0816415649833,-314.87886223050464,-0.10276857741490064,False,False,,,False,False,,,False,False,False,,,26,260,A_ETF_sector_momentum,B_ETF_trend_following,A_ETF_sector_momentum,0,4451,deterministic_stratified_sample
current_no_cash_proxy_alpha_AB,stress,180,2018-02-21,2018-11-05,2907.3005034409116,-0.03089983218636283,3024.135623773147,2825.323935884341,-185.49949440502314,-0.06161088443077356,False,False,,,False,False,,,False,False,False,,,20,228,A_ETF_sector_momentum,B_ETF_trend_following,A_ETF_sector_momentum,0,4451,deterministic_stratified_sample
current_no_cash_proxy_alpha_AB,stress,180,2018-03-12,2018-11-23,2756.1499327940974,-0.08128335573530088,3000.0,2756.1499327940974,-243.85006720590263,-0.08128335573530088,False,False,,,False,False,,,False,False,False,,,11,297,"A_ETF_sector_momentum,B_ETF_trend_following",B_ETF_trend_following,A_ETF_sector_momentum,0,4451,deterministic_stratified_sample
current_no_cash_proxy_alpha_AB,stress,180,2018-03-21,2018-12-04,2936.9020580043443,-0.021032647331885257,3077.6853055834617,2889.7986034945916,-153.14407805279916,-0.049759498729440854,False,False,,,False,False,,,False,False,False,,,23,217,A_ETF_sector_momentum,B_ETF_trend_following,A_ETF_sector_momentum,0,4451,deterministic_stratified_sample
current_no_cash_proxy_alpha_AB,stress,180,2018-03-23,2018-12-07,2926.98027722008,-0.02433990759330662,3077.6853055834617,2889.7986034945916,-155.16976212377722,-0.050417683004260416,False,False,,,False,False,,,False,False,False,,,23,217,A_ETF_sector_momentum,B_ETF_trend_following,A_ETF_sector_momentum,0,4451,deterministic_stratified_sample
current_no_cash_proxy_alpha_AB,stress,180,2018-04-26,2019-01-11,2964.4028294290492,-0.011865723523650229,3248.441359014228,2964.4028294290492,-284.0385295851788,-0.0874384045126716,False,False,,,False,False,,,False,False,False,,,24,186,,A_ETF_sector_momentum,B_ETF_trend_following,0,4451,deterministic_stratified_sample
current_no_cash_proxy_alpha_AB,stress,180,2018-05-10,2019-01-28,2941.9309565060166,-0.01935634783132778,3223.8163111992008,2941.9309565060166,-281.8853546931841,-0.08743840451267149,False,False,,,False,False,,,False,False,False,,,23,176,,A_ETF_sector_momentum,B_ETF_trend_following,0,4451,deterministic_stratified_sample
current_no_cash_proxy_alpha_AB,stress,180,2018-06-11,2019-02-27,2816.805025328639,-0.06106499155712031,3068.6974771412597,2816.805025328639,-251.8924518126205,-0.08208448492853027,False,False,,,False,False,,,False,False,False,,,24,144,B_ETF_trend_following,A_ETF_sector_momentum,B_ETF_trend_following,0,4451,deterministic_stratified_sample
current_no_cash_proxy_alpha_AB,stress,180,2018-07-10,2019-03-27,2930.405313153454,-0.02319822894884871,3155.5438791509937,2872.0108702967937,-283.53300885420003,-0.08985234232600348,False,False,,,False,False,,,False,False,False,,,24,151,A_ETF_sector_momentum,B_ETF_trend_following,A_ETF_sector_momentum,0,4451,deterministic_stratified_sample
current_no_cash_proxy_alpha_AB,stress,180,2018-08-27,2019-05-15,2756.1351975138805,-0.08128826749537321,3015.2451183290073,2756.1351975138805,-259.10992081512677,-0.08593328590105498,False,False,,,False,False,,,False,False,False,,,18,228,"A_ETF_sector_momentum,B_ETF_trend_following",B_ETF_trend_following,A_ETF_sector_momentum,0,4451,deterministic_stratified_sample
current_no_cash_proxy_alpha_AB,stress,180,2018-09-07,2019-05-28,2755.012972779311,-0.0816623424068963,3029.8602308657078,2755.012972779311,-274.8472580863968,-0.09071285047623001,False,False,,,False,False,,,False,False,False,,,18,221,"A_ETF_sector_momentum,B_ETF_trend_following",B_ETF_trend_following,A_ETF_sector_momentum,0,4451,deterministic_stratified_sample
current_no_cash_proxy_alpha_AB,stress,180,2018-10-25,2019-07-16,3029.783075779699,0.009927691926566284,3036.0379892477386,2864.5407001656504,-143.8305504562186,-0.04781010669028529,False,False,,,False,False,,,False,False,False,,,24,252,,B_ETF_trend_following,A_ETF_sector_momentum,0,4451,deterministic_stratified_sample
current_no_cash_proxy_alpha_AB,stress,180,2018-11-09,2019-07-31,3018.3103412127,0.006103447070900048,3101.86667038624,2926.6509033407383,-127.39001182835091,-0.041708783276314,False,False,,,False,False,,,False,False,False,,,25,276,,B_ETF_trend_following,A_ETF_sector_momentum,0,4451,deterministic_stratified_sample
current_no_cash_proxy_alpha_AB,stress,180,2018-11-16,2019-08-07,3080.047659335033,0.026682553111677665,3110.6283179056713,2934.9176299129367,-127.7498423754837,-0.04170878327631422,False,False,,,False,False,,,False,False,False,,,27,278,,B_ETF_trend_following,A_ETF_sector_momentum,0,4451,deterministic_stratified_sample
current_no_cash_proxy_alpha_AB,stress,180,2018-12-04,2019-08-22,3183.2887918119513,0.06109626393731715,3231.7978331827335,2990.816214557346,-130.18297211805384,-0.04170878327631411,False,False,,,False,False,,,False,False,False,,,24,285,,B_ETF_trend_following,A_ETF_sector_momentum,0,4451,deterministic_stratified_sample
current_no_cash_proxy_alpha_AB,stress,180,2018-12-11,2019-08-28,3241.070321381142,0.08035677379371409,3241.070321381142,2990.816214557346,-130.18297211805384,-0.04170878327631411,False,False,,,False,False,,,False,False,False,,,24,291,,B_ETF_trend_following,A_ETF_sector_momentum,0,4451,deterministic_stratified_sample
current_no_cash_proxy_alpha_AB,stress,180,2018-12-13,2019-08-30,3233.186559687567,0.07772885322918888,3241.070321381142,2990.816214557346,-130.18297211805384,-0.04170878327631411,False,False,,,False,False,,,False,False,False,,,24,293,,B_ETF_trend_following,A_ETF_sector_momentum,0,4451,deterministic_stratified_sample
current_no_cash_proxy_alpha_AB,stress,180,2018-12-28,2019-09-16,3184.919590031068,0.061639863343689205,3244.0777988723453,2990.816214557346,-130.18297211805384,-0.04170878327631411,False,False,,,False,False,,,False,False,False,,,27,334,,B_ETF_trend_following,A_ETF_sector_momentum,0,4451,deterministic_stratified_sample
current_no_cash_proxy_alpha_AB,stress,180,2019-01-16,2019-10-02,3056.2132830897485,0.0187377610299162,3244.0777988723453,2990.816214557346,-187.86451578259675,-0.05790999089106286,False,False,,,False,False,,,False,False,False,,,30,341,,B_ETF_trend_following,A_ETF_sector_momentum,0,4451,deterministic_stratified_sample
current_no_cash_proxy_alpha_AB,stress,180,2019-01-31,2019-10-16,2995.665184031955,-0.0014449386560150268,3244.0777988723453,2990.816214557346,-248.41261484039023,-0.07657418540539918,False,False,,,False,False,,,False,False,False,,,36,343,,B_ETF_trend_following,A_ETF_sector_momentum,0,4451,deterministic_stratified_sample
current_no_cash_proxy_alpha_AB,stress,180,2019-02-07,2019-10-23,3011.123884198098,0.003707961399366022,3274.0117731600435,2998.0811204867223,-262.88788896194546,-0.08029534014418305,False,False,,,False,False,,,False,False,False,,,35,341,,B_ETF_trend_following,A_ETF_sector_momentum,0,4451,deterministic_stratified_sample
current_no_cash_proxy_alpha_AB,stress,180,2019-02-12,2019-10-28,3055.257393932965,0.018419131310988268,3274.0117731600435,2998.0811204867223,-262.88788896194546,-0.08029534014418305,False,False,,,False,False,,,False,False,False,,,35,352,,B_ETF_trend_following,A_ETF_sector_momentum,0,4451,deterministic_stratified_sample
current_no_cash_proxy_alpha_AB,stress,180,2019-04-10,2019-12-24,3102.062590770871,0.03402086359029033,3187.3809101525335,2925.429755136694,-261.9511550158395,-0.08218382502745925,False,False,,,False,False,,,False,False,False,,,36,429,,A_ETF_sector_momentum,B_ETF_trend_following,0,4451,deterministic_stratified_sample
current_no_cash_proxy_alpha_AB,stress,180,2019-04-12,2019-12-27,3091.64353069984,0.03054784356661333,3168.3773034832006,2907.722736802798,-260.6545666804027,-0.08226752741658905,False,False,,,False,False,,,False,False,False,,,37,436,,A_ETF_sector_momentum,B_ETF_trend_following,0,4451,deterministic_stratified_sample
current_no_cash_proxy_alpha_AB,stress,180,2019-04-18,2020-01-03,3056.234180484498,0.01874472682816597,3137.3028826709865,2878.7684783501118,-258.5344043208747,-0.08240658106327559,False,False,,,False,False,,,False,False,False,,,37,428,,A_ETF_sector_momentum,B_ETF_trend_following,0,4451,deterministic_stratified_sample
current_no_cash_proxy_alpha_AB,stress,180,2019-06-17,2020-03-03,3036.656301167448,0.012218767055816038,3235.017327545416,2930.3019206771155,-262.30791711372103,-0.08216096875001422,False,False,,,False,False,,,False,False,False,,,42,461,,A_ETF_sector_momentum,B_ETF_trend_following,0,4451,deterministic_stratified_sample
current_no_cash_proxy_alpha_AB,stress,180,2019-07-05,2020-03-20,3006.2225279833583,0.0020741759944526983,3173.7383365655883,2874.3955707924624,-258.2142001609036,-0.08242782186123354,False,False,,,False,False,,,False,False,False,,,39,423,,A_ETF_sector_momentum,B_ETF_trend_following,0,4451,deterministic_stratified_sample
current_no_cash_proxy_alpha_AB,stress,180,2019-07-23,2020-04-07,2927.44581012396,-0.02418472995867993,3136.3744015173047,2840.307522140283,-255.71811835724793,-0.08259560741756455,False,False,,,False,False,,,False,False,False,,,38,392,B_ETF_trend_following,A_ETF_sector_momentum,B_ETF_trend_following,0,4451,deterministic_stratified_sample
current_no_cash_proxy_alpha_AB,stress,180,2019-08-14,2020-04-30,2746.0003538688807,-0.08466654871037316,3030.360335324921,2746.0003538688807,-284.35998145604026,-0.09383701936078526,False,False,,,False,False,,,False,False,False,,,17,422,"A_ETF_sector_momentum,B_ETF_trend_following",B_ETF_trend_following,A_ETF_sector_momentum,0,4451,deterministic_stratified_sample
current_no_cash_proxy_alpha_AB,stress,180,2019-09-20,2020-06-08,3058.457105043346,0.019485701681115408,3217.142962500915,2867.620130512438,-212.49705471150446,-0.06605148020724427,False,False,,,False,False,,,False,False,False,,,30,321,,B_ETF_trend_following,A_ETF_sector_momentum,0,4451,deterministic_stratified_sample
current_no_cash_proxy_alpha_AB,stress,180,2019-10-14,2020-06-30,3202.6429297944214,0.06754764326480722,3353.777797997235,2966.542029483314,-221.52198925553967,-0.0660514806281517,True,True,2020-02-12,84,False,False,,,False,False,False,,,29,326,,A_ETF_sector_momentum,B_ETF_trend_following,0,4451,deterministic_stratified_sample
current_no_cash_proxy_alpha_AB,stress,180,2019-12-05,2020-08-21,3388.3207051304016,0.12944023504346713,3482.782363842458,2979.6563800726244,-217.38856440729705,-0.06605148011895112,True,True,2020-07-22,158,True,True,2020-08-04,167,False,False,False,,,27,318,,A_ETF_sector_momentum,B_ETF_trend_following,0,4451,deterministic_stratified_sample
current_no_cash_proxy_alpha_AB,stress,180,2019-12-11,2020-08-27,3575.93797418589,0.1919793247286301,3590.354447257895,3000.0,-187.89625592742505,-0.056997784658354145,True,True,2020-07-08,144,True,True,2020-07-22,154,False,False,False,,,26,332,,B_ETF_trend_following,A_ETF_sector_momentum,0,4451,deterministic_stratified_sample
current_no_cash_proxy_alpha_AB,stress,180,2019-12-24,2020-09-10,3484.457733269377,0.16148591108979238,3578.2058255584525,2983.472511895442,-203.79016413227373,-0.06393892968566284,True,True,2020-07-22,145,True,True,2020-08-04,154,False,False,False,,,26,305,,B_ETF_trend_following,A_ETF_sector_momentum,0,4451,deterministic_stratified_sample
current_no_cash_proxy_alpha_AB,stress,180,2020-01-23,2020-10-07,3020.192009500826,0.0067306698336087045,3168.1553242525165,2837.819842265676,-254.4389354244572,-0.08228254933260115,False,False,,,False,False,,,False,False,False,,,22,292,B_ETF_trend_following,A_ETF_sector_momentum,B_ETF_trend_following,0,4451,deterministic_stratified_sample
current_no_cash_proxy_alpha_AB,stress,180,2020-02-12,2020-10-27,3155.339712342632,0.05177990411421063,3378.6806851583638,2871.786311836112,-223.34097281573167,-0.06610301287032205,True,True,2020-08-28,139,False,False,,,False,False,False,,,29,233,,B_ETF_trend_following,A_ETF_sector_momentum,0,4451,deterministic_stratified_sample
current_no_cash_proxy_alpha_AB,stress,180,2020-02-25,2020-11-06,3442.8266139299926,0.14760887130999745,3598.60230840334,3000.0,-258.14754784826846,-0.0717355033217899,True,True,2020-07-20,102,True,True,2020-07-29,109,False,False,False,,,26,208,,B_ETF_trend_following,A_ETF_sector_momentum,0,4451,deterministic_stratified_sample
current_no_cash_proxy_alpha_AB,stress,180,2020-02-26,2020-11-09,3274.949892926681,0.09164996430889372,3428.158307211005,2959.85140761565,-247.04536083574112,-0.07206358011999925,True,True,2020-08-04,112,True,True,2020-09-02,133,False,False,False,,,25,213,,B_ETF_trend_following,A_ETF_sector_momentum,0,4451,deterministic_stratified_sample
current_no_cash_proxy_alpha_AB,stress,180,2020-03-11,2020-11-23,3308.929484265746,0.10297649475524873,3428.158307211005,2959.85140761565,-247.04536083574112,-0.07206358011999925,True,True,2020-08-04,102,True,True,2020-09-02,123,False,False,False,,,25,237,,A_ETF_sector_momentum,B_ETF_trend_following,0,4451,deterministic_stratified_sample
current_no_cash_proxy_alpha_AB,stress,180,2020-03-17,2020-11-30,3377.173012986993,0.12572433766233093,3428.158307211005,2959.85140761565,-247.04536083574112,-0.07206358011999925,True,True,2020-08-04,98,True,True,2020-09-02,119,False,False,False,,,25,253,,A_ETF_sector_momentum,B_ETF_trend_following,0,4451,deterministic_stratified_sample
current_no_cash_proxy_alpha_AB,stress,180,2020-03-27,2020-12-10,3452.4547964852954,0.15081826549509847,3509.032935646597,2959.85140761565,-247.04536083574112,-0.07206358011999925,True,True,2020-08-04,90,True,True,2020-09-02,111,False,False,False,,,25,279,,A_ETF_sector_momentum,B_ETF_trend_following,0,4451,deterministic_stratified_sample
current_no_cash_proxy_alpha_AB,stress,180,2020-04-15,2020-12-29,3409.581435462044,0.13652714515401465,3509.032935646597,2959.85140761565,-247.04536083574112,-0.07206358011999925,True,True,2020-08-04,78,True,True,2020-09-02,99,False,False,False,,,27,299,,A_ETF_sector_momentum,B_ETF_trend_following,0,4451,deterministic_stratified_sample
current_no_cash_proxy_alpha_AB,stress,180,2020-05-01,2021-01-15,3350.83536052241,0.11694512017413672,3509.032935646597,2959.85140761565,-247.04536083574112,-0.07206358011999925,True,True,2020-08-04,66,True,True,2020-09-02,87,False,False,False,,,31,336,,A_ETF_sector_momentum,B_ETF_trend_following,0,4451,deterministic_stratified_sample
current_no_cash_proxy_alpha_AB,stress,180,2020-05-12,2021-01-27,3279.1595559523657,0.09305318531745521,3509.032935646597,2959.85140761565,-247.04536083574112,-0.07206358011999925,True,True,2020-08-04,59,True,True,2020-09-02,80,False,False,False,,,32,356,,A_ETF_sector_momentum,B_ETF_trend_following,0,4451,deterministic_stratified_sample
current_no_cash_proxy_alpha_AB,stress,180,2020-05-19,2021-02-03,3293.481632728866,0.09782721090962188,3509.032935646597,2959.85140761565,-264.9881003612568,-0.075515991220649,True,True,2020-08-04,54,True,True,2020-09-02,75,False,False,False,,,32,355,,A_ETF_sector_momentum,B_ETF_trend_following,0,4451,deterministic_stratified_sample
current_no_cash_proxy_alpha_AB,stress,180,2020-07-08,2021-03-24,3114.3774489977586,0.03812581633258616,3374.7034905491064,2975.006406540405,-260.32604155134777,-0.07714041908582303,True,True,2020-12-04,106,False,False,,,False,False,False,,,35,397,,A_ETF_sector_momentum,B_ETF_trend_following,0,4451,deterministic_stratified_sample
current_no_cash_proxy_alpha_AB,stress,180,2020-07-15,2021-03-31,2871.6598608131,-0.042780046395633375,3247.1560081640605,2842.0249013117764,-405.1311068522841,-0.12476490375999671,False,False,,,False,False,,,False,False,False,,,30,423,A_ETF_sector_momentum,B_ETF_trend_following,A_ETF_sector_momentum,0,4451,deterministic_stratified_sample
current_no_cash_proxy_alpha_AB,stress,180,2020-07-28,2021-04-14,3180.5231648827553,0.06017438829425181,3304.275413092965,2946.0677538794334,-256.6366932624337,-0.07766806975154927,True,True,2021-02-09,136,False,False,,,False,False,False,,,36,404,,A_ETF_sector_momentum,B_ETF_trend_following,0,4451,deterministic_stratified_sample
current_no_cash_proxy_alpha_AB,stress,180,2020-09-03,2021-05-21,3028.5224254814084,0.00950747516046957,3225.9448606688543,2901.5888347379905,-297.8822843108014,-0.09233954614123185,False,False,,,False,False,,,False,False,False,,,24,412,B_ETF_trend_following,A_ETF_sector_momentum,B_ETF_trend_following,0,4451,deterministic_stratified_sample
current_no_cash_proxy_alpha_AB,stress,180,2020-10-13,2021-06-30,3157.406051024933,0.0524686836749777,3259.9732014670417,2868.5544120414424,-212.1287481021609,-0.06507070303728246,False,False,,,False,False,,,False,False,False,,,22,465,B_ETF_trend_following,A_ETF_sector_momentum,B_ETF_trend_following,0,4451,deterministic_stratified_sample
current_no_cash_proxy_alpha_AB,stress,180,2020-11-03,2021-07-22,2731.3776703367103,-0.08954077655442993,3070.6341566350175,2731.3776703367103,-339.2564862983072,-0.11048417655527043,False,False,,,False,False,,,False,False,False,,,16,521,"A_ETF_sector_momentum,B_ETF_trend_following",B_ETF_trend_following,A_ETF_sector_momentum,0,4451,deterministic_stratified_sample
current_no_cash_proxy_alpha_AB,stress,180,2020-12-29,2021-09-15,2950.9024986691647,-0.016365833776945116,3094.4656801436145,2836.0774978749155,-258.388182268699,-0.0835000962934277,False,False,,,False,False,,,False,False,False,,,27,443,A_ETF_sector_momentum,B_ETF_trend_following,A_ETF_sector_momentum,0,4451,deterministic_stratified_sample
current_no_cash_proxy_alpha_AB,stress,180,2021-01-04,2021-09-20,3178.1203206604987,0.05937344022016622,3328.244228947341,2978.371315757257,-254.5343396070507,-0.07797893282366508,True,True,2021-07-12,131,False,False,,,False,False,False,,,32,414,,B_ETF_trend_following,A_ETF_sector_momentum,0,4451,deterministic_stratified_sample
current_no_cash_proxy_alpha_AB,stress,180,2021-01-07,2021-09-23,2912.6635400233745,-0.029112153325541845,3159.3865266851917,2831.0222719695075,-328.3642547156842,-0.10393291607158994,False,False,,,False,False,,,False,False,False,,,25,435,A_ETF_sector_momentum,B_ETF_trend_following,A_ETF_sector_momentum,0,4451,deterministic_stratified_sample
current_no_cash_proxy_alpha_AB,stress,180,2021-02-08,2021-10-22,2738.055143297693,-0.08731495223410224,3007.6449233647554,2738.055143297693,-269.5897800670623,-0.08963484285420997,False,False,,,False,False,,,False,False,False,,,23,462,"A_ETF_sector_momentum,B_ETF_trend_following",B_ETF_trend_following,A_ETF_sector_momentum,0,4451,deterministic_stratified_sample
current_no_cash_proxy_alpha_AB,stress,180,2021-02-18,2021-11-02,2977.4530498388726,-0.007515650053709133,3060.435931529233,2753.5134250799983,-306.9225064492348,-0.10028718565458494,False,False,,,False,False,,,False,False,False,,,23,432,A_ETF_sector_momentum,B_ETF_trend_following,A_ETF_sector_momentum,0,4451,deterministic_stratified_sample
current_no_cash_proxy_alpha_AB,stress,180,2021-03-05,2021-11-17,3200.1476236657945,0.06671587455526473,3272.0311287188338,2888.579979820335,-182.05233699624296,-0.056750022211432216,False,False,,,False,False,,,False,False,False,,,33,431,,B_ETF_trend_following,A_ETF_sector_momentum,0,4451,deterministic_stratified_sample
current_no_cash_proxy_alpha_AB,stress,180,2021-03-18,2021-12-01,3135.454334527422,0.04515144484247391,3313.9349523889955,2936.77813462357,-187.6118734660422,-0.057664693843737624,True,True,2021-11-05,163,False,False,,,False,False,False,,,36,408,,B_ETF_trend_following,A_ETF_sector_momentum,0,4451,deterministic_stratified_sample
current_no_cash_proxy_alpha_AB,stress,180,2021-05-04,2022-01-18,2767.4199927313334,-0.07752666908955552,3122.6267227634826,2767.4199927313334,-355.20673003214915,-0.11375254283284808,False,False,,,False,False,,,False,False,False,,,45,359,A_ETF_sector_momentum,B_ETF_trend_following,A_ETF_sector_momentum,0,4451,deterministic_stratified_sample
current_no_cash_proxy_alpha_AB,stress,180,2021-05-07,2022-01-21,2740.5270906162177,-0.08649096979459414,3000.0,2740.5270906162177,-259.4729093837823,-0.08649096979459414,False,False,,,False,False,,,False,False,False,,,21,444,"A_ETF_sector_momentum,B_ETF_trend_following",B_ETF_trend_following,A_ETF_sector_momentum,0,4451,deterministic_stratified_sample
current_no_cash_proxy_alpha_AB,stress,180,2021-06-04,2022-02-17,2754.35938273156,-0.08188020575614674,3058.843335380497,2754.35938273156,-304.48395264893725,-0.09954218613522481,False,False,,,False,False,,,False,False,False,,,28,369,"A_ETF_sector_momentum,B_ETF_trend_following",B_ETF_trend_following,A_ETF_sector_momentum,0,4451,deterministic_stratified_sample
current_no_cash_proxy_alpha_AB,stress,180,2021-06-17,2022-03-03,2789.7474283836227,-0.07008419053879245,3237.6079178404975,2789.7474283836227,-447.8604894568748,-0.13833067524606257,False,False,,,False,False,,,False,False,False,,,39,315,B_ETF_trend_following,A_ETF_sector_momentum,B_ETF_trend_following,0,4451,deterministic_stratified_sample
current_no_cash_proxy_alpha_AB,stress,180,2021-07-02,2022-03-18,2754.418202444187,-0.081860599185271,3000.0,2754.418202444187,-245.58179755581295,-0.081860599185271,False,False,,,False,False,,,False,False,False,,,25,321,"A_ETF_sector_momentum,B_ETF_trend_following",B_ETF_trend_following,A_ETF_sector_momentum,0,4451,deterministic_stratified_sample
current_no_cash_proxy_alpha_AB,stress,180,2021-07-27,2022-04-11,2733.072143643002,-0.08897595211899922,3147.0273999208207,2733.072143643002,-413.95525627781853,-0.1315384976591668,False,False,,,False,False,,,False,False,False,,,38,284,"A_ETF_sector_momentum,B_ETF_trend_following",B_ETF_trend_following,A_ETF_sector_momentum,0,4451,deterministic_stratified_sample
current_no_cash_proxy_alpha_AB,stress,180,2021-08-19,2022-05-05,2774.9001580020067,-0.07503328066599779,3206.6175716883363,2762.0846738962136,-444.53289779212264,-0.1386298452665401,False,False,,,False,False,,,False,False,False,,,35,248,B_ETF_trend_following,A_ETF_sector_momentum,B_ETF_trend_following,0,4451,deterministic_stratified_sample
current_no_cash_proxy_alpha_AB,stress,180,2021-08-25,2022-05-11,2756.548242520981,-0.0811505858263396,3145.8121740843003,2756.548242520981,-389.26393156331915,-0.12374036020654289,False,False,,,False,False,,,False,False,False,,,32,245,"A_ETF_sector_momentum,B_ETF_trend_following",B_ETF_trend_following,A_ETF_sector_momentum,0,4451,deterministic_stratified_sample
current_no_cash_proxy_alpha_AB,stress,180,2021-09-01,2022-05-18,2761.1158589279967,-0.07962804702400106,3000.0,2761.1158589279967,-238.88414107200333,-0.07962804702400106,False,False,,,False,False,,,False,False,False,,,18,279,"A_ETF_sector_momentum,B_ETF_trend_following",B_ETF_trend_following,A_ETF_sector_momentum,0,4451,deterministic_stratified_sample
current_no_cash_proxy_alpha_AB,stress,180,2021-09-07,2022-05-23,2752.725898886257,-0.08242470037124772,3000.0,2752.725898886257,-247.2741011137432,-0.08242470037124772,False,False,,,False,False,,,False,False,False,,,18,267,"A_ETF_sector_momentum,B_ETF_trend_following",B_ETF_trend_following,A_ETF_sector_momentum,0,4451,deterministic_stratified_sample
current_no_cash_proxy_alpha_AB,stress,180,2021-09-13,2022-05-27,2757.0950471994765,-0.08096831760017453,3143.814151706973,2757.0950471994765,-386.71910450749647,-0.12300953104925827,False,False,,,False,False,,,False,False,False,,,30,224,"A_ETF_sector_momentum,B_ETF_trend_following",B_ETF_trend_following,A_ETF_sector_momentum,0,4451,deterministic_stratified_sample
current_no_cash_proxy_alpha_AB,stress,180,2021-10-07,2022-06-24,2764.5363778520286,-0.07848787404932378,3092.8971657354414,2764.5363778520286,-328.36078788341274,-0.10616608645161141,False,False,,,False,False,,,False,False,False,,,21,224,"A_ETF_sector_momentum,B_ETF_trend_following",B_ETF_trend_following,A_ETF_sector_momentum,0,4451,deterministic_stratified_sample
current_no_cash_proxy_alpha_AB,stress,180,2021-10-29,2022-07-19,2741.250646176089,-0.08624978460797028,3087.4837090653846,2741.250646176089,-346.2330628892955,-0.11214085498579163,False,False,,,False,False,,,False,False,False,,,21,172,"A_ETF_sector_momentum,B_ETF_trend_following",B_ETF_trend_following,A_ETF_sector_momentum,0,4451,deterministic_stratified_sample
current_no_cash_proxy_alpha_AB,stress,180,2021-11-04,2022-07-25,2744.7425636834464,-0.08508581210551791,3000.0,2744.7425636834464,-255.2574363165536,-0.08508581210551791,False,False,,,False,False,,,False,False,False,,,15,174,"A_ETF_sector_momentum,B_ETF_trend_following",B_ETF_trend_following,A_ETF_sector_momentum,0,4451,deterministic_stratified_sample
current_no_cash_proxy_alpha_AB,stress,180,2021-12-30,2022-09-16,2838.4598976777315,-0.053846700774089484,3000.682499889466,2825.628539709722,-175.05396017974363,-0.058338048156108435,False,False,,,False,False,,,False,False,False,,,12,87,B_ETF_trend_following,A_ETF_sector_momentum,B_ETF_trend_following,0,4451,deterministic_stratified_sample
current_no_cash_proxy_alpha_AB,stress,180,2022-01-24,2022-10-10,2939.2541386268163,-0.020248620457727906,3084.292189579722,2939.0015414429286,-145.2906481367936,-0.04710664204502346,False,False,,,False,False,,,False,False,False,,,8,63,,A_ETF_sector_momentum,B_ETF_trend_following,0,4451,deterministic_stratified_sample
current_no_cash_proxy_alpha_AB,stress,180,2022-02-22,2022-11-07,2990.9601559672183,-0.003013281344260599,3106.7499240000325,2990.9601559672183,-115.78976803281421,-0.03727038572957664,False,False,,,False,False,,,False,False,False,,,4,63,,A_ETF_sector_momentum,B_ETF_trend_following,0,4451,deterministic_stratified_sample
current_no_cash_proxy_alpha_AB,stress,180,2022-03-11,2022-11-25,2990.9601559672183,-0.003013281344260599,3106.7499240000325,2990.9601559672183,-115.78976803281421,-0.03727038572957664,False,False,,,False,False,,,False,False,False,,,4,63,,A_ETF_sector_momentum,B_ETF_trend_following,0,4451,deterministic_stratified_sample
current_no_cash_proxy_alpha_AB,stress,180,2022-03-31,2022-12-15,2885.5945497921007,-0.038135150069299795,3091.0701488154023,2885.5945497921007,-205.47559902330158,-0.06647393592864481,False,False,,,False,False,,,False,False,False,,,7,43,,B_ETF_trend_following,A_ETF_sector_momentum,0,4451,deterministic_stratified_sample
current_no_cash_proxy_alpha_AB,stress,180,2022-04-06,2022-12-21,2828.2063357197317,-0.0572645547600894,3033.927393987292,2828.2063357197317,-205.72105826756024,-0.06780684952291971,False,False,,,False,False,,,False,False,False,,,7,41,,A_ETF_sector_momentum,B_ETF_trend_following,0,4451,deterministic_stratified_sample
current_no_cash_proxy_alpha_AB,stress,180,2022-04-08,2022-12-23,2827.0422506011905,-0.05765258313293653,3015.228394929466,2827.0422506011905,-188.18614432827553,-0.06241190373662475,False,False,,,False,False,,,False,False,False,,,6,40,,B_ETF_trend_following,A_ETF_sector_momentum,0,4451,deterministic_stratified_sample
current_no_cash_proxy_alpha_AB,stress,180,2022-04-21,2023-01-06,2885.667899976659,-0.038110700007780274,3006.249108429393,2885.667899976659,-120.58120845273379,-0.04011018518546228,False,False,,,False,False,,,False,False,False,,,4,37,,B_ETF_trend_following,A_ETF_sector_momentum,0,4451,deterministic_stratified_sample
current_no_cash_proxy_alpha_AB,stress,180,2022-05-09,2023-01-25,2835.2524085883147,-0.054915863803895126,3006.249108429393,2828.894092758522,-177.35501567087067,-0.058995448904608394,False,False,,,False,False,,,False,False,False,,,8,49,B_ETF_trend_following,A_ETF_sector_momentum,B_ETF_trend_following,0,4451,deterministic_stratified_sample
current_no_cash_proxy_alpha_AB,stress,180,2022-05-25,2023-02-10,2752.170105278351,-0.08260996490721628,3006.249108429393,2752.170105278351,-254.0790031510419,-0.08451694919047636,False,False,,,False,False,,,False,False,False,,,10,72,"A_ETF_sector_momentum,B_ETF_trend_following",B_ETF_trend_following,A_ETF_sector_momentum,0,4451,deterministic_stratified_sample
current_no_cash_proxy_alpha_AB,stress,180,2022-06-13,2023-03-01,2752.170105278351,-0.08260996490721628,3006.249108429393,2752.170105278351,-254.0790031510419,-0.08451694919047636,False,False,,,False,False,,,False,False,False,,,10,76,"A_ETF_sector_momentum,B_ETF_trend_following",B_ETF_trend_following,A_ETF_sector_momentum,0,4451,deterministic_stratified_sample
current_no_cash_proxy_alpha_AB,stress,180,2022-06-28,2023-03-15,2752.170105278351,-0.08260996490721628,3006.249108429393,2752.170105278351,-254.0790031510419,-0.08451694919047636,False,False,,,False,False,,,False,False,False,,,10,79,"A_ETF_sector_momentum,B_ETF_trend_following",B_ETF_trend_following,A_ETF_sector_momentum,0,4451,deterministic_stratified_sample
current_no_cash_proxy_alpha_AB,stress,180,2022-06-30,2023-03-17,2752.170105278351,-0.08260996490721628,3006.249108429393,2752.170105278351,-254.0790031510419,-0.08451694919047636,False,False,,,False,False,,,False,False,False,,,10,79,"A_ETF_sector_momentum,B_ETF_trend_following",B_ETF_trend_following,A_ETF_sector_momentum,0,4451,deterministic_stratified_sample
current_no_cash_proxy_alpha_AB,stress,180,2022-07-19,2023-04-04,2752.170105278351,-0.08260996490721628,3006.249108429393,2752.170105278351,-254.0790031510419,-0.08451694919047636,False,False,,,False,False,,,False,False,False,,,10,116,"A_ETF_sector_momentum,B_ETF_trend_following",B_ETF_trend_following,A_ETF_sector_momentum,0,4451,deterministic_stratified_sample
current_no_cash_proxy_alpha_AB,stress,180,2022-08-04,2023-04-21,2752.170105278351,-0.08260996490721628,3006.249108429393,2752.170105278351,-254.0790031510419,-0.08451694919047636,False,False,,,False,False,,,False,False,False,,,10,135,"A_ETF_sector_momentum,B_ETF_trend_following",B_ETF_trend_following,A_ETF_sector_momentum,0,4451,deterministic_stratified_sample
current_no_cash_proxy_alpha_AB,stress,180,2022-08-23,2023-05-10,2753.0787568424985,-0.08230708105250051,3003.544933107127,2753.0787568424985,-250.4661762646283,-0.08339018787560615,False,False,,,False,False,,,False,False,False,,,10,150,"A_ETF_sector_momentum,B_ETF_trend_following",B_ETF_trend_following,A_ETF_sector_momentum,0,4451,deterministic_stratified_sample
current_no_cash_proxy_alpha_AB,stress,180,2022-09-09,2023-05-26,2753.0787568424985,-0.08230708105250051,3003.544933107127,2753.0787568424985,-250.4661762646283,-0.08339018787560615,False,False,,,False,False,,,False,False,False,,,10,175,"A_ETF_sector_momentum,B_ETF_trend_following",B_ETF_trend_following,A_ETF_sector_momentum,0,4451,deterministic_stratified_sample
current_no_cash_proxy_alpha_AB,stress,180,2022-09-13,2023-05-31,2753.0787568424985,-0.08230708105250051,3003.544933107127,2753.0787568424985,-250.4661762646283,-0.08339018787560615,False,False,,,False,False,,,False,False,False,,,10,186,"A_ETF_sector_momentum,B_ETF_trend_following",B_ETF_trend_following,A_ETF_sector_momentum,0,4451,deterministic_stratified_sample
current_no_cash_proxy_alpha_AB,stress,180,2022-09-27,2023-06-14,2753.0787568424985,-0.08230708105250051,3003.544933107127,2753.0787568424985,-250.4661762646283,-0.08339018787560615,False,False,,,False,False,,,False,False,False,,,10,221,"A_ETF_sector_momentum,B_ETF_trend_following",B_ETF_trend_following,A_ETF_sector_momentum,0,4451,deterministic_stratified_sample
current_no_cash_proxy_alpha_AB,stress,180,2022-10-13,2023-07-03,2753.0787568424985,-0.08230708105250051,3003.544933107127,2753.0787568424985,-250.4661762646283,-0.08339018787560615,False,False,,,False,False,,,False,False,False,,,10,253,"A_ETF_sector_momentum,B_ETF_trend_following",B_ETF_trend_following,A_ETF_sector_momentum,0,4451,deterministic_stratified_sample
current_no_cash_proxy_alpha_AB,stress,180,2022-10-20,2023-07-11,2753.0787568424985,-0.08230708105250051,3003.544933107127,2753.0787568424985,-250.4661762646283,-0.08339018787560615,False,False,,,False,False,,,False,False,False,,,10,262,"A_ETF_sector_momentum,B_ETF_trend_following",B_ETF_trend_following,A_ETF_sector_momentum,0,4451,deterministic_stratified_sample
current_no_cash_proxy_alpha_AB,stress,180,2022-10-31,2023-07-20,2753.0787568424985,-0.08230708105250051,3003.544933107127,2753.0787568424985,-250.4661762646283,-0.08339018787560615,False,False,,,False,False,,,False,False,False,,,10,290,"A_ETF_sector_momentum,B_ETF_trend_following",B_ETF_trend_following,A_ETF_sector_momentum,0,4451,deterministic_stratified_sample
current_no_cash_proxy_alpha_AB,stress,180,2022-11-01,2023-07-21,2753.0787568424985,-0.08230708105250051,3003.544933107127,2753.0787568424985,-250.4661762646283,-0.08339018787560615,False,False,,,False,False,,,False,False,False,,,10,292,"A_ETF_sector_momentum,B_ETF_trend_following",B_ETF_trend_following,A_ETF_sector_momentum,0,4451,deterministic_stratified_sample
current_no_cash_proxy_alpha_AB,stress,180,2022-11-16,2023-08-07,2753.0787568424985,-0.08230708105250051,3003.544933107127,2753.0787568424985,-250.4661762646283,-0.08339018787560615,False,False,,,False,False,,,False,False,False,,,10,313,"A_ETF_sector_momentum,B_ETF_trend_following",B_ETF_trend_following,A_ETF_sector_momentum,0,4451,deterministic_stratified_sample
current_no_cash_proxy_alpha_AB,stress,180,2022-11-22,2023-08-11,2753.0787568424985,-0.08230708105250051,3003.544933107127,2753.0787568424985,-250.4661762646283,-0.08339018787560615,False,False,,,False,False,,,False,False,False,,,10,312,"A_ETF_sector_momentum,B_ETF_trend_following",B_ETF_trend_following,A_ETF_sector_momentum,0,4451,deterministic_stratified_sample
current_no_cash_proxy_alpha_AB,stress,180,2022-11-29,2023-08-17,2753.0787568424985,-0.08230708105250051,3003.544933107127,2753.0787568424985,-250.4661762646283,-0.08339018787560615,False,False,,,False,False,,,False,False,False,,,10,313,"A_ETF_sector_momentum,B_ETF_trend_following",B_ETF_trend_following,A_ETF_sector_momentum,0,4451,deterministic_stratified_sample
current_no_cash_proxy_alpha_AB,stress,180,2022-12-08,2023-08-28,2755.272700870735,-0.08157576637642161,3001.201877207013,2755.272700870735,-245.92917633627758,-0.08194356341171716,False,False,,,False,False,,,False,False,False,,,10,312,"A_ETF_sector_momentum,B_ETF_trend_following",B_ETF_trend_following,A_ETF_sector_momentum,0,4451,deterministic_stratified_sample
current_no_cash_proxy_alpha_AB,stress,180,2022-12-28,2023-09-15,2754.925947494545,-0.08169135083515155,3006.2367382418843,2754.925947494545,-251.31079074733907,-0.08359647380741919,False,False,,,False,False,,,False,False,False,,,10,333,"A_ETF_sector_momentum,B_ETF_trend_following",B_ETF_trend_following,A_ETF_sector_momentum,0,4451,deterministic_stratified_sample
current_no_cash_proxy_alpha_AB,stress,180,2023-02-16,2023-11-02,2984.0691006904876,-0.005310299769837434,3239.971230750114,2827.902490058392,-256.0560398672087,-0.0790303436762082,False,False,,,False,False,,,False,False,False,,,19,247,A_ETF_sector_momentum,B_ETF_trend_following,A_ETF_sector_momentum,0,4451,deterministic_stratified_sample
current_no_cash_proxy_alpha_AB,stress,180,2023-03-06,2023-11-17,3396.6983395985058,0.13223277986616866,3488.119897894946,2967.700380295542,-250.72167016265666,-0.07187874198761501,True,True,2023-06-14,71,True,True,2023-07-13,90,False,False,False,,,24,254,,A_ETF_sector_momentum,B_ETF_trend_following,0,4451,deterministic_stratified_sample
current_no_cash_proxy_alpha_AB,stress,180,2023-03-13,2023-11-27,3425.1771243816042,0.14172570812720142,3488.119897894946,2967.700380295542,-250.72167016265666,-0.07187874198761501,True,True,2023-06-14,66,True,True,2023-07-13,85,False,False,False,,,24,267,,A_ETF_sector_momentum,B_ETF_trend_following,0,4451,deterministic_stratified_sample
current_no_cash_proxy_alpha_AB,stress,180,2023-04-20,2024-01-05,3444.271223566603,0.1480904078555343,3535.234967954578,2924.138204826986,-246.2759857575079,-0.07209347195325189,True,True,2023-07-13,58,True,True,2023-07-18,61,False,False,False,,,22,288,,B_ETF_trend_following,A_ETF_sector_momentum,0,4451,deterministic_stratified_sample
current_no_cash_proxy_alpha_AB,stress,180,2023-05-04,2024-01-22,3441.2700332291943,0.14709001107639819,3521.8995635019887,2953.123241649736,-288.53798298617767,-0.08372228596116182,True,True,2023-06-15,30,True,True,2023-07-17,50,False,False,False,,,26,286,,B_ETF_trend_following,A_ETF_sector_momentum,0,4451,deterministic_stratified_sample
current_no_cash_proxy_alpha_AB,stress,180,2023-05-08,2024-01-24,3562.8447673444343,0.1876149224481447,3613.613363734754,2997.460978704913,-295.17347034434624,-0.08349463642024768,True,True,2023-06-12,25,True,True,2023-06-15,28,False,False,False,,,24,285,,B_ETF_trend_following,A_ETF_sector_momentum,0,4451,deterministic_stratified_sample
current_no_cash_proxy_alpha_AB,stress,180,2023-06-14,2024-03-01,3288.7466880604784,0.09624889602015951,3307.6767062213307,2955.505928361888,-202.9811736049146,-0.06415835893764854,True,True,2023-12-26,135,False,False,,,False,False,False,,,28,308,,A_ETF_sector_momentum,B_ETF_trend_following,0,4451,deterministic_stratified_sample
current_no_cash_proxy_alpha_AB,stress,180,2023-07-10,2024-03-25,3315.843120370355,0.10528104012345163,3350.8478773664838,2890.2426816746847,-179.51109878683974,-0.05559539473338038,True,True,2024-03-20,177,False,False,,,False,False,False,,,29,321,,A_ETF_sector_momentum,B_ETF_trend_following,0,4451,deterministic_stratified_sample
current_no_cash_proxy_alpha_AB,stress,180,2023-07-18,2024-04-03,3263.151854383719,0.08771728479457308,3287.5297369606096,2800.2301556651964,-199.76984433480357,-0.06658994811160124,False,False,,,False,False,,,False,False,False,,,21,361,B_ETF_trend_following,A_ETF_sector_momentum,B_ETF_trend_following,0,4451,deterministic_stratified_sample
current_no_cash_proxy_alpha_AB,stress,180,2023-07-24,2024-04-09,3118.06367022645,0.03935455674215005,3158.75504162228,2795.8791173892123,-217.58736658448834,-0.0722050063412576,False,False,,,False,False,,,False,False,False,,,27,336,B_ETF_trend_following,A_ETF_sector_momentum,B_ETF_trend_following,0,4451,deterministic_stratified_sample
current_no_cash_proxy_alpha_AB,stress,180,2023-09-07,2024-05-23,3267.7608743665573,0.08925362478885246,3351.0578438847233,2875.4594202428425,-196.24522630352703,-0.05856217213965764,True,True,2024-03-20,135,False,False,,,False,False,False,,,29,342,,A_ETF_sector_momentum,B_ETF_trend_following,0,4451,deterministic_stratified_sample
current_no_cash_proxy_alpha_AB,stress,180,2023-10-06,2024-06-25,3367.414019905288,0.1224713399684294,3437.4791001972426,2949.6153516382183,-200.56091982985618,-0.05834534959597226,True,True,2024-03-07,105,True,True,2024-03-21,115,False,False,False,,,33,383,,A_ETF_sector_momentum,B_ETF_trend_following,0,4451,deterministic_stratified_sample
current_no_cash_proxy_alpha_AB,stress,180,2023-11-10,2024-07-31,3211.7364481132595,0.07057881603775318,3338.6993710480197,2995.949364826145,-195.6280705098843,-0.05859409571472629,True,True,2024-03-21,90,False,False,,,False,False,False,,,38,423,,A_ETF_sector_momentum,B_ETF_trend_following,0,4451,deterministic_stratified_sample
current_no_cash_proxy_alpha_AB,stress,180,2023-12-22,2024-09-11,3150.364272689053,0.05012142422968435,3182.5269583491263,2898.3750307043556,-196.10272710994468,-0.06161855961517737,False,False,,,False,False,,,False,False,False,,,37,414,,B_ETF_trend_following,A_ETF_sector_momentum,0,4451,deterministic_stratified_sample
current_no_cash_proxy_alpha_AB,stress,180,2024-01-12,2024-09-30,3375.2639528033214,0.1250879842677739,3387.408655721754,2982.9805747053233,-246.52286372165827,-0.07477558142966734,True,True,2024-09-16,170,False,False,,,False,False,False,,,33,437,,A_ETF_sector_momentum,B_ETF_trend_following,0,4451,deterministic_stratified_sample
current_no_cash_proxy_alpha_AB,stress,180,2024-03-13,2024-11-26,3171.651305901809,0.05721710196726959,3192.7639575653498,2857.35963372348,-204.6686137162892,-0.0668408640212308,False,False,,,False,False,,,False,False,False,,,37,393,,A_ETF_sector_momentum,B_ETF_trend_following,0,4451,deterministic_stratified_sample
current_no_cash_proxy_alpha_AB,stress,180,2024-05-13,2025-01-30,3448.9763347432186,0.14965877824773943,3448.9763347432186,2921.050992498478,-167.92867699906174,-0.04994757214500267,True,True,2024-12-03,142,True,True,2024-12-11,148,False,False,False,,,33,402,,A_ETF_sector_momentum,B_ETF_trend_following,0,4451,deterministic_stratified_sample
current_no_cash_proxy_alpha_AB,stress,180,2024-05-29,2025-02-14,3547.1572953247387,0.18238576510824633,3548.015151107927,2976.9451513549034,-170.9933867451773,-0.048819277820934426,True,True,2024-09-23,81,True,True,2024-12-04,132,False,False,False,,,29,382,,A_ETF_sector_momentum,B_ETF_trend_following,0,4451,deterministic_stratified_sample
current_no_cash_proxy_alpha_AB,stress,180,2024-07-15,2025-04-01,3406.7012780221403,0.13556709267404665,3451.5037571318007,2913.499606602507,-167.16982300520158,-0.04923268612451759,True,True,2024-12-04,101,True,True,2025-01-28,136,False,False,False,,,29,320,,A_ETF_sector_momentum,B_ETF_trend_following,0,4451,deterministic_stratified_sample
current_no_cash_proxy_alpha_AB,stress,180,2024-08-15,2025-05-05,3287.6019373961726,0.09586731246539082,3411.4278191141284,3000.0,-165.95800866485206,-0.04943717971836292,True,True,2024-12-06,80,True,True,2025-02-18,127,False,False,False,,,25,273,,B_ETF_trend_following,A_ETF_sector_momentum,0,4451,deterministic_stratified_sample
current_no_cash_proxy_alpha_AB,stress,180,2024-09-11,2025-05-30,3255.029449175836,0.08500981639194527,3373.672030470784,3000.0,-164.5739498415096,-0.04956479839399741,True,True,2024-12-11,65,False,False,,,False,False,False,,,28,231,,B_ETF_trend_following,A_ETF_sector_momentum,0,4451,deterministic_stratified_sample
current_no_cash_proxy_alpha_AB,stress,180,2024-10-02,2025-06-23,3148.479228825659,0.049493076275219705,3200.132115156912,2877.0780375150653,-158.4932673218227,-0.050274115679060816,False,False,,,False,False,,,False,False,False,,,26,195,,A_ETF_sector_momentum,B_ETF_trend_following,0,4451,deterministic_stratified_sample
current_no_cash_proxy_alpha_AB,stress,180,2024-10-10,2025-07-01,3148.593216428599,0.04953107214286634,3174.2624683858066,2924.166617895427,-176.20080416329847,-0.05550921069639869,False,False,,,False,False,,,False,False,False,,,28,186,,A_ETF_sector_momentum,B_ETF_trend_following,0,4451,deterministic_stratified_sample
current_no_cash_proxy_alpha_AB,stress,180,2024-10-31,2025-07-23,3428.0789094018673,0.14269296980062252,3428.0789094018673,2987.919022458229,-162.98873801569653,-0.04978637867581648,True,True,2025-01-30,61,True,True,2025-07-17,176,False,False,False,,,22,214,,A_ETF_sector_momentum,B_ETF_trend_following,0,4451,deterministic_stratified_sample
current_no_cash_proxy_alpha_AB,stress,180,2024-11-07,2025-07-30,3387.0807989656823,0.12902693298856072,3418.654993768613,2979.7404573162426,-161.59491155247542,-0.049914427645876724,True,True,2025-06-30,159,True,True,2025-07-25,177,False,False,False,,,21,225,,A_ETF_sector_momentum,B_ETF_trend_following,0,4451,deterministic_stratified_sample
current_no_cash_proxy_alpha_AB,stress,180,2024-11-08,2025-07-31,3101.7080547123364,0.03390268490411219,3129.0077479716497,2868.8525238630623,-154.72396504991093,-0.05117249906435695,False,False,,,False,False,,,False,False,False,,,23,250,B_ETF_trend_following,A_ETF_sector_momentum,B_ETF_trend_following,0,4451,deterministic_stratified_sample
current_no_cash_proxy_alpha_AB,stress,180,2025-01-10,2025-09-29,3246.4388474143434,0.08214628247144784,3334.151077779895,3000.0,-194.86683625804017,-0.058445712780296644,True,True,2025-07-23,133,False,False,,,False,False,False,,,26,276,,A_ETF_sector_momentum,B_ETF_trend_following,0,4451,deterministic_stratified_sample
current_no_cash_proxy_alpha_AB,stress,180,2025-01-21,2025-10-07,3119.7941223992634,0.03993137413308778,3135.0111337569683,2889.4283237775644,-170.50551237362106,-0.05572196050751366,False,False,,,False,False,,,False,False,False,,,22,318,B_ETF_trend_following,A_ETF_sector_momentum,B_ETF_trend_following,0,4451,deterministic_stratified_sample
current_no_cash_proxy_alpha_AB,stress,180,2025-03-17,2025-12-01,3104.276377091798,0.034758792363932756,3199.9354253078177,2954.626771773047,-188.03977380719334,-0.05893869405250873,False,False,,,False,False,,,False,False,False,,,29,297,B_ETF_trend_following,A_ETF_sector_momentum,B_ETF_trend_following,0,4451,deterministic_stratified_sample
current_no_cash_proxy_alpha_AB,stress,180,2025-04-04,2025-12-19,3112.2479509565937,0.03741598365219789,3242.6230446694644,2995.888038230699,-190.00904677251538,-0.05874688441182718,False,False,,,False,False,,,False,False,False,,,29,339,B_ETF_trend_following,A_ETF_sector_momentum,B_ETF_trend_following,0,4451,deterministic_stratified_sample
current_no_cash_proxy_alpha_AB,stress,180,2025-04-08,2025-12-23,3165.988491667582,0.055329497222527335,3242.6230446694644,2995.888038230699,-190.00904677251538,-0.05874688441182718,False,False,,,False,False,,,False,False,False,,,30,343,B_ETF_trend_following,A_ETF_sector_momentum,B_ETF_trend_following,0,4451,deterministic_stratified_sample
current_no_cash_proxy_alpha_AB,stress,180,2025-04-23,2026-01-08,3157.2866576432434,0.05242888588108108,3242.6230446694644,2995.888038230699,-190.00904677251538,-0.05874688441182718,False,False,,,False,False,,,False,False,False,,,30,368,B_ETF_trend_following,A_ETF_sector_momentum,B_ETF_trend_following,0,4451,deterministic_stratified_sample
current_no_cash_proxy_alpha_AB,stress,180,2025-05-09,2026-01-27,3150.194202665518,0.05006473422183921,3242.6230446694644,2995.888038230699,-190.00904677251538,-0.05874688441182718,False,False,,,False,False,,,False,False,False,,,33,414,B_ETF_trend_following,A_ETF_sector_momentum,B_ETF_trend_following,0,4451,deterministic_stratified_sample
current_no_cash_proxy_alpha_AB,stress,180,2025-05-12,2026-01-28,3192.739947756141,0.06424664925204704,3242.6230446694644,2995.888038230699,-190.00904677251538,-0.05874688441182718,False,False,,,False,False,,,False,False,False,,,33,418,B_ETF_trend_following,A_ETF_sector_momentum,B_ETF_trend_following,0,4451,deterministic_stratified_sample
current_no_cash_proxy_alpha_AB,stress,180,2025-05-13,2026-01-29,3114.257645316456,0.03808588177215211,3231.5810467306105,2984.816084748514,-189.56035666422667,-0.058813724443918525,False,False,,,False,False,,,False,False,False,,,34,419,B_ETF_trend_following,A_ETF_sector_momentum,B_ETF_trend_following,0,4451,deterministic_stratified_sample
current_no_cash_proxy_alpha_AB,stress,180,2025-05-14,2026-01-30,3123.333500229718,0.041111166743239336,3240.6078564120235,2985.1478357559286,-189.87865004133073,-0.058744921803936645,False,False,,,False,False,,,False,False,False,,,33,426,B_ETF_trend_following,A_ETF_sector_momentum,B_ETF_trend_following,0,4451,deterministic_stratified_sample
current_no_cash_proxy_alpha_AB,stress,180,2025-05-15,2026-02-02,3146.811941331431,0.04893731377714383,3216.2958999898156,2917.1553707688454,-163.6770773302369,-0.05088993128112218,False,False,,,False,False,,,False,False,False,,,28,470,B_ETF_trend_following,A_ETF_sector_momentum,B_ETF_trend_following,0,4451,deterministic_stratified_sample
current_no_cash_proxy_alpha_AB,stress,180,2025-05-16,2026-02-03,3114.2342863235576,0.0380780954411859,3190.101441282285,2955.872236710053,-188.31961757355202,-0.05915531726728873,False,False,,,False,False,,,False,False,False,,,38,418,B_ETF_trend_following,A_ETF_sector_momentum,B_ETF_trend_following,0,4451,deterministic_stratified_sample
current_no_cash_proxy_alpha_AB,stress,180,2025-05-19,2026-02-04,3049.1551150715586,0.016385038357186188,3172.9547062268266,2907.7741033037455,-162.08908837739682,-0.05108458940787963,False,False,,,False,False,,,False,False,False,,,27,472,B_ETF_trend_following,A_ETF_sector_momentum,B_ETF_trend_following,0,4451,deterministic_stratified_sample
current_no_cash_proxy_alpha_AB,stress,180,2025-05-20,2026-02-05,3025.3149766077795,0.008438325535926605,3158.758029176367,2894.1582758663835,-161.56893273871037,-0.05114951232299325,False,False,,,False,False,,,False,False,False,,,29,472,B_ETF_trend_following,A_ETF_sector_momentum,B_ETF_trend_following,0,4451,deterministic_stratified_sample
current_no_cash_proxy_alpha_AB,stress,180,2025-05-21,2026-02-06,3093.7740091579954,0.03125800305266502,3195.7378343405117,2967.5734057140885,-188.86836527961714,-0.05910008112996323,False,False,,,False,False,,,False,False,False,,,37,419,B_ETF_trend_following,A_ETF_sector_momentum,B_ETF_trend_following,0,4451,deterministic_stratified_sample
current_no_cash_proxy_alpha_AB,stress,180,2025-05-22,2026-02-09,3090.791620646947,0.030263873548982412,3195.7378343405117,2967.5734057140885,-188.86836527961714,-0.05910008112996323,False,False,,,False,False,,,False,False,False,,,38,422,B_ETF_trend_following,A_ETF_sector_momentum,B_ETF_trend_following,0,4451,deterministic_stratified_sample
current_no_cash_proxy_alpha_AB,stress,180,2025-05-23,2026-02-10,3081.536109888404,0.02717870329613481,3195.7378343405117,2967.5734057140885,-188.86836527961714,-0.05910008112996323,False,False,,,False,False,,,False,False,False,,,38,425,B_ETF_trend_following,A_ETF_sector_momentum,B_ETF_trend_following,0,4451,deterministic_stratified_sample
current_no_cash_proxy_alpha_AB,stress,180,2025-05-27,2026-02-11,2972.76553361511,-0.009078155461629933,3059.387436779887,2870.7601130033213,-180.49354129745916,-0.05915389598732679,False,False,,,False,False,,,False,False,False,,,38,449,B_ETF_trend_following,A_ETF_sector_momentum,B_ETF_trend_following,0,4451,deterministic_stratified_sample
current_no_cash_proxy_alpha_AB,stress,180,2025-05-28,2026-02-12,2949.133557046874,-0.01695548098437527,3059.387436779887,2870.7601130033213,-180.49354129745916,-0.05915389598732679,False,False,,,False,False,,,False,False,False,,,38,454,B_ETF_trend_following,A_ETF_sector_momentum,B_ETF_trend_following,0,4451,deterministic_stratified_sample
current_no_cash_proxy_alpha_AB,stress,180,2025-05-29,2026-02-13,2969.9537144427068,-0.010015428519097758,3059.387436779887,2870.7601130033213,-180.49354129745916,-0.05915389598732679,False,False,,,False,False,,,False,False,False,,,38,458,B_ETF_trend_following,A_ETF_sector_momentum,B_ETF_trend_following,0,4451,deterministic_stratified_sample
current_no_cash_proxy_alpha_AB,stress,180,2025-05-30,2026-02-17,2954.626277981212,-0.01512457400626277,3059.387436779887,2870.7601130033213,-180.49354129745916,-0.05915389598732679,False,False,,,False,False,,,False,False,False,,,38,463,B_ETF_trend_following,A_ETF_sector_momentum,B_ETF_trend_following,0,4451,deterministic_stratified_sample
current_no_cash_proxy_alpha_AB,stress,180,2025-06-02,2026-02-18,3120.101819825969,0.04003393994198956,3199.644274468888,2983.6823702661386,-187.9557270093337,-0.05891918906427651,False,False,,,False,False,,,False,False,False,,,38,452,B_ETF_trend_following,A_ETF_sector_momentum,B_ETF_trend_following,0,4451,deterministic_stratified_sample
current_no_cash_proxy_alpha_AB,stress,180,2025-06-03,2026-02-19,3046.6725891065184,0.015557529702172834,3122.1745144614724,2926.07815742849,-181.60513218947608,-0.05843746458854926,False,False,,,False,False,,,False,False,False,,,39,447,B_ETF_trend_following,A_ETF_sector_momentum,B_ETF_trend_following,0,4451,deterministic_stratified_sample
current_no_cash_proxy_alpha_AB,stress,180,2025-06-04,2026-02-20,3036.718968655734,0.012239656218578032,3122.1745144614724,2926.07815742849,-181.60513218947608,-0.05843746458854926,False,False,,,False,False,,,False,False,False,,,39,449,B_ETF_trend_following,A_ETF_sector_momentum,B_ETF_trend_following,0,4451,deterministic_stratified_sample
current_no_cash_proxy_alpha_AB,stress,180,2025-06-05,2026-02-23,3041.922692008513,0.013974230669504317,3115.250377861052,2919.5889093830347,-181.13089835833762,-0.0584157581430349,False,False,,,False,False,,,False,False,False,,,39,451,B_ETF_trend_following,A_ETF_sector_momentum,B_ETF_trend_following,0,4451,deterministic_stratified_sample
current_no_cash_proxy_alpha_AB,stress,180,2025-06-06,2026-02-24,3004.0032739335743,0.0013344246445248231,3079.4422837536904,2884.2667444346134,-175.8758546025715,-0.057473091174871205,False,False,,,False,False,,,False,False,False,,,36,474,B_ETF_trend_following,A_ETF_sector_momentum,B_ETF_trend_following,0,4451,deterministic_stratified_sample
current_no_cash_proxy_alpha_AB,stress,180,2025-06-09,2026-02-25,2976.7180523870547,-0.007760649204315073,3086.796857652726,2870.578064405283,-178.25384664261264,-0.0577471906519178,False,False,,,False,False,,,False,False,False,,,38,466,B_ETF_trend_following,A_ETF_sector_momentum,B_ETF_trend_following,0,4451,deterministic_stratified_sample
current_no_cash_proxy_alpha_AB,stress,180,2025-06-10,2026-02-26,2988.076166601993,-0.003974611132668948,3086.796857652726,2870.578064405283,-178.25384664261264,-0.0577471906519178,False,False,,,False,False,,,False,False,False,,,38,469,B_ETF_trend_following,A_ETF_sector_momentum,B_ETF_trend_following,0,4451,deterministic_stratified_sample
current_no_cash_proxy_alpha_AB,stress,180,2025-06-11,2026-02-27,3100.149976200143,0.033383325400047736,3155.2127004906915,2926.9343330660313,-190.95073532121796,-0.061000182867304686,False,False,,,False,False,,,False,False,False,,,35,476,B_ETF_trend_following,A_ETF_sector_momentum,B_ETF_trend_following,0,4451,deterministic_stratified_sample
current_no_cash_proxy_alpha_AB,stress,180,2025-06-12,2026-03-02,3136.7517713277766,0.04558392377592546,3155.2127004906915,2926.9343330660313,-190.95073532121796,-0.061000182867304686,False,False,,,False,False,,,False,False,False,,,35,481,B_ETF_trend_following,A_ETF_sector_momentum,B_ETF_trend_following,0,4451,deterministic_stratified_sample
current_no_cash_proxy_alpha_AB,stress,180,2025-06-13,2026-03-03,3308.1147826002657,0.10270492753342197,3397.0289688877215,2931.613430352513,-187.17870947294205,-0.05927153224324355,True,True,2026-02-06,164,False,False,,,False,False,False,,,37,433,,A_ETF_sector_momentum,B_ETF_trend_following,0,4451,deterministic_stratified_sample
current_no_cash_proxy_alpha_AB,stress,180,2025-06-16,2026-03-04,3082.247557334996,0.02741585244499878,3139.8661680982696,2937.0087349657124,-182.12894773765584,-0.05839080100491234,False,False,,,False,False,,,False,False,False,,,33,491,B_ETF_trend_following,A_ETF_sector_momentum,B_ETF_trend_following,0,4451,deterministic_stratified_sample
current_no_cash_proxy_alpha_AB,stress,180,2025-06-17,2026-03-05,3059.10538127126,0.019701793757086694,3139.8661680982696,2937.0087349657124,-182.12894773765584,-0.05839080100491234,False,False,,,False,False,,,False,False,False,,,33,492,B_ETF_trend_following,A_ETF_sector_momentum,B_ETF_trend_following,0,4451,deterministic_stratified_sample
current_no_cash_proxy_alpha_AB,stress,180,2025-06-18,2026-03-06,3061.0600303907845,0.020353343463594742,3139.8661680982696,2937.0087349657124,-182.12894773765584,-0.05839080100491234,False,False,,,False,False,,,False,False,False,,,33,492,B_ETF_trend_following,A_ETF_sector_momentum,B_ETF_trend_following,0,4451,deterministic_stratified_sample
current_no_cash_proxy_alpha_AB,stress,180,2025-06-20,2026-03-09,3062.587961649782,0.020862653883260585,3139.8661680982696,2937.0087349657124,-182.12894773765584,-0.05839080100491234,False,False,,,False,False,,,False,False,False,,,34,492,B_ETF_trend_following,A_ETF_sector_momentum,B_ETF_trend_following,0,4451,deterministic_stratified_sample
current_no_cash_proxy_alpha_AB,stress,180,2025-06-23,2026-03-10,3231.8646410155943,0.07728821367186467,3384.3428624519147,2959.713576529632,-186.65888324750586,-0.059325107130109855,True,True,2026-02-09,160,False,False,,,False,False,False,,,39,432,,A_ETF_sector_momentum,B_ETF_trend_following,0,4451,deterministic_stratified_sample
current_no_cash_proxy_alpha_AB,stress,180,2025-06-24,2026-03-11,3295.109308084567,0.09836976936152242,3430.5295505296367,2984.228580080362,-188.55143017278442,-0.059131931533678905,True,True,2026-02-04,156,True,True,2026-02-20,167,False,False,False,,,38,432,,A_ETF_sector_momentum,B_ETF_trend_following,0,4451,deterministic_stratified_sample
current_no_cash_proxy_alpha_AB,stress,180,2025-06-25,2026-03-12,3087.123266743342,0.029041088914447233,3129.771957475001,2940.6106417922847,-185.76381820266943,-0.05941828804569027,False,False,,,False,False,,,False,False,False,,,37,458,B_ETF_trend_following,A_ETF_sector_momentum,B_ETF_trend_following,0,4451,deterministic_stratified_sample
current_no_cash_proxy_alpha_AB,stress,180,2025-06-26,2026-03-13,3239.773862922856,0.07992462097428543,3403.8718634955435,2976.792298123169,-187.45910409938142,-0.05924279719611136,True,True,2026-02-06,156,True,True,2026-03-02,171,False,False,False,,,39,425,,A_ETF_sector_momentum,B_ETF_trend_following,0,4451,deterministic_stratified_sample
current_no_cash_proxy_alpha_AB,stress,180,2025-06-27,2026-03-16,3077.141304247013,0.025713768082337607,3141.2898373217417,2948.552289910875,-180.19830049474012,-0.05759433207853715,False,False,,,False,False,,,False,False,False,,,32,483,B_ETF_trend_following,A_ETF_sector_momentum,B_ETF_trend_following,0,4451,deterministic_stratified_sample
current_no_cash_proxy_alpha_AB,stress,180,2025-06-30,2026-03-17,3260.3019861893035,0.08676732872976789,3396.7932897417913,2970.601864206475,-187.16905227816233,-0.05927252395070093,True,True,2026-02-06,154,False,False,,,False,False,False,,,39,416,,A_ETF_sector_momentum,B_ETF_trend_following,0,4451,deterministic_stratified_sample
current_no_cash_proxy_alpha_AB,stress,180,2025-07-01,2026-03-18,3001.2893559209424,0.00042978530698079,3099.404986540565,2912.5188024686886,-178.7947184722325,-0.05768678802823901,False,False,,,False,False,,,False,False,False,,,37,463,B_ETF_trend_following,A_ETF_sector_momentum,B_ETF_trend_following,0,4451,deterministic_stratified_sample
current_no_cash_proxy_alpha_AB,stress,180,2025-07-02,2026-03-19,3109.4229468836693,0.03647431562788972,3148.3948273136143,2931.441153125962,-185.45799126291877,-0.05945040005473701,False,False,,,False,False,,,False,False,False,,,38,449,B_ETF_trend_following,A_ETF_sector_momentum,B_ETF_trend_following,0,4451,deterministic_stratified_sample
current_no_cash_proxy_alpha_AB,stress,180,2025-07-03,2026-03-20,3047.3792779550286,0.015793092651676277,3106.0559541811926,2914.5512708926535,-180.4279102981941,-0.05829697058859418,False,False,,,False,False,,,False,False,False,,,33,467,B_ETF_trend_following,A_ETF_sector_momentum,B_ETF_trend_following,0,4451,deterministic_stratified_sample
current_no_cash_proxy_alpha_AB,stress,180,2025-07-07,2026-03-23,3146.092137680536,0.04869737922684525,3171.105653401175,2975.112240374059,-187.60971814831646,-0.05922740908161406,False,False,,,False,False,,,False,False,False,,,38,442,B_ETF_trend_following,A_ETF_sector_momentum,B_ETF_trend_following,0,4451,deterministic_stratified_sample
current_no_cash_proxy_alpha_AB,stress,180,2025-07-08,2026-03-24,3077.156394408764,0.02571879813625455,3094.055639870953,2893.829174155744,-181.89928628261077,-0.05914022925700224,False,False,,,False,False,,,False,False,False,,,33,460,B_ETF_trend_following,A_ETF_sector_momentum,B_ETF_trend_following,0,4451,deterministic_stratified_sample
current_no_cash_proxy_alpha_AB,stress,180,2025-07-09,2026-03-25,3071.2541712845805,0.02375139042819341,3094.055639870953,2893.829174155744,-181.89928628261077,-0.05914022925700224,False,False,,,False,False,,,False,False,False,,,33,460,B_ETF_trend_following,A_ETF_sector_momentum,B_ETF_trend_following,0,4451,deterministic_stratified_sample
current_no_cash_proxy_alpha_AB,stress,180,2025-07-10,2026-03-26,3087.842334163329,0.029280778054442846,3091.6277686481517,2905.210530900141,-174.36599792387642,-0.05662012172513231,False,False,,,False,False,,,False,False,False,,,36,456,B_ETF_trend_following,A_ETF_sector_momentum,B_ETF_trend_following,0,4451,deterministic_stratified_sample
current_no_cash_proxy_alpha_AB,stress,180,2025-07-11,2026-03-27,3122.9812051737854,0.04099373505792836,3122.9812051737854,2895.646233325986,-190.20359092318904,-0.06163734522287323,False,False,,,False,False,,,False,False,False,,,32,462,B_ETF_trend_following,A_ETF_sector_momentum,B_ETF_trend_following,0,4451,deterministic_stratified_sample
current_no_cash_proxy_alpha_AB,stress,180,2025-07-14,2026-03-30,3086.609982435004,0.028869994145001243,3099.7260616185677,2855.770799480023,-166.00152499428987,-0.05493515300599905,False,False,,,False,False,,,False,False,False,,,30,463,B_ETF_trend_following,A_ETF_sector_momentum,B_ETF_trend_following,0,4451,deterministic_stratified_sample
current_no_cash_proxy_alpha_AB,stress,180,2025-07-15,2026-03-31,3082.774306459683,0.027591435486560956,3111.192436329336,2866.3863369650717,-201.94427285947768,-0.06581568238209667,False,False,,,False,False,,,False,False,False,,,30,459,B_ETF_trend_following,A_ETF_sector_momentum,B_ETF_trend_following,0,4451,deterministic_stratified_sample
current_no_cash_proxy_alpha_AB,stress,180,2025-07-16,2026-04-01,3037.3923826180585,0.012464127539352887,3106.698291750035,2880.553872002748,-172.17535463386594,-0.056400467205393934,False,False,,,False,False,,,False,False,False,,,32,448,B_ETF_trend_following,A_ETF_sector_momentum,B_ETF_trend_following,0,4451,deterministic_stratified_sample
current_no_cash_proxy_alpha_AB,stress,180,2025-07-17,2026-04-02,3040.9182154436785,0.013639405147892747,3110.224124575655,2865.4500303153263,-162.01446251382913,-0.05351490096665912,False,False,,,False,False,,,False,False,False,,,30,455,B_ETF_trend_following,A_ETF_sector_momentum,B_ETF_trend_following,0,4451,deterministic_stratified_sample
current_no_cash_proxy_alpha_AB,stress,180,2025-07-18,2026-04-06,3005.801296169804,0.0019337653899347274,3075.1072053017806,2896.9286174022523,-144.92561679234177,-0.04764384011672218,False,False,,,False,False,,,False,False,False,,,33,432,B_ETF_trend_following,A_ETF_sector_momentum,B_ETF_trend_following,0,4451,deterministic_stratified_sample
current_no_cash_proxy_alpha_AB,stress,180,2025-07-21,2026-04-07,3028.711478064556,0.009570492688185439,3098.0173871965326,2877.662219541917,-172.7125932050085,-0.05662012172513231,False,False,,,False,False,,,False,False,False,,,35,435,B_ETF_trend_following,A_ETF_sector_momentum,B_ETF_trend_following,0,4451,deterministic_stratified_sample
current_no_cash_proxy_alpha_AB,stress,180,2025-07-22,2026-04-08,3085.7588399178217,0.02858627997260732,3155.064749049798,2879.1486022107383,-160.6648521412094,-0.05126375417936391,False,False,,,False,False,,,False,False,False,,,30,450,B_ETF_trend_following,A_ETF_sector_momentum,B_ETF_trend_following,0,4451,deterministic_stratified_sample
current_no_cash_proxy_alpha_AB,stress,180,2025-07-23,2026-04-09,2992.2125024126926,-0.0025958325291024487,3061.518411544669,2868.3341101395145,-172.15273529199658,-0.056620121725132644,False,False,,,False,False,,,False,False,False,,,35,435,B_ETF_trend_following,A_ETF_sector_momentum,B_ETF_trend_following,0,4451,deterministic_stratified_sample
current_no_cash_proxy_alpha_AB,stress,180,2025-07-24,2026-04-10,3026.0091641953563,0.008669721398452124,3095.315073327333,2875.152995234058,-172.5619936543735,-0.05662012172513242,False,False,,,False,False,,,False,False,False,,,35,434,B_ETF_trend_following,A_ETF_sector_momentum,B_ETF_trend_following,0,4451,deterministic_stratified_sample
current_no_cash_proxy_alpha_AB,stress,180,2025-07-25,2026-04-13,2996.798433396413,-0.0010671888678622787,3063.864647833557,2846.5642549040585,-159.02884614549748,-0.05291096991471145,False,False,,,False,False,,,False,False,False,,,34,445,B_ETF_trend_following,A_ETF_sector_momentum,B_ETF_trend_following,0,4451,deterministic_stratified_sample
current_no_cash_proxy_alpha_AB,stress,180,2025-07-28,2026-04-14,3028.073348544187,0.009357782848062213,3115.7626887556075,2870.618897523619,-173.52439380952865,-0.057002702304967956,False,False,,,False,False,,,False,False,False,,,31,453,B_ETF_trend_following,A_ETF_sector_momentum,B_ETF_trend_following,0,4451,deterministic_stratified_sample
current_no_cash_proxy_alpha_AB,stress,180,2025-07-29,2026-04-15,3051.570993250679,0.017190331083559718,3156.887973592531,2880.8119116901053,-160.73118663896503,-0.051255310871448634,False,False,,,False,False,,,False,False,False,,,30,457,B_ETF_trend_following,A_ETF_sector_momentum,B_ETF_trend_following,0,4451,deterministic_stratified_sample
current_no_cash_proxy_alpha_AB,stress,180,2025-07-30,2026-04-16,3084.853214128985,0.02828440470966176,3169.644181762461,2884.5528202095347,-161.19529659491582,-0.05119650881436322,False,False,,,False,False,,,False,False,False,,,30,461,B_ETF_trend_following,A_ETF_sector_momentum,B_ETF_trend_following,0,4451,deterministic_stratified_sample
current_no_cash_proxy_alpha_AB,stress,180,2025-07-31,2026-04-17,2999.214566146722,-0.00026181128442592794,3112.7428527299953,2924.117301173107,-179.34698772926095,-0.05762561755164641,False,False,,,False,False,,,False,False,False,,,36,445,B_ETF_trend_following,A_ETF_sector_momentum,B_ETF_trend_following,0,4451,deterministic_stratified_sample
current_no_cash_proxy_alpha_AB,stress,180,2025-08-01,2026-04-20,3001.721671795253,0.0005738905984176146,3114.6295594134344,2926.8253725827412,-185.2381431311578,-0.059473571285967974,False,False,,,False,False,,,False,False,False,,,36,451,B_ETF_trend_following,A_ETF_sector_momentum,B_ETF_trend_following,0,4451,deterministic_stratified_sample
current_no_cash_proxy_alpha_AB,stress,180,2025-08-04,2026-04-21,2928.3977615112594,-0.02386741282958016,3062.2192242865312,2868.409844171385,-193.80938011514627,-0.06329049813874843,False,False,,,False,False,,,False,False,False,,,33,452,B_ETF_trend_following,A_ETF_sector_momentum,B_ETF_trend_following,0,4451,deterministic_stratified_sample
current_no_cash_proxy_alpha_AB,stress,180,2025-08-05,2026-04-22,3061.1698671135136,0.020389955704504636,3155.4495746513085,2901.0409901337393,-184.00166641779379,-0.05960526526276977,False,False,,,False,False,,,False,False,False,,,38,439,B_ETF_trend_following,A_ETF_sector_momentum,B_ETF_trend_following,0,4451,deterministic_stratified_sample
current_no_cash_proxy_alpha_AB,stress,180,2025-08-06,2026-04-23,3069.4247530313164,0.023141584343772115,3155.4495746513085,2901.0409901337393,-184.00166641779379,-0.05960526526276977,False,False,,,False,False,,,False,False,False,,,38,443,B_ETF_trend_following,A_ETF_sector_momentum,B_ETF_trend_following,0,4451,deterministic_stratified_sample
current_no_cash_proxy_alpha_AB,stress,180,2025-08-07,2026-04-24,3114.809024132372,0.03826967471079068,3155.4495746513085,2901.0409901337393,-184.00166641779379,-0.05960526526276977,False,False,,,False,False,,,False,False,False,,,38,445,B_ETF_trend_following,A_ETF_sector_momentum,B_ETF_trend_following,0,4451,deterministic_stratified_sample
current_no_cash_proxy_alpha_AB,stress,180,2025-08-08,2026-04-27,3086.8470626633316,0.028949020887777177,3131.1391947356447,2887.191037397659,-183.3841023428622,-0.05967192702267865,False,False,,,False,False,,,False,False,False,,,37,450,B_ETF_trend_following,A_ETF_sector_momentum,B_ETF_trend_following,0,4451,deterministic_stratified_sample
current_no_cash_proxy_alpha_AB,stress,180,2025-08-11,2026-04-28,3012.4268131942385,0.0041422710647460725,3091.760643045438,2848.513006514654,-158.36165471311824,-0.05156308711732527,False,False,,,False,False,,,False,False,False,,,28,480,B_ETF_trend_following,A_ETF_sector_momentum,B_ETF_trend_following,0,4451,deterministic_stratified_sample
current_no_cash_proxy_alpha_AB,stress,180,2025-08-12,2026-04-29,3016.7305000498,0.005576833349933308,3091.760643045438,2848.513006514654,-158.36165471311824,-0.05156308711732527,False,False,,,False,False,,,False,False,False,,,28,480,B_ETF_trend_following,A_ETF_sector_momentum,B_ETF_trend_following,0,4451,deterministic_stratified_sample
current_no_cash_proxy_alpha_AB,stress,180,2025-08-13,2026-04-30,3020.9076654964465,0.006969221832148875,3071.5929648889028,2829.938569126455,-186.94730423813553,-0.061966979224720276,False,False,,,False,False,,,False,False,False,,,30,474,B_ETF_trend_following,A_ETF_sector_momentum,B_ETF_trend_following,0,4451,deterministic_stratified_sample
current_no_cash_proxy_alpha_AB,stress,180,2025-08-14,2026-05-01,3042.5245452904182,0.014174848430139386,3090.6537561464775,2847.493563362052,-158.3213827746963,-0.051568430062064574,False,False,,,False,False,,,False,False,False,,,30,474,B_ETF_trend_following,A_ETF_sector_momentum,B_ETF_trend_following,0,4451,deterministic_stratified_sample
current_no_cash_proxy_alpha_AB,stress,180,2025-08-15,2026-05-04,2993.11597480211,-0.0022946750659633697,3068.1045021204727,2848.9322213195023,-183.1557872482963,-0.05969672386377678,False,False,,,False,False,,,False,False,False,,,34,460,B_ETF_trend_following,A_ETF_sector_momentum,B_ETF_trend_following,0,4451,deterministic_stratified_sample
current_no_cash_proxy_alpha_AB,stress,180,2025-08-18,2026-05-05,3449.1301782367527,0.1497100594122509,3449.1301782367527,2938.498911652271,-193.0040663998907,-0.06163304577789097,True,True,2026-02-11,123,True,True,2026-04-24,173,False,False,False,,,38,400,,B_ETF_trend_following,A_ETF_sector_momentum,0,4451,deterministic_stratified_sample
current_no_cash_proxy_alpha_AB,stress,180,2025-08-19,2026-05-06,3215.8487093875096,0.07194956979583655,3215.8487093875096,2923.836537013064,-185.11359615046103,-0.05948673056476672,False,False,,,False,False,,,False,False,False,,,35,453,B_ETF_trend_following,A_ETF_sector_momentum,B_ETF_trend_following,0,4451,deterministic_stratified_sample
current_no_cash_proxy_alpha_AB,stress,180,2025-08-20,2026-05-07,3173.8934830115204,0.057964494337173544,3214.828604214217,2922.680871326127,-185.0675154506198,-0.059491605286671745,False,False,,,False,False,,,False,False,False,,,35,449,B_ETF_trend_following,A_ETF_sector_momentum,B_ETF_trend_following,0,4451,deterministic_stratified_sample
current_no_cash_proxy_alpha_AB,stress,180,2025-08-21,2026-05-08,3165.879871624553,0.05529329054151755,3165.879871624553,2886.466651492391,-185.2718346828051,-0.05947001557243603,False,False,,,False,False,,,False,False,False,,,33,465,B_ETF_trend_following,A_ETF_sector_momentum,B_ETF_trend_following,0,4451,deterministic_stratified_sample
current_no_cash_proxy_alpha_AB,stress,180,2025-08-22,2026-05-11,3198.5782474133516,0.06619274913778384,3198.5782474133516,2886.466651492391,-185.2718346828051,-0.05947001557243603,False,False,,,False,False,,,False,False,False,,,33,470,B_ETF_trend_following,A_ETF_sector_momentum,B_ETF_trend_following,0,4451,deterministic_stratified_sample
current_no_cash_proxy_alpha_AB,stress,180,2025-08-25,2026-05-12,3312.5844669631315,0.10419482232104382,3341.6442337614717,2978.6878014284766,-188.47165651900013,-0.0591399706863901,True,True,2026-05-08,178,False,False,,,False,False,False,,,34,461,B_ETF_trend_following,A_ETF_sector_momentum,B_ETF_trend_following,0,4451,deterministic_stratified_sample
current_no_cash_proxy_alpha_AB,stress,180,2025-08-26,2026-05-13,3207.4015522168147,0.0691338507389383,3218.8170001613457,2949.3941033380256,-159.75115799810283,-0.051381053173903846,False,False,,,False,False,,,False,False,False,,,30,480,B_ETF_trend_following,A_ETF_sector_momentum,B_ETF_trend_following,0,4451,deterministic_stratified_sample
current_no_cash_proxy_alpha_AB,stress,180,2025-08-27,2026-05-14,3241.8883335676346,0.08062944452254484,3252.4334079877535,2954.0856431351312,-187.77507254989814,-0.059250007720928255,False,False,,,False,False,,,False,False,False,,,31,467,B_ETF_trend_following,A_ETF_sector_momentum,B_ETF_trend_following,0,4451,deterministic_stratified_sample
current_no_cash_proxy_alpha_AB,stress,180,2025-08-28,2026-05-15,3261.6586438935215,0.08721954796450726,3338.877642081999,2984.420955162592,-188.74766299089924,-0.05911219445477656,True,True,2026-05-08,175,False,False,,,False,False,False,,,34,461,B_ETF_trend_following,A_ETF_sector_momentum,B_ETF_trend_following,0,4451,deterministic_stratified_sample
current_no_cash_proxy_alpha_AB,stress,180,2025-08-29,2026-05-18,3291.9288418272226,0.09730961394240745,3420.326054788,3000.0,-217.77714617296533,-0.06478956159177507,True,True,2025-10-02,24,True,True,2026-05-11,175,False,False,False,,,33,460,B_ETF_trend_following,A_ETF_sector_momentum,B_ETF_trend_following,0,4451,deterministic_stratified_sample
current_no_cash_proxy_alpha_AB,stress,180,2025-09-02,2026-05-19,3061.127385764635,0.020375795254878426,3195.8557229882977,2927.516438302074,-171.74186018204728,-0.055413858298305696,False,False,,,False,False,,,False,False,False,,,32,456,B_ETF_trend_following,A_ETF_sector_momentum,B_ETF_trend_following,0,4451,deterministic_stratified_sample
current_no_cash_proxy_alpha_AB,stress,180,2025-09-03,2026-05-20,3057.401301965803,0.019133767321934503,3166.7489893942347,2899.7833395261478,-206.2307227628262,-0.0663972276451461,False,False,,,False,False,,,False,False,False,,,32,461,B_ETF_trend_following,A_ETF_sector_momentum,B_ETF_trend_following,0,4451,deterministic_stratified_sample
current_no_cash_proxy_alpha_AB,stress,180,2025-09-04,2026-05-21,3064.7782854274783,0.021592761809159366,3164.7461993664087,2897.8750672189976,-206.23774458561275,-0.06644015765191025,False,False,,,False,False,,,False,False,False,,,31,460,B_ETF_trend_following,A_ETF_sector_momentum,B_ETF_trend_following,0,4451,deterministic_stratified_sample
current_no_cash_proxy_alpha_AB,stress,180,2025-09-05,2026-05-22,3265.7357639369034,0.08857858797896778,3355.506658587464,3000.0,-190.75632520361523,-0.05891323716733543,True,True,2026-05-06,168,False,False,,,False,False,False,,,32,450,B_ETF_trend_following,A_ETF_sector_momentum,B_ETF_trend_following,0,4451,deterministic_stratified_sample
current_no_cash_proxy_alpha_AB,stress,180,2025-09-08,2026-05-26,3086.7657207403063,0.028921906913435436,3144.564144418919,2878.645464503491,-169.6754003848264,-0.0556619227126679,False,False,,,False,False,,,False,False,False,,,31,455,B_ETF_trend_following,A_ETF_sector_momentum,B_ETF_trend_following,0,4451,deterministic_stratified_sample
current_no_cash_proxy_alpha_AB,stress,180,2025-09-09,2026-05-27,3073.7685006632896,0.024589500221096516,3135.997729927374,2870.4833250287274,-199.1449606684655,-0.06487592051336422,False,False,,,False,False,,,False,False,False,,,31,455,B_ETF_trend_following,A_ETF_sector_momentum,B_ETF_trend_following,0,4451,deterministic_stratified_sample
current_no_cash_proxy_alpha_AB,stress,180,2025-09-10,2026-05-28,3087.635389565463,0.029211796521821043,3134.340062402044,2868.903887849043,-176.47716409037912,-0.057949123962005133,False,False,,,False,False,,,False,False,False,,,31,452,B_ETF_trend_following,A_ETF_sector_momentum,B_ETF_trend_following,0,4451,deterministic_stratified_sample
current_no_cash_proxy_alpha_AB,stress,180,2025-09-11,2026-05-29,3112.8873516146987,0.037629117204899476,3132.8600357952387,2867.4937081755015,-180.80438141645755,-0.059313222034876434,False,False,,,False,False,,,False,False,False,,,31,452,B_ETF_trend_following,A_ETF_sector_momentum,B_ETF_trend_following,0,4451,deterministic_stratified_sample
