variant_name,slippage_label,horizon_trading_days,start_date,end_date,final_equity,total_return,max_equity,min_equity,max_drawdown_dollars,max_drawdown_pct,target_300_hit,target_300_before_any_stop,target_300_first_date,target_300_trading_days,target_400_hit,target_400_before_any_stop,target_400_first_date,target_400_trading_days,absolute_floor_stop_hit,trailing_drawdown_stop_hit,any_project_stop_hit,first_project_stop_date,first_project_stop_type,number_of_trades,number_of_skipped_signals,strategies_killed,best_strategy_by_pnl,worst_strategy_by_pnl,ending_open_positions_count,possible_window_count,window_sampling_method
current_core_only_AB,standard,180,2008-01-03,2008-09-18,2942.118946343693,-0.01929368455210234,3048.856129335143,2935.223688547998,-113.63244078714524,-0.0372705158809592,False,False,,,False,False,,,False,False,False,,,4,41,,A_ETF_sector_momentum,B_ETF_trend_following,0,4451,deterministic_stratified_sample
current_core_only_AB,standard,180,2008-01-16,2008-10-01,2942.118946343693,-0.01929368455210234,3048.856129335143,2935.223688547998,-113.63244078714524,-0.0372705158809592,False,False,,,False,False,,,False,False,False,,,4,41,,A_ETF_sector_momentum,B_ETF_trend_following,0,4451,deterministic_stratified_sample
current_core_only_AB,standard,180,2008-01-22,2008-10-06,2942.118946343693,-0.01929368455210234,3048.856129335143,2935.223688547998,-113.63244078714524,-0.0372705158809592,False,False,,,False,False,,,False,False,False,,,4,41,,A_ETF_sector_momentum,B_ETF_trend_following,0,4451,deterministic_stratified_sample
current_core_only_AB,standard,180,2008-01-30,2008-10-14,2942.118946343693,-0.01929368455210234,3048.856129335143,2935.223688547998,-113.63244078714524,-0.0372705158809592,False,False,,,False,False,,,False,False,False,,,4,41,,A_ETF_sector_momentum,B_ETF_trend_following,0,4451,deterministic_stratified_sample
current_core_only_AB,standard,180,2008-02-01,2008-10-16,2942.118946343693,-0.01929368455210234,3048.856129335143,2935.223688547998,-113.63244078714524,-0.0372705158809592,False,False,,,False,False,,,False,False,False,,,4,41,,A_ETF_sector_momentum,B_ETF_trend_following,0,4451,deterministic_stratified_sample
current_core_only_AB,standard,180,2008-02-07,2008-10-22,2942.118946343693,-0.01929368455210234,3048.856129335143,2935.223688547998,-113.63244078714524,-0.0372705158809592,False,False,,,False,False,,,False,False,False,,,4,41,,A_ETF_sector_momentum,B_ETF_trend_following,0,4451,deterministic_stratified_sample
current_core_only_AB,standard,180,2008-02-12,2008-10-27,2942.118946343693,-0.01929368455210234,3048.856129335143,2935.223688547998,-113.63244078714524,-0.0372705158809592,False,False,,,False,False,,,False,False,False,,,4,41,,A_ETF_sector_momentum,B_ETF_trend_following,0,4451,deterministic_stratified_sample
current_core_only_AB,standard,180,2008-02-26,2008-11-07,2942.118946343693,-0.01929368455210234,3048.856129335143,2935.223688547998,-113.63244078714524,-0.0372705158809592,False,False,,,False,False,,,False,False,False,,,4,40,,A_ETF_sector_momentum,B_ETF_trend_following,0,4451,deterministic_stratified_sample
current_core_only_AB,standard,180,2008-03-06,2008-11-18,2942.118946343693,-0.01929368455210234,3048.856129335143,2935.223688547998,-113.63244078714524,-0.0372705158809592,False,False,,,False,False,,,False,False,False,,,4,41,,A_ETF_sector_momentum,B_ETF_trend_following,0,4451,deterministic_stratified_sample
current_core_only_AB,standard,180,2008-03-10,2008-11-20,2942.118946343693,-0.01929368455210234,3048.856129335143,2935.223688547998,-113.63244078714524,-0.0372705158809592,False,False,,,False,False,,,False,False,False,,,4,40,,A_ETF_sector_momentum,B_ETF_trend_following,0,4451,deterministic_stratified_sample
current_core_only_AB,standard,180,2008-03-13,2008-11-25,2942.118946343693,-0.01929368455210234,3048.856129335143,2935.223688547998,-113.63244078714524,-0.0372705158809592,False,False,,,False,False,,,False,False,False,,,4,41,,A_ETF_sector_momentum,B_ETF_trend_following,0,4451,deterministic_stratified_sample
current_core_only_AB,standard,180,2008-03-19,2008-12-02,2942.118946343693,-0.01929368455210234,3048.856129335143,2935.223688547998,-113.63244078714524,-0.0372705158809592,False,False,,,False,False,,,False,False,False,,,4,41,,A_ETF_sector_momentum,B_ETF_trend_following,0,4451,deterministic_stratified_sample
current_core_only_AB,standard,180,2008-03-24,2008-12-04,2942.118946343693,-0.01929368455210234,3048.856129335143,2935.223688547998,-113.63244078714524,-0.0372705158809592,False,False,,,False,False,,,False,False,False,,,4,40,,A_ETF_sector_momentum,B_ETF_trend_following,0,4451,deterministic_stratified_sample
current_core_only_AB,standard,180,2008-04-01,2008-12-12,2942.118946343693,-0.01929368455210234,3048.856129335143,2935.223688547998,-113.63244078714524,-0.0372705158809592,False,False,,,False,False,,,False,False,False,,,4,40,,A_ETF_sector_momentum,B_ETF_trend_following,0,4451,deterministic_stratified_sample
current_core_only_AB,standard,180,2008-04-03,2008-12-16,2942.118946343693,-0.01929368455210234,3048.856129335143,2935.223688547998,-113.63244078714524,-0.0372705158809592,False,False,,,False,False,,,False,False,False,,,4,41,,A_ETF_sector_momentum,B_ETF_trend_following,0,4451,deterministic_stratified_sample
current_core_only_AB,standard,180,2008-04-08,2008-12-19,2942.118946343693,-0.01929368455210234,3048.856129335143,2935.223688547998,-113.63244078714524,-0.0372705158809592,False,False,,,False,False,,,False,False,False,,,4,40,,A_ETF_sector_momentum,B_ETF_trend_following,0,4451,deterministic_stratified_sample
current_core_only_AB,standard,180,2008-04-16,2008-12-30,2942.118946343693,-0.01929368455210234,3048.856129335143,2935.223688547998,-113.63244078714524,-0.0372705158809592,False,False,,,False,False,,,False,False,False,,,4,41,,A_ETF_sector_momentum,B_ETF_trend_following,0,4451,deterministic_stratified_sample
current_core_only_AB,standard,180,2008-04-17,2008-12-31,2942.118946343693,-0.01929368455210234,3048.856129335143,2935.223688547998,-113.63244078714524,-0.0372705158809592,False,False,,,False,False,,,False,False,False,,,4,41,,A_ETF_sector_momentum,B_ETF_trend_following,0,4451,deterministic_stratified_sample
current_core_only_AB,standard,180,2008-04-29,2009-01-13,2942.118946343693,-0.01929368455210234,3048.856129335143,2935.223688547998,-113.63244078714524,-0.0372705158809592,False,False,,,False,False,,,False,False,False,,,4,41,,A_ETF_sector_momentum,B_ETF_trend_following,0,4451,deterministic_stratified_sample
current_core_only_AB,standard,180,2008-05-05,2009-01-20,2942.118946343693,-0.01929368455210234,3048.856129335143,2935.223688547998,-113.63244078714524,-0.0372705158809592,False,False,,,False,False,,,False,False,False,,,4,41,,A_ETF_sector_momentum,B_ETF_trend_following,0,4451,deterministic_stratified_sample
current_core_only_AB,standard,180,2008-05-06,2009-01-21,2942.118946343693,-0.01929368455210234,3048.856129335143,2935.223688547998,-113.63244078714524,-0.0372705158809592,False,False,,,False,False,,,False,False,False,,,4,41,,A_ETF_sector_momentum,B_ETF_trend_following,0,4451,deterministic_stratified_sample
current_core_only_AB,standard,180,2008-05-09,2009-01-26,2942.315766896178,-0.019228077701273993,3045.7840319686793,2934.994042202145,-110.78998976653429,-0.036374867227511154,False,False,,,False,False,,,False,False,False,,,3,42,,A_ETF_sector_momentum,B_ETF_trend_following,0,4451,deterministic_stratified_sample
current_core_only_AB,standard,180,2008-05-12,2009-01-27,2942.315766896178,-0.019228077701273993,3045.7840319686793,2934.994042202145,-110.78998976653429,-0.036374867227511154,False,False,,,False,False,,,False,False,False,,,3,41,,A_ETF_sector_momentum,B_ETF_trend_following,0,4451,deterministic_stratified_sample
current_core_only_AB,standard,180,2008-05-23,2009-02-09,3000.0,0.0,3000.0,3000.0,0.0,0.0,False,False,,,False,False,,,False,False,False,,,0,39,,,,0,4451,deterministic_stratified_sample
current_core_only_AB,standard,180,2008-05-29,2009-02-12,3000.0,0.0,3000.0,3000.0,0.0,0.0,False,False,,,False,False,,,False,False,False,,,0,38,,,,0,4451,deterministic_stratified_sample
current_core_only_AB,standard,180,2008-06-03,2009-02-18,3000.0,0.0,3000.0,3000.0,0.0,0.0,False,False,,,False,False,,,False,False,False,,,0,38,,,,0,4451,deterministic_stratified_sample
current_core_only_AB,standard,180,2008-06-06,2009-02-23,3000.0,0.0,3000.0,3000.0,0.0,0.0,False,False,,,False,False,,,False,False,False,,,0,39,,,,0,4451,deterministic_stratified_sample
current_core_only_AB,standard,180,2008-06-16,2009-03-03,3000.0,0.0,3000.0,3000.0,0.0,0.0,False,False,,,False,False,,,False,False,False,,,0,38,,,,0,4451,deterministic_stratified_sample
current_core_only_AB,standard,180,2008-06-19,2009-03-06,3000.0,0.0,3000.0,3000.0,0.0,0.0,False,False,,,False,False,,,False,False,False,,,0,38,,,,0,4451,deterministic_stratified_sample
current_core_only_AB,standard,180,2008-07-02,2009-03-19,3000.0,0.0,3000.0,3000.0,0.0,0.0,False,False,,,False,False,,,False,False,False,,,0,38,,,,0,4451,deterministic_stratified_sample
current_core_only_AB,standard,180,2008-07-16,2009-04-01,3000.0,0.0,3000.0,3000.0,0.0,0.0,False,False,,,False,False,,,False,False,False,,,0,38,,,,0,4451,deterministic_stratified_sample
current_core_only_AB,standard,180,2008-07-21,2009-04-06,3000.0,0.0,3000.0,3000.0,0.0,0.0,False,False,,,False,False,,,False,False,False,,,0,38,,,,0,4451,deterministic_stratified_sample
current_core_only_AB,standard,180,2008-07-29,2009-04-15,3000.0,0.0,3000.0,3000.0,0.0,0.0,False,False,,,False,False,,,False,False,False,,,0,38,,,,0,4451,deterministic_stratified_sample
current_core_only_AB,standard,180,2008-08-04,2009-04-21,3000.0,0.0,3000.0,3000.0,0.0,0.0,False,False,,,False,False,,,False,False,False,,,0,38,,,,0,4451,deterministic_stratified_sample
current_core_only_AB,standard,180,2008-08-06,2009-04-23,3000.0,0.0,3000.0,3000.0,0.0,0.0,False,False,,,False,False,,,False,False,False,,,0,38,,,,0,4451,deterministic_stratified_sample
current_core_only_AB,standard,180,2008-08-11,2009-04-28,3000.0,0.0,3000.0,3000.0,0.0,0.0,False,False,,,False,False,,,False,False,False,,,0,38,,,,0,4451,deterministic_stratified_sample
current_core_only_AB,standard,180,2008-08-22,2009-05-11,3000.0,0.0,3000.0,3000.0,0.0,0.0,False,False,,,False,False,,,False,False,False,,,0,39,,,,0,4451,deterministic_stratified_sample
current_core_only_AB,standard,180,2008-09-04,2009-05-21,3000.0,0.0,3000.0,3000.0,0.0,0.0,False,False,,,False,False,,,False,False,False,,,0,38,,,,0,4451,deterministic_stratified_sample
current_core_only_AB,standard,180,2008-09-10,2009-05-28,3000.0,0.0,3000.0,3000.0,0.0,0.0,False,False,,,False,False,,,False,False,False,,,0,38,,,,0,4451,deterministic_stratified_sample
current_core_only_AB,standard,180,2008-09-17,2009-06-04,3035.9133294380526,0.011971109812684233,3035.9133294380526,2990.9732327646625,-35.892666567947344,-0.011858029976108742,False,False,,,False,False,,,False,False,False,,,3,40,,A_ETF_sector_momentum,B_ETF_trend_following,0,4451,deterministic_stratified_sample
current_core_only_AB,standard,180,2008-09-26,2009-06-15,2963.1314971528413,-0.0122895009490529,3035.9133294380526,2963.1314971528413,-72.7818322852113,-0.02397361992500724,False,False,,,False,False,,,False,False,False,,,4,46,,A_ETF_sector_momentum,B_ETF_trend_following,0,4451,deterministic_stratified_sample
current_core_only_AB,standard,180,2008-09-30,2009-06-17,2936.528568295462,-0.021157143901512687,3035.9133294380526,2922.7705495008036,-113.14277993724909,-0.037268119231253505,False,False,,,False,False,,,False,False,False,,,5,45,,A_ETF_sector_momentum,B_ETF_trend_following,0,4451,deterministic_stratified_sample
current_core_only_AB,standard,180,2008-10-13,2009-06-30,2917.7860431205554,-0.027404652293148146,3035.9133294380526,2898.1511898510375,-137.7621395870151,-0.0453774942292291,False,False,,,False,False,,,False,False,False,,,6,43,,A_ETF_sector_momentum,B_ETF_trend_following,0,4451,deterministic_stratified_sample
current_core_only_AB,standard,180,2008-10-14,2009-07-01,2926.1226963048666,-0.02462576789837778,3035.9133294380526,2898.1511898510375,-137.7621395870151,-0.0453774942292291,False,False,,,False,False,,,False,False,False,,,6,43,,A_ETF_sector_momentum,B_ETF_trend_following,0,4451,deterministic_stratified_sample
current_core_only_AB,standard,180,2008-10-24,2009-07-14,2870.99786090622,-0.04300071303125996,3035.9133294380526,2834.886006408382,-201.0273230296707,-0.06621642359825897,False,False,,,False,False,,,False,False,False,,,8,47,B_ETF_trend_following,A_ETF_sector_momentum,B_ETF_trend_following,0,4451,deterministic_stratified_sample
current_core_only_AB,standard,180,2008-10-30,2009-07-20,2941.450898187907,-0.01951636727069761,3035.9133294380526,2834.886006408382,-201.0273230296707,-0.06621642359825897,False,False,,,False,False,,,False,False,False,,,9,62,B_ETF_trend_following,A_ETF_sector_momentum,B_ETF_trend_following,0,4451,deterministic_stratified_sample
current_core_only_AB,standard,180,2008-10-31,2009-07-21,2944.027187964112,-0.018657604011962703,3035.9133294380526,2834.886006408382,-201.0273230296707,-0.06621642359825897,False,False,,,False,False,,,False,False,False,,,9,67,B_ETF_trend_following,A_ETF_sector_momentum,B_ETF_trend_following,0,4451,deterministic_stratified_sample
current_core_only_AB,standard,180,2008-11-06,2009-07-27,3016.3020619711556,0.005434020657051786,3035.9133294380526,2834.886006408382,-201.0273230296707,-0.06621642359825897,False,False,,,False,False,,,False,False,False,,,9,86,B_ETF_trend_following,A_ETF_sector_momentum,B_ETF_trend_following,0,4451,deterministic_stratified_sample
current_core_only_AB,standard,180,2008-11-17,2009-08-05,3036.172987036168,0.012057662345389186,3054.886888159612,2834.886006408382,-201.0273230296707,-0.06621642359825897,False,False,,,False,False,,,False,False,False,,,9,112,B_ETF_trend_following,A_ETF_sector_momentum,B_ETF_trend_following,0,4451,deterministic_stratified_sample
current_core_only_AB,standard,180,2008-11-19,2009-08-07,3027.0938554122545,0.009031285137418132,3054.886888159612,2834.886006408382,-201.0273230296707,-0.06621642359825897,False,False,,,False,False,,,False,False,False,,,9,115,B_ETF_trend_following,A_ETF_sector_momentum,B_ETF_trend_following,0,4451,deterministic_stratified_sample
current_core_only_AB,standard,180,2008-12-03,2009-08-20,2982.7249175461407,-0.005758360817953112,3054.886888159612,2834.886006408382,-201.0273230296707,-0.06621642359825897,False,False,,,False,False,,,False,False,False,,,9,125,B_ETF_trend_following,A_ETF_sector_momentum,B_ETF_trend_following,0,4451,deterministic_stratified_sample
current_core_only_AB,standard,180,2008-12-04,2009-08-21,2998.69473872644,-0.00043508709118667,3054.886888159612,2834.886006408382,-201.0273230296707,-0.06621642359825897,False,False,,,False,False,,,False,False,False,,,9,126,B_ETF_trend_following,A_ETF_sector_momentum,B_ETF_trend_following,0,4451,deterministic_stratified_sample
current_core_only_AB,standard,180,2008-12-16,2009-09-02,2942.2858634398895,-0.01923804552003683,3054.886888159612,2834.886006408382,-201.0273230296707,-0.06621642359825897,False,False,,,False,False,,,False,False,False,,,10,157,B_ETF_trend_following,A_ETF_sector_momentum,B_ETF_trend_following,0,4451,deterministic_stratified_sample
current_core_only_AB,standard,180,2008-12-22,2009-09-09,2995.074036575304,-0.0016419878082319928,3054.886888159612,2834.886006408382,-201.0273230296707,-0.06621642359825897,False,False,,,False,False,,,False,False,False,,,11,165,B_ETF_trend_following,A_ETF_sector_momentum,B_ETF_trend_following,0,4451,deterministic_stratified_sample
current_core_only_AB,standard,180,2008-12-30,2009-09-16,3043.991293027987,0.014663764342662367,3054.886888159612,2834.886006408382,-201.0273230296707,-0.06621642359825897,False,False,,,False,False,,,False,False,False,,,12,189,B_ETF_trend_following,A_ETF_sector_momentum,B_ETF_trend_following,0,4451,deterministic_stratified_sample
current_core_only_AB,standard,180,2009-01-12,2009-09-28,3019.659869386076,0.00655328979535863,3073.93983758951,2834.886006408382,-201.0273230296707,-0.06621642359825897,False,False,,,False,False,,,False,False,False,,,14,206,B_ETF_trend_following,A_ETF_sector_momentum,B_ETF_trend_following,0,4451,deterministic_stratified_sample
current_core_only_AB,standard,180,2009-01-13,2009-09-29,3019.9353524037824,0.006645117467927397,3073.93983758951,2834.886006408382,-201.0273230296707,-0.06621642359825897,False,False,,,False,False,,,False,False,False,,,14,207,B_ETF_trend_following,A_ETF_sector_momentum,B_ETF_trend_following,0,4451,deterministic_stratified_sample
current_core_only_AB,standard,180,2009-01-16,2009-10-02,2983.7208979050247,-0.005426367364991802,3073.93983758951,2834.886006408382,-201.0273230296707,-0.06621642359825897,False,False,,,False,False,,,False,False,False,,,14,211,B_ETF_trend_following,A_ETF_sector_momentum,B_ETF_trend_following,0,4451,deterministic_stratified_sample
current_core_only_AB,standard,180,2009-01-27,2009-10-12,3067.1370937485653,0.022379031249521786,3073.93983758951,2834.886006408382,-201.0273230296707,-0.06621642359825897,False,False,,,False,False,,,False,False,False,,,16,222,B_ETF_trend_following,A_ETF_sector_momentum,B_ETF_trend_following,0,4451,deterministic_stratified_sample
current_core_only_AB,standard,180,2009-01-29,2009-10-14,3084.1160072880475,0.028038669096015933,3084.1160072880475,2834.886006408382,-201.0273230296707,-0.06621642359825897,False,False,,,False,False,,,False,False,False,,,16,231,B_ETF_trend_following,A_ETF_sector_momentum,B_ETF_trend_following,0,4451,deterministic_stratified_sample
current_core_only_AB,standard,180,2009-02-06,2009-10-22,3102.8019595405867,0.034267319846862154,3109.0234612230247,2834.886006408382,-201.0273230296707,-0.06621642359825897,False,False,,,False,False,,,False,False,False,,,16,249,B_ETF_trend_following,A_ETF_sector_momentum,B_ETF_trend_following,0,4451,deterministic_stratified_sample
current_core_only_AB,standard,180,2009-02-11,2009-10-27,3053.1928252452826,0.017730941748427487,3109.0234612230247,2834.886006408382,-201.0273230296707,-0.06621642359825897,False,False,,,False,False,,,False,False,False,,,16,250,B_ETF_trend_following,A_ETF_sector_momentum,B_ETF_trend_following,0,4451,deterministic_stratified_sample
current_core_only_AB,standard,180,2009-02-17,2009-10-30,3034.354543361517,0.011451514453838962,3109.0234612230247,2834.886006408382,-201.0273230296707,-0.06621642359825897,False,False,,,False,False,,,False,False,False,,,16,249,B_ETF_trend_following,A_ETF_sector_momentum,B_ETF_trend_following,0,4451,deterministic_stratified_sample
current_core_only_AB,standard,180,2009-02-20,2009-11-04,3075.943966537561,0.025314655512520323,3109.0234612230247,2834.886006408382,-201.0273230296707,-0.06621642359825897,False,False,,,False,False,,,False,False,False,,,17,252,B_ETF_trend_following,A_ETF_sector_momentum,B_ETF_trend_following,0,4451,deterministic_stratified_sample
current_core_only_AB,standard,180,2009-03-05,2009-11-17,3159.99569904873,0.05333189968290997,3159.99569904873,2834.886006408382,-201.0273230296707,-0.06621642359825897,False,False,,,False,False,,,False,False,False,,,18,278,B_ETF_trend_following,A_ETF_sector_momentum,B_ETF_trend_following,0,4451,deterministic_stratified_sample
current_core_only_AB,standard,180,2009-03-18,2009-12-01,3230.4201133188703,0.07680670443962345,3230.4201133188703,2834.886006408382,-201.0273230296707,-0.06621642359825897,False,False,,,False,False,,,False,False,False,,,18,308,B_ETF_trend_following,A_ETF_sector_momentum,B_ETF_trend_following,0,4451,deterministic_stratified_sample
current_core_only_AB,standard,180,2009-03-23,2009-12-04,3199.0194676845977,0.06633982256153259,3250.1155896212085,2834.886006408382,-201.0273230296707,-0.06621642359825897,False,False,,,False,False,,,False,False,False,,,18,317,B_ETF_trend_following,A_ETF_sector_momentum,B_ETF_trend_following,0,4451,deterministic_stratified_sample
current_core_only_AB,standard,180,2009-03-31,2009-12-14,3225.065112277007,0.07502170409233555,3250.1155896212085,2834.886006408382,-201.0273230296707,-0.06621642359825897,False,False,,,False,False,,,False,False,False,,,19,326,B_ETF_trend_following,A_ETF_sector_momentum,B_ETF_trend_following,0,4451,deterministic_stratified_sample
current_core_only_AB,standard,180,2009-04-08,2009-12-22,3215.4331567370937,0.07181105224569784,3250.1155896212085,2834.886006408382,-201.0273230296707,-0.06621642359825897,False,False,,,False,False,,,False,False,False,,,20,337,B_ETF_trend_following,A_ETF_sector_momentum,B_ETF_trend_following,0,4451,deterministic_stratified_sample
current_core_only_AB,standard,180,2009-04-14,2009-12-28,3226.1075385330714,0.07536917951102384,3250.1155896212085,2834.886006408382,-201.0273230296707,-0.06621642359825897,False,False,,,False,False,,,False,False,False,,,20,352,B_ETF_trend_following,A_ETF_sector_momentum,B_ETF_trend_following,0,4451,deterministic_stratified_sample
current_core_only_AB,standard,180,2009-04-15,2009-12-29,3228.754794488098,0.07625159816269944,3250.1155896212085,2834.886006408382,-201.0273230296707,-0.06621642359825897,False,False,,,False,False,,,False,False,False,,,20,357,B_ETF_trend_following,A_ETF_sector_momentum,B_ETF_trend_following,0,4451,deterministic_stratified_sample
current_core_only_AB,standard,180,2009-04-22,2010-01-06,3209.277219007396,0.06975907300246531,3250.1155896212085,2834.886006408382,-201.0273230296707,-0.06621642359825897,False,False,,,False,False,,,False,False,False,,,21,371,B_ETF_trend_following,A_ETF_sector_momentum,B_ETF_trend_following,0,4451,deterministic_stratified_sample
current_core_only_AB,standard,180,2009-04-27,2010-01-11,3215.364957468696,0.07178831915623207,3250.1155896212085,2834.886006408382,-201.0273230296707,-0.06621642359825897,False,False,,,False,False,,,False,False,False,,,21,386,B_ETF_trend_following,A_ETF_sector_momentum,B_ETF_trend_following,0,4451,deterministic_stratified_sample
current_core_only_AB,standard,180,2009-05-08,2010-01-25,3129.962602964144,0.04332086765471477,3250.1155896212085,2834.886006408382,-201.0273230296707,-0.06621642359825897,False,False,,,False,False,,,False,False,False,,,23,402,B_ETF_trend_following,A_ETF_sector_momentum,B_ETF_trend_following,0,4451,deterministic_stratified_sample
current_core_only_AB,standard,180,2009-05-13,2010-01-28,3123.6752459614668,0.041225081987155576,3250.1155896212085,2834.886006408382,-201.0273230296707,-0.06621642359825897,False,False,,,False,False,,,False,False,False,,,23,401,B_ETF_trend_following,A_ETF_sector_momentum,B_ETF_trend_following,0,4451,deterministic_stratified_sample
current_core_only_AB,standard,180,2009-05-21,2010-02-05,3112.5927057702743,0.037530901923424675,3250.1155896212085,2834.886006408382,-201.0273230296707,-0.06621642359825897,False,False,,,False,False,,,False,False,False,,,24,405,B_ETF_trend_following,A_ETF_sector_momentum,B_ETF_trend_following,0,4451,deterministic_stratified_sample
current_core_only_AB,standard,180,2009-06-04,2010-02-19,3133.6679185756725,0.04455597285855739,3270.7988756600926,2864.3625495037745,-154.71269039285335,-0.0473011934619888,False,False,,,False,False,,,False,False,False,,,44,346,,B_ETF_trend_following,A_ETF_sector_momentum,0,4451,deterministic_stratified_sample
current_core_only_AB,standard,180,2009-06-17,2010-03-04,3294.3618466794765,0.09812061555982554,3393.0260865395167,2910.399224437898,-175.94822613388715,-0.05185584243866903,True,True,2009-11-25,114,False,False,,,False,False,False,,,43,370,,B_ETF_trend_following,A_ETF_sector_momentum,0,4451,deterministic_stratified_sample
current_core_only_AB,standard,180,2009-06-30,2010-03-17,3607.9259779987856,0.20264199266626193,3607.9259779987856,2943.8093757169972,-168.29276783125442,-0.050145831272705554,True,True,2009-07-23,17,True,True,2009-11-20,102,False,False,False,,,36,422,,A_ETF_sector_momentum,B_ETF_trend_following,0,4451,deterministic_stratified_sample
current_core_only_AB,standard,180,2009-07-07,2010-03-23,3533.10466730162,0.1777015557672066,3533.10466730162,2999.829405938788,-180.47308526982215,-0.05195964601476932,True,True,2009-11-18,96,True,True,2009-11-25,101,False,False,False,,,42,416,,B_ETF_trend_following,A_ETF_sector_momentum,0,4451,deterministic_stratified_sample
current_core_only_AB,standard,180,2009-07-13,2010-03-29,3633.7709788542466,0.21125699295141542,3633.7709788542466,3000.0,-137.1671484246658,-0.04170772995550709,True,True,2009-11-16,90,True,True,2009-11-24,96,False,False,False,,,40,423,,B_ETF_trend_following,A_ETF_sector_momentum,0,4451,deterministic_stratified_sample
current_core_only_AB,standard,180,2009-07-22,2010-04-08,3415.84095538755,0.13861365179585006,3415.84095538755,2950.4005588096447,-170.7125439014053,-0.051834778115326996,True,True,2010-03-17,165,True,True,2010-04-05,177,False,False,False,,,38,436,,B_ETF_trend_following,A_ETF_sector_momentum,0,4451,deterministic_stratified_sample
current_core_only_AB,standard,180,2009-07-24,2010-04-12,3476.3488924394387,0.15878296414647952,3476.3488924394387,2934.3824199241426,-172.42000125005688,-0.051834778115326996,True,True,2009-12-02,92,True,True,2010-03-29,171,False,False,False,,,38,425,,B_ETF_trend_following,A_ETF_sector_momentum,0,4451,deterministic_stratified_sample
current_core_only_AB,standard,180,2009-08-06,2010-04-23,3569.4250498801703,0.1898083499600567,3569.4250498801703,2939.5875761869556,-170.21697327853872,-0.051834778115326885,True,True,2010-03-17,154,True,True,2010-04-08,169,False,False,False,,,37,423,,B_ETF_trend_following,A_ETF_sector_momentum,0,4451,deterministic_stratified_sample
current_core_only_AB,standard,180,2009-08-19,2010-05-06,3450.6183994118724,0.1502061331372908,3614.6248199781294,2961.122292436058,-178.611747636789,-0.051834778115326996,True,True,2009-12-02,74,True,True,2010-04-05,157,False,False,False,,,41,425,,B_ETF_trend_following,A_ETF_sector_momentum,0,4451,deterministic_stratified_sample
current_core_only_AB,standard,180,2009-09-01,2010-05-19,3452.0552297245576,0.15068507657485264,3612.933905274426,2934.310308449094,-180.46988602577085,-0.05183477811532655,True,True,2009-12-02,65,True,True,2010-04-05,148,False,False,False,,,42,392,,A_ETF_sector_momentum,B_ETF_trend_following,0,4451,deterministic_stratified_sample
current_core_only_AB,standard,180,2009-09-15,2010-06-02,3417.3016940218827,0.13910056467396092,3572.576480928889,2926.658813308704,-177.56157758069776,-0.05183477811532666,True,True,2010-03-22,130,True,True,2010-04-09,143,False,False,False,,,39,366,,B_ETF_trend_following,A_ETF_sector_momentum,0,4451,deterministic_stratified_sample
current_core_only_AB,standard,180,2009-09-16,2010-06-03,3453.597101690262,0.15119903389675415,3613.9721702495076,2944.482070674825,-180.52174846406388,-0.051834778115326996,True,True,2009-12-02,55,True,True,2010-04-05,138,False,False,False,,,37,357,,B_ETF_trend_following,A_ETF_sector_momentum,0,4451,deterministic_stratified_sample
current_core_only_AB,standard,180,2009-09-18,2010-06-07,3390.454960972261,0.13015165365742032,3518.5597697673593,2891.3821926619594,-174.8768785964312,-0.051834778115326774,True,True,2010-04-05,136,True,True,2010-04-14,143,False,False,False,,,41,352,,B_ETF_trend_following,A_ETF_sector_momentum,0,4451,deterministic_stratified_sample
current_core_only_AB,standard,180,2009-09-28,2010-06-15,3438.2206584207456,0.14607355280691525,3584.3885055703067,2952.557870575437,-179.04401299121582,-0.051834778115326774,True,True,2010-03-22,121,True,True,2010-04-09,134,False,False,False,,,36,343,,B_ETF_trend_following,A_ETF_sector_momentum,0,4451,deterministic_stratified_sample
current_core_only_AB,standard,180,2009-10-09,2010-06-28,3461.680008035367,0.1538933360117889,3590.1534713141787,2969.733667146964,-179.33197915334813,-0.051834778115326885,True,True,2010-03-17,109,True,True,2010-04-08,124,False,False,False,,,35,347,,B_ETF_trend_following,A_ETF_sector_momentum,0,4451,deterministic_stratified_sample
current_core_only_AB,standard,180,2009-10-22,2010-07-12,3493.6550346389295,0.16455167821297656,3624.6213438679624,2923.9798903003666,-181.05368599726535,-0.049951062144344305,True,True,2010-03-16,99,True,True,2010-04-05,112,False,False,False,,,31,324,,B_ETF_trend_following,A_ETF_sector_momentum,0,4451,deterministic_stratified_sample
current_core_only_AB,standard,180,2009-11-04,2010-07-23,3407.089456264167,0.1356964854213889,3521.702063366066,3000.0,-175.03305456959424,-0.04970126700675426,True,True,2010-04-05,103,True,True,2010-04-14,110,False,False,False,,,30,319,,B_ETF_trend_following,A_ETF_sector_momentum,0,4451,deterministic_stratified_sample
current_core_only_AB,standard,180,2009-11-05,2010-07-26,3416.2507262610798,0.13875024208702658,3532.1326497557566,2997.0153320579298,-175.55146792878577,-0.04970126700675437,True,True,2010-03-29,98,True,True,2010-04-14,109,False,False,False,,,27,325,,B_ETF_trend_following,A_ETF_sector_momentum,0,4451,deterministic_stratified_sample
current_core_only_AB,standard,180,2009-11-13,2010-08-03,3350.26232163482,0.11675410721160673,3469.750097379473,3000.0,-172.45097603656814,-0.049701267006754035,True,True,2010-04-09,100,True,True,2010-04-22,109,False,False,False,,,30,315,,B_ETF_trend_following,A_ETF_sector_momentum,0,4451,deterministic_stratified_sample
current_core_only_AB,standard,180,2009-11-17,2010-08-05,3303.0056816075175,0.10100189386917258,3409.611851077259,2954.9703881636196,-169.3363083575905,-0.049664394586172333,True,True,2010-04-14,101,True,True,2010-04-26,109,False,False,False,,,30,303,,B_ETF_trend_following,A_ETF_sector_momentum,0,4451,deterministic_stratified_sample
current_core_only_AB,standard,180,2009-12-01,2010-08-18,3264.7547498001604,0.08825158326672011,3326.841983867247,2867.4601100294876,-134.4594042258168,-0.044791142329867695,True,True,2010-04-26,100,False,False,,,False,False,False,,,32,285,,B_ETF_trend_following,A_ETF_sector_momentum,0,4451,deterministic_stratified_sample
current_core_only_AB,standard,180,2009-12-02,2010-08-19,3234.3554988026303,0.0781184996008768,3372.85146942763,2910.145921165783,-167.51062625820578,-0.049664394586172556,True,True,2010-04-21,96,False,False,,,False,False,False,,,28,281,,B_ETF_trend_following,A_ETF_sector_momentum,0,4451,deterministic_stratified_sample
current_core_only_AB,standard,180,2009-12-11,2010-08-30,3197.623416327385,0.06587447210912822,3336.052047323965,2891.2191310281682,-165.68300523830476,-0.04966439458617211,True,True,2010-04-22,90,False,False,,,False,False,False,,,28,274,,B_ETF_trend_following,A_ETF_sector_momentum,0,4451,deterministic_stratified_sample
current_core_only_AB,standard,180,2009-12-15,2010-09-01,3317.177278875649,0.10572575962521635,3461.0429425562616,2972.0716410992254,-172.01821940983154,-0.04970126700675437,True,True,2010-04-09,79,True,True,2010-04-22,88,False,False,False,,,23,270,,B_ETF_trend_following,A_ETF_sector_momentum,0,4451,deterministic_stratified_sample
current_core_only_AB,standard,180,2009-12-24,2010-09-13,3185.0838712218747,0.06169462374062484,3341.8902511076403,2896.2788621806667,-165.97295609469256,-0.049664394586172333,True,True,2010-04-22,81,False,False,,,False,False,False,,,27,251,,B_ETF_trend_following,A_ETF_sector_momentum,0,4451,deterministic_stratified_sample
current_core_only_AB,standard,180,2010-01-08,2010-09-24,3259.049843440379,0.08634994781345973,3344.1153947360854,2898.2073026655826,-166.083466505866,-0.04966439458617222,True,True,2010-04-22,72,False,False,,,False,False,False,,,26,230,,B_ETF_trend_following,A_ETF_sector_momentum,0,4451,deterministic_stratified_sample
current_core_only_AB,standard,180,2010-01-19,2010-10-04,3348.409277301513,0.11613642576717109,3354.9802829001496,2879.108242390198,-120.89175760980197,-0.04029725253660066,True,True,2010-04-22,66,False,False,,,False,False,False,,,24,238,,B_ETF_trend_following,A_ETF_sector_momentum,0,4451,deterministic_stratified_sample
current_core_only_AB,standard,180,2010-01-22,2010-10-07,3326.4113819710474,0.10880379399034923,3368.050377600045,2918.9507681078026,-167.27218293923488,-0.04966439458617222,True,True,2010-04-22,63,False,False,,,False,False,False,,,21,248,,B_ETF_trend_following,A_ETF_sector_momentum,0,4451,deterministic_stratified_sample
current_core_only_AB,standard,180,2010-02-04,2010-10-20,3408.5063428170756,0.1361687809390253,3445.658114144012,2973.8770288730675,-170.41976447410752,-0.049664394586172445,True,True,2010-04-14,48,True,True,2010-04-22,54,False,False,False,,,20,276,,A_ETF_sector_momentum,B_ETF_trend_following,0,4451,deterministic_stratified_sample
current_core_only_AB,standard,180,2010-02-18,2010-11-02,3455.5243232726057,0.1518414410908686,3516.1692369389334,2983.8515809120777,-82.22033660939633,-0.024034577465768425,True,True,2010-04-14,39,True,True,2010-05-11,58,False,False,False,,,19,290,,B_ETF_trend_following,A_ETF_sector_momentum,0,4451,deterministic_stratified_sample
current_core_only_AB,standard,180,2010-02-19,2010-11-03,3420.4707322330605,0.14015691074435344,3471.4919565406994,2968.662759424109,-87.05531442687015,-0.0260368820439576,True,True,2010-04-14,38,True,True,2010-10-05,159,False,False,False,,,20,305,,A_ETF_sector_momentum,B_ETF_trend_following,0,4451,deterministic_stratified_sample
current_core_only_AB,standard,180,2010-03-03,2010-11-15,3242.5374080632173,0.080845802687739,3336.7002929209034,3000.0,-181.69217373899892,-0.05445265015994227,True,True,2010-04-14,30,False,False,,,False,False,False,,,22,295,,B_ETF_trend_following,A_ETF_sector_momentum,0,4451,deterministic_stratified_sample
current_core_only_AB,standard,180,2010-03-16,2010-11-29,3084.586904606013,0.028195634868670938,3156.118979069101,2974.3965751407923,-181.72240392830872,-0.057577805251786796,False,False,,,False,False,,,False,False,False,,,25,259,,A_ETF_sector_momentum,B_ETF_trend_following,0,4451,deterministic_stratified_sample
current_core_only_AB,standard,180,2010-03-19,2010-12-02,3362.985039957188,0.1209950133190627,3362.985039957188,3000.0,-107.04561968738972,-0.03212626030668708,True,True,2010-10-11,143,False,False,,,False,False,False,,,23,244,,A_ETF_sector_momentum,B_ETF_trend_following,0,4451,deterministic_stratified_sample
current_core_only_AB,standard,180,2010-03-29,2010-12-10,3242.7521639417723,0.08091738798059067,3242.7521639417723,2980.2992061310415,-173.51047266573005,-0.054426356646016916,False,False,,,False,False,,,False,False,False,,,23,257,,A_ETF_sector_momentum,B_ETF_trend_following,0,4451,deterministic_stratified_sample
current_core_only_AB,standard,180,2010-04-12,2010-12-23,3191.6094271730394,0.06386980905767992,3200.2643662954456,2949.5670536741127,-154.1300887068969,-0.04966015743039143,False,False,,,False,False,,,False,False,False,,,25,272,,A_ETF_sector_momentum,B_ETF_trend_following,0,4451,deterministic_stratified_sample
current_core_only_AB,standard,180,2010-04-23,2011-01-06,3219.222609925275,0.07307420330842485,3224.864658306274,2928.1330221207263,-100.21589872943468,-0.03212626030668686,False,False,,,False,False,,,False,False,False,,,25,277,,A_ETF_sector_momentum,B_ETF_trend_following,0,4451,deterministic_stratified_sample
current_core_only_AB,standard,180,2010-05-06,2011-01-20,3216.5056261946584,0.0721685420648861,3303.7972887102724,2967.285643454678,-100.51217414585471,-0.03212626030668675,True,True,2011-01-18,178,False,False,,,False,False,False,,,23,296,,A_ETF_sector_momentum,B_ETF_trend_following,0,4451,deterministic_stratified_sample
current_core_only_AB,standard,180,2010-05-07,2011-01-21,3114.471844728082,0.03815728157602738,3211.185973734643,2887.4733145140476,-167.68047919118953,-0.05488446425730653,False,False,,,False,False,,,False,False,False,,,25,296,,A_ETF_sector_momentum,B_ETF_trend_following,0,4451,deterministic_stratified_sample
current_core_only_AB,standard,180,2010-05-18,2011-02-01,3230.544452161319,0.07684815072043971,3321.960324077055,2987.0807440315425,-151.32831334528873,-0.04555391954819099,True,True,2011-01-14,169,False,False,,,False,False,False,,,25,306,,A_ETF_sector_momentum,B_ETF_trend_following,0,4451,deterministic_stratified_sample
current_core_only_AB,standard,180,2010-05-21,2011-02-04,3105.182334221494,0.035060778073831234,3107.797825326005,2856.193223343944,-153.44943471095303,-0.05098593160230058,False,False,,,False,False,,,False,False,False,,,18,344,B_ETF_trend_following,A_ETF_sector_momentum,B_ETF_trend_following,0,4451,deterministic_stratified_sample
current_core_only_AB,standard,180,2010-06-01,2011-02-14,3167.382049478133,0.055794016492711096,3167.382049478133,2856.193223343944,-153.44943471095303,-0.05098593160230058,False,False,,,False,False,,,False,False,False,,,18,365,B_ETF_trend_following,A_ETF_sector_momentum,B_ETF_trend_following,0,4451,deterministic_stratified_sample
current_core_only_AB,standard,180,2010-06-14,2011-02-28,3177.5060375738244,0.05916867919127489,3197.1313536030743,2856.193223343944,-153.44943471095303,-0.05098593160230058,False,False,,,False,False,,,False,False,False,,,19,388,B_ETF_trend_following,A_ETF_sector_momentum,B_ETF_trend_following,0,4451,deterministic_stratified_sample
current_core_only_AB,standard,180,2010-06-25,2011-03-11,3135.9154702080596,0.04530515673601987,3253.8623387661673,2890.904575716247,-117.94686855810778,-0.03636514142791758,False,False,,,False,False,,,False,False,False,,,16,394,B_ETF_trend_following,A_ETF_sector_momentum,B_ETF_trend_following,0,4451,deterministic_stratified_sample
current_core_only_AB,standard,180,2010-07-08,2011-03-23,3122.00806093959,0.040669353646529904,3253.8623387661673,2890.904575716247,-151.97707031850132,-0.04670666872038898,False,False,,,False,False,,,False,False,False,,,19,396,B_ETF_trend_following,A_ETF_sector_momentum,B_ETF_trend_following,0,4451,deterministic_stratified_sample
current_core_only_AB,standard,180,2010-07-09,2011-03-24,3133.017878341191,0.044339292780396944,3253.8623387661673,2890.904575716247,-151.97707031850132,-0.04670666872038898,False,False,,,False,False,,,False,False,False,,,19,397,B_ETF_trend_following,A_ETF_sector_momentum,B_ETF_trend_following,0,4451,deterministic_stratified_sample
current_core_only_AB,standard,180,2010-07-22,2011-04-06,3203.1771279634568,0.0677257093211523,3253.8623387661673,2890.904575716247,-151.97707031850132,-0.04670666872038898,False,False,,,False,False,,,False,False,False,,,19,425,B_ETF_trend_following,A_ETF_sector_momentum,B_ETF_trend_following,0,4451,deterministic_stratified_sample
current_core_only_AB,standard,180,2010-07-23,2011-04-07,3196.302965239584,0.06543432174652808,3253.8623387661673,2890.904575716247,-151.97707031850132,-0.04670666872038898,False,False,,,False,False,,,False,False,False,,,19,430,B_ETF_trend_following,A_ETF_sector_momentum,B_ETF_trend_following,0,4451,deterministic_stratified_sample
current_core_only_AB,standard,180,2010-07-29,2011-04-13,3129.149108883703,0.043049702961234226,3255.527584062379,2913.168951615289,-151.4520904064666,-0.046521519629539876,False,False,,,False,False,,,False,False,False,,,26,400,B_ETF_trend_following,A_ETF_sector_momentum,B_ETF_trend_following,0,4451,deterministic_stratified_sample
current_core_only_AB,standard,180,2010-08-04,2011-04-19,3135.299092442331,0.045099697480777134,3253.513293347248,2911.3557079333295,-151.39426177546284,-0.04653254747261437,False,False,,,False,False,,,False,False,False,,,28,405,B_ETF_trend_following,A_ETF_sector_momentum,B_ETF_trend_following,0,4451,deterministic_stratified_sample
current_core_only_AB,standard,180,2010-08-17,2011-05-03,3274.401036600077,0.09146701220002562,3354.190112475104,2995.2946469732124,-193.90326589371307,-0.057809265244845975,True,True,2011-01-12,104,False,False,,,False,False,False,,,32,420,B_ETF_trend_following,A_ETF_sector_momentum,B_ETF_trend_following,0,4451,deterministic_stratified_sample
current_core_only_AB,standard,180,2010-08-25,2011-05-11,3289.204109088853,0.09640136969628421,3354.190112475104,2995.2946469732124,-193.90326589371307,-0.057809265244845975,True,True,2011-01-12,98,False,False,,,False,False,False,,,32,433,B_ETF_trend_following,A_ETF_sector_momentum,B_ETF_trend_following,0,4451,deterministic_stratified_sample
current_core_only_AB,standard,180,2010-08-30,2011-05-16,3317.9138889968262,0.10597129633227542,3354.190112475104,2995.2946469732124,-193.90326589371307,-0.057809265244845975,True,True,2011-01-12,95,False,False,,,False,False,False,,,32,436,B_ETF_trend_following,A_ETF_sector_momentum,B_ETF_trend_following,0,4451,deterministic_stratified_sample
current_core_only_AB,standard,180,2010-09-13,2011-05-27,3265.4742472448647,0.08849141574828834,3350.746539845181,3000.0,-228.81806974533174,-0.06828868343945349,True,True,2011-01-12,86,False,False,,,False,False,False,,,29,434,,B_ETF_trend_following,A_ETF_sector_momentum,0,4451,deterministic_stratified_sample
current_core_only_AB,standard,180,2010-09-24,2011-06-10,3167.261636647937,0.05575387888264571,3271.399633355252,2977.8084852226466,-210.52514574690804,-0.06435323388814673,False,False,,,False,False,,,False,False,False,,,33,438,B_ETF_trend_following,A_ETF_sector_momentum,B_ETF_trend_following,0,4451,deterministic_stratified_sample
current_core_only_AB,standard,180,2010-10-07,2011-06-23,3065.4895444554777,0.02182984815182598,3165.700948702289,2856.989588816471,-182.35370297267718,-0.057934071798574016,False,False,,,False,False,,,False,False,False,,,41,383,,B_ETF_trend_following,A_ETF_sector_momentum,0,4451,deterministic_stratified_sample
current_core_only_AB,standard,180,2010-10-08,2011-06-24,3050.9207472297912,0.01697358240993041,3167.6036458138287,2910.4204229548095,-219.68737662441163,-0.06935443988225642,False,False,,,False,False,,,False,False,False,,,38,388,,B_ETF_trend_following,A_ETF_sector_momentum,0,4451,deterministic_stratified_sample
current_core_only_AB,standard,180,2010-10-12,2011-06-28,3127.282190320544,0.0424273967735147,3260.979989882846,2953.4215889572365,-224.85165115080554,-0.06895217138664,False,False,,,False,False,,,False,False,False,,,33,380,,B_ETF_trend_following,A_ETF_sector_momentum,0,4451,deterministic_stratified_sample
current_core_only_AB,standard,180,2010-10-20,2011-07-07,3185.6527243777577,0.06188424145925264,3238.4773309320126,2939.7521484955782,-207.17954088196984,-0.06397436810908441,False,False,,,False,False,,,False,False,False,,,37,385,,B_ETF_trend_following,A_ETF_sector_momentum,0,4451,deterministic_stratified_sample
current_core_only_AB,standard,180,2010-10-29,2011-07-18,3005.0371836997747,0.0016790612332582278,3159.395543549109,2891.1974494481724,-218.653271654548,-0.06920731153811899,False,False,,,False,False,,,False,False,False,,,40,378,,B_ETF_trend_following,A_ETF_sector_momentum,0,4451,deterministic_stratified_sample
current_core_only_AB,standard,180,2010-11-01,2011-07-19,3135.5213990212533,0.045173799673751125,3225.3585121969454,2918.5212527729373,-172.9077064789044,-0.05392804200288637,False,False,,,False,False,,,False,False,False,,,30,420,B_ETF_trend_following,A_ETF_sector_momentum,B_ETF_trend_following,0,4451,deterministic_stratified_sample
current_core_only_AB,standard,180,2010-11-12,2011-08-01,3080.8625762254665,0.02695419207515548,3217.8506822593554,2944.690386820728,-221.8754591957795,-0.06895144651025065,False,False,,,False,False,,,False,False,False,,,36,364,,B_ETF_trend_following,A_ETF_sector_momentum,0,4451,deterministic_stratified_sample
current_core_only_AB,standard,180,2010-11-26,2011-08-12,3253.7865128871513,0.08459550429571716,3307.0339868547035,2977.593300082411,-189.0677354016443,-0.0582199642169301,True,True,2011-08-10,178,False,False,,,False,False,False,,,32,398,B_ETF_trend_following,A_ETF_sector_momentum,B_ETF_trend_following,0,4451,deterministic_stratified_sample
current_core_only_AB,standard,180,2010-12-09,2011-08-25,3136.1710443465936,0.04539034811553111,3187.7880452671243,2948.1240079072804,-183.83358224438962,-0.05869606370866831,False,False,,,False,False,,,False,False,False,,,29,378,B_ETF_trend_following,A_ETF_sector_momentum,B_ETF_trend_following,0,4451,deterministic_stratified_sample
current_core_only_AB,standard,180,2010-12-10,2011-08-26,3147.866430787315,0.049288810262438254,3199.528436982386,2938.3993366400327,-167.49478885628287,-0.053928042002886256,False,False,,,False,False,,,False,False,False,,,27,376,B_ETF_trend_following,A_ETF_sector_momentum,B_ETF_trend_following,0,4451,deterministic_stratified_sample
current_core_only_AB,standard,180,2010-12-22,2011-09-08,3167.2676258219753,0.05575587527399173,3219.188264145733,2977.1634979282708,-184.19555344893433,-0.058264673659479405,False,False,,,False,False,,,False,False,False,,,25,339,B_ETF_trend_following,A_ETF_sector_momentum,B_ETF_trend_following,0,4451,deterministic_stratified_sample
current_core_only_AB,standard,180,2010-12-27,2011-09-12,3102.212151693897,0.034070717231299064,3153.5028172332104,2884.710045244478,-157.89474950056683,-0.051894596949715766,False,False,,,False,False,,,False,False,False,,,21,347,B_ETF_trend_following,A_ETF_sector_momentum,B_ETF_trend_following,0,4451,deterministic_stratified_sample
current_core_only_AB,standard,180,2011-01-05,2011-09-21,3136.1067256964734,0.04536890856549114,3189.039613492597,2923.218611857633,-155.28845739386225,-0.05035338072008777,False,False,,,False,False,,,False,False,False,,,22,319,B_ETF_trend_following,A_ETF_sector_momentum,B_ETF_trend_following,0,4451,deterministic_stratified_sample
current_core_only_AB,standard,180,2011-01-19,2011-10-04,3155.069445342064,0.051689815114021265,3208.322396069427,2941.0454131995975,-156.23546028630153,-0.05035338072008788,False,False,,,False,False,,,False,False,False,,,19,286,B_ETF_trend_following,A_ETF_sector_momentum,B_ETF_trend_following,0,4451,deterministic_stratified_sample
current_core_only_AB,standard,180,2011-01-28,2011-10-13,3258.4978271928558,0.08616594239761866,3362.5353672937863,3000.0,-168.1289270875327,-0.05290043033197267,True,True,2011-08-10,135,False,False,,,False,False,False,,,27,229,,A_ETF_sector_momentum,B_ETF_trend_following,0,4451,deterministic_stratified_sample
current_core_only_AB,standard,180,2011-02-01,2011-10-17,3223.1392695231048,0.07437975650770157,3326.0478791914966,2977.422814586212,-164.5024227772501,-0.05175159396107565,True,True,2011-08-10,133,False,False,,,False,False,False,,,25,230,,B_ETF_trend_following,A_ETF_sector_momentum,0,4451,deterministic_stratified_sample
current_core_only_AB,standard,180,2011-02-09,2011-10-25,3024.008421841198,0.00800280728039926,3075.0492544685703,2843.861136268397,-208.19407509084067,-0.06821438692064852,False,False,,,False,False,,,False,False,False,,,20,243,B_ETF_trend_following,A_ETF_sector_momentum,B_ETF_trend_following,0,4451,deterministic_stratified_sample
current_core_only_AB,standard,180,2011-02-14,2011-10-28,3112.1819412040804,0.037393980401360105,3222.8163113627306,2885.0116340241193,-159.39670980800838,-0.051751593703918575,False,False,,,False,False,,,False,False,False,,,28,197,,B_ETF_trend_following,A_ETF_sector_momentum,0,4451,deterministic_stratified_sample
current_core_only_AB,standard,180,2011-02-28,2011-11-10,3083.840155432625,0.02794671847754171,3115.035026472753,2870.893192606743,-132.90604990220208,-0.044245982894379865,False,False,,,False,False,,,False,False,False,,,19,218,B_ETF_trend_following,A_ETF_sector_momentum,B_ETF_trend_following,0,4451,deterministic_stratified_sample
current_core_only_AB,standard,180,2011-03-11,2011-11-23,3215.2200567979744,0.07174001893265802,3316.876931926457,2951.621567322013,-137.8650184259177,-0.04167733421320041,True,True,2011-08-10,106,False,False,,,False,False,False,,,27,158,,A_ETF_sector_momentum,B_ETF_trend_following,0,4451,deterministic_stratified_sample
current_core_only_AB,standard,180,2011-03-14,2011-11-25,3132.8986316771534,0.04429954389238455,3309.285866112923,2962.4177419819584,-196.07995724621514,-0.0592514413016032,True,True,2011-08-10,105,False,False,,,False,False,False,,,27,172,,A_ETF_sector_momentum,B_ETF_trend_following,0,4451,deterministic_stratified_sample
current_core_only_AB,standard,180,2011-03-24,2011-12-07,3127.4509201461606,0.042483640048720295,3332.118574796791,2982.879352809585,-210.2617702393245,-0.0631015270073777,True,True,2011-08-10,97,False,False,,,False,False,False,,,22,173,,A_ETF_sector_momentum,B_ETF_trend_following,0,4451,deterministic_stratified_sample
current_core_only_AB,standard,180,2011-04-05,2011-12-19,3043.0641262261224,0.014354708742040811,3261.215949315335,2919.386576538467,-224.19492865904704,-0.06874580896923277,False,False,,,False,False,,,False,False,False,,,23,153,,A_ETF_sector_momentum,B_ETF_trend_following,0,4451,deterministic_stratified_sample
current_core_only_AB,standard,180,2011-04-11,2011-12-23,3202.052970968969,0.06735099032298963,3375.9885749378072,3000.0,-230.89650167330728,-0.06839374498699569,True,True,2011-08-10,85,False,False,,,False,False,False,,,22,139,,B_ETF_trend_following,A_ETF_sector_momentum,0,4451,deterministic_stratified_sample
current_core_only_AB,standard,180,2011-04-18,2012-01-03,3111.2695341732806,0.03708984472442678,3294.9069100894694,2985.9693234394786,-226.16214368374403,-0.06863991907971778,False,False,,,False,False,,,False,False,False,,,23,133,,A_ETF_sector_momentum,B_ETF_trend_following,0,4451,deterministic_stratified_sample
current_core_only_AB,standard,180,2011-05-02,2012-01-17,3050.7628546469746,0.016920951548991425,3223.784683636013,2921.5156705139793,-222.0093172503548,-0.06886605001173862,False,False,,,False,False,,,False,False,False,,,24,123,,A_ETF_sector_momentum,B_ETF_trend_following,0,4451,deterministic_stratified_sample
current_core_only_AB,standard,180,2011-05-13,2012-01-30,2936.815254919163,-0.021061581693612275,3176.683047587302,2878.8303855687227,-239.86779266813892,-0.075508884290587,False,False,,,False,False,,,False,False,False,,,26,139,B_ETF_trend_following,A_ETF_sector_momentum,B_ETF_trend_following,0,4451,deterministic_stratified_sample
current_core_only_AB,standard,180,2011-05-26,2012-02-10,3040.2308699511964,0.01341028998373206,3193.309702698826,2893.8980895947134,-220.22988327164148,-0.06896602703004795,False,False,,,False,False,,,False,False,False,,,26,155,,A_ETF_sector_momentum,B_ETF_trend_following,0,4451,deterministic_stratified_sample
current_core_only_AB,standard,180,2011-05-31,2012-02-14,3091.387626581373,0.030462542193790965,3215.55781440087,2914.0601703027705,-221.5289503984245,-0.06889285255774524,False,False,,,False,False,,,False,False,False,,,24,158,,A_ETF_sector_momentum,B_ETF_trend_following,0,4451,deterministic_stratified_sample
current_core_only_AB,standard,180,2011-06-09,2012-02-24,3104.9560271183673,0.03498534237278905,3223.572700161777,2921.323563068028,-221.99693953639326,-0.068866738921462,False,False,,,False,False,,,False,False,False,,,25,181,,A_ETF_sector_momentum,B_ETF_trend_following,0,4451,deterministic_stratified_sample
current_core_only_AB,standard,180,2011-06-22,2012-03-08,3110.644749140499,0.03688158304683298,3216.4551627312067,2914.8733813159915,-221.5813465627739,-0.06888992239973313,False,False,,,False,False,,,False,False,False,,,25,199,,A_ETF_sector_momentum,B_ETF_trend_following,0,4451,deterministic_stratified_sample
current_core_only_AB,standard,180,2011-07-06,2012-03-21,3211.3060117621408,0.07043533725404694,3238.1167398707476,2934.9980909689625,-222.6879564742062,-0.0687708240201047,False,False,,,False,False,,,False,False,False,,,21,207,,A_ETF_sector_momentum,B_ETF_trend_following,0,4451,deterministic_stratified_sample
current_core_only_AB,standard,180,2011-07-19,2012-04-03,3199.894582888894,0.06663152762963143,3212.9827339847325,2975.0238837135603,-147.7790262454232,-0.047322559414216814,False,False,,,False,False,,,False,False,False,,,20,209,,A_ETF_sector_momentum,B_ETF_trend_following,0,4451,deterministic_stratified_sample
current_core_only_AB,standard,180,2011-08-01,2012-04-17,3163.2368495951036,0.05441228319836777,3236.3021723273396,2996.6255616383623,-173.2823760411493,-0.05466479766853993,False,False,,,False,False,,,False,False,False,,,21,198,,B_ETF_trend_following,A_ETF_sector_momentum,0,4451,deterministic_stratified_sample
current_core_only_AB,standard,180,2011-08-03,2012-04-19,2907.3813227801566,-0.030872892406614505,3000.0,2819.522958759282,-180.47704124071788,-0.06015901374690591,False,False,,,False,False,,,False,False,False,,,16,230,B_ETF_trend_following,A_ETF_sector_momentum,B_ETF_trend_following,0,4451,deterministic_stratified_sample
current_core_only_AB,standard,180,2011-08-12,2012-04-30,2890.1625106937936,-0.0366124964354021,3000.0,2819.522958759282,-180.47704124071788,-0.06015901374690591,False,False,,,False,False,,,False,False,False,,,18,244,B_ETF_trend_following,A_ETF_sector_momentum,B_ETF_trend_following,0,4451,deterministic_stratified_sample
current_core_only_AB,standard,180,2011-08-15,2012-05-01,2900.8039196451564,-0.033065360118281206,3000.0,2819.522958759282,-180.47704124071788,-0.06015901374690591,False,False,,,False,False,,,False,False,False,,,18,245,B_ETF_trend_following,A_ETF_sector_momentum,B_ETF_trend_following,0,4451,deterministic_stratified_sample
current_core_only_AB,standard,180,2011-08-19,2012-05-07,2870.272311272818,-0.04324256290906059,3000.0,2819.522958759282,-180.47704124071788,-0.06015901374690591,False,False,,,False,False,,,False,False,False,,,18,254,B_ETF_trend_following,A_ETF_sector_momentum,B_ETF_trend_following,0,4451,deterministic_stratified_sample
current_core_only_AB,standard,180,2011-08-25,2012-05-11,2857.717792546119,-0.04742740248462696,3000.0,2819.522958759282,-180.47704124071788,-0.06015901374690591,False,False,,,False,False,,,False,False,False,,,18,260,B_ETF_trend_following,A_ETF_sector_momentum,B_ETF_trend_following,0,4451,deterministic_stratified_sample
current_core_only_AB,standard,180,2011-09-07,2012-05-23,2815.499086892916,-0.06150030436902809,3000.0,2804.8179187138912,-195.18208128610877,-0.06506069376203627,False,False,,,False,False,,,False,False,False,,,21,270,B_ETF_trend_following,A_ETF_sector_momentum,B_ETF_trend_following,0,4451,deterministic_stratified_sample
current_core_only_AB,standard,180,2011-09-20,2012-06-06,2781.1823922348813,-0.07293920258837294,3000.0,2781.1823922348813,-218.81760776511874,-0.07293920258837294,False,False,,,False,False,,,False,False,False,,,23,279,B_ETF_trend_following,A_ETF_sector_momentum,B_ETF_trend_following,0,4451,deterministic_stratified_sample
current_core_only_AB,standard,180,2011-09-23,2012-06-11,2774.315580987779,-0.07522813967074038,3000.0,2774.315580987779,-225.68441901222104,-0.07522813967074038,False,False,,,False,False,,,False,False,False,,,24,282,B_ETF_trend_following,B_ETF_trend_following,A_ETF_sector_momentum,0,4451,deterministic_stratified_sample
current_core_only_AB,standard,180,2011-10-03,2012-06-19,2785.7883995075845,-0.07140386683080513,3000.0,2774.315580987779,-225.68441901222104,-0.07522813967074038,False,False,,,False,False,,,False,False,False,,,25,292,B_ETF_trend_following,A_ETF_sector_momentum,B_ETF_trend_following,0,4451,deterministic_stratified_sample
current_core_only_AB,standard,180,2011-10-11,2012-06-27,2756.1281429276223,-0.08129061902412593,3000.0,2756.1281429276223,-243.87185707237768,-0.08129061902412593,False,False,,,False,False,,,False,False,False,,,25,300,"A_ETF_sector_momentum,B_ETF_trend_following",B_ETF_trend_following,A_ETF_sector_momentum,0,4451,deterministic_stratified_sample
current_core_only_AB,standard,180,2011-10-14,2012-07-02,2756.1281429276223,-0.08129061902412593,3000.0,2756.1281429276223,-243.87185707237768,-0.08129061902412593,False,False,,,False,False,,,False,False,False,,,25,307,"A_ETF_sector_momentum,B_ETF_trend_following",B_ETF_trend_following,A_ETF_sector_momentum,0,4451,deterministic_stratified_sample
current_core_only_AB,standard,180,2011-10-27,2012-07-16,2756.1281429276223,-0.08129061902412593,3000.0,2756.1281429276223,-243.87185707237768,-0.08129061902412593,False,False,,,False,False,,,False,False,False,,,25,336,"A_ETF_sector_momentum,B_ETF_trend_following",B_ETF_trend_following,A_ETF_sector_momentum,0,4451,deterministic_stratified_sample
current_core_only_AB,standard,180,2011-10-31,2012-07-18,3168.3727802947146,0.05612426009823812,3201.809862338479,2953.7344784332736,-105.14808294645718,-0.03306136018787753,False,False,,,False,False,,,False,False,False,,,30,269,,B_ETF_trend_following,A_ETF_sector_momentum,0,4451,deterministic_stratified_sample
current_core_only_AB,standard,180,2011-11-09,2012-07-27,3174.744827542752,0.058248275847583963,3235.272997174973,2984.604898405939,-106.24701905719257,-0.0330613601878772,False,False,,,False,False,,,False,False,False,,,30,286,,B_ETF_trend_following,A_ETF_sector_momentum,0,4451,deterministic_stratified_sample
current_core_only_AB,standard,180,2011-11-18,2012-08-07,3110.470209805843,0.03682340326861433,3231.8043207772303,2981.4049741409,-121.33411097138742,-0.03754376779291124,False,False,,,False,False,,,False,False,False,,,34,297,,B_ETF_trend_following,A_ETF_sector_momentum,0,4451,deterministic_stratified_sample
current_core_only_AB,standard,180,2011-11-22,2012-08-09,3104.4106645761867,0.03480355485872888,3231.8043207772303,2981.4049741409,-127.39365620104354,-0.039418740603207714,False,False,,,False,False,,,False,False,False,,,34,299,,B_ETF_trend_following,A_ETF_sector_momentum,0,4451,deterministic_stratified_sample
current_core_only_AB,standard,180,2011-12-06,2012-08-22,3104.943624980194,0.03498120832673135,3230.5761125787285,2980.2928153522644,-128.45505722762118,-0.039762275442903894,False,False,,,False,False,,,False,False,False,,,35,321,,B_ETF_trend_following,A_ETF_sector_momentum,0,4451,deterministic_stratified_sample
current_core_only_AB,standard,180,2011-12-13,2012-08-29,3175.4459975182613,0.05848199917275365,3313.024702794976,2961.6823134630204,-151.7865927379503,-0.04581511046684872,True,True,2012-06-01,118,False,False,,,False,False,False,,,32,314,,B_ETF_trend_following,A_ETF_sector_momentum,0,4451,deterministic_stratified_sample
current_core_only_AB,standard,180,2011-12-19,2012-09-05,3169.6716913543805,0.056557230451460105,3313.024702794976,2961.6823134630204,-158.32826468482062,-0.04778964206069747,True,True,2012-06-01,114,False,False,,,False,False,False,,,32,321,,B_ETF_trend_following,A_ETF_sector_momentum,0,4451,deterministic_stratified_sample
current_core_only_AB,standard,180,2012-01-03,2012-09-18,3270.7255693713187,0.09024185645710614,3301.9364333077797,3000.0,-157.7983926721222,-0.047789651878320516,True,True,2012-06-01,105,False,False,,,False,False,False,,,30,352,,B_ETF_trend_following,A_ETF_sector_momentum,0,4451,deterministic_stratified_sample
current_core_only_AB,standard,180,2012-01-17,2012-10-01,3097.945547091269,0.03264851569708971,3145.4768308401062,2995.3355336607756,-150.14129717933065,-0.04773244415830913,False,False,,,False,False,,,False,False,False,,,32,352,,B_ETF_trend_following,A_ETF_sector_momentum,0,4451,deterministic_stratified_sample
current_core_only_AB,standard,180,2012-01-19,2012-10-03,3324.20353964615,0.10806784654871682,3353.425814392308,2992.8417538868152,-160.25891390945253,-0.04778961061898246,True,True,2012-03-26,47,False,False,,,False,False,False,,,31,335,,B_ETF_trend_following,A_ETF_sector_momentum,0,4451,deterministic_stratified_sample
current_core_only_AB,standard,180,2012-01-30,2012-10-12,3109.731307988275,0.036577102662758376,3181.292047500274,3000.0,-152.03283919121714,-0.04778965178964889,False,False,,,False,False,,,False,False,False,,,33,323,,B_ETF_trend_following,A_ETF_sector_momentum,0,4451,deterministic_stratified_sample
current_core_only_AB,standard,180,2012-02-21,2012-11-06,3045.5624046020043,0.015187468200668075,3169.3912166297528,2981.261054883571,-151.4638536089319,-0.04778957321967803,False,False,,,False,False,,,False,False,False,,,35,290,,B_ETF_trend_following,A_ETF_sector_momentum,0,4451,deterministic_stratified_sample
current_core_only_AB,standard,180,2012-04-04,2012-12-20,2927.2502708224556,-0.024249909725848173,3061.491057272321,2866.12385318065,-195.36720409167128,-0.06381439646135578,False,False,,,False,False,,,False,False,False,,,38,261,,B_ETF_trend_following,A_ETF_sector_momentum,0,4451,deterministic_stratified_sample
current_core_only_AB,standard,180,2012-04-19,2013-01-07,3026.4667355112324,0.008822245170410747,3126.785765641514,2909.193581830734,-217.59218381078017,-0.06958973211461372,False,False,,,False,False,,,False,False,False,,,39,272,,B_ETF_trend_following,A_ETF_sector_momentum,0,4451,deterministic_stratified_sample
current_core_only_AB,standard,180,2012-05-22,2013-02-08,3056.544462931519,0.01884815431050635,3063.2766318848226,2849.895582993589,-210.78998995062238,-0.06887018771675202,False,False,,,False,False,,,False,False,False,,,39,319,,A_ETF_sector_momentum,B_ETF_trend_following,0,4451,deterministic_stratified_sample
current_core_only_AB,standard,180,2012-05-24,2013-02-12,3078.3206385392555,0.026106879513085213,3078.3206385392555,2849.895582993589,-210.78998995062238,-0.06887018771675202,False,False,,,False,False,,,False,False,False,,,39,328,,A_ETF_sector_momentum,B_ETF_trend_following,0,4451,deterministic_stratified_sample
current_core_only_AB,standard,180,2012-06-18,2013-03-07,3089.4027523343148,0.029800917444771535,3124.1334391432447,2886.3537260114667,-208.8453560294297,-0.0674739654845472,False,False,,,False,False,,,False,False,False,,,37,357,,A_ETF_sector_momentum,B_ETF_trend_following,0,4451,deterministic_stratified_sample
current_core_only_AB,standard,180,2012-06-19,2013-03-08,3082.1865250999144,0.027395508366638177,3111.0197693408136,2874.2381456647095,-207.96874247860796,-0.06747397239251696,False,False,,,False,False,,,False,False,False,,,36,356,,A_ETF_sector_momentum,B_ETF_trend_following,0,4451,deterministic_stratified_sample
current_core_only_AB,standard,180,2012-06-21,2013-03-12,3154.312764377348,0.051437588125782696,3171.889736559357,2930.4752623262884,-212.0378191974737,-0.06747396548454765,False,False,,,False,False,,,False,False,False,,,35,363,,A_ETF_sector_momentum,B_ETF_trend_following,0,4451,deterministic_stratified_sample
current_core_only_AB,standard,180,2012-08-16,2013-05-07,3270.0656936134005,0.09002189787113357,3312.320164363644,2864.627890049129,-225.79992076331246,-0.07306429225536637,True,True,2013-04-29,174,False,False,,,False,False,False,,,32,366,,A_ETF_sector_momentum,B_ETF_trend_following,0,4451,deterministic_stratified_sample
current_core_only_AB,standard,180,2012-09-07,2013-05-29,3257.278103614245,0.08575936787141503,3361.035038952976,2856.5394287321287,-206.61572673333512,-0.06745192987194237,True,True,2013-04-29,159,False,False,,,False,False,False,,,35,377,,A_ETF_sector_momentum,B_ETF_trend_following,0,4451,deterministic_stratified_sample
current_core_only_AB,standard,180,2012-10-16,2013-07-08,3156.4953238996286,0.052165107966542834,3368.829581223647,2863.1640003498137,-328.9042321997149,-0.09763160298546425,True,True,2013-04-29,132,False,False,,,False,False,False,,,37,338,,B_ETF_trend_following,A_ETF_sector_momentum,0,4451,deterministic_stratified_sample
current_core_only_AB,standard,180,2012-11-06,2013-07-25,3329.419492284998,0.1098064974283326,3469.4499972363183,2948.681164659164,-338.65156392267363,-0.09760958197767233,True,True,2013-04-02,100,True,True,2013-04-29,119,False,False,False,,,33,380,,A_ETF_sector_momentum,B_ETF_trend_following,0,4451,deterministic_stratified_sample
current_core_only_AB,standard,180,2012-11-26,2013-08-13,3363.5402875278614,0.12118009584262057,3488.637460966224,2943.2313823110717,-340.484648601549,-0.09759817476340671,True,True,2013-04-02,87,True,True,2013-04-22,101,False,False,False,,,28,397,,A_ETF_sector_momentum,B_ETF_trend_following,0,4451,deterministic_stratified_sample
current_core_only_AB,standard,180,2012-12-20,2013-09-09,3408.0957001889037,0.13603190006296795,3578.8853597299194,2973.136664203509,-349.1065302036777,-0.09754616175524078,True,True,2013-02-19,40,True,True,2013-04-02,69,False,False,False,,,28,359,,B_ETF_trend_following,A_ETF_sector_momentum,0,4451,deterministic_stratified_sample
current_core_only_AB,standard,180,2013-02-13,2013-10-29,3119.280218059949,0.03976007268664983,3287.122499481477,2928.7198660602553,-320.92703883396143,-0.09763160298546392,False,False,,,False,False,,,False,False,False,,,36,334,,A_ETF_sector_momentum,B_ETF_trend_following,0,4451,deterministic_stratified_sample
current_core_only_AB,standard,180,2013-02-22,2013-11-06,3087.3983576812366,0.029132785893745572,3299.6918741639874,2945.5558271848454,-290.65349462607537,-0.08808504118273641,False,False,,,False,False,,,False,False,False,,,25,349,A_ETF_sector_momentum,B_ETF_trend_following,A_ETF_sector_momentum,0,4451,deterministic_stratified_sample
current_core_only_AB,standard,180,2013-04-15,2013-12-27,2946.539964800384,-0.017820011733205354,3087.6893956678596,2821.40266682515,-266.28672884270964,-0.08624142351116004,False,False,,,False,False,,,False,False,False,,,25,365,A_ETF_sector_momentum,B_ETF_trend_following,A_ETF_sector_momentum,0,4451,deterministic_stratified_sample
current_core_only_AB,standard,180,2013-04-24,2014-01-08,2928.867993869373,-0.023710668710208993,3088.1731150500427,2815.258286942404,-272.91482810763864,-0.08837419987163386,False,False,,,False,False,,,False,False,False,,,23,372,A_ETF_sector_momentum,B_ETF_trend_following,A_ETF_sector_momentum,0,4451,deterministic_stratified_sample
current_core_only_AB,standard,180,2013-05-01,2014-01-15,2915.8252293783303,-0.028058256873889853,3033.635223284623,2803.7401453179973,-229.89507796662565,-0.07578204399858934,False,False,,,False,False,,,False,False,False,,,24,369,A_ETF_sector_momentum,B_ETF_trend_following,A_ETF_sector_momentum,0,4451,deterministic_stratified_sample
current_core_only_AB,standard,180,2013-06-21,2014-03-10,3174.0703222761713,0.05802344075872368,3267.876011268678,2992.704504295277,-210.02263883171372,-0.06426885172738772,False,False,,,False,False,,,False,False,False,,,31,346,,A_ETF_sector_momentum,B_ETF_trend_following,0,4451,deterministic_stratified_sample
current_core_only_AB,standard,180,2013-07-02,2014-03-19,3023.9590191138227,0.007986339704607603,3151.491822831961,2937.564368628749,-213.92745420321216,-0.06788132929723889,False,False,,,False,False,,,False,False,False,,,30,357,,B_ETF_trend_following,A_ETF_sector_momentum,0,4451,deterministic_stratified_sample
current_core_only_AB,standard,180,2013-07-18,2014-04-03,2879.976618249035,-0.04000779391698839,3028.54879997618,2836.7330022132264,-191.81579776295348,-0.06333587814878938,False,False,,,False,False,,,False,False,False,,,28,373,B_ETF_trend_following,A_ETF_sector_momentum,B_ETF_trend_following,0,4451,deterministic_stratified_sample
current_core_only_AB,standard,180,2013-07-30,2014-04-15,2986.210513702785,-0.004596495432404923,3119.3028141544246,2917.423541801646,-201.87927235277857,-0.06471935697833286,False,False,,,False,False,,,False,False,False,,,34,333,,B_ETF_trend_following,A_ETF_sector_momentum,0,4451,deterministic_stratified_sample
current_core_only_AB,standard,180,2013-08-21,2014-05-08,2932.074457733067,-0.022641847422311012,3055.5786222228494,2845.1108655711596,-210.4677566516898,-0.06887983674220766,False,False,,,False,False,,,False,False,False,,,33,341,A_ETF_sector_momentum,B_ETF_trend_following,A_ETF_sector_momentum,0,4451,deterministic_stratified_sample
current_core_only_AB,standard,180,2013-10-03,2014-06-20,2958.082215132633,-0.013972594955789064,3109.6716380040143,2857.1694904800725,-252.50214752394186,-0.0811989743347995,False,False,,,False,False,,,False,False,False,,,31,420,A_ETF_sector_momentum,B_ETF_trend_following,A_ETF_sector_momentum,0,4451,deterministic_stratified_sample
current_core_only_AB,standard,180,2013-10-18,2014-07-08,2965.946959468927,-0.01135101351035761,3108.3352588881157,2856.112411703468,-252.2228471846479,-0.08114402925599173,False,False,,,False,False,,,False,False,False,,,29,448,A_ETF_sector_momentum,B_ETF_trend_following,A_ETF_sector_momentum,0,4451,deterministic_stratified_sample
current_core_only_AB,standard,180,2013-11-08,2014-07-29,3051.3592231981274,0.017119741066042415,3140.012606850448,2901.128660851511,-188.40363460260778,-0.0609812802021269,False,False,,,False,False,,,False,False,False,,,36,411,,B_ETF_trend_following,A_ETF_sector_momentum,0,4451,deterministic_stratified_sample
current_core_only_AB,standard,180,2013-12-18,2014-09-05,3059.416755237602,0.019805585079200716,3124.8722620365575,2887.14015386943,-179.2856574932366,-0.058467306408944264,False,False,,,False,False,,,False,False,False,,,35,422,,B_ETF_trend_following,A_ETF_sector_momentum,0,4451,deterministic_stratified_sample
current_core_only_AB,standard,180,2014-01-07,2014-09-23,2986.8534997104553,-0.004382166763181594,3140.0805298155105,2901.1914164150535,-173.7266323426379,-0.05532553407247964,False,False,,,False,False,,,False,False,False,,,37,394,,B_ETF_trend_following,A_ETF_sector_momentum,0,4451,deterministic_stratified_sample
current_core_only_AB,standard,180,2014-02-19,2014-11-03,3108.6445207419115,0.036214840247303925,3235.839904793252,2986.5432577416163,-216.48429510039978,-0.06690204134627342,False,False,,,False,False,,,False,False,False,,,41,388,,B_ETF_trend_following,A_ETF_sector_momentum,0,4451,deterministic_stratified_sample
current_core_only_AB,standard,180,2014-02-27,2014-11-11,3099.1729009384107,0.03305763364613701,3199.7537834947566,2965.795277081739,-214.02265835979915,-0.06688722721847817,False,False,,,False,False,,,False,False,False,,,42,395,,B_ETF_trend_following,A_ETF_sector_momentum,0,4451,deterministic_stratified_sample
current_core_only_AB,standard,180,2014-03-10,2014-11-20,2976.0246469806107,-0.007991784339796415,3072.454099878307,2847.2149468412017,-152.7850531587983,-0.05092835105293281,False,False,,,False,False,,,False,False,False,,,31,456,B_ETF_trend_following,A_ETF_sector_momentum,B_ETF_trend_following,0,4451,deterministic_stratified_sample
current_core_only_AB,standard,180,2014-03-19,2014-12-02,3109.1266000673995,0.036375533355799794,3174.824186447748,2936.8199126265,-217.23054995894972,-0.06842285972440099,False,False,,,False,False,,,False,False,False,,,39,422,,A_ETF_sector_momentum,B_ETF_trend_following,0,4451,deterministic_stratified_sample
current_core_only_AB,standard,180,2014-04-21,2015-01-05,3102.7071277343784,0.03423570924479291,3232.908046480772,2996.5944956373114,-221.2046929740818,-0.06842282236108677,False,False,,,False,False,,,False,False,False,,,41,419,,B_ETF_trend_following,A_ETF_sector_momentum,0,4451,deterministic_stratified_sample
current_core_only_AB,standard,180,2014-05-23,2015-02-09,3065.992275127196,0.021997425042398655,3209.733973089146,2990.278716954814,-219.45525613433165,-0.06837178967923041,False,False,,,False,False,,,False,False,False,,,47,388,,A_ETF_sector_momentum,B_ETF_trend_following,0,4451,deterministic_stratified_sample
current_core_only_AB,standard,180,2014-06-03,2015-02-18,3134.2625875028507,0.04475419583428364,3219.614965371976,2999.3195721563175,-220.29539321565835,-0.06842290012470686,False,False,,,False,False,,,False,False,False,,,46,379,,B_ETF_trend_following,A_ETF_sector_momentum,0,4451,deterministic_stratified_sample
current_core_only_AB,standard,180,2014-06-19,2015-03-06,2762.843354440789,-0.07905221518640371,3062.588018976742,2762.843354440789,-299.74466453595323,-0.09787299587102238,False,False,,,False,False,,,False,False,False,,,33,439,"A_ETF_sector_momentum,B_ETF_trend_following",B_ETF_trend_following,A_ETF_sector_momentum,0,4451,deterministic_stratified_sample
current_core_only_AB,standard,180,2014-08-08,2015-04-27,3115.5166908231977,0.038505563607732496,3200.483675620837,2994.7030875458613,-116.82727261137916,-0.036653217809130334,False,False,,,False,False,,,False,False,False,,,42,352,,A_ETF_sector_momentum,B_ETF_trend_following,0,4451,deterministic_stratified_sample
current_core_only_AB,standard,180,2014-08-11,2015-04-28,2945.7600709187113,-0.018079976360429573,3041.053357055429,2861.000183563181,-177.7099101954309,-0.058482021881731905,False,False,,,False,False,,,False,False,False,,,46,348,,B_ETF_trend_following,A_ETF_sector_momentum,0,4451,deterministic_stratified_sample
current_core_only_AB,standard,180,2014-08-18,2015-05-05,2997.3719104686743,-0.0008760298437752168,3149.852125174879,2946.885781264125,-152.4802147062046,-0.0484086898834144,False,False,,,False,False,,,False,False,False,,,45,345,,B_ETF_trend_following,A_ETF_sector_momentum,0,4451,deterministic_stratified_sample
current_core_only_AB,standard,180,2014-10-06,2015-06-23,2867.1823101088125,-0.04427256329706253,3085.9074803831195,2862.623882519557,-223.2835978635626,-0.0723558950755846,False,False,,,False,False,,,False,False,False,,,47,316,B_ETF_trend_following,A_ETF_sector_momentum,B_ETF_trend_following,0,4451,deterministic_stratified_sample
current_core_only_AB,standard,180,2014-10-15,2015-07-02,2848.899246180702,-0.050366917939766,3103.8899877146473,2848.8158146579963,-255.07417305665103,-0.08217887040656968,False,False,,,False,False,,,False,False,False,,,45,308,B_ETF_trend_following,A_ETF_sector_momentum,B_ETF_trend_following,0,4451,deterministic_stratified_sample
current_core_only_AB,standard,180,2014-10-23,2015-07-13,2861.6627518661116,-0.046112416044629456,3107.7661220171867,2853.855576065843,-253.91054595134392,-0.08170194795306407,False,False,,,False,False,,,False,False,False,,,49,299,,A_ETF_sector_momentum,B_ETF_trend_following,0,4451,deterministic_stratified_sample
current_core_only_AB,standard,180,2014-10-27,2015-07-15,2961.77418535556,-0.012741938214813398,3220.387220299766,2957.2753112381215,-263.1119090616444,-0.08170194795306418,False,False,,,False,False,,,False,False,False,,,44,296,,B_ETF_trend_following,A_ETF_sector_momentum,0,4451,deterministic_stratified_sample
current_core_only_AB,standard,180,2014-12-08,2015-08-25,2780.259305699129,-0.07324689810029028,3020.3820527705084,2780.259305699129,-240.1227470713793,-0.07950078595226773,False,False,,,False,False,,,False,False,False,,,38,236,B_ETF_trend_following,B_ETF_trend_following,A_ETF_sector_momentum,0,4451,deterministic_stratified_sample
current_core_only_AB,standard,180,2014-12-22,2015-09-09,2800.1274374312643,-0.06662418752291188,3124.724500755211,2800.1274374312643,-324.5970633239467,-0.10388021831860539,False,False,,,False,False,,,False,False,False,,,39,197,,B_ETF_trend_following,A_ETF_sector_momentum,0,4451,deterministic_stratified_sample
current_core_only_AB,standard,180,2015-01-13,2015-09-29,2755.5018127940284,-0.08149939573532383,3007.824149063995,2755.5018127940284,-252.3223362699664,-0.08388865963074554,False,False,,,False,False,,,False,False,False,,,28,216,"A_ETF_sector_momentum,B_ETF_trend_following",B_ETF_trend_following,A_ETF_sector_momentum,0,4451,deterministic_stratified_sample
current_core_only_AB,standard,180,2015-02-17,2015-10-30,2762.580108683907,-0.07913996377203103,3080.846325860394,2762.580108683907,-318.26621717648686,-0.10330480118563012,False,False,,,False,False,,,False,False,False,,,27,170,"A_ETF_sector_momentum,B_ETF_trend_following",B_ETF_trend_following,A_ETF_sector_momentum,0,4451,deterministic_stratified_sample
current_core_only_AB,standard,180,2015-02-24,2015-11-06,2787.0600716762583,-0.07097997610791384,3064.8494432146613,2774.5474704325443,-290.301972782117,-0.09471981516900385,False,False,,,False,False,,,False,False,False,,,29,159,B_ETF_trend_following,B_ETF_trend_following,A_ETF_sector_momentum,0,4451,deterministic_stratified_sample
current_core_only_AB,standard,180,2015-03-25,2015-12-08,2766.8570736537076,-0.07771430878209751,3000.0,2766.8570736537076,-233.14292634629237,-0.07771430878209751,False,False,,,False,False,,,False,False,False,,,21,140,"A_ETF_sector_momentum,B_ETF_trend_following",B_ETF_trend_following,A_ETF_sector_momentum,0,4451,deterministic_stratified_sample
current_core_only_AB,standard,180,2015-04-01,2015-12-15,2746.6138536669114,-0.08446204877769625,3012.6279728365175,2746.6138536669114,-266.01411916960615,-0.08829969102329704,False,False,,,False,False,,,False,False,False,,,22,142,"A_ETF_sector_momentum,B_ETF_trend_following",B_ETF_trend_following,A_ETF_sector_momentum,0,4451,deterministic_stratified_sample
current_core_only_AB,standard,180,2015-04-24,2016-01-08,2755.1651948648355,-0.08161160171172155,3000.0,2755.1651948648355,-244.83480513516452,-0.08161160171172155,False,False,,,False,False,,,False,False,False,,,26,106,"A_ETF_sector_momentum,B_ETF_trend_following",B_ETF_trend_following,A_ETF_sector_momentum,0,4451,deterministic_stratified_sample
current_core_only_AB,standard,180,2015-06-18,2016-03-04,2757.8443669352046,-0.08071854435493186,3010.028904684972,2757.8443669352046,-252.18453774976751,-0.083781433911566,False,False,,,False,False,,,False,False,False,,,21,66,"A_ETF_sector_momentum,B_ETF_trend_following",B_ETF_trend_following,A_ETF_sector_momentum,0,4451,deterministic_stratified_sample
current_core_only_AB,standard,180,2015-06-23,2016-03-09,2765.4215331774512,-0.0781928222741829,3020.67699444173,2765.4215331774512,-255.2554612642789,-0.08450273290853938,False,False,,,False,False,,,False,False,False,,,21,62,"A_ETF_sector_momentum,B_ETF_trend_following",B_ETF_trend_following,A_ETF_sector_momentum,0,4451,deterministic_stratified_sample
current_core_only_AB,standard,180,2015-07-30,2016-04-15,2761.739197777866,-0.07942026740737795,3002.3683416385306,2761.739197777866,-240.6291438606645,-0.08014644323399112,False,False,,,False,False,,,False,False,False,,,15,82,"A_ETF_sector_momentum,B_ETF_trend_following",B_ETF_trend_following,A_ETF_sector_momentum,0,4451,deterministic_stratified_sample
current_core_only_AB,standard,180,2015-09-02,2016-05-19,2739.605440300458,-0.08679818656651395,3017.9747705201376,2739.605440300458,-278.36933021967934,-0.09223712966020037,False,False,,,False,False,,,False,False,False,,,14,108,"A_ETF_sector_momentum,B_ETF_trend_following",B_ETF_trend_following,A_ETF_sector_momentum,0,4451,deterministic_stratified_sample
current_core_only_AB,standard,180,2015-09-21,2016-06-07,2739.605440300458,-0.08679818656651395,3017.9747705201376,2739.605440300458,-278.36933021967934,-0.09223712966020037,False,False,,,False,False,,,False,False,False,,,14,151,"A_ETF_sector_momentum,B_ETF_trend_following",B_ETF_trend_following,A_ETF_sector_momentum,0,4451,deterministic_stratified_sample
current_core_only_AB,standard,180,2015-10-07,2016-06-23,2739.605440300458,-0.08679818656651395,3017.9747705201376,2739.605440300458,-278.36933021967934,-0.09223712966020037,False,False,,,False,False,,,False,False,False,,,14,188,"A_ETF_sector_momentum,B_ETF_trend_following",B_ETF_trend_following,A_ETF_sector_momentum,0,4451,deterministic_stratified_sample
current_core_only_AB,standard,180,2015-10-23,2016-07-12,2746.742766779292,-0.08441907774023594,3010.2165639898517,2746.742766779292,-263.4737972105595,-0.08752652562025032,False,False,,,False,False,,,False,False,False,,,14,230,"A_ETF_sector_momentum,B_ETF_trend_following",B_ETF_trend_following,A_ETF_sector_momentum,0,4451,deterministic_stratified_sample
current_core_only_AB,standard,180,2015-11-13,2016-08-02,2742.0397089446087,-0.08598676368513047,3007.129443624125,2742.0397089446087,-265.08973467951637,-0.0881537491648634,False,False,,,False,False,,,False,False,False,,,14,277,"A_ETF_sector_momentum,B_ETF_trend_following",B_ETF_trend_following,A_ETF_sector_momentum,0,4451,deterministic_stratified_sample
current_core_only_AB,standard,180,2015-11-18,2016-08-05,2742.0397089446087,-0.08598676368513047,3007.129443624125,2742.0397089446087,-265.08973467951637,-0.0881537491648634,False,False,,,False,False,,,False,False,False,,,14,277,"A_ETF_sector_momentum,B_ETF_trend_following",B_ETF_trend_following,A_ETF_sector_momentum,0,4451,deterministic_stratified_sample
current_core_only_AB,standard,180,2015-12-01,2016-08-17,2742.117577363448,-0.08596080754551727,3000.0,2742.117577363448,-257.88242263655184,-0.08596080754551727,False,False,,,False,False,,,False,False,False,,,14,303,"A_ETF_sector_momentum,B_ETF_trend_following",B_ETF_trend_following,A_ETF_sector_momentum,0,4451,deterministic_stratified_sample
current_core_only_AB,standard,180,2016-01-07,2016-09-22,2893.4751755473953,-0.035508274817534935,3108.6658771970224,2812.622631250309,-296.04324594671334,-0.09523160662529784,False,False,,,False,False,,,False,False,False,,,31,273,B_ETF_trend_following,A_ETF_sector_momentum,B_ETF_trend_following,0,4451,deterministic_stratified_sample
current_core_only_AB,standard,180,2016-01-26,2016-10-10,2923.4642263111473,-0.025511924562950927,3108.6658771970224,2812.622631250309,-296.04324594671334,-0.09523160662529784,False,False,,,False,False,,,False,False,False,,,31,286,B_ETF_trend_following,A_ETF_sector_momentum,B_ETF_trend_following,0,4451,deterministic_stratified_sample
current_core_only_AB,standard,180,2016-02-05,2016-10-20,2850.29353334205,-0.049902155552649985,3108.6658771970224,2812.622631250309,-296.04324594671334,-0.09523160662529784,False,False,,,False,False,,,False,False,False,,,32,289,B_ETF_trend_following,A_ETF_sector_momentum,B_ETF_trend_following,0,4451,deterministic_stratified_sample
current_core_only_AB,standard,180,2016-02-11,2016-10-26,2854.1672059626308,-0.048610931345789754,3108.6658771970224,2812.622631250309,-296.04324594671334,-0.09523160662529784,False,False,,,False,False,,,False,False,False,,,33,291,B_ETF_trend_following,A_ETF_sector_momentum,B_ETF_trend_following,0,4451,deterministic_stratified_sample
current_core_only_AB,standard,180,2016-03-01,2016-11-11,2800.375270014337,-0.06654157666188776,3108.6658771970224,2800.375270014337,-308.29060718268556,-0.09917135496744367,False,False,,,False,False,,,False,False,False,,,34,313,B_ETF_trend_following,A_ETF_sector_momentum,B_ETF_trend_following,0,4451,deterministic_stratified_sample
current_core_only_AB,standard,180,2016-03-16,2016-11-29,2764.0172334341,-0.0786609221886333,3076.078983441252,2764.0172334341,-312.0617500071521,-0.10144789899316708,False,False,,,False,False,,,False,False,False,,,31,358,"A_ETF_sector_momentum,B_ETF_trend_following",B_ETF_trend_following,A_ETF_sector_momentum,0,4451,deterministic_stratified_sample
current_core_only_AB,standard,180,2016-04-25,2017-01-09,2820.557834690574,-0.05981405510314197,3012.856568779149,2788.1288898151406,-224.7276789640082,-0.0745895710047263,False,False,,,False,False,,,False,False,False,,,31,384,B_ETF_trend_following,A_ETF_sector_momentum,B_ETF_trend_following,0,4451,deterministic_stratified_sample
current_core_only_AB,standard,180,2016-05-16,2017-01-31,2892.9383183057867,-0.035687227231404495,3066.8711455621715,2890.9876424211407,-175.88350314103081,-0.05734949229788744,False,False,,,False,False,,,False,False,False,,,34,381,B_ETF_trend_following,A_ETF_sector_momentum,B_ETF_trend_following,0,4451,deterministic_stratified_sample
current_core_only_AB,standard,180,2016-07-12,2017-03-28,3221.774131124147,0.0739247103747156,3261.7543052877813,2917.759685448567,-149.14679779483913,-0.04863102237049921,False,False,,,False,False,,,False,False,False,,,32,348,,B_ETF_trend_following,A_ETF_sector_momentum,0,4451,deterministic_stratified_sample
current_core_only_AB,standard,180,2016-07-15,2017-03-31,3179.3941474008197,0.059798049133606535,3219.1989240008033,2879.692325280836,-147.20091277290385,-0.0486310223704991,False,False,,,False,False,,,False,False,False,,,32,343,,B_ETF_trend_following,A_ETF_sector_momentum,0,4451,deterministic_stratified_sample
current_core_only_AB,standard,180,2016-08-10,2017-04-27,3107.3626802016993,0.03578756006723305,3176.330670658752,2841.34508950521,-174.32237235095818,-0.057805568603264135,False,False,,,False,False,,,False,False,False,,,34,321,,B_ETF_trend_following,A_ETF_sector_momentum,0,4451,deterministic_stratified_sample
current_core_only_AB,standard,180,2016-09-14,2017-06-01,3235.3440284711232,0.07844800949037434,3235.3440284711232,2885.0852917918955,-147.30652018188994,-0.0485776671735596,False,False,,,False,False,,,False,False,False,,,35,345,,B_ETF_trend_following,A_ETF_sector_momentum,0,4451,deterministic_stratified_sample
current_core_only_AB,standard,180,2016-09-26,2017-06-13,3163.5488328445035,0.05451627761483446,3183.766157324952,2837.263317352097,-162.73668264790285,-0.054245560882634325,False,False,,,False,False,,,False,False,False,,,35,364,,B_ETF_trend_following,A_ETF_sector_momentum,0,4451,deterministic_stratified_sample
current_core_only_AB,standard,180,2016-11-11,2017-08-01,3232.452338443562,0.07748411281452072,3241.260231857335,3000.0,-105.74395990498806,-0.03321344158275319,False,False,,,False,False,,,False,False,False,,,32,403,,A_ETF_sector_momentum,B_ETF_trend_following,0,4451,deterministic_stratified_sample
current_core_only_AB,standard,180,2016-12-12,2017-08-29,3088.7849574545344,0.0295949858181781,3158.1229079832638,2916.386220643075,-87.49985662424842,-0.029128886506857188,False,False,,,False,False,,,False,False,False,,,28,374,,A_ETF_sector_momentum,B_ETF_trend_following,0,4451,deterministic_stratified_sample
current_core_only_AB,standard,180,2017-01-12,2017-09-28,3047.7479827738425,0.01591599425794743,3171.1188044377577,2978.3773193575103,-131.63587801654103,-0.041510862927092496,False,False,,,False,False,,,False,False,False,,,31,426,,A_ETF_sector_momentum,B_ETF_trend_following,0,4451,deterministic_stratified_sample
current_core_only_AB,standard,180,2017-01-26,2017-10-11,2964.754681741403,-0.011748439419532297,3083.855415394432,2927.569045788375,-148.33445806704594,-0.048100328350858756,False,False,,,False,False,,,False,False,False,,,35,441,B_ETF_trend_following,A_ETF_sector_momentum,B_ETF_trend_following,0,4451,deterministic_stratified_sample
current_core_only_AB,standard,180,2017-01-31,2017-10-16,3077.7952937176633,0.025931764572554528,3156.61925102488,2996.6452909914233,-129.34221756054285,-0.04097491882131443,False,False,,,False,False,,,False,False,False,,,31,438,,A_ETF_sector_momentum,B_ETF_trend_following,0,4451,deterministic_stratified_sample
current_core_only_AB,standard,180,2017-03-01,2017-11-13,2957.3855421007897,-0.014204819299736715,3024.0824604643913,2906.096064308059,-117.98639615633238,-0.03901560149196914,False,False,,,False,False,,,False,False,False,,,30,446,B_ETF_trend_following,A_ETF_sector_momentum,B_ETF_trend_following,0,4451,deterministic_stratified_sample
current_core_only_AB,standard,180,2017-03-15,2017-11-28,2949.444698669775,-0.016851767110075078,3003.0538383275316,2895.3719656547264,-107.68187267280518,-0.03585745659917161,False,False,,,False,False,,,False,False,False,,,32,460,B_ETF_trend_following,A_ETF_sector_momentum,B_ETF_trend_following,0,4451,deterministic_stratified_sample
current_core_only_AB,standard,180,2017-05-02,2018-01-17,3122.1630171669613,0.0407210057223204,3122.1630171669613,2975.30567899754,-125.22896271973559,-0.04038947381357938,False,False,,,False,False,,,False,False,False,,,26,502,,A_ETF_sector_momentum,B_ETF_trend_following,0,4451,deterministic_stratified_sample
current_core_only_AB,standard,180,2017-05-12,2018-01-29,3141.193795706293,0.047064598568764326,3148.382189005583,2942.2738043633144,-119.68999734782756,-0.03908929206835832,False,False,,,False,False,,,False,False,False,,,25,533,,A_ETF_sector_momentum,B_ETF_trend_following,0,4451,deterministic_stratified_sample
current_core_only_AB,standard,180,2017-05-17,2018-02-01,3165.294122806207,0.05509804093540227,3186.9658398960073,2977.707190254768,-106.69884154206147,-0.0345929947102015,False,False,,,False,False,,,False,False,False,,,23,532,,A_ETF_sector_momentum,B_ETF_trend_following,0,4451,deterministic_stratified_sample
current_core_only_AB,standard,180,2017-07-13,2018-03-29,2999.1314326358215,-0.00028952245472613214,3167.4933622077006,2954.846114545454,-168.36192957187905,-0.053153048900008715,False,False,,,False,False,,,False,False,False,,,30,451,,B_ETF_trend_following,A_ETF_sector_momentum,0,4451,deterministic_stratified_sample
current_core_only_AB,standard,180,2017-08-03,2018-04-20,3054.809529127932,0.018269843042644007,3207.3065426069243,2992.4532569485605,-205.0969551567996,-0.0639467891304506,False,False,,,False,False,,,False,False,False,,,32,403,,B_ETF_trend_following,A_ETF_sector_momentum,0,4451,deterministic_stratified_sample
current_core_only_AB,standard,180,2017-08-09,2018-04-26,3004.9438676778645,0.0016479558926214555,3141.1812142010053,2929.6650447485,-200.6184028261173,-0.06386718535025582,False,False,,,False,False,,,False,False,False,,,35,394,,B_ETF_trend_following,A_ETF_sector_momentum,0,4451,deterministic_stratified_sample
current_core_only_AB,standard,180,2017-08-16,2018-05-03,2981.497928062888,-0.006167357312370614,3148.251386862393,2936.3481601574827,-201.12564798473613,-0.06388487552932731,False,False,,,False,False,,,False,False,False,,,34,392,,B_ETF_trend_following,A_ETF_sector_momentum,0,4451,deterministic_stratified_sample
current_core_only_AB,standard,180,2017-09-11,2018-05-29,2983.7203245601013,-0.005426558479966204,3151.4103386602974,2939.4448546431636,-201.25368301441858,-0.06386146562556938,False,False,,,False,False,,,False,False,False,,,34,393,,B_ETF_trend_following,A_ETF_sector_momentum,0,4451,deterministic_stratified_sample
current_core_only_AB,standard,180,2017-09-20,2018-06-07,3283.532898970358,0.09451096632345268,3423.3601553727076,2986.3776101889785,-255.41163961324128,-0.07460846303664304,True,True,2018-01-12,80,True,True,2018-01-26,89,False,False,False,,,40,368,,B_ETF_trend_following,A_ETF_sector_momentum,0,4451,deterministic_stratified_sample
current_core_only_AB,standard,180,2017-10-18,2018-07-06,3219.4111224832204,0.07313704082774009,3350.952552612718,3000.0,-253.8530994284638,-0.07575550397767827,True,True,2018-01-23,66,False,False,,,False,False,False,,,42,310,,B_ETF_trend_following,A_ETF_sector_momentum,0,4451,deterministic_stratified_sample
current_core_only_AB,standard,180,2017-11-08,2018-07-27,3081.768570943518,0.0272561903145061,3207.075964161257,2933.6984296413193,-238.74003583351669,-0.07444165292665716,False,False,,,False,False,,,False,False,False,,,42,307,,B_ETF_trend_following,A_ETF_sector_momentum,0,4451,deterministic_stratified_sample
current_core_only_AB,standard,180,2018-01-05,2018-09-21,3004.781079591685,0.0015936931972282409,3137.9921103564307,2841.9101143537137,-296.081996002717,-0.09435396444291455,False,False,,,False,False,,,False,False,False,,,32,297,A_ETF_sector_momentum,B_ETF_trend_following,A_ETF_sector_momentum,0,4451,deterministic_stratified_sample
current_core_only_AB,standard,180,2018-01-10,2018-09-26,2968.6342927289816,-0.010455235757006132,3065.788336871344,2782.7817429612483,-283.00659391009594,-0.09231119790836761,False,False,,,False,False,,,False,False,False,,,27,298,A_ETF_sector_momentum,B_ETF_trend_following,A_ETF_sector_momentum,0,4451,deterministic_stratified_sample
current_core_only_AB,standard,180,2018-02-21,2018-11-05,2912.603125696518,-0.02913229143449403,3002.4955391325443,2797.239266440117,-205.2562726924275,-0.06836189097277678,False,False,,,False,False,,,False,False,False,,,24,260,A_ETF_sector_momentum,B_ETF_trend_following,A_ETF_sector_momentum,0,4451,deterministic_stratified_sample
current_core_only_AB,standard,180,2018-03-12,2018-11-23,2924.4718712025096,-0.025176042932496756,3101.555549071426,2855.471275874771,-177.0836778689163,-0.05709511729426653,False,False,,,False,False,,,False,False,False,,,67,233,,B_ETF_trend_following,A_ETF_sector_momentum,0,4451,deterministic_stratified_sample
current_core_only_AB,standard,180,2018-03-21,2018-12-04,2968.570816750678,-0.010476394416440549,3166.979737321721,2917.9488074260516,-198.40892057104293,-0.06264925481930461,False,False,,,False,False,,,False,False,False,,,68,236,,B_ETF_trend_following,A_ETF_sector_momentum,0,4451,deterministic_stratified_sample
current_core_only_AB,standard,180,2018-03-23,2018-12-07,2976.836981931201,-0.007721006022933019,3169.4511964731587,2920.293785164733,-198.56375564519612,-0.06264925481930439,False,False,,,False,False,,,False,False,False,,,66,236,,B_ETF_trend_following,A_ETF_sector_momentum,0,4451,deterministic_stratified_sample
current_core_only_AB,standard,180,2018-04-26,2019-01-11,3018.9988268868333,0.006332942295611099,3246.679282311821,2977.693329463714,-230.8846331932382,-0.07111408707694566,False,False,,,False,False,,,False,False,False,,,52,218,,B_ETF_trend_following,A_ETF_sector_momentum,0,4451,deterministic_stratified_sample
current_core_only_AB,standard,180,2018-05-10,2019-01-28,2951.5359222017796,-0.016154692599406828,3174.128603253953,2948.403345368729,-225.72525788522398,-0.07111408707694522,False,False,,,False,False,,,False,False,False,,,48,208,,B_ETF_trend_following,A_ETF_sector_momentum,0,4451,deterministic_stratified_sample
current_core_only_AB,standard,180,2018-06-11,2019-02-27,2879.9515665805443,-0.04001614447315194,3079.6340305613917,2859.5261811675173,-220.1078493938744,-0.07147207986714921,False,False,,,False,False,,,False,False,False,,,53,171,,A_ETF_sector_momentum,B_ETF_trend_following,0,4451,deterministic_stratified_sample
current_core_only_AB,standard,180,2018-07-10,2019-03-27,2861.1318404226413,-0.04628938652578629,3086.6317451953455,2859.074757382072,-227.55698781327328,-0.07372340032706803,False,False,,,False,False,,,False,False,False,,,52,212,B_ETF_trend_following,A_ETF_sector_momentum,B_ETF_trend_following,0,4451,deterministic_stratified_sample
current_core_only_AB,standard,180,2018-08-27,2019-05-15,2831.3028647740202,-0.05623237840865991,3075.2648680390867,2829.313257997812,-245.95161004127476,-0.07997737450111198,False,False,,,False,False,,,False,False,False,,,38,282,B_ETF_trend_following,A_ETF_sector_momentum,B_ETF_trend_following,0,4451,deterministic_stratified_sample
current_core_only_AB,standard,180,2018-09-07,2019-05-28,2843.118762238926,-0.05229374592035796,3080.817281079104,2840.623958442894,-240.1933226362098,-0.0779641571447166,False,False,,,False,False,,,False,False,False,,,43,264,B_ETF_trend_following,A_ETF_sector_momentum,B_ETF_trend_following,0,4451,deterministic_stratified_sample
current_core_only_AB,standard,180,2018-10-25,2019-07-16,2959.255991595583,-0.01358133613480561,3006.5724442201154,2880.690522335116,-125.88192188499943,-0.04186891359527922,False,False,,,False,False,,,False,False,False,,,48,299,,B_ETF_trend_following,A_ETF_sector_momentum,0,4451,deterministic_stratified_sample
current_core_only_AB,standard,180,2018-11-09,2019-07-31,2881.8092329321125,-0.03939692235596248,3001.052728560297,2881.8092329321125,-119.24349562818452,-0.03973388887618434,False,False,,,False,False,,,False,False,False,,,49,322,,B_ETF_trend_following,A_ETF_sector_momentum,0,4451,deterministic_stratified_sample
current_core_only_AB,standard,180,2018-11-16,2019-08-07,2929.457320463498,-0.02351422651216728,3039.98710039727,2918.0294956762896,-121.95760472098027,-0.0401178033633901,False,False,,,False,False,,,False,False,False,,,52,329,,B_ETF_trend_following,A_ETF_sector_momentum,0,4451,deterministic_stratified_sample
current_core_only_AB,standard,180,2018-12-04,2019-08-22,2979.131547404999,-0.006956150865000343,3082.5921696186892,2958.9253431084,-123.66682651028941,-0.040117803363390325,False,False,,,False,False,,,False,False,False,,,47,343,,B_ETF_trend_following,A_ETF_sector_momentum,0,4451,deterministic_stratified_sample
current_core_only_AB,standard,180,2018-12-11,2019-08-28,2994.8443904024402,-0.0017185365325199653,3082.5921696186892,2958.9253431084,-123.66682651028941,-0.040117803363390325,False,False,,,False,False,,,False,False,False,,,47,352,,B_ETF_trend_following,A_ETF_sector_momentum,0,4451,deterministic_stratified_sample
current_core_only_AB,standard,180,2018-12-13,2019-08-30,2992.61033229673,-0.002463222567756662,3082.5921696186892,2958.9253431084,-123.66682651028941,-0.040117803363390325,False,False,,,False,False,,,False,False,False,,,47,356,,B_ETF_trend_following,A_ETF_sector_momentum,0,4451,deterministic_stratified_sample
current_core_only_AB,standard,180,2018-12-28,2019-09-16,2999.249063096515,-0.00025031230116168146,3082.5921696186892,2958.9253431084,-123.66682651028941,-0.040117803363390325,False,False,,,False,False,,,False,False,False,,,50,402,,B_ETF_trend_following,A_ETF_sector_momentum,0,4451,deterministic_stratified_sample
current_core_only_AB,standard,180,2019-01-16,2019-10-02,2896.1352290459795,-0.03462159031800682,3082.5921696186892,2896.1352290459795,-186.45694057270975,-0.06048706099054746,False,False,,,False,False,,,False,False,False,,,55,413,,B_ETF_trend_following,A_ETF_sector_momentum,0,4451,deterministic_stratified_sample
current_core_only_AB,standard,180,2019-01-31,2019-10-16,2862.874374434476,-0.04570854185517459,3082.5921696186892,2862.874374434476,-219.71779518421317,-0.07127695883668961,False,False,,,False,False,,,False,False,False,,,63,418,,B_ETF_trend_following,A_ETF_sector_momentum,0,4451,deterministic_stratified_sample
current_core_only_AB,standard,180,2019-02-07,2019-10-23,2887.465805913168,-0.03751139802894399,3145.3614004571255,2887.465805913168,-257.8955945439575,-0.0819923569057841,False,False,,,False,False,,,False,False,False,,,61,425,,B_ETF_trend_following,A_ETF_sector_momentum,0,4451,deterministic_stratified_sample
current_core_only_AB,standard,180,2019-02-12,2019-10-28,3002.647592119858,0.0008825307066193666,3145.3614004571255,2887.465805913168,-257.8955945439575,-0.0819923569057841,False,False,,,False,False,,,False,False,False,,,61,438,,B_ETF_trend_following,A_ETF_sector_momentum,0,4451,deterministic_stratified_sample
current_core_only_AB,standard,180,2019-04-10,2019-12-24,2883.1520810048996,-0.03894930633170013,3065.1952238029967,2789.0255484958516,-276.1696753071451,-0.09009855984458326,False,False,,,False,False,,,False,False,False,,,54,512,B_ETF_trend_following,A_ETF_sector_momentum,B_ETF_trend_following,0,4451,deterministic_stratified_sample
current_core_only_AB,standard,180,2019-04-12,2019-12-27,2862.3003100675637,-0.0458998966441454,3041.586783115381,2769.7496221149468,-271.8371610004342,-0.0893734686478358,False,False,,,False,False,,,False,False,False,,,60,509,B_ETF_trend_following,A_ETF_sector_momentum,B_ETF_trend_following,0,4451,deterministic_stratified_sample
current_core_only_AB,standard,180,2019-04-18,2020-01-03,2854.0330621991893,-0.04865564593360361,3022.89641548667,2778.812270164226,-244.08414532244387,-0.08074512380641652,False,False,,,False,False,,,False,False,False,,,56,511,B_ETF_trend_following,A_ETF_sector_momentum,B_ETF_trend_following,0,4451,deterministic_stratified_sample
current_core_only_AB,standard,180,2019-06-17,2020-03-03,3018.5432933819566,0.006181097793985568,3163.5724840735475,2881.9976443903347,-225.61650916404642,-0.07260119757981986,False,False,,,False,False,,,False,False,False,,,60,533,,B_ETF_trend_following,A_ETF_sector_momentum,0,4451,deterministic_stratified_sample
current_core_only_AB,standard,180,2019-07-05,2020-03-20,2840.4159227617183,-0.053194692412760536,3046.2154405436004,2785.161014810813,-261.0544257327874,-0.08569795237010613,False,False,,,False,False,,,False,False,False,,,47,512,B_ETF_trend_following,A_ETF_sector_momentum,B_ETF_trend_following,0,4451,deterministic_stratified_sample
current_core_only_AB,standard,180,2019-07-23,2020-04-07,2868.57863830726,-0.04380712056424663,3013.2021884903597,2812.775878106041,-200.42631038431864,-0.06651605098054636,False,False,,,False,False,,,False,False,False,,,40,485,B_ETF_trend_following,A_ETF_sector_momentum,B_ETF_trend_following,0,4451,deterministic_stratified_sample
current_core_only_AB,standard,180,2019-08-14,2020-04-30,2869.0259658111136,-0.04365801139629544,3024.922717437766,2813.214503701187,-211.70821373657918,-0.06998797440878246,False,False,,,False,False,,,False,False,False,,,33,454,B_ETF_trend_following,A_ETF_sector_momentum,B_ETF_trend_following,0,4451,deterministic_stratified_sample
current_core_only_AB,standard,180,2019-09-20,2020-06-08,3068.4647906203927,0.02282159687346419,3162.0534785584623,2886.9140361390146,-148.57602854273318,-0.046987196627195194,False,False,,,False,False,,,False,False,False,,,53,342,,B_ETF_trend_following,A_ETF_sector_momentum,0,4451,deterministic_stratified_sample
current_core_only_AB,standard,180,2019-10-14,2020-06-30,3123.384896782293,0.04112829892743086,3243.120162826166,2963.2564401017,-157.989328360969,-0.04871522497744629,False,False,,,False,False,,,False,False,False,,,41,348,,B_ETF_trend_following,A_ETF_sector_momentum,0,4451,deterministic_stratified_sample
current_core_only_AB,standard,180,2019-12-05,2020-08-21,3233.705367329081,0.07790178910969381,3248.096450669608,2983.6114603925826,-180.2725847248198,-0.05607295822153535,False,False,,,False,False,,,False,False,False,,,37,334,,A_ETF_sector_momentum,B_ETF_trend_following,0,4451,deterministic_stratified_sample
current_core_only_AB,standard,180,2019-12-11,2020-08-27,3223.3731324943683,0.07445771083145614,3231.058927807058,2954.010821424825,-166.47169128092855,-0.05334806094990163,False,False,,,False,False,,,False,False,False,,,37,343,,B_ETF_trend_following,A_ETF_sector_momentum,0,4451,deterministic_stratified_sample
current_core_only_AB,standard,180,2019-12-24,2020-09-10,3209.3131373082806,0.06977104576942694,3293.521259182383,2937.2198935217866,-133.05925377048425,-0.04333783587327278,False,False,,,False,False,,,False,False,False,,,33,327,,B_ETF_trend_following,A_ETF_sector_momentum,0,4451,deterministic_stratified_sample
current_core_only_AB,standard,180,2020-01-23,2020-10-07,2990.7293774737554,-0.0030902075087482217,3032.528366995566,2871.4407584116707,-144.38727910264333,-0.047876496042410066,False,False,,,False,False,,,False,False,False,,,27,308,B_ETF_trend_following,A_ETF_sector_momentum,B_ETF_trend_following,0,4451,deterministic_stratified_sample
current_core_only_AB,standard,180,2020-02-12,2020-10-27,3056.5370405598946,0.018845680186631464,3245.1498898426594,2928.8680635715746,-197.3919092973856,-0.060826746374712526,False,False,,,False,False,,,False,False,False,,,34,232,,A_ETF_sector_momentum,B_ETF_trend_following,0,4451,deterministic_stratified_sample
current_core_only_AB,standard,180,2020-02-25,2020-11-06,3376.2463140995433,0.12541543803318111,3487.2085115712252,3000.0,-218.63980108717305,-0.06269765640961367,True,True,2020-08-04,113,True,True,2020-08-26,129,False,False,False,,,27,213,,B_ETF_trend_following,A_ETF_sector_momentum,0,4451,deterministic_stratified_sample
current_core_only_AB,standard,180,2020-02-26,2020-11-09,3246.319540290835,0.0821065134302783,3359.3214732910756,2995.418424691058,-213.54718391185224,-0.06356854668709133,True,True,2020-09-01,132,False,False,,,False,False,False,,,29,214,,A_ETF_sector_momentum,B_ETF_trend_following,0,4451,deterministic_stratified_sample
current_core_only_AB,standard,180,2020-03-11,2020-11-23,3272.1429407098713,0.09071431356995707,3349.688222475597,2986.8980717493505,-213.06171234438625,-0.06360643086565299,True,True,2020-09-01,122,False,False,,,False,False,False,,,25,238,,A_ETF_sector_momentum,B_ETF_trend_following,0,4451,deterministic_stratified_sample
current_core_only_AB,standard,180,2020-03-17,2020-11-30,3339.972902831536,0.11332430094384538,3349.688222475597,2986.8980717493505,-213.06171234438625,-0.06360643086565299,True,True,2020-09-01,118,False,False,,,False,False,False,,,25,254,,A_ETF_sector_momentum,B_ETF_trend_following,0,4451,deterministic_stratified_sample
current_core_only_AB,standard,180,2020-03-27,2020-12-10,3414.4478974722597,0.1381492991574198,3470.829428328989,2986.8980717493505,-213.06171234438625,-0.06360643086565299,True,True,2020-09-01,110,True,True,2020-12-02,174,False,False,False,,,25,282,,A_ETF_sector_momentum,B_ETF_trend_following,0,4451,deterministic_stratified_sample
current_core_only_AB,standard,180,2020-04-15,2020-12-29,3375.509252610206,0.12516975087006865,3470.829428328989,2986.8980717493505,-213.06171234438625,-0.06360643086565299,True,True,2020-09-01,98,True,True,2020-12-02,162,False,False,False,,,27,304,,A_ETF_sector_momentum,B_ETF_trend_following,0,4451,deterministic_stratified_sample
current_core_only_AB,standard,180,2020-05-01,2021-01-15,3320.1622835837625,0.10672076119458751,3470.829428328989,2986.8980717493505,-213.06171234438625,-0.06360643086565299,True,True,2020-09-01,86,True,True,2020-12-02,150,False,False,False,,,31,341,,A_ETF_sector_momentum,B_ETF_trend_following,0,4451,deterministic_stratified_sample
current_core_only_AB,standard,180,2020-05-12,2021-01-27,3250.3297915170983,0.08344326383903278,3470.829428328989,2986.8980717493505,-220.49963681189047,-0.06360643086565299,True,True,2020-09-01,79,True,True,2020-12-02,143,False,False,False,,,33,359,,A_ETF_sector_momentum,B_ETF_trend_following,0,4451,deterministic_stratified_sample
current_core_only_AB,standard,180,2020-05-19,2021-02-03,3261.756719956272,0.08725223998542386,3470.829428328989,2986.8980717493505,-255.6598496717129,-0.07365958337941114,True,True,2020-09-01,74,True,True,2020-12-02,138,False,False,False,,,35,358,,A_ETF_sector_momentum,B_ETF_trend_following,0,4451,deterministic_stratified_sample
current_core_only_AB,standard,180,2020-07-08,2021-03-24,3150.4495484867743,0.050149849495591425,3406.8789126903193,2974.598018831286,-256.429364203545,-0.0752681180561976,True,True,2020-12-02,104,True,True,2021-02-09,150,False,False,False,,,37,402,,A_ETF_sector_momentum,B_ETF_trend_following,0,4451,deterministic_stratified_sample
current_core_only_AB,standard,180,2020-07-15,2021-03-31,3183.8639306852992,0.061287976895099794,3394.9791295068544,3000.0,-255.82173042146997,-0.07535296114136347,True,True,2020-12-02,99,False,False,,,False,False,False,,,41,396,,A_ETF_sector_momentum,B_ETF_trend_following,0,4451,deterministic_stratified_sample
current_core_only_AB,standard,180,2020-07-28,2021-04-14,3222.079369022383,0.07402645634079441,3338.4137559229275,2966.389129551249,-252.93335578847427,-0.07576453198460686,True,True,2020-12-08,94,False,False,,,False,False,False,,,43,404,,A_ETF_sector_momentum,B_ETF_trend_following,0,4451,deterministic_stratified_sample
current_core_only_AB,standard,180,2020-09-03,2021-05-21,3086.1400734040953,0.02871335780136519,3188.913997029874,2905.7653780330065,-208.3765011289347,-0.06534403289741109,False,False,,,False,False,,,False,False,False,,,25,424,B_ETF_trend_following,A_ETF_sector_momentum,B_ETF_trend_following,0,4451,deterministic_stratified_sample
current_core_only_AB,standard,180,2020-10-13,2021-06-30,3153.117377051386,0.05103912568379543,3245.880703676378,2870.697538700737,-207.87636550112666,-0.06404313173484166,False,False,,,False,False,,,False,False,False,,,22,472,B_ETF_trend_following,A_ETF_sector_momentum,B_ETF_trend_following,0,4451,deterministic_stratified_sample
current_core_only_AB,standard,180,2020-11-03,2021-07-22,2743.6956387322025,-0.08543478708926588,3072.1432750716135,2743.6956387322025,-328.447636339411,-0.10691156203701302,False,False,,,False,False,,,False,False,False,,,16,528,"A_ETF_sector_momentum,B_ETF_trend_following",B_ETF_trend_following,A_ETF_sector_momentum,0,4451,deterministic_stratified_sample
current_core_only_AB,standard,180,2020-12-29,2021-09-15,2970.597193655073,-0.009800935448308956,3097.5011582555653,2844.8623749385124,-252.6387833170529,-0.0815621271500453,False,False,,,False,False,,,False,False,False,,,29,444,A_ETF_sector_momentum,B_ETF_trend_following,A_ETF_sector_momentum,0,4451,deterministic_stratified_sample
current_core_only_AB,standard,180,2021-01-04,2021-09-20,3202.900013011322,0.06763333767044055,3349.7956743430173,2979.544997196041,-249.24660319514305,-0.07631057601695168,True,True,2021-05-07,87,False,False,,,False,False,False,,,35,413,,B_ETF_trend_following,A_ETF_sector_momentum,0,4451,deterministic_stratified_sample
current_core_only_AB,standard,180,2021-01-07,2021-09-23,2933.930077413412,-0.022023307528862612,3160.180969527678,2838.539429757956,-321.64153976972193,-0.10177946860359544,False,False,,,False,False,,,False,False,False,,,27,436,A_ETF_sector_momentum,B_ETF_trend_following,A_ETF_sector_momentum,0,4451,deterministic_stratified_sample
current_core_only_AB,standard,180,2021-02-08,2021-10-22,2850.6209799271974,-0.04979300669093423,3008.8282044278567,2758.0436387340233,-250.78456569383343,-0.08334957952227828,False,False,,,False,False,,,False,False,False,,,24,459,B_ETF_trend_following,A_ETF_sector_momentum,B_ETF_trend_following,0,4451,deterministic_stratified_sample
current_core_only_AB,standard,180,2021-02-18,2021-11-02,2999.5964711487163,-0.00013450961709460252,3061.5876391455813,2759.4902549834824,-302.09738416209893,-0.09867343998240319,False,False,,,False,False,,,False,False,False,,,23,433,A_ETF_sector_momentum,B_ETF_trend_following,A_ETF_sector_momentum,0,4451,deterministic_stratified_sample
current_core_only_AB,standard,180,2021-03-05,2021-11-17,3225.63909164234,0.07521303054744677,3296.684707351384,2889.9002166054297,-176.00265295258032,-0.054622429075489976,False,False,,,False,False,,,False,False,False,,,33,432,,B_ETF_trend_following,A_ETF_sector_momentum,0,4451,deterministic_stratified_sample
current_core_only_AB,standard,180,2021-03-18,2021-12-01,3119.8292761070093,0.039943092035669814,3291.5871595643825,2937.676649106833,-175.63642146555867,-0.05459723354621515,False,False,,,False,False,,,False,False,False,,,37,399,,B_ETF_trend_following,A_ETF_sector_momentum,0,4451,deterministic_stratified_sample
current_core_only_AB,standard,180,2021-05-04,2022-01-18,2802.480406624385,-0.06583986445853829,3147.4533427198676,2802.480406624385,-344.9729360954825,-0.10960382840730998,False,False,,,False,False,,,False,False,False,,,44,356,A_ETF_sector_momentum,B_ETF_trend_following,A_ETF_sector_momentum,0,4451,deterministic_stratified_sample
current_core_only_AB,standard,180,2021-05-07,2022-01-21,2755.5225490827493,-0.08149248363908357,3000.0,2755.5225490827493,-244.47745091725074,-0.08149248363908357,False,False,,,False,False,,,False,False,False,,,21,445,"A_ETF_sector_momentum,B_ETF_trend_following",B_ETF_trend_following,A_ETF_sector_momentum,0,4451,deterministic_stratified_sample
current_core_only_AB,standard,180,2021-06-04,2022-02-17,2745.015695429426,-0.08499476819019125,3064.3540261269054,2745.015695429426,-319.33833069747925,-0.10421065189425816,False,False,,,False,False,,,False,False,False,,,30,368,"A_ETF_sector_momentum,B_ETF_trend_following",B_ETF_trend_following,A_ETF_sector_momentum,0,4451,deterministic_stratified_sample
current_core_only_AB,standard,180,2021-06-17,2022-03-03,2810.440043904525,-0.06318665203182505,3254.113743986992,2810.440043904525,-443.67370008246735,-0.13634240686954946,False,False,,,False,False,,,False,False,False,,,39,315,B_ETF_trend_following,A_ETF_sector_momentum,B_ETF_trend_following,0,4451,deterministic_stratified_sample
current_core_only_AB,standard,180,2021-07-02,2022-03-18,2763.3944073717976,-0.07886853087606749,3000.0,2763.3944073717976,-236.60559262820243,-0.07886853087606749,False,False,,,False,False,,,False,False,False,,,27,314,"A_ETF_sector_momentum,B_ETF_trend_following",B_ETF_trend_following,A_ETF_sector_momentum,0,4451,deterministic_stratified_sample
current_core_only_AB,standard,180,2021-07-27,2022-04-11,2752.2667072876484,-0.08257776423745056,3159.505447420222,2752.2667072876484,-407.23874013257364,-0.1288931913268545,False,False,,,False,False,,,False,False,False,,,37,286,"A_ETF_sector_momentum,B_ETF_trend_following",B_ETF_trend_following,A_ETF_sector_momentum,0,4451,deterministic_stratified_sample
current_core_only_AB,standard,180,2021-08-19,2022-05-05,2802.771976963416,-0.06574267434552805,3216.320378901722,2788.1736354728964,-428.14674342882563,-0.13311694513934746,False,False,,,False,False,,,False,False,False,,,36,246,B_ETF_trend_following,A_ETF_sector_momentum,B_ETF_trend_following,0,4451,deterministic_stratified_sample
current_core_only_AB,standard,180,2021-08-25,2022-05-11,2757.8015935563694,-0.08073280214787681,3156.459481698881,2757.8015935563694,-398.65788814251164,-0.12629906718395278,False,False,,,False,False,,,False,False,False,,,32,245,"A_ETF_sector_momentum,B_ETF_trend_following",B_ETF_trend_following,A_ETF_sector_momentum,0,4451,deterministic_stratified_sample
current_core_only_AB,standard,180,2021-09-01,2022-05-18,2767.5049397683206,-0.07749835341055977,3000.0,2767.5049397683206,-232.49506023167942,-0.07749835341055977,False,False,,,False,False,,,False,False,False,,,18,279,"A_ETF_sector_momentum,B_ETF_trend_following",B_ETF_trend_following,A_ETF_sector_momentum,0,4451,deterministic_stratified_sample
current_core_only_AB,standard,180,2021-09-07,2022-05-23,2756.2745923659504,-0.08124180254468316,3000.0,2756.2745923659504,-243.7254076340496,-0.08124180254468316,False,False,,,False,False,,,False,False,False,,,18,267,"A_ETF_sector_momentum,B_ETF_trend_following",B_ETF_trend_following,A_ETF_sector_momentum,0,4451,deterministic_stratified_sample
current_core_only_AB,standard,180,2021-09-13,2022-05-27,2751.858459349264,-0.08271384688357863,3152.48690080928,2751.858459349264,-400.6284414600159,-0.12708330091940112,False,False,,,False,False,,,False,False,False,,,33,216,"A_ETF_sector_momentum,B_ETF_trend_following",B_ETF_trend_following,A_ETF_sector_momentum,0,4451,deterministic_stratified_sample
current_core_only_AB,standard,180,2021-10-07,2022-06-24,2759.141981877492,-0.08028600604083602,3095.350508375626,2759.141981877492,-336.2085264981338,-0.10861727148133826,False,False,,,False,False,,,False,False,False,,,22,220,"A_ETF_sector_momentum,B_ETF_trend_following",B_ETF_trend_following,A_ETF_sector_momentum,0,4451,deterministic_stratified_sample
current_core_only_AB,standard,180,2021-10-29,2022-07-19,2758.9963811679054,-0.08033453961069825,3091.9595446075627,2758.9963811679054,-332.96316343965736,-0.10768677876796662,False,False,,,False,False,,,False,False,False,,,21,172,"A_ETF_sector_momentum,B_ETF_trend_following",B_ETF_trend_following,A_ETF_sector_momentum,0,4451,deterministic_stratified_sample
current_core_only_AB,standard,180,2021-11-04,2022-07-25,2760.3518305402285,-0.07988272315325717,3000.0,2760.3518305402285,-239.64816945977145,-0.07988272315325717,False,False,,,False,False,,,False,False,False,,,13,177,"A_ETF_sector_momentum,B_ETF_trend_following",B_ETF_trend_following,A_ETF_sector_momentum,0,4451,deterministic_stratified_sample
current_core_only_AB,standard,180,2021-12-30,2022-09-16,2842.6978686371654,-0.05243404378761152,3001.8824949647806,2828.0735818175694,-173.80891314721111,-0.05789997224699839,False,False,,,False,False,,,False,False,False,,,12,89,B_ETF_trend_following,A_ETF_sector_momentum,B_ETF_trend_following,0,4451,deterministic_stratified_sample
current_core_only_AB,standard,180,2022-01-24,2022-10-10,2946.3322252773537,-0.017889258240882056,3085.6966864996853,2941.8613564305338,-143.8353300691515,-0.046613567269410905,False,False,,,False,False,,,False,False,False,,,8,63,,A_ETF_sector_momentum,B_ETF_trend_following,0,4451,deterministic_stratified_sample
current_core_only_AB,standard,180,2022-02-22,2022-11-07,2995.1270275944516,-0.0016243241351827642,3108.29195477179,2995.1270275944516,-113.16492717733854,-0.036407431741928176,False,False,,,False,False,,,False,False,False,,,4,63,,A_ETF_sector_momentum,B_ETF_trend_following,0,4451,deterministic_stratified_sample
current_core_only_AB,standard,180,2022-03-11,2022-11-25,2995.1270275944516,-0.0016243241351827642,3108.29195477179,2995.1270275944516,-113.16492717733854,-0.036407431741928176,False,False,,,False,False,,,False,False,False,,,4,63,,A_ETF_sector_momentum,B_ETF_trend_following,0,4451,deterministic_stratified_sample
current_core_only_AB,standard,180,2022-03-31,2022-12-15,2914.5580214971906,-0.028480659500936478,3092.611523737947,2914.5580214971906,-178.05350224075664,-0.057573833918056594,False,False,,,False,False,,,False,False,False,,,9,43,,A_ETF_sector_momentum,B_ETF_trend_following,0,4451,deterministic_stratified_sample
current_core_only_AB,standard,180,2022-04-06,2022-12-21,2851.3517689256582,-0.04954941035811389,3035.1498313595685,2851.3517689256582,-183.79806243391022,-0.060556503845340504,False,False,,,False,False,,,False,False,False,,,9,41,B_ETF_trend_following,A_ETF_sector_momentum,B_ETF_trend_following,0,4451,deterministic_stratified_sample
current_core_only_AB,standard,180,2022-04-08,2022-12-23,2849.5247463482046,-0.05015841788393183,3016.23438534535,2849.5247463482046,-166.70963899714525,-0.055270783930824186,False,False,,,False,False,,,False,False,False,,,8,40,,B_ETF_trend_following,A_ETF_sector_momentum,0,4451,deterministic_stratified_sample
current_core_only_AB,standard,180,2022-04-21,2023-01-06,2907.259579339814,-0.030913473553395354,3006.8519315720364,2907.259579339814,-99.59235223222231,-0.03312180130537845,False,False,,,False,False,,,False,False,False,,,6,37,,A_ETF_sector_momentum,B_ETF_trend_following,0,4451,deterministic_stratified_sample
current_core_only_AB,standard,180,2022-05-09,2023-01-25,2869.6183372740043,-0.04346055424199857,3006.8519315720364,2852.095753479208,-154.75617809282858,-0.05146784132197668,False,False,,,False,False,,,False,False,False,,,10,52,B_ETF_trend_following,A_ETF_sector_momentum,B_ETF_trend_following,0,4451,deterministic_stratified_sample
current_core_only_AB,standard,180,2022-05-25,2023-02-10,2833.583891559145,-0.05547203614695173,3006.8519315720364,2829.7874137873996,-177.0645177846368,-0.058887009342047714,False,False,,,False,False,,,False,False,False,,,11,81,B_ETF_trend_following,A_ETF_sector_momentum,B_ETF_trend_following,0,4451,deterministic_stratified_sample
current_core_only_AB,standard,180,2022-06-13,2023-03-01,2822.3842761172264,-0.05920524129425786,3006.8519315720364,2809.8320503415016,-197.0198812305348,-0.06552363924602345,False,False,,,False,False,,,False,False,False,,,12,90,B_ETF_trend_following,A_ETF_sector_momentum,B_ETF_trend_following,0,4451,deterministic_stratified_sample
current_core_only_AB,standard,180,2022-06-28,2023-03-15,2809.646257708835,-0.06345124743038832,3006.8519315720364,2808.7507553210053,-198.10117625103112,-0.06588324957772707,False,False,,,False,False,,,False,False,False,,,12,99,B_ETF_trend_following,A_ETF_sector_momentum,B_ETF_trend_following,0,4451,deterministic_stratified_sample
current_core_only_AB,standard,180,2022-06-30,2023-03-17,2810.0298831644386,-0.06332337227852047,3006.8519315720364,2808.7507553210053,-198.10117625103112,-0.06588324957772707,False,False,,,False,False,,,False,False,False,,,12,100,B_ETF_trend_following,A_ETF_sector_momentum,B_ETF_trend_following,0,4451,deterministic_stratified_sample
current_core_only_AB,standard,180,2022-07-19,2023-04-04,2792.24568168898,-0.06925143943700673,3006.8519315720364,2766.6127412882806,-240.23919028375576,-0.07989724660573971,False,False,,,False,False,,,False,False,False,,,14,140,B_ETF_trend_following,A_ETF_sector_momentum,B_ETF_trend_following,0,4451,deterministic_stratified_sample
current_core_only_AB,standard,180,2022-08-04,2023-04-21,2764.7975197271626,-0.07840082675761251,3006.8519315720364,2764.7975197271626,-242.0544118448738,-0.08050094163377153,False,False,,,False,False,,,False,False,False,,,14,168,B_ETF_trend_following,A_ETF_sector_momentum,B_ETF_trend_following,0,4451,deterministic_stratified_sample
current_core_only_AB,standard,180,2022-08-23,2023-05-10,2762.904690828206,-0.07903176972393122,3008.7387219295897,2760.8575800081644,-247.8811419214253,-0.08238706143365349,False,False,,,False,False,,,False,False,False,,,14,189,B_ETF_trend_following,B_ETF_trend_following,A_ETF_sector_momentum,0,4451,deterministic_stratified_sample
current_core_only_AB,standard,180,2022-09-09,2023-05-26,2758.134710145867,-0.08062176328471105,3008.7387219295897,2758.134710145867,-250.60401178372285,-0.08329204857741968,False,False,,,False,False,,,False,False,False,,,14,220,"A_ETF_sector_momentum,B_ETF_trend_following",B_ETF_trend_following,A_ETF_sector_momentum,0,4451,deterministic_stratified_sample
current_core_only_AB,standard,180,2022-09-13,2023-05-31,2758.134710145867,-0.08062176328471105,3008.7387219295897,2758.134710145867,-250.60401178372285,-0.08329204857741968,False,False,,,False,False,,,False,False,False,,,14,231,"A_ETF_sector_momentum,B_ETF_trend_following",B_ETF_trend_following,A_ETF_sector_momentum,0,4451,deterministic_stratified_sample
current_core_only_AB,standard,180,2022-09-27,2023-06-14,2758.134710145867,-0.08062176328471105,3008.7387219295897,2758.134710145867,-250.60401178372285,-0.08329204857741968,False,False,,,False,False,,,False,False,False,,,14,271,"A_ETF_sector_momentum,B_ETF_trend_following",B_ETF_trend_following,A_ETF_sector_momentum,0,4451,deterministic_stratified_sample
current_core_only_AB,standard,180,2022-10-13,2023-07-03,2758.134710145867,-0.08062176328471105,3008.7387219295897,2758.134710145867,-250.60401178372285,-0.08329204857741968,False,False,,,False,False,,,False,False,False,,,14,311,"A_ETF_sector_momentum,B_ETF_trend_following",B_ETF_trend_following,A_ETF_sector_momentum,0,4451,deterministic_stratified_sample
current_core_only_AB,standard,180,2022-10-20,2023-07-11,2758.134710145867,-0.08062176328471105,3008.7387219295897,2758.134710145867,-250.60401178372285,-0.08329204857741968,False,False,,,False,False,,,False,False,False,,,14,324,"A_ETF_sector_momentum,B_ETF_trend_following",B_ETF_trend_following,A_ETF_sector_momentum,0,4451,deterministic_stratified_sample
current_core_only_AB,standard,180,2022-10-31,2023-07-20,2758.134710145867,-0.08062176328471105,3008.7387219295897,2758.134710145867,-250.60401178372285,-0.08329204857741968,False,False,,,False,False,,,False,False,False,,,14,355,"A_ETF_sector_momentum,B_ETF_trend_following",B_ETF_trend_following,A_ETF_sector_momentum,0,4451,deterministic_stratified_sample
current_core_only_AB,standard,180,2022-11-01,2023-07-21,2758.134710145867,-0.08062176328471105,3008.7387219295897,2758.134710145867,-250.60401178372285,-0.08329204857741968,False,False,,,False,False,,,False,False,False,,,14,358,"A_ETF_sector_momentum,B_ETF_trend_following",B_ETF_trend_following,A_ETF_sector_momentum,0,4451,deterministic_stratified_sample
current_core_only_AB,standard,180,2022-11-16,2023-08-07,2758.134710145867,-0.08062176328471105,3008.7387219295897,2758.134710145867,-250.60401178372285,-0.08329204857741968,False,False,,,False,False,,,False,False,False,,,14,389,"A_ETF_sector_momentum,B_ETF_trend_following",B_ETF_trend_following,A_ETF_sector_momentum,0,4451,deterministic_stratified_sample
current_core_only_AB,standard,180,2022-11-22,2023-08-11,2758.134710145867,-0.08062176328471105,3008.7387219295897,2758.134710145867,-250.60401178372285,-0.08329204857741968,False,False,,,False,False,,,False,False,False,,,14,391,"A_ETF_sector_momentum,B_ETF_trend_following",B_ETF_trend_following,A_ETF_sector_momentum,0,4451,deterministic_stratified_sample
current_core_only_AB,standard,180,2022-11-29,2023-08-17,2758.134710145867,-0.08062176328471105,3008.7387219295897,2758.134710145867,-250.60401178372285,-0.08329204857741968,False,False,,,False,False,,,False,False,False,,,14,396,"A_ETF_sector_momentum,B_ETF_trend_following",B_ETF_trend_following,A_ETF_sector_momentum,0,4451,deterministic_stratified_sample
current_core_only_AB,standard,180,2022-12-08,2023-08-28,2890.4950481319793,-0.03650165062267352,3001.802177995222,2769.3704124062388,-232.43176558898313,-0.07743074053741095,False,False,,,False,False,,,False,False,False,,,13,385,B_ETF_trend_following,A_ETF_sector_momentum,B_ETF_trend_following,0,4451,deterministic_stratified_sample
current_core_only_AB,standard,180,2022-12-28,2023-09-15,3074.8141204577078,0.024938040152569174,3138.19435338484,2820.663897283218,-186.77492208823105,-0.06210431310694686,False,False,,,False,False,,,False,False,False,,,22,280,,B_ETF_trend_following,A_ETF_sector_momentum,0,4451,deterministic_stratified_sample
current_core_only_AB,standard,180,2023-02-16,2023-11-02,3106.5006696669084,0.03550022322230273,3190.3285295255196,2941.7311173948374,-92.04274197194854,-0.029903148181733896,False,False,,,False,False,,,False,False,False,,,36,253,,B_ETF_trend_following,A_ETF_sector_momentum,0,4451,deterministic_stratified_sample
current_core_only_AB,standard,180,2023-03-06,2023-11-17,3155.5313236662773,0.05184377455542588,3229.4003924530257,2977.758414873672,-93.16998681978157,-0.028850552888243897,False,False,,,False,False,,,False,False,False,,,24,279,,B_ETF_trend_following,A_ETF_sector_momentum,0,4451,deterministic_stratified_sample
current_core_only_AB,standard,180,2023-03-13,2023-11-27,3163.1857751849593,0.05439525839498649,3233.2768354435025,2981.332796904976,-93.2818243432962,-0.028850552888243786,False,False,,,False,False,,,False,False,False,,,21,295,,B_ETF_trend_following,A_ETF_sector_momentum,0,4451,deterministic_stratified_sample
current_core_only_AB,standard,180,2023-04-20,2024-01-05,3189.206585569287,0.06306886185642901,3231.98834611739,2979.8667044316735,-93.37831862379062,-0.02889191068277419,False,False,,,False,False,,,False,False,False,,,17,310,,B_ETF_trend_following,A_ETF_sector_momentum,0,4451,deterministic_stratified_sample
current_core_only_AB,standard,180,2023-05-04,2024-01-22,3109.5664627675305,0.0365221542558436,3109.5664627675305,2967.546669405453,-49.4130850202132,-0.016378436917405925,False,False,,,False,False,,,False,False,False,,,13,334,,B_ETF_trend_following,A_ETF_sector_momentum,0,4451,deterministic_stratified_sample
current_core_only_AB,standard,180,2023-05-08,2024-01-24,3271.4363822705027,0.09047879409016746,3271.4363822705027,2996.7373470888515,-76.39207409515666,-0.023508526268490093,False,False,,,False,False,,,False,False,False,,,18,314,,B_ETF_trend_following,A_ETF_sector_momentum,0,4451,deterministic_stratified_sample
current_core_only_AB,standard,180,2023-06-14,2024-03-01,3060.1445661231405,0.02004818870771352,3074.623947572726,2953.1679700234326,-121.4559775492935,-0.03950270980136528,False,False,,,False,False,,,False,False,False,,,13,347,,B_ETF_trend_following,A_ETF_sector_momentum,0,4451,deterministic_stratified_sample
current_core_only_AB,standard,180,2023-07-10,2024-03-25,3116.325245345364,0.03877508178178801,3123.0990797967647,2952.099201622792,-82.25324511611689,-0.027107347139096016,False,False,,,False,False,,,False,False,False,,,11,376,,B_ETF_trend_following,A_ETF_sector_momentum,0,4451,deterministic_stratified_sample
current_core_only_AB,standard,180,2023-07-18,2024-04-03,3045.3078909317564,0.015102630310585452,3045.3078909317564,2865.1912708073087,-134.80872919269132,-0.044936243064230386,False,False,,,False,False,,,False,False,False,,,13,373,,B_ETF_trend_following,A_ETF_sector_momentum,0,4451,deterministic_stratified_sample
current_core_only_AB,standard,180,2023-07-24,2024-04-09,3109.6710524805603,0.03655701749352014,3109.6710524805603,2921.9928379186194,-91.97185241375655,-0.030515238850928328,False,False,,,False,False,,,False,False,False,,,13,369,,B_ETF_trend_following,A_ETF_sector_momentum,0,4451,deterministic_stratified_sample
current_core_only_AB,standard,180,2023-09-07,2024-05-23,3134.99087913154,0.04499695971051332,3181.091059549556,2943.0172782713294,-91.93149280923262,-0.028899359084128218,False,False,,,False,False,,,False,False,False,,,22,378,,B_ETF_trend_following,A_ETF_sector_momentum,0,4451,deterministic_stratified_sample
current_core_only_AB,standard,180,2023-10-06,2024-06-25,3241.0339531520854,0.0803446510506951,3304.50172530333,2985.934739219885,-92.37268930720847,-0.02879961728963598,True,True,2024-06-18,176,False,False,,,False,False,False,,,22,427,,B_ETF_trend_following,A_ETF_sector_momentum,0,4451,deterministic_stratified_sample
current_core_only_AB,standard,180,2023-11-10,2024-07-31,3276.9498928497487,0.09231663094991616,3310.867932334277,2996.488377231325,-93.18559623957935,-0.02900398664177406,True,True,2024-06-18,151,False,False,,,False,False,False,,,19,472,,A_ETF_sector_momentum,B_ETF_trend_following,0,4451,deterministic_stratified_sample
current_core_only_AB,standard,180,2023-12-22,2024-09-11,3202.465385789938,0.06748846192997937,3204.5598387776627,2956.2239382628723,-89.6884975806015,-0.028887122465586446,False,False,,,False,False,,,False,False,False,,,19,470,,B_ETF_trend_following,A_ETF_sector_momentum,0,4451,deterministic_stratified_sample
current_core_only_AB,standard,180,2024-01-12,2024-09-30,3315.327409799712,0.10510913659990395,3336.6167927743577,2995.5265677022835,-91.46878322674047,-0.029052894244049443,True,True,2024-09-20,174,False,False,,,False,False,False,,,19,481,,B_ETF_trend_following,A_ETF_sector_momentum,0,4451,deterministic_stratified_sample
current_core_only_AB,standard,180,2024-03-13,2024-11-26,3217.6943575165024,0.07256478583883408,3217.6943575165024,2889.3967708395276,-157.43788221642762,-0.05167260456963707,False,False,,,False,False,,,False,False,False,,,30,452,,B_ETF_trend_following,A_ETF_sector_momentum,0,4451,deterministic_stratified_sample
current_core_only_AB,standard,180,2024-05-13,2025-01-30,3276.4639804562785,0.09215466015209284,3319.7738107384707,2973.265169133591,-66.80755370517181,-0.02133392745888585,True,True,2024-12-06,145,False,False,,,False,False,False,,,26,446,,A_ETF_sector_momentum,B_ETF_trend_following,0,4451,deterministic_stratified_sample
current_core_only_AB,standard,180,2024-05-29,2025-02-14,3324.214173233824,0.10807139107794139,3331.9907317085226,2994.486273377741,-83.01208057673921,-0.02491365890870101,True,True,2024-12-06,134,False,False,,,False,False,False,,,24,427,,B_ETF_trend_following,A_ETF_sector_momentum,0,4451,deterministic_stratified_sample
current_core_only_AB,standard,180,2024-07-15,2025-04-01,3092.4176741205265,0.030805891373508754,3114.5704873901177,2968.744449194496,-55.17852106486589,-0.01775623635523438,False,False,,,False,False,,,False,False,False,,,22,374,,A_ETF_sector_momentum,B_ETF_trend_following,0,4451,deterministic_stratified_sample
current_core_only_AB,standard,180,2024-08-15,2025-05-05,3115.687558884966,0.038562519628322134,3133.3516969996735,2977.891603323018,-121.83764783250945,-0.03930589995467848,False,False,,,False,False,,,False,False,False,,,21,337,,B_ETF_trend_following,A_ETF_sector_momentum,0,4451,deterministic_stratified_sample
current_core_only_AB,standard,180,2024-09-11,2025-05-30,3243.6513194907157,0.08121710649690517,3339.7829594855357,3000.0,-114.66518869678612,-0.0343331258611036,True,True,2024-12-06,62,False,False,,,False,False,False,,,35,297,,B_ETF_trend_following,A_ETF_sector_momentum,0,4451,deterministic_stratified_sample
current_core_only_AB,standard,180,2024-10-02,2025-06-23,2980.9978947616546,-0.006334035079448519,3061.457266288936,2912.345505520553,-87.65449447944684,-0.029218164826482318,False,False,,,False,False,,,False,False,False,,,22,234,,A_ETF_sector_momentum,B_ETF_trend_following,0,4451,deterministic_stratified_sample
current_core_only_AB,standard,180,2024-10-10,2025-07-01,3221.488415326709,0.07382947177556964,3289.095466252382,2953.8393258486212,-122.90809473326681,-0.03736835734759292,False,False,,,False,False,,,False,False,False,,,42,267,,B_ETF_trend_following,A_ETF_sector_momentum,0,4451,deterministic_stratified_sample
current_core_only_AB,standard,180,2024-10-31,2025-07-23,3203.9360574046705,0.06797868580155675,3292.1694530971727,2989.028830969876,-123.1517285120417,-0.03740746953234264,False,False,,,False,False,,,False,False,False,,,40,281,,B_ETF_trend_following,A_ETF_sector_momentum,0,4451,deterministic_stratified_sample
current_core_only_AB,standard,180,2024-11-07,2025-07-30,2970.6729761295614,-0.009775674623479502,3041.0675176930426,2927.7578820370636,-113.30963565597904,-0.03725982241326098,False,False,,,False,False,,,False,False,False,,,24,264,,A_ETF_sector_momentum,B_ETF_trend_following,0,4451,deterministic_stratified_sample
current_core_only_AB,standard,180,2024-11-08,2025-07-31,3036.816946050505,0.012272315350168261,3041.1191125110586,2952.0383063712434,-47.96169362875662,-0.015987231209585562,False,False,,,False,False,,,False,False,False,,,17,281,,A_ETF_sector_momentum,B_ETF_trend_following,0,4451,deterministic_stratified_sample
current_core_only_AB,standard,180,2025-01-10,2025-09-29,3023.9250694344287,0.007975023144809468,3033.1918721457732,2934.272690690174,-98.9191814555993,-0.032612240051144825,False,False,,,False,False,,,False,False,False,,,28,329,,B_ETF_trend_following,A_ETF_sector_momentum,0,4451,deterministic_stratified_sample
current_core_only_AB,standard,180,2025-01-21,2025-10-07,2880.8814261041357,-0.03970619129862141,3037.0897039291212,2859.0708592759765,-178.0188446531447,-0.058614944571060756,False,False,,,False,False,,,False,False,False,,,20,415,B_ETF_trend_following,A_ETF_sector_momentum,B_ETF_trend_following,0,4451,deterministic_stratified_sample
current_core_only_AB,standard,180,2025-03-17,2025-12-01,2902.4429702800753,-0.03251900990664158,3033.2739760680415,2826.4446557415804,-206.82932032646113,-0.06818682451974512,False,False,,,False,False,,,False,False,False,,,72,381,B_ETF_trend_following,A_ETF_sector_momentum,B_ETF_trend_following,0,4451,deterministic_stratified_sample
current_core_only_AB,standard,180,2025-04-04,2025-12-19,2923.8223964107096,-0.025392534529763422,3073.501877040887,2857.5216416525323,-215.98023538835469,-0.07027171091116968,False,False,,,False,False,,,False,False,False,,,81,419,,A_ETF_sector_momentum,B_ETF_trend_following,0,4451,deterministic_stratified_sample
current_core_only_AB,standard,180,2025-04-08,2025-12-23,2926.5054984961075,-0.024498167167964158,3073.501877040887,2857.5216416525323,-215.98023538835469,-0.07027171091116968,False,False,,,False,False,,,False,False,False,,,83,423,,A_ETF_sector_momentum,B_ETF_trend_following,0,4451,deterministic_stratified_sample
current_core_only_AB,standard,180,2025-04-23,2026-01-08,2916.641897229565,-0.027786034256811587,3073.501877040887,2857.5216416525323,-215.98023538835469,-0.07027171091116968,False,False,,,False,False,,,False,False,False,,,84,453,,A_ETF_sector_momentum,B_ETF_trend_following,0,4451,deterministic_stratified_sample
current_core_only_AB,standard,180,2025-05-09,2026-01-27,2919.2018702133073,-0.026932709928897514,3073.501877040887,2857.5216416525323,-215.98023538835469,-0.07027171091116968,False,False,,,False,False,,,False,False,False,,,84,501,,A_ETF_sector_momentum,B_ETF_trend_following,0,4451,deterministic_stratified_sample
current_core_only_AB,standard,180,2025-05-12,2026-01-28,2919.330572545301,-0.026889809151566357,3073.501877040887,2857.5216416525323,-215.98023538835469,-0.07027171091116968,False,False,,,False,False,,,False,False,False,,,84,505,,A_ETF_sector_momentum,B_ETF_trend_following,0,4451,deterministic_stratified_sample
current_core_only_AB,standard,180,2025-05-13,2026-01-29,2908.5753236416986,-0.030474892119433772,3055.6309722780156,2840.2992193583823,-215.33175291963335,-0.0704704707057936,False,False,,,False,False,,,False,False,False,,,80,519,B_ETF_trend_following,A_ETF_sector_momentum,B_ETF_trend_following,0,4451,deterministic_stratified_sample
current_core_only_AB,standard,180,2025-05-14,2026-01-30,2907.7191605975913,-0.03076027980080287,3039.3615253712032,2832.0984040149588,-207.26312135624448,-0.06819298054084932,False,False,,,False,False,,,False,False,False,,,73,533,B_ETF_trend_following,A_ETF_sector_momentum,B_ETF_trend_following,0,4451,deterministic_stratified_sample
current_core_only_AB,standard,180,2025-05-15,2026-02-02,2947.2140964888486,-0.01759530117038377,3026.0329152805853,2871.1900716136824,-154.8428436669028,-0.051170244343672344,False,False,,,False,False,,,False,False,False,,,70,526,B_ETF_trend_following,A_ETF_sector_momentum,B_ETF_trend_following,0,4451,deterministic_stratified_sample
current_core_only_AB,standard,180,2025-05-16,2026-02-03,2910.9576620502285,-0.029680779316590522,3025.1704205587353,2835.827446825758,-189.34297373297704,-0.0625891924786195,False,False,,,False,False,,,False,False,False,,,70,538,B_ETF_trend_following,A_ETF_sector_momentum,B_ETF_trend_following,0,4451,deterministic_stratified_sample
current_core_only_AB,standard,180,2025-05-19,2026-02-04,2902.9490771599008,-0.032350307613366436,3009.0039441576,2827.040834696075,-181.96310946152516,-0.06047287170056115,False,False,,,False,False,,,False,False,False,,,32,588,B_ETF_trend_following,A_ETF_sector_momentum,B_ETF_trend_following,0,4451,deterministic_stratified_sample
current_core_only_AB,standard,180,2025-05-20,2026-02-05,2900.915971307969,-0.03302800956401042,3000.0,2821.2353514325246,-178.76464856747543,-0.05958821618915844,False,False,,,False,False,,,False,False,False,,,56,570,B_ETF_trend_following,A_ETF_sector_momentum,B_ETF_trend_following,0,4451,deterministic_stratified_sample
current_core_only_AB,standard,180,2025-05-21,2026-02-06,2911.0041057048647,-0.029665298098378368,3017.4455991895065,2832.8508913067353,-184.59470788277122,-0.06117581968415731,False,False,,,False,False,,,False,False,False,,,56,560,B_ETF_trend_following,A_ETF_sector_momentum,B_ETF_trend_following,0,4451,deterministic_stratified_sample
current_core_only_AB,standard,180,2025-05-22,2026-02-09,2901.5914919412944,-0.03280283601956857,3018.6524567434262,2821.6209173028096,-197.0315394406166,-0.06527135609813706,False,False,,,False,False,,,False,False,False,,,65,561,B_ETF_trend_following,A_ETF_sector_momentum,B_ETF_trend_following,0,4451,deterministic_stratified_sample
current_core_only_AB,standard,180,2025-05-23,2026-02-10,2912.288688789061,-0.02923710373697974,3019.8597969921,2833.0179178665394,-186.8418791255608,-0.06187104424902856,False,False,,,False,False,,,False,False,False,,,55,567,B_ETF_trend_following,A_ETF_sector_momentum,B_ETF_trend_following,0,4451,deterministic_stratified_sample
current_core_only_AB,standard,180,2025-05-27,2026-02-11,2909.550186352796,-0.03014993788240128,3038.9231970759715,2831.1815473710403,-207.7416497049312,-0.06836028297945096,False,False,,,False,False,,,False,False,False,,,71,550,B_ETF_trend_following,A_ETF_sector_momentum,B_ETF_trend_following,0,4451,deterministic_stratified_sample
current_core_only_AB,standard,180,2025-05-28,2026-02-12,2910.675465276525,-0.029774844907825004,3038.9231970759715,2831.1815473710403,-207.7416497049312,-0.06836028297945096,False,False,,,False,False,,,False,False,False,,,71,555,B_ETF_trend_following,A_ETF_sector_momentum,B_ETF_trend_following,0,4451,deterministic_stratified_sample
current_core_only_AB,standard,180,2025-05-29,2026-02-13,2914.1979055118168,-0.0286006981627277,3040.138644810029,2832.3306683431683,-207.8079764668605,-0.06835476955027031,False,False,,,False,False,,,False,False,False,,,70,559,B_ETF_trend_following,A_ETF_sector_momentum,B_ETF_trend_following,0,4451,deterministic_stratified_sample
current_core_only_AB,standard,180,2025-05-30,2026-02-17,2950.8088094123596,-0.01639706352921344,3041.354578674566,2884.6389154944854,-156.71566318008036,-0.05152824477584517,False,False,,,False,False,,,False,False,False,,,68,539,B_ETF_trend_following,A_ETF_sector_momentum,B_ETF_trend_following,0,4451,deterministic_stratified_sample
current_core_only_AB,standard,180,2025-06-02,2026-02-18,2927.760893377655,-0.02407970220744826,3072.1253107015864,2856.324863637417,-215.80044706416948,-0.07024467599431572,False,False,,,False,False,,,False,False,False,,,78,544,,A_ETF_sector_momentum,B_ETF_trend_following,0,4451,deterministic_stratified_sample
current_core_only_AB,standard,180,2025-06-03,2026-02-19,2912.7666374010573,-0.029077787532980848,3058.8905681924316,2844.0746724460623,-214.81589574636928,-0.07022673448344674,False,False,,,False,False,,,False,False,False,,,76,550,B_ETF_trend_following,A_ETF_sector_momentum,B_ETF_trend_following,0,4451,deterministic_stratified_sample
current_core_only_AB,standard,180,2025-06-04,2026-02-20,2914.475564520951,-0.02850814515968292,3060.1140020763205,2845.2289434512604,-214.88505862506008,-0.07022125923389066,False,False,,,False,False,,,False,False,False,,,75,552,B_ETF_trend_following,A_ETF_sector_momentum,B_ETF_trend_following,0,4451,deterministic_stratified_sample
current_core_only_AB,standard,180,2025-06-05,2026-02-23,2911.672486977803,-0.029442504340732256,3056.0736014797167,2841.5255483184337,-214.54805316128295,-0.07020382397119007,False,False,,,False,False,,,False,False,False,,,75,553,B_ETF_trend_following,A_ETF_sector_momentum,B_ETF_trend_following,0,4451,deterministic_stratified_sample
current_core_only_AB,standard,180,2025-06-06,2026-02-24,2904.4483575351924,-0.03185054748826921,3029.5399503140525,2822.0154207713636,-207.52452954268892,-0.06850034425892826,False,False,,,False,False,,,False,False,False,,,63,571,B_ETF_trend_following,A_ETF_sector_momentum,B_ETF_trend_following,0,4451,deterministic_stratified_sample
current_core_only_AB,standard,180,2025-06-09,2026-02-25,2916.399976605967,-0.02786667446467772,3056.2115187755344,2839.9066625664855,-216.30485620904892,-0.07077548621232577,False,False,,,False,False,,,False,False,False,,,68,563,B_ETF_trend_following,A_ETF_sector_momentum,B_ETF_trend_following,0,4451,deterministic_stratified_sample
current_core_only_AB,standard,180,2025-06-10,2026-02-26,2918.135926725251,-0.02728802442491629,3057.4338811468074,2841.0592665344348,-216.37461461237262,-0.07077000616321194,False,False,,,False,False,,,False,False,False,,,67,567,B_ETF_trend_following,A_ETF_sector_momentum,B_ETF_trend_following,0,4451,deterministic_stratified_sample
current_core_only_AB,standard,180,2025-06-11,2026-02-27,2913.778072963715,-0.02874064234542828,3036.8734419136185,2828.9465868402876,-207.9268550733309,-0.06846740868539791,False,False,,,False,False,,,False,False,False,,,57,584,B_ETF_trend_following,A_ETF_sector_momentum,B_ETF_trend_following,0,4451,deterministic_stratified_sample
current_core_only_AB,standard,180,2025-06-12,2026-03-02,2911.8722969615947,-0.02937590101280174,3036.8734419136185,2828.9465868402876,-207.9268550733309,-0.06846740868539791,False,False,,,False,False,,,False,False,False,,,57,589,B_ETF_trend_following,A_ETF_sector_momentum,B_ETF_trend_following,0,4451,deterministic_stratified_sample
current_core_only_AB,standard,180,2025-06-13,2026-03-03,2943.6031152036603,-0.018798961598779917,3090.232235467935,2871.9858675335977,-218.2463679343373,-0.07062458459575593,False,False,,,False,False,,,False,False,False,,,69,564,,A_ETF_sector_momentum,B_ETF_trend_following,0,4451,deterministic_stratified_sample
current_core_only_AB,standard,180,2025-06-16,2026-03-04,2942.5862670599054,-0.01913791098003159,3090.263292734825,2872.015165859395,-218.24812687543,-0.07062444400402024,False,False,,,False,False,,,False,False,False,,,68,563,,A_ETF_sector_momentum,B_ETF_trend_following,0,4451,deterministic_stratified_sample
current_core_only_AB,standard,180,2025-06-17,2026-03-05,2940.3283839327396,-0.019890538689086745,3090.263292734825,2872.015165859395,-218.24812687543,-0.07062444400402024,False,False,,,False,False,,,False,False,False,,,70,563,,A_ETF_sector_momentum,B_ETF_trend_following,0,4451,deterministic_stratified_sample
current_core_only_AB,standard,180,2025-06-18,2026-03-06,2892.4832932368895,-0.03583890225437014,3110.7016668334118,2824.8940047277733,-285.8076621056384,-0.09187884044071026,False,False,,,False,False,,,False,False,False,,,45,572,B_ETF_trend_following,A_ETF_sector_momentum,B_ETF_trend_following,0,4451,deterministic_stratified_sample
current_core_only_AB,standard,180,2025-06-20,2026-03-09,2925.116181307953,-0.024961272897349063,3090.591117555503,2872.324293654468,-218.26682390103497,-0.07062300239627706,False,False,,,False,False,,,False,False,False,,,72,563,,A_ETF_sector_momentum,B_ETF_trend_following,0,4451,deterministic_stratified_sample
current_core_only_AB,standard,180,2025-06-23,2026-03-10,2915.028414008581,-0.028323861997139654,3095.230731586323,2876.605363432096,-218.6253681542271,-0.07063297928751833,False,False,,,False,False,,,False,False,False,,,71,561,,A_ETF_sector_momentum,B_ETF_trend_following,0,4451,deterministic_stratified_sample
current_core_only_AB,standard,180,2025-06-24,2026-03-11,2939.658530893662,-0.020113823035446066,3095.741493581895,2877.084088258247,-218.65740532364816,-0.07063167443953888,False,False,,,False,False,,,False,False,False,,,71,559,,A_ETF_sector_momentum,B_ETF_trend_following,0,4451,deterministic_stratified_sample
current_core_only_AB,standard,180,2025-06-25,2026-03-12,2882.7196363541184,-0.03909345454862723,3054.5565484822037,2796.05383138403,-258.50271709817343,-0.08462855835051486,False,False,,,False,False,,,False,False,False,,,41,588,B_ETF_trend_following,A_ETF_sector_momentum,B_ETF_trend_following,0,4451,deterministic_stratified_sample
current_core_only_AB,standard,180,2025-06-26,2026-03-13,2911.8904429595477,-0.029369852346817438,3091.978840274709,2818.3176993621223,-273.6611409125867,-0.08850679614879675,False,False,,,False,False,,,False,False,False,,,39,566,B_ETF_trend_following,A_ETF_sector_momentum,B_ETF_trend_following,0,4451,deterministic_stratified_sample
current_core_only_AB,standard,180,2025-06-27,2026-03-16,3040.1165562146757,0.013372185404891823,3113.816840239671,2972.8879922405386,-88.15907922334827,-0.028800301715447896,False,False,,,False,False,,,False,False,False,,,37,511,,A_ETF_sector_momentum,B_ETF_trend_following,0,4451,deterministic_stratified_sample
current_core_only_AB,standard,180,2025-06-30,2026-03-17,3002.010812418992,0.0006702708063306417,3073.9564430396968,2930.5209967397686,-143.43544629992812,-0.04666150902193378,False,False,,,False,False,,,False,False,False,,,38,517,,A_ETF_sector_momentum,B_ETF_trend_following,0,4451,deterministic_stratified_sample
current_core_only_AB,standard,180,2025-07-01,2026-03-18,3007.179269766627,0.0023930899222088797,3079.545132193684,2936.764067222131,-142.78106497155295,-0.04636433591406541,False,False,,,False,False,,,False,False,False,,,37,514,,A_ETF_sector_momentum,B_ETF_trend_following,0,4451,deterministic_stratified_sample
current_core_only_AB,standard,180,2025-07-02,2026-03-19,3009.6244991558506,0.0032081663852834286,3063.8382248806815,2920.8779043883137,-142.96032049236783,-0.04666053165974038,False,False,,,False,False,,,False,False,False,,,36,511,,A_ETF_sector_momentum,B_ETF_trend_following,0,4451,deterministic_stratified_sample
current_core_only_AB,standard,180,2025-07-03,2026-03-20,3079.8307657358846,0.026610255245294923,3104.4088811868933,2983.880963139527,-85.7918527831489,-0.027866975051031306,False,False,,,False,False,,,False,False,False,,,19,496,,A_ETF_sector_momentum,B_ETF_trend_following,0,4451,deterministic_stratified_sample
current_core_only_AB,standard,180,2025-07-07,2026-03-23,2999.610274207499,-0.00012990859750028338,3076.2396342871825,2887.9043999984515,-188.33523428873104,-0.06122254982660724,False,False,,,False,False,,,False,False,False,,,41,538,B_ETF_trend_following,A_ETF_sector_momentum,B_ETF_trend_following,0,4451,deterministic_stratified_sample
current_core_only_AB,standard,180,2025-07-08,2026-03-24,2999.274676755953,-0.00024177441468231642,3045.338508475932,2839.037517568068,-206.30099090786416,-0.06774320501109399,False,False,,,False,False,,,False,False,False,,,57,552,B_ETF_trend_following,A_ETF_sector_momentum,B_ETF_trend_following,0,4451,deterministic_stratified_sample
current_core_only_AB,standard,180,2025-07-09,2026-03-25,2994.007801055033,-0.001997399648322351,3045.338508475932,2839.037517568068,-206.30099090786416,-0.06774320501109399,False,False,,,False,False,,,False,False,False,,,57,552,B_ETF_trend_following,A_ETF_sector_momentum,B_ETF_trend_following,0,4451,deterministic_stratified_sample
current_core_only_AB,standard,180,2025-07-10,2026-03-26,3012.083870260406,0.0040279567534686755,3055.021007526252,2838.7839086824806,-216.2370988437715,-0.07078088769637159,False,False,,,False,False,,,False,False,False,,,56,550,B_ETF_trend_following,A_ETF_sector_momentum,B_ETF_trend_following,0,4451,deterministic_stratified_sample
current_core_only_AB,standard,180,2025-07-11,2026-03-27,3060.489379397556,0.020163126465851944,3060.489379397556,2880.7592263867523,-156.56707758527818,-0.05154766459584181,False,False,,,False,False,,,False,False,False,,,52,530,B_ETF_trend_following,A_ETF_sector_momentum,B_ETF_trend_following,0,4451,deterministic_stratified_sample
current_core_only_AB,standard,180,2025-07-14,2026-03-30,3001.5075438014806,0.0005025146004935532,3012.799116541748,2813.7652357681736,-192.45701235413526,-0.06401955559817452,False,False,,,False,False,,,False,False,False,,,48,554,B_ETF_trend_following,A_ETF_sector_momentum,B_ETF_trend_following,0,4451,deterministic_stratified_sample
current_core_only_AB,standard,180,2025-07-15,2026-03-31,3013.6116449929823,0.004537214997660799,3038.352114318727,2887.9404695054536,-149.37496689762247,-0.04917993208980587,False,False,,,False,False,,,False,False,False,,,52,519,B_ETF_trend_following,A_ETF_sector_momentum,B_ETF_trend_following,0,4451,deterministic_stratified_sample
current_core_only_AB,standard,180,2025-07-16,2026-04-01,2960.240333360962,-0.013253222213012728,3033.658506732935,2832.5346493291036,-201.1238574038316,-0.06629746128559133,False,False,,,False,False,,,False,False,False,,,57,531,B_ETF_trend_following,A_ETF_sector_momentum,B_ETF_trend_following,0,4451,deterministic_stratified_sample
current_core_only_AB,standard,180,2025-07-17,2026-04-02,2961.195524378079,-0.012934825207307044,3020.598346855046,2820.9898102886,-199.60853656644622,-0.06608244911948402,False,False,,,False,False,,,False,False,False,,,46,546,B_ETF_trend_following,A_ETF_sector_momentum,B_ETF_trend_following,0,4451,deterministic_stratified_sample
current_core_only_AB,standard,180,2025-07-18,2026-04-06,2925.35312271579,-0.02488229242806994,3024.130882334224,2785.9260577464065,-238.2048245878177,-0.07876802752794732,False,False,,,False,False,,,False,False,False,,,40,533,B_ETF_trend_following,A_ETF_sector_momentum,B_ETF_trend_following,0,4451,deterministic_stratified_sample
current_core_only_AB,standard,180,2025-07-21,2026-04-07,2973.05528536371,-0.00898157154543,3031.748285615568,2832.1591218453873,-185.77866006811882,-0.061558147812552644,False,False,,,False,False,,,False,False,False,,,34,556,B_ETF_trend_following,A_ETF_sector_momentum,B_ETF_trend_following,0,4451,deterministic_stratified_sample
current_core_only_AB,standard,180,2025-07-22,2026-04-08,2974.4793257148813,-0.008506891428372909,3033.1690252910967,2833.4973790672075,-190.85858916522193,-0.06310718419722539,False,False,,,False,False,,,False,False,False,,,37,527,B_ETF_trend_following,A_ETF_sector_momentum,B_ETF_trend_following,0,4451,deterministic_stratified_sample
current_core_only_AB,standard,180,2025-07-23,2026-04-09,2977.7631677768645,-0.007412277407711776,3036.325894189996,2836.604892590228,-183.17894563366644,-0.060659621829555976,False,False,,,False,False,,,False,False,False,,,32,553,B_ETF_trend_following,A_ETF_sector_momentum,B_ETF_trend_following,0,4451,deterministic_stratified_sample
current_core_only_AB,standard,180,2025-07-24,2026-04-10,2975.8811958529277,-0.008039601382357486,3034.0594139526534,2834.4036883218623,-185.83185436819895,-0.061528927708294656,False,False,,,False,False,,,False,False,False,,,31,555,B_ETF_trend_following,A_ETF_sector_momentum,B_ETF_trend_following,0,4451,deterministic_stratified_sample
current_core_only_AB,standard,180,2025-07-25,2026-04-13,2964.2275616145416,-0.011924146128486135,3030.105630006369,2830.5514922041057,-185.20305022903085,-0.06141184490419682,False,False,,,False,False,,,False,False,False,,,41,529,B_ETF_trend_following,A_ETF_sector_momentum,B_ETF_trend_following,0,4451,deterministic_stratified_sample
current_core_only_AB,standard,180,2025-07-28,2026-04-14,2950.3204422847084,-0.016559852571763845,3032.63783954301,2839.149822873986,-179.10842006753455,-0.05934164861021962,False,False,,,False,False,,,False,False,False,,,54,528,B_ETF_trend_following,A_ETF_sector_momentum,B_ETF_trend_following,0,4451,deterministic_stratified_sample
current_core_only_AB,standard,180,2025-07-29,2026-04-15,2947.8297454167337,-0.017390084861088728,3032.733023366157,2839.2424684856205,-179.11283255349463,-0.059341202307041985,False,False,,,False,False,,,False,False,False,,,53,530,B_ETF_trend_following,A_ETF_sector_momentum,B_ETF_trend_following,0,4451,deterministic_stratified_sample
current_core_only_AB,standard,180,2025-07-30,2026-04-16,2970.8848683622814,-0.009705043879239539,3043.9429653473076,2844.0025842901214,-175.05321277089297,-0.057982768301700016,False,False,,,False,False,,,False,False,False,,,31,562,B_ETF_trend_following,A_ETF_sector_momentum,B_ETF_trend_following,0,4451,deterministic_stratified_sample
current_core_only_AB,standard,180,2025-07-31,2026-04-17,2964.5297190067768,-0.011823426997741082,3068.57438482238,2867.9075847518898,-179.32220103088866,-0.05884761361533619,False,False,,,False,False,,,False,False,False,,,33,539,B_ETF_trend_following,A_ETF_sector_momentum,B_ETF_trend_following,0,4451,deterministic_stratified_sample
current_core_only_AB,standard,180,2025-08-01,2026-04-20,2933.5001239992557,-0.02216662533358138,3049.7971935333426,2869.2549397093317,-180.5422538240109,-0.05919811789676532,False,False,,,False,False,,,False,False,False,,,63,519,B_ETF_trend_following,A_ETF_sector_momentum,B_ETF_trend_following,0,4451,deterministic_stratified_sample
current_core_only_AB,standard,180,2025-08-04,2026-04-21,3096.7763618001864,0.03225878726672882,3126.0574355731706,2902.5078644357163,-126.93286185683155,-0.04189976742412549,False,False,,,False,False,,,False,False,False,,,69,497,,A_ETF_sector_momentum,B_ETF_trend_following,0,4451,deterministic_stratified_sample
current_core_only_AB,standard,180,2025-08-05,2026-04-22,3114.0353552213182,0.038011785073772675,3124.5153985676625,2901.178210810215,-146.1108989907948,-0.047947829603977365,False,False,,,False,False,,,False,False,False,,,61,506,,A_ETF_sector_momentum,B_ETF_trend_following,0,4451,deterministic_stratified_sample
current_core_only_AB,standard,180,2025-08-06,2026-04-23,3121.1229844152417,0.040374328138413906,3124.5153985676625,2901.178210810215,-146.1108989907948,-0.047947829603977365,False,False,,,False,False,,,False,False,False,,,61,509,,A_ETF_sector_momentum,B_ETF_trend_following,0,4451,deterministic_stratified_sample
current_core_only_AB,standard,180,2025-08-07,2026-04-24,3160.9695270644493,0.05365650902148311,3160.9695270644493,2902.3553209468455,-146.15258261870895,-0.047942333509376156,False,False,,,False,False,,,False,False,False,,,60,511,,A_ETF_sector_momentum,B_ETF_trend_following,0,4451,deterministic_stratified_sample
current_core_only_AB,standard,180,2025-08-08,2026-04-27,2939.632797785034,-0.020122400738321944,3048.250840807068,2879.2801540611613,-128.21851639256147,-0.04263294200333523,False,False,,,False,False,,,False,False,False,,,37,529,B_ETF_trend_following,A_ETF_sector_momentum,B_ETF_trend_following,0,4451,deterministic_stratified_sample
current_core_only_AB,standard,180,2025-08-11,2026-04-28,2913.388320744247,-0.028870559751917768,3067.631121730439,2882.1476793100355,-154.24280098619238,-0.05028075243257557,False,False,,,False,False,,,False,False,False,,,41,546,B_ETF_trend_following,A_ETF_sector_momentum,B_ETF_trend_following,0,4451,deterministic_stratified_sample
current_core_only_AB,standard,180,2025-08-12,2026-04-29,2912.0190899732106,-0.02932697000892981,3066.2607954652794,2883.318234635959,-154.24170549206883,-0.050302865861957424,False,False,,,False,False,,,False,False,False,,,40,546,B_ETF_trend_following,A_ETF_sector_momentum,B_ETF_trend_following,0,4451,deterministic_stratified_sample
current_core_only_AB,standard,180,2025-08-13,2026-04-30,2912.743483488991,-0.02908550550366973,3066.985768553807,2890.1009476696036,-154.24228506481586,-0.05029116425849822,False,False,,,False,False,,,False,False,False,,,40,536,B_ETF_trend_following,A_ETF_sector_momentum,B_ETF_trend_following,0,4451,deterministic_stratified_sample
current_core_only_AB,standard,180,2025-08-14,2026-05-01,2912.543421313643,-0.029152192895452234,3066.7855463127194,2887.4482349687505,-154.24212499907617,-0.05029439544102643,False,False,,,False,False,,,False,False,False,,,38,540,B_ETF_trend_following,A_ETF_sector_momentum,B_ETF_trend_following,0,4451,deterministic_stratified_sample
current_core_only_AB,standard,180,2025-08-15,2026-05-04,2896.7517311123074,-0.03441608962923082,3055.0310573178344,2896.7517311123074,-158.279326205527,-0.05180940004730705,False,False,,,False,False,,,False,False,False,,,41,532,B_ETF_trend_following,A_ETF_sector_momentum,B_ETF_trend_following,0,4451,deterministic_stratified_sample
current_core_only_AB,standard,180,2025-08-18,2026-05-05,2887.5879619411253,-0.037470679352958225,3061.849332633493,2887.128187434577,-174.72114519891602,-0.05706392647630332,False,False,,,False,False,,,False,False,False,,,59,523,B_ETF_trend_following,A_ETF_sector_momentum,B_ETF_trend_following,0,4451,deterministic_stratified_sample
current_core_only_AB,standard,180,2025-08-19,2026-05-06,2882.1516652925175,-0.03928277823582749,3048.9533008685257,2874.554147291745,-174.39915357678092,-0.057199680141739595,False,False,,,False,False,,,False,False,False,,,59,523,B_ETF_trend_following,A_ETF_sector_momentum,B_ETF_trend_following,0,4451,deterministic_stratified_sample
current_core_only_AB,standard,180,2025-08-20,2026-05-07,2882.31395022543,-0.03922868325819007,3048.954485981546,2874.566260954797,-174.38822502674884,-0.05719607354867029,False,False,,,False,False,,,False,False,False,,,58,528,B_ETF_trend_following,A_ETF_sector_momentum,B_ETF_trend_following,0,4451,deterministic_stratified_sample
current_core_only_AB,standard,180,2025-08-21,2026-05-08,3262.9195152325556,0.08763983841085188,3262.9195152325556,2903.3343462845746,-124.24627681369611,-0.04103813978256632,False,False,,,False,False,,,False,False,False,,,60,523,,B_ETF_trend_following,A_ETF_sector_momentum,0,4451,deterministic_stratified_sample
current_core_only_AB,standard,180,2025-08-22,2026-05-11,3293.91334407302,0.09797111469100672,3293.91334407302,2903.3343462845746,-124.24627681369611,-0.04103813978256632,False,False,,,False,False,,,False,False,False,,,60,527,,B_ETF_trend_following,A_ETF_sector_momentum,0,4451,deterministic_stratified_sample
current_core_only_AB,standard,180,2025-08-25,2026-05-12,3196.129255788266,0.06537641859608878,3215.864704634089,2992.426922059647,-103.92653569557342,-0.032334897803874885,False,False,,,False,False,,,False,False,False,,,38,490,,A_ETF_sector_momentum,B_ETF_trend_following,0,4451,deterministic_stratified_sample
current_core_only_AB,standard,180,2025-08-26,2026-05-13,3158.9267754463444,0.0529755918154482,3166.41321622324,2959.3430572184407,-101.23367801345739,-0.03200879289726166,False,False,,,False,False,,,False,False,False,,,36,492,,A_ETF_sector_momentum,B_ETF_trend_following,0,4451,deterministic_stratified_sample
current_core_only_AB,standard,180,2025-08-27,2026-05-14,2873.2003670428267,-0.04226654431905774,3016.3703578624163,2826.8403556787625,-174.47323552419948,-0.0581322911526444,False,False,,,False,False,,,False,False,False,,,38,581,B_ETF_trend_following,A_ETF_sector_momentum,B_ETF_trend_following,0,4451,deterministic_stratified_sample
current_core_only_AB,standard,180,2025-08-28,2026-05-15,2839.6372375943433,-0.05345425413521887,3017.1736362019865,2827.623089751077,-177.53639860764315,-0.05884195608679843,False,False,,,False,False,,,False,False,False,,,38,581,B_ETF_trend_following,A_ETF_sector_momentum,B_ETF_trend_following,0,4451,deterministic_stratified_sample
current_core_only_AB,standard,180,2025-08-29,2026-05-18,2888.6738974340396,-0.03710870085532014,3089.5308418807736,2888.6738974340396,-200.8569444467339,-0.0650121182556187,False,False,,,False,False,,,False,False,False,,,36,559,B_ETF_trend_following,A_ETF_sector_momentum,B_ETF_trend_following,0,4451,deterministic_stratified_sample
current_core_only_AB,standard,180,2025-09-02,2026-05-19,2873.634441953612,-0.04212185268212931,3064.902835971361,2873.3690736192602,-191.5337623521009,-0.06249260501969489,False,False,,,False,False,,,False,False,False,,,20,547,B_ETF_trend_following,A_ETF_sector_momentum,B_ETF_trend_following,0,4451,deterministic_stratified_sample
current_core_only_AB,standard,180,2025-09-03,2026-05-20,3203.1015500008157,0.06770051666693866,3333.1293980740807,2927.7549465010215,-130.02784807326498,-0.03901074112166081,True,True,2026-05-11,173,False,False,,,False,False,False,,,45,529,,A_ETF_sector_momentum,B_ETF_trend_following,0,4451,deterministic_stratified_sample
current_core_only_AB,standard,180,2025-09-04,2026-05-21,2867.099825741115,-0.04430005808629489,3058.0257248360394,2857.133359942778,-191.46306328579476,-0.06261002375840385,False,False,,,False,False,,,False,False,False,,,26,569,B_ETF_trend_following,A_ETF_sector_momentum,B_ETF_trend_following,0,4451,deterministic_stratified_sample
current_core_only_AB,standard,180,2025-09-05,2026-05-22,3067.575557158515,0.022525185719505014,3152.6166873771244,2944.2449543021285,-91.8272287247637,-0.02912730529291241,False,False,,,False,False,,,False,False,False,,,17,486,,A_ETF_sector_momentum,B_ETF_trend_following,0,4451,deterministic_stratified_sample
current_core_only_AB,standard,180,2025-09-08,2026-05-26,2825.2930414105786,-0.058235652863140475,3035.8430698893217,2825.2930414105786,-210.55002847874312,-0.06935471420346484,False,False,,,False,False,,,False,False,False,,,68,509,B_ETF_trend_following,A_ETF_sector_momentum,B_ETF_trend_following,0,4451,deterministic_stratified_sample
current_core_only_AB,standard,180,2025-09-09,2026-05-27,3198.565042542793,0.06618834751426439,3416.6239364700505,2943.551304005414,-218.0588939272575,-0.06382291349060476,True,True,2026-05-08,168,True,True,2026-05-11,169,False,False,False,,,87,465,,B_ETF_trend_following,A_ETF_sector_momentum,0,4451,deterministic_stratified_sample
current_core_only_AB,standard,180,2025-09-10,2026-05-28,2823.8822831091584,-0.05870590563028055,3044.759385686918,2823.8822831091584,-220.87710257775962,-0.0725433686537198,False,False,,,False,False,,,False,False,False,,,67,506,B_ETF_trend_following,A_ETF_sector_momentum,B_ETF_trend_following,0,4451,deterministic_stratified_sample
current_core_only_AB,standard,180,2025-09-11,2026-05-29,2818.7578692650472,-0.06041404357831759,3039.537493735475,2818.7578692650472,-220.77962447042773,-0.07263592731639512,False,False,,,False,False,,,False,False,False,,,66,507,B_ETF_trend_following,A_ETF_sector_momentum,B_ETF_trend_following,0,4451,deterministic_stratified_sample
