variant_name,slippage_label,horizon_trading_days,start_date,end_date,final_equity,total_return,max_equity,min_equity,max_drawdown_dollars,max_drawdown_pct,target_300_hit,target_300_before_any_stop,target_300_first_date,target_300_trading_days,target_400_hit,target_400_before_any_stop,target_400_first_date,target_400_trading_days,absolute_floor_stop_hit,trailing_drawdown_stop_hit,any_project_stop_hit,first_project_stop_date,first_project_stop_type,number_of_trades,number_of_skipped_signals,strategies_killed,best_strategy_by_pnl,worst_strategy_by_pnl,ending_open_positions_count,possible_window_count,window_sampling_method
current_no_cash_proxy_alpha_AB,standard,90,2008-01-03,2008-05-12,2964.2611531225857,-0.011912948959138081,3000.0,2964.2611531225857,-35.73884687741429,-0.011912948959138081,False,False,,,False,False,,,False,False,False,,,2,20,,B_ETF_trend_following,B_ETF_trend_following,0,4541,deterministic_stratified_sample
current_no_cash_proxy_alpha_AB,standard,90,2008-01-16,2008-05-23,2918.42462742078,-0.027191790859739995,3061.9526389000052,2918.42462742078,-143.52801147922537,-0.04687466737917512,False,False,,,False,False,,,False,False,False,,,4,22,,A_ETF_sector_momentum,B_ETF_trend_following,0,4541,deterministic_stratified_sample
current_no_cash_proxy_alpha_AB,standard,90,2008-01-22,2008-05-29,2904.2967531015292,-0.03190108229949029,3061.9526389000052,2904.2967531015292,-157.655885798476,-0.05148867549274483,False,False,,,False,False,,,False,False,False,,,4,22,,A_ETF_sector_momentum,B_ETF_trend_following,0,4541,deterministic_stratified_sample
current_no_cash_proxy_alpha_AB,standard,90,2008-01-30,2008-06-06,2904.2967531015292,-0.03190108229949029,3061.9526389000052,2904.2967531015292,-157.655885798476,-0.05148867549274483,False,False,,,False,False,,,False,False,False,,,4,22,,A_ETF_sector_momentum,B_ETF_trend_following,0,4541,deterministic_stratified_sample
current_no_cash_proxy_alpha_AB,standard,90,2008-02-07,2008-06-16,2904.2967531015292,-0.03190108229949029,3061.9526389000052,2904.2967531015292,-157.655885798476,-0.05148867549274483,False,False,,,False,False,,,False,False,False,,,4,23,,A_ETF_sector_momentum,B_ETF_trend_following,0,4541,deterministic_stratified_sample
current_no_cash_proxy_alpha_AB,standard,90,2008-02-12,2008-06-19,2904.2967531015292,-0.03190108229949029,3061.9526389000052,2904.2967531015292,-157.655885798476,-0.05148867549274483,False,False,,,False,False,,,False,False,False,,,4,22,,A_ETF_sector_momentum,B_ETF_trend_following,0,4541,deterministic_stratified_sample
current_no_cash_proxy_alpha_AB,standard,90,2008-02-26,2008-07-02,2904.2967531015292,-0.03190108229949029,3061.9526389000052,2904.2967531015292,-157.655885798476,-0.05148867549274483,False,False,,,False,False,,,False,False,False,,,4,22,,A_ETF_sector_momentum,B_ETF_trend_following,0,4541,deterministic_stratified_sample
current_no_cash_proxy_alpha_AB,standard,90,2008-03-10,2008-07-16,2904.2967531015292,-0.03190108229949029,3061.9526389000052,2904.2967531015292,-157.655885798476,-0.05148867549274483,False,False,,,False,False,,,False,False,False,,,4,22,,A_ETF_sector_momentum,B_ETF_trend_following,0,4541,deterministic_stratified_sample
current_no_cash_proxy_alpha_AB,standard,90,2008-03-13,2008-07-21,2904.2967531015292,-0.03190108229949029,3061.9526389000052,2904.2967531015292,-157.655885798476,-0.05148867549274483,False,False,,,False,False,,,False,False,False,,,4,23,,A_ETF_sector_momentum,B_ETF_trend_following,0,4541,deterministic_stratified_sample
current_no_cash_proxy_alpha_AB,standard,90,2008-03-19,2008-07-25,2904.2967531015292,-0.03190108229949029,3061.9526389000052,2904.2967531015292,-157.655885798476,-0.05148867549274483,False,False,,,False,False,,,False,False,False,,,4,22,,A_ETF_sector_momentum,B_ETF_trend_following,0,4541,deterministic_stratified_sample
current_no_cash_proxy_alpha_AB,standard,90,2008-03-25,2008-07-30,2904.2967531015292,-0.03190108229949029,3061.9526389000052,2904.2967531015292,-157.655885798476,-0.05148867549274483,False,False,,,False,False,,,False,False,False,,,4,22,,A_ETF_sector_momentum,B_ETF_trend_following,0,4541,deterministic_stratified_sample
current_no_cash_proxy_alpha_AB,standard,90,2008-04-01,2008-08-06,2904.2967531015292,-0.03190108229949029,3061.9526389000052,2904.2967531015292,-157.655885798476,-0.05148867549274483,False,False,,,False,False,,,False,False,False,,,4,22,,A_ETF_sector_momentum,B_ETF_trend_following,0,4541,deterministic_stratified_sample
current_no_cash_proxy_alpha_AB,standard,90,2008-04-07,2008-08-12,2904.2967531015292,-0.03190108229949029,3061.9526389000052,2904.2967531015292,-157.655885798476,-0.05148867549274483,False,False,,,False,False,,,False,False,False,,,4,22,,A_ETF_sector_momentum,B_ETF_trend_following,0,4541,deterministic_stratified_sample
current_no_cash_proxy_alpha_AB,standard,90,2008-04-17,2008-08-22,2904.2967531015292,-0.03190108229949029,3061.9526389000052,2904.2967531015292,-157.655885798476,-0.05148867549274483,False,False,,,False,False,,,False,False,False,,,4,22,,A_ETF_sector_momentum,B_ETF_trend_following,0,4541,deterministic_stratified_sample
current_no_cash_proxy_alpha_AB,standard,90,2008-04-18,2008-08-25,2904.2967531015292,-0.03190108229949029,3061.9526389000052,2904.2967531015292,-157.655885798476,-0.05148867549274483,False,False,,,False,False,,,False,False,False,,,4,23,,A_ETF_sector_momentum,B_ETF_trend_following,0,4541,deterministic_stratified_sample
current_no_cash_proxy_alpha_AB,standard,90,2008-05-01,2008-09-08,2904.2967531015292,-0.03190108229949029,3061.9526389000052,2904.2967531015292,-157.655885798476,-0.05148867549274483,False,False,,,False,False,,,False,False,False,,,4,23,,A_ETF_sector_momentum,B_ETF_trend_following,0,4541,deterministic_stratified_sample
current_no_cash_proxy_alpha_AB,standard,90,2008-05-05,2008-09-10,2904.2967531015292,-0.03190108229949029,3061.9526389000052,2904.2967531015292,-157.655885798476,-0.05148867549274483,False,False,,,False,False,,,False,False,False,,,4,22,,A_ETF_sector_momentum,B_ETF_trend_following,0,4541,deterministic_stratified_sample
current_no_cash_proxy_alpha_AB,standard,90,2008-05-06,2008-09-11,2904.2967531015292,-0.03190108229949029,3061.9526389000052,2904.2967531015292,-157.655885798476,-0.05148867549274483,False,False,,,False,False,,,False,False,False,,,4,22,,A_ETF_sector_momentum,B_ETF_trend_following,0,4541,deterministic_stratified_sample
current_no_cash_proxy_alpha_AB,standard,90,2008-05-14,2008-09-19,2935.0482612271435,-0.02165057959095218,3046.402207584365,2935.0482612271435,-111.3539463572215,-0.03655260821436945,False,False,,,False,False,,,False,False,False,,,2,23,,B_ETF_trend_following,B_ETF_trend_following,0,4541,deterministic_stratified_sample
current_no_cash_proxy_alpha_AB,standard,90,2008-05-28,2008-10-02,3000.0,0.0,3000.0,3000.0,0.0,0.0,False,False,,,False,False,,,False,False,False,,,0,19,,,,0,4541,deterministic_stratified_sample
current_no_cash_proxy_alpha_AB,standard,90,2008-05-29,2008-10-03,3000.0,0.0,3000.0,3000.0,0.0,0.0,False,False,,,False,False,,,False,False,False,,,0,19,,,,0,4541,deterministic_stratified_sample
current_no_cash_proxy_alpha_AB,standard,90,2008-06-03,2008-10-08,3000.0,0.0,3000.0,3000.0,0.0,0.0,False,False,,,False,False,,,False,False,False,,,0,19,,,,0,4541,deterministic_stratified_sample
current_no_cash_proxy_alpha_AB,standard,90,2008-06-10,2008-10-15,3000.0,0.0,3000.0,3000.0,0.0,0.0,False,False,,,False,False,,,False,False,False,,,0,19,,,,0,4541,deterministic_stratified_sample
current_no_cash_proxy_alpha_AB,standard,90,2008-06-16,2008-10-21,3000.0,0.0,3000.0,3000.0,0.0,0.0,False,False,,,False,False,,,False,False,False,,,0,19,,,,0,4541,deterministic_stratified_sample
current_no_cash_proxy_alpha_AB,standard,90,2008-06-23,2008-10-28,3000.0,0.0,3000.0,3000.0,0.0,0.0,False,False,,,False,False,,,False,False,False,,,0,19,,,,0,4541,deterministic_stratified_sample
current_no_cash_proxy_alpha_AB,standard,90,2008-07-02,2008-11-06,3000.0,0.0,3000.0,3000.0,0.0,0.0,False,False,,,False,False,,,False,False,False,,,0,19,,,,0,4541,deterministic_stratified_sample
current_no_cash_proxy_alpha_AB,standard,90,2008-07-07,2008-11-10,3000.0,0.0,3000.0,3000.0,0.0,0.0,False,False,,,False,False,,,False,False,False,,,0,19,,,,0,4541,deterministic_stratified_sample
current_no_cash_proxy_alpha_AB,standard,90,2008-07-18,2008-11-21,3000.0,0.0,3000.0,3000.0,0.0,0.0,False,False,,,False,False,,,False,False,False,,,0,19,,,,0,4541,deterministic_stratified_sample
current_no_cash_proxy_alpha_AB,standard,90,2008-07-21,2008-11-24,3000.0,0.0,3000.0,3000.0,0.0,0.0,False,False,,,False,False,,,False,False,False,,,0,19,,,,0,4541,deterministic_stratified_sample
current_no_cash_proxy_alpha_AB,standard,90,2008-08-01,2008-12-08,3000.0,0.0,3000.0,3000.0,0.0,0.0,False,False,,,False,False,,,False,False,False,,,0,20,,,,0,4541,deterministic_stratified_sample
current_no_cash_proxy_alpha_AB,standard,90,2008-08-06,2008-12-11,3000.0,0.0,3000.0,3000.0,0.0,0.0,False,False,,,False,False,,,False,False,False,,,0,19,,,,0,4541,deterministic_stratified_sample
current_no_cash_proxy_alpha_AB,standard,90,2008-08-14,2008-12-19,3000.0,0.0,3000.0,3000.0,0.0,0.0,False,False,,,False,False,,,False,False,False,,,0,19,,,,0,4541,deterministic_stratified_sample
current_no_cash_proxy_alpha_AB,standard,90,2008-08-20,2008-12-26,3000.0,0.0,3000.0,3000.0,0.0,0.0,False,False,,,False,False,,,False,False,False,,,0,19,,,,0,4541,deterministic_stratified_sample
current_no_cash_proxy_alpha_AB,standard,90,2008-08-22,2008-12-30,3000.0,0.0,3000.0,3000.0,0.0,0.0,False,False,,,False,False,,,False,False,False,,,0,20,,,,0,4541,deterministic_stratified_sample
current_no_cash_proxy_alpha_AB,standard,90,2008-08-27,2009-01-05,3000.0,0.0,3000.0,3000.0,0.0,0.0,False,False,,,False,False,,,False,False,False,,,0,20,,,,0,4541,deterministic_stratified_sample
current_no_cash_proxy_alpha_AB,standard,90,2008-09-10,2009-01-16,3000.0,0.0,3000.0,3000.0,0.0,0.0,False,False,,,False,False,,,False,False,False,,,0,19,,,,0,4541,deterministic_stratified_sample
current_no_cash_proxy_alpha_AB,standard,90,2008-09-23,2009-01-30,3000.0,0.0,3000.0,3000.0,0.0,0.0,False,False,,,False,False,,,False,False,False,,,0,19,,,,0,4541,deterministic_stratified_sample
current_no_cash_proxy_alpha_AB,standard,90,2008-09-26,2009-02-04,3000.0,0.0,3000.0,3000.0,0.0,0.0,False,False,,,False,False,,,False,False,False,,,0,20,,,,0,4541,deterministic_stratified_sample
current_no_cash_proxy_alpha_AB,standard,90,2008-10-06,2009-02-12,3000.0,0.0,3000.0,3000.0,0.0,0.0,False,False,,,False,False,,,False,False,False,,,0,19,,,,0,4541,deterministic_stratified_sample
current_no_cash_proxy_alpha_AB,standard,90,2008-10-14,2009-02-23,3000.0,0.0,3000.0,3000.0,0.0,0.0,False,False,,,False,False,,,False,False,False,,,0,20,,,,0,4541,deterministic_stratified_sample
current_no_cash_proxy_alpha_AB,standard,90,2008-10-17,2009-02-26,3000.0,0.0,3000.0,3000.0,0.0,0.0,False,False,,,False,False,,,False,False,False,,,0,20,,,,0,4541,deterministic_stratified_sample
current_no_cash_proxy_alpha_AB,standard,90,2008-10-30,2009-03-11,3000.0,0.0,3000.0,3000.0,0.0,0.0,False,False,,,False,False,,,False,False,False,,,0,20,,,,0,4541,deterministic_stratified_sample
current_no_cash_proxy_alpha_AB,standard,90,2008-10-31,2009-03-12,3000.0,0.0,3000.0,3000.0,0.0,0.0,False,False,,,False,False,,,False,False,False,,,0,20,,,,0,4541,deterministic_stratified_sample
current_no_cash_proxy_alpha_AB,standard,90,2008-11-12,2009-03-24,3000.0,0.0,3000.0,3000.0,0.0,0.0,False,False,,,False,False,,,False,False,False,,,0,20,,,,0,4541,deterministic_stratified_sample
current_no_cash_proxy_alpha_AB,standard,90,2008-11-13,2009-03-25,3000.0,0.0,3000.0,3000.0,0.0,0.0,False,False,,,False,False,,,False,False,False,,,0,20,,,,0,4541,deterministic_stratified_sample
current_no_cash_proxy_alpha_AB,standard,90,2008-11-17,2009-03-27,3000.0,0.0,3000.0,3000.0,0.0,0.0,False,False,,,False,False,,,False,False,False,,,0,19,,,,0,4541,deterministic_stratified_sample
current_no_cash_proxy_alpha_AB,standard,90,2008-11-24,2009-04-03,3000.0,0.0,3000.0,3000.0,0.0,0.0,False,False,,,False,False,,,False,False,False,,,0,19,,,,0,4541,deterministic_stratified_sample
current_no_cash_proxy_alpha_AB,standard,90,2008-11-25,2009-04-06,3000.0,0.0,3000.0,3000.0,0.0,0.0,False,False,,,False,False,,,False,False,False,,,0,20,,,,0,4541,deterministic_stratified_sample
current_no_cash_proxy_alpha_AB,standard,90,2008-12-04,2009-04-15,3000.0,0.0,3000.0,3000.0,0.0,0.0,False,False,,,False,False,,,False,False,False,,,0,20,,,,0,4541,deterministic_stratified_sample
current_no_cash_proxy_alpha_AB,standard,90,2008-12-10,2009-04-21,3000.0,0.0,3000.0,3000.0,0.0,0.0,False,False,,,False,False,,,False,False,False,,,0,20,,,,0,4541,deterministic_stratified_sample
current_no_cash_proxy_alpha_AB,standard,90,2008-12-22,2009-05-01,3000.0,0.0,3000.0,3000.0,0.0,0.0,False,False,,,False,False,,,False,False,False,,,0,19,,,,0,4541,deterministic_stratified_sample
current_no_cash_proxy_alpha_AB,standard,90,2008-12-23,2009-05-04,3000.0,0.0,3000.0,3000.0,0.0,0.0,False,False,,,False,False,,,False,False,False,,,0,20,,,,0,4541,deterministic_stratified_sample
current_no_cash_proxy_alpha_AB,standard,90,2009-01-07,2009-05-15,3000.0,0.0,3000.0,3000.0,0.0,0.0,False,False,,,False,False,,,False,False,False,,,0,19,,,,0,4541,deterministic_stratified_sample
current_no_cash_proxy_alpha_AB,standard,90,2009-01-12,2009-05-20,3000.0,0.0,3000.0,3000.0,0.0,0.0,False,False,,,False,False,,,False,False,False,,,0,19,,,,0,4541,deterministic_stratified_sample
current_no_cash_proxy_alpha_AB,standard,90,2009-01-21,2009-05-29,3000.0,0.0,3000.0,3000.0,0.0,0.0,False,False,,,False,False,,,False,False,False,,,0,18,,,,0,4541,deterministic_stratified_sample
current_no_cash_proxy_alpha_AB,standard,90,2009-01-29,2009-06-08,3011.91787554453,0.003972625181509981,3035.9133294380526,2990.9732327646625,-35.892666567947344,-0.011858029976108742,False,False,,,False,False,,,False,False,False,,,3,25,,A_ETF_sector_momentum,B_ETF_trend_following,0,4541,deterministic_stratified_sample
current_no_cash_proxy_alpha_AB,standard,90,2009-02-03,2009-06-11,3026.6249212404027,0.008874973746801018,3035.9133294380526,2990.9732327646625,-35.892666567947344,-0.011858029976108742,False,False,,,False,False,,,False,False,False,,,3,26,,A_ETF_sector_momentum,B_ETF_trend_following,0,4541,deterministic_stratified_sample
current_no_cash_proxy_alpha_AB,standard,90,2009-02-17,2009-06-24,2912.755828685797,-0.029081390438067678,3035.9133294380526,2898.6638218940234,-137.24950754402926,-0.045208638274740864,False,False,,,False,False,,,False,False,False,,,4,25,,A_ETF_sector_momentum,B_ETF_trend_following,0,4541,deterministic_stratified_sample
current_no_cash_proxy_alpha_AB,standard,90,2009-03-02,2009-07-08,2833.5592563521386,-0.055480247882620515,3035.9133294380526,2827.844782968045,-208.06854647000773,-0.0685357333664467,False,False,,,False,False,,,False,False,False,,,6,23,B_ETF_trend_following,A_ETF_sector_momentum,B_ETF_trend_following,0,4541,deterministic_stratified_sample
current_no_cash_proxy_alpha_AB,standard,90,2009-03-05,2009-07-13,2861.4947855330183,-0.0461684048223272,3035.9133294380526,2827.844782968045,-208.06854647000773,-0.0685357333664467,False,False,,,False,False,,,False,False,False,,,6,23,B_ETF_trend_following,A_ETF_sector_momentum,B_ETF_trend_following,0,4541,deterministic_stratified_sample
current_no_cash_proxy_alpha_AB,standard,90,2009-03-13,2009-07-21,2941.1620022102584,-0.01961266592991384,3035.9133294380526,2827.844782968045,-208.06854647000773,-0.0685357333664467,False,False,,,False,False,,,False,False,False,,,7,43,B_ETF_trend_following,A_ETF_sector_momentum,B_ETF_trend_following,0,4541,deterministic_stratified_sample
current_no_cash_proxy_alpha_AB,standard,90,2009-03-23,2009-07-29,3014.1837614747074,0.004727920491569115,3035.9133294380526,2827.844782968045,-208.06854647000773,-0.0685357333664467,False,False,,,False,False,,,False,False,False,,,7,69,B_ETF_trend_following,A_ETF_sector_momentum,B_ETF_trend_following,0,4541,deterministic_stratified_sample
current_no_cash_proxy_alpha_AB,standard,90,2009-03-26,2009-08-03,3052.021702405759,0.017340567468586254,3052.021702405759,2827.844782968045,-208.06854647000773,-0.0685357333664467,False,False,,,False,False,,,False,False,False,,,7,79,B_ETF_trend_following,A_ETF_sector_momentum,B_ETF_trend_following,0,4541,deterministic_stratified_sample
current_no_cash_proxy_alpha_AB,standard,90,2009-04-08,2009-08-14,3013.4537879316717,0.0044845959772239485,3052.021702405759,2827.844782968045,-208.06854647000773,-0.0685357333664467,False,False,,,False,False,,,False,False,False,,,7,99,B_ETF_trend_following,A_ETF_sector_momentum,B_ETF_trend_following,0,4541,deterministic_stratified_sample
current_no_cash_proxy_alpha_AB,standard,90,2009-04-23,2009-08-28,3018.2407461115367,0.006080248703845603,3052.021702405759,2827.844782968045,-208.06854647000773,-0.0685357333664467,False,False,,,False,False,,,False,False,False,,,8,124,B_ETF_trend_following,A_ETF_sector_momentum,B_ETF_trend_following,0,4541,deterministic_stratified_sample
current_no_cash_proxy_alpha_AB,standard,90,2009-04-27,2009-09-01,2943.679355123792,-0.018773548292069342,3052.021702405759,2827.844782968045,-208.06854647000773,-0.0685357333664467,False,False,,,False,False,,,False,False,False,,,8,129,B_ETF_trend_following,A_ETF_sector_momentum,B_ETF_trend_following,0,4541,deterministic_stratified_sample
current_no_cash_proxy_alpha_AB,standard,90,2009-05-06,2009-09-11,2992.565141855519,-0.002478286048160361,3052.021702405759,2827.844782968045,-208.06854647000773,-0.0685357333664467,False,False,,,False,False,,,False,False,False,,,9,145,B_ETF_trend_following,A_ETF_sector_momentum,B_ETF_trend_following,0,4541,deterministic_stratified_sample
current_no_cash_proxy_alpha_AB,standard,90,2009-05-13,2009-09-18,3047.979876138916,0.015993292046305285,3052.021702405759,2827.844782968045,-208.06854647000773,-0.0685357333664467,False,False,,,False,False,,,False,False,False,,,10,165,B_ETF_trend_following,A_ETF_sector_momentum,B_ETF_trend_following,0,4541,deterministic_stratified_sample
current_no_cash_proxy_alpha_AB,standard,90,2009-05-19,2009-09-24,3015.403612329742,0.005134537443247211,3071.037405380189,2827.844782968045,-208.06854647000773,-0.0685357333664467,False,False,,,False,False,,,False,False,False,,,11,177,B_ETF_trend_following,A_ETF_sector_momentum,B_ETF_trend_following,0,4541,deterministic_stratified_sample
current_no_cash_proxy_alpha_AB,standard,90,2009-06-02,2009-10-07,3064.4869873169505,0.021495662438983487,3117.3301802907768,2849.2517142646975,-169.03194897077447,-0.05600267166061501,False,False,,,False,False,,,False,False,False,,,14,182,,B_ETF_trend_following,A_ETF_sector_momentum,0,4541,deterministic_stratified_sample
current_no_cash_proxy_alpha_AB,standard,90,2009-06-15,2009-10-20,3221.273007675229,0.07375766922507632,3223.593575231428,2912.016611530441,-132.50103405606023,-0.0430011763053052,False,False,,,False,False,,,False,False,False,,,14,202,,B_ETF_trend_following,A_ETF_sector_momentum,0,4541,deterministic_stratified_sample
current_no_cash_proxy_alpha_AB,standard,90,2009-06-26,2009-11-02,3138.5285890212303,0.04617619634041015,3222.584819343159,2911.0664583062835,-132.46326333467914,-0.04183276175417627,False,False,,,False,False,,,False,False,False,,,14,206,,B_ETF_trend_following,A_ETF_sector_momentum,0,4541,deterministic_stratified_sample
current_no_cash_proxy_alpha_AB,standard,90,2009-07-10,2009-11-13,3494.4577353059335,0.16481924510197787,3494.4577353059335,3000.0,-150.92308460633285,-0.04449299352123004,True,True,2009-07-23,10,True,True,2009-10-12,66,False,False,False,,,15,212,,A_ETF_sector_momentum,B_ETF_trend_following,0,4541,deterministic_stratified_sample
current_no_cash_proxy_alpha_AB,standard,90,2009-07-13,2009-11-16,3391.625442401859,0.13054181413395294,3391.625442401859,3000.0,-135.99857105070805,-0.04170772995550709,True,True,2009-10-19,70,False,False,,,False,False,False,,,14,222,,B_ETF_trend_following,A_ETF_sector_momentum,0,4541,deterministic_stratified_sample
current_no_cash_proxy_alpha_AB,standard,90,2009-07-20,2009-11-23,3378.700098765883,0.12623336625529435,3378.700098765883,2991.9003476159887,-143.04305301073555,-0.04562859188530777,True,True,2009-11-16,85,False,False,,,False,False,False,,,17,203,,A_ETF_sector_momentum,B_ETF_trend_following,0,4541,deterministic_stratified_sample
current_no_cash_proxy_alpha_AB,standard,90,2009-07-23,2009-11-27,3275.507923701671,0.0918359745672237,3317.357165307363,2943.5380692159133,-121.84398126099813,-0.039748383481935545,True,True,2009-11-25,89,False,False,,,False,False,False,,,14,215,,A_ETF_sector_momentum,B_ETF_trend_following,0,4541,deterministic_stratified_sample
current_no_cash_proxy_alpha_AB,standard,90,2009-08-05,2009-12-10,3197.0497349562274,0.06568324498540923,3295.077289268234,2857.948302614371,-142.0516973856288,-0.047350565795209576,False,False,,,False,False,,,False,False,False,,,19,181,,A_ETF_sector_momentum,B_ETF_trend_following,0,4541,deterministic_stratified_sample
current_no_cash_proxy_alpha_AB,standard,90,2009-08-06,2009-12-11,3302.0671672727804,0.10068905575759346,3386.7576894599624,2936.107233815521,-140.2399786198007,-0.04140832958207963,True,True,2009-11-25,79,False,False,,,False,False,False,,,16,186,,A_ETF_sector_momentum,B_ETF_trend_following,0,4541,deterministic_stratified_sample
current_no_cash_proxy_alpha_AB,standard,90,2009-08-18,2009-12-23,3374.5949175542255,0.12486497251807527,3438.215071620447,2974.2675342708058,-142.26238062687025,-0.04137681257962178,True,True,2009-11-23,69,True,True,2009-12-02,75,False,False,False,,,16,190,,A_ETF_sector_momentum,B_ETF_trend_following,0,4541,deterministic_stratified_sample
current_no_cash_proxy_alpha_AB,standard,90,2009-09-01,2010-01-08,3428.1279077849704,0.14270930259499015,3439.194357184874,3000.0,-142.29841009819165,-0.04137550697037917,True,True,2009-11-23,59,True,True,2009-12-02,65,False,False,False,,,16,193,,A_ETF_sector_momentum,B_ETF_trend_following,0,4541,deterministic_stratified_sample
current_no_cash_proxy_alpha_AB,standard,90,2009-09-15,2010-01-22,3249.366681845884,0.08312222728196139,3328.435921729591,2927.6616690515993,-137.62389425273614,-0.04140832958207974,True,True,2009-12-02,56,False,False,,,False,False,False,,,18,187,,A_ETF_sector_momentum,B_ETF_trend_following,0,4541,deterministic_stratified_sample
current_no_cash_proxy_alpha_AB,standard,90,2009-09-22,2010-01-29,3166.504792475179,0.05550159749172634,3272.321332204142,2877.9002116736933,-135.30367282847283,-0.04140832958207985,False,False,,,False,False,,,False,False,False,,,20,169,,A_ETF_sector_momentum,B_ETF_trend_following,0,4541,deterministic_stratified_sample
current_no_cash_proxy_alpha_AB,standard,90,2009-09-28,2010-02-04,3248.9925603894144,0.08299752012980477,3369.8493132636695,2952.557870575437,-139.3362517537248,-0.04140832958207974,True,True,2009-11-25,43,False,False,,,False,False,False,,,19,164,,A_ETF_sector_momentum,B_ETF_trend_following,0,4541,deterministic_stratified_sample
current_no_cash_proxy_alpha_AB,standard,90,2009-09-29,2010-02-05,3280.042688140459,0.09334756271348632,3408.9130244463904,2986.700750821782,-140.9514548651414,-0.04140832958207963,True,True,2009-11-24,41,True,True,2009-12-02,46,False,False,False,,,19,164,,B_ETF_trend_following,A_ETF_sector_momentum,0,4541,deterministic_stratified_sample
current_no_cash_proxy_alpha_AB,standard,90,2009-10-09,2010-02-18,3203.1519617069343,0.06771732056897806,3304.0932310593676,2969.733667146964,-140.58273174636224,-0.0425480523445424,True,True,2010-01-19,69,False,False,,,False,False,False,,,20,159,,B_ETF_trend_following,A_ETF_sector_momentum,0,4541,deterministic_stratified_sample
current_no_cash_proxy_alpha_AB,standard,90,2009-10-22,2010-03-03,3199.9284324815685,0.06664281082718948,3265.383217291078,2923.9798903003666,-138.8272236102057,-0.04251483344284934,False,False,,,False,False,,,False,False,False,,,19,155,,A_ETF_sector_momentum,B_ETF_trend_following,0,4541,deterministic_stratified_sample
current_no_cash_proxy_alpha_AB,standard,90,2009-11-04,2010-03-16,3300.5905828368022,0.10019686094560076,3300.5905828368022,3000.0,-139.2887443216846,-0.042532516973386,True,True,2010-03-16,90,False,False,,,False,False,False,,,19,196,,B_ETF_trend_following,A_ETF_sector_momentum,0,4541,deterministic_stratified_sample
current_no_cash_proxy_alpha_AB,standard,90,2009-11-06,2010-03-18,3216.2810193747205,0.07209367312490689,3216.2810193747205,2996.436160508039,-164.05621301561905,-0.05119474162800197,False,False,,,False,False,,,False,False,False,,,19,209,,A_ETF_sector_momentum,B_ETF_trend_following,0,4541,deterministic_stratified_sample
current_no_cash_proxy_alpha_AB,standard,90,2009-11-17,2010-03-29,3144.0812489558557,0.04802708298528513,3144.0812489558557,2931.1601578794466,-164.51654655049333,-0.05314396891479933,False,False,,,False,False,,,False,False,False,,,20,202,,B_ETF_trend_following,A_ETF_sector_momentum,0,4541,deterministic_stratified_sample
current_no_cash_proxy_alpha_AB,standard,90,2009-11-20,2010-04-01,3126.7638623790053,0.042254620793001685,3126.7638623790053,2914.263898729426,-157.7233172596143,-0.05134243933005256,False,False,,,False,False,,,False,False,False,,,19,203,,B_ETF_trend_following,A_ETF_sector_momentum,0,4541,deterministic_stratified_sample
current_no_cash_proxy_alpha_AB,standard,90,2009-12-01,2010-04-12,3178.7844995451737,0.05959483318172465,3178.7844995451737,2914.076785403337,-138.53008651229584,-0.04538091288032864,False,False,,,False,False,,,False,False,False,,,18,208,,A_ETF_sector_momentum,B_ETF_trend_following,0,4541,deterministic_stratified_sample
current_no_cash_proxy_alpha_AB,standard,90,2009-12-14,2010-04-23,3325.096674450734,0.10836555815024473,3326.496754009653,2961.959005451967,-137.85301166173986,-0.04447141016960676,True,True,2010-04-22,89,False,False,,,False,False,False,,,12,220,,A_ETF_sector_momentum,B_ETF_trend_following,0,4541,deterministic_stratified_sample
current_no_cash_proxy_alpha_AB,standard,90,2009-12-15,2010-04-26,3381.637163288844,0.12721238776294808,3381.637163288844,2972.0716410992254,-152.80242175605417,-0.04841806926891423,True,True,2010-04-14,82,False,False,,,False,False,False,,,14,220,,A_ETF_sector_momentum,B_ETF_trend_following,0,4541,deterministic_stratified_sample
current_no_cash_proxy_alpha_AB,standard,90,2009-12-28,2010-05-06,3272.536416305274,0.09084547210175797,3276.441058743164,2909.673835515743,-126.2325293627332,-0.04157984937318249,False,False,,,False,False,,,False,False,False,,,16,202,,A_ETF_sector_momentum,B_ETF_trend_following,0,4541,deterministic_stratified_sample
current_no_cash_proxy_alpha_AB,standard,90,2010-01-08,2010-05-18,3260.175665705243,0.08672522190174758,3273.144395895699,2876.6486976988986,-123.35130230110144,-0.04111710076703379,False,False,,,False,False,,,False,False,False,,,17,174,,B_ETF_trend_following,A_ETF_sector_momentum,0,4541,deterministic_stratified_sample
current_no_cash_proxy_alpha_AB,standard,90,2010-01-11,2010-05-19,3265.1679040838053,0.08838930136126844,3317.702779141034,2915.809455560663,-135.01774261689752,-0.04425610952254244,True,True,2010-05-11,84,False,False,,,False,False,False,,,16,171,,B_ETF_trend_following,A_ETF_sector_momentum,0,4541,deterministic_stratified_sample
current_no_cash_proxy_alpha_AB,standard,90,2010-01-26,2010-06-03,3312.688018224778,0.10422933940825918,3364.9834558369075,2957.362739068122,-100.7971565350108,-0.03296006748369562,True,True,2010-04-22,61,False,False,,,False,False,False,,,12,164,,A_ETF_sector_momentum,B_ETF_trend_following,0,4541,deterministic_stratified_sample
current_no_cash_proxy_alpha_AB,standard,90,2010-02-01,2010-06-09,3393.4773265757954,0.13115910885859838,3426.381114189284,2988.565497134155,-88.12078305088698,-0.025986801879043897,True,True,2010-04-14,51,True,True,2010-05-11,70,False,False,False,,,10,166,,B_ETF_trend_following,A_ETF_sector_momentum,0,4541,deterministic_stratified_sample
current_no_cash_proxy_alpha_AB,standard,90,2010-02-08,2010-06-16,3380.497873473011,0.12683262449100363,3413.497517281794,3000.0,-87.71063861743824,-0.02596408172830411,True,True,2010-04-14,46,True,True,2010-05-11,65,False,False,False,,,9,166,,A_ETF_sector_momentum,B_ETF_trend_following,0,4541,deterministic_stratified_sample
current_no_cash_proxy_alpha_AB,standard,90,2010-02-22,2010-06-29,3243.51450354795,0.08117150118264993,3405.476016274415,2974.0242403780067,-189.1839027910919,-0.055552851315646246,True,True,2010-04-09,34,True,True,2010-04-26,45,False,False,False,,,13,169,,B_ETF_trend_following,A_ETF_sector_momentum,0,4541,deterministic_stratified_sample
current_no_cash_proxy_alpha_AB,standard,90,2010-03-05,2010-07-13,3204.9607873522773,0.06832026245075906,3255.6757294129475,3000.0,-83.5815913501574,-0.025941777150960355,False,False,,,False,False,,,False,False,False,,,11,144,,B_ETF_trend_following,A_ETF_sector_momentum,0,4541,deterministic_stratified_sample
current_no_cash_proxy_alpha_AB,standard,90,2010-03-08,2010-07-14,3158.0846230054476,0.05269487433514919,3321.910511380377,3000.0,-184.1178924954629,-0.05542530175472882,True,True,2010-04-23,34,False,False,,,False,False,False,,,12,133,,B_ETF_trend_following,A_ETF_sector_momentum,0,4541,deterministic_stratified_sample
current_no_cash_proxy_alpha_AB,standard,90,2010-03-18,2010-07-26,3076.3401181517706,0.025446706050590295,3146.187743574319,2988.0403931344713,-123.56936945169036,-0.03927590453051155,False,False,,,False,False,,,False,False,False,,,12,103,,B_ETF_trend_following,A_ETF_sector_momentum,0,4541,deterministic_stratified_sample
current_no_cash_proxy_alpha_AB,standard,90,2010-03-26,2010-08-03,2967.028498826534,-0.010990500391155344,3179.949745886457,2967.028498826534,-212.9212470599232,-0.06695742514024172,False,False,,,False,False,,,False,False,False,,,16,80,,A_ETF_sector_momentum,B_ETF_trend_following,0,4541,deterministic_stratified_sample
current_no_cash_proxy_alpha_AB,standard,90,2010-03-31,2010-08-06,2964.6924386545015,-0.011769187115166169,3159.3838828557186,2947.5953961820105,-211.78848667370812,-0.06703474301523493,False,False,,,False,False,,,False,False,False,,,16,78,,A_ETF_sector_momentum,B_ETF_trend_following,0,4541,deterministic_stratified_sample
current_no_cash_proxy_alpha_AB,standard,90,2010-04-14,2010-08-19,2830.011945417915,-0.056662684860695034,3078.848578134355,2822.094878522834,-256.75369961152137,-0.08339276619024327,False,False,,,False,False,,,False,False,False,,,16,52,B_ETF_trend_following,A_ETF_sector_momentum,B_ETF_trend_following,0,4541,deterministic_stratified_sample
current_no_cash_proxy_alpha_AB,standard,90,2010-04-27,2010-09-01,2943.16838418869,-0.01894387193710323,3095.9969099865457,2934.683044844055,-161.3138651424906,-0.05210401361259487,False,False,,,False,False,,,False,False,False,,,10,33,,B_ETF_trend_following,A_ETF_sector_momentum,0,4541,deterministic_stratified_sample
current_no_cash_proxy_alpha_AB,standard,90,2010-05-10,2010-09-15,2809.606166144129,-0.06346461128529035,3000.58706874587,2781.8922115852815,-218.69485716058853,-0.07288402307618902,False,False,,,False,False,,,False,False,False,,,12,35,B_ETF_trend_following,A_ETF_sector_momentum,B_ETF_trend_following,0,4541,deterministic_stratified_sample
current_no_cash_proxy_alpha_AB,standard,90,2010-05-21,2010-09-28,2915.521371793434,-0.028159542735522014,3009.642658054897,2827.86651496362,-181.77614309127694,-0.060397915548139225,False,False,,,False,False,,,False,False,False,,,9,52,B_ETF_trend_following,A_ETF_sector_momentum,B_ETF_trend_following,0,4541,deterministic_stratified_sample
current_no_cash_proxy_alpha_AB,standard,90,2010-05-25,2010-09-30,2911.871917617364,-0.02937602746087864,3009.642658054897,2827.86651496362,-181.77614309127694,-0.060397915548139225,False,False,,,False,False,,,False,False,False,,,9,57,B_ETF_trend_following,A_ETF_sector_momentum,B_ETF_trend_following,0,4541,deterministic_stratified_sample
current_no_cash_proxy_alpha_AB,standard,90,2010-06-07,2010-10-12,2961.3834509538674,-0.012872183015377514,3009.642658054897,2827.86651496362,-181.77614309127694,-0.060397915548139225,False,False,,,False,False,,,False,False,False,,,9,79,B_ETF_trend_following,A_ETF_sector_momentum,B_ETF_trend_following,0,4541,deterministic_stratified_sample
current_no_cash_proxy_alpha_AB,standard,90,2010-06-14,2010-10-19,2934.476977478381,-0.02184100750720641,3009.642658054897,2827.86651496362,-181.77614309127694,-0.060397915548139225,False,False,,,False,False,,,False,False,False,,,9,99,B_ETF_trend_following,A_ETF_sector_momentum,B_ETF_trend_following,0,4541,deterministic_stratified_sample
current_no_cash_proxy_alpha_AB,standard,90,2010-06-17,2010-10-22,2930.8706940787933,-0.023043101973735602,3000.0,2824.391248963092,-175.60875103690796,-0.05853625034563603,False,False,,,False,False,,,False,False,False,,,9,102,B_ETF_trend_following,A_ETF_sector_momentum,B_ETF_trend_following,0,4541,deterministic_stratified_sample
current_no_cash_proxy_alpha_AB,standard,90,2010-06-18,2010-10-25,2966.513376762189,-0.011162207745936903,3030.303206369528,2874.6404608938183,-125.35953910618173,-0.041786513035393935,False,False,,,False,False,,,False,False,False,,,11,104,B_ETF_trend_following,A_ETF_sector_momentum,B_ETF_trend_following,0,4541,deterministic_stratified_sample
current_no_cash_proxy_alpha_AB,standard,90,2010-07-01,2010-11-05,2992.9651580171703,-0.0023449473276099253,3048.1873242215947,2891.605894807125,-108.39410519287503,-0.036131368397624986,False,False,,,False,False,,,False,False,False,,,9,130,B_ETF_trend_following,A_ETF_sector_momentum,B_ETF_trend_following,0,4541,deterministic_stratified_sample
current_no_cash_proxy_alpha_AB,standard,90,2010-07-07,2010-11-10,2991.1402782788473,-0.002953240573717597,3048.1873242215947,2891.605894807125,-108.39410519287503,-0.036131368397624986,False,False,,,False,False,,,False,False,False,,,11,138,B_ETF_trend_following,A_ETF_sector_momentum,B_ETF_trend_following,0,4541,deterministic_stratified_sample
current_no_cash_proxy_alpha_AB,standard,90,2010-07-08,2010-11-11,2954.212388661802,-0.015262537112732733,3048.1873242215947,2891.605894807125,-108.39410519287503,-0.036131368397624986,False,False,,,False,False,,,False,False,False,,,11,139,B_ETF_trend_following,A_ETF_sector_momentum,B_ETF_trend_following,0,4541,deterministic_stratified_sample
current_no_cash_proxy_alpha_AB,standard,90,2010-07-13,2010-11-16,2906.5075323276483,-0.031164155890783918,3048.1873242215947,2891.605894807125,-141.67979189394646,-0.04648001478390984,False,False,,,False,False,,,False,False,False,,,12,139,B_ETF_trend_following,A_ETF_sector_momentum,B_ETF_trend_following,0,4541,deterministic_stratified_sample
current_no_cash_proxy_alpha_AB,standard,90,2010-07-15,2010-11-18,2926.600080028803,-0.024466639990398997,3048.1873242215947,2891.605894807125,-141.67979189394646,-0.04648001478390984,False,False,,,False,False,,,False,False,False,,,12,139,B_ETF_trend_following,A_ETF_sector_momentum,B_ETF_trend_following,0,4541,deterministic_stratified_sample
current_no_cash_proxy_alpha_AB,standard,90,2010-07-28,2010-12-02,3159.2980330362,0.05309934434539998,3159.2980330362,2917.74529216258,-111.58452416310502,-0.035522956418661655,False,False,,,False,False,,,False,False,False,,,15,121,,A_ETF_sector_momentum,B_ETF_trend_following,0,4541,deterministic_stratified_sample
current_no_cash_proxy_alpha_AB,standard,90,2010-07-29,2010-12-03,3167.3250804301115,0.05577502681003721,3167.3250804301115,2917.74529216258,-111.58452416310502,-0.035522956418661655,False,False,,,False,False,,,False,False,False,,,15,126,,A_ETF_sector_momentum,B_ETF_trend_following,0,4541,deterministic_stratified_sample
current_no_cash_proxy_alpha_AB,standard,90,2010-08-02,2010-12-07,3169.794677623828,0.05659822587460939,3169.794677623828,2917.74529216258,-111.58452416310502,-0.035522956418661655,False,False,,,False,False,,,False,False,False,,,15,137,,A_ETF_sector_momentum,B_ETF_trend_following,0,4541,deterministic_stratified_sample
current_no_cash_proxy_alpha_AB,standard,90,2010-08-10,2010-12-15,3218.8857384366574,0.0729619128122192,3247.977121898197,2986.5304139684768,-119.68782064711104,-0.03735939104873498,False,False,,,False,False,,,False,False,False,,,14,162,,A_ETF_sector_momentum,B_ETF_trend_following,0,4541,deterministic_stratified_sample
current_no_cash_proxy_alpha_AB,standard,90,2010-08-11,2010-12-16,3274.62678425676,0.09154226141892008,3280.629229711408,3000.0,-114.7302245293672,-0.03552295641866188,False,False,,,False,False,,,False,False,False,,,12,160,,A_ETF_sector_momentum,B_ETF_trend_following,0,4541,deterministic_stratified_sample
current_no_cash_proxy_alpha_AB,standard,90,2010-08-23,2010-12-29,3303.123328816052,0.10104110960535073,3309.9178318219488,3000.0,-114.7302245293672,-0.03552295641866188,True,True,2010-12-21,85,False,False,,,False,False,False,,,14,196,,A_ETF_sector_momentum,B_ETF_trend_following,0,4541,deterministic_stratified_sample
current_no_cash_proxy_alpha_AB,standard,90,2010-08-25,2010-12-31,3285.7311195240586,0.09524370650801961,3309.9178318219488,3000.0,-114.7302245293672,-0.03552295641866188,True,True,2010-12-21,83,False,False,,,False,False,False,,,14,201,,A_ETF_sector_momentum,B_ETF_trend_following,0,4541,deterministic_stratified_sample
current_no_cash_proxy_alpha_AB,standard,90,2010-09-03,2011-01-11,3336.3359544826544,0.11211198482755158,3336.3359544826544,3000.0,-114.7302245293672,-0.03552295641866188,True,True,2010-12-21,76,False,False,,,False,False,False,,,17,219,,A_ETF_sector_momentum,B_ETF_trend_following,0,4541,deterministic_stratified_sample
current_no_cash_proxy_alpha_AB,standard,90,2010-09-17,2011-01-25,3269.7801950619996,0.08992673168733312,3354.33135033297,3000.0,-125.47126616667492,-0.03920756262284486,True,True,2011-01-12,82,False,False,,,False,False,False,,,19,243,,A_ETF_sector_momentum,B_ETF_trend_following,0,4541,deterministic_stratified_sample
current_no_cash_proxy_alpha_AB,standard,90,2010-09-29,2011-02-04,3115.1324524594365,0.03837748415314546,3241.173098507628,2970.874804707956,-148.73156240659955,-0.04767638762840687,False,False,,,False,False,,,False,False,False,,,24,235,,A_ETF_sector_momentum,B_ETF_trend_following,0,4541,deterministic_stratified_sample
current_no_cash_proxy_alpha_AB,standard,90,2010-09-30,2011-02-07,3147.8289156050014,0.04927630520166715,3253.801472666419,2982.5617386638514,-148.23625086001857,-0.04555786580874044,False,False,,,False,False,,,False,False,False,,,24,237,,A_ETF_sector_momentum,B_ETF_trend_following,0,4541,deterministic_stratified_sample
current_no_cash_proxy_alpha_AB,standard,90,2010-10-14,2011-02-22,3065.191789779164,0.021730596593054763,3148.3566961851084,2885.6771320243997,-143.41998764702566,-0.04555391954819121,False,False,,,False,False,,,False,False,False,,,21,253,B_ETF_trend_following,A_ETF_sector_momentum,B_ETF_trend_following,0,4541,deterministic_stratified_sample
current_no_cash_proxy_alpha_AB,standard,90,2010-10-22,2011-03-02,3217.621654056639,0.07254055135221305,3240.965415526978,2944.742740230391,-146.35700517369287,-0.045557974847083016,False,False,,,False,False,,,False,False,False,,,22,237,,A_ETF_sector_momentum,B_ETF_trend_following,0,4541,deterministic_stratified_sample
current_no_cash_proxy_alpha_AB,standard,90,2010-10-27,2011-03-07,3148.4036016641467,0.04946786722138219,3203.7724610117984,2931.8072524354775,-141.7213033002363,-0.044436375229787495,False,False,,,False,False,,,False,False,False,,,17,233,,B_ETF_trend_following,A_ETF_sector_momentum,0,4541,deterministic_stratified_sample
current_no_cash_proxy_alpha_AB,standard,90,2010-10-28,2011-03-08,3189.512853755133,0.06317095125171113,3239.094782123204,2932.274259900179,-145.72105087909722,-0.04555347624553674,False,False,,,False,False,,,False,False,False,,,21,230,,A_ETF_sector_momentum,B_ETF_trend_following,0,4541,deterministic_stratified_sample
current_no_cash_proxy_alpha_AB,standard,90,2010-11-09,2011-03-18,3083.2309930882325,0.027743664362744225,3241.0209557448147,2925.3602080657042,-157.78996265658225,-0.04868526455433575,False,False,,,False,False,,,False,False,False,,,14,213,,B_ETF_trend_following,A_ETF_sector_momentum,0,4541,deterministic_stratified_sample
current_no_cash_proxy_alpha_AB,standard,90,2010-11-19,2011-03-30,3202.877918406808,0.06762597280226923,3288.441241024043,2987.7743096442623,-160.70368193233298,-0.04886925754595173,False,False,,,False,False,,,False,False,False,,,20,217,,A_ETF_sector_momentum,B_ETF_trend_following,0,4541,deterministic_stratified_sample
current_no_cash_proxy_alpha_AB,standard,90,2010-11-22,2011-03-31,3253.308374709548,0.08443612490318264,3330.8729409163307,2994.4708014835346,-162.51496458394013,-0.048790502509901135,True,True,2011-02-28,67,False,False,,,False,False,False,,,15,221,,A_ETF_sector_momentum,B_ETF_trend_following,0,4541,deterministic_stratified_sample
current_no_cash_proxy_alpha_AB,standard,90,2010-12-06,2011-04-13,3077.2165780449877,0.0257388593483292,3195.111281438316,2958.554663873288,-155.5338622430163,-0.048678699595402164,False,False,,,False,False,,,False,False,False,,,15,232,,A_ETF_sector_momentum,B_ETF_trend_following,0,4541,deterministic_stratified_sample
current_no_cash_proxy_alpha_AB,standard,90,2010-12-17,2011-04-27,3044.6820696226455,0.014894023207548512,3134.988369195361,2948.0183712994535,-186.96999789590745,-0.05963977402056386,False,False,,,False,False,,,False,False,False,,,19,227,B_ETF_trend_following,A_ETF_sector_momentum,B_ETF_trend_following,0,4541,deterministic_stratified_sample
current_no_cash_proxy_alpha_AB,standard,90,2010-12-22,2011-05-02,3188.026865628888,0.06267562187629605,3199.134677788954,2990.9903738444386,-154.9822988252531,-0.0487558172955479,False,False,,,False,False,,,False,False,False,,,16,215,,A_ETF_sector_momentum,B_ETF_trend_following,0,4541,deterministic_stratified_sample
current_no_cash_proxy_alpha_AB,standard,90,2010-12-31,2011-05-10,3026.6468877586613,0.008882295919553806,3039.4956500048847,2883.1734292294877,-156.322220775397,-0.05143031567593981,False,False,,,False,False,,,False,False,False,,,18,213,B_ETF_trend_following,A_ETF_sector_momentum,B_ETF_trend_following,0,4541,deterministic_stratified_sample
current_no_cash_proxy_alpha_AB,standard,90,2011-01-10,2011-05-18,3189.176318270212,0.06305877275673732,3189.176318270212,2954.8298662094066,-138.19690794468488,-0.04451017809194224,False,False,,,False,False,,,False,False,False,,,18,183,,A_ETF_sector_momentum,B_ETF_trend_following,0,4541,deterministic_stratified_sample
current_no_cash_proxy_alpha_AB,standard,90,2011-01-13,2011-05-23,3038.2799046082864,0.01275996820276215,3079.3042605590254,2894.8640407472503,-152.1158240688328,-0.049923475315782784,False,False,,,False,False,,,False,False,False,,,15,198,B_ETF_trend_following,A_ETF_sector_momentum,B_ETF_trend_following,0,4541,deterministic_stratified_sample
current_no_cash_proxy_alpha_AB,standard,90,2011-01-18,2011-05-25,3036.2354524164152,0.012078484138805079,3088.9967542959566,2892.9639051701865,-141.75384380764444,-0.046540625281259906,False,False,,,False,False,,,False,False,False,,,13,191,B_ETF_trend_following,A_ETF_sector_momentum,B_ETF_trend_following,0,4541,deterministic_stratified_sample
current_no_cash_proxy_alpha_AB,standard,90,2011-01-27,2011-06-06,3162.6025151577965,0.05420083838593226,3232.783804311242,2955.461589922083,-139.87945220690017,-0.044583597756164606,False,False,,,False,False,,,False,False,False,,,17,156,,A_ETF_sector_momentum,B_ETF_trend_following,0,4541,deterministic_stratified_sample
current_no_cash_proxy_alpha_AB,standard,90,2011-02-09,2011-06-17,3002.8514080350387,0.000950469345012861,3086.7900808420604,2863.525040214049,-188.53017114518843,-0.061771546741196115,False,False,,,False,False,,,False,False,False,,,17,130,,B_ETF_trend_following,A_ETF_sector_momentum,0,4541,deterministic_stratified_sample
current_no_cash_proxy_alpha_AB,standard,90,2011-02-24,2011-07-01,3014.085330621433,0.004695110207144415,3066.1956185259305,2856.738889974998,-167.50364748207903,-0.05538697555088412,False,False,,,False,False,,,False,False,False,,,19,104,,B_ETF_trend_following,A_ETF_sector_momentum,0,4541,deterministic_stratified_sample
current_no_cash_proxy_alpha_AB,standard,90,2011-02-28,2011-07-06,3058.557879448177,0.01951929314939238,3115.9029724261823,2890.2581927880497,-113.54104972089544,-0.03779914719801958,False,False,,,False,False,,,False,False,False,,,18,118,,B_ETF_trend_following,A_ETF_sector_momentum,0,4541,deterministic_stratified_sample
current_no_cash_proxy_alpha_AB,standard,90,2011-03-09,2011-07-15,3089.424497500252,0.029808165833417277,3206.1612864225235,2941.504498941604,-116.73678892227144,-0.036410142377000576,False,False,,,False,False,,,False,False,False,,,17,125,,A_ETF_sector_momentum,B_ETF_trend_following,0,4541,deterministic_stratified_sample
current_no_cash_proxy_alpha_AB,standard,90,2011-03-22,2011-07-28,3059.506377180208,0.019835459060069338,3186.597446573964,2979.531419203575,-161.59013325216483,-0.05070930230798265,False,False,,,False,False,,,False,False,False,,,18,137,,B_ETF_trend_following,A_ETF_sector_momentum,0,4541,deterministic_stratified_sample
current_no_cash_proxy_alpha_AB,standard,90,2011-03-23,2011-07-29,3085.168829330049,0.028389609776682923,3186.597446573964,2979.531419203575,-161.59013325216483,-0.05070930230798265,False,False,,,False,False,,,False,False,False,,,18,137,,B_ETF_trend_following,A_ETF_sector_momentum,0,4541,deterministic_stratified_sample
current_no_cash_proxy_alpha_AB,standard,90,2011-04-04,2011-08-10,3156.4024368614996,0.05213414562049978,3156.4024368614996,2910.2189515962295,-200.6906886456659,-0.06451189904379884,False,False,,,False,False,,,False,False,False,,,20,120,,A_ETF_sector_momentum,B_ETF_trend_following,0,4541,deterministic_stratified_sample
current_no_cash_proxy_alpha_AB,standard,90,2011-04-05,2011-08-11,3106.2223509594924,0.035407450319830724,3162.311199314247,2915.666860351351,-201.0663061873529,-0.06451187684143256,False,False,,,False,False,,,False,False,False,,,20,113,,A_ETF_sector_momentum,B_ETF_trend_following,0,4541,deterministic_stratified_sample
current_no_cash_proxy_alpha_AB,standard,90,2011-04-15,2011-08-23,3274.7365322763217,0.09157884409210726,3350.2964440862975,2996.328040478381,-162.15830977741825,-0.05069259055842912,True,True,2011-08-10,81,False,False,,,False,False,False,,,16,108,,B_ETF_trend_following,A_ETF_sector_momentum,0,4541,deterministic_stratified_sample
current_no_cash_proxy_alpha_AB,standard,90,2011-04-20,2011-08-26,3206.2385565474533,0.06874618551581779,3282.1498696062004,2974.9300969701444,-158.78830082864897,-0.050670890192362594,False,False,,,False,False,,,False,False,False,,,16,105,,B_ETF_trend_following,A_ETF_sector_momentum,0,4541,deterministic_stratified_sample
current_no_cash_proxy_alpha_AB,standard,90,2011-04-27,2011-09-01,3164.319999397388,0.05477333313246269,3233.134954528521,2930.503135418106,-156.4014093499868,-0.05066609837841185,False,False,,,False,False,,,False,False,False,,,17,84,,B_ETF_trend_following,A_ETF_sector_momentum,0,4541,deterministic_stratified_sample
current_no_cash_proxy_alpha_AB,standard,90,2011-04-29,2011-09-06,3164.823471223832,0.05494115707461056,3219.8645487708977,2918.474882274353,-155.7851993486138,-0.05067404683157828,False,False,,,False,False,,,False,False,False,,,15,76,,B_ETF_trend_following,A_ETF_sector_momentum,0,4541,deterministic_stratified_sample
current_no_cash_proxy_alpha_AB,standard,90,2011-05-12,2011-09-19,3044.7963538898266,0.014932117963275537,3065.3704884177096,2826.287036429775,-194.8258741073555,-0.06448811410782951,False,False,,,False,False,,,False,False,False,,,18,58,,A_ETF_sector_momentum,B_ETF_trend_following,0,4541,deterministic_stratified_sample
current_no_cash_proxy_alpha_AB,standard,90,2011-05-25,2011-09-30,3088.3407961520957,0.029446932050698482,3148.353898940349,2851.2953775431715,-156.5720078629024,-0.05205415924338186,False,False,,,False,False,,,False,False,False,,,15,57,,B_ETF_trend_following,A_ETF_sector_momentum,0,4541,deterministic_stratified_sample
current_no_cash_proxy_alpha_AB,standard,90,2011-06-08,2011-10-13,3157.8670377111216,0.05262234590370718,3250.149019382849,2912.796816174588,-115.59306737307361,-0.038169810301195484,False,False,,,False,False,,,False,False,False,,,11,62,,B_ETF_trend_following,A_ETF_sector_momentum,0,4541,deterministic_stratified_sample
current_no_cash_proxy_alpha_AB,standard,90,2011-06-21,2011-10-26,3161.0150076031723,0.05367166920105748,3253.245380528762,2915.71257690071,-115.67923346310727,-0.03816043609658759,False,False,,,False,False,,,False,False,False,,,9,62,,A_ETF_sector_momentum,B_ETF_trend_following,0,4541,deterministic_stratified_sample
current_no_cash_proxy_alpha_AB,standard,90,2011-06-23,2011-10-28,3173.360047543956,0.05778668251465202,3277.3949006551084,2937.3565205085115,-116.53794458076163,-0.03816043609658759,False,False,,,False,False,,,False,False,False,,,10,62,,B_ETF_trend_following,A_ETF_sector_momentum,0,4541,deterministic_stratified_sample
current_no_cash_proxy_alpha_AB,standard,90,2011-06-27,2011-11-01,3142.864237757993,0.047621412585997724,3278.5299656311804,2949.171923565786,-135.66572787318728,-0.04138004816041663,False,False,,,False,False,,,False,False,False,,,10,66,,A_ETF_sector_momentum,B_ETF_trend_following,0,4541,deterministic_stratified_sample
current_no_cash_proxy_alpha_AB,standard,90,2011-07-06,2011-11-09,3101.6444109727595,0.03388147032425315,3258.39461687414,2931.1185651571295,-158.52177101268535,-0.04865026789319926,False,False,,,False,False,,,False,False,False,,,10,45,,A_ETF_sector_momentum,B_ETF_trend_following,0,4541,deterministic_stratified_sample
current_no_cash_proxy_alpha_AB,standard,90,2011-07-19,2011-11-22,3109.4784732403614,0.036492824413453695,3216.249273043156,2977.9999034426296,-118.55894783531039,-0.036862487254643694,False,False,,,False,False,,,False,False,False,,,9,28,,A_ETF_sector_momentum,B_ETF_trend_following,0,4541,deterministic_stratified_sample
current_no_cash_proxy_alpha_AB,standard,90,2011-08-01,2011-12-06,3025.365092936496,0.008455030978831823,3169.9079376795116,3000.0,-146.59084104531212,-0.04624451054330048,False,False,,,False,False,,,False,False,False,,,8,18,,A_ETF_sector_momentum,B_ETF_trend_following,0,4541,deterministic_stratified_sample
current_no_cash_proxy_alpha_AB,standard,90,2011-08-03,2011-12-08,2904.993267058804,-0.03166891098039859,3000.0,2904.993267058804,-95.00673294119588,-0.03166891098039859,False,False,,,False,False,,,False,False,False,,,5,22,B_ETF_trend_following,A_ETF_sector_momentum,B_ETF_trend_following,0,4541,deterministic_stratified_sample
current_no_cash_proxy_alpha_AB,standard,90,2011-08-12,2011-12-19,2981.1066696828825,-0.006297776772372532,3000.0,2904.483207594735,-95.51679240526482,-0.03183893080175493,False,False,,,False,False,,,False,False,False,,,7,22,B_ETF_trend_following,A_ETF_sector_momentum,B_ETF_trend_following,0,4541,deterministic_stratified_sample
current_no_cash_proxy_alpha_AB,standard,90,2011-08-19,2011-12-27,2916.0031871504093,-0.027998937616530273,3000.0,2904.483207594735,-95.51679240526482,-0.03183893080175493,False,False,,,False,False,,,False,False,False,,,7,23,B_ETF_trend_following,A_ETF_sector_momentum,B_ETF_trend_following,0,4541,deterministic_stratified_sample
current_no_cash_proxy_alpha_AB,standard,90,2011-08-22,2011-12-28,2916.0031871504093,-0.027998937616530273,3000.0,2904.483207594735,-95.51679240526482,-0.03183893080175493,False,False,,,False,False,,,False,False,False,,,7,24,B_ETF_trend_following,A_ETF_sector_momentum,B_ETF_trend_following,0,4541,deterministic_stratified_sample
current_no_cash_proxy_alpha_AB,standard,90,2011-08-25,2012-01-03,2914.9351100221143,-0.02835496332596188,3000.0,2904.483207594735,-95.51679240526482,-0.03183893080175493,False,False,,,False,False,,,False,False,False,,,9,26,B_ETF_trend_following,A_ETF_sector_momentum,B_ETF_trend_following,0,4541,deterministic_stratified_sample
current_no_cash_proxy_alpha_AB,standard,90,2011-09-07,2012-01-13,2937.6447907600323,-0.02078506974665595,3000.0,2895.581348598842,-104.41865140115806,-0.03480621713371934,False,False,,,False,False,,,False,False,False,,,9,47,B_ETF_trend_following,A_ETF_sector_momentum,B_ETF_trend_following,0,4541,deterministic_stratified_sample
current_no_cash_proxy_alpha_AB,standard,90,2011-09-08,2012-01-17,2944.2218774154903,-0.018592707528169883,3000.0,2895.581348598842,-104.41865140115806,-0.03480621713371934,False,False,,,False,False,,,False,False,False,,,9,47,B_ETF_trend_following,A_ETF_sector_momentum,B_ETF_trend_following,0,4541,deterministic_stratified_sample
current_no_cash_proxy_alpha_AB,standard,90,2011-09-12,2012-01-19,2903.1009465146744,-0.03229968449510856,3000.0,2895.581348598842,-104.41865140115806,-0.03480621713371934,False,False,,,False,False,,,False,False,False,,,9,53,B_ETF_trend_following,A_ETF_sector_momentum,B_ETF_trend_following,0,4541,deterministic_stratified_sample
current_no_cash_proxy_alpha_AB,standard,90,2011-09-21,2012-01-30,2884.6430660160286,-0.03845231132799043,3000.0,2884.6430660160286,-115.35693398397143,-0.03845231132799043,False,False,,,False,False,,,False,False,False,,,11,65,B_ETF_trend_following,A_ETF_sector_momentum,B_ETF_trend_following,0,4541,deterministic_stratified_sample
current_no_cash_proxy_alpha_AB,standard,90,2011-09-23,2012-02-01,2884.9326682648425,-0.03835577724505246,3000.0,2884.643066016028,-115.35693398397189,-0.03845231132799065,False,False,,,False,False,,,False,False,False,,,11,70,B_ETF_trend_following,A_ETF_sector_momentum,B_ETF_trend_following,0,4541,deterministic_stratified_sample
current_no_cash_proxy_alpha_AB,standard,90,2011-09-27,2012-02-03,2850.566868137259,-0.04981104395424696,3000.0,2850.566868137259,-149.433131862741,-0.04981104395424696,False,False,,,False,False,,,False,False,False,,,11,79,B_ETF_trend_following,A_ETF_sector_momentum,B_ETF_trend_following,0,4541,deterministic_stratified_sample
current_no_cash_proxy_alpha_AB,standard,90,2011-10-04,2012-02-10,2840.464793441428,-0.05317840218619074,3000.0,2840.464793441428,-159.5352065585721,-0.05317840218619074,False,False,,,False,False,,,False,False,False,,,13,97,B_ETF_trend_following,A_ETF_sector_momentum,B_ETF_trend_following,0,4541,deterministic_stratified_sample
current_no_cash_proxy_alpha_AB,standard,90,2011-10-11,2012-02-17,2863.5962406739,-0.04546791977536668,3000.0,2840.464793441428,-159.5352065585721,-0.05317840218619074,False,False,,,False,False,,,False,False,False,,,13,109,B_ETF_trend_following,A_ETF_sector_momentum,B_ETF_trend_following,0,4541,deterministic_stratified_sample
current_no_cash_proxy_alpha_AB,standard,90,2011-10-17,2012-02-24,2860.3474126804713,-0.046550862439842855,3000.0,2840.464793441428,-159.5352065585721,-0.05317840218619074,False,False,,,False,False,,,False,False,False,,,14,124,B_ETF_trend_following,A_ETF_sector_momentum,B_ETF_trend_following,0,4541,deterministic_stratified_sample
current_no_cash_proxy_alpha_AB,standard,90,2011-10-28,2012-03-08,3123.682451681476,0.041227483893825356,3143.4483090604763,3000.0,-82.52458230686807,-0.02666669801928201,False,False,,,False,False,,,False,False,False,,,15,123,,A_ETF_sector_momentum,B_ETF_trend_following,0,4541,deterministic_stratified_sample
current_no_cash_proxy_alpha_AB,standard,90,2011-10-31,2012-03-09,3083.1089050029723,0.027702968334324174,3092.5465331453343,2963.368053263529,-69.86179205561984,-0.023032145804390614,False,False,,,False,False,,,False,False,False,,,14,123,,B_ETF_trend_following,A_ETF_sector_momentum,0,4541,deterministic_stratified_sample
current_no_cash_proxy_alpha_AB,standard,90,2011-11-11,2012-03-22,3176.1676952990892,0.05872256509969631,3183.9188504439326,2994.339156795607,-78.46961488505985,-0.02553677131107024,False,False,,,False,False,,,False,False,False,,,14,156,,B_ETF_trend_following,A_ETF_sector_momentum,0,4541,deterministic_stratified_sample
current_no_cash_proxy_alpha_AB,standard,90,2011-11-18,2012-03-29,3194.7409781194046,0.06491365937313498,3225.3526087914674,2991.1287960102627,-57.545649444063656,-0.018435152451504178,False,False,,,False,False,,,False,False,False,,,12,166,,B_ETF_trend_following,A_ETF_sector_momentum,0,4541,deterministic_stratified_sample
current_no_cash_proxy_alpha_AB,standard,90,2011-11-25,2012-04-04,3180.763106147033,0.060254368715677575,3225.3526087914674,2991.1287960102627,-57.545649444063656,-0.018435152451504178,False,False,,,False,False,,,False,False,False,,,12,173,,B_ETF_trend_following,A_ETF_sector_momentum,0,4541,deterministic_stratified_sample
current_no_cash_proxy_alpha_AB,standard,90,2011-11-29,2012-04-09,3152.7591299550713,0.05091970998502382,3225.3526087914674,2991.1287960102627,-72.59347883639612,-0.022507144998201167,False,False,,,False,False,,,False,False,False,,,12,172,,B_ETF_trend_following,A_ETF_sector_momentum,0,4541,deterministic_stratified_sample
current_no_cash_proxy_alpha_AB,standard,90,2011-12-13,2012-04-23,3270.335643384531,0.09011188112817692,3329.9357407384314,2977.5652939647007,-89.42395570304916,-0.026854558966119546,True,True,2012-03-26,71,False,False,,,False,False,False,,,11,162,,B_ETF_trend_following,A_ETF_sector_momentum,0,4541,deterministic_stratified_sample
current_no_cash_proxy_alpha_AB,standard,90,2012-01-09,2012-05-16,3221.9330614613846,0.07397768715379494,3234.4271575991165,3000.0,-89.78162764307854,-0.02775812323741511,False,False,,,False,False,,,False,False,False,,,13,172,,B_ETF_trend_following,A_ETF_sector_momentum,0,4541,deterministic_stratified_sample
current_no_cash_proxy_alpha_AB,standard,90,2012-01-27,2012-06-05,3203.628801159637,0.06787626705321226,3249.8557866156707,2944.979919632564,-79.39814554317763,-0.025346137168499205,False,False,,,False,False,,,False,False,False,,,14,152,,B_ETF_trend_following,A_ETF_sector_momentum,0,4541,deterministic_stratified_sample
current_no_cash_proxy_alpha_AB,standard,90,2012-02-16,2012-06-25,3116.695704167142,0.03889856805571412,3209.1958089958807,2964.590680454897,-92.50010482873859,-0.028823453081125883,False,False,,,False,False,,,False,False,False,,,15,128,,B_ETF_trend_following,A_ETF_sector_momentum,0,4541,deterministic_stratified_sample
current_no_cash_proxy_alpha_AB,standard,90,2012-03-12,2012-07-18,3186.6940386892306,0.06223134622974347,3221.3827330957083,3000.0,-95.62560021208856,-0.029684644183894715,False,False,,,False,False,,,False,False,False,,,15,110,,B_ETF_trend_following,A_ETF_sector_momentum,0,4541,deterministic_stratified_sample
current_no_cash_proxy_alpha_AB,standard,90,2012-03-16,2012-07-24,3165.788138091343,0.05526271269711436,3175.525017294399,2970.27798440671,-94.14956009079924,-0.029648502083292172,False,False,,,False,False,,,False,False,False,,,13,107,,B_ETF_trend_following,A_ETF_sector_momentum,0,4541,deterministic_stratified_sample
current_no_cash_proxy_alpha_AB,standard,90,2012-04-20,2012-08-27,2953.40595269565,-0.015531349101450043,3080.4869262405355,2941.7768620870647,-138.71006415347074,-0.04502861640862543,False,False,,,False,False,,,False,False,False,,,20,127,,B_ETF_trend_following,A_ETF_sector_momentum,0,4541,deterministic_stratified_sample
current_no_cash_proxy_alpha_AB,standard,90,2012-05-07,2012-09-12,3073.464325720361,0.024488108573453626,3153.9327758450067,2993.1358040505233,-151.26266413066196,-0.047960015282867086,False,False,,,False,False,,,False,False,False,,,19,129,,B_ETF_trend_following,A_ETF_sector_momentum,0,4541,deterministic_stratified_sample
current_no_cash_proxy_alpha_AB,standard,90,2012-05-10,2012-09-17,3015.634820431636,0.005211606810545222,3045.080013509176,2901.947022945409,-143.13299056376673,-0.04700467308864542,False,False,,,False,False,,,False,False,False,,,19,155,,B_ETF_trend_following,A_ETF_sector_momentum,0,4541,deterministic_stratified_sample
current_no_cash_proxy_alpha_AB,standard,90,2012-07-03,2012-11-09,2827.7159515601697,-0.057428016146610084,3000.0,2827.7159515601697,-172.28404843983026,-0.057428016146610084,False,False,,,False,False,,,False,False,False,,,20,146,B_ETF_trend_following,A_ETF_sector_momentum,B_ETF_trend_following,0,4541,deterministic_stratified_sample
current_no_cash_proxy_alpha_AB,standard,90,2012-07-11,2012-11-16,2926.73169246281,-0.024422769179063386,3074.492065972825,2904.015734644757,-170.47633132806823,-0.05544861644459198,False,False,,,False,False,,,False,False,False,,,20,129,,B_ETF_trend_following,A_ETF_sector_momentum,0,4541,deterministic_stratified_sample
current_no_cash_proxy_alpha_AB,standard,90,2012-07-12,2012-11-19,2922.941624918829,-0.025686125027057027,3072.7981191396702,2902.4157258213063,-170.38239331836394,-0.055448612864312796,False,False,,,False,False,,,False,False,False,,,20,129,,B_ETF_trend_following,A_ETF_sector_momentum,0,4541,deterministic_stratified_sample
current_no_cash_proxy_alpha_AB,standard,90,2012-07-25,2012-12-03,2859.287769650253,-0.04690407678324904,3035.696952143552,2859.287769650253,-176.40918249329934,-0.05811159192577975,False,False,,,False,False,,,False,False,False,,,21,126,,B_ETF_trend_following,A_ETF_sector_momentum,0,4541,deterministic_stratified_sample
current_no_cash_proxy_alpha_AB,standard,90,2012-09-12,2013-01-23,2948.2931614897625,-0.017235612836745795,3056.701145627067,2839.271713644823,-217.42943198224384,-0.071132054336846,False,False,,,False,False,,,False,False,False,,,21,138,B_ETF_trend_following,A_ETF_sector_momentum,B_ETF_trend_following,0,4541,deterministic_stratified_sample
current_no_cash_proxy_alpha_AB,standard,90,2012-10-10,2013-02-21,3052.0569759905343,0.017352325330178164,3108.6511118682333,2872.049768165859,-163.0555546032897,-0.053723194836125865,False,False,,,False,False,,,False,False,False,,,18,170,,B_ETF_trend_following,A_ETF_sector_momentum,0,4541,deterministic_stratified_sample
current_no_cash_proxy_alpha_AB,standard,90,2012-11-13,2013-03-25,3200.7145202263773,0.06690484007545905,3206.717178519025,2940.037437470867,-100.1330317164493,-0.031466212995577836,False,False,,,False,False,,,False,False,False,,,16,205,,B_ETF_trend_following,A_ETF_sector_momentum,0,4541,deterministic_stratified_sample
current_no_cash_proxy_alpha_AB,standard,90,2012-11-20,2013-04-02,3304.3013380476737,0.1014337793492246,3304.3013380476737,2920.988554762425,-97.20342194580917,-0.03202458148115117,True,True,2013-04-02,90,False,False,,,False,False,False,,,14,209,,A_ETF_sector_momentum,B_ETF_trend_following,0,4541,deterministic_stratified_sample
current_no_cash_proxy_alpha_AB,standard,90,2013-01-02,2013-05-10,3379.449849180004,0.12648328306000134,3386.7092205032122,2999.0729273531024,-115.54610186111313,-0.036266341496087984,True,True,2013-04-10,68,False,False,,,False,False,False,,,10,229,,B_ETF_trend_following,A_ETF_sector_momentum,0,4541,deterministic_stratified_sample
current_no_cash_proxy_alpha_AB,standard,90,2013-01-22,2013-05-30,3252.4402607211923,0.0841467535737308,3337.0134508467486,2973.1710906261683,-109.59797678154564,-0.03555179592927016,True,True,2013-05-14,79,False,False,,,False,False,False,,,15,212,,B_ETF_trend_following,A_ETF_sector_momentum,0,4541,deterministic_stratified_sample
current_no_cash_proxy_alpha_AB,standard,90,2013-03-15,2013-07-23,3168.613981512114,0.05620466050403805,3288.5778419947137,2967.5221619125487,-321.05568008216505,-0.09762751423497584,False,False,,,False,False,,,False,False,False,,,19,168,,A_ETF_sector_momentum,B_ETF_trend_following,0,4541,deterministic_stratified_sample
current_no_cash_proxy_alpha_AB,standard,90,2013-03-22,2013-07-30,3039.321200776437,0.013107066925478916,3207.9056218014266,2875.2193023138943,-332.6863194875323,-0.103708262869875,False,False,,,False,False,,,False,False,False,,,21,168,,A_ETF_sector_momentum,B_ETF_trend_following,0,4541,deterministic_stratified_sample
current_no_cash_proxy_alpha_AB,standard,90,2013-03-25,2013-07-31,2983.1976416009848,-0.005600786133005076,3210.8041318451683,2908.085666705968,-302.71846513920036,-0.09428119957140946,False,False,,,False,False,,,False,False,False,,,16,178,A_ETF_sector_momentum,B_ETF_trend_following,A_ETF_sector_momentum,0,4541,deterministic_stratified_sample
current_no_cash_proxy_alpha_AB,standard,90,2013-05-23,2013-09-30,2877.7735512728186,-0.04074214957572708,3000.0,2807.938144946149,-192.0618550538511,-0.0640206183512837,False,False,,,False,False,,,False,False,False,,,11,133,A_ETF_sector_momentum,B_ETF_trend_following,A_ETF_sector_momentum,0,4541,deterministic_stratified_sample
current_no_cash_proxy_alpha_AB,standard,90,2013-06-03,2013-10-08,2865.8852184795155,-0.044704927173494835,3000.0,2838.2182906734133,-161.78170932658668,-0.05392723644219555,False,False,,,False,False,,,False,False,False,,,10,131,A_ETF_sector_momentum,B_ETF_trend_following,A_ETF_sector_momentum,0,4541,deterministic_stratified_sample
current_no_cash_proxy_alpha_AB,standard,90,2013-06-10,2013-10-15,2979.911181006576,-0.0066962729978079505,3139.521283560272,2902.7389129469075,-165.99572646748993,-0.05287294191528713,False,False,,,False,False,,,False,False,False,,,18,115,,A_ETF_sector_momentum,B_ETF_trend_following,0,4541,deterministic_stratified_sample
current_no_cash_proxy_alpha_AB,standard,90,2013-07-25,2013-11-29,3024.0086147108623,0.00800287157028734,3042.5368507659437,2898.50181952776,-144.03503123818382,-0.0473404393448591,False,False,,,False,False,,,False,False,False,,,15,151,,B_ETF_trend_following,A_ETF_sector_momentum,0,4541,deterministic_stratified_sample
current_no_cash_proxy_alpha_AB,standard,90,2013-08-27,2014-01-03,3118.439879656985,0.039479959885661664,3156.545980402483,2991.469484122644,-99.3609796914493,-0.03147775457995394,False,False,,,False,False,,,False,False,False,,,15,175,,A_ETF_sector_momentum,B_ETF_trend_following,0,4541,deterministic_stratified_sample
current_no_cash_proxy_alpha_AB,standard,90,2013-09-25,2014-02-03,2913.3783347369704,-0.028873888421009908,3099.241317970478,2913.3783347369704,-185.86298323350775,-0.05997047798627675,False,False,,,False,False,,,False,False,False,,,19,170,,B_ETF_trend_following,A_ETF_sector_momentum,0,4541,deterministic_stratified_sample
current_no_cash_proxy_alpha_AB,standard,90,2013-11-08,2014-03-20,2968.493070732721,-0.010502309755759609,3089.532295454119,2903.6706536523816,-185.86164180173728,-0.060158504274323565,False,False,,,False,False,,,False,False,False,,,18,182,,B_ETF_trend_following,A_ETF_sector_momentum,0,4541,deterministic_stratified_sample
current_no_cash_proxy_alpha_AB,standard,90,2013-11-13,2014-03-25,2914.393597174386,-0.02853546760853809,3045.986422224146,2862.744043208747,-183.2423790153989,-0.06015863290736445,False,False,,,False,False,,,False,False,False,,,19,186,A_ETF_sector_momentum,B_ETF_trend_following,A_ETF_sector_momentum,0,4541,deterministic_stratified_sample
current_no_cash_proxy_alpha_AB,standard,90,2013-11-22,2014-04-03,2862.034336334649,-0.04598855455511697,3000.0,2799.634656700591,-200.36534329940878,-0.06678844776646964,False,False,,,False,False,,,False,False,False,,,19,185,A_ETF_sector_momentum,B_ETF_trend_following,A_ETF_sector_momentum,0,4541,deterministic_stratified_sample
current_no_cash_proxy_alpha_AB,standard,90,2014-01-28,2014-06-05,3086.3143583432566,0.028771452781085616,3086.3143583432566,2940.119444907864,-128.5561103574919,-0.041893027803773575,False,False,,,False,False,,,False,False,False,,,14,188,,B_ETF_trend_following,A_ETF_sector_momentum,0,4541,deterministic_stratified_sample
current_no_cash_proxy_alpha_AB,standard,90,2014-02-04,2014-06-12,3193.3345184377554,0.06444483947925184,3207.717321857644,3000.0,-106.42356838052228,-0.03380744280671655,False,False,,,False,False,,,False,False,False,,,16,203,,A_ETF_sector_momentum,B_ETF_trend_following,0,4541,deterministic_stratified_sample
current_no_cash_proxy_alpha_AB,standard,90,2014-02-13,2014-06-23,3083.624513781944,0.02787483792731482,3083.624513781944,2901.0749825535486,-173.69797804259088,-0.05649131830823506,False,False,,,False,False,,,False,False,False,,,15,233,,B_ETF_trend_following,A_ETF_sector_momentum,0,4541,deterministic_stratified_sample
current_no_cash_proxy_alpha_AB,standard,90,2014-03-31,2014-08-06,3026.461576886713,0.00882052562890423,3190.008524781036,2969.2781121400503,-170.21682434880722,-0.05335936347082049,False,False,,,False,False,,,False,False,False,,,16,205,,A_ETF_sector_momentum,B_ETF_trend_following,0,4541,deterministic_stratified_sample
current_no_cash_proxy_alpha_AB,standard,90,2014-04-23,2014-08-28,3156.3995034388618,0.05213316781295396,3220.748779087886,2985.3173208889825,-178.59114525279983,-0.05545019419471042,False,False,,,False,False,,,False,False,False,,,15,216,,B_ETF_trend_following,A_ETF_sector_momentum,0,4541,deterministic_stratified_sample
current_no_cash_proxy_alpha_AB,standard,90,2014-05-30,2014-10-06,2999.1169984010016,-0.00029433386633281877,3197.8089821895855,2989.8298251314554,-199.62124685505478,-0.06242438118313476,False,False,,,False,False,,,False,False,False,,,23,192,B_ETF_trend_following,A_ETF_sector_momentum,B_ETF_trend_following,0,4541,deterministic_stratified_sample
current_no_cash_proxy_alpha_AB,standard,90,2014-07-11,2014-11-14,2992.58228760509,-0.0024725707983033196,3044.8854529216146,2890.555723182194,-154.3297297394206,-0.050684904941609155,False,False,,,False,False,,,False,False,False,,,22,171,,B_ETF_trend_following,A_ETF_sector_momentum,0,4541,deterministic_stratified_sample
current_no_cash_proxy_alpha_AB,standard,90,2014-07-31,2014-12-05,3160.02476464586,0.053341588215286784,3188.8773874303542,2954.673425134162,-136.0274415474246,-0.04356755472330465,False,False,,,False,False,,,False,False,False,,,18,206,,B_ETF_trend_following,A_ETF_sector_momentum,0,4541,deterministic_stratified_sample
current_no_cash_proxy_alpha_AB,standard,90,2014-08-08,2014-12-15,3165.741875300881,0.055247291766960416,3197.9667510913123,2994.7030875458613,-111.33832590264547,-0.03584573129661883,False,False,,,False,False,,,False,False,False,,,21,212,,B_ETF_trend_following,A_ETF_sector_momentum,0,4541,deterministic_stratified_sample
current_no_cash_proxy_alpha_AB,standard,90,2014-09-29,2015-02-05,3102.695205324126,0.034231735108042116,3184.0099384627138,2989.4047928671935,-114.18204137026896,-0.035861081961759744,False,False,,,False,False,,,False,False,False,,,21,166,,B_ETF_trend_following,A_ETF_sector_momentum,0,4541,deterministic_stratified_sample
current_no_cash_proxy_alpha_AB,standard,90,2014-10-01,2015-02-09,3067.305728681805,0.022435242893934948,3184.0099384627138,2989.4047928671935,-116.70420978090897,-0.03665321780913011,False,False,,,False,False,,,False,False,False,,,22,169,,B_ETF_trend_following,A_ETF_sector_momentum,0,4541,deterministic_stratified_sample
current_no_cash_proxy_alpha_AB,standard,90,2014-10-15,2015-02-24,3044.4562465227996,0.01481874884093326,3093.351684778177,2959.444099318948,-133.90758545922927,-0.043288833312476016,False,False,,,False,False,,,False,False,False,,,24,206,,B_ETF_trend_following,A_ETF_sector_momentum,0,4541,deterministic_stratified_sample
current_no_cash_proxy_alpha_AB,standard,90,2014-12-08,2015-04-17,2893.370192378214,-0.03554326920726192,3020.3820527705084,2888.3818639130136,-132.00018885749478,-0.043703143030006664,False,False,,,False,False,,,False,False,False,,,25,118,,A_ETF_sector_momentum,B_ETF_trend_following,0,4541,deterministic_stratified_sample
current_no_cash_proxy_alpha_AB,standard,90,2014-12-15,2015-04-24,3033.977494029533,0.011325831343177661,3114.69583073054,2959.9806514683646,-121.29964997330217,-0.038944300363625506,False,False,,,False,False,,,False,False,False,,,18,130,,A_ETF_sector_momentum,B_ETF_trend_following,0,4541,deterministic_stratified_sample
current_no_cash_proxy_alpha_AB,standard,90,2015-02-10,2015-06-18,2966.076931396982,-0.01130768953433925,3157.451385367698,2938.6925365318843,-218.75884883581375,-0.06928336247696132,False,False,,,False,False,,,False,False,False,,,17,127,,B_ETF_trend_following,A_ETF_sector_momentum,0,4541,deterministic_stratified_sample
current_no_cash_proxy_alpha_AB,standard,90,2015-03-06,2015-07-14,2896.9755853444817,-0.03434147155183942,3075.035522591964,2822.965474550553,-252.0700480414107,-0.08197305240524166,False,False,,,False,False,,,False,False,False,,,19,82,,A_ETF_sector_momentum,B_ETF_trend_following,0,4541,deterministic_stratified_sample
current_no_cash_proxy_alpha_AB,standard,90,2015-04-14,2015-08-19,2836.4658279107907,-0.054511390696403095,3010.7486338706676,2813.6011482591666,-197.147485611501,-0.06548121732701573,False,False,,,False,False,,,False,False,False,,,19,98,B_ETF_trend_following,A_ETF_sector_momentum,B_ETF_trend_following,0,4541,deterministic_stratified_sample
current_no_cash_proxy_alpha_AB,standard,90,2015-05-26,2015-09-30,2911.3498482727314,-0.029550050575756215,3000.990789073051,2902.2858124258773,-98.70497664717368,-0.0328907962685423,False,False,,,False,False,,,False,False,False,,,11,53,,A_ETF_sector_momentum,B_ETF_trend_following,0,4541,deterministic_stratified_sample
current_no_cash_proxy_alpha_AB,standard,90,2015-06-12,2015-10-19,3007.6176145089817,0.0025392048363273023,3098.7728915730154,2998.2538639148324,-91.15527706403373,-0.02941657238319295,False,False,,,False,False,,,False,False,False,,,8,46,,B_ETF_trend_following,A_ETF_sector_momentum,0,4541,deterministic_stratified_sample
current_no_cash_proxy_alpha_AB,standard,90,2015-07-08,2015-11-11,2892.8937514514623,-0.035702082849512595,3044.634863413998,2891.1283391370844,-153.50652427691375,-0.05041869753300543,False,False,,,False,False,,,False,False,False,,,10,34,,B_ETF_trend_following,A_ETF_sector_momentum,0,4541,deterministic_stratified_sample
current_no_cash_proxy_alpha_AB,standard,90,2015-07-31,2015-12-07,2774.8742815725614,-0.07504190614247952,3000.344166690013,2774.8742815725614,-225.46988511745167,-0.07514800722551462,False,False,,,False,False,,,False,False,False,,,13,21,A_ETF_sector_momentum,B_ETF_trend_following,A_ETF_sector_momentum,0,4541,deterministic_stratified_sample
current_no_cash_proxy_alpha_AB,standard,90,2015-08-11,2015-12-16,2753.456209037571,-0.08218126365414291,3022.4077117113975,2753.456209037571,-268.9515026738263,-0.08898584450789937,False,False,,,False,False,,,False,False,False,,,11,21,"A_ETF_sector_momentum,B_ETF_trend_following",B_ETF_trend_following,A_ETF_sector_momentum,0,4541,deterministic_stratified_sample
current_no_cash_proxy_alpha_AB,standard,90,2015-08-13,2015-12-18,2753.456209037571,-0.08218126365414291,3022.4077117113975,2753.456209037571,-268.9515026738263,-0.08898584450789937,False,False,,,False,False,,,False,False,False,,,11,24,"A_ETF_sector_momentum,B_ETF_trend_following",B_ETF_trend_following,A_ETF_sector_momentum,0,4541,deterministic_stratified_sample
current_no_cash_proxy_alpha_AB,standard,90,2015-09-02,2016-01-11,2758.3455489990683,-0.08055148366697717,3000.0,2758.3455489990683,-241.65445100093166,-0.08055148366697717,False,False,,,False,False,,,False,False,False,,,12,26,"A_ETF_sector_momentum,B_ETF_trend_following",B_ETF_trend_following,A_ETF_sector_momentum,0,4541,deterministic_stratified_sample
current_no_cash_proxy_alpha_AB,standard,90,2015-09-03,2016-01-12,2758.3455489990683,-0.08055148366697717,3000.0,2758.3455489990683,-241.65445100093166,-0.08055148366697717,False,False,,,False,False,,,False,False,False,,,12,26,"A_ETF_sector_momentum,B_ETF_trend_following",B_ETF_trend_following,A_ETF_sector_momentum,0,4541,deterministic_stratified_sample
current_no_cash_proxy_alpha_AB,standard,90,2015-09-21,2016-01-28,2758.3455489990683,-0.08055148366697717,3000.0,2758.3455489990683,-241.65445100093166,-0.08055148366697717,False,False,,,False,False,,,False,False,False,,,12,25,"A_ETF_sector_momentum,B_ETF_trend_following",B_ETF_trend_following,A_ETF_sector_momentum,0,4541,deterministic_stratified_sample
current_no_cash_proxy_alpha_AB,standard,90,2015-10-07,2016-02-16,2758.3455489990683,-0.08055148366697717,3000.0,2758.3455489990683,-241.65445100093166,-0.08055148366697717,False,False,,,False,False,,,False,False,False,,,12,26,"A_ETF_sector_momentum,B_ETF_trend_following",B_ETF_trend_following,A_ETF_sector_momentum,0,4541,deterministic_stratified_sample
current_no_cash_proxy_alpha_AB,standard,90,2015-10-28,2016-03-08,2749.8260997198668,-0.0833913000933777,3029.242983703648,2749.8260997198668,-279.4168839837812,-0.09223983862864549,False,False,,,False,False,,,False,False,False,,,13,23,"A_ETF_sector_momentum,B_ETF_trend_following",B_ETF_trend_following,A_ETF_sector_momentum,0,4541,deterministic_stratified_sample
current_no_cash_proxy_alpha_AB,standard,90,2015-11-13,2016-03-24,2808.0609778434264,-0.06397967405219118,3007.129443624125,2779.327275822625,-227.80216780150022,-0.07575402791007169,False,False,,,False,False,,,False,False,False,,,11,32,B_ETF_trend_following,A_ETF_sector_momentum,B_ETF_trend_following,0,4541,deterministic_stratified_sample
current_no_cash_proxy_alpha_AB,standard,90,2015-12-11,2016-04-21,2874.2618132634298,-0.04191272891219011,3000.0,2874.2618132634298,-125.73818673657024,-0.04191272891219011,False,False,,,False,False,,,False,False,False,,,11,36,B_ETF_trend_following,A_ETF_sector_momentum,B_ETF_trend_following,0,4541,deterministic_stratified_sample
current_no_cash_proxy_alpha_AB,standard,90,2015-12-30,2016-05-09,2922.57575931124,-0.025808080229586694,3108.6658771970224,2922.57575931124,-186.09011788578255,-0.05986173015595153,False,False,,,False,False,,,False,False,False,,,13,38,,A_ETF_sector_momentum,B_ETF_trend_following,0,4541,deterministic_stratified_sample
current_no_cash_proxy_alpha_AB,standard,90,2016-01-07,2016-05-16,2940.2584613668478,-0.019913846211050745,3108.6658771970224,2922.57575931124,-186.09011788578255,-0.05986173015595153,False,False,,,False,False,,,False,False,False,,,14,43,,A_ETF_sector_momentum,B_ETF_trend_following,0,4541,deterministic_stratified_sample
current_no_cash_proxy_alpha_AB,standard,90,2016-01-19,2016-05-25,2866.4544403690948,-0.044515186543635066,3108.6658771970224,2866.4544403690948,-242.21143682792763,-0.07791491475639745,False,False,,,False,False,,,False,False,False,,,17,42,,A_ETF_sector_momentum,B_ETF_trend_following,0,4541,deterministic_stratified_sample
current_no_cash_proxy_alpha_AB,standard,90,2016-01-26,2016-06-02,2916.684911402356,-0.0277716961992146,3108.6658771970224,2866.4544403690948,-242.21143682792763,-0.07791491475639745,False,False,,,False,False,,,False,False,False,,,17,58,,A_ETF_sector_momentum,B_ETF_trend_following,0,4541,deterministic_stratified_sample
current_no_cash_proxy_alpha_AB,standard,90,2016-02-09,2016-06-16,2912.111370080569,-0.02929620997314364,3108.6658771970224,2866.4544403690948,-242.21143682792763,-0.07791491475639745,False,False,,,False,False,,,False,False,False,,,17,96,,A_ETF_sector_momentum,B_ETF_trend_following,0,4541,deterministic_stratified_sample
current_no_cash_proxy_alpha_AB,standard,90,2016-02-11,2016-06-20,2902.563557726801,-0.032478814091066344,3108.6658771970224,2866.4544403690948,-242.21143682792763,-0.07791491475639745,False,False,,,False,False,,,False,False,False,,,20,98,B_ETF_trend_following,A_ETF_sector_momentum,B_ETF_trend_following,0,4541,deterministic_stratified_sample
current_no_cash_proxy_alpha_AB,standard,90,2016-03-01,2016-07-07,2930.967573291993,-0.023010808902668933,3108.6658771970224,2866.4544403690948,-242.21143682792763,-0.07791491475639745,False,False,,,False,False,,,False,False,False,,,21,120,B_ETF_trend_following,A_ETF_sector_momentum,B_ETF_trend_following,0,4541,deterministic_stratified_sample
current_no_cash_proxy_alpha_AB,standard,90,2016-04-07,2016-08-12,2836.0311872911952,-0.0546562709029349,3000.0,2812.3807155291383,-187.61928447086166,-0.06253976149028717,False,False,,,False,False,,,False,False,False,,,19,201,B_ETF_trend_following,A_ETF_sector_momentum,B_ETF_trend_following,0,4541,deterministic_stratified_sample
current_no_cash_proxy_alpha_AB,standard,90,2016-05-10,2016-09-15,2838.462907626584,-0.05384569745780532,3000.0,2794.091215753009,-205.90878424699122,-0.0686362614156637,False,False,,,False,False,,,False,False,False,,,21,210,B_ETF_trend_following,A_ETF_sector_momentum,B_ETF_trend_following,0,4541,deterministic_stratified_sample
current_no_cash_proxy_alpha_AB,standard,90,2016-06-13,2016-10-18,2846.111739860632,-0.05129608671312269,3002.674277691852,2805.4181624792627,-197.25611521258907,-0.06569347753703725,False,False,,,False,False,,,False,False,False,,,21,161,B_ETF_trend_following,A_ETF_sector_momentum,B_ETF_trend_following,0,4541,deterministic_stratified_sample
current_no_cash_proxy_alpha_AB,standard,90,2016-06-23,2016-10-28,2917.3071026209273,-0.027564299126357605,3081.0520657583675,2917.3071026209273,-163.7449631374402,-0.0531457955408281,False,False,,,False,False,,,False,False,False,,,22,140,,A_ETF_sector_momentum,B_ETF_trend_following,0,4541,deterministic_stratified_sample
current_no_cash_proxy_alpha_AB,standard,90,2016-07-13,2016-11-16,3055.190992050907,0.018396997350302424,3089.583697513115,2903.127168923179,-149.23362933989392,-0.04889121542407915,False,False,,,False,False,,,False,False,False,,,19,136,,B_ETF_trend_following,A_ETF_sector_momentum,0,4541,deterministic_stratified_sample
current_no_cash_proxy_alpha_AB,standard,90,2016-09-12,2017-01-19,3146.2451765520473,0.04874839218401572,3247.709735453044,2881.5698760838764,-148.20758684584598,-0.04891698768612951,False,False,,,False,False,,,False,False,False,,,15,133,,B_ETF_trend_following,A_ETF_sector_momentum,0,4541,deterministic_stratified_sample
current_no_cash_proxy_alpha_AB,standard,90,2016-09-13,2017-01-20,3149.995770305825,0.04999859010194152,3247.709735453044,2881.5698760838764,-148.20758684584598,-0.04891698768612951,False,False,,,False,False,,,False,False,False,,,16,133,,B_ETF_trend_following,A_ETF_sector_momentum,0,4541,deterministic_stratified_sample
current_no_cash_proxy_alpha_AB,standard,90,2016-11-10,2017-03-22,3168.7899666825806,0.056263322227526835,3218.6964161063183,3000.0,-125.21308665837432,-0.039091596264397954,False,False,,,False,False,,,False,False,False,,,15,202,,B_ETF_trend_following,A_ETF_sector_momentum,0,4541,deterministic_stratified_sample
current_no_cash_proxy_alpha_AB,standard,90,2016-11-18,2017-03-30,3098.533904703571,0.032844634901190384,3139.344815273912,2978.440266034282,-102.66926584275325,-0.03306433917453866,False,False,,,False,False,,,False,False,False,,,16,187,,A_ETF_sector_momentum,B_ETF_trend_following,0,4541,deterministic_stratified_sample
current_no_cash_proxy_alpha_AB,standard,90,2016-11-29,2017-04-07,2995.7823724346113,-0.0014058758551296346,3050.3119005725894,2917.121342011331,-118.990452250624,-0.03919172293836737,False,False,,,False,False,,,False,False,False,,,19,168,,A_ETF_sector_momentum,B_ETF_trend_following,0,4541,deterministic_stratified_sample
current_no_cash_proxy_alpha_AB,standard,90,2017-01-13,2017-05-23,3099.7242906557435,0.03324143021858128,3171.1188044377577,2978.3773193575103,-101.84761960786136,-0.03211725132004917,False,False,,,False,False,,,False,False,False,,,20,173,,A_ETF_sector_momentum,B_ETF_trend_following,0,4541,deterministic_stratified_sample
current_no_cash_proxy_alpha_AB,standard,90,2017-01-26,2017-06-05,3050.681125230463,0.016893708410154362,3083.855415394432,2927.569045788375,-100.70443285806186,-0.032655367808539615,False,False,,,False,False,,,False,False,False,,,21,188,B_ETF_trend_following,A_ETF_sector_momentum,B_ETF_trend_following,0,4541,deterministic_stratified_sample
current_no_cash_proxy_alpha_AB,standard,90,2017-02-02,2017-06-12,3127.522285761067,0.04250742858702239,3172.873040886195,2996.6452909914233,-103.08056267373377,-0.03265536780853939,False,False,,,False,False,,,False,False,False,,,20,192,,A_ETF_sector_momentum,B_ETF_trend_following,0,4541,deterministic_stratified_sample
current_no_cash_proxy_alpha_AB,standard,90,2017-02-16,2017-06-26,3087.348091669685,0.029116030556561645,3097.3683934769992,2948.1079667278254,-107.00362879458362,-0.03502445833776047,False,False,,,False,False,,,False,False,False,,,20,177,,A_ETF_sector_momentum,B_ETF_trend_following,0,4541,deterministic_stratified_sample
current_no_cash_proxy_alpha_AB,standard,90,2017-02-17,2017-06-27,3029.8357232587396,0.009945241086246615,3072.4843755835495,2956.9257229335494,-99.29858764380651,-0.03249060852639052,False,False,,,False,False,,,False,False,False,,,19,183,,A_ETF_sector_momentum,B_ETF_trend_following,0,4541,deterministic_stratified_sample
current_no_cash_proxy_alpha_AB,standard,90,2017-03-17,2017-07-25,3024.0383538047895,0.00801278460159649,3024.8110370219306,2911.0454176629337,-90.26198372646286,-0.030074221549141522,False,False,,,False,False,,,False,False,False,,,21,177,,A_ETF_sector_momentum,B_ETF_trend_following,0,4541,deterministic_stratified_sample
current_no_cash_proxy_alpha_AB,standard,90,2017-05-08,2017-09-13,3050.6172044994255,0.01687240149980851,3114.8798685088964,2989.155046369594,-74.29448319245193,-0.02385147624586148,False,False,,,False,False,,,False,False,False,,,19,184,,A_ETF_sector_momentum,B_ETF_trend_following,0,4541,deterministic_stratified_sample
current_no_cash_proxy_alpha_AB,standard,90,2017-05-17,2017-09-22,3033.966882038045,0.011322294012681589,3126.180964375199,3000.0,-92.2140823371542,-0.029497359042228166,False,False,,,False,False,,,False,False,False,,,18,204,,A_ETF_sector_momentum,B_ETF_trend_following,0,4541,deterministic_stratified_sample
current_no_cash_proxy_alpha_AB,standard,90,2017-07-19,2017-11-22,2985.6487325292755,-0.00478375582357482,3001.003117370119,2861.2773261694647,-139.72579120065438,-0.04655969545379912,False,False,,,False,False,,,False,False,False,,,21,226,,B_ETF_trend_following,A_ETF_sector_momentum,0,4541,deterministic_stratified_sample
current_no_cash_proxy_alpha_AB,standard,90,2017-07-21,2017-11-27,3008.2171401648748,0.002739046721624838,3015.3285898349277,2876.2874054931463,-123.71259450685375,-0.0412375315022846,False,False,,,False,False,,,False,False,False,,,20,229,,B_ETF_trend_following,A_ETF_sector_momentum,0,4541,deterministic_stratified_sample
current_no_cash_proxy_alpha_AB,standard,90,2017-07-26,2017-11-30,3050.012067385546,0.016670689128515326,3050.012067385546,2892.338403740261,-107.66159625973887,-0.03588719875324631,False,False,,,False,False,,,False,False,False,,,19,230,,B_ETF_trend_following,A_ETF_sector_momentum,0,4541,deterministic_stratified_sample
current_no_cash_proxy_alpha_AB,standard,90,2017-08-09,2017-12-14,3030.130803167026,0.010043601055675255,3092.8418992951956,2932.9541012919785,-99.72460855464624,-0.032883341130353294,False,False,,,False,False,,,False,False,False,,,20,230,,B_ETF_trend_following,A_ETF_sector_momentum,0,4541,deterministic_stratified_sample
current_no_cash_proxy_alpha_AB,standard,90,2017-08-16,2017-12-21,3123.477503996193,0.04115916799873087,3128.9785822648464,2965.1967983743434,-105.85425254190386,-0.03446841188469407,False,False,,,False,False,,,False,False,False,,,18,248,,B_ETF_trend_following,A_ETF_sector_momentum,0,4541,deterministic_stratified_sample
current_no_cash_proxy_alpha_AB,standard,90,2017-09-18,2018-01-25,3305.907122183767,0.10196904072792234,3309.1773671865726,2942.083664673757,-91.4438573282423,-0.02918938041472896,True,True,2018-01-24,89,False,False,,,False,False,False,,,16,264,,B_ETF_trend_following,A_ETF_sector_momentum,0,4541,deterministic_stratified_sample
current_no_cash_proxy_alpha_AB,standard,90,2017-10-11,2018-02-20,3241.4759088337887,0.08049196961126293,3328.4379961884897,2998.507355861103,-109.35654776560932,-0.032855215536788496,True,True,2018-01-24,72,False,False,,,False,False,False,,,17,217,,B_ETF_trend_following,A_ETF_sector_momentum,0,4541,deterministic_stratified_sample
current_no_cash_proxy_alpha_AB,standard,90,2017-10-27,2018-03-08,3109.1968118741634,0.03639893729138777,3267.0339639004305,2976.751821226052,-199.84508599329365,-0.06117018929142182,False,False,,,False,False,,,False,False,False,,,17,191,,B_ETF_trend_following,A_ETF_sector_momentum,0,4541,deterministic_stratified_sample
current_no_cash_proxy_alpha_AB,standard,90,2017-11-16,2018-03-28,2974.377156673334,-0.008540947775555363,3244.5928749621535,2931.6922290998723,-270.2157182888195,-0.08328185652320752,False,False,,,False,False,,,False,False,False,,,18,167,,B_ETF_trend_following,A_ETF_sector_momentum,0,4541,deterministic_stratified_sample
current_no_cash_proxy_alpha_AB,standard,90,2017-12-14,2018-04-25,2983.712316587074,-0.005429227804308656,3257.4610160612056,2941.3726636005313,-316.0883524606743,-0.09703519118177384,False,False,,,False,False,,,False,False,False,,,20,126,,B_ETF_trend_following,A_ETF_sector_momentum,0,4541,deterministic_stratified_sample
current_no_cash_proxy_alpha_AB,standard,90,2017-12-29,2018-05-09,2986.851765633087,-0.004382744788971049,3218.613172108763,2917.676422614599,-300.93674949416436,-0.09349888706787257,False,False,,,False,False,,,False,False,False,,,22,98,,B_ETF_trend_following,A_ETF_sector_momentum,0,4541,deterministic_stratified_sample
current_no_cash_proxy_alpha_AB,standard,90,2018-01-22,2018-05-30,2818.7863832288685,-0.06040453892371045,3033.670787023365,2740.188754107904,-293.4820329154609,-0.09674155619351998,False,False,,,False,False,,,False,False,False,,,19,82,A_ETF_sector_momentum,B_ETF_trend_following,A_ETF_sector_momentum,0,4541,deterministic_stratified_sample
current_no_cash_proxy_alpha_AB,standard,90,2018-03-21,2018-07-27,3068.7860181062797,0.0229286727020932,3128.0474062198086,2893.448789638004,-127.98632302184978,-0.042359447828479,False,False,,,False,False,,,False,False,False,,,17,116,,B_ETF_trend_following,A_ETF_sector_momentum,0,4541,deterministic_stratified_sample
current_no_cash_proxy_alpha_AB,standard,90,2018-03-22,2018-07-30,3058.6208953155474,0.01954029843851579,3128.0474062198086,2893.448789638004,-127.98632302184978,-0.042359447828479,False,False,,,False,False,,,False,False,False,,,18,116,,B_ETF_trend_following,A_ETF_sector_momentum,0,4541,deterministic_stratified_sample
current_no_cash_proxy_alpha_AB,standard,90,2018-04-17,2018-08-22,3128.034719779649,0.04267823992654973,3160.9882679378247,2907.8745393326667,-92.32544090288184,-0.030773095630656333,False,False,,,False,False,,,False,False,False,,,14,127,,A_ETF_sector_momentum,B_ETF_trend_following,0,4541,deterministic_stratified_sample
current_no_cash_proxy_alpha_AB,standard,90,2018-05-09,2018-09-14,3231.97268941545,0.07732422980514997,3245.8164424907777,3000.0,-78.54280210202842,-0.025499537884045353,False,False,,,False,False,,,False,False,False,,,11,148,,A_ETF_sector_momentum,B_ETF_trend_following,0,4541,deterministic_stratified_sample
current_no_cash_proxy_alpha_AB,standard,90,2018-05-23,2018-09-28,3166.9117215582364,0.0556372405194121,3212.691666413526,2999.1093817182546,-77.46178062361787,-0.024575154039316316,False,False,,,False,False,,,False,False,False,,,13,123,,A_ETF_sector_momentum,B_ETF_trend_following,0,4541,deterministic_stratified_sample
current_no_cash_proxy_alpha_AB,standard,90,2018-06-08,2018-10-15,3010.5931456905237,0.0035310485635078326,3131.6744180743335,2997.040411155885,-121.08127238380985,-0.03866342927763955,False,False,,,False,False,,,False,False,False,,,16,109,,A_ETF_sector_momentum,B_ETF_trend_following,0,4541,deterministic_stratified_sample
current_no_cash_proxy_alpha_AB,standard,90,2018-07-25,2018-11-29,2910.6443801830574,-0.02978520660564754,3120.5349577861334,2910.6443801830574,-209.89057760307605,-0.0672610883846605,False,False,,,False,False,,,False,False,False,,,14,88,B_ETF_trend_following,A_ETF_sector_momentum,B_ETF_trend_following,0,4541,deterministic_stratified_sample
current_no_cash_proxy_alpha_AB,standard,90,2018-08-24,2019-01-03,2810.567587792864,-0.06314413740237868,3042.0017754689097,2810.567587792864,-231.4341876760459,-0.076079570216678,False,False,,,False,False,,,False,False,False,,,15,59,,A_ETF_sector_momentum,B_ETF_trend_following,0,4541,deterministic_stratified_sample
current_no_cash_proxy_alpha_AB,standard,90,2018-09-13,2019-01-23,2823.417091530431,-0.05886096948985631,3039.2834149129685,2823.417091530431,-215.8663233825373,-0.07102540102819555,False,False,,,False,False,,,False,False,False,,,13,42,B_ETF_trend_following,A_ETF_sector_momentum,B_ETF_trend_following,0,4541,deterministic_stratified_sample
current_no_cash_proxy_alpha_AB,standard,90,2018-09-24,2019-02-01,2802.005246491265,-0.06599825116957825,3019.393678026444,2802.005246491265,-217.38843153517882,-0.07199737918152815,False,False,,,False,False,,,False,False,False,,,13,19,B_ETF_trend_following,A_ETF_sector_momentum,B_ETF_trend_following,0,4541,deterministic_stratified_sample
current_no_cash_proxy_alpha_AB,standard,90,2018-10-25,2019-03-07,2879.180117100506,-0.0402732942998314,3008.9751343053376,2870.235407339079,-138.7397269662588,-0.04610863193400527,False,False,,,False,False,,,False,False,False,,,9,30,,B_ETF_trend_following,A_ETF_sector_momentum,0,4541,deterministic_stratified_sample
current_no_cash_proxy_alpha_AB,standard,90,2018-11-12,2019-03-25,3001.45919084493,0.00048639694830998614,3030.72381677511,2939.0229050826615,-91.7009116924487,-0.03025709937173504,False,False,,,False,False,,,False,False,False,,,9,43,,B_ETF_trend_following,A_ETF_sector_momentum,0,4541,deterministic_stratified_sample
current_no_cash_proxy_alpha_AB,standard,90,2018-11-16,2019-03-29,2999.013383053033,-0.00032887231565559283,3030.72381677511,2939.0229050826615,-91.7009116924487,-0.03025709937173504,False,False,,,False,False,,,False,False,False,,,9,51,,B_ETF_trend_following,A_ETF_sector_momentum,0,4541,deterministic_stratified_sample
current_no_cash_proxy_alpha_AB,standard,90,2018-11-23,2019-04-04,2993.3415716920845,-0.002219476102638507,3030.72381677511,2939.0229050826615,-91.7009116924487,-0.03025709937173504,False,False,,,False,False,,,False,False,False,,,11,59,,B_ETF_trend_following,A_ETF_sector_momentum,0,4541,deterministic_stratified_sample
current_no_cash_proxy_alpha_AB,standard,90,2018-12-11,2019-04-22,3096.0476915422983,0.03201589718076603,3106.8946124348095,2992.0093100717913,-59.12650324517472,-0.01933790031197602,False,False,,,False,False,,,False,False,False,,,9,95,,B_ETF_trend_following,A_ETF_sector_momentum,0,4541,deterministic_stratified_sample
current_no_cash_proxy_alpha_AB,standard,90,2018-12-28,2019-05-08,3004.8798302891864,0.001626610096395531,3129.052494269819,2992.0093100717913,-124.17266398063248,-0.03968379060690985,False,False,,,False,False,,,False,False,False,,,15,127,,B_ETF_trend_following,A_ETF_sector_momentum,0,4541,deterministic_stratified_sample
current_no_cash_proxy_alpha_AB,standard,90,2019-01-16,2019-05-24,3058.128774965931,0.01937625832197698,3129.052494269819,2992.0093100717913,-124.17266398063248,-0.03968379060690985,False,False,,,False,False,,,False,False,False,,,16,132,,B_ETF_trend_following,A_ETF_sector_momentum,0,4541,deterministic_stratified_sample
current_no_cash_proxy_alpha_AB,standard,90,2019-02-04,2019-06-12,3119.5014539798285,0.03983381799327623,3140.7396996796347,2992.0093100717913,-124.17266398063248,-0.03968379060690985,False,False,,,False,False,,,False,False,False,,,16,152,,B_ETF_trend_following,A_ETF_sector_momentum,0,4541,deterministic_stratified_sample
current_no_cash_proxy_alpha_AB,standard,90,2019-02-07,2019-06-17,3162.5018256644207,0.054167275221473465,3168.4206326774197,2999.279298022605,-125.26706068983867,-0.03968379060690963,False,False,,,False,False,,,False,False,False,,,15,155,,B_ETF_trend_following,A_ETF_sector_momentum,0,4541,deterministic_stratified_sample
current_no_cash_proxy_alpha_AB,standard,90,2019-03-04,2019-07-10,3159.5802911703095,0.05319343039010316,3184.980357665535,2997.933278084687,-124.29305128149872,-0.03968379060690952,False,False,,,False,False,,,False,False,False,,,15,200,,B_ETF_trend_following,A_ETF_sector_momentum,0,4541,deterministic_stratified_sample
current_no_cash_proxy_alpha_AB,standard,90,2019-04-23,2019-08-28,3115.3504561435284,0.038450152047842856,3115.3504561435284,2891.801642533732,-108.19835746626813,-0.03606611915542268,False,False,,,False,False,,,False,False,False,,,16,189,,B_ETF_trend_following,A_ETF_sector_momentum,0,4541,deterministic_stratified_sample
current_no_cash_proxy_alpha_AB,standard,90,2019-05-03,2019-09-10,3154.042276568691,0.05134742552289695,3216.2366571071934,2957.377214514492,-88.71304147668206,-0.029123576132452977,False,False,,,False,False,,,False,False,False,,,15,192,,B_ETF_trend_following,A_ETF_sector_momentum,0,4541,deterministic_stratified_sample
current_no_cash_proxy_alpha_AB,standard,90,2019-07-08,2019-11-11,2871.194749749641,-0.042935083416786424,3048.636255106239,2812.3345374979995,-236.30171760823941,-0.07751063027360239,False,False,,,False,False,,,False,False,False,,,24,178,A_ETF_sector_momentum,B_ETF_trend_following,A_ETF_sector_momentum,0,4541,deterministic_stratified_sample
current_no_cash_proxy_alpha_AB,standard,90,2019-07-11,2019-11-14,2921.6831835043768,-0.02610560549854113,3091.83214412064,2852.341108385057,-239.49103573558295,-0.07745926187842822,False,False,,,False,False,,,False,False,False,,,23,186,,B_ETF_trend_following,A_ETF_sector_momentum,0,4541,deterministic_stratified_sample
current_no_cash_proxy_alpha_AB,standard,90,2019-09-06,2020-01-14,2749.7001269506018,-0.08343329101646613,3000.0,2749.7001269506018,-250.29987304939823,-0.08343329101646613,False,False,,,False,False,,,False,False,False,,,13,262,"A_ETF_sector_momentum,B_ETF_trend_following",B_ETF_trend_following,A_ETF_sector_momentum,0,4541,deterministic_stratified_sample
current_no_cash_proxy_alpha_AB,standard,90,2019-09-27,2020-02-05,2847.949414895036,-0.05068352836832124,3003.7129384681607,2847.949414895036,-155.76352357312453,-0.05185699391519116,False,False,,,False,False,,,False,False,False,,,21,254,A_ETF_sector_momentum,B_ETF_trend_following,A_ETF_sector_momentum,0,4541,deterministic_stratified_sample
current_no_cash_proxy_alpha_AB,standard,90,2019-10-24,2020-03-04,3022.604876280077,0.007534958760025745,3234.1072896450246,2968.443343321588,-211.50241336494764,-0.06539746347999542,False,False,,,False,False,,,False,False,False,,,21,282,B_ETF_trend_following,A_ETF_sector_momentum,B_ETF_trend_following,0,4541,deterministic_stratified_sample
current_no_cash_proxy_alpha_AB,standard,90,2019-11-06,2020-03-17,3024.8866803201604,0.008295560106720057,3236.548759602687,2970.0856651965855,-211.66207928252652,-0.06539746347232844,False,False,,,False,False,,,False,False,False,,,19,248,B_ETF_trend_following,A_ETF_sector_momentum,B_ETF_trend_following,0,4541,deterministic_stratified_sample
current_no_cash_proxy_alpha_AB,standard,90,2019-12-13,2020-04-23,3159.433377686133,0.05314445922871114,3240.8668686501887,2994.217772308313,-182.00020282178684,-0.0561578769502461,False,False,,,False,False,,,False,False,False,,,14,182,,B_ETF_trend_following,A_ETF_sector_momentum,0,4541,deterministic_stratified_sample
current_no_cash_proxy_alpha_AB,standard,90,2020-01-08,2020-05-15,2936.1135008763767,-0.021295499707874366,3089.7669055692436,2894.9778902444805,-194.7890153247631,-0.06304327196127957,False,False,,,False,False,,,False,False,False,,,12,125,,A_ETF_sector_momentum,B_ETF_trend_following,0,4541,deterministic_stratified_sample
current_no_cash_proxy_alpha_AB,standard,90,2020-03-05,2020-07-13,3023.996474428384,0.007998824809461347,3082.56146131101,2940.480615729533,-142.0808455814772,-0.046091812722867886,False,False,,,False,False,,,False,False,False,,,8,51,,B_ETF_trend_following,A_ETF_sector_momentum,0,4541,deterministic_stratified_sample
current_no_cash_proxy_alpha_AB,standard,90,2020-03-11,2020-07-17,3031.930345190674,0.010643448396891353,3082.56146131101,2940.480615729533,-142.0808455814772,-0.046091812722867886,False,False,,,False,False,,,False,False,False,,,8,57,,B_ETF_trend_following,A_ETF_sector_momentum,0,4541,deterministic_stratified_sample
current_no_cash_proxy_alpha_AB,standard,90,2020-03-27,2020-08-04,3254.7849751759313,0.08492832505864367,3254.7849751759313,2940.480615729533,-142.0808455814772,-0.046091812722867886,False,False,,,False,False,,,False,False,False,,,8,90,,A_ETF_sector_momentum,B_ETF_trend_following,0,4541,deterministic_stratified_sample
current_no_cash_proxy_alpha_AB,standard,90,2020-04-08,2020-08-14,3177.151105820659,0.05905036860688617,3298.9753862537773,2940.480615729533,-142.0808455814772,-0.046091812722867886,False,False,,,False,False,,,False,False,False,,,10,112,,A_ETF_sector_momentum,B_ETF_trend_following,0,4541,deterministic_stratified_sample
current_no_cash_proxy_alpha_AB,standard,90,2020-04-15,2020-08-20,3201.4465695374074,0.06714885651246916,3298.9753862537773,2940.480615729533,-142.0808455814772,-0.046091812722867886,False,False,,,False,False,,,False,False,False,,,11,120,,A_ETF_sector_momentum,B_ETF_trend_following,0,4541,deterministic_stratified_sample
current_no_cash_proxy_alpha_AB,standard,90,2020-05-01,2020-09-08,3289.293270523054,0.09643109017435147,3384.9857817483644,2940.480615729533,-142.0808455814772,-0.046091812722867886,True,True,2020-08-26,82,False,False,,,False,False,False,,,12,160,,B_ETF_trend_following,A_ETF_sector_momentum,0,4541,deterministic_stratified_sample
current_no_cash_proxy_alpha_AB,standard,90,2020-05-05,2020-09-10,3298.440828891581,0.09948027629719358,3384.9857817483644,2940.480615729533,-142.0808455814772,-0.046091812722867886,True,True,2020-08-26,80,False,False,,,False,False,False,,,12,159,,B_ETF_trend_following,A_ETF_sector_momentum,0,4541,deterministic_stratified_sample
current_no_cash_proxy_alpha_AB,standard,90,2020-05-19,2020-09-24,3185.610706099137,0.061870235366379145,3384.9857817483644,2940.480615729533,-199.37507564922726,-0.058899826617956674,True,True,2020-08-26,70,False,False,,,False,False,False,,,15,160,,B_ETF_trend_following,A_ETF_sector_momentum,0,4541,deterministic_stratified_sample
current_no_cash_proxy_alpha_AB,standard,90,2020-05-22,2020-09-29,3184.984966553409,0.061661655517802894,3384.9857817483644,2940.480615729533,-200.00081519495552,-0.05908468398105171,True,True,2020-08-26,67,False,False,,,False,False,False,,,16,160,,B_ETF_trend_following,A_ETF_sector_momentum,0,4541,deterministic_stratified_sample
current_no_cash_proxy_alpha_AB,standard,90,2020-06-04,2020-10-09,3316.427860537616,0.10547595351253869,3413.821545919155,2945.2839188928265,-201.06435082058988,-0.058897147409752604,True,True,2020-08-05,44,True,True,2020-09-02,64,False,False,False,,,15,173,,A_ETF_sector_momentum,B_ETF_trend_following,0,4541,deterministic_stratified_sample
current_no_cash_proxy_alpha_AB,standard,90,2020-08-03,2020-12-08,3313.598782266254,0.10453292742208475,3313.598782266254,2987.1547953960126,-223.91750394358405,-0.06973293749556364,True,True,2020-12-07,89,False,False,,,False,False,False,,,18,181,,B_ETF_trend_following,A_ETF_sector_momentum,0,4541,deterministic_stratified_sample
current_no_cash_proxy_alpha_AB,standard,90,2020-08-05,2020-12-10,3214.7653737895607,0.07158845792985358,3270.1139542227256,2944.2388708307853,-221.3600709699599,-0.06992675794996306,False,False,,,False,False,,,False,False,False,,,18,177,,B_ETF_trend_following,A_ETF_sector_momentum,0,4541,deterministic_stratified_sample
current_no_cash_proxy_alpha_AB,standard,90,2020-08-11,2020-12-16,3241.3990471854286,0.0804663490618096,3299.412143923063,2973.153758060391,-223.22150734946035,-0.06983582615129458,False,False,,,False,False,,,False,False,False,,,17,169,,B_ETF_trend_following,A_ETF_sector_momentum,0,4541,deterministic_stratified_sample
current_no_cash_proxy_alpha_AB,standard,90,2020-09-28,2021-02-04,3189.193989292012,0.06306466309733727,3314.811871400856,2986.4354754267815,-174.30177352696137,-0.05258270462670345,True,True,2020-12-07,50,False,False,,,False,False,False,,,15,192,B_ETF_trend_following,A_ETF_sector_momentum,B_ETF_trend_following,0,4541,deterministic_stratified_sample
current_no_cash_proxy_alpha_AB,standard,90,2020-10-05,2021-02-11,3311.135119275007,0.10371170642500238,3320.4203433715365,2956.4614755530492,-189.85118529898227,-0.05783740050569597,True,True,2021-02-08,87,False,False,,,False,False,False,,,14,209,,A_ETF_sector_momentum,B_ETF_trend_following,0,4541,deterministic_stratified_sample
current_no_cash_proxy_alpha_AB,standard,90,2020-10-27,2021-03-08,3403.9282742769565,0.13464275809231885,3459.816443760913,2991.2655145055073,-182.92423190751015,-0.05287107997806573,True,True,2020-11-30,24,True,True,2020-12-07,29,False,False,False,,,16,209,,A_ETF_sector_momentum,B_ETF_trend_following,0,4541,deterministic_stratified_sample
current_no_cash_proxy_alpha_AB,standard,90,2020-12-04,2021-04-15,3067.822116002343,0.022607372000781112,3176.941083226202,2892.098047426994,-244.76088997299485,-0.07704294274303591,False,False,,,False,False,,,False,False,False,,,21,215,,B_ETF_trend_following,A_ETF_sector_momentum,0,4541,deterministic_stratified_sample
current_no_cash_proxy_alpha_AB,standard,90,2021-01-15,2021-05-25,2729.7254392277946,-0.09009152025740175,3023.124289503293,2729.7254392277946,-293.39885027549826,-0.0970515341675563,False,False,,,False,False,,,False,False,False,,,11,246,"A_ETF_sector_momentum,B_ETF_trend_following",B_ETF_trend_following,A_ETF_sector_momentum,0,4541,deterministic_stratified_sample
current_no_cash_proxy_alpha_AB,standard,90,2021-02-08,2021-06-16,2814.059415275606,-0.061980194908131225,3008.8282044278567,2769.812748046207,-239.01545638164953,-0.07943805366817192,False,False,,,False,False,,,False,False,False,,,13,246,B_ETF_trend_following,A_ETF_sector_momentum,B_ETF_trend_following,0,4541,deterministic_stratified_sample
current_no_cash_proxy_alpha_AB,standard,90,2021-03-02,2021-07-08,3055.314639914056,0.018438213304685425,3107.272570587631,2848.264180196023,-167.94881594233857,-0.05568201455181132,False,False,,,False,False,,,False,False,False,,,16,224,,B_ETF_trend_following,A_ETF_sector_momentum,0,4541,deterministic_stratified_sample
current_no_cash_proxy_alpha_AB,standard,90,2021-03-24,2021-07-30,3210.687421119809,0.07022914037326977,3260.7126846597907,3000.0,-135.39701816227262,-0.04187213628191089,False,False,,,False,False,,,False,False,False,,,16,213,,B_ETF_trend_following,A_ETF_sector_momentum,0,4541,deterministic_stratified_sample
current_no_cash_proxy_alpha_AB,standard,90,2021-04-07,2021-08-12,3157.1902846624153,0.05239676155413853,3185.784135085559,2963.5354293958458,-131.45999792655448,-0.04162966033998017,False,False,,,False,False,,,False,False,False,,,16,206,,B_ETF_trend_following,A_ETF_sector_momentum,0,4541,deterministic_stratified_sample
current_no_cash_proxy_alpha_AB,standard,90,2021-04-09,2021-08-16,3206.569885570671,0.068856628523557,3206.569885570671,2924.2376663412806,-139.66160051947463,-0.044031258264072504,False,False,,,False,False,,,False,False,False,,,13,207,,B_ETF_trend_following,A_ETF_sector_momentum,0,4541,deterministic_stratified_sample
current_no_cash_proxy_alpha_AB,standard,90,2021-06-10,2021-10-15,3081.1399815415934,0.027046660513864396,3115.8952392231577,2947.347320409386,-168.5479188137715,-0.05409293505509294,False,False,,,False,False,,,False,False,False,,,18,172,,B_ETF_trend_following,A_ETF_sector_momentum,0,4541,deterministic_stratified_sample
current_no_cash_proxy_alpha_AB,standard,90,2021-06-23,2021-10-28,3158.7239500183264,0.05290798333944213,3190.61725455353,2967.0470834714883,-180.82746765253842,-0.057444305583260746,False,False,,,False,False,,,False,False,False,,,16,181,,B_ETF_trend_following,A_ETF_sector_momentum,0,4541,deterministic_stratified_sample
current_no_cash_proxy_alpha_AB,standard,90,2021-08-11,2021-12-16,2969.763083589851,-0.01007897213671638,3152.8246990482,2909.1596284239135,-189.36728076137842,-0.06006273701755327,False,False,,,False,False,,,False,False,False,,,26,168,,A_ETF_sector_momentum,B_ETF_trend_following,0,4541,deterministic_stratified_sample
current_no_cash_proxy_alpha_AB,standard,90,2021-08-31,2022-01-06,2750.623312448421,-0.08312556251719294,3000.0,2750.623312448421,-249.37668755157893,-0.08312556251719294,False,False,,,False,False,,,False,False,False,,,19,197,"A_ETF_sector_momentum,B_ETF_trend_following",B_ETF_trend_following,A_ETF_sector_momentum,0,4541,deterministic_stratified_sample
current_no_cash_proxy_alpha_AB,standard,90,2021-09-10,2022-01-18,2767.4700003564767,-0.07750999988117446,3108.842626970847,2767.4700003564767,-341.37262661437035,-0.10980698207518869,False,False,,,False,False,,,False,False,False,,,30,157,A_ETF_sector_momentum,B_ETF_trend_following,A_ETF_sector_momentum,0,4541,deterministic_stratified_sample
current_no_cash_proxy_alpha_AB,standard,90,2021-10-11,2022-02-16,2869.7950308261707,-0.043401656391276466,3154.679009735135,2827.244911042618,-327.4340986925172,-0.10379315856924798,False,False,,,False,False,,,False,False,False,,,24,158,,B_ETF_trend_following,A_ETF_sector_momentum,0,4541,deterministic_stratified_sample
current_no_cash_proxy_alpha_AB,standard,90,2021-11-10,2022-03-21,2749.790041144967,-0.08340331961834435,3005.1518611916035,2749.790041144967,-255.3618200466367,-0.08497468076218306,False,False,,,False,False,,,False,False,False,,,12,100,"A_ETF_sector_momentum,B_ETF_trend_following",B_ETF_trend_following,A_ETF_sector_momentum,0,4541,deterministic_stratified_sample
current_no_cash_proxy_alpha_AB,standard,90,2021-11-24,2022-04-04,2797.748073687955,-0.06741730877068164,3014.6062005026283,2770.4764654890596,-244.12973501356873,-0.080982297114915,False,False,,,False,False,,,False,False,False,,,15,95,B_ETF_trend_following,A_ETF_sector_momentum,B_ETF_trend_following,0,4541,deterministic_stratified_sample
current_no_cash_proxy_alpha_AB,standard,90,2021-11-29,2022-04-06,2827.614880149561,-0.057461706616812935,3066.1051686347573,2811.3229844212037,-254.7821842135536,-0.08309636173601975,False,False,,,False,False,,,False,False,False,,,18,82,B_ETF_trend_following,A_ETF_sector_momentum,B_ETF_trend_following,0,4541,deterministic_stratified_sample
current_no_cash_proxy_alpha_AB,standard,90,2021-12-10,2022-04-20,2765.5812799062346,-0.07813957336458843,3000.0,2765.5812799062346,-234.4187200937654,-0.07813957336458843,False,False,,,False,False,,,False,False,False,,,14,98,"A_ETF_sector_momentum,B_ETF_trend_following",B_ETF_trend_following,A_ETF_sector_momentum,0,4541,deterministic_stratified_sample
current_no_cash_proxy_alpha_AB,standard,90,2022-02-04,2022-06-14,2998.3745459498987,-0.0005418180167003905,3079.2509417492593,2923.2676552191842,-87.21447124470524,-0.028970267080491663,False,False,,,False,False,,,False,False,False,,,6,46,,B_ETF_trend_following,A_ETF_sector_momentum,0,4541,deterministic_stratified_sample
current_no_cash_proxy_alpha_AB,standard,90,2022-02-15,2022-06-24,3083.7876864125865,0.02792922880419546,3166.7989211873405,2998.382174623555,-83.01123477475403,-0.026212979365178746,False,False,,,False,False,,,False,False,False,,,4,44,,B_ETF_trend_following,A_ETF_sector_momentum,0,4541,deterministic_stratified_sample
current_no_cash_proxy_alpha_AB,standard,90,2022-02-22,2022-06-30,3026.7074000076727,0.00890246666922434,3108.29195477179,3000.0,-81.58455476411746,-0.02624739115605612,False,False,,,False,False,,,False,False,False,,,3,44,,A_ETF_sector_momentum,B_ETF_trend_following,0,4541,deterministic_stratified_sample
current_no_cash_proxy_alpha_AB,standard,90,2022-03-01,2022-07-08,3026.7074000076727,0.00890246666922434,3108.29195477179,3000.0,-81.58455476411746,-0.02624739115605612,False,False,,,False,False,,,False,False,False,,,3,44,,A_ETF_sector_momentum,B_ETF_trend_following,0,4541,deterministic_stratified_sample
current_no_cash_proxy_alpha_AB,standard,90,2022-03-11,2022-07-20,3026.7074000076727,0.00890246666922434,3108.29195477179,3000.0,-81.58455476411746,-0.02624739115605612,False,False,,,False,False,,,False,False,False,,,3,45,,A_ETF_sector_momentum,B_ETF_trend_following,0,4541,deterministic_stratified_sample
current_no_cash_proxy_alpha_AB,standard,90,2022-03-16,2022-07-25,3026.7074000076727,0.00890246666922434,3108.29195477179,3000.0,-81.58455476411746,-0.02624739115605612,False,False,,,False,False,,,False,False,False,,,3,45,,A_ETF_sector_momentum,B_ETF_trend_following,0,4541,deterministic_stratified_sample
current_no_cash_proxy_alpha_AB,standard,90,2022-03-22,2022-07-29,2974.805483756915,-0.008398172081028443,3095.906416691171,2974.805483756915,-121.10093293425643,-0.03911647079555014,False,False,,,False,False,,,False,False,False,,,5,40,,B_ETF_trend_following,A_ETF_sector_momentum,0,4541,deterministic_stratified_sample
current_no_cash_proxy_alpha_AB,standard,90,2022-04-21,2022-08-29,2968.698290016596,-0.010433903327801364,3006.8519315720364,2968.698290016596,-38.15364155544057,-0.012688899361763095,False,False,,,False,False,,,False,False,False,,,1,20,,B_ETF_trend_following,B_ETF_trend_following,0,4541,deterministic_stratified_sample
current_no_cash_proxy_alpha_AB,standard,90,2022-05-05,2022-09-13,2968.698290016596,-0.010433903327801364,3006.8519315720364,2968.698290016596,-38.15364155544057,-0.012688899361763095,False,False,,,False,False,,,False,False,False,,,1,20,,B_ETF_trend_following,B_ETF_trend_following,0,4541,deterministic_stratified_sample
current_no_cash_proxy_alpha_AB,standard,90,2022-05-09,2022-09-15,2968.698290016596,-0.010433903327801364,3006.8519315720364,2968.698290016596,-38.15364155544057,-0.012688899361763095,False,False,,,False,False,,,False,False,False,,,1,19,,B_ETF_trend_following,B_ETF_trend_following,0,4541,deterministic_stratified_sample
current_no_cash_proxy_alpha_AB,standard,90,2022-05-25,2022-10-03,2968.698290016596,-0.010433903327801364,3006.8519315720364,2968.698290016596,-38.15364155544057,-0.012688899361763095,False,False,,,False,False,,,False,False,False,,,1,20,,B_ETF_trend_following,B_ETF_trend_following,0,4541,deterministic_stratified_sample
current_no_cash_proxy_alpha_AB,standard,90,2022-06-13,2022-10-19,2968.698290016596,-0.010433903327801364,3006.8519315720364,2968.698290016596,-38.15364155544057,-0.012688899361763095,False,False,,,False,False,,,False,False,False,,,1,19,,B_ETF_trend_following,B_ETF_trend_following,0,4541,deterministic_stratified_sample
current_no_cash_proxy_alpha_AB,standard,90,2022-06-30,2022-11-04,2968.698290016596,-0.010433903327801364,3006.8519315720364,2968.698290016596,-38.15364155544057,-0.012688899361763095,False,False,,,False,False,,,False,False,False,,,1,19,,B_ETF_trend_following,B_ETF_trend_following,0,4541,deterministic_stratified_sample
current_no_cash_proxy_alpha_AB,standard,90,2022-07-19,2022-11-22,2968.698290016596,-0.010433903327801364,3006.8519315720364,2968.698290016596,-38.15364155544057,-0.012688899361763095,False,False,,,False,False,,,False,False,False,,,1,19,,B_ETF_trend_following,B_ETF_trend_following,0,4541,deterministic_stratified_sample
current_no_cash_proxy_alpha_AB,standard,90,2022-07-26,2022-11-30,2968.698290016596,-0.010433903327801364,3006.8519315720364,2968.698290016596,-38.15364155544057,-0.012688899361763095,False,False,,,False,False,,,False,False,False,,,1,18,,B_ETF_trend_following,B_ETF_trend_following,0,4541,deterministic_stratified_sample
current_no_cash_proxy_alpha_AB,standard,90,2022-08-04,2022-12-09,2932.587870987641,-0.02247070967078635,3006.8519315720364,2931.753598108785,-75.09833346325149,-0.024975733814730505,False,False,,,False,False,,,False,False,False,,,3,18,,B_ETF_trend_following,A_ETF_sector_momentum,0,4541,deterministic_stratified_sample
current_no_cash_proxy_alpha_AB,standard,90,2022-08-23,2022-12-29,2919.2603539808697,-0.02691321533971014,3005.044440886462,2919.2603539808697,-85.78408690559218,-0.028546694930171035,False,False,,,False,False,,,False,False,False,,,3,18,,B_ETF_trend_following,A_ETF_sector_momentum,0,4541,deterministic_stratified_sample
current_no_cash_proxy_alpha_AB,standard,90,2022-09-09,2023-01-18,2865.237581722242,-0.044920806092586085,3005.044440886462,2865.237581722242,-139.80685916422,-0.04652405710278884,False,False,,,False,False,,,False,False,False,,,5,28,,A_ETF_sector_momentum,B_ETF_trend_following,0,4541,deterministic_stratified_sample
current_no_cash_proxy_alpha_AB,standard,90,2022-09-27,2023-02-03,2776.7743415909786,-0.07440855280300718,3005.044440886462,2776.7743415909786,-228.2700992954833,-0.07596230398115034,False,False,,,False,False,,,False,False,False,,,8,51,B_ETF_trend_following,B_ETF_trend_following,A_ETF_sector_momentum,0,4541,deterministic_stratified_sample
current_no_cash_proxy_alpha_AB,standard,90,2022-10-12,2023-02-21,2761.6051100664135,-0.07946496331119546,3005.044440886462,2761.6051100664135,-243.43933082004833,-0.08101022650707812,False,False,,,False,False,,,False,False,False,,,10,55,"A_ETF_sector_momentum,B_ETF_trend_following",B_ETF_trend_following,A_ETF_sector_momentum,0,4541,deterministic_stratified_sample
current_no_cash_proxy_alpha_AB,standard,90,2022-10-13,2023-02-22,2761.6051100664135,-0.07946496331119546,3005.044440886462,2761.6051100664135,-243.43933082004833,-0.08101022650707812,False,False,,,False,False,,,False,False,False,,,10,55,"A_ETF_sector_momentum,B_ETF_trend_following",B_ETF_trend_following,A_ETF_sector_momentum,0,4541,deterministic_stratified_sample
current_no_cash_proxy_alpha_AB,standard,90,2022-10-31,2023-03-10,2761.6051100664135,-0.07946496331119546,3005.044440886462,2761.6051100664135,-243.43933082004833,-0.08101022650707812,False,False,,,False,False,,,False,False,False,,,10,58,"A_ETF_sector_momentum,B_ETF_trend_following",B_ETF_trend_following,A_ETF_sector_momentum,0,4541,deterministic_stratified_sample
current_no_cash_proxy_alpha_AB,standard,90,2022-11-16,2023-03-28,2761.6051100664135,-0.07946496331119546,3005.044440886462,2761.6051100664135,-243.43933082004833,-0.08101022650707812,False,False,,,False,False,,,False,False,False,,,10,77,"A_ETF_sector_momentum,B_ETF_trend_following",B_ETF_trend_following,A_ETF_sector_momentum,0,4541,deterministic_stratified_sample
current_no_cash_proxy_alpha_AB,standard,90,2022-11-29,2023-04-10,2761.6051100664135,-0.07946496331119546,3005.044440886462,2761.6051100664135,-243.43933082004833,-0.08101022650707812,False,False,,,False,False,,,False,False,False,,,10,102,"A_ETF_sector_momentum,B_ETF_trend_following",B_ETF_trend_following,A_ETF_sector_momentum,0,4541,deterministic_stratified_sample
current_no_cash_proxy_alpha_AB,standard,90,2022-12-08,2023-04-19,2734.049178361125,-0.08865027387962499,3001.802177995222,2734.049178361125,-267.7529996340968,-0.08919741667084735,False,False,,,False,False,,,False,False,False,,,10,110,"A_ETF_sector_momentum,B_ETF_trend_following",B_ETF_trend_following,A_ETF_sector_momentum,0,4541,deterministic_stratified_sample
current_no_cash_proxy_alpha_AB,standard,90,2022-12-28,2023-05-08,2733.9042998080586,-0.08869856673064713,3007.438819371449,2733.9042998080586,-273.5345195633904,-0.0909526464184428,False,False,,,False,False,,,False,False,False,,,10,124,"A_ETF_sector_momentum,B_ETF_trend_following",B_ETF_trend_following,A_ETF_sector_momentum,0,4541,deterministic_stratified_sample
current_no_cash_proxy_alpha_AB,standard,90,2022-12-29,2023-05-09,2733.9042998080586,-0.08869856673064713,3007.438819371449,2733.9042998080586,-273.5345195633904,-0.0909526464184428,False,False,,,False,False,,,False,False,False,,,10,125,"A_ETF_sector_momentum,B_ETF_trend_following",B_ETF_trend_following,A_ETF_sector_momentum,0,4541,deterministic_stratified_sample
current_no_cash_proxy_alpha_AB,standard,90,2023-02-16,2023-06-27,3103.001502297962,0.03433383409932067,3150.282613809166,2836.8798475528392,-163.12015244716076,-0.05437338414905357,False,False,,,False,False,,,False,False,False,,,13,134,A_ETF_sector_momentum,B_ETF_trend_following,A_ETF_sector_momentum,0,4541,deterministic_stratified_sample
current_no_cash_proxy_alpha_AB,standard,90,2023-03-13,2023-07-20,3417.729100169153,0.13924303338971766,3497.3334562530104,2969.7394719774156,-123.17739613687581,-0.03831809654019791,True,True,2023-06-14,66,True,True,2023-07-13,85,False,False,False,,,10,185,,B_ETF_trend_following,A_ETF_sector_momentum,0,4541,deterministic_stratified_sample
current_no_cash_proxy_alpha_AB,standard,90,2023-03-21,2023-07-28,3363.0051832079466,0.12100172773598228,3390.057422124297,2906.240003568006,-159.97363541000504,-0.05217302322852013,True,True,2023-07-13,79,False,False,,,False,False,False,,,11,178,,A_ETF_sector_momentum,B_ETF_trend_following,0,4541,deterministic_stratified_sample
current_no_cash_proxy_alpha_AB,standard,90,2023-03-23,2023-08-01,3342.0490960309203,0.11401636534364012,3369.167978596235,2888.1813796912447,-175.47222354726318,-0.0572754776720763,True,True,2023-07-13,77,False,False,,,False,False,False,,,10,194,,B_ETF_trend_following,A_ETF_sector_momentum,0,4541,deterministic_stratified_sample
current_no_cash_proxy_alpha_AB,standard,90,2023-04-25,2023-08-31,3253.3057403107177,0.08443524677023917,3382.5545929087702,2898.3081451929133,-216.82214840348797,-0.06410011795760417,True,True,2023-07-13,55,False,False,,,False,False,False,,,13,155,,B_ETF_trend_following,A_ETF_sector_momentum,0,4541,deterministic_stratified_sample
current_no_cash_proxy_alpha_AB,standard,90,2023-05-01,2023-09-07,3267.801155454612,0.08926705181820394,3452.7036215507187,2958.414575063864,-221.31874949471785,-0.06410012956609246,True,True,2023-06-15,33,True,True,2023-07-17,53,False,False,False,,,13,157,,B_ETF_trend_following,A_ETF_sector_momentum,0,4541,deterministic_stratified_sample
current_no_cash_proxy_alpha_AB,standard,90,2023-06-08,2023-10-16,3060.176850441559,0.020058950147186394,3226.9077255893285,2992.5645950171993,-217.39578471509003,-0.06736969358966938,False,False,,,False,False,,,False,False,False,,,16,104,,B_ETF_trend_following,A_ETF_sector_momentum,0,4541,deterministic_stratified_sample
current_no_cash_proxy_alpha_AB,standard,90,2023-06-27,2023-11-01,2910.560013940696,-0.029813328686434604,3113.038951140071,2910.560013940696,-202.47893719937474,-0.06504221128528509,False,False,,,False,False,,,False,False,False,,,16,80,,B_ETF_trend_following,A_ETF_sector_momentum,0,4541,deterministic_stratified_sample
current_no_cash_proxy_alpha_AB,standard,90,2023-08-25,2024-01-03,3179.525582420886,0.059841860806961966,3277.460513850728,2932.2555508681417,-148.08291763329908,-0.048073586441083616,False,False,,,False,False,,,False,False,False,,,13,132,,A_ETF_sector_momentum,B_ETF_trend_following,0,4541,deterministic_stratified_sample
current_no_cash_proxy_alpha_AB,standard,90,2023-11-02,2024-03-13,3424.4058791002794,0.14146862636675972,3424.4058791002794,3000.0,-181.04619633772927,-0.053992383425253476,True,True,2023-12-13,29,True,True,2024-03-12,89,False,False,False,,,13,238,,A_ETF_sector_momentum,B_ETF_trend_following,0,4541,deterministic_stratified_sample
current_no_cash_proxy_alpha_AB,standard,90,2023-11-13,2024-03-22,3236.114504479875,0.07870483482662505,3261.521446894547,2949.5293308394344,-148.89506034115175,-0.04786104290357229,False,False,,,False,False,,,False,False,False,,,16,236,,B_ETF_trend_following,A_ETF_sector_momentum,0,4541,deterministic_stratified_sample
current_no_cash_proxy_alpha_AB,standard,90,2024-01-02,2024-05-09,3180.9617551455754,0.06032058504852511,3231.047617887113,2920.1868968652484,-183.99451652161952,-0.056945776813385196,False,False,,,False,False,,,False,False,False,,,18,182,,B_ETF_trend_following,A_ETF_sector_momentum,0,4541,deterministic_stratified_sample
current_no_cash_proxy_alpha_AB,standard,90,2024-01-05,2024-05-14,3300.4451985090873,0.100148399503029,3325.7962960141203,2971.8559589739616,-169.75272433826012,-0.05104122719172677,True,True,2024-03-21,53,False,False,,,False,False,False,,,18,197,,B_ETF_trend_following,A_ETF_sector_momentum,0,4541,deterministic_stratified_sample
current_no_cash_proxy_alpha_AB,standard,90,2024-01-19,2024-05-28,3212.7490157366447,0.07091633857888158,3247.553515439559,2994.7659925942376,-186.0994092214646,-0.057304493470764495,False,False,,,False,False,,,False,False,False,,,17,226,,B_ETF_trend_following,A_ETF_sector_momentum,0,4541,deterministic_stratified_sample
current_no_cash_proxy_alpha_AB,standard,90,2024-01-24,2024-05-31,3144.7755534173725,0.048258517805790824,3268.657024063342,2999.5566556558233,-201.57423605748136,-0.0616688244051069,False,False,,,False,False,,,False,False,False,,,14,206,,B_ETF_trend_following,A_ETF_sector_momentum,0,4541,deterministic_stratified_sample
current_no_cash_proxy_alpha_AB,standard,90,2024-02-02,2024-06-11,3101.7488364103915,0.03391627880346393,3212.561199291011,2996.2045088840323,-184.257003738011,-0.0573551731181573,False,False,,,False,False,,,False,False,False,,,20,203,,B_ETF_trend_following,A_ETF_sector_momentum,0,4541,deterministic_stratified_sample
current_no_cash_proxy_alpha_AB,standard,90,2024-03-07,2024-07-16,2902.758612059205,-0.03241379598026495,3048.9146151536524,2803.589488535462,-245.32512661819055,-0.08046310165554671,False,False,,,False,False,,,False,False,False,,,19,222,B_ETF_trend_following,A_ETF_sector_momentum,B_ETF_trend_following,0,4541,deterministic_stratified_sample
current_no_cash_proxy_alpha_AB,standard,90,2024-04-01,2024-08-07,2989.527706096248,-0.003490764634583976,3094.64151626026,2903.009350741809,-150.6070308962735,-0.04866703626411484,False,False,,,False,False,,,False,False,False,,,25,167,,A_ETF_sector_momentum,B_ETF_trend_following,0,4541,deterministic_stratified_sample
current_no_cash_proxy_alpha_AB,standard,90,2024-04-22,2024-08-28,3219.876731910905,0.07329224397030165,3238.6208845270603,2991.7694718974653,-142.8897793951187,-0.0443729626677275,False,False,,,False,False,,,False,False,False,,,19,188,,A_ETF_sector_momentum,B_ETF_trend_following,0,4541,deterministic_stratified_sample
current_no_cash_proxy_alpha_AB,standard,90,2024-05-08,2024-09-16,3158.8387928445163,0.052946264281505506,3158.8387928445163,2915.260943831284,-163.05116886524593,-0.052967718313143064,False,False,,,False,False,,,False,False,False,,,20,225,,A_ETF_sector_momentum,B_ETF_trend_following,0,4541,deterministic_stratified_sample
current_no_cash_proxy_alpha_AB,standard,90,2024-07-11,2024-11-14,3000.873771224151,0.00029125707471688855,3109.298469773479,2914.7392350753635,-119.89284957385962,-0.038559453439217184,False,False,,,False,False,,,False,False,False,,,16,231,B_ETF_trend_following,A_ETF_sector_momentum,B_ETF_trend_following,0,4541,deterministic_stratified_sample
current_no_cash_proxy_alpha_AB,standard,90,2024-09-10,2025-01-17,3180.200947742121,0.060066982580706973,3247.310825452663,2962.0357067076375,-157.36164706588988,-0.048459065215586294,False,False,,,False,False,,,False,False,False,,,18,169,,B_ETF_trend_following,A_ETF_sector_momentum,0,4541,deterministic_stratified_sample
current_no_cash_proxy_alpha_AB,standard,90,2024-09-18,2025-01-28,3264.403453441215,0.08813448448040506,3264.403453441215,2965.1522457913197,-157.47986928429873,-0.04844451465233934,False,False,,,False,False,,,False,False,False,,,16,177,,B_ETF_trend_following,A_ETF_sector_momentum,0,4541,deterministic_stratified_sample
current_no_cash_proxy_alpha_AB,standard,90,2024-09-27,2025-02-06,3246.226236781914,0.08207541226063797,3251.4766881899345,2946.687150897722,-156.7898461574964,-0.048221119569145654,False,False,,,False,False,,,False,False,False,,,18,145,,B_ETF_trend_following,A_ETF_sector_momentum,0,4541,deterministic_stratified_sample
current_no_cash_proxy_alpha_AB,standard,90,2024-11-08,2025-03-21,3001.8206710665995,0.000606890355533185,3077.275549237691,2877.0643475595434,-150.0370281482151,-0.04956458655539253,False,False,,,False,False,,,False,False,False,,,18,125,,A_ETF_sector_momentum,B_ETF_trend_following,0,4541,deterministic_stratified_sample
current_no_cash_proxy_alpha_AB,standard,90,2024-12-16,2025-04-28,2923.392566693659,-0.02553581110211367,3028.0631426634936,2863.5349866309034,-157.33892484372018,-0.05196025229028889,False,False,,,False,False,,,False,False,False,,,12,84,B_ETF_trend_following,A_ETF_sector_momentum,B_ETF_trend_following,0,4541,deterministic_stratified_sample
current_no_cash_proxy_alpha_AB,standard,90,2025-01-14,2025-05-22,2932.6151279556047,-0.022461624014798454,3072.432173841705,2914.8741472639795,-157.55802657772574,-0.05128120578841566,False,False,,,False,False,,,False,False,False,,,14,68,,B_ETF_trend_following,A_ETF_sector_momentum,0,4541,deterministic_stratified_sample
current_no_cash_proxy_alpha_AB,standard,90,2025-03-05,2025-07-14,3148.098409180462,0.049366136393487414,3157.1173538529883,2979.7311495550302,-82.39105672732467,-0.02679467599821339,False,False,,,False,False,,,False,False,False,,,9,61,,A_ETF_sector_momentum,B_ETF_trend_following,0,4541,deterministic_stratified_sample
current_no_cash_proxy_alpha_AB,standard,90,2025-03-07,2025-07-16,3155.6306729117005,0.05187689097056691,3157.1173538529883,2979.7311495550302,-82.39105672732467,-0.02679467599821339,False,False,,,False,False,,,False,False,False,,,9,66,,A_ETF_sector_momentum,B_ETF_trend_following,0,4541,deterministic_stratified_sample
current_no_cash_proxy_alpha_AB,standard,90,2025-03-14,2025-07-23,3168.238500116721,0.05607950003890694,3168.238500116721,2957.693438191928,-51.16174026303406,-0.017003723086900235,False,False,,,False,False,,,False,False,False,,,8,80,,A_ETF_sector_momentum,B_ETF_trend_following,0,4541,deterministic_stratified_sample
current_no_cash_proxy_alpha_AB,standard,90,2025-03-17,2025-07-24,3170.2593292158545,0.056753109738618246,3170.2593292158545,2957.693438191928,-51.16174026303406,-0.017003723086900235,False,False,,,False,False,,,False,False,False,,,8,80,,A_ETF_sector_momentum,B_ETF_trend_following,0,4541,deterministic_stratified_sample
current_no_cash_proxy_alpha_AB,standard,90,2025-04-04,2025-08-13,3212.7451431744557,0.0709150477248186,3239.215761822191,2997.9876690305464,-101.24644603384331,-0.03125646868823828,False,False,,,False,False,,,False,False,False,,,11,109,,A_ETF_sector_momentum,B_ETF_trend_following,0,4541,deterministic_stratified_sample
current_no_cash_proxy_alpha_AB,standard,90,2025-04-23,2025-08-29,3120.8425840166137,0.04028086133887121,3239.215761822191,2997.9876690305464,-118.37317780557714,-0.03654377679953846,False,False,,,False,False,,,False,False,False,,,13,135,,A_ETF_sector_momentum,B_ETF_trend_following,0,4541,deterministic_stratified_sample
current_no_cash_proxy_alpha_AB,standard,90,2025-05-09,2025-09-17,3136.2950101428883,0.04543167004762938,3239.215761822191,2997.9876690305464,-183.83513886880155,-0.05675297738283014,False,False,,,False,False,,,False,False,False,,,16,181,,A_ETF_sector_momentum,B_ETF_trend_following,0,4541,deterministic_stratified_sample
current_no_cash_proxy_alpha_AB,standard,90,2025-05-13,2025-09-19,3161.5056561394895,0.05383521871316321,3227.902775273044,2986.880193652757,-183.3973165851403,-0.05681624551706854,False,False,,,False,False,,,False,False,False,,,15,185,,A_ETF_sector_momentum,B_ETF_trend_following,0,4541,deterministic_stratified_sample
current_no_cash_proxy_alpha_AB,standard,90,2025-05-15,2025-09-23,3110.2170842309556,0.03673902807698526,3123.07257383462,2916.508487924502,-119.60489534945236,-0.03939408060593508,False,False,,,False,False,,,False,False,False,,,13,219,B_ETF_trend_following,A_ETF_sector_momentum,B_ETF_trend_following,0,4541,deterministic_stratified_sample
current_no_cash_proxy_alpha_AB,standard,90,2025-05-27,2025-10-02,3016.0290602957316,0.005343020098577123,3056.7469890737348,2882.009506426607,-174.73748264712776,-0.057164522700675735,False,False,,,False,False,,,False,False,False,,,22,204,,A_ETF_sector_momentum,B_ETF_trend_following,0,4541,deterministic_stratified_sample
current_no_cash_proxy_alpha_AB,standard,90,2025-07-18,2025-11-21,2922.197556837409,-0.025934147720863665,3055.2667437537466,2898.0514679688144,-157.21527578493215,-0.051457135815177635,False,False,,,False,False,,,False,False,False,,,23,211,B_ETF_trend_following,A_ETF_sector_momentum,B_ETF_trend_following,0,4541,deterministic_stratified_sample
current_no_cash_proxy_alpha_AB,standard,90,2025-08-13,2025-12-18,2955.0988137054155,-0.014967062098194872,3061.6938737737314,2835.086287608811,-183.01092518391442,-0.06063784970483754,False,False,,,False,False,,,False,False,False,,,18,249,B_ETF_trend_following,A_ETF_sector_momentum,B_ETF_trend_following,0,4541,deterministic_stratified_sample
current_no_cash_proxy_alpha_AB,standard,90,2025-08-14,2025-12-19,2928.216318795273,-0.023927893734909,3043.300460649107,2852.6550127318087,-164.46736543623138,-0.05404243437769274,False,False,,,False,False,,,False,False,False,,,23,228,B_ETF_trend_following,A_ETF_sector_momentum,B_ETF_trend_following,0,4541,deterministic_stratified_sample
current_no_cash_proxy_alpha_AB,standard,90,2025-08-27,2026-01-05,3144.8126125258045,0.04827087084193482,3194.856302017459,2956.1228132051433,-184.69612671916457,-0.05813184033617946,False,False,,,False,False,,,False,False,False,,,22,217,B_ETF_trend_following,A_ETF_sector_momentum,B_ETF_trend_following,0,4541,deterministic_stratified_sample
current_no_cash_proxy_alpha_AB,standard,90,2025-09-18,2026-01-27,2955.147897382176,-0.01495070087260808,3039.7864471293246,2867.160849080911,-172.62559804841385,-0.05678872547492142,False,False,,,False,False,,,False,False,False,,,20,233,B_ETF_trend_following,A_ETF_sector_momentum,B_ETF_trend_following,0,4541,deterministic_stratified_sample
current_no_cash_proxy_alpha_AB,standard,90,2025-09-22,2026-01-29,2903.6639697111573,-0.03211201009628095,3002.1411816664026,2839.283919503705,-162.85726216269768,-0.05424703646758555,False,False,,,False,False,,,False,False,False,,,20,235,B_ETF_trend_following,A_ETF_sector_momentum,B_ETF_trend_following,0,4541,deterministic_stratified_sample
current_no_cash_proxy_alpha_AB,standard,90,2025-09-23,2026-01-30,3185.8741548156845,0.06195805160522827,3218.5179877013925,2975.158108631883,-243.3598790695096,-0.07561240297535599,False,False,,,False,False,,,False,False,False,,,24,199,,A_ETF_sector_momentum,B_ETF_trend_following,0,4541,deterministic_stratified_sample
current_no_cash_proxy_alpha_AB,standard,90,2025-09-24,2026-02-02,3055.4951461251508,0.018498382041716832,3112.22240947883,2908.4375912378387,-203.78481824099117,-0.06547887375282946,False,False,,,False,False,,,False,False,False,,,23,220,B_ETF_trend_following,A_ETF_sector_momentum,B_ETF_trend_following,0,4541,deterministic_stratified_sample
current_no_cash_proxy_alpha_AB,standard,90,2025-09-25,2026-02-03,2929.829059297434,-0.02339031356752197,3043.7751015785184,2870.9825867976815,-172.79251478083688,-0.05676914654148579,False,False,,,False,False,,,False,False,False,,,21,234,B_ETF_trend_following,A_ETF_sector_momentum,B_ETF_trend_following,0,4541,deterministic_stratified_sample
current_no_cash_proxy_alpha_AB,standard,90,2025-09-26,2026-02-04,3281.8376907849465,0.09394589692831556,3281.8376907849465,2965.9870715933694,-219.9519152537464,-0.06903833254867708,False,False,,,False,False,,,False,False,False,,,22,204,,B_ETF_trend_following,A_ETF_sector_momentum,0,4541,deterministic_stratified_sample
current_no_cash_proxy_alpha_AB,standard,90,2025-09-29,2026-02-05,3319.365187486363,0.10645506249545433,3370.408151385937,3000.0,-244.53788101474674,-0.07431472076847245,True,True,2026-02-03,88,False,False,,,False,False,False,,,23,199,,B_ETF_trend_following,A_ETF_sector_momentum,0,4541,deterministic_stratified_sample
current_no_cash_proxy_alpha_AB,standard,90,2025-09-30,2026-02-06,3368.8278491425294,0.12294261638084314,3368.8278491425294,3000.0,-242.92627803046935,-0.07441534393668237,True,True,2026-02-04,88,False,False,,,False,False,False,,,23,196,,B_ETF_trend_following,A_ETF_sector_momentum,0,4541,deterministic_stratified_sample
current_no_cash_proxy_alpha_AB,standard,90,2025-10-01,2026-02-09,3009.718745916143,0.003239581972047656,3088.594923718046,2882.921886125946,-179.56920569399654,-0.058635013232735345,False,False,,,False,False,,,False,False,False,,,23,220,B_ETF_trend_following,A_ETF_sector_momentum,B_ETF_trend_following,0,4541,deterministic_stratified_sample
current_no_cash_proxy_alpha_AB,standard,90,2025-10-02,2026-02-10,2994.0127103467466,-0.0019957632177510787,3081.8073957125234,2884.7805893759887,-179.65435607775407,-0.05862560611517664,False,False,,,False,False,,,False,False,False,,,23,221,B_ETF_trend_following,A_ETF_sector_momentum,B_ETF_trend_following,0,4541,deterministic_stratified_sample
current_no_cash_proxy_alpha_AB,standard,90,2025-10-03,2026-02-11,3318.0786749054896,0.10602622496849645,3318.0786749054896,2919.690925998501,-217.64703477941612,-0.0693731556817837,True,True,2026-02-11,90,False,False,,,False,False,False,,,22,195,,B_ETF_trend_following,A_ETF_sector_momentum,0,4541,deterministic_stratified_sample
current_no_cash_proxy_alpha_AB,standard,90,2025-10-06,2026-02-12,3325.6594340170777,0.10855314467235933,3363.6924486097573,2959.828045769688,-239.37453356125434,-0.07482318722414738,True,True,2026-02-06,86,False,False,,,False,False,False,,,22,191,,B_ETF_trend_following,A_ETF_sector_momentum,0,4541,deterministic_stratified_sample
current_no_cash_proxy_alpha_AB,standard,90,2025-10-07,2026-02-13,2960.559656307238,-0.013146781230920612,3075.663833466677,2883.3264602415534,-192.33737322512343,-0.06253523910262127,False,False,,,False,False,,,False,False,False,,,20,234,B_ETF_trend_following,A_ETF_sector_momentum,B_ETF_trend_following,0,4541,deterministic_stratified_sample
current_no_cash_proxy_alpha_AB,standard,90,2025-10-08,2026-02-17,3026.2647786005605,0.008754926200186919,3094.621504406841,2886.5880584473657,-179.73715933591438,-0.05861646973827872,False,False,,,False,False,,,False,False,False,,,22,223,B_ETF_trend_following,A_ETF_sector_momentum,B_ETF_trend_following,0,4541,deterministic_stratified_sample
current_no_cash_proxy_alpha_AB,standard,90,2025-10-09,2026-02-18,3322.314325847743,0.10743810861591441,3331.390300414395,2931.40428062827,-181.79026733859018,-0.058393481209618736,True,True,2026-02-10,85,False,False,,,False,False,False,,,20,195,,B_ETF_trend_following,A_ETF_sector_momentum,0,4541,deterministic_stratified_sample
current_no_cash_proxy_alpha_AB,standard,90,2025-10-10,2026-02-19,3325.492906248126,0.10849763541604207,3331.390300414395,2931.40428062827,-181.79026733859018,-0.058393481209618736,True,True,2026-02-10,84,False,False,,,False,False,False,,,20,195,,B_ETF_trend_following,A_ETF_sector_momentum,0,4541,deterministic_stratified_sample
current_no_cash_proxy_alpha_AB,standard,90,2025-10-13,2026-02-20,2970.0009365104684,-0.00999968782984384,3087.269327859781,2912.101092338485,-175.16823552129563,-0.05673889023564049,False,False,,,False,False,,,False,False,False,,,21,221,B_ETF_trend_following,A_ETF_sector_momentum,B_ETF_trend_following,0,4541,deterministic_stratified_sample
current_no_cash_proxy_alpha_AB,standard,90,2025-10-14,2026-02-23,2944.4076814031505,-0.01853077286561655,3048.573981779627,2864.9529745796226,-183.62100720000444,-0.060231770098888804,False,False,,,False,False,,,False,False,False,,,19,232,B_ETF_trend_following,A_ETF_sector_momentum,B_ETF_trend_following,0,4541,deterministic_stratified_sample
current_no_cash_proxy_alpha_AB,standard,90,2025-10-15,2026-02-24,2956.8199994985944,-0.014393333500468564,3018.0342542630347,2864.0888301132627,-153.94542414977195,-0.05100850791614475,False,False,,,False,False,,,False,False,False,,,19,231,B_ETF_trend_following,A_ETF_sector_momentum,B_ETF_trend_following,0,4541,deterministic_stratified_sample
current_no_cash_proxy_alpha_AB,standard,90,2025-10-16,2026-02-25,3038.7140210755942,0.012904673691864765,3091.4068063677596,2883.5894659028777,-122.47000791276332,-0.04074104620335739,False,False,,,False,False,,,False,False,False,,,20,222,B_ETF_trend_following,A_ETF_sector_momentum,B_ETF_trend_following,0,4541,deterministic_stratified_sample
current_no_cash_proxy_alpha_AB,standard,90,2025-10-17,2026-02-26,3044.689004043948,0.014896334681316015,3085.786754568954,2902.4381243466332,-153.0000988060874,-0.05007468246182245,False,False,,,False,False,,,False,False,False,,,20,224,B_ETF_trend_following,A_ETF_sector_momentum,B_ETF_trend_following,0,4541,deterministic_stratified_sample
current_no_cash_proxy_alpha_AB,standard,90,2025-10-20,2026-02-27,2971.517930313409,-0.009494023228863613,3000.0,2860.0881003127574,-139.91189968724257,-0.0466372998957475,False,False,,,False,False,,,False,False,False,,,18,235,B_ETF_trend_following,A_ETF_sector_momentum,B_ETF_trend_following,0,4541,deterministic_stratified_sample
current_no_cash_proxy_alpha_AB,standard,90,2025-10-21,2026-03-02,3023.759985325608,0.007919995108536027,3023.759985325608,2875.454084818863,-125.1190058461857,-0.04169836963326701,False,False,,,False,False,,,False,False,False,,,19,233,B_ETF_trend_following,A_ETF_sector_momentum,B_ETF_trend_following,0,4541,deterministic_stratified_sample
current_no_cash_proxy_alpha_AB,standard,90,2025-10-22,2026-03-03,3001.1912317054193,0.00039707723513981996,3035.841092376968,2880.9961919368648,-124.69030536083028,-0.041484800717884185,False,False,,,False,False,,,False,False,False,,,20,229,B_ETF_trend_following,A_ETF_sector_momentum,B_ETF_trend_following,0,4541,deterministic_stratified_sample
current_no_cash_proxy_alpha_AB,standard,90,2025-10-23,2026-03-04,3245.8080983510827,0.08193603278369421,3326.90349763318,2922.429534111603,-128.77210927919805,-0.041132677892168346,True,True,2026-02-24,84,False,False,,,False,False,False,,,19,193,,B_ETF_trend_following,A_ETF_sector_momentum,0,4541,deterministic_stratified_sample
current_no_cash_proxy_alpha_AB,standard,90,2025-10-24,2026-03-05,3086.5925059406995,0.02886416864689978,3210.179225630191,2864.5292375825743,-149.19004240416825,-0.049503629417277595,False,False,,,False,False,,,False,False,False,,,20,196,,B_ETF_trend_following,A_ETF_sector_momentum,0,4541,deterministic_stratified_sample
current_no_cash_proxy_alpha_AB,standard,90,2025-10-27,2026-03-06,3018.314754774714,0.006104918258238001,3077.0129253806335,2889.0288738436793,-111.93124337743848,-0.03729847748895998,False,False,,,False,False,,,False,False,False,,,18,218,B_ETF_trend_following,A_ETF_sector_momentum,B_ETF_trend_following,0,4541,deterministic_stratified_sample
current_no_cash_proxy_alpha_AB,standard,90,2025-10-28,2026-03-09,2987.3872401189856,-0.004204253293671467,3043.6140656654597,2899.6194285877914,-100.38057141220861,-0.03346019047073623,False,False,,,False,False,,,False,False,False,,,18,217,B_ETF_trend_following,A_ETF_sector_momentum,B_ETF_trend_following,0,4541,deterministic_stratified_sample
current_no_cash_proxy_alpha_AB,standard,90,2025-10-29,2026-03-10,2981.0219444785457,-0.006326018507151421,3043.5485364035535,2899.5546587938566,-100.44534120614344,-0.033481780402047856,False,False,,,False,False,,,False,False,False,,,18,215,B_ETF_trend_following,A_ETF_sector_momentum,B_ETF_trend_following,0,4541,deterministic_stratified_sample
current_no_cash_proxy_alpha_AB,standard,90,2025-10-30,2026-03-11,3212.185317604465,0.07072843920148841,3340.475256313286,2911.5905786166086,-147.42461598887348,-0.04413282682164765,True,True,2026-02-11,71,False,False,,,False,False,False,,,19,179,,B_ETF_trend_following,A_ETF_sector_momentum,0,4541,deterministic_stratified_sample
current_no_cash_proxy_alpha_AB,standard,90,2025-10-31,2026-03-12,3187.06601287336,0.06235533762445322,3340.475256313286,2911.5905786166086,-153.40924343992629,-0.04592437652396697,True,True,2026-02-11,70,False,False,,,False,False,False,,,19,179,,B_ETF_trend_following,A_ETF_sector_momentum,0,4541,deterministic_stratified_sample
current_no_cash_proxy_alpha_AB,standard,90,2025-11-03,2026-03-13,3166.777717033944,0.055592572344647984,3323.1710399776007,2967.6464956726613,-156.39332294365659,-0.047061472630283485,True,True,2026-02-24,77,False,False,,,False,False,False,,,20,180,,B_ETF_trend_following,A_ETF_sector_momentum,0,4541,deterministic_stratified_sample
current_no_cash_proxy_alpha_AB,standard,90,2025-11-04,2026-03-16,3196.8366567160065,0.06561221890533542,3347.7365597965127,2990.0651908844707,-157.59086972759087,-0.04707385629446592,True,True,2026-02-11,68,False,False,,,False,False,False,,,19,180,,B_ETF_trend_following,A_ETF_sector_momentum,0,4541,deterministic_stratified_sample
current_no_cash_proxy_alpha_AB,standard,90,2025-11-05,2026-03-17,3217.402294410498,0.0724674314701661,3347.7365597965127,2990.0651908844707,-157.59086972759087,-0.04707385629446592,True,True,2026-02-11,67,False,False,,,False,False,False,,,19,180,,B_ETF_trend_following,A_ETF_sector_momentum,0,4541,deterministic_stratified_sample
current_no_cash_proxy_alpha_AB,standard,90,2025-11-06,2026-03-18,3191.9591807301363,0.06398639357671199,3347.7365597965127,2990.0651908844707,-157.59086972759087,-0.04707385629446592,True,True,2026-02-11,66,False,False,,,False,False,False,,,19,180,,B_ETF_trend_following,A_ETF_sector_momentum,0,4541,deterministic_stratified_sample
current_no_cash_proxy_alpha_AB,standard,90,2025-11-07,2026-03-19,3226.4114721956075,0.07547049073186907,3347.7365597965127,2990.0651908844707,-157.59086972759087,-0.04707385629446592,True,True,2026-02-11,65,False,False,,,False,False,False,,,19,180,,B_ETF_trend_following,A_ETF_sector_momentum,0,4541,deterministic_stratified_sample
current_no_cash_proxy_alpha_AB,standard,90,2025-11-10,2026-03-20,3266.2150393769966,0.0887383464589988,3391.5875256646623,3000.0,-159.7860160921564,-0.04711245541594644,True,True,2026-02-09,62,False,False,,,False,False,False,,,18,179,,B_ETF_trend_following,A_ETF_sector_momentum,0,4541,deterministic_stratified_sample
current_no_cash_proxy_alpha_AB,standard,90,2025-11-11,2026-03-23,3263.1826423671773,0.08772754745572575,3360.764343564927,2975.058495448209,-158.28279081771325,-0.04709725962214151,True,True,2026-02-11,63,False,False,,,False,False,False,,,18,180,,B_ETF_trend_following,A_ETF_sector_momentum,0,4541,deterministic_stratified_sample
current_no_cash_proxy_alpha_AB,standard,90,2025-11-12,2026-03-24,3213.325266347476,0.07110842211582535,3260.1102864298523,2942.7035864357513,-153.04167449034003,-0.046943710808610706,False,False,,,False,False,,,False,False,False,,,21,175,,B_ETF_trend_following,A_ETF_sector_momentum,0,4541,deterministic_stratified_sample
current_no_cash_proxy_alpha_AB,standard,90,2025-11-13,2026-03-25,3271.1966129184475,0.09039887097281585,3332.3460577587666,2960.986445658514,-156.90066162765743,-0.047084143995892225,True,True,2026-02-11,61,False,False,,,False,False,False,,,18,179,,B_ETF_trend_following,A_ETF_sector_momentum,0,4541,deterministic_stratified_sample
current_no_cash_proxy_alpha_AB,standard,90,2025-11-14,2026-03-26,3306.619693978372,0.10220656465945743,3332.3460577587666,2960.986445658514,-156.90066162765743,-0.047084143995892225,True,True,2026-02-11,60,False,False,,,False,False,False,,,18,179,,B_ETF_trend_following,A_ETF_sector_momentum,0,4541,deterministic_stratified_sample
current_no_cash_proxy_alpha_AB,standard,90,2025-11-17,2026-03-27,3361.581810364059,0.12052727012135311,3361.581810364059,3000.0,-157.73092610676395,-0.04709286264220902,True,True,2026-02-11,59,False,False,,,False,False,False,,,17,178,,B_ETF_trend_following,A_ETF_sector_momentum,0,4541,deterministic_stratified_sample
current_no_cash_proxy_alpha_AB,standard,90,2025-11-18,2026-03-30,3339.2092707387324,0.11306975691291088,3361.581810364059,3000.0,-157.73092610676395,-0.04709286264220902,True,True,2026-02-11,58,False,False,,,False,False,False,,,17,179,,B_ETF_trend_following,A_ETF_sector_momentum,0,4541,deterministic_stratified_sample
current_no_cash_proxy_alpha_AB,standard,90,2025-11-19,2026-03-31,3313.1080456293016,0.10436934854310054,3361.581810364059,3000.0,-157.73092610676395,-0.04709286264220902,True,True,2026-02-11,57,False,False,,,False,False,False,,,17,179,,B_ETF_trend_following,A_ETF_sector_momentum,0,4541,deterministic_stratified_sample
current_no_cash_proxy_alpha_AB,standard,90,2025-11-20,2026-04-01,3244.472728691197,0.0814909095637324,3361.581810364059,3000.0,-157.73092610676395,-0.04709286264220902,True,True,2026-02-11,56,False,False,,,False,False,False,,,17,179,,B_ETF_trend_following,A_ETF_sector_momentum,0,4541,deterministic_stratified_sample
current_no_cash_proxy_alpha_AB,standard,90,2025-11-21,2026-04-02,3244.472728691197,0.0814909095637324,3361.581810364059,3000.0,-157.73092610676395,-0.04709286264220902,True,True,2026-02-11,55,False,False,,,False,False,False,,,17,179,,B_ETF_trend_following,A_ETF_sector_momentum,0,4541,deterministic_stratified_sample
current_no_cash_proxy_alpha_AB,standard,90,2025-11-24,2026-04-06,3093.10974973012,0.031036583243373217,3210.2188314029822,2931.0434686618055,-138.42312042932508,-0.04354724024054568,False,False,,,False,False,,,False,False,False,,,18,172,,B_ETF_trend_following,A_ETF_sector_momentum,0,4541,deterministic_stratified_sample
current_no_cash_proxy_alpha_AB,standard,90,2025-11-25,2026-04-07,2970.9052470470697,-0.009698250984310097,3039.5613770197624,2881.0587597821295,-120.07920101128775,-0.04001122326930351,False,False,,,False,False,,,False,False,False,,,15,208,B_ETF_trend_following,A_ETF_sector_momentum,B_ETF_trend_following,0,4541,deterministic_stratified_sample
current_no_cash_proxy_alpha_AB,standard,90,2025-11-26,2026-04-08,3142.1954559209817,0.047398485306993976,3259.304537593844,2966.5702954665794,-150.44478542132083,-0.04644549515676277,False,False,,,False,False,,,False,False,False,,,18,175,,B_ETF_trend_following,A_ETF_sector_momentum,0,4541,deterministic_stratified_sample
current_no_cash_proxy_alpha_AB,standard,90,2025-11-28,2026-04-09,3168.8138856649025,0.05627129522163421,3271.6353636891354,2937.596503115584,-153.0895572630984,-0.04704338781577899,False,False,,,False,False,,,False,False,False,,,18,172,,B_ETF_trend_following,A_ETF_sector_momentum,0,4541,deterministic_stratified_sample
current_no_cash_proxy_alpha_AB,standard,90,2025-12-01,2026-04-10,3234.8112849128024,0.07827042830426745,3319.077299190675,2990.5100751741275,-143.0027083611344,-0.04343778931114228,True,True,2026-03-27,81,False,False,,,False,False,False,,,16,173,,B_ETF_trend_following,A_ETF_sector_momentum,0,4541,deterministic_stratified_sample
current_no_cash_proxy_alpha_AB,standard,90,2025-12-02,2026-04-13,3191.097124743579,0.0636990415811931,3258.432312386615,2964.3741254432753,-140.5015894457747,-0.043512676201767464,False,False,,,False,False,,,False,False,False,,,17,176,,B_ETF_trend_following,A_ETF_sector_momentum,0,4541,deterministic_stratified_sample
current_no_cash_proxy_alpha_AB,standard,90,2025-12-03,2026-04-14,3202.158712881266,0.06738623762708862,3258.432312386615,2964.3741254432753,-140.5015894457747,-0.043512676201767464,False,False,,,False,False,,,False,False,False,,,17,181,,B_ETF_trend_following,A_ETF_sector_momentum,0,4541,deterministic_stratified_sample
current_no_cash_proxy_alpha_AB,standard,90,2025-12-04,2026-04-15,3215.557549731048,0.07185251657701586,3285.0692669507853,2951.466176879675,-153.51624532721235,-0.04697070017805971,False,False,,,False,False,,,False,False,False,,,18,183,,B_ETF_trend_following,A_ETF_sector_momentum,0,4541,deterministic_stratified_sample
current_no_cash_proxy_alpha_AB,standard,90,2025-12-05,2026-04-16,3110.7287562533097,0.0369095854177699,3187.7404405893467,2950.2997602858445,-161.95901585024694,-0.050806839160438044,False,False,,,False,False,,,False,False,False,,,21,178,,B_ETF_trend_following,A_ETF_sector_momentum,0,4541,deterministic_stratified_sample
current_no_cash_proxy_alpha_AB,standard,90,2025-12-08,2026-04-17,3135.067157453853,0.04502238581795104,3172.922516900366,2933.205731701308,-141.6642912738962,-0.04508300574899449,False,False,,,False,False,,,False,False,False,,,18,188,,B_ETF_trend_following,A_ETF_sector_momentum,0,4541,deterministic_stratified_sample
current_no_cash_proxy_alpha_AB,standard,90,2025-12-09,2026-04-20,3078.524959789738,0.026174986596579464,3138.128628537819,2927.8434333587356,-170.72206232129065,-0.054402506248074634,False,False,,,False,False,,,False,False,False,,,19,192,,B_ETF_trend_following,A_ETF_sector_momentum,0,4541,deterministic_stratified_sample
current_no_cash_proxy_alpha_AB,standard,90,2025-12-10,2026-04-21,3143.1964815977594,0.04773216053258644,3173.1938986801065,2924.8441578445836,-142.04606583174518,-0.045194967958097076,False,False,,,False,False,,,False,False,False,,,20,193,,B_ETF_trend_following,A_ETF_sector_momentum,0,4541,deterministic_stratified_sample
current_no_cash_proxy_alpha_AB,standard,90,2025-12-11,2026-04-22,3308.5198983970713,0.10283996613235713,3308.5198983970713,2965.134235752279,-154.9570929571637,-0.04707291491054988,True,True,2026-03-27,73,False,False,,,False,False,False,,,17,186,,B_ETF_trend_following,A_ETF_sector_momentum,0,4541,deterministic_stratified_sample
current_no_cash_proxy_alpha_AB,standard,90,2025-12-12,2026-04-23,3247.0464134367053,0.0823488044789018,3247.0464134367053,2986.931375748027,-143.46064943225565,-0.0447817494992232,False,False,,,False,False,,,False,False,False,,,17,188,,B_ETF_trend_following,A_ETF_sector_momentum,0,4541,deterministic_stratified_sample
current_no_cash_proxy_alpha_AB,standard,90,2025-12-15,2026-04-24,3259.9531790173687,0.08665105967245634,3259.9531790173687,2984.4945579809832,-141.39600988573147,-0.0446186371193259,False,False,,,False,False,,,False,False,False,,,18,185,,B_ETF_trend_following,A_ETF_sector_momentum,0,4541,deterministic_stratified_sample
current_no_cash_proxy_alpha_AB,standard,90,2025-12-16,2026-04-27,3237.420826374887,0.07914027545829572,3244.726171787789,2971.3344245088488,-140.5104809241957,-0.04456971442182678,False,False,,,False,False,,,False,False,False,,,19,186,,B_ETF_trend_following,A_ETF_sector_momentum,0,4541,deterministic_stratified_sample
current_no_cash_proxy_alpha_AB,standard,90,2025-12-17,2026-04-28,3335.9635520975494,0.11198785069918316,3391.4688735625655,2997.0241515647426,-156.04581478855016,-0.04704421413032611,True,True,2026-02-27,49,False,False,,,False,False,False,,,17,186,,B_ETF_trend_following,A_ETF_sector_momentum,0,4541,deterministic_stratified_sample
current_no_cash_proxy_alpha_AB,standard,90,2025-12-18,2026-04-29,3211.2801700411164,0.07042672334703881,3237.6475249876426,2946.7072548824867,-145.90636011584002,-0.046306683487902234,False,False,,,False,False,,,False,False,False,,,19,188,,B_ETF_trend_following,A_ETF_sector_momentum,0,4541,deterministic_stratified_sample
current_no_cash_proxy_alpha_AB,standard,90,2025-12-19,2026-04-30,3300.678802234476,0.10022626741149199,3300.678802234476,2989.1422962243423,-138.4871080238795,-0.043221166400365996,True,True,2026-04-30,90,False,False,,,False,False,False,,,16,186,,B_ETF_trend_following,A_ETF_sector_momentum,0,4541,deterministic_stratified_sample
current_no_cash_proxy_alpha_AB,standard,90,2025-12-22,2026-05-01,3334.6693416440094,0.11155644721466973,3342.353826392398,2937.2407213470638,-153.65382455981853,-0.04707650588497392,True,True,2026-04-24,85,False,False,,,False,False,False,,,17,194,,B_ETF_trend_following,A_ETF_sector_momentum,0,4541,deterministic_stratified_sample
current_no_cash_proxy_alpha_AB,standard,90,2025-12-23,2026-05-04,3265.125464935181,0.08837515497839354,3287.8932312332104,2944.969351367835,-181.23476445731603,-0.05605171197792458,False,False,,,False,False,,,False,False,False,,,19,197,,B_ETF_trend_following,A_ETF_sector_momentum,0,4541,deterministic_stratified_sample
current_no_cash_proxy_alpha_AB,standard,90,2025-12-24,2026-05-05,3337.2181914508756,0.11240606381695861,3337.2181914508756,2952.092804766663,-180.2755392629383,-0.055383210036379804,True,True,2026-04-24,83,False,False,,,False,False,False,,,20,191,,B_ETF_trend_following,A_ETF_sector_momentum,0,4541,deterministic_stratified_sample
current_no_cash_proxy_alpha_AB,standard,90,2025-12-26,2026-05-06,3660.798468986211,0.22026615632873692,3660.798468986211,2955.919042592775,-152.6537653071291,-0.04444742033178051,True,True,2026-01-26,20,True,True,2026-01-28,22,False,False,False,,,17,188,,B_ETF_trend_following,A_ETF_sector_momentum,0,4541,deterministic_stratified_sample
current_no_cash_proxy_alpha_AB,standard,90,2025-12-29,2026-05-07,3444.725815403805,0.14824193846793499,3479.4242884157557,2988.1187641680262,-179.20177616214733,-0.05307025989953107,True,True,2026-02-09,29,True,True,2026-04-24,81,False,False,False,,,17,189,,B_ETF_trend_following,A_ETF_sector_momentum,0,4541,deterministic_stratified_sample
current_no_cash_proxy_alpha_AB,standard,90,2025-12-30,2026-05-08,3536.8251005719585,0.1789417001906528,3536.8251005719585,2988.1187641680262,-179.20177616214733,-0.05307025989953107,True,True,2026-02-09,28,True,True,2026-04-24,80,False,False,False,,,17,189,,B_ETF_trend_following,A_ETF_sector_momentum,0,4541,deterministic_stratified_sample
current_no_cash_proxy_alpha_AB,standard,90,2025-12-31,2026-05-11,3604.9015639097015,0.20163385463656724,3604.9015639097015,3000.0,-173.46904014837583,-0.051121116942074885,True,True,2026-01-28,19,True,True,2026-04-24,79,False,False,False,,,19,187,,B_ETF_trend_following,A_ETF_sector_momentum,0,4541,deterministic_stratified_sample
current_no_cash_proxy_alpha_AB,standard,90,2026-01-02,2026-05-12,3529.3235278403754,0.17644117594679187,3604.9015639097015,3000.0,-173.46904014837583,-0.051121116942074885,True,True,2026-01-28,18,True,True,2026-04-24,78,False,False,False,,,19,189,,B_ETF_trend_following,A_ETF_sector_momentum,0,4541,deterministic_stratified_sample
current_no_cash_proxy_alpha_AB,standard,90,2026-01-05,2026-05-13,3366.6819467716355,0.12222731559054512,3388.010264811233,2966.6269255546777,-175.0074535455983,-0.05518373397524945,True,True,2026-05-08,87,False,False,,,False,False,False,,,20,184,,B_ETF_trend_following,A_ETF_sector_momentum,0,4541,deterministic_stratified_sample
current_no_cash_proxy_alpha_AB,standard,90,2026-01-06,2026-05-14,3452.807161177877,0.1509357203926256,3452.807161177877,2903.1609342808897,-147.46964203165135,-0.04667946780965837,True,True,2026-05-06,84,True,True,2026-05-11,87,False,False,False,,,19,189,,B_ETF_trend_following,A_ETF_sector_momentum,0,4541,deterministic_stratified_sample
current_no_cash_proxy_alpha_AB,standard,90,2026-01-07,2026-05-15,3268.6493583801484,0.08954978612671605,3367.9933698470595,2923.825309322773,-134.7115169352619,-0.044044431892642844,True,True,2026-05-08,85,False,False,,,False,False,False,,,21,190,,B_ETF_trend_following,A_ETF_sector_momentum,0,4541,deterministic_stratified_sample
current_no_cash_proxy_alpha_AB,standard,90,2026-01-08,2026-05-18,3175.2651486309533,0.058421716210317776,3341.5762818168323,2929.132770754103,-207.27128886281344,-0.06608564614858004,True,True,2026-05-11,85,False,False,,,False,False,False,,,21,183,A_ETF_sector_momentum,B_ETF_trend_following,A_ETF_sector_momentum,0,4541,deterministic_stratified_sample
current_no_cash_proxy_alpha_AB,standard,90,2026-01-09,2026-05-19,3176.0918414897105,0.05869728049657019,3301.0959433046974,2897.3435072947013,-207.08294792294964,-0.06670570261856346,True,True,2026-05-14,87,False,False,,,False,False,False,,,19,192,A_ETF_sector_momentum,B_ETF_trend_following,A_ETF_sector_momentum,0,4541,deterministic_stratified_sample
current_no_cash_proxy_alpha_AB,standard,90,2026-01-12,2026-05-20,3351.9001641727514,0.11730005472425042,3576.9390848415114,2969.0718606962078,-225.03892066876006,-0.06291382529337408,True,True,2026-03-27,53,True,True,2026-05-05,79,False,False,False,,,19,179,,B_ETF_trend_following,A_ETF_sector_momentum,0,4541,deterministic_stratified_sample
current_no_cash_proxy_alpha_AB,standard,90,2026-01-13,2026-05-21,3234.4751300240778,0.0781583766746925,3479.866969942565,2995.146133896494,-245.39183991848722,-0.07051759220627263,True,True,2026-05-05,78,True,True,2026-05-08,81,False,False,False,,,18,176,,B_ETF_trend_following,A_ETF_sector_momentum,0,4541,deterministic_stratified_sample
current_no_cash_proxy_alpha_AB,standard,90,2026-01-14,2026-05-22,3267.042019869119,0.0890140066230396,3505.1867772139285,2991.674694051741,-246.7143078257377,-0.07038549541198391,True,True,2026-04-30,74,True,True,2026-05-08,80,False,False,False,,,20,171,,B_ETF_trend_following,A_ETF_sector_momentum,0,4541,deterministic_stratified_sample
current_no_cash_proxy_alpha_AB,standard,90,2026-01-15,2026-05-26,3224.86760425404,0.07495586808468002,3502.2355192658147,2973.859624356451,-277.3679150117746,-0.07919739077682597,True,True,2026-05-05,76,True,True,2026-05-08,79,False,False,False,,,17,170,,B_ETF_trend_following,A_ETF_sector_momentum,0,4541,deterministic_stratified_sample
current_no_cash_proxy_alpha_AB,standard,90,2026-01-16,2026-05-27,3005.5780896022306,0.0018593632007435357,3074.4528838415567,2829.482413025831,-244.97047081572555,-0.0796793706298835,False,False,,,False,False,,,False,False,False,,,16,209,B_ETF_trend_following,A_ETF_sector_momentum,B_ETF_trend_following,0,4541,deterministic_stratified_sample
current_no_cash_proxy_alpha_AB,standard,90,2026-01-20,2026-05-28,3186.994098930052,0.062331366310017344,3445.795635889677,2990.6236403151784,-274.16147037500514,-0.07956405409522171,True,True,2026-05-06,75,True,True,2026-05-11,78,False,False,False,,,22,166,,B_ETF_trend_following,A_ETF_sector_momentum,0,4541,deterministic_stratified_sample
current_no_cash_proxy_alpha_AB,standard,90,2026-01-21,2026-05-29,3172.4319485920614,0.057477316197353856,3423.46966891531,2981.4496627930557,-272.89309466649183,-0.07971243243202297,True,True,2026-05-06,74,True,True,2026-05-11,77,False,False,False,,,20,171,,B_ETF_trend_following,A_ETF_sector_momentum,0,4541,deterministic_stratified_sample
