variant_name,slippage_label,horizon_trading_days,start_date,end_date,final_equity,total_return,max_equity,min_equity,max_drawdown_dollars,max_drawdown_pct,target_300_hit,target_300_before_any_stop,target_300_first_date,target_300_trading_days,target_400_hit,target_400_before_any_stop,target_400_first_date,target_400_trading_days,absolute_floor_stop_hit,trailing_drawdown_stop_hit,any_project_stop_hit,first_project_stop_date,first_project_stop_type,number_of_trades,number_of_skipped_signals,strategies_killed,best_strategy_by_pnl,worst_strategy_by_pnl,ending_open_positions_count,possible_window_count,window_sampling_method
current_no_cash_proxy_alpha_AB,stress,90,2008-01-03,2008-05-12,2963.160763475026,-0.012279745508324558,3000.0,2963.160763475026,-36.839236524973785,-0.012279745508324558,False,False,,,False,False,,,False,False,False,,,2,20,,B_ETF_trend_following,B_ETF_trend_following,0,4541,deterministic_stratified_sample
current_no_cash_proxy_alpha_AB,stress,90,2008-01-16,2008-05-23,2916.460886994822,-0.027846371001726045,3059.8721564972593,2916.460886994822,-143.41126950243734,-0.04686838605263988,False,False,,,False,False,,,False,False,False,,,4,22,,A_ETF_sector_momentum,B_ETF_trend_following,0,4541,deterministic_stratified_sample
current_no_cash_proxy_alpha_AB,stress,90,2008-01-22,2008-05-29,2901.4185879093047,-0.03286047069689846,3059.8721564972593,2901.4185879093047,-158.45356858795458,-0.05178437545225478,False,False,,,False,False,,,False,False,False,,,4,22,,A_ETF_sector_momentum,B_ETF_trend_following,0,4541,deterministic_stratified_sample
current_no_cash_proxy_alpha_AB,stress,90,2008-01-30,2008-06-06,2901.4185879093047,-0.03286047069689846,3059.8721564972593,2901.4185879093047,-158.45356858795458,-0.05178437545225478,False,False,,,False,False,,,False,False,False,,,4,22,,A_ETF_sector_momentum,B_ETF_trend_following,0,4541,deterministic_stratified_sample
current_no_cash_proxy_alpha_AB,stress,90,2008-02-07,2008-06-16,2901.4185879093047,-0.03286047069689846,3059.8721564972593,2901.4185879093047,-158.45356858795458,-0.05178437545225478,False,False,,,False,False,,,False,False,False,,,4,23,,A_ETF_sector_momentum,B_ETF_trend_following,0,4541,deterministic_stratified_sample
current_no_cash_proxy_alpha_AB,stress,90,2008-02-12,2008-06-19,2901.4185879093047,-0.03286047069689846,3059.8721564972593,2901.4185879093047,-158.45356858795458,-0.05178437545225478,False,False,,,False,False,,,False,False,False,,,4,22,,A_ETF_sector_momentum,B_ETF_trend_following,0,4541,deterministic_stratified_sample
current_no_cash_proxy_alpha_AB,stress,90,2008-02-26,2008-07-02,2901.4185879093047,-0.03286047069689846,3059.8721564972593,2901.4185879093047,-158.45356858795458,-0.05178437545225478,False,False,,,False,False,,,False,False,False,,,4,22,,A_ETF_sector_momentum,B_ETF_trend_following,0,4541,deterministic_stratified_sample
current_no_cash_proxy_alpha_AB,stress,90,2008-03-10,2008-07-16,2901.4185879093047,-0.03286047069689846,3059.8721564972593,2901.4185879093047,-158.45356858795458,-0.05178437545225478,False,False,,,False,False,,,False,False,False,,,4,22,,A_ETF_sector_momentum,B_ETF_trend_following,0,4541,deterministic_stratified_sample
current_no_cash_proxy_alpha_AB,stress,90,2008-03-13,2008-07-21,2901.4185879093047,-0.03286047069689846,3059.8721564972593,2901.4185879093047,-158.45356858795458,-0.05178437545225478,False,False,,,False,False,,,False,False,False,,,4,23,,A_ETF_sector_momentum,B_ETF_trend_following,0,4541,deterministic_stratified_sample
current_no_cash_proxy_alpha_AB,stress,90,2008-03-19,2008-07-25,2901.4185879093047,-0.03286047069689846,3059.8721564972593,2901.4185879093047,-158.45356858795458,-0.05178437545225478,False,False,,,False,False,,,False,False,False,,,4,22,,A_ETF_sector_momentum,B_ETF_trend_following,0,4541,deterministic_stratified_sample
current_no_cash_proxy_alpha_AB,stress,90,2008-03-25,2008-07-30,2901.4185879093047,-0.03286047069689846,3059.8721564972593,2901.4185879093047,-158.45356858795458,-0.05178437545225478,False,False,,,False,False,,,False,False,False,,,4,22,,A_ETF_sector_momentum,B_ETF_trend_following,0,4541,deterministic_stratified_sample
current_no_cash_proxy_alpha_AB,stress,90,2008-04-01,2008-08-06,2901.4185879093047,-0.03286047069689846,3059.8721564972593,2901.4185879093047,-158.45356858795458,-0.05178437545225478,False,False,,,False,False,,,False,False,False,,,4,22,,A_ETF_sector_momentum,B_ETF_trend_following,0,4541,deterministic_stratified_sample
current_no_cash_proxy_alpha_AB,stress,90,2008-04-07,2008-08-12,2901.4185879093047,-0.03286047069689846,3059.8721564972593,2901.4185879093047,-158.45356858795458,-0.05178437545225478,False,False,,,False,False,,,False,False,False,,,4,22,,A_ETF_sector_momentum,B_ETF_trend_following,0,4541,deterministic_stratified_sample
current_no_cash_proxy_alpha_AB,stress,90,2008-04-17,2008-08-22,2901.4185879093047,-0.03286047069689846,3059.8721564972593,2901.4185879093047,-158.45356858795458,-0.05178437545225478,False,False,,,False,False,,,False,False,False,,,4,22,,A_ETF_sector_momentum,B_ETF_trend_following,0,4541,deterministic_stratified_sample
current_no_cash_proxy_alpha_AB,stress,90,2008-04-18,2008-08-25,2901.4185879093047,-0.03286047069689846,3059.8721564972593,2901.4185879093047,-158.45356858795458,-0.05178437545225478,False,False,,,False,False,,,False,False,False,,,4,23,,A_ETF_sector_momentum,B_ETF_trend_following,0,4541,deterministic_stratified_sample
current_no_cash_proxy_alpha_AB,stress,90,2008-05-01,2008-09-08,2901.4185879093047,-0.03286047069689846,3059.8721564972593,2901.4185879093047,-158.45356858795458,-0.05178437545225478,False,False,,,False,False,,,False,False,False,,,4,23,,A_ETF_sector_momentum,B_ETF_trend_following,0,4541,deterministic_stratified_sample
current_no_cash_proxy_alpha_AB,stress,90,2008-05-05,2008-09-10,2901.4185879093047,-0.03286047069689846,3059.8721564972593,2901.4185879093047,-158.45356858795458,-0.05178437545225478,False,False,,,False,False,,,False,False,False,,,4,22,,A_ETF_sector_momentum,B_ETF_trend_following,0,4541,deterministic_stratified_sample
current_no_cash_proxy_alpha_AB,stress,90,2008-05-06,2008-09-11,2901.4185879093047,-0.03286047069689846,3059.8721564972593,2901.4185879093047,-158.45356858795458,-0.05178437545225478,False,False,,,False,False,,,False,False,False,,,4,22,,A_ETF_sector_momentum,B_ETF_trend_following,0,4541,deterministic_stratified_sample
current_no_cash_proxy_alpha_AB,stress,90,2008-05-14,2008-09-19,2933.484894692141,-0.02217170176928629,3045.3327237687563,2933.484894692141,-111.8478290766152,-0.036727621978263736,False,False,,,False,False,,,False,False,False,,,2,23,,B_ETF_trend_following,B_ETF_trend_following,0,4541,deterministic_stratified_sample
current_no_cash_proxy_alpha_AB,stress,90,2008-05-28,2008-10-02,3000.0,0.0,3000.0,3000.0,0.0,0.0,False,False,,,False,False,,,False,False,False,,,0,19,,,,0,4541,deterministic_stratified_sample
current_no_cash_proxy_alpha_AB,stress,90,2008-05-29,2008-10-03,3000.0,0.0,3000.0,3000.0,0.0,0.0,False,False,,,False,False,,,False,False,False,,,0,19,,,,0,4541,deterministic_stratified_sample
current_no_cash_proxy_alpha_AB,stress,90,2008-06-03,2008-10-08,3000.0,0.0,3000.0,3000.0,0.0,0.0,False,False,,,False,False,,,False,False,False,,,0,19,,,,0,4541,deterministic_stratified_sample
current_no_cash_proxy_alpha_AB,stress,90,2008-06-10,2008-10-15,3000.0,0.0,3000.0,3000.0,0.0,0.0,False,False,,,False,False,,,False,False,False,,,0,19,,,,0,4541,deterministic_stratified_sample
current_no_cash_proxy_alpha_AB,stress,90,2008-06-16,2008-10-21,3000.0,0.0,3000.0,3000.0,0.0,0.0,False,False,,,False,False,,,False,False,False,,,0,19,,,,0,4541,deterministic_stratified_sample
current_no_cash_proxy_alpha_AB,stress,90,2008-06-23,2008-10-28,3000.0,0.0,3000.0,3000.0,0.0,0.0,False,False,,,False,False,,,False,False,False,,,0,19,,,,0,4541,deterministic_stratified_sample
current_no_cash_proxy_alpha_AB,stress,90,2008-07-02,2008-11-06,3000.0,0.0,3000.0,3000.0,0.0,0.0,False,False,,,False,False,,,False,False,False,,,0,19,,,,0,4541,deterministic_stratified_sample
current_no_cash_proxy_alpha_AB,stress,90,2008-07-07,2008-11-10,3000.0,0.0,3000.0,3000.0,0.0,0.0,False,False,,,False,False,,,False,False,False,,,0,19,,,,0,4541,deterministic_stratified_sample
current_no_cash_proxy_alpha_AB,stress,90,2008-07-18,2008-11-21,3000.0,0.0,3000.0,3000.0,0.0,0.0,False,False,,,False,False,,,False,False,False,,,0,19,,,,0,4541,deterministic_stratified_sample
current_no_cash_proxy_alpha_AB,stress,90,2008-07-21,2008-11-24,3000.0,0.0,3000.0,3000.0,0.0,0.0,False,False,,,False,False,,,False,False,False,,,0,19,,,,0,4541,deterministic_stratified_sample
current_no_cash_proxy_alpha_AB,stress,90,2008-08-01,2008-12-08,3000.0,0.0,3000.0,3000.0,0.0,0.0,False,False,,,False,False,,,False,False,False,,,0,20,,,,0,4541,deterministic_stratified_sample
current_no_cash_proxy_alpha_AB,stress,90,2008-08-06,2008-12-11,3000.0,0.0,3000.0,3000.0,0.0,0.0,False,False,,,False,False,,,False,False,False,,,0,19,,,,0,4541,deterministic_stratified_sample
current_no_cash_proxy_alpha_AB,stress,90,2008-08-14,2008-12-19,3000.0,0.0,3000.0,3000.0,0.0,0.0,False,False,,,False,False,,,False,False,False,,,0,19,,,,0,4541,deterministic_stratified_sample
current_no_cash_proxy_alpha_AB,stress,90,2008-08-20,2008-12-26,3000.0,0.0,3000.0,3000.0,0.0,0.0,False,False,,,False,False,,,False,False,False,,,0,19,,,,0,4541,deterministic_stratified_sample
current_no_cash_proxy_alpha_AB,stress,90,2008-08-22,2008-12-30,3000.0,0.0,3000.0,3000.0,0.0,0.0,False,False,,,False,False,,,False,False,False,,,0,20,,,,0,4541,deterministic_stratified_sample
current_no_cash_proxy_alpha_AB,stress,90,2008-08-27,2009-01-05,3000.0,0.0,3000.0,3000.0,0.0,0.0,False,False,,,False,False,,,False,False,False,,,0,20,,,,0,4541,deterministic_stratified_sample
current_no_cash_proxy_alpha_AB,stress,90,2008-09-10,2009-01-16,3000.0,0.0,3000.0,3000.0,0.0,0.0,False,False,,,False,False,,,False,False,False,,,0,19,,,,0,4541,deterministic_stratified_sample
current_no_cash_proxy_alpha_AB,stress,90,2008-09-23,2009-01-30,3000.0,0.0,3000.0,3000.0,0.0,0.0,False,False,,,False,False,,,False,False,False,,,0,19,,,,0,4541,deterministic_stratified_sample
current_no_cash_proxy_alpha_AB,stress,90,2008-09-26,2009-02-04,3000.0,0.0,3000.0,3000.0,0.0,0.0,False,False,,,False,False,,,False,False,False,,,0,20,,,,0,4541,deterministic_stratified_sample
current_no_cash_proxy_alpha_AB,stress,90,2008-10-06,2009-02-12,3000.0,0.0,3000.0,3000.0,0.0,0.0,False,False,,,False,False,,,False,False,False,,,0,19,,,,0,4541,deterministic_stratified_sample
current_no_cash_proxy_alpha_AB,stress,90,2008-10-14,2009-02-23,3000.0,0.0,3000.0,3000.0,0.0,0.0,False,False,,,False,False,,,False,False,False,,,0,20,,,,0,4541,deterministic_stratified_sample
current_no_cash_proxy_alpha_AB,stress,90,2008-10-17,2009-02-26,3000.0,0.0,3000.0,3000.0,0.0,0.0,False,False,,,False,False,,,False,False,False,,,0,20,,,,0,4541,deterministic_stratified_sample
current_no_cash_proxy_alpha_AB,stress,90,2008-10-30,2009-03-11,3000.0,0.0,3000.0,3000.0,0.0,0.0,False,False,,,False,False,,,False,False,False,,,0,20,,,,0,4541,deterministic_stratified_sample
current_no_cash_proxy_alpha_AB,stress,90,2008-10-31,2009-03-12,3000.0,0.0,3000.0,3000.0,0.0,0.0,False,False,,,False,False,,,False,False,False,,,0,20,,,,0,4541,deterministic_stratified_sample
current_no_cash_proxy_alpha_AB,stress,90,2008-11-12,2009-03-24,3000.0,0.0,3000.0,3000.0,0.0,0.0,False,False,,,False,False,,,False,False,False,,,0,20,,,,0,4541,deterministic_stratified_sample
current_no_cash_proxy_alpha_AB,stress,90,2008-11-13,2009-03-25,3000.0,0.0,3000.0,3000.0,0.0,0.0,False,False,,,False,False,,,False,False,False,,,0,20,,,,0,4541,deterministic_stratified_sample
current_no_cash_proxy_alpha_AB,stress,90,2008-11-17,2009-03-27,3000.0,0.0,3000.0,3000.0,0.0,0.0,False,False,,,False,False,,,False,False,False,,,0,19,,,,0,4541,deterministic_stratified_sample
current_no_cash_proxy_alpha_AB,stress,90,2008-11-24,2009-04-03,3000.0,0.0,3000.0,3000.0,0.0,0.0,False,False,,,False,False,,,False,False,False,,,0,19,,,,0,4541,deterministic_stratified_sample
current_no_cash_proxy_alpha_AB,stress,90,2008-11-25,2009-04-06,3000.0,0.0,3000.0,3000.0,0.0,0.0,False,False,,,False,False,,,False,False,False,,,0,20,,,,0,4541,deterministic_stratified_sample
current_no_cash_proxy_alpha_AB,stress,90,2008-12-04,2009-04-15,3000.0,0.0,3000.0,3000.0,0.0,0.0,False,False,,,False,False,,,False,False,False,,,0,20,,,,0,4541,deterministic_stratified_sample
current_no_cash_proxy_alpha_AB,stress,90,2008-12-10,2009-04-21,3000.0,0.0,3000.0,3000.0,0.0,0.0,False,False,,,False,False,,,False,False,False,,,0,20,,,,0,4541,deterministic_stratified_sample
current_no_cash_proxy_alpha_AB,stress,90,2008-12-22,2009-05-01,3000.0,0.0,3000.0,3000.0,0.0,0.0,False,False,,,False,False,,,False,False,False,,,0,19,,,,0,4541,deterministic_stratified_sample
current_no_cash_proxy_alpha_AB,stress,90,2008-12-23,2009-05-04,3000.0,0.0,3000.0,3000.0,0.0,0.0,False,False,,,False,False,,,False,False,False,,,0,20,,,,0,4541,deterministic_stratified_sample
current_no_cash_proxy_alpha_AB,stress,90,2009-01-07,2009-05-15,3000.0,0.0,3000.0,3000.0,0.0,0.0,False,False,,,False,False,,,False,False,False,,,0,19,,,,0,4541,deterministic_stratified_sample
current_no_cash_proxy_alpha_AB,stress,90,2009-01-12,2009-05-20,3000.0,0.0,3000.0,3000.0,0.0,0.0,False,False,,,False,False,,,False,False,False,,,0,19,,,,0,4541,deterministic_stratified_sample
current_no_cash_proxy_alpha_AB,stress,90,2009-01-21,2009-05-29,3000.0,0.0,3000.0,3000.0,0.0,0.0,False,False,,,False,False,,,False,False,False,,,0,18,,,,0,4541,deterministic_stratified_sample
current_no_cash_proxy_alpha_AB,stress,90,2009-01-29,2009-06-08,3010.472685883082,0.003490895294360641,3034.4193029216494,2989.5074627972467,-35.86239173633612,-0.011853886784320089,False,False,,,False,False,,,False,False,False,,,3,25,,A_ETF_sector_momentum,B_ETF_trend_following,0,4541,deterministic_stratified_sample
current_no_cash_proxy_alpha_AB,stress,90,2009-02-03,2009-06-11,3025.179731578955,0.008393243859651678,3034.4193029216494,2989.5074627972467,-35.86239173633612,-0.011853886784320089,False,False,,,False,False,,,False,False,False,,,3,26,,A_ETF_sector_momentum,B_ETF_trend_following,0,4541,deterministic_stratified_sample
current_no_cash_proxy_alpha_AB,stress,90,2009-02-17,2009-06-24,2910.507455717964,-0.02983084809401193,3034.4193029216494,2896.4154489261905,-138.00385399545894,-0.04547949384008454,False,False,,,False,False,,,False,False,False,,,4,25,,A_ETF_sector_momentum,B_ETF_trend_following,0,4541,deterministic_stratified_sample
current_no_cash_proxy_alpha_AB,stress,90,2009-03-02,2009-07-08,2829.168769427317,-0.05694374352422771,3034.4193029216494,2823.4542960432236,-210.9650068784258,-0.06952401293891752,False,False,,,False,False,,,False,False,False,,,6,23,B_ETF_trend_following,A_ETF_sector_momentum,B_ETF_trend_following,0,4541,deterministic_stratified_sample
current_no_cash_proxy_alpha_AB,stress,90,2009-03-05,2009-07-13,2857.104298608197,-0.047631900463934285,3034.4193029216494,2823.4542960432236,-210.9650068784258,-0.06952401293891752,False,False,,,False,False,,,False,False,False,,,6,23,B_ETF_trend_following,A_ETF_sector_momentum,B_ETF_trend_following,0,4541,deterministic_stratified_sample
current_no_cash_proxy_alpha_AB,stress,90,2009-03-13,2009-07-21,2936.347954208945,-0.021217348597018404,3034.4193029216494,2823.4542960432236,-210.9650068784258,-0.06952401293891752,False,False,,,False,False,,,False,False,False,,,7,43,B_ETF_trend_following,A_ETF_sector_momentum,B_ETF_trend_following,0,4541,deterministic_stratified_sample
current_no_cash_proxy_alpha_AB,stress,90,2009-03-23,2009-07-29,3009.3697134733943,0.003123237824464775,3034.4193029216494,2823.4542960432236,-210.9650068784258,-0.06952401293891752,False,False,,,False,False,,,False,False,False,,,7,69,B_ETF_trend_following,A_ETF_sector_momentum,B_ETF_trend_following,0,4541,deterministic_stratified_sample
current_no_cash_proxy_alpha_AB,stress,90,2009-03-26,2009-08-03,3047.2076544044457,0.015735884801481914,3047.2076544044457,2823.4542960432236,-210.9650068784258,-0.06952401293891752,False,False,,,False,False,,,False,False,False,,,7,79,B_ETF_trend_following,A_ETF_sector_momentum,B_ETF_trend_following,0,4541,deterministic_stratified_sample
current_no_cash_proxy_alpha_AB,stress,90,2009-04-08,2009-08-14,3008.6397399303582,0.0028799133101193863,3047.2076544044457,2823.4542960432236,-210.9650068784258,-0.06952401293891752,False,False,,,False,False,,,False,False,False,,,7,99,B_ETF_trend_following,A_ETF_sector_momentum,B_ETF_trend_following,0,4541,deterministic_stratified_sample
current_no_cash_proxy_alpha_AB,stress,90,2009-04-23,2009-08-28,3012.3850706454905,0.00412835688183022,3047.2076544044457,2823.4542960432236,-210.9650068784258,-0.06952401293891752,False,False,,,False,False,,,False,False,False,,,8,124,B_ETF_trend_following,A_ETF_sector_momentum,B_ETF_trend_following,0,4541,deterministic_stratified_sample
current_no_cash_proxy_alpha_AB,stress,90,2009-04-27,2009-09-01,2937.8455352223555,-0.02071815492588147,3047.2076544044457,2823.4542960432236,-210.9650068784258,-0.06952401293891752,False,False,,,False,False,,,False,False,False,,,8,129,B_ETF_trend_following,A_ETF_sector_momentum,B_ETF_trend_following,0,4541,deterministic_stratified_sample
current_no_cash_proxy_alpha_AB,stress,90,2009-05-06,2009-09-11,2986.096020976652,-0.004634659674449315,3047.2076544044457,2823.4542960432236,-210.9650068784258,-0.06952401293891752,False,False,,,False,False,,,False,False,False,,,9,145,B_ETF_trend_following,A_ETF_sector_momentum,B_ETF_trend_following,0,4541,deterministic_stratified_sample
current_no_cash_proxy_alpha_AB,stress,90,2009-05-13,2009-09-18,3040.57280329451,0.013524267764836617,3047.2076544044457,2823.4542960432236,-210.9650068784258,-0.06952401293891752,False,False,,,False,False,,,False,False,False,,,10,165,B_ETF_trend_following,A_ETF_sector_momentum,B_ETF_trend_following,0,4541,deterministic_stratified_sample
current_no_cash_proxy_alpha_AB,stress,90,2009-05-19,2009-09-24,3006.8016113732274,0.0022672037910758114,3062.3830771847984,2823.4542960432236,-210.9650068784258,-0.06952401293891752,False,False,,,False,False,,,False,False,False,,,11,177,B_ETF_trend_following,A_ETF_sector_momentum,B_ETF_trend_following,0,4541,deterministic_stratified_sample
current_no_cash_proxy_alpha_AB,stress,90,2009-06-02,2009-10-07,3052.2802907488367,0.01742676358294548,3109.7024340845132,2845.51629414633,-171.96385726305516,-0.056989225656624565,False,False,,,False,False,,,False,False,False,,,14,182,,B_ETF_trend_following,A_ETF_sector_momentum,0,4541,deterministic_stratified_sample
current_no_cash_proxy_alpha_AB,stress,90,2009-06-15,2009-10-20,3208.422385180954,0.0694741283936513,3210.7297242888135,2909.11569193791,-133.3907379561815,-0.04360657291925463,False,False,,,False,False,,,False,False,False,,,15,200,,B_ETF_trend_following,A_ETF_sector_momentum,0,4541,deterministic_stratified_sample
current_no_cash_proxy_alpha_AB,stress,90,2009-06-26,2009-11-02,3125.0248599591914,0.04167495331973048,3210.9971294138477,2909.368496374011,-133.40091142262372,-0.0421733586405183,False,False,,,False,False,,,False,False,False,,,15,204,,B_ETF_trend_following,A_ETF_sector_momentum,0,4541,deterministic_stratified_sample
current_no_cash_proxy_alpha_AB,stress,90,2009-07-10,2009-11-13,3480.2817659964285,0.16009392199880956,3480.2817659964285,3000.0,-154.1022434391757,-0.04545266050305008,True,True,2009-07-23,10,True,True,2009-10-14,68,False,False,False,,,15,212,,A_ETF_sector_momentum,B_ETF_trend_following,0,4541,deterministic_stratified_sample
current_no_cash_proxy_alpha_AB,stress,90,2009-07-13,2009-11-16,3390.748602364126,0.1302495341213752,3390.748602364126,3000.0,-147.91733819733327,-0.04586787816473703,True,True,2009-10-19,70,False,False,,,False,False,False,,,17,209,,B_ETF_trend_following,A_ETF_sector_momentum,0,4541,deterministic_stratified_sample
current_no_cash_proxy_alpha_AB,stress,90,2009-07-20,2009-11-23,3366.930255749784,0.12231008524992792,3366.930255749784,2989.7544197345323,-143.63831318674147,-0.04584114582177734,True,True,2009-11-17,86,False,False,,,False,False,False,,,17,203,,A_ETF_sector_momentum,B_ETF_trend_following,0,4541,deterministic_stratified_sample
current_no_cash_proxy_alpha_AB,stress,90,2009-07-23,2009-11-27,3262.046856125735,0.08734895204191151,3303.723018856521,2941.0160604808343,-122.8388478421175,-0.04009290632804652,True,True,2009-11-25,89,False,False,,,False,False,False,,,15,213,,A_ETF_sector_momentum,B_ETF_trend_following,0,4541,deterministic_stratified_sample
current_no_cash_proxy_alpha_AB,stress,90,2009-08-05,2009-12-10,3100.291521890651,0.03343050729688368,3148.7527855529183,2852.747108692188,-147.2528913078122,-0.04908429710260409,False,False,,,False,False,,,False,False,False,,,15,205,B_ETF_trend_following,A_ETF_sector_momentum,B_ETF_trend_following,0,4541,deterministic_stratified_sample
current_no_cash_proxy_alpha_AB,stress,90,2009-08-06,2009-12-11,3287.403336388118,0.0958011121293727,3374.4593715378237,2933.5269586820164,-142.35905946784442,-0.0421872198754516,True,True,2009-11-25,79,False,False,,,False,False,False,,,16,186,,A_ETF_sector_momentum,B_ETF_trend_following,0,4541,deterministic_stratified_sample
current_no_cash_proxy_alpha_AB,stress,90,2009-08-18,2009-12-23,3360.4610186206933,0.12015367287356438,3427.3185808708886,2972.778964334501,-144.54845934197874,-0.04217537877825428,True,True,2009-11-23,69,True,True,2009-12-02,75,False,False,False,,,16,190,,A_ETF_sector_momentum,B_ETF_trend_following,0,4541,deterministic_stratified_sample
current_no_cash_proxy_alpha_AB,stress,90,2009-09-01,2010-01-08,3413.853145326467,0.13795104844215555,3429.6953371723757,3000.0,-144.63776733063196,-0.04217219114566573,True,True,2009-11-23,59,True,True,2009-12-02,65,False,False,False,,,16,193,,B_ETF_trend_following,A_ETF_sector_momentum,0,4541,deterministic_stratified_sample
current_no_cash_proxy_alpha_AB,stress,90,2009-09-15,2010-01-22,3232.1577957112827,0.07738593190376086,3314.25522412606,2924.7357565343937,-139.8192138635709,-0.04218721987545182,True,True,2009-12-02,56,False,False,,,False,False,False,,,19,185,,A_ETF_sector_momentum,B_ETF_trend_following,0,4541,deterministic_stratified_sample
current_no_cash_proxy_alpha_AB,stress,90,2009-09-22,2010-01-29,3148.8629711903695,0.04962099039678991,3258.7780067667045,2874.79911540004,-137.47878429675302,-0.0421872198754516,False,False,,,False,False,,,False,False,False,,,21,167,,A_ETF_sector_momentum,B_ETF_trend_following,0,4541,deterministic_stratified_sample
current_no_cash_proxy_alpha_AB,stress,90,2009-09-28,2010-02-04,3232.1570635104054,0.07738568783680178,3358.5619650396065,2951.4021070045783,-141.6883920844548,-0.0421872198754516,True,True,2009-12-01,46,False,False,,,False,False,False,,,19,164,,A_ETF_sector_momentum,B_ETF_trend_following,0,4541,deterministic_stratified_sample
current_no_cash_proxy_alpha_AB,stress,90,2009-09-29,2010-02-05,3262.352430418464,0.08745081013948797,3398.1295020346647,2986.1079932039884,-143.3576364675955,-0.04218721987545171,True,True,2009-11-25,42,False,False,,,False,False,False,,,19,164,,B_ETF_trend_following,A_ETF_sector_momentum,0,4541,deterministic_stratified_sample
current_no_cash_proxy_alpha_AB,stress,90,2009-10-09,2010-02-18,3184.6111065897767,0.06153703552992562,3294.3135961432095,2966.7706420528284,-147.8487324579578,-0.044879981259540846,False,False,,,False,False,,,False,False,False,,,20,159,,B_ETF_trend_following,A_ETF_sector_momentum,0,4541,deterministic_stratified_sample
current_no_cash_proxy_alpha_AB,stress,90,2009-10-22,2010-03-03,3183.06366625516,0.06102122208505345,3257.2586846566996,2922.5567932014815,-145.62501045967156,-0.04470784317672938,False,False,,,False,False,,,False,False,False,,,19,155,,A_ETF_sector_momentum,B_ETF_trend_following,0,4541,deterministic_stratified_sample
current_no_cash_proxy_alpha_AB,stress,90,2009-11-04,2010-03-16,3283.172423412808,0.09439080780426923,3283.172423412808,3000.0,-146.2186328851758,-0.04474183733966908,False,False,,,False,False,,,False,False,False,,,19,196,,B_ETF_trend_following,A_ETF_sector_momentum,0,4541,deterministic_stratified_sample
current_no_cash_proxy_alpha_AB,stress,90,2009-11-06,2010-03-18,3199.356413592506,0.0664521378641687,3202.9679435015296,2994.9372138250133,-175.76404542408454,-0.05487536825983241,False,False,,,False,False,,,False,False,False,,,19,209,,A_ETF_sector_momentum,B_ETF_trend_following,0,4541,deterministic_stratified_sample
current_no_cash_proxy_alpha_AB,stress,90,2009-11-17,2010-03-29,3126.8767326705074,0.04229224422350253,3126.8767326705074,2917.7332252727047,-176.40568348288343,-0.05701285193877448,False,False,,,False,False,,,False,False,False,,,20,202,,B_ETF_trend_following,A_ETF_sector_momentum,0,4541,deterministic_stratified_sample
current_no_cash_proxy_alpha_AB,stress,90,2009-11-20,2010-04-01,3110.3002418118376,0.036766747270612576,3110.3002418118376,2901.5162896152424,-168.94532265415455,-0.05502277637312192,False,False,,,False,False,,,False,False,False,,,19,203,,B_ETF_trend_following,A_ETF_sector_momentum,0,4541,deterministic_stratified_sample
current_no_cash_proxy_alpha_AB,stress,90,2009-12-01,2010-04-12,3164.0175985617407,0.05467253285391349,3164.0175985617407,2903.14403307236,-144.39765917542536,-0.047381684569808624,False,False,,,False,False,,,False,False,False,,,18,208,,A_ETF_sector_momentum,B_ETF_trend_following,0,4541,deterministic_stratified_sample
current_no_cash_proxy_alpha_AB,stress,90,2009-12-14,2010-04-23,3313.4814666575307,0.10449382221917691,3314.8775017762878,2954.27454116912,-143.9895920952681,-0.0464742791130458,True,True,2010-04-22,89,False,False,,,False,False,False,,,12,220,,A_ETF_sector_momentum,B_ETF_trend_following,0,4541,deterministic_stratified_sample
current_no_cash_proxy_alpha_AB,stress,90,2009-12-15,2010-04-26,3319.409203010534,0.10646973433684459,3319.409203010534,2951.600472117261,-155.40101772187427,-0.05001639626826193,True,True,2010-04-22,88,False,False,,,False,False,False,,,14,218,,A_ETF_sector_momentum,B_ETF_trend_following,0,4541,deterministic_stratified_sample
current_no_cash_proxy_alpha_AB,stress,90,2009-12-28,2010-05-06,3256.9387402308994,0.08564624674363319,3263.1515643139605,2901.5764880943184,-131.6489703967227,-0.04340230299339998,False,False,,,False,False,,,False,False,False,,,16,202,,A_ETF_sector_momentum,B_ETF_trend_following,0,4541,deterministic_stratified_sample
current_no_cash_proxy_alpha_AB,stress,90,2010-01-08,2010-05-18,3245.628292847574,0.0818760976158579,3258.546916359538,2869.796040028985,-130.20395997101514,-0.04340131999033836,False,False,,,False,False,,,False,False,False,,,17,174,,B_ETF_trend_following,A_ETF_sector_momentum,0,4541,deterministic_stratified_sample
current_no_cash_proxy_alpha_AB,stress,90,2010-01-11,2010-05-19,3249.5850247150424,0.08319500823834747,3302.868788280296,2908.830227901586,-140.4744914399348,-0.04606771194394421,True,True,2010-05-12,85,False,False,,,False,False,False,,,16,171,,B_ETF_trend_following,A_ETF_sector_momentum,0,4541,deterministic_stratified_sample
current_no_cash_proxy_alpha_AB,stress,90,2010-01-26,2010-06-03,3300.170149352839,0.10005671645094627,3353.2827404445798,2953.2296991987205,-103.39656643737635,-0.03382702281917971,True,True,2010-04-22,61,False,False,,,False,False,False,,,12,164,,A_ETF_sector_momentum,B_ETF_trend_following,0,4541,deterministic_stratified_sample
current_no_cash_proxy_alpha_AB,stress,90,2010-02-01,2010-06-09,3383.3473763967645,0.12778245879892158,3417.1849751847467,2985.878185020654,-90.29568847240353,-0.026678259681635175,True,True,2010-04-14,51,True,True,2010-05-11,70,False,False,False,,,10,166,,B_ETF_trend_following,A_ETF_sector_momentum,0,4541,deterministic_stratified_sample
current_no_cash_proxy_alpha_AB,stress,90,2010-02-08,2010-06-16,3372.121288430066,0.12404042947668881,3406.388681538456,3000.0,-89.92686568141153,-0.026654158714001452,True,True,2010-04-14,46,True,True,2010-05-12,66,False,False,False,,,9,166,,A_ETF_sector_momentum,B_ETF_trend_following,0,4541,deterministic_stratified_sample
current_no_cash_proxy_alpha_AB,stress,90,2010-02-22,2010-06-29,3231.711921286589,0.07723730709552967,3401.059576213679,2972.8437042980295,-196.2015204920126,-0.05768835155497021,True,True,2010-04-09,34,True,True,2010-04-26,45,False,False,False,,,13,169,,B_ETF_trend_following,A_ETF_sector_momentum,0,4541,deterministic_stratified_sample
current_no_cash_proxy_alpha_AB,stress,90,2010-03-05,2010-07-13,3195.5736568919465,0.06519121896398206,3248.328464517031,3000.0,-85.69008794614774,-0.026634774451546273,False,False,,,False,False,,,False,False,False,,,11,144,,B_ETF_trend_following,A_ETF_sector_momentum,0,4541,deterministic_stratified_sample
current_no_cash_proxy_alpha_AB,stress,90,2010-03-08,2010-07-14,3147.862973607185,0.04928765786906153,3318.960570913988,3000.0,-191.04656865794277,-0.05756216881037901,True,True,2010-04-23,34,False,False,,,False,False,False,,,12,133,,B_ETF_trend_following,A_ETF_sector_momentum,0,4541,deterministic_stratified_sample
current_no_cash_proxy_alpha_AB,stress,90,2010-03-18,2010-07-26,3066.9517114584946,0.022317237152831515,3142.724648521578,2986.850073183532,-126.4212653440186,-0.04022664391024222,False,False,,,False,False,,,False,False,False,,,12,103,,B_ETF_trend_following,A_ETF_sector_momentum,0,4541,deterministic_stratified_sample
current_no_cash_proxy_alpha_AB,stress,90,2010-03-26,2010-08-03,2954.5397734152266,-0.015153408861591111,3176.485128803898,2954.5397734152266,-221.9453553886715,-0.06987136611347677,False,False,,,False,False,,,False,False,False,,,16,80,,A_ETF_sector_momentum,B_ETF_trend_following,0,4541,deterministic_stratified_sample
current_no_cash_proxy_alpha_AB,stress,90,2010-03-31,2010-08-06,2952.2802272851213,-0.015906590904959605,3155.94945965957,2935.18318481263,-220.76627484694018,-0.06995241136426633,False,False,,,False,False,,,False,False,False,,,16,78,,A_ETF_sector_momentum,B_ETF_trend_following,0,4541,deterministic_stratified_sample
current_no_cash_proxy_alpha_AB,stress,90,2010-04-14,2010-08-19,2816.8334849538583,-0.061055505015380596,3076.1149937671435,2809.0360768882297,-267.0789168789138,-0.08682345017012427,False,False,,,False,False,,,False,False,False,,,16,52,B_ETF_trend_following,A_ETF_sector_momentum,B_ETF_trend_following,0,4541,deterministic_stratified_sample
current_no_cash_proxy_alpha_AB,stress,90,2010-04-27,2010-09-01,2935.323042532138,-0.021558985822620613,3093.8465444284843,2926.8998441803533,-166.94670024813104,-0.0539608858586651,False,False,,,False,False,,,False,False,False,,,10,33,,B_ETF_trend_following,A_ETF_sector_momentum,0,4541,deterministic_stratified_sample
current_no_cash_proxy_alpha_AB,stress,90,2010-05-10,2010-09-15,2801.4480387478607,-0.06618398708404649,3000.0,2774.927324248211,-225.07267575178912,-0.07502422525059638,False,False,,,False,False,,,False,False,False,,,12,35,B_ETF_trend_following,A_ETF_sector_momentum,B_ETF_trend_following,0,4541,deterministic_stratified_sample
current_no_cash_proxy_alpha_AB,stress,90,2010-05-21,2010-09-28,2908.561043247417,-0.030479652250861022,3008.7275334635146,2822.2573386030663,-186.47019486044837,-0.06197643116118001,False,False,,,False,False,,,False,False,False,,,9,52,B_ETF_trend_following,A_ETF_sector_momentum,B_ETF_trend_following,0,4541,deterministic_stratified_sample
current_no_cash_proxy_alpha_AB,stress,90,2010-05-25,2010-09-30,2904.921485408834,-0.03169283819705526,3008.7275334635146,2822.2573386030663,-186.47019486044837,-0.06197643116118001,False,False,,,False,False,,,False,False,False,,,9,57,B_ETF_trend_following,A_ETF_sector_momentum,B_ETF_trend_following,0,4541,deterministic_stratified_sample
current_no_cash_proxy_alpha_AB,stress,90,2010-06-07,2010-10-12,2954.3077647656905,-0.01523074507810318,3008.7275334635146,2822.2573386030663,-186.47019486044837,-0.06197643116118001,False,False,,,False,False,,,False,False,False,,,9,79,B_ETF_trend_following,A_ETF_sector_momentum,B_ETF_trend_following,0,4541,deterministic_stratified_sample
current_no_cash_proxy_alpha_AB,stress,90,2010-06-14,2010-10-19,2926.288680023346,-0.024570439992217974,3008.7275334635146,2822.2573386030663,-186.47019486044837,-0.06197643116118001,False,False,,,False,False,,,False,False,False,,,9,99,B_ETF_trend_following,A_ETF_sector_momentum,B_ETF_trend_following,0,4541,deterministic_stratified_sample
current_no_cash_proxy_alpha_AB,stress,90,2010-06-17,2010-10-22,3037.71642092395,0.01257214030798326,3087.1116987037503,2865.701609341365,-134.29839065863507,-0.04476613021954501,False,False,,,False,False,,,False,False,False,,,9,108,B_ETF_trend_following,A_ETF_sector_momentum,B_ETF_trend_following,0,4541,deterministic_stratified_sample
current_no_cash_proxy_alpha_AB,stress,90,2010-06-18,2010-10-25,2957.444428538979,-0.014185190487006949,3023.4554241329024,2869.312821993802,-130.68717800619788,-0.04356239266873263,False,False,,,False,False,,,False,False,False,,,11,104,B_ETF_trend_following,A_ETF_sector_momentum,B_ETF_trend_following,0,4541,deterministic_stratified_sample
current_no_cash_proxy_alpha_AB,stress,90,2010-07-01,2010-11-05,2985.340611429783,-0.004886462856738993,3043.448672129513,2888.2867689460472,-111.71323105395277,-0.03723774368465094,False,False,,,False,False,,,False,False,False,,,9,130,B_ETF_trend_following,A_ETF_sector_momentum,B_ETF_trend_following,0,4541,deterministic_stratified_sample
current_no_cash_proxy_alpha_AB,stress,90,2010-07-07,2010-11-10,2981.72430380077,-0.006091898733076695,3043.448672129513,2888.2867689460472,-111.71323105395277,-0.03723774368465094,False,False,,,False,False,,,False,False,False,,,11,138,B_ETF_trend_following,A_ETF_sector_momentum,B_ETF_trend_following,0,4541,deterministic_stratified_sample
current_no_cash_proxy_alpha_AB,stress,90,2010-07-08,2010-11-11,2944.9354431509837,-0.018354852283005485,3043.448672129513,2888.2867689460472,-111.71323105395277,-0.03723774368465094,False,False,,,False,False,,,False,False,False,,,11,139,B_ETF_trend_following,A_ETF_sector_momentum,B_ETF_trend_following,0,4541,deterministic_stratified_sample
current_no_cash_proxy_alpha_AB,stress,90,2010-07-13,2010-11-16,2896.8245450338522,-0.034391818322049295,3043.448672129513,2888.2867689460472,-146.6241270956607,-0.04817696728003873,False,False,,,False,False,,,False,False,False,,,12,139,B_ETF_trend_following,A_ETF_sector_momentum,B_ETF_trend_following,0,4541,deterministic_stratified_sample
current_no_cash_proxy_alpha_AB,stress,90,2010-07-15,2010-11-18,2916.8441044481515,-0.027718631850616182,3043.448672129513,2888.2867689460472,-146.6241270956607,-0.04817696728003873,False,False,,,False,False,,,False,False,False,,,12,139,B_ETF_trend_following,A_ETF_sector_momentum,B_ETF_trend_following,0,4541,deterministic_stratified_sample
current_no_cash_proxy_alpha_AB,stress,90,2010-07-28,2010-12-02,3147.605929120996,0.0492019763736653,3147.605929120996,2914.457076869658,-113.99831303165047,-0.03638285214650083,False,False,,,False,False,,,False,False,False,,,15,121,,A_ETF_sector_momentum,B_ETF_trend_following,0,4541,deterministic_stratified_sample
current_no_cash_proxy_alpha_AB,stress,90,2010-07-29,2010-12-03,3155.6027398874385,0.05186757996247948,3155.6027398874385,2914.457076869658,-113.99831303165047,-0.03638285214650083,False,False,,,False,False,,,False,False,False,,,15,126,,A_ETF_sector_momentum,B_ETF_trend_following,0,4541,deterministic_stratified_sample
current_no_cash_proxy_alpha_AB,stress,90,2010-08-02,2010-12-07,3158.063557811213,0.05268785260373754,3158.063557811213,2914.457076869658,-113.99831303165047,-0.03638285214650083,False,False,,,False,False,,,False,False,False,,,15,137,,A_ETF_sector_momentum,B_ETF_trend_following,0,4541,deterministic_stratified_sample
current_no_cash_proxy_alpha_AB,stress,90,2010-08-10,2010-12-15,3208.2913820785125,0.06943046069283754,3237.2886419876054,2985.340539776217,-122.18584309367361,-0.03821939483440828,False,False,,,False,False,,,False,False,False,,,14,162,,A_ETF_sector_momentum,B_ETF_trend_following,0,4541,deterministic_stratified_sample
current_no_cash_proxy_alpha_AB,stress,90,2010-08-11,2010-12-16,3265.8236608878888,0.08860788696262967,3271.810683809083,2999.667670079125,-117.33130563442319,-0.03638285214650083,False,False,,,False,False,,,False,False,False,,,12,160,,A_ETF_sector_momentum,B_ETF_trend_following,0,4541,deterministic_stratified_sample
current_no_cash_proxy_alpha_AB,stress,90,2010-08-23,2010-12-29,3292.913227571432,0.09763774252381063,3299.6920919732984,2999.667670079125,-117.33130563442319,-0.03638285214650083,False,False,,,False,False,,,False,False,False,,,14,196,,A_ETF_sector_momentum,B_ETF_trend_following,0,4541,deterministic_stratified_sample
current_no_cash_proxy_alpha_AB,stress,90,2010-08-25,2010-12-31,3275.5802617591858,0.09186008725306194,3299.6920919732984,2999.667670079125,-117.33130563442319,-0.03638285214650083,False,False,,,False,False,,,False,False,False,,,14,201,,A_ETF_sector_momentum,B_ETF_trend_following,0,4541,deterministic_stratified_sample
current_no_cash_proxy_alpha_AB,stress,90,2010-09-03,2011-01-11,3323.3690062199657,0.10778966873998863,3323.3690062199657,2999.667670079125,-117.33130563442319,-0.03638285214650083,True,True,2011-01-03,84,False,False,,,False,False,False,,,17,219,,A_ETF_sector_momentum,B_ETF_trend_following,0,4541,deterministic_stratified_sample
current_no_cash_proxy_alpha_AB,stress,90,2010-09-17,2011-01-25,3253.852874982753,0.08461762499425096,3341.3299712330077,3000.0,-128.03468825738082,-0.04006831533737576,True,True,2011-01-12,82,False,False,,,False,False,False,,,19,243,,A_ETF_sector_momentum,B_ETF_trend_following,0,4541,deterministic_stratified_sample
current_no_cash_proxy_alpha_AB,stress,90,2010-09-29,2011-02-04,3096.3825721696267,0.03212752405654218,3227.33875203978,2962.6125445189778,-155.4244049123531,-0.049846877196467965,False,False,,,False,False,,,False,False,False,,,24,235,,A_ETF_sector_momentum,B_ETF_trend_following,0,4541,deterministic_stratified_sample
current_no_cash_proxy_alpha_AB,stress,90,2010-09-30,2011-02-07,3129.7727674593166,0.04325758915310551,3240.8394480491374,2975.126279117566,-151.31844523507698,-0.046691126685144746,False,False,,,False,False,,,False,False,False,,,24,237,,A_ETF_sector_momentum,B_ETF_trend_following,0,4541,deterministic_stratified_sample
current_no_cash_proxy_alpha_AB,stress,90,2010-10-14,2011-02-22,3048.883170215471,0.01629439007182376,3136.8468700783023,2879.415985944797,-146.4435686044717,-0.04668495934607608,False,False,,,False,False,,,False,False,False,,,21,253,B_ETF_trend_following,A_ETF_sector_momentum,B_ETF_trend_following,0,4541,deterministic_stratified_sample
current_no_cash_proxy_alpha_AB,stress,90,2010-10-22,2011-03-02,3200.7780099233805,0.06692600330779341,3223.9924488671286,2939.4992409423057,-149.50682067018488,-0.04669123905009698,False,False,,,False,False,,,False,False,False,,,22,237,,A_ETF_sector_momentum,B_ETF_trend_following,0,4541,deterministic_stratified_sample
current_no_cash_proxy_alpha_AB,stress,90,2010-10-27,2011-03-07,3134.6903171589784,0.044896772386326056,3197.076244663033,2927.7329022793474,-146.25230739728295,-0.045745642645034224,False,False,,,False,False,,,False,False,False,,,17,233,,B_ETF_trend_following,A_ETF_sector_momentum,0,4541,deterministic_stratified_sample
current_no_cash_proxy_alpha_AB,stress,90,2010-10-28,2011-03-08,3173.1071338197967,0.05770237793993216,3222.426588326955,2927.321768802242,-148.87129432885285,-0.046686777377892286,False,False,,,False,False,,,False,False,False,,,21,230,,A_ETF_sector_momentum,B_ETF_trend_following,0,4541,deterministic_stratified_sample
current_no_cash_proxy_alpha_AB,stress,90,2010-11-09,2011-03-18,3070.9989551582275,0.023666318386075913,3231.0636590966965,2923.3308811450706,-160.06470393846894,-0.04953932228720559,False,False,,,False,False,,,False,False,False,,,14,213,,B_ETF_trend_following,A_ETF_sector_momentum,0,4541,deterministic_stratified_sample
current_no_cash_proxy_alpha_AB,stress,90,2010-11-19,2011-03-30,3187.3273605169043,0.06244245350563471,3276.461977701951,2986.284600351306,-162.90704513582568,-0.04972041374033753,False,False,,,False,False,,,False,False,False,,,20,216,,A_ETF_sector_momentum,B_ETF_trend_following,0,4541,deterministic_stratified_sample
current_no_cash_proxy_alpha_AB,stress,90,2010-11-22,2011-03-31,3241.0893899638604,0.08036312998795347,3322.6298114932047,2992.9749208733347,-164.9555077264272,-0.04964606865195598,True,True,2011-02-28,67,False,False,,,False,False,False,,,15,221,,A_ETF_sector_momentum,B_ETF_trend_following,0,4541,deterministic_stratified_sample
current_no_cash_proxy_alpha_AB,stress,90,2010-12-06,2011-04-13,3064.2786374071093,0.021426212469036532,3187.828118494912,2957.383819423192,-157.90202597367897,-0.04953279163878832,False,False,,,False,False,,,False,False,False,,,15,232,,A_ETF_sector_momentum,B_ETF_trend_following,0,4541,deterministic_stratified_sample
current_no_cash_proxy_alpha_AB,stress,90,2010-12-17,2011-04-27,3027.6796741951675,0.009226558065055901,3130.32878317869,2934.661934708148,-195.6668484705424,-0.06250680424433008,False,False,,,False,False,,,False,False,False,,,19,227,B_ETF_trend_following,A_ETF_sector_momentum,B_ETF_trend_following,0,4541,deterministic_stratified_sample
current_no_cash_proxy_alpha_AB,stress,90,2010-12-22,2011-05-02,3173.984326182445,0.057994775394148323,3184.9398397011987,2989.498376227895,-157.33762198556542,-0.04960975204332385,False,False,,,False,False,,,False,False,False,,,16,215,,A_ETF_sector_momentum,B_ETF_trend_following,0,4541,deterministic_stratified_sample
current_no_cash_proxy_alpha_AB,stress,90,2010-12-31,2011-05-10,3019.8537578783366,0.006617919292778884,3044.127440327569,2879.8799579429433,-164.24748238462553,-0.05395552111542068,False,False,,,False,False,,,False,False,False,,,17,216,B_ETF_trend_following,A_ETF_sector_momentum,B_ETF_trend_following,0,4541,deterministic_stratified_sample
current_no_cash_proxy_alpha_AB,stress,90,2011-01-10,2011-05-18,3158.4150712180985,0.05280502373936624,3158.4150712180985,2950.145032314337,-140.5217880320488,-0.04537463689590493,False,False,,,False,False,,,False,False,False,,,21,173,,A_ETF_sector_momentum,B_ETF_trend_following,0,4541,deterministic_stratified_sample
current_no_cash_proxy_alpha_AB,stress,90,2011-01-13,2011-05-23,3025.0824205299323,0.008360806843310753,3066.540318606073,2886.0033299279858,-159.45271263378163,-0.05235758139515079,False,False,,,False,False,,,False,False,False,,,15,198,B_ETF_trend_following,A_ETF_sector_momentum,B_ETF_trend_following,0,4541,deterministic_stratified_sample
current_no_cash_proxy_alpha_AB,stress,90,2011-01-18,2011-05-25,3024.5055676698657,0.008168522556621927,3078.2953360077754,2889.855206205957,-143.8349689314041,-0.047298738679655505,False,False,,,False,False,,,False,False,False,,,13,191,B_ETF_trend_following,A_ETF_sector_momentum,B_ETF_trend_following,0,4541,deterministic_stratified_sample
current_no_cash_proxy_alpha_AB,stress,90,2011-01-27,2011-06-06,3147.4526504405676,0.049150883480189256,3220.4936418821235,2954.3143810465476,-142.40014483564573,-0.04544949387510133,False,False,,,False,False,,,False,False,False,,,18,154,,A_ETF_sector_momentum,B_ETF_trend_following,0,4541,deterministic_stratified_sample
current_no_cash_proxy_alpha_AB,stress,90,2011-02-09,2011-06-17,2988.3676599557366,-0.003877446681421093,3075.252774603129,2857.1825794597344,-193.34499994111775,-0.06338083984118326,False,False,,,False,False,,,False,False,False,,,17,130,,B_ETF_trend_following,A_ETF_sector_momentum,0,4541,deterministic_stratified_sample
current_no_cash_proxy_alpha_AB,stress,90,2011-02-24,2011-07-01,2999.0228128824333,-0.0003257290391889267,3056.6110051337564,2852.0800468030748,-170.64732261303243,-0.056454751539830705,False,False,,,False,False,,,False,False,False,,,19,104,,B_ETF_trend_following,A_ETF_sector_momentum,0,4541,deterministic_stratified_sample
current_no_cash_proxy_alpha_AB,stress,90,2011-02-28,2011-07-06,3030.589309977135,0.010196436659045016,3093.1828010882377,2886.2166024075173,-116.38668937372677,-0.038761926922647905,False,False,,,False,False,,,False,False,False,,,18,113,,B_ETF_trend_following,A_ETF_sector_momentum,0,4541,deterministic_stratified_sample
current_no_cash_proxy_alpha_AB,stress,90,2011-03-09,2011-07-15,3076.9515463272883,0.025650515442429356,3199.543782527343,2939.463201602605,-122.59223620005469,-0.038315536380382986,False,False,,,False,False,,,False,False,False,,,17,125,,A_ETF_sector_momentum,B_ETF_trend_following,0,4541,deterministic_stratified_sample
current_no_cash_proxy_alpha_AB,stress,90,2011-03-22,2011-07-28,3046.0818901060607,0.015360630035353484,3181.806715783087,2978.0459578522127,-170.027673673113,-0.05343746143651806,False,False,,,False,False,,,False,False,False,,,18,137,,B_ETF_trend_following,A_ETF_sector_momentum,0,4541,deterministic_stratified_sample
current_no_cash_proxy_alpha_AB,stress,90,2011-03-23,2011-07-29,3071.599286061668,0.02386642868722255,3181.806715783087,2978.0459578522127,-170.027673673113,-0.05343746143651806,False,False,,,False,False,,,False,False,False,,,18,137,,B_ETF_trend_following,A_ETF_sector_momentum,0,4541,deterministic_stratified_sample
current_no_cash_proxy_alpha_AB,stress,90,2011-04-04,2011-08-10,3141.378373972664,0.047126124657554724,3141.378373972664,2897.2101801272343,-210.96723886545033,-0.06787490237086324,False,False,,,False,False,,,False,False,False,,,20,120,,A_ETF_sector_momentum,B_ETF_trend_following,0,4541,deterministic_stratified_sample
current_no_cash_proxy_alpha_AB,stress,90,2011-04-05,2011-08-11,3090.806440697695,0.03026881356589839,3146.617892094102,2902.0424490974938,-211.31904578205422,-0.06787488254402974,False,False,,,False,False,,,False,False,False,,,20,113,,A_ETF_sector_momentum,B_ETF_trend_following,0,4541,deterministic_stratified_sample
current_no_cash_proxy_alpha_AB,stress,90,2011-04-15,2011-08-23,3262.616024676344,0.08753867489211453,3338.858885013141,2994.8329821503758,-170.79893954842146,-0.05342051333821063,True,True,2011-08-10,81,False,False,,,False,False,False,,,15,109,,B_ETF_trend_following,A_ETF_sector_momentum,0,4541,deterministic_stratified_sample
current_no_cash_proxy_alpha_AB,stress,90,2011-04-20,2011-08-26,3193.105383955868,0.06436846131862262,3269.650052462408,2963.7216339982474,-167.18513801665813,-0.05339831243491977,False,False,,,False,False,,,False,False,False,,,17,102,,B_ETF_trend_following,A_ETF_sector_momentum,0,4541,deterministic_stratified_sample
current_no_cash_proxy_alpha_AB,stress,90,2011-04-27,2011-09-01,3151.3637175644076,0.05045457252146912,3220.8219368889677,2919.4621749887474,-164.67287979917091,-0.05339353720698026,False,False,,,False,False,,,False,False,False,,,16,85,,B_ETF_trend_following,A_ETF_sector_momentum,0,4541,deterministic_stratified_sample
current_no_cash_proxy_alpha_AB,stress,90,2011-04-29,2011-09-06,3153.1296447944837,0.05104321493149455,3208.8773148399746,2908.6351646945186,-164.08973141768502,-0.05340202490151369,False,False,,,False,False,,,False,False,False,,,15,76,,B_ETF_trend_following,A_ETF_sector_momentum,0,4541,deterministic_stratified_sample
current_no_cash_proxy_alpha_AB,stress,90,2011-05-12,2011-09-19,2958.0414513047517,-0.013986182898416133,3019.603863169823,2811.9121791042326,-207.69168406559038,-0.06878110291181261,False,False,,,False,False,,,False,False,False,,,18,63,B_ETF_trend_following,A_ETF_sector_momentum,B_ETF_trend_following,0,4541,deterministic_stratified_sample
current_no_cash_proxy_alpha_AB,stress,90,2011-05-25,2011-09-30,3076.887426172012,0.02562914205733735,3138.2494906047737,2842.1588426231992,-164.50435898339765,-0.05471326449051406,False,False,,,False,False,,,False,False,False,,,15,57,,B_ETF_trend_following,A_ETF_sector_momentum,0,4541,deterministic_stratified_sample
current_no_cash_proxy_alpha_AB,stress,90,2011-06-08,2011-10-13,3147.0952064857124,0.04903173549523743,3240.6631816571507,2904.3155455524284,-118.27540663254331,-0.03913047068014419,False,False,,,False,False,,,False,False,False,,,11,62,,B_ETF_trend_following,A_ETF_sector_momentum,0,4541,deterministic_stratified_sample
current_no_cash_proxy_alpha_AB,stress,90,2011-06-21,2011-10-26,3152.2367533847655,0.0507455844615885,3245.7976041143334,2909.073925843609,-118.43623236122357,-0.03912001155148903,False,False,,,False,False,,,False,False,False,,,9,62,,A_ETF_sector_momentum,B_ETF_trend_following,0,4541,deterministic_stratified_sample
current_no_cash_proxy_alpha_AB,stress,90,2011-06-23,2011-10-28,3163.9324984576992,0.05464416615256651,3270.5271917861514,2931.238030777866,-119.3385927511581,-0.03912001155148914,False,False,,,False,False,,,False,False,False,,,10,62,,B_ETF_trend_following,A_ETF_sector_momentum,0,4541,deterministic_stratified_sample
current_no_cash_proxy_alpha_AB,stress,90,2011-06-27,2011-11-01,3133.8760951554123,0.04462536505180403,3273.3251726665894,2945.043587602542,-139.44907751117717,-0.04260165738363719,False,False,,,False,False,,,False,False,False,,,11,64,,A_ETF_sector_momentum,B_ETF_trend_following,0,4541,deterministic_stratified_sample
current_no_cash_proxy_alpha_AB,stress,90,2011-07-06,2011-11-09,3093.80844062512,0.03126948020837328,3254.8462858878797,2928.522847582002,-162.14158210108644,-0.04981543454266579,False,False,,,False,False,,,False,False,False,,,10,45,,A_ETF_sector_momentum,B_ETF_trend_following,0,4541,deterministic_stratified_sample
current_no_cash_proxy_alpha_AB,stress,90,2011-07-19,2011-11-22,3101.0628000853308,0.03368760002844362,3213.0689512384606,2976.505157915967,-123.74952222065713,-0.03851443093773588,False,False,,,False,False,,,False,False,False,,,9,28,,A_ETF_sector_momentum,B_ETF_trend_following,0,4541,deterministic_stratified_sample
current_no_cash_proxy_alpha_AB,stress,90,2011-08-01,2011-12-06,3017.456658639488,0.005818886213162733,3168.59946818341,3000.0,-152.58223956242637,-0.0481544736387598,False,False,,,False,False,,,False,False,False,,,8,18,,A_ETF_sector_momentum,B_ETF_trend_following,0,4541,deterministic_stratified_sample
current_no_cash_proxy_alpha_AB,stress,90,2011-08-03,2011-12-08,2912.5597237909697,-0.029146758736343426,3000.0,2912.5597237909697,-87.44027620903034,-0.029146758736343426,False,False,,,False,False,,,False,False,False,,,5,22,B_ETF_trend_following,A_ETF_sector_momentum,B_ETF_trend_following,0,4541,deterministic_stratified_sample
current_no_cash_proxy_alpha_AB,stress,90,2011-08-12,2011-12-19,2987.665829509887,-0.0041113901633710315,3000.0,2910.884949647879,-89.11505035212122,-0.02970501678404036,False,False,,,False,False,,,False,False,False,,,7,22,B_ETF_trend_following,A_ETF_sector_momentum,B_ETF_trend_following,0,4541,deterministic_stratified_sample
current_no_cash_proxy_alpha_AB,stress,90,2011-08-19,2011-12-27,2921.2584228649157,-0.026247192378361484,3000.0,2910.884949647879,-89.11505035212122,-0.02970501678404036,False,False,,,False,False,,,False,False,False,,,7,23,B_ETF_trend_following,A_ETF_sector_momentum,B_ETF_trend_following,0,4541,deterministic_stratified_sample
current_no_cash_proxy_alpha_AB,stress,90,2011-08-22,2011-12-28,2921.2584228649157,-0.026247192378361484,3000.0,2910.884949647879,-89.11505035212122,-0.02970501678404036,False,False,,,False,False,,,False,False,False,,,7,24,B_ETF_trend_following,A_ETF_sector_momentum,B_ETF_trend_following,0,4541,deterministic_stratified_sample
current_no_cash_proxy_alpha_AB,stress,90,2011-08-25,2012-01-03,2919.0219495437495,-0.026992683485416835,3000.0,2910.884949647879,-89.11505035212122,-0.02970501678404036,False,False,,,False,False,,,False,False,False,,,9,26,B_ETF_trend_following,A_ETF_sector_momentum,B_ETF_trend_following,0,4541,deterministic_stratified_sample
current_no_cash_proxy_alpha_AB,stress,90,2011-09-07,2012-01-13,2941.7583633672157,-0.019413878877594826,3000.0,2899.6461751739516,-100.35382482604837,-0.03345127494201616,False,False,,,False,False,,,False,False,False,,,9,47,B_ETF_trend_following,A_ETF_sector_momentum,B_ETF_trend_following,0,4541,deterministic_stratified_sample
current_no_cash_proxy_alpha_AB,stress,90,2011-09-08,2012-01-17,2948.3429189600047,-0.017219027013331778,3000.0,2899.6461751739516,-100.35382482604837,-0.03345127494201616,False,False,,,False,False,,,False,False,False,,,9,47,B_ETF_trend_following,A_ETF_sector_momentum,B_ETF_trend_following,0,4541,deterministic_stratified_sample
current_no_cash_proxy_alpha_AB,stress,90,2011-09-12,2012-01-19,2907.1745470787455,-0.030941817640418146,3000.0,2899.6461751739516,-100.35382482604837,-0.03345127494201616,False,False,,,False,False,,,False,False,False,,,9,53,B_ETF_trend_following,A_ETF_sector_momentum,B_ETF_trend_following,0,4541,deterministic_stratified_sample
current_no_cash_proxy_alpha_AB,stress,90,2011-09-21,2012-01-30,2886.3885631615203,-0.03787047894615991,3000.0,2886.3885631615203,-113.61143683847968,-0.03787047894615991,False,False,,,False,False,,,False,False,False,,,11,65,B_ETF_trend_following,A_ETF_sector_momentum,B_ETF_trend_following,0,4541,deterministic_stratified_sample
current_no_cash_proxy_alpha_AB,stress,90,2011-09-23,2012-02-01,2886.678319828088,-0.0377738933906373,3000.0,2886.3885631615203,-113.61143683847968,-0.03787047894615991,False,False,,,False,False,,,False,False,False,,,11,70,B_ETF_trend_following,A_ETF_sector_momentum,B_ETF_trend_following,0,4541,deterministic_stratified_sample
current_no_cash_proxy_alpha_AB,stress,90,2011-09-27,2012-02-03,2851.7378455368807,-0.0494207181543731,3000.0,2851.7378455368807,-148.26215446311926,-0.0494207181543731,False,False,,,False,False,,,False,False,False,,,11,79,B_ETF_trend_following,A_ETF_sector_momentum,B_ETF_trend_following,0,4541,deterministic_stratified_sample
current_no_cash_proxy_alpha_AB,stress,90,2011-10-04,2012-02-10,2839.9256728457244,-0.05335810905142524,3000.0,2839.9256728457244,-160.07432715427558,-0.05335810905142524,False,False,,,False,False,,,False,False,False,,,13,97,B_ETF_trend_following,A_ETF_sector_momentum,B_ETF_trend_following,0,4541,deterministic_stratified_sample
current_no_cash_proxy_alpha_AB,stress,90,2011-10-11,2012-02-17,2863.04849987498,-0.04565050004167337,3000.0,2839.925672845725,-160.07432715427512,-0.05335810905142502,False,False,,,False,False,,,False,False,False,,,13,109,B_ETF_trend_following,A_ETF_sector_momentum,B_ETF_trend_following,0,4541,deterministic_stratified_sample
current_no_cash_proxy_alpha_AB,stress,90,2011-10-17,2012-02-24,2858.656021789713,-0.04711465940342896,3000.0,2839.925672845725,-160.07432715427512,-0.05335810905142502,False,False,,,False,False,,,False,False,False,,,14,124,B_ETF_trend_following,A_ETF_sector_momentum,B_ETF_trend_following,0,4541,deterministic_stratified_sample
current_no_cash_proxy_alpha_AB,stress,90,2011-10-28,2012-03-08,3091.10805340525,0.030369351135083322,3113.193911189374,3000.0,-84.30979725161023,-0.027264569047434795,False,False,,,False,False,,,False,False,False,,,17,116,,A_ETF_sector_momentum,B_ETF_trend_following,0,4541,deterministic_stratified_sample
current_no_cash_proxy_alpha_AB,stress,90,2011-10-31,2012-03-09,3051.597354357509,0.017199118119169743,3063.3594301565327,2959.8242660905903,-71.32982854240754,-0.023532234362055426,False,False,,,False,False,,,False,False,False,,,16,116,,B_ETF_trend_following,A_ETF_sector_momentum,0,4541,deterministic_stratified_sample
current_no_cash_proxy_alpha_AB,stress,90,2011-11-11,2012-03-22,3143.8841975982423,0.04796139919941411,3151.5560456201792,2991.438988695734,-80.20353684226848,-0.026110960561148255,False,False,,,False,False,,,False,False,False,,,16,149,,B_ETF_trend_following,A_ETF_sector_momentum,0,4541,deterministic_stratified_sample
current_no_cash_proxy_alpha_AB,stress,90,2011-11-18,2012-03-29,3164.713401895789,0.05490446729859633,3195.019353947556,2990.5338265816863,-59.76944264598842,-0.01931071955886199,False,False,,,False,False,,,False,False,False,,,14,159,,B_ETF_trend_following,A_ETF_sector_momentum,0,4541,deterministic_stratified_sample
current_no_cash_proxy_alpha_AB,stress,90,2011-11-25,2012-04-04,3150.864023799115,0.05028800793303834,3195.019353947556,2990.5338265816863,-59.76944264598842,-0.01931071955886199,False,False,,,False,False,,,False,False,False,,,14,166,,B_ETF_trend_following,A_ETF_sector_momentum,0,4541,deterministic_stratified_sample
current_no_cash_proxy_alpha_AB,stress,90,2011-11-29,2012-04-09,3121.8913871085824,0.0406304623695275,3195.019353947556,2990.5338265816863,-73.1279668389734,-0.0228881138853263,False,False,,,False,False,,,False,False,False,,,14,165,,B_ETF_trend_following,A_ETF_sector_momentum,0,4541,deterministic_stratified_sample
current_no_cash_proxy_alpha_AB,stress,90,2011-12-13,2012-04-23,3260.938924836162,0.08697964161205407,3323.6825628959614,2975.4891651670205,-92.16207785878396,-0.027728904946470623,True,True,2012-03-26,71,False,False,,,False,False,False,,,11,162,,B_ETF_trend_following,A_ETF_sector_momentum,0,4541,deterministic_stratified_sample
current_no_cash_proxy_alpha_AB,stress,90,2012-01-09,2012-05-16,3212.580594805196,0.07086019826839873,3229.1796898557377,2999.4779296094725,-92.45971957761185,-0.02863257187826007,False,False,,,False,False,,,False,False,False,,,13,172,,B_ETF_trend_following,A_ETF_sector_momentum,0,4541,deterministic_stratified_sample
current_no_cash_proxy_alpha_AB,stress,90,2012-01-27,2012-06-05,3191.9175352403013,0.0639725117467671,3237.9782999189333,2941.167162186845,-81.94918526587799,-0.026220743350800824,False,False,,,False,False,,,False,False,False,,,14,152,,B_ETF_trend_following,A_ETF_sector_momentum,0,4541,deterministic_stratified_sample
current_no_cash_proxy_alpha_AB,stress,90,2012-02-16,2012-06-25,3103.921924086529,0.03464064136217626,3201.039846999182,2962.2585472890555,-97.94478318483425,-0.030597801922601087,False,False,,,False,False,,,False,False,False,,,15,128,,B_ETF_trend_following,A_ETF_sector_momentum,0,4541,deterministic_stratified_sample
current_no_cash_proxy_alpha_AB,stress,90,2012-03-12,2012-07-18,3174.8220622492586,0.058274020749752964,3215.368630402216,3000.0,-100.31767885646968,-0.031199433218305872,False,False,,,False,False,,,False,False,False,,,15,110,,B_ETF_trend_following,A_ETF_sector_momentum,0,4541,deterministic_stratified_sample
current_no_cash_proxy_alpha_AB,stress,90,2012-03-16,2012-07-24,3153.6368106866707,0.05121227022889019,3169.5467935918314,2966.422560496738,-98.77654720253031,-0.03116424953947239,False,False,,,False,False,,,False,False,False,,,13,107,,B_ETF_trend_following,A_ETF_sector_momentum,0,4541,deterministic_stratified_sample
current_no_cash_proxy_alpha_AB,stress,90,2012-04-20,2012-08-27,2936.8555742400986,-0.021048141919967178,3070.7962626181543,2925.8479741032497,-144.94828851490456,-0.047202183446492185,False,False,,,False,False,,,False,False,False,,,20,127,,B_ETF_trend_following,A_ETF_sector_momentum,0,4541,deterministic_stratified_sample
current_no_cash_proxy_alpha_AB,stress,90,2012-05-07,2012-09-12,3054.961430335369,0.018320476778456385,3139.545004978584,2984.5852520167564,-154.9597529618277,-0.049357391824642716,False,False,,,False,False,,,False,False,False,,,19,134,,B_ETF_trend_following,A_ETF_sector_momentum,0,4541,deterministic_stratified_sample
current_no_cash_proxy_alpha_AB,stress,90,2012-05-10,2012-09-17,3000.8783458995913,0.00029278196653037547,3037.664013694484,2887.7328407389487,-149.9311729555352,-0.049357391824642605,False,False,,,False,False,,,False,False,False,,,19,155,,B_ETF_trend_following,A_ETF_sector_momentum,0,4541,deterministic_stratified_sample
current_no_cash_proxy_alpha_AB,stress,90,2012-07-03,2012-11-09,2812.005915358961,-0.06266469488034632,3000.0,2812.005915358961,-187.99408464103908,-0.06266469488034632,False,False,,,False,False,,,False,False,False,,,20,146,B_ETF_trend_following,A_ETF_sector_momentum,B_ETF_trend_following,0,4541,deterministic_stratified_sample
current_no_cash_proxy_alpha_AB,stress,90,2012-07-11,2012-11-16,2910.7513815251073,-0.02974953949163095,3065.0036782155066,2890.180856372258,-174.82282184324868,-0.05703837260809852,False,False,,,False,False,,,False,False,False,,,20,129,,B_ETF_trend_following,A_ETF_sector_momentum,0,4541,deterministic_stratified_sample
current_no_cash_proxy_alpha_AB,stress,90,2012-07-12,2012-11-19,2906.9870517739837,-0.031004316075338823,3063.3159929582444,2888.5894452933558,-174.72654766488859,-0.05703836890041347,False,False,,,False,False,,,False,False,False,,,20,129,,B_ETF_trend_following,A_ETF_sector_momentum,0,4541,deterministic_stratified_sample
current_no_cash_proxy_alpha_AB,stress,90,2012-07-25,2012-12-03,2843.695373806352,-0.05210154206454931,3027.5465044701186,2843.695373806352,-183.85113066376653,-0.06072611284164042,False,False,,,False,False,,,False,False,False,,,21,126,,B_ETF_trend_following,A_ETF_sector_momentum,0,4541,deterministic_stratified_sample
current_no_cash_proxy_alpha_AB,stress,90,2012-09-12,2013-01-23,2943.9618705914427,-0.018679376469519116,3055.465993247074,2836.2586129594874,-219.2073802875866,-0.0717427000569012,False,False,,,False,False,,,False,False,False,,,20,140,B_ETF_trend_following,A_ETF_sector_momentum,B_ETF_trend_following,0,4541,deterministic_stratified_sample
current_no_cash_proxy_alpha_AB,stress,90,2012-10-10,2013-02-21,3036.186957689341,0.012062319229780405,3094.023967464462,2860.5859695094996,-173.00480692559813,-0.0570297115449776,False,False,,,False,False,,,False,False,False,,,18,170,,B_ETF_trend_following,A_ETF_sector_momentum,0,4541,deterministic_stratified_sample
current_no_cash_proxy_alpha_AB,stress,90,2012-11-13,2013-03-25,3187.599766138046,0.06253325537934873,3193.5769979179154,2933.5748982204004,-102.89152675732748,-0.032427521400403614,False,False,,,False,False,,,False,False,False,,,16,205,,B_ETF_trend_following,A_ETF_sector_momentum,0,4541,deterministic_stratified_sample
current_no_cash_proxy_alpha_AB,stress,90,2012-11-20,2013-04-02,3292.110628639969,0.09737020954665643,3292.110628639969,2915.486794735629,-100.02447826379921,-0.032791697253863106,False,False,,,False,False,,,False,False,False,,,14,209,,A_ETF_sector_momentum,B_ETF_trend_following,0,4541,deterministic_stratified_sample
current_no_cash_proxy_alpha_AB,stress,90,2013-01-02,2013-05-10,3370.3654811177876,0.12345516037259596,3379.6369736538054,2997.5747860876468,-118.54570292245262,-0.03722645523254953,True,True,2013-04-10,68,False,False,,,False,False,False,,,10,229,,B_ETF_trend_following,A_ETF_sector_momentum,0,4541,deterministic_stratified_sample
current_no_cash_proxy_alpha_AB,stress,90,2013-01-22,2013-05-30,3239.835718003512,0.07994523933450393,3326.3908895735885,2968.4350962390236,-112.49180478087419,-0.03651232515241931,True,True,2013-05-14,79,False,False,,,False,False,False,,,15,212,,B_ETF_trend_following,A_ETF_sector_momentum,0,4541,deterministic_stratified_sample
current_no_cash_proxy_alpha_AB,stress,90,2013-03-15,2013-07-23,3154.8760292717216,0.05162534309057376,3282.3553585967734,2955.5477013374593,-326.80765725931406,-0.09956498354249688,False,False,,,False,False,,,False,False,False,,,19,168,,A_ETF_sector_momentum,B_ETF_trend_following,0,4541,deterministic_stratified_sample
current_no_cash_proxy_alpha_AB,stress,90,2013-03-22,2013-07-30,3025.2354602074047,0.00841182006913499,3201.205043486938,2862.7577426664193,-338.44730082051865,-0.1057249680113781,False,False,,,False,False,,,False,False,False,,,21,168,,A_ETF_sector_momentum,B_ETF_trend_following,0,4541,deterministic_stratified_sample
current_no_cash_proxy_alpha_AB,stress,90,2013-03-25,2013-07-31,2971.771415406712,-0.00940952819776264,3206.6823227706127,2898.122878484541,-308.55944428607154,-0.09622388912521662,False,False,,,False,False,,,False,False,False,,,16,178,A_ETF_sector_momentum,B_ETF_trend_following,A_ETF_sector_momentum,0,4541,deterministic_stratified_sample
current_no_cash_proxy_alpha_AB,stress,90,2013-05-23,2013-09-30,2870.114891464553,-0.043295036178482404,3000.0,2804.4113275617233,-195.58867243827672,-0.06519622414609227,False,False,,,False,False,,,False,False,False,,,11,133,A_ETF_sector_momentum,B_ETF_trend_following,A_ETF_sector_momentum,0,4541,deterministic_stratified_sample
current_no_cash_proxy_alpha_AB,stress,90,2013-06-03,2013-10-08,2857.6478936738413,-0.0474507021087196,3000.0,2835.172393443121,-164.8276065568789,-0.05494253551895967,False,False,,,False,False,,,False,False,False,,,10,131,A_ETF_sector_momentum,B_ETF_trend_following,A_ETF_sector_momentum,0,4541,deterministic_stratified_sample
current_no_cash_proxy_alpha_AB,stress,90,2013-06-10,2013-10-15,2965.703803053505,-0.011432065648831702,3135.781189498558,2900.1558463276315,-174.95116328845506,-0.05579189130745166,False,False,,,False,False,,,False,False,False,,,18,115,,A_ETF_sector_momentum,B_ETF_trend_following,0,4541,deterministic_stratified_sample
current_no_cash_proxy_alpha_AB,stress,90,2013-07-25,2013-11-29,3010.493441772498,0.0034978139241659267,3041.01339272187,2889.2791490591567,-151.7342436627132,-0.04989594719505752,False,False,,,False,False,,,False,False,False,,,15,151,,B_ETF_trend_following,A_ETF_sector_momentum,0,4541,deterministic_stratified_sample
current_no_cash_proxy_alpha_AB,stress,90,2013-08-27,2014-01-03,3105.1428661641853,0.035047622054728444,3147.4306834625886,2990.276765454845,-101.4407347636834,-0.03227422657244261,False,False,,,False,False,,,False,False,False,,,15,175,,A_ETF_sector_momentum,B_ETF_trend_following,0,4541,deterministic_stratified_sample
current_no_cash_proxy_alpha_AB,stress,90,2013-09-25,2014-02-03,2896.3213651707365,-0.03455954494308788,3092.136996745242,2896.3213651707365,-195.81563157450546,-0.06332695859873594,False,False,,,False,False,,,False,False,False,,,19,170,,B_ETF_trend_following,A_ETF_sector_momentum,0,4541,deterministic_stratified_sample
current_no_cash_proxy_alpha_AB,stress,90,2013-11-08,2014-03-20,2954.044575063706,-0.015318474978764707,3084.000179442782,2892.11128463951,-191.88889480327225,-0.06222077938981918,False,False,,,False,False,,,False,False,False,,,18,182,,B_ETF_trend_following,A_ETF_sector_momentum,0,4541,deterministic_stratified_sample
current_no_cash_proxy_alpha_AB,stress,90,2013-11-13,2014-03-25,2899.321470312995,-0.03355950989566825,3039.9549511568302,2850.8061325143562,-189.148818642474,-0.06222092816556213,False,False,,,False,False,,,False,False,False,,,19,186,A_ETF_sector_momentum,B_ETF_trend_following,A_ETF_sector_momentum,0,4541,deterministic_stratified_sample
current_no_cash_proxy_alpha_AB,stress,90,2013-11-22,2014-04-03,2847.540586169931,-0.050819804610023,3000.0,2788.793394382664,-211.2066056173362,-0.07040220187244539,False,False,,,False,False,,,False,False,False,,,19,185,A_ETF_sector_momentum,B_ETF_trend_following,A_ETF_sector_momentum,0,4541,deterministic_stratified_sample
current_no_cash_proxy_alpha_AB,stress,90,2014-01-28,2014-06-05,3076.231942497541,0.025410647499180206,3076.231942497541,2934.629390723946,-131.0841251843567,-0.04275811308008648,False,False,,,False,False,,,False,False,False,,,14,188,,B_ETF_trend_following,A_ETF_sector_momentum,0,4541,deterministic_stratified_sample
current_no_cash_proxy_alpha_AB,stress,90,2014-02-04,2014-06-12,3183.1177135989024,0.06103923786630072,3197.4747170233404,3000.0,-109.9530876090248,-0.03494621061306169,False,False,,,False,False,,,False,False,False,,,16,203,,A_ETF_sector_momentum,B_ETF_trend_following,0,4541,deterministic_stratified_sample
current_no_cash_proxy_alpha_AB,stress,90,2014-02-13,2014-06-23,3071.389681519964,0.023796560506654796,3073.2361278651924,2895.901635929051,-177.3344919361416,-0.05770285280985754,False,False,,,False,False,,,False,False,False,,,15,233,,B_ETF_trend_following,A_ETF_sector_momentum,0,4541,deterministic_stratified_sample
current_no_cash_proxy_alpha_AB,stress,90,2014-03-31,2014-08-06,3010.8677448750977,0.003622581625032595,3180.8119040183137,2966.64910394942,-176.5776690727248,-0.05551339544776435,False,False,,,False,False,,,False,False,False,,,16,205,,A_ETF_sector_momentum,B_ETF_trend_following,0,4541,deterministic_stratified_sample
current_no_cash_proxy_alpha_AB,stress,90,2014-04-23,2014-08-28,3142.9174456206124,0.047639148540204124,3215.282397752055,2983.229569398821,-185.19650805086576,-0.05759883118831022,False,False,,,False,False,,,False,False,False,,,15,216,,B_ETF_trend_following,A_ETF_sector_momentum,0,4541,deterministic_stratified_sample
current_no_cash_proxy_alpha_AB,stress,90,2014-05-30,2014-10-06,2981.507343417834,-0.006164218860722048,3193.6919672088593,2981.179453709875,-212.5125134989844,-0.06654133074853508,False,False,,,False,False,,,False,False,False,,,21,198,B_ETF_trend_following,A_ETF_sector_momentum,B_ETF_trend_following,0,4541,deterministic_stratified_sample
current_no_cash_proxy_alpha_AB,stress,90,2014-07-11,2014-11-14,2974.1462033878433,-0.00861793220405227,3039.1202868551372,2877.0546580580126,-162.06562879712465,-0.05332649368901066,False,False,,,False,False,,,False,False,False,,,22,171,,B_ETF_trend_following,A_ETF_sector_momentum,0,4541,deterministic_stratified_sample
current_no_cash_proxy_alpha_AB,stress,90,2014-07-31,2014-12-05,3146.0948724690093,0.04869829082300314,3174.820414284367,2953.5024476425942,-141.3882952631625,-0.04531613538521517,False,False,,,False,False,,,False,False,False,,,18,206,,B_ETF_trend_following,A_ETF_sector_momentum,0,4541,deterministic_stratified_sample
current_no_cash_proxy_alpha_AB,stress,90,2014-08-08,2014-12-15,3148.4496505551647,0.049483216851721634,3183.9716756990465,2987.2406416044078,-116.64102690516575,-0.03757908301999624,False,False,,,False,False,,,False,False,False,,,21,212,,B_ETF_trend_following,A_ETF_sector_momentum,0,4541,deterministic_stratified_sample
current_no_cash_proxy_alpha_AB,stress,90,2014-09-29,2015-02-05,3082.7861588493743,0.027595386283124856,3168.540170118298,2988.21351709264,-116.67780064792714,-0.036823835073415245,False,False,,,False,False,,,False,False,False,,,21,166,,B_ETF_trend_following,A_ETF_sector_momentum,0,4541,deterministic_stratified_sample
current_no_cash_proxy_alpha_AB,stress,90,2014-10-01,2015-02-09,3045.4889425956158,0.015162980865205178,3168.540170118298,2988.21351709264,-123.05122752268244,-0.03883530613976349,False,False,,,False,False,,,False,False,False,,,22,169,,B_ETF_trend_following,A_ETF_sector_momentum,0,4541,deterministic_stratified_sample
current_no_cash_proxy_alpha_AB,stress,90,2014-10-15,2015-02-24,3023.6686568997566,0.007889552299918945,3090.5777015956123,2940.1180771214363,-150.45962447417605,-0.04868333334460295,False,False,,,False,False,,,False,False,False,,,24,206,,B_ETF_trend_following,A_ETF_sector_momentum,0,4541,deterministic_stratified_sample
current_no_cash_proxy_alpha_AB,stress,90,2014-12-08,2015-04-17,2870.9585031347597,-0.04301383228841349,3019.169110203683,2870.9585031347597,-148.2106070689233,-0.04908986600585763,False,False,,,False,False,,,False,False,False,,,25,118,,A_ETF_sector_momentum,B_ETF_trend_following,0,4541,deterministic_stratified_sample
current_no_cash_proxy_alpha_AB,stress,90,2014-12-15,2015-04-24,3017.023941622204,0.0056746472074014065,3101.6250581338254,2955.586156395747,-124.93800321902927,-0.040281465643755676,False,False,,,False,False,,,False,False,False,,,18,130,,A_ETF_sector_momentum,B_ETF_trend_following,0,4541,deterministic_stratified_sample
current_no_cash_proxy_alpha_AB,stress,90,2015-02-10,2015-06-18,2951.041030702435,-0.016319656432521645,3152.7229113100725,2923.7908226226473,-228.93208868742522,-0.07261408475389786,False,False,,,False,False,,,False,False,False,,,17,127,,B_ETF_trend_following,A_ETF_sector_momentum,0,4541,deterministic_stratified_sample
current_no_cash_proxy_alpha_AB,stress,90,2015-03-06,2015-07-14,2881.95264848555,-0.03934911717148326,3072.5056006020923,2808.612260777665,-263.89333982442713,-0.08588864403459973,False,False,,,False,False,,,False,False,False,,,19,82,,A_ETF_sector_momentum,B_ETF_trend_following,0,4541,deterministic_stratified_sample
current_no_cash_proxy_alpha_AB,stress,90,2015-04-14,2015-08-19,2828.94100229474,-0.057019665901753336,3007.163261385648,2809.522024208094,-197.6412371775541,-0.06572348090156055,False,False,,,False,False,,,False,False,False,,,18,101,B_ETF_trend_following,A_ETF_sector_momentum,B_ETF_trend_following,0,4541,deterministic_stratified_sample
current_no_cash_proxy_alpha_AB,stress,90,2015-05-26,2015-09-30,2901.8024288075903,-0.032732523730803265,3000.0,2896.8046217536926,-103.19537824630743,-0.034398459415435845,False,False,,,False,False,,,False,False,False,,,11,53,,A_ETF_sector_momentum,B_ETF_trend_following,0,4541,deterministic_stratified_sample
current_no_cash_proxy_alpha_AB,stress,90,2015-06-12,2015-10-19,2999.2254165015156,-0.00025819449949482376,3094.1219896973744,2994.059816737034,-94.89657319585876,-0.030669952093627773,False,False,,,False,False,,,False,False,False,,,8,46,,B_ETF_trend_following,A_ETF_sector_momentum,0,4541,deterministic_stratified_sample
current_no_cash_proxy_alpha_AB,stress,90,2015-07-08,2015-11-11,2885.450617108435,-0.038183127630521674,3043.113274641054,2883.686443420956,-159.42683122009794,-0.0523893844335791,False,False,,,False,False,,,False,False,False,,,10,34,,B_ETF_trend_following,A_ETF_sector_momentum,0,4541,deterministic_stratified_sample
current_no_cash_proxy_alpha_AB,stress,90,2015-07-31,2015-12-07,2766.1065491351264,-0.07796448362162456,3000.0,2766.1065491351264,-233.89345086487356,-0.07796448362162456,False,False,,,False,False,,,False,False,False,,,13,21,A_ETF_sector_momentum,B_ETF_trend_following,A_ETF_sector_momentum,0,4541,deterministic_stratified_sample
current_no_cash_proxy_alpha_AB,stress,90,2015-08-11,2015-12-16,2745.0320571696484,-0.08498931427678391,3021.193568309304,2745.0320571696484,-276.16151113965543,-0.09140808256592403,False,False,,,False,False,,,False,False,False,,,11,21,"A_ETF_sector_momentum,B_ETF_trend_following",B_ETF_trend_following,A_ETF_sector_momentum,0,4541,deterministic_stratified_sample
current_no_cash_proxy_alpha_AB,stress,90,2015-08-13,2015-12-18,2745.0320571696484,-0.08498931427678391,3021.193568309304,2745.0320571696484,-276.16151113965543,-0.09140808256592403,False,False,,,False,False,,,False,False,False,,,11,24,"A_ETF_sector_momentum,B_ETF_trend_following",B_ETF_trend_following,A_ETF_sector_momentum,0,4541,deterministic_stratified_sample
current_no_cash_proxy_alpha_AB,stress,90,2015-09-02,2016-01-11,2750.1907791582653,-0.08326974028057821,3000.0,2750.1907791582653,-249.8092208417347,-0.08326974028057821,False,False,,,False,False,,,False,False,False,,,12,26,"A_ETF_sector_momentum,B_ETF_trend_following",B_ETF_trend_following,A_ETF_sector_momentum,0,4541,deterministic_stratified_sample
current_no_cash_proxy_alpha_AB,stress,90,2015-09-03,2016-01-12,2750.1907791582653,-0.08326974028057821,3000.0,2750.1907791582653,-249.8092208417347,-0.08326974028057821,False,False,,,False,False,,,False,False,False,,,12,26,"A_ETF_sector_momentum,B_ETF_trend_following",B_ETF_trend_following,A_ETF_sector_momentum,0,4541,deterministic_stratified_sample
current_no_cash_proxy_alpha_AB,stress,90,2015-09-21,2016-01-28,2750.1907791582653,-0.08326974028057821,3000.0,2750.1907791582653,-249.8092208417347,-0.08326974028057821,False,False,,,False,False,,,False,False,False,,,12,25,"A_ETF_sector_momentum,B_ETF_trend_following",B_ETF_trend_following,A_ETF_sector_momentum,0,4541,deterministic_stratified_sample
current_no_cash_proxy_alpha_AB,stress,90,2015-10-07,2016-02-16,2750.1907791582653,-0.08326974028057821,3000.0,2750.1907791582653,-249.8092208417347,-0.08326974028057821,False,False,,,False,False,,,False,False,False,,,12,26,"A_ETF_sector_momentum,B_ETF_trend_following",B_ETF_trend_following,A_ETF_sector_momentum,0,4541,deterministic_stratified_sample
current_no_cash_proxy_alpha_AB,stress,90,2015-10-28,2016-03-08,2740.3122014411147,-0.08656259951962841,3027.7316529394425,2740.3122014411147,-287.4194514983278,-0.09492897140315903,False,False,,,False,False,,,False,False,False,,,12,24,"A_ETF_sector_momentum,B_ETF_trend_following",B_ETF_trend_following,A_ETF_sector_momentum,0,4541,deterministic_stratified_sample
current_no_cash_proxy_alpha_AB,stress,90,2015-11-13,2016-03-24,2800.597171848673,-0.0664676093837756,3005.62620831813,2772.4463525264327,-233.17985579169726,-0.07758112274452733,False,False,,,False,False,,,False,False,False,,,11,32,B_ETF_trend_following,A_ETF_sector_momentum,B_ETF_trend_following,0,4541,deterministic_stratified_sample
current_no_cash_proxy_alpha_AB,stress,90,2015-12-11,2016-04-21,2874.1142183887123,-0.04196192720376257,3000.0,2874.1142183887123,-125.88578161128771,-0.04196192720376257,False,False,,,False,False,,,False,False,False,,,11,36,B_ETF_trend_following,A_ETF_sector_momentum,B_ETF_trend_following,0,4541,deterministic_stratified_sample
current_no_cash_proxy_alpha_AB,stress,90,2015-12-30,2016-05-09,2914.696641594035,-0.028434452801988308,3107.116530438268,2914.696641594035,-192.4198888442329,-0.061928764807894554,False,False,,,False,False,,,False,False,False,,,13,38,,A_ETF_sector_momentum,B_ETF_trend_following,0,4541,deterministic_stratified_sample
current_no_cash_proxy_alpha_AB,stress,90,2016-01-07,2016-05-16,2932.0442707393545,-0.02265190975354847,3107.116530438268,2914.696641594035,-192.4198888442329,-0.061928764807894554,False,False,,,False,False,,,False,False,False,,,14,43,,A_ETF_sector_momentum,B_ETF_trend_following,0,4541,deterministic_stratified_sample
current_no_cash_proxy_alpha_AB,stress,90,2016-01-19,2016-05-25,2855.5924411429055,-0.04813585295236489,3107.116530438268,2855.5924411429055,-251.5240892953625,-0.0809509675068042,False,False,,,False,False,,,False,False,False,,,17,42,,A_ETF_sector_momentum,B_ETF_trend_following,0,4541,deterministic_stratified_sample
current_no_cash_proxy_alpha_AB,stress,90,2016-01-26,2016-06-02,2905.633754515393,-0.031455415161535716,3107.116530438268,2855.5924411429055,-251.5240892953625,-0.0809509675068042,False,False,,,False,False,,,False,False,False,,,17,58,,A_ETF_sector_momentum,B_ETF_trend_following,0,4541,deterministic_stratified_sample
current_no_cash_proxy_alpha_AB,stress,90,2016-02-09,2016-06-16,2900.242801218945,-0.03325239959368509,3107.116530438268,2855.5924411429055,-251.5240892953625,-0.0809509675068042,False,False,,,False,False,,,False,False,False,,,17,96,B_ETF_trend_following,A_ETF_sector_momentum,B_ETF_trend_following,0,4541,deterministic_stratified_sample
current_no_cash_proxy_alpha_AB,stress,90,2016-02-11,2016-06-20,2898.2017615876857,-0.03393274613743813,3107.116530438268,2855.5924411429055,-251.5240892953625,-0.0809509675068042,False,False,,,False,False,,,False,False,False,,,18,100,B_ETF_trend_following,A_ETF_sector_momentum,B_ETF_trend_following,0,4541,deterministic_stratified_sample
current_no_cash_proxy_alpha_AB,stress,90,2016-03-01,2016-07-07,2925.912636984832,-0.024695787671722758,3107.116530438268,2855.5924411429055,-251.5240892953625,-0.0809509675068042,False,False,,,False,False,,,False,False,False,,,19,122,B_ETF_trend_following,A_ETF_sector_momentum,B_ETF_trend_following,0,4541,deterministic_stratified_sample
current_no_cash_proxy_alpha_AB,stress,90,2016-04-07,2016-08-12,2820.783465491241,-0.059738844836253024,3000.0,2804.7999209750906,-195.20007902490943,-0.06506669300830314,False,False,,,False,False,,,False,False,False,,,19,201,B_ETF_trend_following,A_ETF_sector_momentum,B_ETF_trend_following,0,4541,deterministic_stratified_sample
current_no_cash_proxy_alpha_AB,stress,90,2016-05-10,2016-09-15,2821.9462056980933,-0.059351264767302236,3000.0,2779.4992436955235,-220.50075630447645,-0.07350025210149214,False,False,,,False,False,,,False,False,False,,,21,210,B_ETF_trend_following,A_ETF_sector_momentum,B_ETF_trend_following,0,4541,deterministic_stratified_sample
current_no_cash_proxy_alpha_AB,stress,90,2016-06-13,2016-10-18,2827.9955836180093,-0.05733480546066361,3001.475802312574,2791.480161848892,-209.99564046368232,-0.06996412908006289,False,False,,,False,False,,,False,False,False,,,21,161,B_ETF_trend_following,A_ETF_sector_momentum,B_ETF_trend_following,0,4541,deterministic_stratified_sample
current_no_cash_proxy_alpha_AB,stress,90,2016-06-23,2016-10-28,2901.1746246307703,-0.03294179178974321,3078.7771494630856,2901.1746246307703,-177.60252483231534,-0.05768606047478553,False,False,,,False,False,,,False,False,False,,,22,140,,A_ETF_sector_momentum,B_ETF_trend_following,0,4541,deterministic_stratified_sample
current_no_cash_proxy_alpha_AB,stress,90,2016-07-13,2016-11-16,3040.7703743604434,0.013590124786814428,3075.001883807028,2891.4224820482027,-153.14827593165046,-0.05030209119963702,False,False,,,False,False,,,False,False,False,,,19,136,,B_ETF_trend_following,A_ETF_sector_momentum,0,4541,deterministic_stratified_sample
current_no_cash_proxy_alpha_AB,stress,90,2016-09-12,2017-01-19,3133.592357496169,0.044530785832056274,3238.700072381198,2875.558559560245,-152.41252120643458,-0.05033486686003752,False,False,,,False,False,,,False,False,False,,,15,133,,B_ETF_trend_following,A_ETF_sector_momentum,0,4541,deterministic_stratified_sample
current_no_cash_proxy_alpha_AB,stress,90,2016-09-13,2017-01-20,3136.9617144964045,0.04565390483213494,3238.700072381198,2875.558559560245,-152.41252120643458,-0.05033486686003752,False,False,,,False,False,,,False,False,False,,,16,133,,B_ETF_trend_following,A_ETF_sector_momentum,0,4541,deterministic_stratified_sample
current_no_cash_proxy_alpha_AB,stress,90,2016-11-10,2017-03-22,3157.2016371968903,0.05240054573229669,3208.8511934887033,3000.0,-131.13904129671573,-0.040970027013325305,False,False,,,False,False,,,False,False,False,,,15,202,,B_ETF_trend_following,A_ETF_sector_momentum,0,4541,deterministic_stratified_sample
current_no_cash_proxy_alpha_AB,stress,90,2016-11-18,2017-03-30,3085.8869385081953,0.02862897950273169,3129.6596704529443,2975.793228988582,-107.83279432753807,-0.03475957038223665,False,False,,,False,False,,,False,False,False,,,16,187,,A_ETF_sector_momentum,B_ETF_trend_following,0,4541,deterministic_stratified_sample
current_no_cash_proxy_alpha_AB,stress,90,2016-11-29,2017-04-07,2982.416235345927,-0.005861254884691025,3039.7421163071567,2908.198493336998,-124.60590605679636,-0.0410860344576468,False,False,,,False,False,,,False,False,False,,,19,168,,A_ETF_sector_momentum,B_ETF_trend_following,0,4541,deterministic_stratified_sample
current_no_cash_proxy_alpha_AB,stress,90,2017-01-13,2017-05-23,3082.106783973885,0.027368927991294978,3167.05990633485,2976.891248414071,-114.00491050176424,-0.03599708053318729,False,False,,,False,False,,,False,False,False,,,20,173,,A_ETF_sector_momentum,B_ETF_trend_following,0,4541,deterministic_stratified_sample
current_no_cash_proxy_alpha_AB,stress,90,2017-01-26,2017-06-05,3039.6185634895182,0.01320618782983951,3079.5868707862364,2924.6790950506866,-106.04807980058376,-0.03443581371468474,False,False,,,False,False,,,False,False,False,,,21,189,B_ETF_trend_following,A_ETF_sector_momentum,B_ETF_trend_following,0,4541,deterministic_stratified_sample
current_no_cash_proxy_alpha_AB,stress,90,2017-02-02,2017-06-12,3112.2871629446427,0.03742905431488097,3159.281538079249,2995.1491495082255,-111.80652881265951,-0.035451488289719446,False,False,,,False,False,,,False,False,False,,,23,180,,A_ETF_sector_momentum,B_ETF_trend_following,0,4541,deterministic_stratified_sample
current_no_cash_proxy_alpha_AB,stress,90,2017-02-16,2017-06-26,3070.73320533609,0.023577735112030096,3081.9087256472963,2939.6185112505777,-112.75969329732561,-0.036941586442112206,False,False,,,False,False,,,False,False,False,,,20,177,,A_ETF_sector_momentum,B_ETF_trend_following,0,4541,deterministic_stratified_sample
current_no_cash_proxy_alpha_AB,stress,90,2017-02-17,2017-06-27,3016.875079610225,0.005625026536741684,3061.7738189800925,2948.095467984288,-106.60004549855421,-0.03489711004846208,False,False,,,False,False,,,False,False,False,,,19,178,,A_ETF_sector_momentum,B_ETF_trend_following,0,4541,deterministic_stratified_sample
current_no_cash_proxy_alpha_AB,stress,90,2017-03-17,2017-07-25,3007.467070223014,0.0024890234076713202,3012.4238009684195,2900.5777305396523,-99.4222694603477,-0.03314075648678261,False,False,,,False,False,,,False,False,False,,,21,177,,A_ETF_sector_momentum,B_ETF_trend_following,0,4541,deterministic_stratified_sample
current_no_cash_proxy_alpha_AB,stress,90,2017-05-08,2017-09-13,3031.78204012649,0.010594013375496703,3107.5053241772735,2986.1658325488143,-81.77188303289904,-0.026314317918199714,False,False,,,False,False,,,False,False,False,,,19,184,,A_ETF_sector_momentum,B_ETF_trend_following,0,4541,deterministic_stratified_sample
current_no_cash_proxy_alpha_AB,stress,90,2017-05-17,2017-09-22,3017.3627790572627,0.0057875930190876,3121.9016274707938,3000.0,-104.53884841353101,-0.03348563180007147,False,False,,,False,False,,,False,False,False,,,18,204,,A_ETF_sector_momentum,B_ETF_trend_following,0,4541,deterministic_stratified_sample
current_no_cash_proxy_alpha_AB,stress,90,2017-07-19,2017-11-22,2895.2904454614472,-0.034903184846184265,3000.0,2852.2278298890915,-147.77217011090852,-0.049257390036969495,False,False,,,False,False,,,False,False,False,,,19,239,B_ETF_trend_following,A_ETF_sector_momentum,B_ETF_trend_following,0,4541,deterministic_stratified_sample
current_no_cash_proxy_alpha_AB,stress,90,2017-07-21,2017-11-27,2991.158955077934,-0.0029470149740219442,3001.221763338871,2864.8360879312245,-135.16391206877552,-0.045054637356258476,False,False,,,False,False,,,False,False,False,,,20,229,,B_ETF_trend_following,A_ETF_sector_momentum,0,4541,deterministic_stratified_sample
current_no_cash_proxy_alpha_AB,stress,90,2017-07-26,2017-11-30,2917.249300591444,-0.02758356646951865,3000.0,2884.821037737709,-115.17896226229095,-0.03839298742076369,False,False,,,False,False,,,False,False,False,,,18,246,B_ETF_trend_following,A_ETF_sector_momentum,B_ETF_trend_following,0,4541,deterministic_stratified_sample
current_no_cash_proxy_alpha_AB,stress,90,2017-08-09,2017-12-14,3013.8382180894846,0.004612739363161422,3078.6913282539435,2924.771337482596,-104.57711790280973,-0.03452132346046177,False,False,,,False,False,,,False,False,False,,,20,230,,B_ETF_trend_following,A_ETF_sector_momentum,0,4541,deterministic_stratified_sample
current_no_cash_proxy_alpha_AB,stress,90,2017-08-16,2017-12-21,3108.6259159004294,0.036208638633476564,3116.594852474591,2958.4342386670523,-110.49453009125136,-0.036004266770895965,False,False,,,False,False,,,False,False,False,,,18,248,,B_ETF_trend_following,A_ETF_sector_momentum,0,4541,deterministic_stratified_sample
current_no_cash_proxy_alpha_AB,stress,90,2017-09-18,2018-01-25,3293.157150588832,0.09771905019627725,3296.4155974797354,2939.471539092217,-94.1788890707926,-0.030137311983036708,False,False,,,False,False,,,False,False,False,,,16,264,,B_ETF_trend_following,A_ETF_sector_momentum,0,4541,deterministic_stratified_sample
current_no_cash_proxy_alpha_AB,stress,90,2017-10-11,2018-02-20,3201.473886240672,0.06715796208022407,3290.5391842607837,2975.379247985432,-110.34518989213848,-0.035049076538535284,False,False,,,False,False,,,False,False,False,,,18,217,,B_ETF_trend_following,A_ETF_sector_momentum,0,4541,deterministic_stratified_sample
current_no_cash_proxy_alpha_AB,stress,90,2017-10-27,2018-03-08,3093.5918391545206,0.031197279718173432,3256.836809516202,2968.5926276369623,-204.37163928884593,-0.06275157499193362,False,False,,,False,False,,,False,False,False,,,17,191,,B_ETF_trend_following,A_ETF_sector_momentum,0,4541,deterministic_stratified_sample
current_no_cash_proxy_alpha_AB,stress,90,2017-11-16,2018-03-28,2960.086593414553,-0.013304468861815577,3237.876318880073,2926.7591817350512,-277.78972546551995,-0.08579380374899648,False,False,,,False,False,,,False,False,False,,,18,167,,B_ETF_trend_following,A_ETF_sector_momentum,0,4541,deterministic_stratified_sample
current_no_cash_proxy_alpha_AB,stress,90,2017-12-14,2018-04-25,2943.231528345949,-0.018922823884683693,3255.227376007929,2914.501323501775,-340.7260525061538,-0.10467043101732743,False,False,,,False,False,,,False,False,False,,,19,128,A_ETF_sector_momentum,B_ETF_trend_following,A_ETF_sector_momentum,0,4541,deterministic_stratified_sample
current_no_cash_proxy_alpha_AB,stress,90,2017-12-29,2018-05-09,2969.5306724703505,-0.010156442509883123,3216.9880721951085,2906.9839998360785,-310.00407235903003,-0.09636469436689554,False,False,,,False,False,,,False,False,False,,,22,98,,B_ETF_trend_following,A_ETF_sector_momentum,0,4541,deterministic_stratified_sample
current_no_cash_proxy_alpha_AB,stress,90,2018-01-22,2018-05-30,2803.6381196030115,-0.06545396013232951,3032.451346856869,2728.7882750285607,-303.66307182830815,-0.10013782154924078,False,False,,,False,False,,,False,False,False,,,19,82,A_ETF_sector_momentum,B_ETF_trend_following,A_ETF_sector_momentum,0,4541,deterministic_stratified_sample
current_no_cash_proxy_alpha_AB,stress,90,2018-03-21,2018-07-27,2977.7754644669767,-0.007408178511007724,3032.566236860475,2889.7986034945916,-130.1360663697351,-0.0430923449001569,False,False,,,False,False,,,False,False,False,,,15,119,A_ETF_sector_momentum,B_ETF_trend_following,A_ETF_sector_momentum,0,4541,deterministic_stratified_sample
current_no_cash_proxy_alpha_AB,stress,90,2018-03-22,2018-07-30,2972.2271775854174,-0.009257607471527485,3032.566236860475,2889.7986034945916,-130.1360663697351,-0.0430923449001569,False,False,,,False,False,,,False,False,False,,,15,121,A_ETF_sector_momentum,B_ETF_trend_following,A_ETF_sector_momentum,0,4541,deterministic_stratified_sample
current_no_cash_proxy_alpha_AB,stress,90,2018-04-17,2018-08-22,3116.5217374862996,0.03884057916209982,3152.458795226136,2904.9261233767365,-95.07387662326346,-0.03169129220775446,False,False,,,False,False,,,False,False,False,,,14,127,,A_ETF_sector_momentum,B_ETF_trend_following,0,4541,deterministic_stratified_sample
current_no_cash_proxy_alpha_AB,stress,90,2018-05-09,2018-09-14,3222.6918838024794,0.0742306279341598,3236.4937298833693,2998.945943449998,-79.67949359418071,-0.02588151602836164,False,False,,,False,False,,,False,False,False,,,11,148,,A_ETF_sector_momentum,B_ETF_trend_following,0,4541,deterministic_stratified_sample
current_no_cash_proxy_alpha_AB,stress,90,2018-05-23,2018-09-28,3156.142899081517,0.05204763302717241,3203.485779606018,2997.6113704148893,-80.15771113481651,-0.025443160540141396,False,False,,,False,False,,,False,False,False,,,13,123,,A_ETF_sector_momentum,B_ETF_trend_following,0,4541,deterministic_stratified_sample
current_no_cash_proxy_alpha_AB,stress,90,2018-06-08,2018-10-15,2997.505914712021,-0.0008313617626596326,3123.919706034865,2994.046116165514,-126.41379132284419,-0.04046640221854447,False,False,,,False,False,,,False,False,False,,,16,109,,A_ETF_sector_momentum,B_ETF_trend_following,0,4541,deterministic_stratified_sample
current_no_cash_proxy_alpha_AB,stress,90,2018-07-25,2018-11-29,2903.1525660654706,-0.032282477978176405,3116.548112713068,2903.1525660654706,-213.39554664759726,-0.06847176392917254,False,False,,,False,False,,,False,False,False,,,14,88,B_ETF_trend_following,A_ETF_sector_momentum,B_ETF_trend_following,0,4541,deterministic_stratified_sample
current_no_cash_proxy_alpha_AB,stress,90,2018-08-24,2019-01-03,2797.7416910829706,-0.06741943630567648,3038.7469746500756,2797.7416910829706,-241.00528356710493,-0.07931074405918825,False,False,,,False,False,,,False,False,False,,,15,59,B_ETF_trend_following,A_ETF_sector_momentum,B_ETF_trend_following,0,4541,deterministic_stratified_sample
current_no_cash_proxy_alpha_AB,stress,90,2018-09-13,2019-01-23,2796.3995898207904,-0.06786680339306983,3020.371715356688,2796.3995898207904,-223.9721255358977,-0.07415382828449246,False,False,,,False,False,,,False,False,False,,,14,33,B_ETF_trend_following,A_ETF_sector_momentum,B_ETF_trend_following,0,4541,deterministic_stratified_sample
current_no_cash_proxy_alpha_AB,stress,90,2018-09-24,2019-02-01,2780.978920065913,-0.07300702664469572,3017.8825225421374,2780.978920065913,-236.90360247622448,-0.07849994183228404,False,False,,,False,False,,,False,False,False,,,13,20,B_ETF_trend_following,A_ETF_sector_momentum,B_ETF_trend_following,0,4541,deterministic_stratified_sample
current_no_cash_proxy_alpha_AB,stress,90,2018-10-25,2019-03-07,2872.0281617955948,-0.04265727940146846,3008.371250621869,2864.5407001656504,-143.8305504562186,-0.04781010669028529,False,False,,,False,False,,,False,False,False,,,9,30,,B_ETF_trend_following,A_ETF_sector_momentum,0,4541,deterministic_stratified_sample
current_no_cash_proxy_alpha_AB,stress,90,2018-11-12,2019-03-25,2993.968097545204,-0.0020106341515987447,3030.109069613884,2934.9176299129367,-95.19143970094729,-0.031415185893977515,False,False,,,False,False,,,False,False,False,,,9,43,,B_ETF_trend_following,A_ETF_sector_momentum,0,4541,deterministic_stratified_sample
current_no_cash_proxy_alpha_AB,stress,90,2018-11-16,2019-03-29,2991.5267492056764,-0.002824416931441198,3030.109069613884,2934.9176299129367,-95.19143970094729,-0.031415185893977515,False,False,,,False,False,,,False,False,False,,,9,51,,B_ETF_trend_following,A_ETF_sector_momentum,0,4541,deterministic_stratified_sample
current_no_cash_proxy_alpha_AB,stress,90,2018-11-23,2019-04-04,2983.179847725974,-0.005606717424675334,3030.109069613884,2934.9176299129367,-95.19143970094729,-0.031415185893977515,False,False,,,False,False,,,False,False,False,,,11,59,,B_ETF_trend_following,A_ETF_sector_momentum,0,4541,deterministic_stratified_sample
current_no_cash_proxy_alpha_AB,stress,90,2018-12-11,2019-04-22,3088.3132438332696,0.02943774794442322,3099.133242007998,2990.816214557346,-61.49145624349694,-0.02012146572886897,False,False,,,False,False,,,False,False,False,,,9,95,,B_ETF_trend_following,A_ETF_sector_momentum,0,4541,deterministic_stratified_sample
current_no_cash_proxy_alpha_AB,stress,90,2018-12-28,2019-05-08,2991.0534172441658,-0.002982194251944792,3121.2363893622196,2990.816214557346,-130.18297211805384,-0.04170878327631411,False,False,,,False,False,,,False,False,False,,,15,127,,B_ETF_trend_following,A_ETF_sector_momentum,0,4541,deterministic_stratified_sample
current_no_cash_proxy_alpha_AB,stress,90,2019-01-16,2019-05-24,3043.74621297899,0.014582070992996687,3121.2363893622196,2990.816214557346,-130.18297211805384,-0.04170878327631411,False,False,,,False,False,,,False,False,False,,,16,132,,B_ETF_trend_following,A_ETF_sector_momentum,0,4541,deterministic_stratified_sample
current_no_cash_proxy_alpha_AB,stress,90,2019-02-04,2019-06-12,3104.8283340991215,0.03494277803304047,3125.9639108517217,2990.816214557346,-130.18297211805384,-0.04170878327631411,False,False,,,False,False,,,False,False,False,,,16,152,,B_ETF_trend_following,A_ETF_sector_momentum,0,4541,deterministic_stratified_sample
current_no_cash_proxy_alpha_AB,stress,90,2019-02-07,2019-06-17,3148.9162539425297,0.0496387513141765,3154.8080166756436,2998.0811204867223,-131.3842052516834,-0.041708783276314,False,False,,,False,False,,,False,False,False,,,15,155,,B_ETF_trend_following,A_ETF_sector_momentum,0,4541,deterministic_stratified_sample
current_no_cash_proxy_alpha_AB,stress,90,2019-03-04,2019-07-10,3145.963610443196,0.048654536814398686,3173.1696932044547,2996.9512197544127,-130.43966879064465,-0.04170878327631389,False,False,,,False,False,,,False,False,False,,,15,200,,B_ETF_trend_following,A_ETF_sector_momentum,0,4541,deterministic_stratified_sample
current_no_cash_proxy_alpha_AB,stress,90,2019-04-23,2019-08-28,3101.103477898078,0.03370115929935924,3101.103477898078,2886.9359009850377,-113.06409901496227,-0.037688033004987465,False,False,,,False,False,,,False,False,False,,,17,187,,B_ETF_trend_following,A_ETF_sector_momentum,0,4541,deterministic_stratified_sample
current_no_cash_proxy_alpha_AB,stress,90,2019-05-03,2019-09-10,3139.090257312814,0.04636341910427144,3203.07026449101,2953.244297534803,-91.32443485198064,-0.029995852575279813,False,False,,,False,False,,,False,False,False,,,15,192,,B_ETF_trend_following,A_ETF_sector_momentum,0,4541,deterministic_stratified_sample
current_no_cash_proxy_alpha_AB,stress,90,2019-07-08,2019-11-11,2786.8249464331816,-0.07105835118893944,3056.9905041635934,2781.935155342707,-275.0553488208866,-0.08997585973730171,False,False,,,False,False,,,False,False,False,,,24,180,B_ETF_trend_following,B_ETF_trend_following,A_ETF_sector_momentum,0,4541,deterministic_stratified_sample
current_no_cash_proxy_alpha_AB,stress,90,2019-07-11,2019-11-14,2904.160474131153,-0.03194650862294901,3085.6528220180335,2837.246414637757,-248.4064073802765,-0.08050368000176289,False,False,,,False,False,,,False,False,False,,,23,186,,B_ETF_trend_following,A_ETF_sector_momentum,0,4541,deterministic_stratified_sample
current_no_cash_proxy_alpha_AB,stress,90,2019-09-06,2020-01-14,2759.819631131594,-0.0800601229561353,3000.0,2759.819631131594,-240.18036886840582,-0.0800601229561353,False,False,,,False,False,,,False,False,False,,,12,263,"A_ETF_sector_momentum,B_ETF_trend_following",B_ETF_trend_following,A_ETF_sector_momentum,0,4541,deterministic_stratified_sample
current_no_cash_proxy_alpha_AB,stress,90,2019-09-27,2020-02-05,2829.572824982172,-0.056809058339276075,3002.511661292442,2829.572824982172,-172.9388363102703,-0.05759805650041272,False,False,,,False,False,,,False,False,False,,,21,254,A_ETF_sector_momentum,B_ETF_trend_following,A_ETF_sector_momentum,0,4541,deterministic_stratified_sample
current_no_cash_proxy_alpha_AB,stress,90,2019-10-24,2020-03-04,3003.4050221302427,0.0011350073767475433,3217.7547407926586,2961.0870693697416,-214.34971866241585,-0.06661468506130241,False,False,,,False,False,,,False,False,False,,,21,282,B_ETF_trend_following,A_ETF_sector_momentum,B_ETF_trend_following,0,4541,deterministic_stratified_sample
current_no_cash_proxy_alpha_AB,stress,90,2019-11-06,2020-03-17,3021.745468368861,0.007248489456286977,3222.1157016163434,2964.460961928303,-200.37023324748225,-0.062185921240186515,False,False,,,False,False,,,False,False,False,,,17,250,B_ETF_trend_following,A_ETF_sector_momentum,B_ETF_trend_following,0,4541,deterministic_stratified_sample
current_no_cash_proxy_alpha_AB,stress,90,2019-12-13,2020-04-23,3146.8034503623308,0.048934483454110334,3232.1384287813053,2992.722159035432,-184.22473014966818,-0.056997784658354256,False,False,,,False,False,,,False,False,False,,,14,182,,B_ETF_trend_following,A_ETF_sector_momentum,0,4541,deterministic_stratified_sample
current_no_cash_proxy_alpha_AB,stress,90,2020-01-08,2020-05-15,2883.459110071719,-0.03884696330942705,3082.7099024785357,2883.459110071719,-199.2507924068168,-0.06463494740345721,False,False,,,False,False,,,False,False,False,,,12,126,B_ETF_trend_following,A_ETF_sector_momentum,B_ETF_trend_following,0,4541,deterministic_stratified_sample
current_no_cash_proxy_alpha_AB,stress,90,2020-03-05,2020-07-13,3098.092731875491,0.032697577291830315,3121.1398773280985,2959.85140761565,-87.26222626705203,-0.02863032119061737,False,False,,,False,False,,,False,False,False,,,8,54,,A_ETF_sector_momentum,B_ETF_trend_following,0,4541,deterministic_stratified_sample
current_no_cash_proxy_alpha_AB,stress,90,2020-03-11,2020-07-17,3110.2375062558226,0.03674583541860743,3121.1398773280985,2959.85140761565,-87.26222626705203,-0.02863032119061737,False,False,,,False,False,,,False,False,False,,,8,60,,A_ETF_sector_momentum,B_ETF_trend_following,0,4541,deterministic_stratified_sample
current_no_cash_proxy_alpha_AB,stress,90,2020-03-27,2020-08-04,3300.110485120736,0.10003682837357863,3300.110485120736,2959.85140761565,-87.26222626705203,-0.02863032119061737,True,True,2020-08-04,90,False,False,,,False,False,False,,,9,94,,A_ETF_sector_momentum,B_ETF_trend_following,0,4541,deterministic_stratified_sample
current_no_cash_proxy_alpha_AB,stress,90,2020-04-08,2020-08-14,3217.9946944401445,0.07266489814671484,3345.4651866214135,2959.85140761565,-127.47049218126904,-0.03810247157585922,True,True,2020-08-04,82,False,False,,,False,False,False,,,11,116,,A_ETF_sector_momentum,B_ETF_trend_following,0,4541,deterministic_stratified_sample
current_no_cash_proxy_alpha_AB,stress,90,2020-04-15,2020-08-20,3242.2782448941275,0.08075941496470906,3345.4651866214135,2959.85140761565,-127.47049218126904,-0.03810247157585922,True,True,2020-08-04,78,False,False,,,False,False,False,,,12,124,,A_ETF_sector_momentum,B_ETF_trend_following,0,4541,deterministic_stratified_sample
current_no_cash_proxy_alpha_AB,stress,90,2020-05-01,2020-09-08,3329.1694260937793,0.10972314203125966,3428.158307211005,2959.85140761565,-127.47049218126904,-0.03810247157585922,True,True,2020-08-04,66,True,True,2020-09-02,87,False,False,False,,,13,164,,B_ETF_trend_following,A_ETF_sector_momentum,0,4541,deterministic_stratified_sample
current_no_cash_proxy_alpha_AB,stress,90,2020-05-05,2020-09-10,3338.316984462306,0.11277232815410199,3428.158307211005,2959.85140761565,-127.47049218126904,-0.03810247157585922,True,True,2020-08-04,64,True,True,2020-09-02,85,False,False,False,,,13,163,,B_ETF_trend_following,A_ETF_sector_momentum,0,4541,deterministic_stratified_sample
current_no_cash_proxy_alpha_AB,stress,90,2020-05-19,2020-09-24,3222.0480971101333,0.0740160323700445,3428.158307211005,2959.85140761565,-206.11021010087188,-0.060122722357169645,True,True,2020-08-04,54,True,True,2020-09-02,75,False,False,False,,,16,164,,B_ETF_trend_following,A_ETF_sector_momentum,0,4541,deterministic_stratified_sample
current_no_cash_proxy_alpha_AB,stress,90,2020-05-22,2020-09-29,3220.9313212907723,0.07364377376359066,3428.158307211005,2959.85140761565,-207.2269859202329,-0.06044848789052082,True,True,2020-08-04,51,True,True,2020-09-02,72,False,False,False,,,17,164,,B_ETF_trend_following,A_ETF_sector_momentum,0,4541,deterministic_stratified_sample
current_no_cash_proxy_alpha_AB,stress,90,2020-06-04,2020-10-09,3302.9216857298347,0.10097389524327816,3406.920795939428,2943.2013094658373,-206.43475687425007,-0.06059276667666924,True,True,2020-08-05,44,True,True,2020-09-02,64,False,False,False,,,16,169,,A_ETF_sector_momentum,B_ETF_trend_following,0,4541,deterministic_stratified_sample
current_no_cash_proxy_alpha_AB,stress,90,2020-08-03,2020-12-08,3298.9434830238583,0.09964782767461955,3298.9434830238583,2973.66843422706,-233.90336268247438,-0.07292225318474188,False,False,,,False,False,,,False,False,False,,,18,181,,B_ETF_trend_following,A_ETF_sector_momentum,0,4541,deterministic_stratified_sample
current_no_cash_proxy_alpha_AB,stress,90,2020-08-05,2020-12-10,3199.5064861488336,0.06650216204961112,3254.7761329118853,2930.0571330290413,-232.1357144225235,-0.07340972724342332,False,False,,,False,False,,,False,False,False,,,18,178,,B_ETF_trend_following,A_ETF_sector_momentum,0,4541,deterministic_stratified_sample
current_no_cash_proxy_alpha_AB,stress,90,2020-08-11,2020-12-16,3227.471215239164,0.07582373841305468,3286.5975809407523,2961.477962013025,-233.30057918578586,-0.07302558727536779,False,False,,,False,False,,,False,False,False,,,17,169,,B_ETF_trend_following,A_ETF_sector_momentum,0,4541,deterministic_stratified_sample
current_no_cash_proxy_alpha_AB,stress,90,2020-09-28,2021-02-04,3180.347153493246,0.06011571783108205,3309.301569782923,2983.89611690079,-177.14852160737792,-0.05353048607745903,True,True,2020-12-07,50,False,False,,,False,False,False,,,17,191,B_ETF_trend_following,A_ETF_sector_momentum,B_ETF_trend_following,0,4541,deterministic_stratified_sample
current_no_cash_proxy_alpha_AB,stress,90,2020-10-05,2021-02-11,3299.5165439537454,0.09983884798458176,3308.911317807784,2953.0299896446286,-195.90751319571882,-0.059763578200557776,True,True,2021-02-09,88,False,False,,,False,False,False,,,14,209,,A_ETF_sector_momentum,B_ETF_trend_following,0,4541,deterministic_stratified_sample
current_no_cash_proxy_alpha_AB,stress,90,2020-10-27,2021-03-08,3390.2016796784314,0.1300672265594771,3450.4566562506543,2990.201108182463,-185.804219367526,-0.05384916777057136,True,True,2020-11-30,24,True,True,2020-12-07,29,False,False,False,,,16,209,,A_ETF_sector_momentum,B_ETF_trend_following,0,4541,deterministic_stratified_sample
current_no_cash_proxy_alpha_AB,stress,90,2020-12-04,2021-04-15,3068.533064215828,0.02284435473860924,3184.321238446062,2901.782275840429,-250.38225568361258,-0.07862971004954211,False,False,,,False,False,,,False,False,False,,,20,216,,B_ETF_trend_following,A_ETF_sector_momentum,0,4541,deterministic_stratified_sample
current_no_cash_proxy_alpha_AB,stress,90,2021-01-15,2021-05-25,2721.118090275917,-0.09296063657469433,3021.9912796895096,2721.118090275917,-300.8731894135926,-0.09956123680294193,False,False,,,False,False,,,False,False,False,,,11,246,"A_ETF_sector_momentum,B_ETF_trend_following",B_ETF_trend_following,A_ETF_sector_momentum,0,4541,deterministic_stratified_sample
current_no_cash_proxy_alpha_AB,stress,90,2021-02-08,2021-06-16,2804.0918349277736,-0.06530272169074214,3007.6449233647554,2764.37828636481,-243.2666369999456,-0.08088276482045453,False,False,,,False,False,,,False,False,False,,,13,246,B_ETF_trend_following,A_ETF_sector_momentum,B_ETF_trend_following,0,4541,deterministic_stratified_sample
current_no_cash_proxy_alpha_AB,stress,90,2021-03-02,2021-07-08,3047.125256531931,0.01570841884397689,3102.9509609611723,2846.2804372727933,-169.18213744221248,-0.056104870563084996,False,False,,,False,False,,,False,False,False,,,16,224,,B_ETF_trend_following,A_ETF_sector_momentum,0,4541,deterministic_stratified_sample
current_no_cash_proxy_alpha_AB,stress,90,2021-03-24,2021-07-30,3197.912367593619,0.06597078919787291,3250.985363320958,3000.0,-139.56722589791707,-0.043217525663751144,False,False,,,False,False,,,False,False,False,,,16,213,,B_ETF_trend_following,A_ETF_sector_momentum,0,4541,deterministic_stratified_sample
current_no_cash_proxy_alpha_AB,stress,90,2021-04-07,2021-08-12,3146.024393083332,0.04867479769444394,3177.6914009961674,2962.057268536454,-135.01368600827664,-0.042799158683293204,False,False,,,False,False,,,False,False,False,,,15,217,,B_ETF_trend_following,A_ETF_sector_momentum,0,4541,deterministic_stratified_sample
current_no_cash_proxy_alpha_AB,stress,90,2021-04-09,2021-08-16,3198.3348257204007,0.06611160857346698,3198.3348257204007,2921.9617323526354,-140.46411980528092,-0.044327100590369595,False,False,,,False,False,,,False,False,False,,,13,207,,B_ETF_trend_following,A_ETF_sector_momentum,0,4541,deterministic_stratified_sample
current_no_cash_proxy_alpha_AB,stress,90,2021-06-10,2021-10-15,3065.354066261696,0.021784688753898607,3108.476445220535,2933.6349450943494,-174.84150012618557,-0.056246686506186916,False,False,,,False,False,,,False,False,False,,,18,172,,B_ETF_trend_following,A_ETF_sector_momentum,0,4541,deterministic_stratified_sample
current_no_cash_proxy_alpha_AB,stress,90,2021-06-23,2021-10-28,3144.41410604894,0.04813803534964678,3176.2436836031534,2955.1311759444466,-188.02184864224319,-0.05981950200053243,False,False,,,False,False,,,False,False,False,,,16,181,,B_ETF_trend_following,A_ETF_sector_momentum,0,4541,deterministic_stratified_sample
current_no_cash_proxy_alpha_AB,stress,90,2021-08-11,2021-12-16,2950.796879024303,-0.016401040325232263,3140.3829733959888,2900.352507103234,-195.97296366216824,-0.062404160677971166,False,False,,,False,False,,,False,False,False,,,27,166,,A_ETF_sector_momentum,B_ETF_trend_following,0,4541,deterministic_stratified_sample
current_no_cash_proxy_alpha_AB,stress,90,2021-08-31,2022-01-06,2803.72619415984,-0.06542460194672006,3074.8250830953093,2803.72619415984,-271.0988889354694,-0.08816725557037686,False,False,,,False,False,,,False,False,False,,,26,167,B_ETF_trend_following,A_ETF_sector_momentum,B_ETF_trend_following,0,4541,deterministic_stratified_sample
current_no_cash_proxy_alpha_AB,stress,90,2021-09-10,2022-01-18,2762.4557753443655,-0.0791814082185448,3100.1342893128276,2762.4557753443655,-337.6785139684621,-0.10892383440696418,False,False,,,False,False,,,False,False,False,,,30,158,A_ETF_sector_momentum,B_ETF_trend_following,A_ETF_sector_momentum,0,4541,deterministic_stratified_sample
current_no_cash_proxy_alpha_AB,stress,90,2021-10-11,2022-02-16,2857.7773328043413,-0.047407555731886264,3153.0860266401514,2822.191126665499,-330.8948999746526,-0.10494318809539294,False,False,,,False,False,,,False,False,False,,,20,162,A_ETF_sector_momentum,B_ETF_trend_following,A_ETF_sector_momentum,0,4541,deterministic_stratified_sample
current_no_cash_proxy_alpha_AB,stress,90,2021-11-10,2022-03-21,2735.0487574252684,-0.08831708085824386,3004.5498872349644,2735.0487574252684,-269.50112980969607,-0.0896976718391963,False,False,,,False,False,,,False,False,False,,,13,99,"A_ETF_sector_momentum,B_ETF_trend_following",B_ETF_trend_following,A_ETF_sector_momentum,0,4541,deterministic_stratified_sample
current_no_cash_proxy_alpha_AB,stress,90,2021-11-24,2022-04-04,2799.65302963678,-0.0667823234544066,3013.102234354155,2773.2596958898266,-239.8425384643283,-0.07959986744881808,False,False,,,False,False,,,False,False,False,,,15,95,B_ETF_trend_following,A_ETF_sector_momentum,B_ETF_trend_following,0,4541,deterministic_stratified_sample
current_no_cash_proxy_alpha_AB,stress,90,2021-11-29,2022-04-06,2760.476392951414,-0.07984120234952874,3064.567889799644,2760.476392951414,-304.09149684823024,-0.09922818086699692,False,False,,,False,False,,,False,False,False,,,14,94,"A_ETF_sector_momentum,B_ETF_trend_following",B_ETF_trend_following,A_ETF_sector_momentum,0,4541,deterministic_stratified_sample
current_no_cash_proxy_alpha_AB,stress,90,2021-12-10,2022-04-20,2748.3126624201577,-0.08389577919328073,3000.0,2748.3126624201577,-251.68733757984228,-0.08389577919328073,False,False,,,False,False,,,False,False,False,,,14,98,"A_ETF_sector_momentum,B_ETF_trend_following",B_ETF_trend_following,A_ETF_sector_momentum,0,4541,deterministic_stratified_sample
current_no_cash_proxy_alpha_AB,stress,90,2022-02-04,2022-06-14,2992.3690514996533,-0.0025436495001155413,3074.633811988213,2920.831989362627,-88.65305185507759,-0.029457880880247367,False,False,,,False,False,,,False,False,False,,,6,46,,B_ETF_trend_following,A_ETF_sector_momentum,0,4541,deterministic_stratified_sample
current_no_cash_proxy_alpha_AB,stress,90,2022-02-15,2022-06-24,3079.4460975636207,0.026482032521206955,3163.9319565390906,2997.783582128738,-84.48585897546991,-0.026702805286585862,False,False,,,False,False,,,False,False,False,,,4,44,,B_ETF_trend_following,A_ETF_sector_momentum,0,4541,deterministic_stratified_sample
current_no_cash_proxy_alpha_AB,stress,90,2022-02-22,2022-06-30,3023.6863445869185,0.007895448195639476,3106.7499240000325,3000.0,-83.06357941311398,-0.026736487147368204,False,False,,,False,False,,,False,False,False,,,3,44,,A_ETF_sector_momentum,B_ETF_trend_following,0,4541,deterministic_stratified_sample
current_no_cash_proxy_alpha_AB,stress,90,2022-03-01,2022-07-08,3023.6863445869185,0.007895448195639476,3106.7499240000325,3000.0,-83.06357941311398,-0.026736487147368204,False,False,,,False,False,,,False,False,False,,,3,44,,A_ETF_sector_momentum,B_ETF_trend_following,0,4541,deterministic_stratified_sample
current_no_cash_proxy_alpha_AB,stress,90,2022-03-11,2022-07-20,3023.6863445869185,0.007895448195639476,3106.7499240000325,3000.0,-83.06357941311398,-0.026736487147368204,False,False,,,False,False,,,False,False,False,,,3,45,,A_ETF_sector_momentum,B_ETF_trend_following,0,4541,deterministic_stratified_sample
current_no_cash_proxy_alpha_AB,stress,90,2022-03-16,2022-07-25,3023.6863445869185,0.007895448195639476,3106.7499240000325,3000.0,-83.06357941311398,-0.026736487147368204,False,False,,,False,False,,,False,False,False,,,3,45,,A_ETF_sector_momentum,B_ETF_trend_following,0,4541,deterministic_stratified_sample
current_no_cash_proxy_alpha_AB,stress,90,2022-03-22,2022-07-29,2971.040800581996,-0.00965306647266806,3093.5277089450115,2971.040800581996,-122.48690836301557,-0.03959457289127932,False,False,,,False,False,,,False,False,False,,,5,40,,B_ETF_trend_following,A_ETF_sector_momentum,0,4541,deterministic_stratified_sample
current_no_cash_proxy_alpha_AB,stress,90,2022-04-21,2022-08-29,2967.5301751999305,-0.010823274933356553,3006.249108429393,2967.5301751999305,-38.718933229462436,-0.012879482648625595,False,False,,,False,False,,,False,False,False,,,1,20,,B_ETF_trend_following,B_ETF_trend_following,0,4541,deterministic_stratified_sample
current_no_cash_proxy_alpha_AB,stress,90,2022-05-05,2022-09-13,2967.5301751999305,-0.010823274933356553,3006.249108429393,2967.5301751999305,-38.718933229462436,-0.012879482648625595,False,False,,,False,False,,,False,False,False,,,1,20,,B_ETF_trend_following,B_ETF_trend_following,0,4541,deterministic_stratified_sample
current_no_cash_proxy_alpha_AB,stress,90,2022-05-09,2022-09-15,2967.5301751999305,-0.010823274933356553,3006.249108429393,2967.5301751999305,-38.718933229462436,-0.012879482648625595,False,False,,,False,False,,,False,False,False,,,1,19,,B_ETF_trend_following,B_ETF_trend_following,0,4541,deterministic_stratified_sample
current_no_cash_proxy_alpha_AB,stress,90,2022-05-25,2022-10-03,2967.5301751999305,-0.010823274933356553,3006.249108429393,2967.5301751999305,-38.718933229462436,-0.012879482648625595,False,False,,,False,False,,,False,False,False,,,1,20,,B_ETF_trend_following,B_ETF_trend_following,0,4541,deterministic_stratified_sample
current_no_cash_proxy_alpha_AB,stress,90,2022-06-13,2022-10-19,2967.5301751999305,-0.010823274933356553,3006.249108429393,2967.5301751999305,-38.718933229462436,-0.012879482648625595,False,False,,,False,False,,,False,False,False,,,1,19,,B_ETF_trend_following,B_ETF_trend_following,0,4541,deterministic_stratified_sample
current_no_cash_proxy_alpha_AB,stress,90,2022-06-30,2022-11-04,2967.5301751999305,-0.010823274933356553,3006.249108429393,2967.5301751999305,-38.718933229462436,-0.012879482648625595,False,False,,,False,False,,,False,False,False,,,1,19,,B_ETF_trend_following,B_ETF_trend_following,0,4541,deterministic_stratified_sample
current_no_cash_proxy_alpha_AB,stress,90,2022-07-19,2022-11-22,2967.5301751999305,-0.010823274933356553,3006.249108429393,2967.5301751999305,-38.718933229462436,-0.012879482648625595,False,False,,,False,False,,,False,False,False,,,1,19,,B_ETF_trend_following,B_ETF_trend_following,0,4541,deterministic_stratified_sample
current_no_cash_proxy_alpha_AB,stress,90,2022-07-26,2022-11-30,2967.5301751999305,-0.010823274933356553,3006.249108429393,2967.5301751999305,-38.718933229462436,-0.012879482648625595,False,False,,,False,False,,,False,False,False,,,1,18,,B_ETF_trend_following,B_ETF_trend_following,0,4541,deterministic_stratified_sample
current_no_cash_proxy_alpha_AB,stress,90,2022-08-04,2022-12-09,2930.272698489227,-0.02324243383692437,3006.249108429393,2929.4383323593365,-76.81077607005636,-0.025550369679838703,False,False,,,False,False,,,False,False,False,,,3,18,,B_ETF_trend_following,A_ETF_sector_momentum,0,4541,deterministic_stratified_sample
current_no_cash_proxy_alpha_AB,stress,90,2022-08-23,2022-12-29,2917.2420123231714,-0.02758599589227617,3003.544933107127,2917.2420123231714,-86.30292078395541,-0.028733687261564,False,False,,,False,False,,,False,False,False,,,3,18,,B_ETF_trend_following,A_ETF_sector_momentum,0,4541,deterministic_stratified_sample
current_no_cash_proxy_alpha_AB,stress,90,2022-09-09,2023-01-18,2862.124563537531,-0.045958478820823045,3003.544933107127,2862.124563537531,-141.420369569596,-0.047084486072029086,False,False,,,False,False,,,False,False,False,,,5,28,,A_ETF_sector_momentum,B_ETF_trend_following,0,4541,deterministic_stratified_sample
current_no_cash_proxy_alpha_AB,stress,90,2022-09-27,2023-02-03,2770.4125747047683,-0.07652914176507719,3003.544933107127,2770.4125747047683,-233.13235840235848,-0.07761906799948759,False,False,,,False,False,,,False,False,False,,,8,51,B_ETF_trend_following,B_ETF_trend_following,A_ETF_sector_momentum,0,4541,deterministic_stratified_sample
current_no_cash_proxy_alpha_AB,stress,90,2022-10-12,2023-02-21,2753.0787568424985,-0.08230708105250051,3003.544933107127,2753.0787568424985,-250.4661762646283,-0.08339018787560615,False,False,,,False,False,,,False,False,False,,,10,55,"A_ETF_sector_momentum,B_ETF_trend_following",B_ETF_trend_following,A_ETF_sector_momentum,0,4541,deterministic_stratified_sample
current_no_cash_proxy_alpha_AB,stress,90,2022-10-13,2023-02-22,2753.0787568424985,-0.08230708105250051,3003.544933107127,2753.0787568424985,-250.4661762646283,-0.08339018787560615,False,False,,,False,False,,,False,False,False,,,10,55,"A_ETF_sector_momentum,B_ETF_trend_following",B_ETF_trend_following,A_ETF_sector_momentum,0,4541,deterministic_stratified_sample
current_no_cash_proxy_alpha_AB,stress,90,2022-10-31,2023-03-10,2753.0787568424985,-0.08230708105250051,3003.544933107127,2753.0787568424985,-250.4661762646283,-0.08339018787560615,False,False,,,False,False,,,False,False,False,,,10,58,"A_ETF_sector_momentum,B_ETF_trend_following",B_ETF_trend_following,A_ETF_sector_momentum,0,4541,deterministic_stratified_sample
current_no_cash_proxy_alpha_AB,stress,90,2022-11-16,2023-03-28,2753.0787568424985,-0.08230708105250051,3003.544933107127,2753.0787568424985,-250.4661762646283,-0.08339018787560615,False,False,,,False,False,,,False,False,False,,,10,77,"A_ETF_sector_momentum,B_ETF_trend_following",B_ETF_trend_following,A_ETF_sector_momentum,0,4541,deterministic_stratified_sample
current_no_cash_proxy_alpha_AB,stress,90,2022-11-29,2023-04-10,2753.0787568424985,-0.08230708105250051,3003.544933107127,2753.0787568424985,-250.4661762646283,-0.08339018787560615,False,False,,,False,False,,,False,False,False,,,10,102,"A_ETF_sector_momentum,B_ETF_trend_following",B_ETF_trend_following,A_ETF_sector_momentum,0,4541,deterministic_stratified_sample
current_no_cash_proxy_alpha_AB,stress,90,2022-12-08,2023-04-19,2755.272700870735,-0.08157576637642161,3001.201877207013,2755.272700870735,-245.92917633627758,-0.08194356341171716,False,False,,,False,False,,,False,False,False,,,10,110,"A_ETF_sector_momentum,B_ETF_trend_following",B_ETF_trend_following,A_ETF_sector_momentum,0,4541,deterministic_stratified_sample
current_no_cash_proxy_alpha_AB,stress,90,2022-12-28,2023-05-08,2754.925947494545,-0.08169135083515155,3006.2367382418843,2754.925947494545,-251.31079074733907,-0.08359647380741919,False,False,,,False,False,,,False,False,False,,,10,124,"A_ETF_sector_momentum,B_ETF_trend_following",B_ETF_trend_following,A_ETF_sector_momentum,0,4541,deterministic_stratified_sample
current_no_cash_proxy_alpha_AB,stress,90,2022-12-29,2023-05-09,2754.925947494545,-0.08169135083515155,3006.2367382418843,2754.925947494545,-251.31079074733907,-0.08359647380741919,False,False,,,False,False,,,False,False,False,,,10,125,"A_ETF_sector_momentum,B_ETF_trend_following",B_ETF_trend_following,A_ETF_sector_momentum,0,4541,deterministic_stratified_sample
current_no_cash_proxy_alpha_AB,stress,90,2023-02-16,2023-06-27,3092.195260019335,0.0307317533397784,3139.306275214193,2827.902490058392,-172.09750994160822,-0.05736583664720274,False,False,,,False,False,,,False,False,False,,,13,134,A_ETF_sector_momentum,B_ETF_trend_following,A_ETF_sector_momentum,0,4541,deterministic_stratified_sample
current_no_cash_proxy_alpha_AB,stress,90,2023-03-13,2023-07-20,3408.725504946395,0.13624183498213172,3488.119897894946,2967.700380295542,-122.85477648013648,-0.03927170910104616,True,True,2023-06-14,66,True,True,2023-07-13,85,False,False,False,,,10,185,,B_ETF_trend_following,A_ETF_sector_momentum,0,4541,deterministic_stratified_sample
current_no_cash_proxy_alpha_AB,stress,90,2023-03-21,2023-07-28,3282.7891759823037,0.094263058660768,3311.578113631862,2837.4961445231,-227.20553445122187,-0.07413626455389999,True,True,2023-07-18,82,False,False,,,False,False,False,,,11,182,,B_ETF_trend_following,A_ETF_sector_momentum,0,4541,deterministic_stratified_sample
current_no_cash_proxy_alpha_AB,stress,90,2023-03-23,2023-08-01,3251.706932640488,0.08390231088016264,3278.481002956934,2809.1371571194422,-253.5405510816954,-0.08278394765559982,False,False,,,False,False,,,False,False,False,,,11,191,,B_ETF_trend_following,A_ETF_sector_momentum,0,4541,deterministic_stratified_sample
current_no_cash_proxy_alpha_AB,stress,90,2023-04-25,2023-08-31,3245.116521568899,0.08170550718963288,3380.06192544005,2896.175863015381,-220.71196000696818,-0.06529820011455378,True,True,2023-07-13,55,False,False,,,False,False,False,,,13,151,,B_ETF_trend_following,A_ETF_sector_momentum,0,4541,deterministic_stratified_sample
current_no_cash_proxy_alpha_AB,stress,90,2023-05-01,2023-09-07,3270.8470660205217,0.09028235534017393,3462.71209565862,2954.6173488635413,-226.07285255139323,-0.06528779936248019,True,True,2023-06-15,33,True,True,2023-07-17,53,False,False,False,,,13,156,,B_ETF_trend_following,A_ETF_sector_momentum,0,4541,deterministic_stratified_sample
current_no_cash_proxy_alpha_AB,stress,90,2023-06-08,2023-10-16,3046.6039753023215,0.015534658434107174,3225.2892299344035,2991.371111909736,-227.1099777197919,-0.0704153834056026,False,False,,,False,False,,,False,False,False,,,16,104,,B_ETF_trend_following,A_ETF_sector_momentum,0,4541,deterministic_stratified_sample
current_no_cash_proxy_alpha_AB,stress,90,2023-06-27,2023-11-01,2895.763259366274,-0.03474558021124208,3110.2456010119,2895.763259366274,-214.4823416456261,-0.0689599373039369,False,False,,,False,False,,,False,False,False,,,16,80,,B_ETF_trend_following,A_ETF_sector_momentum,0,4541,deterministic_stratified_sample
current_no_cash_proxy_alpha_AB,stress,90,2023-08-25,2024-01-03,3166.56449170218,0.05552149723406008,3266.385361430448,2923.8106498006227,-154.3853823964887,-0.050154499837456346,False,False,,,False,False,,,False,False,False,,,13,132,,A_ETF_sector_momentum,B_ETF_trend_following,0,4541,deterministic_stratified_sample
current_no_cash_proxy_alpha_AB,stress,90,2023-11-02,2024-03-13,3411.769406979314,0.13725646899310484,3411.769406979314,3000.0,-186.32805465611682,-0.05559539473338071,True,True,2023-12-15,31,True,True,2024-03-13,90,False,False,False,,,13,238,,A_ETF_sector_momentum,B_ETF_trend_following,0,4541,deterministic_stratified_sample
current_no_cash_proxy_alpha_AB,stress,90,2023-11-13,2024-03-22,3222.7528498852585,0.07425094996175274,3248.059655737564,2947.5728930601617,-153.18305806650642,-0.04928662848251886,False,False,,,False,False,,,False,False,False,,,16,236,,B_ETF_trend_following,A_ETF_sector_momentum,0,4541,deterministic_stratified_sample
current_no_cash_proxy_alpha_AB,stress,90,2024-01-02,2024-05-09,3165.064131298536,0.05502137709951205,3221.7357133717096,2916.698263411792,-189.787154467037,-0.0589083560390542,False,False,,,False,False,,,False,False,False,,,18,182,,B_ETF_trend_following,A_ETF_sector_momentum,0,4541,deterministic_stratified_sample
current_no_cash_proxy_alpha_AB,stress,90,2024-01-05,2024-05-14,3285.8401237843636,0.0952800412614545,3317.540481779528,2969.484452041772,-175.33665934519195,-0.05285140009840705,True,True,2024-03-27,57,False,False,,,False,False,False,,,18,197,,B_ETF_trend_following,A_ETF_sector_momentum,0,4541,deterministic_stratified_sample
current_no_cash_proxy_alpha_AB,stress,90,2024-01-19,2024-05-28,3198.944083794066,0.06631469459802197,3242.1221871881853,2993.269704024827,-192.1417003987981,-0.05926417614921475,False,False,,,False,False,,,False,False,False,,,17,226,,B_ETF_trend_following,A_ETF_sector_momentum,0,4541,deterministic_stratified_sample
current_no_cash_proxy_alpha_AB,stress,90,2024-01-24,2024-05-31,3132.4592361845857,0.04415307872819518,3265.737842164382,2998.0621162428515,-208.0307872406861,-0.06370100641722443,False,False,,,False,False,,,False,False,False,,,14,206,,B_ETF_trend_following,A_ETF_sector_momentum,0,4541,deterministic_stratified_sample
current_no_cash_proxy_alpha_AB,stress,90,2024-02-02,2024-06-11,3086.8396991724376,0.02894656639081261,3209.0562173264793,2994.7074633010147,-190.30850234960053,-0.05930357384270124,False,False,,,False,False,,,False,False,False,,,20,203,,B_ETF_trend_following,A_ETF_sector_momentum,0,4541,deterministic_stratified_sample
current_no_cash_proxy_alpha_AB,stress,90,2024-03-07,2024-07-16,2894.980219751188,-0.03500659341627066,3046.340658779832,2799.176928512068,-247.1637302677641,-0.08113463264701393,False,False,,,False,False,,,False,False,False,,,19,222,B_ETF_trend_following,A_ETF_sector_momentum,B_ETF_trend_following,0,4541,deterministic_stratified_sample
current_no_cash_proxy_alpha_AB,stress,90,2024-04-01,2024-08-07,2970.55631799849,-0.009814560667169903,3081.601931523173,2896.9734108641783,-153.91853479693327,-0.04994757214500267,False,False,,,False,False,,,False,False,False,,,25,167,,A_ETF_sector_momentum,B_ETF_trend_following,0,4541,deterministic_stratified_sample
current_no_cash_proxy_alpha_AB,stress,90,2024-04-22,2024-08-28,3204.9371749663956,0.0683123916554651,3223.5962961643504,2990.275150294724,-146.61089868930412,-0.04563875188424593,False,False,,,False,False,,,False,False,False,,,18,195,,A_ETF_sector_momentum,B_ETF_trend_following,0,4541,deterministic_stratified_sample
current_no_cash_proxy_alpha_AB,stress,90,2024-05-08,2024-09-16,3143.4592192915434,0.04781973976384779,3143.4592192915434,2903.931660267395,-172.8387141938133,-0.05617537000111039,False,False,,,False,False,,,False,False,False,,,20,225,,A_ETF_sector_momentum,B_ETF_trend_following,0,4541,deterministic_stratified_sample
current_no_cash_proxy_alpha_AB,stress,90,2024-07-11,2024-11-14,3000.1634818754815,5.4493958493884165e-05,3113.6366559477246,2908.7313996319986,-123.75290317984172,-0.03974545422422582,False,False,,,False,False,,,False,False,False,,,15,232,B_ETF_trend_following,A_ETF_sector_momentum,B_ETF_trend_following,0,4541,deterministic_stratified_sample
current_no_cash_proxy_alpha_AB,stress,90,2024-09-10,2025-01-17,3163.2078942913495,0.054402631430449766,3236.27882600021,2953.4595359186706,-161.48198035188216,-0.04989742510890549,False,False,,,False,False,,,False,False,False,,,18,169,,B_ETF_trend_following,A_ETF_sector_momentum,0,4541,deterministic_stratified_sample
current_no_cash_proxy_alpha_AB,stress,90,2024-09-18,2025-01-28,3249.526244385591,0.08317541479519686,3249.526244385591,2958.952934207301,-161.6974461421687,-0.04987125818035387,False,False,,,False,False,,,False,False,False,,,16,177,,B_ETF_trend_following,A_ETF_sector_momentum,0,4541,deterministic_stratified_sample
current_no_cash_proxy_alpha_AB,stress,90,2024-09-27,2025-02-06,3232.0281694576406,0.07734272315254698,3243.9997070789445,2944.332684119443,-160.73956780248636,-0.04954980959206812,False,False,,,False,False,,,False,False,False,,,18,145,,B_ETF_trend_following,A_ETF_sector_momentum,0,4541,deterministic_stratified_sample
current_no_cash_proxy_alpha_AB,stress,90,2024-11-08,2025-03-21,2987.194638088854,-0.004268453970382002,3065.740241149282,2868.8525238630623,-154.72396504991093,-0.05117249906435695,False,False,,,False,False,,,False,False,False,,,18,125,,A_ETF_sector_momentum,B_ETF_trend_following,0,4541,deterministic_stratified_sample
current_no_cash_proxy_alpha_AB,stress,90,2024-12-16,2025-04-28,2912.4888248523102,-0.029170391715896637,3022.8363755771184,2859.647596067415,-161.66999447619264,-0.05348287978218025,False,False,,,False,False,,,False,False,False,,,12,84,B_ETF_trend_following,A_ETF_sector_momentum,B_ETF_trend_following,0,4541,deterministic_stratified_sample
current_no_cash_proxy_alpha_AB,stress,90,2025-01-14,2025-05-22,2922.166324201817,-0.025944558599394263,3069.0785543770858,2908.2141979466996,-160.86435643038612,-0.05241454514123245,False,False,,,False,False,,,False,False,False,,,14,68,,B_ETF_trend_following,A_ETF_sector_momentum,0,4541,deterministic_stratified_sample
current_no_cash_proxy_alpha_AB,stress,90,2025-03-05,2025-07-14,3139.803606696629,0.04660120223220954,3150.088429136458,2978.546630436128,-85.62231600720406,-0.027866479460304183,False,False,,,False,False,,,False,False,False,,,9,61,,A_ETF_sector_momentum,B_ETF_trend_following,0,4541,deterministic_stratified_sample
current_no_cash_proxy_alpha_AB,stress,90,2025-03-07,2025-07-16,3147.348797401957,0.049116265800652315,3150.088429136458,2978.546630436128,-85.62231600720406,-0.027866479460304183,False,False,,,False,False,,,False,False,False,,,9,66,,A_ETF_sector_momentum,B_ETF_trend_following,0,4541,deterministic_stratified_sample
current_no_cash_proxy_alpha_AB,stress,90,2025-03-14,2025-07-23,3162.4444140902765,0.05414813803009211,3162.4444140902765,2954.626771773047,-53.72691407852926,-0.017859241196010123,False,False,,,False,False,,,False,False,False,,,8,80,,A_ETF_sector_momentum,B_ETF_trend_following,0,4541,deterministic_stratified_sample
current_no_cash_proxy_alpha_AB,stress,90,2025-03-17,2025-07-24,3164.4378575414044,0.05481261918046809,3164.4378575414044,2954.626771773047,-53.72691407852926,-0.017859241196010123,False,False,,,False,False,,,False,False,False,,,8,80,,A_ETF_sector_momentum,B_ETF_trend_following,0,4541,deterministic_stratified_sample
current_no_cash_proxy_alpha_AB,stress,90,2025-04-04,2025-08-13,3204.8918621423563,0.06829728738078544,3234.3680635131996,2995.888038230699,-104.2158833719509,-0.03222140502424786,False,False,,,False,False,,,False,False,False,,,9,112,,A_ETF_sector_momentum,B_ETF_trend_following,0,4541,deterministic_stratified_sample
current_no_cash_proxy_alpha_AB,stress,90,2025-04-23,2025-08-29,3110.612808735752,0.03687093624525062,3234.3680635131996,2995.888038230699,-123.75525477744759,-0.03826257628917584,False,False,,,False,False,,,False,False,False,,,11,138,,A_ETF_sector_momentum,B_ETF_trend_following,0,4541,deterministic_stratified_sample
current_no_cash_proxy_alpha_AB,stress,90,2025-05-09,2025-09-17,3123.810334888815,0.04127011162960503,3234.3680635131996,2995.888038230699,-190.00904677251538,-0.05874688441182718,False,False,,,False,False,,,False,False,False,,,14,184,,A_ETF_sector_momentum,B_ETF_trend_following,0,4541,deterministic_stratified_sample
current_no_cash_proxy_alpha_AB,stress,90,2025-05-13,2025-09-19,3148.9588234576468,0.04965294115254881,3223.0632978358776,2984.816084748514,-189.56035666422667,-0.058813724443918525,False,False,,,False,False,,,False,False,False,,,15,185,,A_ETF_sector_momentum,B_ETF_trend_following,0,4541,deterministic_stratified_sample
current_no_cash_proxy_alpha_AB,stress,90,2025-05-15,2025-09-23,3102.558201327295,0.03418606710909833,3115.3786549656925,2917.1553707688454,-117.44580750153591,-0.03870222167661452,False,False,,,False,False,,,False,False,False,,,13,219,B_ETF_trend_following,A_ETF_sector_momentum,B_ETF_trend_following,0,4541,deterministic_stratified_sample
current_no_cash_proxy_alpha_AB,stress,90,2025-05-27,2025-10-02,3001.153774342019,0.0003845914473397105,3051.2536543007805,2870.7601130033213,-180.49354129745916,-0.05915389598732679,False,False,,,False,False,,,False,False,False,,,22,204,,A_ETF_sector_momentum,B_ETF_trend_following,0,4541,deterministic_stratified_sample
current_no_cash_proxy_alpha_AB,stress,90,2025-07-18,2025-11-21,2920.063713704534,-0.0266454287651553,3041.854234194594,2896.9286174022523,-144.92561679234177,-0.04764384011672218,False,False,,,False,False,,,False,False,False,,,22,212,B_ETF_trend_following,A_ETF_sector_momentum,B_ETF_trend_following,0,4541,deterministic_stratified_sample
current_no_cash_proxy_alpha_AB,stress,90,2025-08-13,2025-12-18,2939.289497074837,-0.02023683430838763,3051.194700704609,2829.938569126455,-186.94730423813553,-0.061966979224720276,False,False,,,False,False,,,False,False,False,,,18,249,B_ETF_trend_following,A_ETF_sector_momentum,B_ETF_trend_following,0,4541,deterministic_stratified_sample
current_no_cash_proxy_alpha_AB,stress,90,2025-08-14,2025-12-19,2959.7736719853992,-0.013408776004866896,3070.1222159400686,2847.493563362052,-158.3213827746963,-0.051568430062064574,False,False,,,False,False,,,False,False,False,,,18,245,B_ETF_trend_following,A_ETF_sector_momentum,B_ETF_trend_following,0,4541,deterministic_stratified_sample
current_no_cash_proxy_alpha_AB,stress,90,2025-08-27,2026-01-05,3052.0795672620447,0.017359855754014886,3169.1991237255534,2954.0856431351312,-187.77507254989814,-0.059250007720928255,False,False,,,False,False,,,False,False,False,,,20,229,B_ETF_trend_following,A_ETF_sector_momentum,B_ETF_trend_following,0,4541,deterministic_stratified_sample
current_no_cash_proxy_alpha_AB,stress,90,2025-09-18,2026-01-27,2956.7657685248187,-0.014411410491727117,3033.49063464581,2874.8838740256924,-158.6067606201177,-0.052285231676225896,False,False,,,False,False,,,False,False,False,,,20,233,B_ETF_trend_following,A_ETF_sector_momentum,B_ETF_trend_following,0,4541,deterministic_stratified_sample
current_no_cash_proxy_alpha_AB,stress,90,2025-09-22,2026-01-29,2893.9701299805392,-0.03534329000648695,3000.0,2837.3101550896354,-162.68984491036463,-0.054229948303454845,False,False,,,False,False,,,False,False,False,,,18,243,B_ETF_trend_following,A_ETF_sector_momentum,B_ETF_trend_following,0,4541,deterministic_stratified_sample
current_no_cash_proxy_alpha_AB,stress,90,2025-09-23,2026-01-30,3079.5784245133386,0.02652614150444621,3213.341668193257,2954.155282807527,-259.1863853857303,-0.08065945428438093,False,False,,,False,False,,,False,False,False,,,25,201,,A_ETF_sector_momentum,B_ETF_trend_following,0,4541,deterministic_stratified_sample
current_no_cash_proxy_alpha_AB,stress,90,2025-09-24,2026-02-02,2948.780309861623,-0.017073230046125598,3108.2760608186827,2887.7295942413325,-220.5464665773502,-0.07095459420655859,False,False,,,False,False,,,False,False,False,,,24,222,B_ETF_trend_following,A_ETF_sector_momentum,B_ETF_trend_following,0,4541,deterministic_stratified_sample
current_no_cash_proxy_alpha_AB,stress,90,2025-09-25,2026-02-03,2912.1794042697315,-0.029273531910089523,3038.638401120663,2862.450487712702,-176.18791340796088,-0.05798252050753461,False,False,,,False,False,,,False,False,False,,,21,234,B_ETF_trend_following,A_ETF_sector_momentum,B_ETF_trend_following,0,4541,deterministic_stratified_sample
current_no_cash_proxy_alpha_AB,stress,90,2025-09-26,2026-02-04,3183.4365254829167,0.061145508494305556,3183.4365254829167,2955.1600775705247,-226.72996943877934,-0.07125638098396436,False,False,,,False,False,,,False,False,False,,,24,205,,B_ETF_trend_following,A_ETF_sector_momentum,0,4541,deterministic_stratified_sample
current_no_cash_proxy_alpha_AB,stress,90,2025-09-29,2026-02-05,3210.507035127699,0.07016901170923306,3287.3274945325797,3000.0,-259.3860882586878,-0.0789048516431946,False,False,,,False,False,,,False,False,False,,,25,200,,B_ETF_trend_following,A_ETF_sector_momentum,0,4541,deterministic_stratified_sample
current_no_cash_proxy_alpha_AB,stress,90,2025-09-30,2026-02-06,3258.444352368304,0.0861481174561014,3261.2451464636024,3000.0,-258.1105370026062,-0.07914478225670751,False,False,,,False,False,,,False,False,False,,,24,198,,B_ETF_trend_following,A_ETF_sector_momentum,0,4541,deterministic_stratified_sample
current_no_cash_proxy_alpha_AB,stress,90,2025-10-01,2026-02-09,2991.620945431284,-0.002793018189572005,3073.4757168425053,2875.4958384322335,-182.71287418855536,-0.05974506364935972,False,False,,,False,False,,,False,False,False,,,23,220,B_ETF_trend_following,A_ETF_sector_momentum,B_ETF_trend_following,0,4541,deterministic_stratified_sample
current_no_cash_proxy_alpha_AB,stress,90,2025-10-02,2026-02-10,2984.5617375343727,-0.005146087488542395,3075.4581058446174,2877.350530595405,-182.7997755022534,-0.059735554537307056,False,False,,,False,False,,,False,False,False,,,23,220,B_ETF_trend_following,A_ETF_sector_momentum,B_ETF_trend_following,0,4541,deterministic_stratified_sample
current_no_cash_proxy_alpha_AB,stress,90,2025-10-03,2026-02-11,3221.3058645020437,0.0737686215006812,3221.3058645020437,2910.1786762197303,-224.40307791612395,-0.07158948003829868,False,False,,,False,False,,,False,False,False,,,23,197,,B_ETF_trend_following,A_ETF_sector_momentum,0,4541,deterministic_stratified_sample
current_no_cash_proxy_alpha_AB,stress,90,2025-10-06,2026-02-12,3218.3244736990114,0.0727748245663371,3255.287740822303,2941.565967516959,-255.42344528394688,-0.07989499253929921,False,False,,,False,False,,,False,False,False,,,23,193,,B_ETF_trend_following,A_ETF_sector_momentum,0,4541,deterministic_stratified_sample
current_no_cash_proxy_alpha_AB,stress,90,2025-10-07,2026-02-13,2937.196498172426,-0.02093450060919133,3073.5244441462287,2867.880229250423,-205.64421489580582,-0.06690827375310826,False,False,,,False,False,,,False,False,False,,,20,234,B_ETF_trend_following,A_ETF_sector_momentum,B_ETF_trend_following,0,4541,deterministic_stratified_sample
current_no_cash_proxy_alpha_AB,stress,90,2025-10-08,2026-02-17,2932.6042667748916,-0.0224652444083695,3063.59981790459,2880.645650089416,-182.95416781517406,-0.059718690001851926,False,False,,,False,False,,,False,False,False,,,20,235,B_ETF_trend_following,A_ETF_sector_momentum,B_ETF_trend_following,0,4541,deterministic_stratified_sample
current_no_cash_proxy_alpha_AB,stress,90,2025-10-09,2026-02-18,3042.7413365448997,0.014247112181633215,3111.6358461022,2926.5316947786387,-185.10415132356138,-0.05948772943833791,False,False,,,False,False,,,False,False,False,,,21,222,B_ETF_trend_following,A_ETF_sector_momentum,B_ETF_trend_following,0,4541,deterministic_stratified_sample
current_no_cash_proxy_alpha_AB,stress,90,2025-10-10,2026-02-19,3048.223202889051,0.016074400963017155,3111.6358461022,2926.5316947786387,-185.10415132356138,-0.05948772943833791,False,False,,,False,False,,,False,False,False,,,21,222,B_ETF_trend_following,A_ETF_sector_momentum,B_ETF_trend_following,0,4541,deterministic_stratified_sample
current_no_cash_proxy_alpha_AB,stress,90,2025-10-13,2026-02-20,2952.103903272206,-0.015965365575931312,3085.7277002640017,2901.9487296446405,-183.7789706193612,-0.059557740821926,False,False,,,False,False,,,False,False,False,,,21,221,B_ETF_trend_following,A_ETF_sector_momentum,B_ETF_trend_following,0,4541,deterministic_stratified_sample
current_no_cash_proxy_alpha_AB,stress,90,2025-10-14,2026-02-23,2926.504981874912,-0.02449833937502932,3047.054307083995,2857.2224719079754,-189.83183517601947,-0.062300115470435125,False,False,,,False,False,,,False,False,False,,,19,232,B_ETF_trend_following,A_ETF_sector_momentum,B_ETF_trend_following,0,4541,deterministic_stratified_sample
current_no_cash_proxy_alpha_AB,stress,90,2025-10-15,2026-02-24,2938.9846003741704,-0.020338466541943157,3016.5326333077237,2856.5139325539867,-160.018700753737,-0.05304723011674217,False,False,,,False,False,,,False,False,False,,,19,231,B_ETF_trend_following,A_ETF_sector_momentum,B_ETF_trend_following,0,4541,deterministic_stratified_sample
current_no_cash_proxy_alpha_AB,stress,90,2025-10-16,2026-02-25,2987.897679004799,-0.004034106998400344,3044.2142493755046,2879.601872610529,-124.3922840138971,-0.0414089633761725,False,False,,,False,False,,,False,False,False,,,21,223,B_ETF_trend_following,A_ETF_sector_momentum,B_ETF_trend_following,0,4541,deterministic_stratified_sample
current_no_cash_proxy_alpha_AB,stress,90,2025-10-17,2026-02-26,3037.3155966415507,0.012438532213850273,3082.832625386817,2920.161357727682,-132.92795681074767,-0.043538836606502596,False,False,,,False,False,,,False,False,False,,,21,223,B_ETF_trend_following,A_ETF_sector_momentum,B_ETF_trend_following,0,4541,deterministic_stratified_sample
current_no_cash_proxy_alpha_AB,stress,90,2025-10-20,2026-02-27,2954.238723956853,-0.015253758681049057,3000.0,2853.1126520813505,-146.88734791864954,-0.048962449306216516,False,False,,,False,False,,,False,False,False,,,18,235,B_ETF_trend_following,A_ETF_sector_momentum,B_ETF_trend_following,0,4541,deterministic_stratified_sample
current_no_cash_proxy_alpha_AB,stress,90,2025-10-21,2026-03-02,3011.8490710151236,0.003949690338374445,3011.8490710151236,2873.6622073084236,-126.3377926915764,-0.04211259756385877,False,False,,,False,False,,,False,False,False,,,17,237,B_ETF_trend_following,A_ETF_sector_momentum,B_ETF_trend_following,0,4541,deterministic_stratified_sample
current_no_cash_proxy_alpha_AB,stress,90,2025-10-22,2026-03-03,2984.7606386825246,-0.005079787105825129,3019.2743709091465,2874.713834968366,-129.47068178704376,-0.04309678086180779,False,False,,,False,False,,,False,False,False,,,20,229,B_ETF_trend_following,A_ETF_sector_momentum,B_ETF_trend_following,0,4541,deterministic_stratified_sample
current_no_cash_proxy_alpha_AB,stress,90,2025-10-23,2026-03-04,3232.479120399808,0.07749304013326941,3313.968105676643,2920.1003661489276,-131.69105026240504,-0.04211765112342192,True,True,2026-03-02,88,False,False,,,False,False,False,,,19,193,,B_ETF_trend_following,A_ETF_sector_momentum,0,4541,deterministic_stratified_sample
current_no_cash_proxy_alpha_AB,stress,90,2025-10-24,2026-03-05,3070.5049302146035,0.023501643404867822,3195.680374325317,2859.364003360023,-152.85079270420192,-0.05074365642978629,False,False,,,False,False,,,False,False,False,,,20,196,,B_ETF_trend_following,A_ETF_sector_momentum,0,4541,deterministic_stratified_sample
current_no_cash_proxy_alpha_AB,stress,90,2025-10-27,2026-03-06,3014.499361617237,0.004833120539079028,3073.71782069106,2887.1840979216777,-112.81590207832232,-0.037605300692774124,False,False,,,False,False,,,False,False,False,,,17,219,B_ETF_trend_following,A_ETF_sector_momentum,B_ETF_trend_following,0,4541,deterministic_stratified_sample
current_no_cash_proxy_alpha_AB,stress,90,2025-10-28,2026-03-09,2971.783220347255,-0.00940559321758172,3028.7469765833503,2896.3521226606313,-103.64787733936873,-0.034549292446456215,False,False,,,False,False,,,False,False,False,,,18,217,B_ETF_trend_following,A_ETF_sector_momentum,B_ETF_trend_following,0,4541,deterministic_stratified_sample
current_no_cash_proxy_alpha_AB,stress,90,2025-10-29,2026-03-10,2972.9754011777727,-0.009008199607409062,3036.91484719754,2911.1923707113237,-114.50799870074798,-0.03770537023993803,False,False,,,False,False,,,False,False,False,,,18,213,B_ETF_trend_following,A_ETF_sector_momentum,B_ETF_trend_following,0,4541,deterministic_stratified_sample
current_no_cash_proxy_alpha_AB,stress,90,2025-10-30,2026-03-11,3197.276112936818,0.06575870431227271,3328.2090055737967,2910.6227647952765,-150.08561180486822,-0.04509500802188737,True,True,2026-02-24,79,False,False,,,False,False,False,,,19,179,,B_ETF_trend_following,A_ETF_sector_momentum,0,4541,deterministic_stratified_sample
current_no_cash_proxy_alpha_AB,stress,90,2025-10-31,2026-03-12,3172.2560690762216,0.057418689692073865,3328.2090055737967,2910.6227647952765,-155.95293649757514,-0.04685791554448615,True,True,2026-02-24,78,False,False,,,False,False,False,,,19,179,,B_ETF_trend_following,A_ETF_sector_momentum,0,4541,deterministic_stratified_sample
current_no_cash_proxy_alpha_AB,stress,90,2025-11-03,2026-03-13,3150.735755329935,0.05024525177664496,3310.1447857025714,2964.1368977965167,-159.4090303726366,-0.04815772139670993,True,True,2026-03-02,81,False,False,,,False,False,False,,,20,180,,B_ETF_trend_following,A_ETF_sector_momentum,0,4541,deterministic_stratified_sample
current_no_cash_proxy_alpha_AB,stress,90,2025-11-04,2026-03-16,3181.957048120111,0.06065234937337016,3335.9500979144314,2987.7573158788064,-160.68401644140476,-0.04816739211472654,True,True,2026-02-11,68,False,False,,,False,False,False,,,19,180,,B_ETF_trend_following,A_ETF_sector_momentum,0,4541,deterministic_stratified_sample
current_no_cash_proxy_alpha_AB,stress,90,2025-11-05,2026-03-17,3202.5226858146025,0.06750756193820084,3335.9500979144314,2987.7573158788064,-160.68401644140476,-0.04816739211472654,True,True,2026-02-11,67,False,False,,,False,False,False,,,19,180,,B_ETF_trend_following,A_ETF_sector_momentum,0,4541,deterministic_stratified_sample
current_no_cash_proxy_alpha_AB,stress,90,2025-11-06,2026-03-18,3176.688375064998,0.05889612502166597,3335.9500979144314,2987.7573158788064,-160.68401644140476,-0.04816739211472654,True,True,2026-02-11,66,False,False,,,False,False,False,,,19,180,,B_ETF_trend_following,A_ETF_sector_momentum,0,4541,deterministic_stratified_sample
current_no_cash_proxy_alpha_AB,stress,90,2025-11-07,2026-03-19,3211.1406665304694,0.07038022217682305,3335.9500979144314,2987.7573158788064,-160.68401644140476,-0.04816739211472654,True,True,2026-02-11,65,False,False,,,False,False,False,,,19,180,,B_ETF_trend_following,A_ETF_sector_momentum,0,4541,deterministic_stratified_sample
current_no_cash_proxy_alpha_AB,stress,90,2025-11-10,2026-03-20,3251.347863962994,0.08378262132099801,3380.2566868351064,3000.0,-162.93115560736123,-0.04820082339957199,True,True,2026-02-09,62,False,False,,,False,False,False,,,18,179,,B_ETF_trend_following,A_ETF_sector_momentum,0,4541,deterministic_stratified_sample
current_no_cash_proxy_alpha_AB,stress,90,2025-11-11,2026-03-23,3248.4360992670404,0.08281203308901341,3349.5390384283883,2973.5780442030573,-161.4128317120685,-0.04818956574627764,True,True,2026-02-11,63,False,False,,,False,False,False,,,18,180,,B_ETF_trend_following,A_ETF_sector_momentum,0,4541,deterministic_stratified_sample
current_no_cash_proxy_alpha_AB,stress,90,2025-11-12,2026-03-24,3198.605321398609,0.06620177379953618,3248.3752712577343,2936.8621012451235,-155.9232477403566,-0.04800038010386187,False,False,,,False,False,,,False,False,False,,,21,175,,B_ETF_trend_following,A_ETF_sector_momentum,0,4541,deterministic_stratified_sample
current_no_cash_proxy_alpha_AB,stress,90,2025-11-13,2026-03-25,3257.508763080351,0.08583625436011699,3322.2149729339035,2959.994574999366,-160.06622957164836,-0.048180575572534745,True,True,2026-02-24,69,False,False,,,False,False,False,,,18,179,,B_ETF_trend_following,A_ETF_sector_momentum,0,4541,deterministic_stratified_sample
current_no_cash_proxy_alpha_AB,stress,90,2025-11-14,2026-03-26,3292.9318441402756,0.09764394804675858,3322.2149729339035,2959.994574999366,-160.06622957164836,-0.048180575572534745,True,True,2026-02-24,68,False,False,,,False,False,False,,,18,179,,B_ETF_trend_following,A_ETF_sector_momentum,0,4541,deterministic_stratified_sample
current_no_cash_proxy_alpha_AB,stress,90,2025-11-17,2026-03-27,3348.228483235845,0.11607616107861496,3348.228483235845,2998.3921661367135,-160.9257067842077,-0.04818723374299538,True,True,2026-02-11,59,False,False,,,False,False,False,,,17,178,,B_ETF_trend_following,A_ETF_sector_momentum,0,4541,deterministic_stratified_sample
current_no_cash_proxy_alpha_AB,stress,90,2025-11-18,2026-03-30,3325.8559436105184,0.10861864787017272,3348.2284832358455,2998.3921661367135,-160.9257067842077,-0.04818723374299538,True,True,2026-02-11,58,False,False,,,False,False,False,,,17,179,,B_ETF_trend_following,A_ETF_sector_momentum,0,4541,deterministic_stratified_sample
current_no_cash_proxy_alpha_AB,stress,90,2025-11-19,2026-03-31,3299.7547185010876,0.0999182395003626,3348.2284832358455,2998.3921661367135,-160.9257067842077,-0.04818723374299538,True,True,2026-02-11,57,False,False,,,False,False,False,,,17,179,,B_ETF_trend_following,A_ETF_sector_momentum,0,4541,deterministic_stratified_sample
current_no_cash_proxy_alpha_AB,stress,90,2025-11-20,2026-04-01,3230.011051286552,0.07667035042885062,3348.2284832358455,2998.3921661367135,-160.9257067842077,-0.04818723374299538,True,True,2026-02-11,56,False,False,,,False,False,False,,,17,179,,B_ETF_trend_following,A_ETF_sector_momentum,0,4541,deterministic_stratified_sample
current_no_cash_proxy_alpha_AB,stress,90,2025-11-21,2026-04-02,3230.011051286552,0.07667035042885062,3348.2284832358455,2998.3921661367135,-160.9257067842077,-0.04818723374299538,True,True,2026-02-11,55,False,False,,,False,False,False,,,17,179,,B_ETF_trend_following,A_ETF_sector_momentum,0,4541,deterministic_stratified_sample
current_no_cash_proxy_alpha_AB,stress,90,2025-11-24,2026-04-06,3077.136087789566,0.025712029263188718,3195.353519738859,2926.891687921823,-141.26885393094517,-0.044605672057472345,False,False,,,False,False,,,False,False,False,,,18,172,,B_ETF_trend_following,A_ETF_sector_momentum,0,4541,deterministic_stratified_sample
current_no_cash_proxy_alpha_AB,stress,90,2025-11-25,2026-04-07,2956.86402998634,-0.014378656671219958,3025.939033026832,2871.1851427515708,-128.81485724842923,-0.042938285749476446,False,False,,,False,False,,,False,False,False,,,15,208,B_ETF_trend_following,A_ETF_sector_momentum,B_ETF_trend_following,0,4541,deterministic_stratified_sample
current_no_cash_proxy_alpha_AB,stress,90,2025-11-26,2026-04-08,3128.2012194944155,0.04273373983147177,3246.418651443709,2963.9014999978926,-153.46464333060158,-0.047520541391236626,False,False,,,False,False,,,False,False,False,,,18,175,,B_ETF_trend_following,A_ETF_sector_momentum,0,4541,deterministic_stratified_sample
current_no_cash_proxy_alpha_AB,stress,90,2025-11-28,2026-04-09,3155.33760514579,0.0517792017152634,3260.2567298156564,2934.5195928164385,-156.18131388927532,-0.048113527646471255,False,False,,,False,False,,,False,False,False,,,18,172,,B_ETF_trend_following,A_ETF_sector_momentum,0,4541,deterministic_stratified_sample
current_no_cash_proxy_alpha_AB,stress,90,2025-12-01,2026-04-10,3220.2064490791495,0.07340214969304992,3306.570110002656,2989.5661483406184,-146.01889039846037,-0.044476908918701374,True,True,2026-03-27,81,False,False,,,False,False,False,,,16,173,,B_ETF_trend_following,A_ETF_sector_momentum,0,4541,deterministic_stratified_sample
current_no_cash_proxy_alpha_AB,stress,90,2025-12-02,2026-04-13,3175.535021552567,0.05851167385085554,3244.967855841236,2961.6966128100503,-143.44618835861866,-0.04456439403544088,False,False,,,False,False,,,False,False,False,,,17,176,,B_ETF_trend_following,A_ETF_sector_momentum,0,4541,deterministic_stratified_sample
current_no_cash_proxy_alpha_AB,stress,90,2025-12-03,2026-04-14,3186.596609690254,0.062198869896751274,3244.967855841236,2961.6966128100503,-143.44618835861866,-0.04456439403544088,False,False,,,False,False,,,False,False,False,,,17,181,,B_ETF_trend_following,A_ETF_sector_momentum,0,4541,deterministic_stratified_sample
current_no_cash_proxy_alpha_AB,stress,90,2025-12-04,2026-04-15,3202.5622405629188,0.0675207468543062,3274.171604428289,2949.451145797681,-156.6500162908642,-0.04804099861905886,False,False,,,False,False,,,False,False,False,,,18,183,,B_ETF_trend_following,A_ETF_sector_momentum,0,4541,deterministic_stratified_sample
current_no_cash_proxy_alpha_AB,stress,90,2025-12-05,2026-04-16,3095.942753338578,0.03198091777952605,3177.2383956409285,2947.0824633563643,-164.67568086816664,-0.05182981582184598,False,False,,,False,False,,,False,False,False,,,21,178,,B_ETF_trend_following,A_ETF_sector_momentum,0,4541,deterministic_stratified_sample
current_no_cash_proxy_alpha_AB,stress,90,2025-12-08,2026-04-17,3119.8070127372516,0.03993567091241723,3159.7894328375696,2929.9168862711804,-144.56417211061444,-0.04615463709534806,False,False,,,False,False,,,False,False,False,,,18,188,,B_ETF_trend_following,A_ETF_sector_momentum,0,4541,deterministic_stratified_sample
current_no_cash_proxy_alpha_AB,stress,90,2025-12-09,2026-04-20,3122.5316244633314,0.040843874821110404,3155.735355948281,2917.595853404322,-144.66034613223428,-0.046244884956245014,False,False,,,False,False,,,False,False,False,,,19,193,,B_ETF_trend_following,A_ETF_sector_momentum,0,4541,deterministic_stratified_sample
current_no_cash_proxy_alpha_AB,stress,90,2025-12-10,2026-04-21,3069.479424101157,0.023159808033718976,3133.269039440597,2922.312756882631,-173.9118138851136,-0.05550490931227636,False,False,,,False,False,,,False,False,False,,,20,189,,B_ETF_trend_following,A_ETF_sector_momentum,0,4541,deterministic_stratified_sample
current_no_cash_proxy_alpha_AB,stress,90,2025-12-11,2026-04-22,3295.764050709283,0.09858801690309438,3296.545865442512,2963.0940927493752,-158.2284341738673,-0.04816482288038415,False,False,,,False,False,,,False,False,False,,,17,186,,B_ETF_trend_following,A_ETF_sector_momentum,0,4541,deterministic_stratified_sample
current_no_cash_proxy_alpha_AB,stress,90,2025-12-12,2026-04-23,3232.894534656997,0.0776315115523325,3232.894534656997,2985.43889893306,-146.5190072481746,-0.04585797464347374,False,False,,,False,False,,,False,False,False,,,17,188,,B_ETF_trend_following,A_ETF_sector_momentum,0,4541,deterministic_stratified_sample
current_no_cash_proxy_alpha_AB,stress,90,2025-12-15,2026-04-24,3244.7297001446977,0.08157656671489932,3244.7297001446977,2983.306712186255,-144.35769287628955,-0.04569272793874668,False,False,,,False,False,,,False,False,False,,,18,185,,B_ETF_trend_following,A_ETF_sector_momentum,0,4541,deterministic_stratified_sample
current_no_cash_proxy_alpha_AB,stress,90,2025-12-16,2026-04-27,3222.1384991768123,0.07404616639227068,3229.5543921794256,2967.775188130142,-143.45985541469145,-0.045644502275134835,False,False,,,False,False,,,False,False,False,,,19,186,,B_ETF_trend_following,A_ETF_sector_momentum,0,4541,deterministic_stratified_sample
current_no_cash_proxy_alpha_AB,stress,90,2025-12-17,2026-04-28,3324.1912799035645,0.10806375996785489,3379.298817079268,2995.8275509309824,-159.40421361766676,-0.04814330554313373,True,True,2026-03-02,50,False,False,,,False,False,False,,,17,186,,B_ETF_trend_following,A_ETF_sector_momentum,0,4541,deterministic_stratified_sample
current_no_cash_proxy_alpha_AB,stress,90,2025-12-18,2026-04-29,3198.1687901474397,0.06605626338247994,3224.188056687801,2942.930654388784,-148.95154154283955,-0.047390198402459616,False,False,,,False,False,,,False,False,False,,,19,188,,B_ETF_trend_following,A_ETF_sector_momentum,0,4541,deterministic_stratified_sample
current_no_cash_proxy_alpha_AB,stress,90,2025-12-19,2026-04-30,3288.2177157761753,0.09607257192539187,3288.2177157761753,2986.463671186434,-141.02258258111124,-0.04410970025305272,False,False,,,False,False,,,False,False,False,,,16,186,,B_ETF_trend_following,A_ETF_sector_momentum,0,4541,deterministic_stratified_sample
current_no_cash_proxy_alpha_AB,stress,90,2025-12-22,2026-05-01,3321.9034260582766,0.10730114201942564,3329.5879108066647,2934.017541037383,-156.7933846607516,-0.048148577971862117,True,True,2026-04-24,85,False,False,,,False,False,False,,,17,194,,B_ETF_trend_following,A_ETF_sector_momentum,0,4541,deterministic_stratified_sample
current_no_cash_proxy_alpha_AB,stress,90,2025-12-23,2026-05-04,3251.0059999158225,0.0836686666386075,3273.773766213852,2942.3357726871773,-188.6996792044165,-0.05844467703705958,False,False,,,False,False,,,False,False,False,,,19,197,,B_ETF_trend_following,A_ETF_sector_momentum,0,4541,deterministic_stratified_sample
current_no_cash_proxy_alpha_AB,stress,90,2025-12-24,2026-05-05,3321.7640882433197,0.1072546960811065,3321.7640882433197,2950.631937099973,-187.7803975022507,-0.057771929373087505,True,True,2026-05-05,90,False,False,,,False,False,False,,,20,191,,B_ETF_trend_following,A_ETF_sector_momentum,0,4541,deterministic_stratified_sample
current_no_cash_proxy_alpha_AB,stress,90,2025-12-26,2026-05-06,3644.734295504255,0.2149114318347516,3644.734295504255,2954.440178767819,-158.28303995974693,-0.046153908881024996,True,True,2026-01-27,21,True,True,2026-01-28,22,False,False,False,,,17,188,,B_ETF_trend_following,A_ETF_sector_momentum,0,4541,deterministic_stratified_sample
current_no_cash_proxy_alpha_AB,stress,90,2025-12-29,2026-05-07,3432.395715725921,0.1441319052419736,3467.454555072596,2987.5252982518587,-182.4373899787438,-0.05412252190773814,True,True,2026-02-10,30,True,True,2026-05-05,88,False,False,False,,,17,189,,B_ETF_trend_following,A_ETF_sector_momentum,0,4541,deterministic_stratified_sample
current_no_cash_proxy_alpha_AB,stress,90,2025-12-30,2026-05-08,3524.495000894075,0.17483166696469166,3524.495000894075,2987.5252982518587,-182.4373899787438,-0.05412252190773814,True,True,2026-02-10,29,True,True,2026-05-05,87,False,False,False,,,17,189,,B_ETF_trend_following,A_ETF_sector_momentum,0,4541,deterministic_stratified_sample
current_no_cash_proxy_alpha_AB,stress,90,2025-12-31,2026-05-11,3591.271723802826,0.19709057460094193,3591.271723802826,3000.0,-176.66913661032368,-0.052164563664195196,True,True,2026-01-28,19,True,True,2026-04-24,79,False,False,False,,,19,187,,B_ETF_trend_following,A_ETF_sector_momentum,0,4541,deterministic_stratified_sample
current_no_cash_proxy_alpha_AB,stress,90,2026-01-02,2026-05-12,3515.8990400981875,0.17196634669939592,3591.271723802826,3000.0,-176.66913661032368,-0.052164563664195196,True,True,2026-01-28,18,True,True,2026-04-24,78,False,False,False,,,19,189,,B_ETF_trend_following,A_ETF_sector_momentum,0,4541,deterministic_stratified_sample
current_no_cash_proxy_alpha_AB,stress,90,2026-01-05,2026-05-13,3354.0865219086772,0.11802884063622576,3375.341482460088,2964.1958185782737,-178.15952977056259,-0.056278306070176476,True,True,2026-05-08,87,False,False,,,False,False,False,,,20,184,,B_ETF_trend_following,A_ETF_sector_momentum,0,4541,deterministic_stratified_sample
current_no_cash_proxy_alpha_AB,stress,90,2026-01-06,2026-05-14,3439.327425701119,0.14644247523370635,3439.327425701119,2899.474143327758,-150.62414384559588,-0.047762196709157934,True,True,2026-05-06,84,True,True,2026-05-11,87,False,False,False,,,19,189,,B_ETF_trend_following,A_ETF_sector_momentum,0,4541,deterministic_stratified_sample
current_no_cash_proxy_alpha_AB,stress,90,2026-01-07,2026-05-15,3249.9588069753795,0.08331960232512658,3348.959249333536,2909.7145516179617,-137.47516643588278,-0.04511539456220148,True,True,2026-05-11,86,False,False,,,False,False,False,,,21,188,,B_ETF_trend_following,A_ETF_sector_momentum,0,4541,deterministic_stratified_sample
current_no_cash_proxy_alpha_AB,stress,90,2026-01-08,2026-05-18,3159.619324368468,0.05320644145615594,3325.945746520036,2917.800633238423,-215.44500337370573,-0.06876096813356103,True,True,2026-05-11,85,False,False,,,False,False,False,,,21,183,A_ETF_sector_momentum,B_ETF_trend_following,A_ETF_sector_momentum,0,4541,deterministic_stratified_sample
current_no_cash_proxy_alpha_AB,stress,90,2026-01-09,2026-05-19,3160.8803752665153,0.05362679175550511,3287.247232497134,2886.6674927736203,-214.98537021237007,-0.0693131629196575,False,False,,,False,False,,,False,False,False,,,19,192,A_ETF_sector_momentum,B_ETF_trend_following,A_ETF_sector_momentum,0,4541,deterministic_stratified_sample
current_no_cash_proxy_alpha_AB,stress,90,2026-01-12,2026-05-20,3177.6221129117175,0.05920737097057249,3396.246410535416,2967.0082116495014,-218.62429762369857,-0.06437233086077299,True,True,2026-05-08,82,False,False,,,False,False,False,,,21,179,,B_ETF_trend_following,A_ETF_sector_momentum,0,4541,deterministic_stratified_sample
current_no_cash_proxy_alpha_AB,stress,90,2026-01-13,2026-05-21,3221.1853571881684,0.07372845239605619,3468.34167257579,2993.6470937928743,-247.15631538762182,-0.07126065962355699,True,True,2026-05-06,79,True,True,2026-05-08,81,False,False,False,,,18,176,,B_ETF_trend_following,A_ETF_sector_momentum,0,4541,deterministic_stratified_sample
current_no_cash_proxy_alpha_AB,stress,90,2026-01-14,2026-05-22,3252.499704827819,0.08416656827593982,3492.3674488155657,2990.4804607753413,-248.42710299857436,-0.0711342969030444,True,True,2026-05-05,77,True,True,2026-05-08,80,False,False,False,,,20,171,,B_ETF_trend_following,A_ETF_sector_momentum,0,4541,deterministic_stratified_sample
current_no_cash_proxy_alpha_AB,stress,90,2026-01-15,2026-05-26,3212.839472841213,0.07094649094707095,3491.968239247583,2972.380499714114,-279.1287664063698,-0.07993450893084697,True,True,2026-05-05,76,True,True,2026-05-08,79,False,False,False,,,17,170,,B_ETF_trend_following,A_ETF_sector_momentum,0,4541,deterministic_stratified_sample
current_no_cash_proxy_alpha_AB,stress,90,2026-01-16,2026-05-27,2991.3086297488444,-0.002897123417051839,3072.910276121091,2821.913739300703,-250.99653682038797,-0.08168039879681055,False,False,,,False,False,,,False,False,False,,,16,209,B_ETF_trend_following,A_ETF_sector_momentum,B_ETF_trend_following,0,4541,deterministic_stratified_sample
current_no_cash_proxy_alpha_AB,stress,90,2026-01-20,2026-05-28,3300.531304717875,0.10017710157262516,3568.8234983525003,2990.028923212124,-283.54557749209243,-0.07945071467473452,True,True,2026-04-22,65,True,True,2026-05-06,75,False,False,False,,,20,165,,B_ETF_trend_following,A_ETF_sector_momentum,0,4541,deterministic_stratified_sample
current_no_cash_proxy_alpha_AB,stress,90,2026-01-21,2026-05-29,3158.229522094981,0.0527431740316604,3411.361471463134,2974.106882382189,-274.4963590775674,-0.08046533953490298,True,True,2026-05-08,76,True,True,2026-05-14,80,False,False,False,,,20,171,,B_ETF_trend_following,A_ETF_sector_momentum,0,4541,deterministic_stratified_sample
