variant_name,slippage_label,horizon_trading_days,start_date,end_date,final_equity,total_return,max_equity,min_equity,max_drawdown_dollars,max_drawdown_pct,target_300_hit,target_300_before_any_stop,target_300_first_date,target_300_trading_days,target_400_hit,target_400_before_any_stop,target_400_first_date,target_400_trading_days,absolute_floor_stop_hit,trailing_drawdown_stop_hit,any_project_stop_hit,first_project_stop_date,first_project_stop_type,number_of_trades,number_of_skipped_signals,strategies_killed,best_strategy_by_pnl,worst_strategy_by_pnl,ending_open_positions_count,possible_window_count,window_sampling_method
current_no_cash_proxy_alpha_AB,standard,180,2008-01-03,2008-09-18,2904.2967531015292,-0.03190108229949029,3061.9526389000052,2904.2967531015292,-157.655885798476,-0.05148867549274483,False,False,,,False,False,,,False,False,False,,,4,41,,A_ETF_sector_momentum,B_ETF_trend_following,0,4451,deterministic_stratified_sample
current_no_cash_proxy_alpha_AB,standard,180,2008-01-16,2008-10-01,2904.2967531015292,-0.03190108229949029,3061.9526389000052,2904.2967531015292,-157.655885798476,-0.05148867549274483,False,False,,,False,False,,,False,False,False,,,4,41,,A_ETF_sector_momentum,B_ETF_trend_following,0,4451,deterministic_stratified_sample
current_no_cash_proxy_alpha_AB,standard,180,2008-01-22,2008-10-06,2904.2967531015292,-0.03190108229949029,3061.9526389000052,2904.2967531015292,-157.655885798476,-0.05148867549274483,False,False,,,False,False,,,False,False,False,,,4,41,,A_ETF_sector_momentum,B_ETF_trend_following,0,4451,deterministic_stratified_sample
current_no_cash_proxy_alpha_AB,standard,180,2008-01-30,2008-10-14,2904.2967531015292,-0.03190108229949029,3061.9526389000052,2904.2967531015292,-157.655885798476,-0.05148867549274483,False,False,,,False,False,,,False,False,False,,,4,41,,A_ETF_sector_momentum,B_ETF_trend_following,0,4451,deterministic_stratified_sample
current_no_cash_proxy_alpha_AB,standard,180,2008-02-01,2008-10-16,2904.2967531015292,-0.03190108229949029,3061.9526389000052,2904.2967531015292,-157.655885798476,-0.05148867549274483,False,False,,,False,False,,,False,False,False,,,4,41,,A_ETF_sector_momentum,B_ETF_trend_following,0,4451,deterministic_stratified_sample
current_no_cash_proxy_alpha_AB,standard,180,2008-02-07,2008-10-22,2904.2967531015292,-0.03190108229949029,3061.9526389000052,2904.2967531015292,-157.655885798476,-0.05148867549274483,False,False,,,False,False,,,False,False,False,,,4,41,,A_ETF_sector_momentum,B_ETF_trend_following,0,4451,deterministic_stratified_sample
current_no_cash_proxy_alpha_AB,standard,180,2008-02-12,2008-10-27,2904.2967531015292,-0.03190108229949029,3061.9526389000052,2904.2967531015292,-157.655885798476,-0.05148867549274483,False,False,,,False,False,,,False,False,False,,,4,41,,A_ETF_sector_momentum,B_ETF_trend_following,0,4451,deterministic_stratified_sample
current_no_cash_proxy_alpha_AB,standard,180,2008-02-26,2008-11-07,2904.2967531015292,-0.03190108229949029,3061.9526389000052,2904.2967531015292,-157.655885798476,-0.05148867549274483,False,False,,,False,False,,,False,False,False,,,4,40,,A_ETF_sector_momentum,B_ETF_trend_following,0,4451,deterministic_stratified_sample
current_no_cash_proxy_alpha_AB,standard,180,2008-03-06,2008-11-18,2904.2967531015292,-0.03190108229949029,3061.9526389000052,2904.2967531015292,-157.655885798476,-0.05148867549274483,False,False,,,False,False,,,False,False,False,,,4,41,,A_ETF_sector_momentum,B_ETF_trend_following,0,4451,deterministic_stratified_sample
current_no_cash_proxy_alpha_AB,standard,180,2008-03-10,2008-11-20,2904.2967531015292,-0.03190108229949029,3061.9526389000052,2904.2967531015292,-157.655885798476,-0.05148867549274483,False,False,,,False,False,,,False,False,False,,,4,40,,A_ETF_sector_momentum,B_ETF_trend_following,0,4451,deterministic_stratified_sample
current_no_cash_proxy_alpha_AB,standard,180,2008-03-13,2008-11-25,2904.2967531015292,-0.03190108229949029,3061.9526389000052,2904.2967531015292,-157.655885798476,-0.05148867549274483,False,False,,,False,False,,,False,False,False,,,4,41,,A_ETF_sector_momentum,B_ETF_trend_following,0,4451,deterministic_stratified_sample
current_no_cash_proxy_alpha_AB,standard,180,2008-03-19,2008-12-02,2904.2967531015292,-0.03190108229949029,3061.9526389000052,2904.2967531015292,-157.655885798476,-0.05148867549274483,False,False,,,False,False,,,False,False,False,,,4,41,,A_ETF_sector_momentum,B_ETF_trend_following,0,4451,deterministic_stratified_sample
current_no_cash_proxy_alpha_AB,standard,180,2008-03-24,2008-12-04,2904.2967531015292,-0.03190108229949029,3061.9526389000052,2904.2967531015292,-157.655885798476,-0.05148867549274483,False,False,,,False,False,,,False,False,False,,,4,40,,A_ETF_sector_momentum,B_ETF_trend_following,0,4451,deterministic_stratified_sample
current_no_cash_proxy_alpha_AB,standard,180,2008-04-01,2008-12-12,2904.2967531015292,-0.03190108229949029,3061.9526389000052,2904.2967531015292,-157.655885798476,-0.05148867549274483,False,False,,,False,False,,,False,False,False,,,4,40,,A_ETF_sector_momentum,B_ETF_trend_following,0,4451,deterministic_stratified_sample
current_no_cash_proxy_alpha_AB,standard,180,2008-04-03,2008-12-16,2904.2967531015292,-0.03190108229949029,3061.9526389000052,2904.2967531015292,-157.655885798476,-0.05148867549274483,False,False,,,False,False,,,False,False,False,,,4,41,,A_ETF_sector_momentum,B_ETF_trend_following,0,4451,deterministic_stratified_sample
current_no_cash_proxy_alpha_AB,standard,180,2008-04-08,2008-12-19,2904.2967531015292,-0.03190108229949029,3061.9526389000052,2904.2967531015292,-157.655885798476,-0.05148867549274483,False,False,,,False,False,,,False,False,False,,,4,40,,A_ETF_sector_momentum,B_ETF_trend_following,0,4451,deterministic_stratified_sample
current_no_cash_proxy_alpha_AB,standard,180,2008-04-16,2008-12-30,2904.2967531015292,-0.03190108229949029,3061.9526389000052,2904.2967531015292,-157.655885798476,-0.05148867549274483,False,False,,,False,False,,,False,False,False,,,4,41,,A_ETF_sector_momentum,B_ETF_trend_following,0,4451,deterministic_stratified_sample
current_no_cash_proxy_alpha_AB,standard,180,2008-04-17,2008-12-31,2904.2967531015292,-0.03190108229949029,3061.9526389000052,2904.2967531015292,-157.655885798476,-0.05148867549274483,False,False,,,False,False,,,False,False,False,,,4,41,,A_ETF_sector_momentum,B_ETF_trend_following,0,4451,deterministic_stratified_sample
current_no_cash_proxy_alpha_AB,standard,180,2008-04-29,2009-01-13,2904.2967531015292,-0.03190108229949029,3061.9526389000052,2904.2967531015292,-157.655885798476,-0.05148867549274483,False,False,,,False,False,,,False,False,False,,,4,41,,A_ETF_sector_momentum,B_ETF_trend_following,0,4451,deterministic_stratified_sample
current_no_cash_proxy_alpha_AB,standard,180,2008-05-05,2009-01-20,2904.2967531015292,-0.03190108229949029,3061.9526389000052,2904.2967531015292,-157.655885798476,-0.05148867549274483,False,False,,,False,False,,,False,False,False,,,4,41,,A_ETF_sector_momentum,B_ETF_trend_following,0,4451,deterministic_stratified_sample
current_no_cash_proxy_alpha_AB,standard,180,2008-05-06,2009-01-21,2904.2967531015292,-0.03190108229949029,3061.9526389000052,2904.2967531015292,-157.655885798476,-0.05148867549274483,False,False,,,False,False,,,False,False,False,,,4,41,,A_ETF_sector_momentum,B_ETF_trend_following,0,4451,deterministic_stratified_sample
current_no_cash_proxy_alpha_AB,standard,180,2008-05-09,2009-01-26,2935.0482612271435,-0.02165057959095218,3046.402207584365,2935.0482612271435,-111.3539463572215,-0.03655260821436945,False,False,,,False,False,,,False,False,False,,,2,43,,B_ETF_trend_following,B_ETF_trend_following,0,4451,deterministic_stratified_sample
current_no_cash_proxy_alpha_AB,standard,180,2008-05-12,2009-01-27,2935.0482612271435,-0.02165057959095218,3046.402207584365,2935.0482612271435,-111.3539463572215,-0.03655260821436945,False,False,,,False,False,,,False,False,False,,,2,42,,B_ETF_trend_following,B_ETF_trend_following,0,4451,deterministic_stratified_sample
current_no_cash_proxy_alpha_AB,standard,180,2008-05-23,2009-02-09,3000.0,0.0,3000.0,3000.0,0.0,0.0,False,False,,,False,False,,,False,False,False,,,0,39,,,,0,4451,deterministic_stratified_sample
current_no_cash_proxy_alpha_AB,standard,180,2008-05-29,2009-02-12,3000.0,0.0,3000.0,3000.0,0.0,0.0,False,False,,,False,False,,,False,False,False,,,0,38,,,,0,4451,deterministic_stratified_sample
current_no_cash_proxy_alpha_AB,standard,180,2008-06-03,2009-02-18,3000.0,0.0,3000.0,3000.0,0.0,0.0,False,False,,,False,False,,,False,False,False,,,0,38,,,,0,4451,deterministic_stratified_sample
current_no_cash_proxy_alpha_AB,standard,180,2008-06-06,2009-02-23,3000.0,0.0,3000.0,3000.0,0.0,0.0,False,False,,,False,False,,,False,False,False,,,0,39,,,,0,4451,deterministic_stratified_sample
current_no_cash_proxy_alpha_AB,standard,180,2008-06-16,2009-03-03,3000.0,0.0,3000.0,3000.0,0.0,0.0,False,False,,,False,False,,,False,False,False,,,0,38,,,,0,4451,deterministic_stratified_sample
current_no_cash_proxy_alpha_AB,standard,180,2008-06-19,2009-03-06,3000.0,0.0,3000.0,3000.0,0.0,0.0,False,False,,,False,False,,,False,False,False,,,0,38,,,,0,4451,deterministic_stratified_sample
current_no_cash_proxy_alpha_AB,standard,180,2008-07-02,2009-03-19,3000.0,0.0,3000.0,3000.0,0.0,0.0,False,False,,,False,False,,,False,False,False,,,0,38,,,,0,4451,deterministic_stratified_sample
current_no_cash_proxy_alpha_AB,standard,180,2008-07-16,2009-04-01,3000.0,0.0,3000.0,3000.0,0.0,0.0,False,False,,,False,False,,,False,False,False,,,0,38,,,,0,4451,deterministic_stratified_sample
current_no_cash_proxy_alpha_AB,standard,180,2008-07-21,2009-04-06,3000.0,0.0,3000.0,3000.0,0.0,0.0,False,False,,,False,False,,,False,False,False,,,0,38,,,,0,4451,deterministic_stratified_sample
current_no_cash_proxy_alpha_AB,standard,180,2008-07-29,2009-04-15,3000.0,0.0,3000.0,3000.0,0.0,0.0,False,False,,,False,False,,,False,False,False,,,0,38,,,,0,4451,deterministic_stratified_sample
current_no_cash_proxy_alpha_AB,standard,180,2008-08-04,2009-04-21,3000.0,0.0,3000.0,3000.0,0.0,0.0,False,False,,,False,False,,,False,False,False,,,0,38,,,,0,4451,deterministic_stratified_sample
current_no_cash_proxy_alpha_AB,standard,180,2008-08-06,2009-04-23,3000.0,0.0,3000.0,3000.0,0.0,0.0,False,False,,,False,False,,,False,False,False,,,0,38,,,,0,4451,deterministic_stratified_sample
current_no_cash_proxy_alpha_AB,standard,180,2008-08-11,2009-04-28,3000.0,0.0,3000.0,3000.0,0.0,0.0,False,False,,,False,False,,,False,False,False,,,0,38,,,,0,4451,deterministic_stratified_sample
current_no_cash_proxy_alpha_AB,standard,180,2008-08-22,2009-05-11,3000.0,0.0,3000.0,3000.0,0.0,0.0,False,False,,,False,False,,,False,False,False,,,0,39,,,,0,4451,deterministic_stratified_sample
current_no_cash_proxy_alpha_AB,standard,180,2008-09-04,2009-05-21,3000.0,0.0,3000.0,3000.0,0.0,0.0,False,False,,,False,False,,,False,False,False,,,0,38,,,,0,4451,deterministic_stratified_sample
current_no_cash_proxy_alpha_AB,standard,180,2008-09-10,2009-05-28,3000.0,0.0,3000.0,3000.0,0.0,0.0,False,False,,,False,False,,,False,False,False,,,0,38,,,,0,4451,deterministic_stratified_sample
current_no_cash_proxy_alpha_AB,standard,180,2008-09-17,2009-06-04,3035.9133294380526,0.011971109812684233,3035.9133294380526,2990.9732327646625,-35.892666567947344,-0.011858029976108742,False,False,,,False,False,,,False,False,False,,,3,40,,A_ETF_sector_momentum,B_ETF_trend_following,0,4451,deterministic_stratified_sample
current_no_cash_proxy_alpha_AB,standard,180,2008-09-26,2009-06-15,2963.1314971528413,-0.0122895009490529,3035.9133294380526,2963.1314971528413,-72.7818322852113,-0.02397361992500724,False,False,,,False,False,,,False,False,False,,,4,46,,A_ETF_sector_momentum,B_ETF_trend_following,0,4451,deterministic_stratified_sample
current_no_cash_proxy_alpha_AB,standard,180,2008-09-30,2009-06-17,2937.0412003384477,-0.02098626655385083,3035.9133294380526,2922.7705495008036,-113.14277993724909,-0.037268119231253505,False,False,,,False,False,,,False,False,False,,,4,45,,A_ETF_sector_momentum,B_ETF_trend_following,0,4451,deterministic_stratified_sample
current_no_cash_proxy_alpha_AB,standard,180,2008-10-13,2009-06-30,2915.8896834111374,-0.02803677219628753,3035.9133294380526,2898.6638218940234,-137.24950754402926,-0.045208638274740864,False,False,,,False,False,,,False,False,False,,,5,43,,A_ETF_sector_momentum,B_ETF_trend_following,0,4451,deterministic_stratified_sample
current_no_cash_proxy_alpha_AB,standard,180,2008-10-14,2009-07-01,2925.317016069657,-0.02489432797678104,3035.9133294380526,2898.6638218940234,-137.24950754402926,-0.045208638274740864,False,False,,,False,False,,,False,False,False,,,5,43,,A_ETF_sector_momentum,B_ETF_trend_following,0,4451,deterministic_stratified_sample
current_no_cash_proxy_alpha_AB,standard,180,2008-10-24,2009-07-14,2865.6219557142304,-0.04479268142858983,3035.9133294380526,2827.844782968045,-208.06854647000773,-0.0685357333664467,False,False,,,False,False,,,False,False,False,,,6,42,B_ETF_trend_following,A_ETF_sector_momentum,B_ETF_trend_following,0,4451,deterministic_stratified_sample
current_no_cash_proxy_alpha_AB,standard,180,2008-10-30,2009-07-20,2938.5857124340537,-0.02047142918864875,3035.9133294380526,2827.844782968045,-208.06854647000773,-0.0685357333664467,False,False,,,False,False,,,False,False,False,,,7,57,B_ETF_trend_following,A_ETF_sector_momentum,B_ETF_trend_following,0,4451,deterministic_stratified_sample
current_no_cash_proxy_alpha_AB,standard,180,2008-10-31,2009-07-21,2941.1620022102584,-0.01961266592991384,3035.9133294380526,2827.844782968045,-208.06854647000773,-0.0685357333664467,False,False,,,False,False,,,False,False,False,,,7,62,B_ETF_trend_following,A_ETF_sector_momentum,B_ETF_trend_following,0,4451,deterministic_stratified_sample
current_no_cash_proxy_alpha_AB,standard,180,2008-11-06,2009-07-27,3013.436876217302,0.004478958739100758,3035.9133294380526,2827.844782968045,-208.06854647000773,-0.0685357333664467,False,False,,,False,False,,,False,False,False,,,7,81,B_ETF_trend_following,A_ETF_sector_momentum,B_ETF_trend_following,0,4451,deterministic_stratified_sample
current_no_cash_proxy_alpha_AB,standard,180,2008-11-17,2009-08-05,3033.3078012823144,0.011102600427438158,3052.021702405759,2827.844782968045,-208.06854647000773,-0.0685357333664467,False,False,,,False,False,,,False,False,False,,,7,107,B_ETF_trend_following,A_ETF_sector_momentum,B_ETF_trend_following,0,4451,deterministic_stratified_sample
current_no_cash_proxy_alpha_AB,standard,180,2008-11-19,2009-08-07,3024.228669658401,0.008076223219467105,3052.021702405759,2827.844782968045,-208.06854647000773,-0.0685357333664467,False,False,,,False,False,,,False,False,False,,,7,110,B_ETF_trend_following,A_ETF_sector_momentum,B_ETF_trend_following,0,4451,deterministic_stratified_sample
current_no_cash_proxy_alpha_AB,standard,180,2008-12-03,2009-08-20,2979.859731792287,-0.006713422735904251,3052.021702405759,2827.844782968045,-208.06854647000773,-0.0685357333664467,False,False,,,False,False,,,False,False,False,,,7,118,B_ETF_trend_following,A_ETF_sector_momentum,B_ETF_trend_following,0,4451,deterministic_stratified_sample
current_no_cash_proxy_alpha_AB,standard,180,2008-12-04,2009-08-21,2995.8295529725865,-0.0013901490091378088,3052.021702405759,2827.844782968045,-208.06854647000773,-0.0685357333664467,False,False,,,False,False,,,False,False,False,,,7,119,B_ETF_trend_following,A_ETF_sector_momentum,B_ETF_trend_following,0,4451,deterministic_stratified_sample
current_no_cash_proxy_alpha_AB,standard,180,2008-12-16,2009-09-02,2939.420677686036,-0.020193107437987967,3052.021702405759,2827.844782968045,-208.06854647000773,-0.0685357333664467,False,False,,,False,False,,,False,False,False,,,8,148,B_ETF_trend_following,A_ETF_sector_momentum,B_ETF_trend_following,0,4451,deterministic_stratified_sample
current_no_cash_proxy_alpha_AB,standard,180,2008-12-22,2009-09-09,2992.20621203115,-0.00259792932295011,3052.021702405759,2827.844782968045,-208.06854647000773,-0.0685357333664467,False,False,,,False,False,,,False,False,False,,,9,154,B_ETF_trend_following,A_ETF_sector_momentum,B_ETF_trend_following,0,4451,deterministic_stratified_sample
current_no_cash_proxy_alpha_AB,standard,180,2008-12-30,2009-09-16,3041.109706090639,0.013703235363546451,3052.021702405759,2827.844782968045,-208.06854647000773,-0.0685357333664467,False,False,,,False,False,,,False,False,False,,,10,178,B_ETF_trend_following,A_ETF_sector_momentum,B_ETF_trend_following,0,4451,deterministic_stratified_sample
current_no_cash_proxy_alpha_AB,standard,180,2009-01-12,2009-09-28,3016.7586059410205,0.0055862019803401,3071.037405380189,2827.844782968045,-208.06854647000773,-0.0685357333664467,False,False,,,False,False,,,False,False,False,,,12,195,B_ETF_trend_following,A_ETF_sector_momentum,B_ETF_trend_following,0,4451,deterministic_stratified_sample
current_no_cash_proxy_alpha_AB,standard,180,2009-01-13,2009-09-29,3017.033770269098,0.005677923423032638,3071.037405380189,2827.844782968045,-208.06854647000773,-0.0685357333664467,False,False,,,False,False,,,False,False,False,,,12,196,B_ETF_trend_following,A_ETF_sector_momentum,B_ETF_trend_following,0,4451,deterministic_stratified_sample
current_no_cash_proxy_alpha_AB,standard,180,2009-01-16,2009-10-02,2980.853800143653,-0.006382066618782267,3071.037405380189,2827.844782968045,-208.06854647000773,-0.0685357333664467,False,False,,,False,False,,,False,False,False,,,12,198,B_ETF_trend_following,A_ETF_sector_momentum,B_ETF_trend_following,0,4451,deterministic_stratified_sample
current_no_cash_proxy_alpha_AB,standard,180,2009-01-27,2009-10-12,3064.2396191088337,0.021413206369611304,3071.037405380189,2827.844782968045,-208.06854647000773,-0.0685357333664467,False,False,,,False,False,,,False,False,False,,,14,207,B_ETF_trend_following,A_ETF_sector_momentum,B_ETF_trend_following,0,4451,deterministic_stratified_sample
current_no_cash_proxy_alpha_AB,standard,180,2009-01-29,2009-10-14,3081.202492944224,0.0270674976480747,3081.202492944224,2827.844782968045,-208.06854647000773,-0.0685357333664467,False,False,,,False,False,,,False,False,False,,,14,216,B_ETF_trend_following,A_ETF_sector_momentum,B_ETF_trend_following,0,4451,deterministic_stratified_sample
current_no_cash_proxy_alpha_AB,standard,180,2009-02-06,2009-10-22,3099.870561433332,0.03329018714444398,3106.0860391947153,2827.844782968045,-208.06854647000773,-0.0685357333664467,False,False,,,False,False,,,False,False,False,,,14,234,B_ETF_trend_following,A_ETF_sector_momentum,B_ETF_trend_following,0,4451,deterministic_stratified_sample
current_no_cash_proxy_alpha_AB,standard,180,2009-02-11,2009-10-27,3050.3086415174776,0.01676954717249246,3106.0860391947153,2827.844782968045,-208.06854647000773,-0.0685357333664467,False,False,,,False,False,,,False,False,False,,,14,235,B_ETF_trend_following,A_ETF_sector_momentum,B_ETF_trend_following,0,4451,deterministic_stratified_sample
current_no_cash_proxy_alpha_AB,standard,180,2009-02-17,2009-10-30,3031.488155852904,0.010496051950968033,3106.0860391947153,2827.844782968045,-208.06854647000773,-0.0685357333664467,False,False,,,False,False,,,False,False,False,,,14,234,B_ETF_trend_following,A_ETF_sector_momentum,B_ETF_trend_following,0,4451,deterministic_stratified_sample
current_no_cash_proxy_alpha_AB,standard,180,2009-02-20,2009-11-04,3073.038291792939,0.024346097264313027,3106.0860391947153,2827.844782968045,-208.06854647000773,-0.0685357333664467,False,False,,,False,False,,,False,False,False,,,15,235,B_ETF_trend_following,A_ETF_sector_momentum,B_ETF_trend_following,0,4451,deterministic_stratified_sample
current_no_cash_proxy_alpha_AB,standard,180,2009-03-05,2009-11-17,3157.01062526464,0.052336875088213386,3157.01062526464,2827.844782968045,-208.06854647000773,-0.0685357333664467,False,False,,,False,False,,,False,False,False,,,16,259,B_ETF_trend_following,A_ETF_sector_momentum,B_ETF_trend_following,0,4451,deterministic_stratified_sample
current_no_cash_proxy_alpha_AB,standard,180,2009-03-18,2009-12-01,3227.36851347183,0.07578950449060984,3227.36851347183,2827.844782968045,-208.06854647000773,-0.0685357333664467,False,False,,,False,False,,,False,False,False,,,16,284,B_ETF_trend_following,A_ETF_sector_momentum,B_ETF_trend_following,0,4451,deterministic_stratified_sample
current_no_cash_proxy_alpha_AB,standard,180,2009-03-23,2009-12-04,3195.997530296944,0.06533251009898144,3247.045384543157,2827.844782968045,-208.06854647000773,-0.0685357333664467,False,False,,,False,False,,,False,False,False,,,16,292,B_ETF_trend_following,A_ETF_sector_momentum,B_ETF_trend_following,0,4451,deterministic_stratified_sample
current_no_cash_proxy_alpha_AB,standard,180,2009-03-31,2009-12-14,3222.018571004328,0.07400619033477596,3247.045384543157,2827.844782968045,-208.06854647000773,-0.0685357333664467,False,False,,,False,False,,,False,False,False,,,17,301,B_ETF_trend_following,A_ETF_sector_momentum,B_ETF_trend_following,0,4451,deterministic_stratified_sample
current_no_cash_proxy_alpha_AB,standard,180,2009-04-08,2009-12-22,3212.3957142419795,0.07079857141399315,3247.045384543157,2827.844782968045,-208.06854647000773,-0.0685357333664467,False,False,,,False,False,,,False,False,False,,,18,312,B_ETF_trend_following,A_ETF_sector_momentum,B_ETF_trend_following,0,4451,deterministic_stratified_sample
current_no_cash_proxy_alpha_AB,standard,180,2009-04-14,2009-12-28,3223.0600125377578,0.07435333751258599,3247.045384543157,2827.844782968045,-208.06854647000773,-0.0685357333664467,False,False,,,False,False,,,False,False,False,,,18,327,B_ETF_trend_following,A_ETF_sector_momentum,B_ETF_trend_following,0,4451,deterministic_stratified_sample
current_no_cash_proxy_alpha_AB,standard,180,2009-04-15,2009-12-29,3225.704767775979,0.07523492259199283,3247.045384543157,2827.844782968045,-208.06854647000773,-0.0685357333664467,False,False,,,False,False,,,False,False,False,,,18,332,B_ETF_trend_following,A_ETF_sector_momentum,B_ETF_trend_following,0,4451,deterministic_stratified_sample
current_no_cash_proxy_alpha_AB,standard,180,2009-04-22,2010-01-06,3206.24559168739,0.06874853056246333,3247.045384543157,2827.844782968045,-208.06854647000773,-0.0685357333664467,False,False,,,False,False,,,False,False,False,,,19,345,B_ETF_trend_following,A_ETF_sector_momentum,B_ETF_trend_following,0,4451,deterministic_stratified_sample
current_no_cash_proxy_alpha_AB,standard,180,2009-04-27,2010-01-11,3212.327579397672,0.07077585979922385,3247.045384543157,2827.844782968045,-208.06854647000773,-0.0685357333664467,False,False,,,False,False,,,False,False,False,,,19,360,B_ETF_trend_following,A_ETF_sector_momentum,B_ETF_trend_following,0,4451,deterministic_stratified_sample
current_no_cash_proxy_alpha_AB,standard,180,2009-05-08,2010-01-25,3127.00589979075,0.04233529993024998,3247.045384543157,2827.844782968045,-208.06854647000773,-0.0685357333664467,False,False,,,False,False,,,False,False,False,,,21,374,B_ETF_trend_following,A_ETF_sector_momentum,B_ETF_trend_following,0,4451,deterministic_stratified_sample
current_no_cash_proxy_alpha_AB,standard,180,2009-05-13,2010-01-28,3120.7244821077256,0.0402414940359086,3247.045384543157,2827.844782968045,-208.06854647000773,-0.0685357333664467,False,False,,,False,False,,,False,False,False,,,21,373,B_ETF_trend_following,A_ETF_sector_momentum,B_ETF_trend_following,0,4451,deterministic_stratified_sample
current_no_cash_proxy_alpha_AB,standard,180,2009-05-21,2010-02-05,3091.390691922148,0.030463563974049368,3247.045384543157,2827.844782968045,-208.06854647000773,-0.0685357333664467,False,False,,,False,False,,,False,False,False,,,22,374,B_ETF_trend_following,A_ETF_sector_momentum,B_ETF_trend_following,0,4451,deterministic_stratified_sample
current_no_cash_proxy_alpha_AB,standard,180,2009-06-04,2010-02-19,3424.288171179177,0.14142939039305902,3529.1908392923215,2871.4928892687994,-150.4729280065976,-0.04306420875454231,True,True,2009-11-16,116,True,True,2009-11-23,121,False,False,False,,,32,349,,A_ETF_sector_momentum,B_ETF_trend_following,0,4451,deterministic_stratified_sample
current_no_cash_proxy_alpha_AB,standard,180,2009-06-17,2010-03-04,3423.9798444694925,0.14132661482316422,3486.709811682532,2912.016611530441,-148.54407108043506,-0.0430011763053052,True,True,2009-11-17,108,True,True,2009-11-25,114,False,False,False,,,32,363,,B_ETF_trend_following,A_ETF_sector_momentum,0,4451,deterministic_stratified_sample
current_no_cash_proxy_alpha_AB,standard,180,2009-06-30,2010-03-17,3759.8375316613074,0.2532791772204357,3759.8375316613074,2944.147279151248,-158.69783227841936,-0.044523451583302065,True,True,2009-07-23,17,True,True,2009-10-15,76,False,False,False,,,31,400,,A_ETF_sector_momentum,B_ETF_trend_following,0,4451,deterministic_stratified_sample
current_no_cash_proxy_alpha_AB,standard,180,2009-07-07,2010-03-23,3816.151078618771,0.2720503595395902,3816.151078618771,3000.0,-182.80831472141426,-0.04877610298256452,True,True,2009-07-23,13,True,True,2009-10-12,69,False,False,False,,,31,410,,A_ETF_sector_momentum,B_ETF_trend_following,0,4451,deterministic_stratified_sample
current_no_cash_proxy_alpha_AB,standard,180,2009-07-13,2010-03-29,3685.5656509580926,0.22852188365269765,3685.5656509580926,3000.0,-153.08646783450513,-0.04268109378671325,True,True,2009-10-19,70,True,True,2009-11-17,91,False,False,False,,,30,429,,A_ETF_sector_momentum,B_ETF_trend_following,0,4451,deterministic_stratified_sample
current_no_cash_proxy_alpha_AB,standard,180,2009-07-22,2010-04-08,3522.192123524037,0.174064041174679,3522.192123524037,2958.2003029031507,-144.60197751521082,-0.042548052344542286,True,True,2009-11-25,90,True,True,2010-03-15,163,False,False,False,,,30,423,,A_ETF_sector_momentum,B_ETF_trend_following,0,4451,deterministic_stratified_sample
current_no_cash_proxy_alpha_AB,standard,180,2009-07-24,2010-04-12,3523.880953652274,0.17462698455075798,3523.880953652274,2934.3824199241426,-143.55169785910357,-0.0425480523445424,True,True,2009-11-25,88,True,True,2010-03-16,162,False,False,False,,,31,410,,A_ETF_sector_momentum,B_ETF_trend_following,0,4451,deterministic_stratified_sample
current_no_cash_proxy_alpha_AB,standard,180,2009-08-06,2010-04-23,3645.8722949584403,0.21529076498614685,3647.4070347975103,2936.107233815521,-144.31048276212096,-0.04254805234454251,True,True,2009-11-25,79,True,True,2010-03-16,153,False,False,False,,,29,408,,A_ETF_sector_momentum,B_ETF_trend_following,0,4451,deterministic_stratified_sample
current_no_cash_proxy_alpha_AB,standard,180,2009-08-19,2010-05-06,3559.3826580238474,0.18646088600794908,3712.8377130452936,2974.2675342708058,-169.0943638975259,-0.04554316050588525,True,True,2009-11-23,68,True,True,2009-12-02,74,False,False,False,,,32,402,,A_ETF_sector_momentum,B_ETF_trend_following,0,4451,deterministic_stratified_sample
current_no_cash_proxy_alpha_AB,standard,180,2009-09-01,2010-05-19,3554.635992495274,0.18487866416509124,3713.8892960773073,3000.0,-169.85072930760998,-0.04573392359514061,True,True,2009-11-23,59,True,True,2009-12-02,65,False,False,False,,,33,370,,A_ETF_sector_momentum,B_ETF_trend_following,0,4451,deterministic_stratified_sample
current_no_cash_proxy_alpha_AB,standard,180,2009-09-15,2010-06-02,3437.6509381323776,0.14588364604412596,3588.5189026351336,2927.6616690515993,-164.11323214053482,-0.0457328598770993,True,True,2009-12-02,56,True,True,2010-03-23,131,False,False,False,,,32,351,,A_ETF_sector_momentum,B_ETF_trend_following,0,4451,deterministic_stratified_sample
current_no_cash_proxy_alpha_AB,standard,180,2009-09-16,2010-06-03,3472.9632925581163,0.15765443085270547,3627.461084462847,2944.482070674825,-165.89425355559342,-0.045732883053150375,True,True,2009-11-25,51,True,True,2010-03-17,126,False,False,False,,,31,344,,A_ETF_sector_momentum,B_ETF_trend_following,0,4451,deterministic_stratified_sample
current_no_cash_proxy_alpha_AB,standard,180,2009-09-18,2010-06-07,3398.8989933971598,0.13296633113238654,3524.2913972035594,2892.373210365018,-161.17592463437722,-0.04573285987709941,True,True,2010-03-17,124,True,True,2010-04-09,140,False,False,False,,,34,338,,A_ETF_sector_momentum,B_ETF_trend_following,0,4451,deterministic_stratified_sample
current_no_cash_proxy_alpha_AB,standard,180,2009-09-28,2010-06-15,3489.711546251374,0.16323718208379123,3633.252854220632,2952.557870575437,-166.15938685153787,-0.04573295433003399,True,True,2009-11-25,43,True,True,2010-03-17,118,False,False,False,,,30,330,,A_ETF_sector_momentum,B_ETF_trend_following,0,4451,deterministic_stratified_sample
current_no_cash_proxy_alpha_AB,standard,180,2009-10-09,2010-06-28,3417.759250105025,0.13925308336834163,3562.274081444253,2969.733667146964,-166.83242092367254,-0.046833123198660176,True,True,2010-01-19,69,True,True,2010-04-05,121,False,False,False,,,30,333,,A_ETF_sector_momentum,B_ETF_trend_following,0,4451,deterministic_stratified_sample
current_no_cash_proxy_alpha_AB,standard,180,2009-10-22,2010-07-12,3377.2619885312065,0.12575399617706884,3520.661424355072,2923.9798903003666,-164.73617393063614,-0.04679125711749266,True,True,2010-03-17,100,True,True,2010-04-09,116,False,False,False,,,28,306,,A_ETF_sector_momentum,B_ETF_trend_following,0,4451,deterministic_stratified_sample
current_no_cash_proxy_alpha_AB,standard,180,2009-11-04,2010-07-23,3396.831650220616,0.13227721674020532,3530.8317546482585,3000.0,-165.24850661464643,-0.04680158050496197,True,True,2010-03-16,90,True,True,2010-04-09,107,False,False,False,,,27,305,,B_ETF_trend_following,A_ETF_sector_momentum,0,4451,deterministic_stratified_sample
current_no_cash_proxy_alpha_AB,standard,180,2009-11-05,2010-07-26,3421.0417327806113,0.14034724426020384,3459.57496988841,2996.436160508039,-164.05621301561905,-0.05119474162800197,True,True,2010-04-09,106,True,True,2010-04-22,115,False,False,False,,,26,307,,B_ETF_trend_following,A_ETF_sector_momentum,0,4451,deterministic_stratified_sample
current_no_cash_proxy_alpha_AB,standard,180,2009-11-13,2010-08-03,3296.3844854243575,0.09879482847478593,3402.344478212486,2990.1979957394055,-161.56103956699235,-0.05126059376911918,True,True,2010-04-14,103,True,True,2010-05-12,123,False,False,False,,,28,299,,B_ETF_trend_following,A_ETF_sector_momentum,0,4451,deterministic_stratified_sample
current_no_cash_proxy_alpha_AB,standard,180,2009-11-17,2010-08-05,3260.453436320431,0.08681781210681039,3335.1693072256007,2931.1601578794466,-164.51654655049333,-0.05314396891479933,True,True,2010-04-26,109,False,False,,,False,False,False,,,29,288,,B_ETF_trend_following,A_ETF_sector_momentum,0,4451,deterministic_stratified_sample
current_no_cash_proxy_alpha_AB,standard,180,2009-12-01,2010-08-18,3157.775616564873,0.05259187218829098,3315.7312907142673,2914.076785403337,-164.15632254943603,-0.04950833109098951,True,True,2010-05-11,111,False,False,,,False,False,False,,,28,273,,A_ETF_sector_momentum,B_ETF_trend_following,0,4451,deterministic_stratified_sample
current_no_cash_proxy_alpha_AB,standard,180,2009-12-02,2010-08-19,3146.383632369051,0.04879454412301709,3299.1929623745564,2899.541844402811,-163.99534660099562,-0.04970771593879786,False,False,,,False,False,,,False,False,False,,,28,269,,A_ETF_sector_momentum,B_ETF_trend_following,0,4451,deterministic_stratified_sample
current_no_cash_proxy_alpha_AB,standard,180,2009-12-11,2010-08-30,3112.624259392542,0.03754141979751413,3263.203809918362,2867.91227478339,-163.64504590365596,-0.050148582631052374,False,False,,,False,False,,,False,False,False,,,27,263,,B_ETF_trend_following,A_ETF_sector_momentum,0,4451,deterministic_stratified_sample
current_no_cash_proxy_alpha_AB,standard,180,2009-12-15,2010-09-01,3263.269332177618,0.08775644405920602,3417.0182108021263,2972.0716410992254,-165.14219957950354,-0.04841806926891423,True,True,2010-04-14,82,True,True,2010-05-11,101,False,False,False,,,23,255,,A_ETF_sector_momentum,B_ETF_trend_following,0,4451,deterministic_stratified_sample
current_no_cash_proxy_alpha_AB,standard,180,2009-12-24,2010-09-13,3102.6401350907195,0.03421337836357319,3268.9078951210045,2872.925389783853,-167.4768124178213,-0.05123326131879946,False,False,,,False,False,,,False,False,False,,,27,239,,A_ETF_sector_momentum,B_ETF_trend_following,0,4451,deterministic_stratified_sample
current_no_cash_proxy_alpha_AB,standard,180,2010-01-08,2010-09-24,3187.384684429574,0.06246156147652471,3273.144395895699,2876.6486976988986,-167.53250211689283,-0.051183963141671174,False,False,,,False,False,,,False,False,False,,,26,216,,A_ETF_sector_momentum,B_ETF_trend_following,0,4451,deterministic_stratified_sample
current_no_cash_proxy_alpha_AB,standard,180,2010-01-19,2010-10-04,3232.9634376518607,0.07765447921728685,3290.0190518116533,2891.4792248903095,-167.7543230393644,-0.05098886067148767,False,False,,,False,False,,,False,False,False,,,24,221,,A_ETF_sector_momentum,B_ETF_trend_following,0,4451,deterministic_stratified_sample
current_no_cash_proxy_alpha_AB,standard,180,2010-01-22,2010-10-07,3317.95958869788,0.10598652956596011,3337.6515933807577,2933.341749759262,-168.38046287671295,-0.05044878357305049,True,True,2010-04-26,65,False,False,,,False,False,False,,,22,229,,A_ETF_sector_momentum,B_ETF_trend_following,0,4451,deterministic_stratified_sample
current_no_cash_proxy_alpha_AB,standard,180,2010-02-04,2010-10-20,3399.727008369897,0.13324233612329883,3456.6810226441166,2988.565497134155,-169.54683120174786,-0.049482770757643624,True,True,2010-04-14,48,True,True,2010-05-11,67,False,False,False,,,20,256,,A_ETF_sector_momentum,B_ETF_trend_following,0,4451,deterministic_stratified_sample
current_no_cash_proxy_alpha_AB,standard,180,2010-02-18,2010-11-02,3419.101927654686,0.1397006425515619,3451.5641544407476,2983.8515809120777,-168.90550155577148,-0.04937430967745171,True,True,2010-04-14,39,True,True,2010-05-11,58,False,False,False,,,20,263,,B_ETF_trend_following,A_ETF_sector_momentum,0,4451,deterministic_stratified_sample
current_no_cash_proxy_alpha_AB,standard,180,2010-02-19,2010-11-03,3373.8556944415695,0.12461856481385647,3406.2871573077778,2968.662759424109,-168.9143780590257,-0.050000285097460684,True,True,2010-04-14,38,True,True,2010-10-13,165,False,False,False,,,21,278,,A_ETF_sector_momentum,B_ETF_trend_following,0,4451,deterministic_stratified_sample
current_no_cash_proxy_alpha_AB,standard,180,2010-03-03,2010-11-15,3205.169291043674,0.06838976368122474,3336.7002929209034,3000.0,-288.1511051762427,-0.08635810228074126,True,True,2010-04-14,30,False,False,,,False,False,False,,,27,268,,B_ETF_trend_following,A_ETF_sector_momentum,0,4451,deterministic_stratified_sample
current_no_cash_proxy_alpha_AB,standard,180,2010-03-16,2010-11-29,3023.0911633123687,0.007697054437456163,3156.118979069101,2866.904502817328,-289.2144762517728,-0.09163611326752863,False,False,,,False,False,,,False,False,False,,,30,232,,A_ETF_sector_momentum,B_ETF_trend_following,0,4451,deterministic_stratified_sample
current_no_cash_proxy_alpha_AB,standard,180,2010-03-19,2010-12-02,3330.859766077406,0.11028658869246866,3330.859766077406,3000.0,-167.14059078190348,-0.05153363067192396,True,True,2010-11-04,161,False,False,,,False,False,False,,,25,218,,A_ETF_sector_momentum,B_ETF_trend_following,0,4451,deterministic_stratified_sample
current_no_cash_proxy_alpha_AB,standard,180,2010-03-29,2010-12-10,3101.086951786386,0.03369565059546198,3187.9861772527456,2907.2128943936923,-280.7732828590533,-0.08807230246556785,False,False,,,False,False,,,False,False,False,,,28,231,,A_ETF_sector_momentum,B_ETF_trend_following,0,4451,deterministic_stratified_sample
current_no_cash_proxy_alpha_AB,standard,180,2010-04-12,2010-12-23,3014.6582816604678,0.004886093886822485,3103.6971423810096,2858.2006859154085,-245.4964564656011,-0.07909807085019505,False,False,,,False,False,,,False,False,False,,,26,271,B_ETF_trend_following,A_ETF_sector_momentum,B_ETF_trend_following,0,4451,deterministic_stratified_sample
current_no_cash_proxy_alpha_AB,standard,180,2010-04-23,2011-01-06,3181.0366378831436,0.0603455459610478,3186.7314613865483,2873.2019623328665,-164.4367298111506,-0.054133077194604806,False,False,,,False,False,,,False,False,False,,,27,252,,A_ETF_sector_momentum,B_ETF_trend_following,0,4451,deterministic_stratified_sample
current_no_cash_proxy_alpha_AB,standard,180,2010-05-06,2011-01-20,2961.708697968903,-0.012763767343698995,3045.8135432048357,2819.7895957266383,-226.02394747819744,-0.07420807093804327,False,False,,,False,False,,,False,False,False,,,24,301,B_ETF_trend_following,A_ETF_sector_momentum,B_ETF_trend_following,0,4451,deterministic_stratified_sample
current_no_cash_proxy_alpha_AB,standard,180,2010-05-07,2011-01-21,2955.8901248206657,-0.0147032917264448,3055.153793705237,2814.249836858177,-240.90395684706027,-0.07885166283393419,False,False,,,False,False,,,False,False,False,,,22,305,B_ETF_trend_following,A_ETF_sector_momentum,B_ETF_trend_following,0,4451,deterministic_stratified_sample
current_no_cash_proxy_alpha_AB,standard,180,2010-05-18,2011-02-01,3140.7182824574675,0.04690609415248925,3266.097040821624,2883.2852588779383,-148.7976857427816,-0.04759801069412395,False,False,,,False,False,,,False,False,False,,,30,278,,A_ETF_sector_momentum,B_ETF_trend_following,0,4451,deterministic_stratified_sample
current_no_cash_proxy_alpha_AB,standard,180,2010-05-21,2011-02-04,3067.564107518841,0.022521369172946892,3070.147912839164,2827.86651496362,-181.77614309127694,-0.060397915548139225,False,False,,,False,False,,,False,False,False,,,21,325,B_ETF_trend_following,A_ETF_sector_momentum,B_ETF_trend_following,0,4451,deterministic_stratified_sample
current_no_cash_proxy_alpha_AB,standard,180,2010-06-01,2011-02-14,3129.010294403385,0.04300343146779495,3129.010294403385,2827.86651496362,-181.77614309127694,-0.060397915548139225,False,False,,,False,False,,,False,False,False,,,21,346,B_ETF_trend_following,A_ETF_sector_momentum,B_ETF_trend_following,0,4451,deterministic_stratified_sample
current_no_cash_proxy_alpha_AB,standard,180,2010-06-14,2011-02-28,3139.0116338303906,0.0463372112767968,3158.3991958381257,2827.86651496362,-181.77614309127694,-0.060397915548139225,False,False,,,False,False,,,False,False,False,,,22,369,B_ETF_trend_following,A_ETF_sector_momentum,B_ETF_trend_following,0,4451,deterministic_stratified_sample
current_no_cash_proxy_alpha_AB,standard,180,2010-06-25,2011-03-11,3129.6942043228837,0.04323140144096116,3247.440148884175,2891.605894807125,-141.67979189394646,-0.04648001478390984,False,False,,,False,False,,,False,False,False,,,19,377,B_ETF_trend_following,A_ETF_sector_momentum,B_ETF_trend_following,0,4451,deterministic_stratified_sample
current_no_cash_proxy_alpha_AB,standard,180,2010-07-08,2011-03-23,3115.854306738096,0.03861810224603213,3247.440148884175,2891.605894807125,-151.70863463800288,-0.04671637587843769,False,False,,,False,False,,,False,False,False,,,22,375,B_ETF_trend_following,A_ETF_sector_momentum,B_ETF_trend_following,0,4451,deterministic_stratified_sample
current_no_cash_proxy_alpha_AB,standard,180,2010-07-09,2011-03-24,3126.864124139697,0.042288041379899166,3247.440148884175,2891.605894807125,-151.70863463800288,-0.04671637587843769,False,False,,,False,False,,,False,False,False,,,22,376,B_ETF_trend_following,A_ETF_sector_momentum,B_ETF_trend_following,0,4451,deterministic_stratified_sample
current_no_cash_proxy_alpha_AB,standard,180,2010-07-22,2011-04-06,3197.023373761963,0.0656744579206543,3247.440148884175,2891.605894807125,-151.70863463800288,-0.04671637587843769,False,False,,,False,False,,,False,False,False,,,22,404,B_ETF_trend_following,A_ETF_sector_momentum,B_ETF_trend_following,0,4451,deterministic_stratified_sample
current_no_cash_proxy_alpha_AB,standard,180,2010-07-23,2011-04-07,3190.1492110380905,0.06338307034603008,3247.440148884175,2891.605894807125,-151.70863463800288,-0.04671637587843769,False,False,,,False,False,,,False,False,False,,,22,409,B_ETF_trend_following,A_ETF_sector_momentum,B_ETF_trend_following,0,4451,deterministic_stratified_sample
current_no_cash_proxy_alpha_AB,standard,180,2010-07-29,2011-04-13,3143.262279384565,0.047754093128188346,3305.1323087997166,2917.74529216258,-186.94364464294222,-0.056561622100639086,True,True,2011-01-18,120,False,False,,,False,False,False,,,31,370,B_ETF_trend_following,A_ETF_sector_momentum,B_ETF_trend_following,0,4451,deterministic_stratified_sample
current_no_cash_proxy_alpha_AB,standard,180,2010-08-04,2011-04-19,3149.4400404895923,0.04981334682986405,3303.075095374573,2915.929200029081,-186.851677762309,-0.05656900686998145,True,True,2011-01-18,116,False,False,,,False,False,False,,,33,376,B_ETF_trend_following,A_ETF_sector_momentum,B_ETF_trend_following,0,4451,deterministic_stratified_sample
current_no_cash_proxy_alpha_AB,standard,180,2010-08-17,2011-05-03,3456.1333826352934,0.15204446087843104,3469.9960187179595,3000.0,-168.15863732526213,-0.048869257545951617,True,True,2010-12-21,89,True,True,2011-02-23,132,False,False,False,,,32,392,,A_ETF_sector_momentum,B_ETF_trend_following,0,4451,deterministic_stratified_sample
current_no_cash_proxy_alpha_AB,standard,180,2010-08-25,2011-05-11,3445.2103464180072,0.14840344880600242,3469.9960187179595,3000.0,-168.15863732526213,-0.048869257545951617,True,True,2010-12-21,83,True,True,2011-02-23,126,False,False,False,,,33,395,,A_ETF_sector_momentum,B_ETF_trend_following,0,4451,deterministic_stratified_sample
current_no_cash_proxy_alpha_AB,standard,180,2010-08-30,2011-05-16,3485.1068409479067,0.1617022803159689,3488.954264672411,3000.0,-168.15863732526213,-0.048869257545951617,True,True,2010-12-21,80,True,True,2011-02-23,123,False,False,False,,,33,396,,A_ETF_sector_momentum,B_ETF_trend_following,0,4451,deterministic_stratified_sample
current_no_cash_proxy_alpha_AB,standard,180,2010-09-13,2011-05-27,3461.713353476608,0.15390445115886942,3534.601879871478,3000.0,-168.25627663726618,-0.048869257545951617,True,True,2010-12-21,71,True,True,2011-01-18,89,False,False,False,,,28,414,,A_ETF_sector_momentum,B_ETF_trend_following,0,4451,deterministic_stratified_sample
current_no_cash_proxy_alpha_AB,standard,180,2010-09-24,2011-06-10,3334.573839033453,0.11152461301115113,3432.7235872729534,2998.232249819205,-163.44963201716973,-0.048869257545951506,True,True,2011-01-18,80,True,True,2011-05-12,160,False,False,False,,,34,390,,A_ETF_sector_momentum,B_ETF_trend_following,0,4451,deterministic_stratified_sample
current_no_cash_proxy_alpha_AB,standard,180,2010-10-07,2011-06-23,3089.6495200105082,0.0298831733368361,3175.3810206348626,2890.953198735809,-167.88871359226505,-0.053232821170484224,False,False,,,False,False,,,False,False,False,,,33,396,B_ETF_trend_following,A_ETF_sector_momentum,B_ETF_trend_following,0,4451,deterministic_stratified_sample
current_no_cash_proxy_alpha_AB,standard,180,2010-10-08,2011-06-24,3223.7858750279156,0.07459529167597179,3335.621621780593,2942.9215996872513,-159.68173940407632,-0.048869257545951617,True,True,2011-05-12,150,False,False,,,False,False,False,,,36,359,,A_ETF_sector_momentum,B_ETF_trend_following,0,4451,deterministic_stratified_sample
current_no_cash_proxy_alpha_AB,standard,180,2010-10-12,2011-06-28,3314.7209543969343,0.10490698479897809,3427.9983193683493,2939.40344796059,-147.93439743502495,-0.044494536071776114,True,True,2011-02-18,91,True,True,2011-05-12,148,False,False,False,,,33,361,,A_ETF_sector_momentum,B_ETF_trend_following,0,4451,deterministic_stratified_sample
current_no_cash_proxy_alpha_AB,standard,180,2010-10-20,2011-07-07,3317.1459817911386,0.1057153272637128,3366.2823714107035,2969.721616791216,-160.3149179909401,-0.048869257545951617,True,True,2011-04-29,133,False,False,,,False,False,False,,,36,363,,A_ETF_sector_momentum,B_ETF_trend_following,0,4451,deterministic_stratified_sample
current_no_cash_proxy_alpha_AB,standard,180,2010-10-29,2011-07-18,3236.000410749836,0.07866680358327871,3376.392464112365,2963.807961375007,-145.72552344908945,-0.04449389297600814,True,True,2011-04-29,126,False,False,,,False,False,False,,,35,364,,A_ETF_sector_momentum,B_ETF_trend_following,0,4451,deterministic_stratified_sample
current_no_cash_proxy_alpha_AB,standard,180,2010-11-01,2011-07-19,3165.5115186310527,0.05517050621035091,3325.251409530467,2933.6152921371586,-159.73989089941415,-0.048869257545951617,True,True,2011-05-12,134,False,False,,,False,False,False,,,34,369,,A_ETF_sector_momentum,B_ETF_trend_following,0,4451,deterministic_stratified_sample
current_no_cash_proxy_alpha_AB,standard,180,2010-11-12,2011-08-01,3182.458202978769,0.060819400992923045,3288.2766719192095,2944.690386820728,-169.30891963156773,-0.05261553016272669,False,False,,,False,False,,,False,False,False,,,33,350,,B_ETF_trend_following,A_ETF_sector_momentum,0,4451,deterministic_stratified_sample
current_no_cash_proxy_alpha_AB,standard,180,2010-11-26,2011-08-12,3419.67273588189,0.13989091196062997,3510.2846996040776,2977.593300082411,-169.18799914611827,-0.05049033426655758,True,True,2011-05-12,116,True,True,2011-08-09,177,False,False,False,,,36,346,,A_ETF_sector_momentum,B_ETF_trend_following,0,4451,deterministic_stratified_sample
current_no_cash_proxy_alpha_AB,standard,180,2010-12-09,2011-08-25,3301.985243896281,0.10066174796542704,3384.548176936082,2968.7021455176473,-162.83578431957312,-0.050404514256778166,True,True,2011-08-10,169,False,False,,,False,False,False,,,33,326,,B_ETF_trend_following,A_ETF_sector_momentum,0,4451,deterministic_stratified_sample
current_no_cash_proxy_alpha_AB,standard,180,2010-12-10,2011-08-26,3131.3869808134677,0.043795660271156,3183.065007015314,2909.8438092433753,-184.3099520561923,-0.05956715996517925,False,False,,,False,False,,,False,False,False,,,26,355,B_ETF_trend_following,A_ETF_sector_momentum,B_ETF_trend_following,0,4451,deterministic_stratified_sample
current_no_cash_proxy_alpha_AB,standard,180,2010-12-22,2011-09-08,3357.5807813931406,0.11919359379771355,3416.6431119611784,2990.9903738444386,-164.45722189234357,-0.05042702217335171,True,True,2011-08-08,158,True,True,2011-08-10,160,False,False,False,,,29,287,,B_ETF_trend_following,A_ETF_sector_momentum,0,4451,deterministic_stratified_sample
current_no_cash_proxy_alpha_AB,standard,180,2010-12-27,2011-09-12,3137.120495089705,0.045706831696568306,3167.8006101585497,2884.710045244478,-157.89474950056683,-0.051894596949715766,False,False,,,False,False,,,False,False,False,,,22,317,B_ETF_trend_following,A_ETF_sector_momentum,B_ETF_trend_following,0,4451,deterministic_stratified_sample
current_no_cash_proxy_alpha_AB,standard,180,2011-01-05,2011-09-21,3148.767126085312,0.04958904202843728,3172.074961343257,2899.710533150186,-148.72529057730662,-0.048787410717228696,False,False,,,False,False,,,False,False,False,,,21,296,B_ETF_trend_following,A_ETF_sector_momentum,B_ETF_trend_following,0,4451,deterministic_stratified_sample
current_no_cash_proxy_alpha_AB,standard,180,2011-01-19,2011-10-04,3142.4991279699752,0.047499709323325146,3179.900724470079,2906.926210024543,-142.76281236712703,-0.04681225243587872,False,False,,,False,False,,,False,False,False,,,19,263,B_ETF_trend_following,A_ETF_sector_momentum,B_ETF_trend_following,0,4451,deterministic_stratified_sample
current_no_cash_proxy_alpha_AB,standard,180,2011-01-28,2011-10-13,3374.1716126986757,0.12472387089955861,3438.2611736145964,3000.0,-165.5493673473179,-0.050441945315131576,True,True,2011-08-08,133,True,True,2011-08-10,135,False,False,False,,,24,216,,B_ETF_trend_following,A_ETF_sector_momentum,0,4451,deterministic_stratified_sample
current_no_cash_proxy_alpha_AB,standard,180,2011-02-01,2011-10-17,3320.425319262909,0.10680843975430299,3383.4940143953004,2994.634457935842,-162.78252798021413,-0.05040376771998811,True,True,2011-08-10,133,False,False,,,False,False,False,,,23,218,,B_ETF_trend_following,A_ETF_sector_momentum,0,4451,deterministic_stratified_sample
current_no_cash_proxy_alpha_AB,standard,180,2011-02-09,2011-10-25,3173.9976448517623,0.05799921495058746,3234.2850690720193,2863.525040214049,-188.53017114518843,-0.061771546741196115,False,False,,,False,False,,,False,False,False,,,25,193,,B_ETF_trend_following,A_ETF_sector_momentum,0,4451,deterministic_stratified_sample
current_no_cash_proxy_alpha_AB,standard,180,2011-02-14,2011-10-28,3206.1139059840352,0.06870463532801163,3278.451546615151,2902.3339811991655,-157.47577774494812,-0.05032696511547319,False,False,,,False,False,,,False,False,False,,,26,185,,B_ETF_trend_following,A_ETF_sector_momentum,0,4451,deterministic_stratified_sample
current_no_cash_proxy_alpha_AB,standard,180,2011-02-28,2011-11-10,3137.24457163271,0.04574819054423673,3264.7087073586076,2890.2581927880497,-156.78148888255646,-0.050316550377202285,False,False,,,False,False,,,False,False,False,,,27,164,,B_ETF_trend_following,A_ETF_sector_momentum,0,4451,deterministic_stratified_sample
current_no_cash_proxy_alpha_AB,standard,180,2011-03-11,2011-11-23,3280.7512407368904,0.09358374691229687,3384.4783476683015,2952.3821051786044,-162.20967577732563,-0.050221424555433436,True,True,2011-08-10,106,False,False,,,False,False,False,,,24,160,,A_ETF_sector_momentum,B_ETF_trend_following,0,4451,deterministic_stratified_sample
current_no_cash_proxy_alpha_AB,standard,180,2011-03-14,2011-11-25,3266.068646614504,0.08868954887150138,3389.6002643229704,3000.0,-163.09101600344093,-0.050408085582342,True,True,2011-08-09,104,False,False,,,False,False,False,,,23,160,,A_ETF_sector_momentum,B_ETF_trend_following,0,4451,deterministic_stratified_sample
current_no_cash_proxy_alpha_AB,standard,180,2011-03-24,2011-12-07,3108.7602451667535,0.03625341505558444,3237.8761159827395,2979.0567368896864,-205.43351788590098,-0.06451064423193786,False,False,,,False,False,,,False,False,False,,,26,152,,A_ETF_sector_momentum,B_ETF_trend_following,0,4451,deterministic_stratified_sample
current_no_cash_proxy_alpha_AB,standard,180,2011-04-05,2011-12-19,3095.3128653370095,0.03177095511233641,3168.9789497431793,2915.666860351351,-201.0663061873529,-0.06451187684143256,False,False,,,False,False,,,False,False,False,,,28,131,,A_ETF_sector_momentum,B_ETF_trend_following,0,4451,deterministic_stratified_sample
current_no_cash_proxy_alpha_AB,standard,180,2011-04-11,2011-12-23,3197.978042417002,0.06599268080566745,3280.5058994594515,3000.0,-208.15790465459122,-0.06451634310240772,False,False,,,False,False,,,False,False,False,,,27,117,,A_ETF_sector_momentum,B_ETF_trend_following,0,4451,deterministic_stratified_sample
current_no_cash_proxy_alpha_AB,standard,180,2011-04-18,2012-01-03,3163.9170405953146,0.054639013531771585,3289.658904479256,2981.73626205417,-166.28288585990276,-0.050675774994503264,False,False,,,False,False,,,False,False,False,,,26,122,,B_ETF_trend_following,A_ETF_sector_momentum,0,4451,deterministic_stratified_sample
current_no_cash_proxy_alpha_AB,standard,180,2011-05-02,2012-01-17,3032.4691013313313,0.010823033777110469,3132.9900285250296,2882.5547107916127,-198.7152707864716,-0.06449135323244182,False,False,,,False,False,,,False,False,False,,,29,97,,A_ETF_sector_momentum,B_ETF_trend_following,0,4451,deterministic_stratified_sample
current_no_cash_proxy_alpha_AB,standard,180,2011-05-13,2012-01-30,3048.0861521978004,0.016028717399266812,3170.5705360059496,2873.794947475255,-163.42322338647273,-0.05154379047259461,False,False,,,False,False,,,False,False,False,,,29,111,,B_ETF_trend_following,A_ETF_sector_momentum,0,4451,deterministic_stratified_sample
current_no_cash_proxy_alpha_AB,standard,180,2011-05-26,2012-02-10,3046.9061738617147,0.01563539128723823,3148.353898940349,2851.2953775431715,-164.20991377522887,-0.05215738733517139,False,False,,,False,False,,,False,False,False,,,30,136,,B_ETF_trend_following,A_ETF_sector_momentum,0,4451,deterministic_stratified_sample
current_no_cash_proxy_alpha_AB,standard,180,2011-05-31,2012-02-14,3138.383965789936,0.046127988596645464,3208.462059947415,2908.13970303849,-164.33311047675306,-0.051218654734364044,False,False,,,False,False,,,False,False,False,,,27,144,,B_ETF_trend_following,A_ETF_sector_momentum,0,4451,deterministic_stratified_sample
current_no_cash_proxy_alpha_AB,standard,180,2011-06-09,2012-02-24,3167.169784130172,0.05572326137672401,3232.593180093328,2927.6915062324783,-166.2093245776182,-0.05141671571948925,False,False,,,False,False,,,False,False,False,,,27,165,,B_ETF_trend_following,A_ETF_sector_momentum,0,4451,deterministic_stratified_sample
current_no_cash_proxy_alpha_AB,standard,180,2011-06-22,2012-03-08,3169.148361821438,0.05638278727381274,3252.8483981867016,2915.305397326227,-196.86234550189192,-0.06051998783946788,False,False,,,False,False,,,False,False,False,,,25,186,,A_ETF_sector_momentum,B_ETF_trend_following,0,4451,deterministic_stratified_sample
current_no_cash_proxy_alpha_AB,standard,180,2011-07-06,2012-03-21,3254.7950786352635,0.08493169287842117,3258.39461687414,2931.1185651571295,-197.3994065394504,-0.06058179863089164,False,False,,,False,False,,,False,False,False,,,23,199,,A_ETF_sector_momentum,B_ETF_trend_following,0,4451,deterministic_stratified_sample
current_no_cash_proxy_alpha_AB,standard,180,2011-07-19,2012-04-03,3286.92223502519,0.0956407450083967,3300.3288485465487,2977.9999034426296,-155.58898173631405,-0.048375908870116446,True,True,2012-03-26,174,False,False,,,False,False,False,,,22,194,,A_ETF_sector_momentum,B_ETF_trend_following,0,4451,deterministic_stratified_sample
current_no_cash_proxy_alpha_AB,standard,180,2011-08-01,2012-04-17,3186.0525262276037,0.06201750874253453,3250.4212282776534,3000.0,-155.53099527527957,-0.04906483037773457,False,False,,,False,False,,,False,False,False,,,22,189,,B_ETF_trend_following,A_ETF_sector_momentum,0,4451,deterministic_stratified_sample
current_no_cash_proxy_alpha_AB,standard,180,2011-08-03,2012-04-19,2928.975720098493,-0.023674759967168946,3000.0,2840.464793441428,-159.5352065585721,-0.05317840218619074,False,False,,,False,False,,,False,False,False,,,16,219,B_ETF_trend_following,A_ETF_sector_momentum,B_ETF_trend_following,0,4451,deterministic_stratified_sample
current_no_cash_proxy_alpha_AB,standard,180,2011-08-12,2012-04-30,2911.6290163363356,-0.02945699455455486,3000.0,2840.464793441428,-159.5352065585721,-0.05317840218619074,False,False,,,False,False,,,False,False,False,,,18,231,B_ETF_trend_following,A_ETF_sector_momentum,B_ETF_trend_following,0,4451,deterministic_stratified_sample
current_no_cash_proxy_alpha_AB,standard,180,2011-08-15,2012-05-01,2922.34946370317,-0.02588351209894335,3000.0,2840.464793441428,-159.5352065585721,-0.05317840218619074,False,False,,,False,False,,,False,False,False,,,18,232,B_ETF_trend_following,A_ETF_sector_momentum,B_ETF_trend_following,0,4451,deterministic_stratified_sample
current_no_cash_proxy_alpha_AB,standard,180,2011-08-19,2012-05-07,2891.5910836731914,-0.036136305442269534,3000.0,2840.464793441428,-159.5352065585721,-0.05317840218619074,False,False,,,False,False,,,False,False,False,,,18,239,B_ETF_trend_following,A_ETF_sector_momentum,B_ETF_trend_following,0,4451,deterministic_stratified_sample
current_no_cash_proxy_alpha_AB,standard,180,2011-08-25,2012-05-11,2878.943317024935,-0.040352227658355,3000.0,2840.464793441428,-159.5352065585721,-0.05317840218619074,False,False,,,False,False,,,False,False,False,,,18,244,B_ETF_trend_following,A_ETF_sector_momentum,B_ETF_trend_following,0,4451,deterministic_stratified_sample
current_no_cash_proxy_alpha_AB,standard,180,2011-09-07,2012-05-23,2836.4110345123772,-0.054529655162540935,3000.0,2825.6505326086453,-174.34946739135466,-0.05811648913045153,False,False,,,False,False,,,False,False,False,,,21,254,B_ETF_trend_following,A_ETF_sector_momentum,B_ETF_trend_following,0,4451,deterministic_stratified_sample
current_no_cash_proxy_alpha_AB,standard,180,2011-09-20,2012-06-06,2801.839454699344,-0.06605351510021862,3000.0,2801.839454699344,-198.16054530065594,-0.06605351510021862,False,False,,,False,False,,,False,False,False,,,23,260,B_ETF_trend_following,A_ETF_sector_momentum,B_ETF_trend_following,0,4451,deterministic_stratified_sample
current_no_cash_proxy_alpha_AB,standard,180,2011-09-23,2012-06-11,2794.9216406308306,-0.06835945312305647,3000.0,2794.9216406308306,-205.07835936916945,-0.06835945312305647,False,False,,,False,False,,,False,False,False,,,24,263,B_ETF_trend_following,A_ETF_sector_momentum,B_ETF_trend_following,0,4451,deterministic_stratified_sample
current_no_cash_proxy_alpha_AB,standard,180,2011-10-03,2012-06-19,2806.47967280993,-0.06450677573002339,3000.0,2794.9216406308306,-205.07835936916945,-0.06835945312305647,False,False,,,False,False,,,False,False,False,,,25,273,B_ETF_trend_following,A_ETF_sector_momentum,B_ETF_trend_following,0,4451,deterministic_stratified_sample
current_no_cash_proxy_alpha_AB,standard,180,2011-10-11,2012-06-27,2782.3426605045124,-0.0725524464984959,3000.0,2777.15704038457,-222.84295961543012,-0.0742809865384767,False,False,,,False,False,,,False,False,False,,,25,280,B_ETF_trend_following,A_ETF_sector_momentum,B_ETF_trend_following,0,4451,deterministic_stratified_sample
current_no_cash_proxy_alpha_AB,standard,180,2011-10-14,2012-07-02,2792.2607909669323,-0.06924640301102258,3000.0,2777.15704038457,-222.84295961543012,-0.0742809865384767,False,False,,,False,False,,,False,False,False,,,26,285,B_ETF_trend_following,A_ETF_sector_momentum,B_ETF_trend_following,0,4451,deterministic_stratified_sample
current_no_cash_proxy_alpha_AB,standard,180,2011-10-27,2012-07-16,2834.686866487053,-0.05510437783764899,3000.0,2777.15704038457,-222.84295961543012,-0.0742809865384767,False,False,,,False,False,,,False,False,False,,,26,307,B_ETF_trend_following,A_ETF_sector_momentum,B_ETF_trend_following,0,4451,deterministic_stratified_sample
current_no_cash_proxy_alpha_AB,standard,180,2011-10-31,2012-07-18,3271.4622739014962,0.09048742463383208,3307.0756774791425,2963.368053263529,-98.17127264541068,-0.029685221089419622,True,True,2012-06-01,148,False,False,,,False,False,False,,,27,242,,B_ETF_trend_following,A_ETF_sector_momentum,0,4451,deterministic_stratified_sample
current_no_cash_proxy_alpha_AB,standard,180,2011-11-09,2012-07-27,3278.041648749405,0.09268054958313487,3341.638978883038,2994.339156795607,-99.19729188916472,-0.0296852210894194,True,True,2012-06-01,141,False,False,,,False,False,False,,,27,255,,B_ETF_trend_following,A_ETF_sector_momentum,0,4451,deterministic_stratified_sample
current_no_cash_proxy_alpha_AB,standard,180,2011-11-18,2012-08-07,3211.6757247635974,0.07055857492119921,3338.0562629063807,2991.1287960102627,-126.38053814278328,-0.03786051767526122,True,True,2012-06-01,134,False,False,,,False,False,False,,,31,266,,B_ETF_trend_following,A_ETF_sector_momentum,0,4451,deterministic_stratified_sample
current_no_cash_proxy_alpha_AB,standard,180,2011-11-22,2012-08-09,3205.4190198268834,0.06847300660896116,3338.0562629063807,2991.1287960102627,-132.63724307949724,-0.03973487342122051,True,True,2012-06-01,132,False,False,,,False,False,False,,,31,268,,B_ETF_trend_following,A_ETF_sector_momentum,0,4451,deterministic_stratified_sample
current_no_cash_proxy_alpha_AB,standard,180,2011-12-06,2012-08-22,3205.972837146008,0.06865761238200263,3336.791334351275,2990.009872864707,-133.7329081108319,-0.040078295197572444,True,True,2012-06-01,123,False,False,,,False,False,False,,,32,290,,B_ETF_trend_following,A_ETF_sector_momentum,0,4451,deterministic_stratified_sample
current_no_cash_proxy_alpha_AB,standard,180,2011-12-13,2012-08-29,3304.7674979809417,0.1015891659936472,3449.08741336481,2977.5652939647007,-159.10642560434098,-0.04613000673390366,True,True,2012-03-26,71,True,True,2012-06-01,118,False,False,False,,,29,281,,B_ETF_trend_following,A_ETF_sector_momentum,0,4451,deterministic_stratified_sample
current_no_cash_proxy_alpha_AB,standard,180,2011-12-19,2012-09-05,3298.758030539613,0.09958601017987112,3449.08741336481,2977.5652939647007,-165.9145101535246,-0.04810388670076182,True,True,2012-03-26,67,True,True,2012-06-01,114,False,False,False,,,29,287,,B_ETF_trend_following,A_ETF_sector_momentum,0,4451,deterministic_stratified_sample
current_no_cash_proxy_alpha_AB,standard,180,2012-01-03,2012-09-18,3361.227922856353,0.12040930761878421,3394.4195078597686,3000.0,-163.2818439527382,-0.04810302426516799,True,True,2012-05-30,103,False,False,,,False,False,False,,,29,321,,B_ETF_trend_following,A_ETF_sector_momentum,0,4451,deterministic_stratified_sample
current_no_cash_proxy_alpha_AB,standard,180,2012-01-17,2012-10-01,3292.1147707611995,0.0973715902537331,3343.2151622323763,3000.0,-160.81879887108335,-0.048103035870326494,True,True,2012-06-01,96,False,False,,,False,False,False,,,29,322,,B_ETF_trend_following,A_ETF_sector_momentum,0,4451,deterministic_stratified_sample
current_no_cash_proxy_alpha_AB,standard,180,2012-01-19,2012-10-03,3413.1903020913996,0.1377301006971332,3447.5957399456956,2992.8417538868152,-165.8520014885853,-0.04810656875077757,True,True,2012-03-26,47,True,True,2012-06-01,94,False,False,False,,,29,305,,B_ETF_trend_following,A_ETF_sector_momentum,0,4451,deterministic_stratified_sample
current_no_cash_proxy_alpha_AB,standard,180,2012-01-30,2012-10-12,3190.378332692807,0.06345944423093575,3270.5622256540564,3000.0,-157.32399404131547,-0.048103042592272716,False,False,,,False,False,,,False,False,False,,,32,297,,B_ETF_trend_following,A_ETF_sector_momentum,0,4451,deterministic_stratified_sample
current_no_cash_proxy_alpha_AB,standard,180,2012-02-21,2012-11-06,3110.321524742366,0.03677384158078856,3258.4528093380304,2981.261054883571,-163.51421125632442,-0.05018154959547905,False,False,,,False,False,,,False,False,False,,,33,264,,B_ETF_trend_following,A_ETF_sector_momentum,0,4451,deterministic_stratified_sample
current_no_cash_proxy_alpha_AB,standard,180,2012-04-04,2012-12-20,3004.0703626914346,0.0013567875638116345,3146.373819262797,2941.33979897928,-205.03402028351684,-0.06516518127256632,False,False,,,False,False,,,False,False,False,,,36,232,,B_ETF_trend_following,A_ETF_sector_momentum,0,4451,deterministic_stratified_sample
current_no_cash_proxy_alpha_AB,standard,180,2012-04-19,2013-01-07,3097.3341782171974,0.03244472607239923,3204.5290118516245,2977.3149680868173,-227.21404376480723,-0.07090403704397097,False,False,,,False,False,,,False,False,False,,,37,246,,B_ETF_trend_following,A_ETF_sector_momentum,0,4451,deterministic_stratified_sample
current_no_cash_proxy_alpha_AB,standard,180,2012-05-22,2013-02-08,3053.053045727155,0.017684348575718323,3060.6855729442113,2846.640215833132,-214.04535711107928,-0.06993379489980722,False,False,,,False,False,,,False,False,False,,,38,302,,A_ETF_sector_momentum,B_ETF_trend_following,0,4451,deterministic_stratified_sample
current_no_cash_proxy_alpha_AB,standard,180,2012-05-24,2013-02-12,3074.8043469333966,0.02493478231113211,3074.8043469333966,2846.640215833132,-214.04535711107928,-0.06993379489980722,False,False,,,False,False,,,False,False,False,,,38,311,,A_ETF_sector_momentum,B_ETF_trend_following,0,4451,deterministic_stratified_sample
current_no_cash_proxy_alpha_AB,standard,180,2012-06-18,2013-03-07,3047.128871077463,0.01570962369248763,3086.107952014074,2882.8372510883455,-203.2707009257283,-0.06586636115339661,False,False,,,False,False,,,False,False,False,,,34,349,B_ETF_trend_following,A_ETF_sector_momentum,B_ETF_trend_following,0,4451,deterministic_stratified_sample
current_no_cash_proxy_alpha_AB,standard,180,2012-06-19,2013-03-08,3079.0106981629824,0.026336899387660706,3107.8142331721424,2871.276584820866,-201.8522165360573,-0.0656829666387333,False,False,,,False,False,,,False,False,False,,,35,340,,A_ETF_sector_momentum,B_ETF_trend_following,0,4451,deterministic_stratified_sample
current_no_cash_proxy_alpha_AB,standard,180,2012-06-21,2013-03-12,3151.0955977646254,0.05036519925487504,3168.654642730064,2927.4863934735113,-205.79658870029698,-0.06568081781030821,False,False,,,False,False,,,False,False,False,,,34,347,,A_ETF_sector_momentum,B_ETF_trend_following,0,4451,deterministic_stratified_sample
current_no_cash_proxy_alpha_AB,standard,180,2012-08-16,2013-05-07,3254.891738966787,0.08496391298892902,3296.950137991612,2851.3352721766732,-239.09253863576805,-0.07736551483236653,False,False,,,False,False,,,False,False,False,,,31,351,,A_ETF_sector_momentum,B_ETF_trend_following,0,4451,deterministic_stratified_sample
current_no_cash_proxy_alpha_AB,standard,180,2012-09-07,2013-05-29,3257.278103614245,0.08575936787141503,3361.035038952976,2856.5394287321287,-206.61572673333512,-0.06745192987194237,True,True,2013-04-29,159,False,False,,,False,False,False,,,35,360,,A_ETF_sector_momentum,B_ETF_trend_following,0,4451,deterministic_stratified_sample
current_no_cash_proxy_alpha_AB,standard,180,2012-10-16,2013-07-08,3156.4953238996286,0.052165107966542834,3368.829581223647,2863.1640003498137,-328.9042321997149,-0.09763160298546425,True,True,2013-04-29,132,False,False,,,False,False,False,,,37,323,,B_ETF_trend_following,A_ETF_sector_momentum,0,4451,deterministic_stratified_sample
current_no_cash_proxy_alpha_AB,standard,180,2012-11-06,2013-07-25,3329.419492284998,0.1098064974283326,3469.4499972363183,2948.681164659164,-338.65156392267363,-0.09760958197767233,True,True,2013-04-02,100,True,True,2013-04-29,119,False,False,False,,,33,365,,A_ETF_sector_momentum,B_ETF_trend_following,0,4451,deterministic_stratified_sample
current_no_cash_proxy_alpha_AB,standard,180,2012-11-26,2013-08-13,3363.5402875278614,0.12118009584262057,3488.637460966224,2943.2313823110717,-340.484648601549,-0.09759817476340671,True,True,2013-04-02,87,True,True,2013-04-22,101,False,False,False,,,28,382,,A_ETF_sector_momentum,B_ETF_trend_following,0,4451,deterministic_stratified_sample
current_no_cash_proxy_alpha_AB,standard,180,2012-12-20,2013-09-09,3408.0957001889037,0.13603190006296795,3578.8853597299194,2973.136664203509,-349.1065302036777,-0.09754616175524078,True,True,2013-02-19,40,True,True,2013-04-02,69,False,False,False,,,28,346,,B_ETF_trend_following,A_ETF_sector_momentum,0,4451,deterministic_stratified_sample
current_no_cash_proxy_alpha_AB,standard,180,2013-02-13,2013-10-29,3119.280218059949,0.03976007268664983,3287.122499481477,2928.7198660602553,-320.92703883396143,-0.09763160298546392,False,False,,,False,False,,,False,False,False,,,36,323,,A_ETF_sector_momentum,B_ETF_trend_following,0,4451,deterministic_stratified_sample
current_no_cash_proxy_alpha_AB,standard,180,2013-02-22,2013-11-06,3146.1408132190772,0.04871360440635919,3327.9826944953065,2946.005251800503,-304.98960807610456,-0.09164398858821488,True,True,2013-05-14,57,False,False,,,False,False,False,,,35,311,,B_ETF_trend_following,A_ETF_sector_momentum,0,4451,deterministic_stratified_sample
current_no_cash_proxy_alpha_AB,standard,180,2013-04-15,2013-12-27,2946.539964800384,-0.017820011733205354,3087.6893956678596,2821.40266682515,-266.28672884270964,-0.08624142351116004,False,False,,,False,False,,,False,False,False,,,25,355,A_ETF_sector_momentum,B_ETF_trend_following,A_ETF_sector_momentum,0,4451,deterministic_stratified_sample
current_no_cash_proxy_alpha_AB,standard,180,2013-04-24,2014-01-08,2928.867993869373,-0.023710668710208993,3088.1731150500427,2815.258286942404,-272.91482810763864,-0.08837419987163386,False,False,,,False,False,,,False,False,False,,,23,363,A_ETF_sector_momentum,B_ETF_trend_following,A_ETF_sector_momentum,0,4451,deterministic_stratified_sample
current_no_cash_proxy_alpha_AB,standard,180,2013-05-01,2014-01-15,2916.993405364159,-0.02766886487861364,3034.8505973687056,2804.863416313551,-229.98718105515445,-0.07578204385235943,False,False,,,False,False,,,False,False,False,,,23,363,A_ETF_sector_momentum,B_ETF_trend_following,A_ETF_sector_momentum,0,4451,deterministic_stratified_sample
current_no_cash_proxy_alpha_AB,standard,180,2013-06-21,2014-03-10,3176.4902213246223,0.05883007377487415,3267.876011268678,2992.704504295277,-210.8524583446083,-0.06452278410120882,False,False,,,False,False,,,False,False,False,,,30,337,,A_ETF_sector_momentum,B_ETF_trend_following,0,4451,deterministic_stratified_sample
current_no_cash_proxy_alpha_AB,standard,180,2013-07-02,2014-03-19,3025.060532177996,0.008353510725998659,3151.491822831961,2936.767192330028,-214.724630501933,-0.06813428134139321,False,False,,,False,False,,,False,False,False,,,29,348,,B_ETF_trend_following,A_ETF_sector_momentum,0,4451,deterministic_stratified_sample
current_no_cash_proxy_alpha_AB,standard,180,2013-07-18,2014-04-03,2879.976618249035,-0.04000779391698839,3028.54879997618,2836.7330022132264,-191.81579776295348,-0.06333587814878938,False,False,,,False,False,,,False,False,False,,,28,360,B_ETF_trend_following,A_ETF_sector_momentum,B_ETF_trend_following,0,4451,deterministic_stratified_sample
current_no_cash_proxy_alpha_AB,standard,180,2013-07-30,2014-04-15,2987.669394571407,-0.004110201809531033,3119.3028141544246,2918.8487929229086,-200.45402123151598,-0.06426244362102906,False,False,,,False,False,,,False,False,False,,,33,324,,B_ETF_trend_following,A_ETF_sector_momentum,0,4451,deterministic_stratified_sample
current_no_cash_proxy_alpha_AB,standard,180,2013-08-21,2014-05-08,2933.506867785826,-0.022164377404724545,3055.5786222228494,2846.5007931972646,-209.07782902558483,-0.0684249547712461,False,False,,,False,False,,,False,False,False,,,32,332,A_ETF_sector_momentum,B_ETF_trend_following,A_ETF_sector_momentum,0,4451,deterministic_stratified_sample
current_no_cash_proxy_alpha_AB,standard,180,2013-10-03,2014-06-20,2959.527331415623,-0.013490889528125716,3109.6716380040143,2858.5653077203215,-251.10633028369284,-0.08075011110975983,False,False,,,False,False,,,False,False,False,,,30,405,A_ETF_sector_momentum,B_ETF_trend_following,A_ETF_sector_momentum,0,4451,deterministic_stratified_sample
current_no_cash_proxy_alpha_AB,standard,180,2013-10-18,2014-07-08,2967.3959179271087,-0.010868027357630483,3108.3352588881157,2857.507712527458,-250.82754636065783,-0.0806951391885512,False,False,,,False,False,,,False,False,False,,,28,433,A_ETF_sector_momentum,B_ETF_trend_following,A_ETF_sector_momentum,0,4451,deterministic_stratified_sample
current_no_cash_proxy_alpha_AB,standard,180,2013-11-08,2014-07-29,3052.849942153593,0.017616647384530948,3141.546636759971,2902.5459514223057,-186.98634403181313,-0.06052254067935825,False,False,,,False,False,,,False,False,False,,,35,398,,B_ETF_trend_following,A_ETF_sector_momentum,0,4451,deterministic_stratified_sample
current_no_cash_proxy_alpha_AB,standard,180,2013-12-18,2014-09-05,3052.3900644482965,0.01746335481609873,3126.398895242726,2888.5506106243683,-177.8752007382982,-0.05800733873266395,False,False,,,False,False,,,False,False,False,,,34,408,,B_ETF_trend_following,A_ETF_sector_momentum,0,4451,deterministic_stratified_sample
current_no_cash_proxy_alpha_AB,standard,180,2014-01-07,2014-09-23,2996.299019113603,-0.0012336602954655662,3141.6145929082945,2902.608737643871,-174.2031162100152,-0.05545018685718217,False,False,,,False,False,,,False,False,False,,,36,380,,B_ETF_trend_following,A_ETF_sector_momentum,0,4451,deterministic_stratified_sample
current_no_cash_proxy_alpha_AB,standard,180,2014-02-19,2014-11-03,3131.7231485749385,0.04390771619164613,3235.839904793252,2986.5432577416163,-210.07558209262743,-0.06492150052956647,False,False,,,False,False,,,False,False,False,,,40,371,,B_ETF_trend_following,A_ETF_sector_momentum,0,4451,deterministic_stratified_sample
current_no_cash_proxy_alpha_AB,standard,180,2014-02-27,2014-11-11,3136.1444034420833,0.045381467814027854,3199.7537834947566,2965.795277081739,-207.68531477630995,-0.06490665495814396,False,False,,,False,False,,,False,False,False,,,41,379,,B_ETF_trend_following,A_ETF_sector_momentum,0,4451,deterministic_stratified_sample
current_no_cash_proxy_alpha_AB,standard,180,2014-03-10,2014-11-20,2977.9313962165443,-0.0073562012611518846,3072.454099878307,2847.2149468412017,-152.7850531587983,-0.05092835105293281,False,False,,,False,False,,,False,False,False,,,30,440,B_ETF_trend_following,A_ETF_sector_momentum,B_ETF_trend_following,0,4451,deterministic_stratified_sample
current_no_cash_proxy_alpha_AB,standard,180,2014-03-19,2014-12-02,3150.6015839781853,0.05020052799272845,3174.824186447748,2936.8199126265,-210.952929413354,-0.06644554691054727,False,False,,,False,False,,,False,False,False,,,37,408,,A_ETF_sector_momentum,B_ETF_trend_following,0,4451,deterministic_stratified_sample
current_no_cash_proxy_alpha_AB,standard,180,2014-04-21,2015-01-05,3142.813423882902,0.047604474627634064,3246.883783277315,2996.5944956373114,-214.81222221137705,-0.06644550946792749,False,False,,,False,False,,,False,False,False,,,42,404,,B_ETF_trend_following,A_ETF_sector_momentum,0,4451,deterministic_stratified_sample
current_no_cash_proxy_alpha_AB,standard,180,2014-05-23,2015-02-09,3111.83262186024,0.03727754062008004,3230.2309816027255,2996.6257129988335,-213.10826009031234,-0.06639436846699498,False,False,,,False,False,,,False,False,False,,,46,374,,A_ETF_sector_momentum,B_ETF_trend_following,0,4451,deterministic_stratified_sample
current_no_cash_proxy_alpha_AB,standard,180,2014-06-03,2015-02-18,3176.0214933966718,0.05867383113222391,3239.9973122148176,3000.0,-213.9292075650401,-0.06644558739660467,False,False,,,False,False,,,False,False,False,,,45,365,,B_ETF_trend_following,A_ETF_sector_momentum,0,4451,deterministic_stratified_sample
current_no_cash_proxy_alpha_AB,standard,180,2014-06-19,2015-03-06,2818.3331009134026,-0.060555633028865796,3062.588018976742,2770.4739281790617,-292.11409079768055,-0.095381451565686,False,False,,,False,False,,,False,False,False,,,36,411,B_ETF_trend_following,A_ETF_sector_momentum,B_ETF_trend_following,0,4451,deterministic_stratified_sample
current_no_cash_proxy_alpha_AB,standard,180,2014-08-08,2015-04-27,3137.3644321414554,0.0457881440471517,3241.442930747987,2994.7030875458613,-126.23572710659982,-0.038944300363625395,False,False,,,False,False,,,False,False,False,,,40,340,,A_ETF_sector_momentum,B_ETF_trend_following,0,4451,deterministic_stratified_sample
current_no_cash_proxy_alpha_AB,standard,180,2014-08-11,2015-04-28,2981.0560726501417,-0.006314642449952723,3096.7236402719745,2861.000183563181,-177.7099101954309,-0.058482021881731905,False,False,,,False,False,,,False,False,False,,,43,337,,B_ETF_trend_following,A_ETF_sector_momentum,0,4451,deterministic_stratified_sample
current_no_cash_proxy_alpha_AB,standard,180,2014-08-18,2015-05-05,3012.5257254372555,0.004175241812418573,3190.1634061823675,2946.885781264125,-177.637680745112,-0.05568294100573645,False,False,,,False,False,,,False,False,False,,,43,333,,B_ETF_trend_following,A_ETF_sector_momentum,0,4451,deterministic_stratified_sample
current_no_cash_proxy_alpha_AB,standard,180,2014-10-06,2015-06-23,2977.8824579953352,-0.0073725140015549195,3159.388157765069,2940.3509927675873,-219.0371649974818,-0.06932898208760374,False,False,,,False,False,,,False,False,False,,,40,299,,B_ETF_trend_following,A_ETF_sector_momentum,0,4451,deterministic_stratified_sample
current_no_cash_proxy_alpha_AB,standard,180,2014-10-15,2015-07-02,2839.9728502007156,-0.05334238326642815,3093.351684778177,2839.9728502007156,-253.37883457746148,-0.08191077523590118,False,False,,,False,False,,,False,False,False,,,41,301,,B_ETF_trend_following,A_ETF_sector_momentum,0,4451,deterministic_stratified_sample
current_no_cash_proxy_alpha_AB,standard,180,2014-10-23,2015-07-13,2856.687154484214,-0.04777094850526209,3079.65502699014,2824.1178579293055,-255.53716906083446,-0.08297590698351054,False,False,,,False,False,,,False,False,False,,,44,297,,B_ETF_trend_following,A_ETF_sector_momentum,0,4451,deterministic_stratified_sample
current_no_cash_proxy_alpha_AB,standard,180,2014-10-27,2015-07-15,3031.748367064838,0.010582789021612582,3220.387220299766,2956.408515851182,-263.9787044485838,-0.08197110669940233,False,False,,,False,False,,,False,False,False,,,38,293,,B_ETF_trend_following,A_ETF_sector_momentum,0,4451,deterministic_stratified_sample
current_no_cash_proxy_alpha_AB,standard,180,2014-12-08,2015-08-25,2775.4755883926255,-0.07484147053579149,3020.3820527705084,2775.4755883926255,-244.9064643778829,-0.08108459794125622,False,False,,,False,False,,,False,False,False,,,36,221,B_ETF_trend_following,B_ETF_trend_following,A_ETF_sector_momentum,0,4451,deterministic_stratified_sample
current_no_cash_proxy_alpha_AB,standard,180,2014-12-22,2015-09-09,2874.9373777192327,-0.041687540760255715,3124.724500755211,2865.986706447428,-258.73779430778313,-0.08280339410570403,False,False,,,False,False,,,False,False,False,,,32,201,,B_ETF_trend_following,A_ETF_sector_momentum,0,4451,deterministic_stratified_sample
current_no_cash_proxy_alpha_AB,standard,180,2015-01-13,2015-09-29,2761.470113024011,-0.0795099623253297,3024.9095870514902,2761.470113024011,-263.43947402747926,-0.08709003242780067,False,False,,,False,False,,,False,False,False,,,22,226,"A_ETF_sector_momentum,B_ETF_trend_following",B_ETF_trend_following,A_ETF_sector_momentum,0,4451,deterministic_stratified_sample
current_no_cash_proxy_alpha_AB,standard,180,2015-02-17,2015-10-30,2822.149782532123,-0.0592834058226257,3080.846325860394,2816.5024392112864,-264.3438866491074,-0.08580236035475852,False,False,,,False,False,,,False,False,False,,,26,153,A_ETF_sector_momentum,B_ETF_trend_following,A_ETF_sector_momentum,0,4451,deterministic_stratified_sample
current_no_cash_proxy_alpha_AB,standard,180,2015-02-24,2015-11-06,2813.8177118255835,-0.06206076272480554,3064.8494432146613,2801.878755717143,-262.97068749751816,-0.0858021551693885,False,False,,,False,False,,,False,False,False,,,26,132,A_ETF_sector_momentum,B_ETF_trend_following,A_ETF_sector_momentum,0,4451,deterministic_stratified_sample
current_no_cash_proxy_alpha_AB,standard,180,2015-03-25,2015-12-08,2758.0641679527694,-0.0806452773490769,3000.0,2758.0641679527694,-241.93583204723063,-0.0806452773490769,False,False,,,False,False,,,False,False,False,,,22,118,"A_ETF_sector_momentum,B_ETF_trend_following",B_ETF_trend_following,A_ETF_sector_momentum,0,4451,deterministic_stratified_sample
current_no_cash_proxy_alpha_AB,standard,180,2015-04-01,2015-12-15,2745.928477339862,-0.08469050755337926,3035.47524190375,2745.928477339862,-289.5467645638878,-0.09538762186783434,False,False,,,False,False,,,False,False,False,,,24,116,"A_ETF_sector_momentum,B_ETF_trend_following",B_ETF_trend_following,A_ETF_sector_momentum,0,4451,deterministic_stratified_sample
current_no_cash_proxy_alpha_AB,standard,180,2015-04-24,2016-01-08,2752.079263783424,-0.08264024540552539,3000.0,2752.079263783424,-247.9207362165762,-0.08264024540552539,False,False,,,False,False,,,False,False,False,,,22,112,"A_ETF_sector_momentum,B_ETF_trend_following",B_ETF_trend_following,A_ETF_sector_momentum,0,4451,deterministic_stratified_sample
current_no_cash_proxy_alpha_AB,standard,180,2015-06-18,2016-03-04,2734.2763440980743,-0.08857455196730857,3034.3584503248285,2734.2763440980743,-300.08210622675415,-0.09889474534382392,False,False,,,False,False,,,False,False,False,,,19,73,"A_ETF_sector_momentum,B_ETF_trend_following",B_ETF_trend_following,A_ETF_sector_momentum,0,4451,deterministic_stratified_sample
current_no_cash_proxy_alpha_AB,standard,180,2015-06-23,2016-03-09,2740.6941497334074,-0.08643528342219753,3053.197856519513,2740.6941497334074,-312.5037067861058,-0.10235291699776827,False,False,,,False,False,,,False,False,False,,,17,66,"A_ETF_sector_momentum,B_ETF_trend_following",B_ETF_trend_following,A_ETF_sector_momentum,0,4451,deterministic_stratified_sample
current_no_cash_proxy_alpha_AB,standard,180,2015-07-30,2016-04-15,2750.522706555791,-0.0831590978147363,3002.3683416385306,2750.522706555791,-251.8456350827396,-0.08388232436040666,False,False,,,False,False,,,False,False,False,,,13,79,"A_ETF_sector_momentum,B_ETF_trend_following",B_ETF_trend_following,A_ETF_sector_momentum,0,4451,deterministic_stratified_sample
current_no_cash_proxy_alpha_AB,standard,180,2015-09-02,2016-05-19,2758.3455489990683,-0.08055148366697717,3000.0,2758.3455489990683,-241.65445100093166,-0.08055148366697717,False,False,,,False,False,,,False,False,False,,,12,100,"A_ETF_sector_momentum,B_ETF_trend_following",B_ETF_trend_following,A_ETF_sector_momentum,0,4451,deterministic_stratified_sample
current_no_cash_proxy_alpha_AB,standard,180,2015-09-21,2016-06-07,2758.3455489990683,-0.08055148366697717,3000.0,2758.3455489990683,-241.65445100093166,-0.08055148366697717,False,False,,,False,False,,,False,False,False,,,12,143,"A_ETF_sector_momentum,B_ETF_trend_following",B_ETF_trend_following,A_ETF_sector_momentum,0,4451,deterministic_stratified_sample
current_no_cash_proxy_alpha_AB,standard,180,2015-10-07,2016-06-23,2758.3455489990683,-0.08055148366697717,3000.0,2758.3455489990683,-241.65445100093166,-0.08055148366697717,False,False,,,False,False,,,False,False,False,,,12,176,"A_ETF_sector_momentum,B_ETF_trend_following",B_ETF_trend_following,A_ETF_sector_momentum,0,4451,deterministic_stratified_sample
current_no_cash_proxy_alpha_AB,standard,180,2015-10-23,2016-07-12,2757.3774393221574,-0.08087418689261416,3000.0,2757.3774393221574,-242.62256067784256,-0.08087418689261416,False,False,,,False,False,,,False,False,False,,,11,218,"A_ETF_sector_momentum,B_ETF_trend_following",B_ETF_trend_following,A_ETF_sector_momentum,0,4451,deterministic_stratified_sample
current_no_cash_proxy_alpha_AB,standard,180,2015-11-13,2016-08-02,2742.0397089446087,-0.08598676368513047,3007.129443624125,2742.0397089446087,-265.08973467951637,-0.0881537491648634,False,False,,,False,False,,,False,False,False,,,14,258,"A_ETF_sector_momentum,B_ETF_trend_following",B_ETF_trend_following,A_ETF_sector_momentum,0,4451,deterministic_stratified_sample
current_no_cash_proxy_alpha_AB,standard,180,2015-11-18,2016-08-05,2742.0397089446087,-0.08598676368513047,3007.129443624125,2742.0397089446087,-265.08973467951637,-0.0881537491648634,False,False,,,False,False,,,False,False,False,,,14,258,"A_ETF_sector_momentum,B_ETF_trend_following",B_ETF_trend_following,A_ETF_sector_momentum,0,4451,deterministic_stratified_sample
current_no_cash_proxy_alpha_AB,standard,180,2015-12-01,2016-08-17,2742.117577363448,-0.08596080754551727,3000.0,2742.117577363448,-257.88242263655184,-0.08596080754551727,False,False,,,False,False,,,False,False,False,,,14,284,"A_ETF_sector_momentum,B_ETF_trend_following",B_ETF_trend_following,A_ETF_sector_momentum,0,4451,deterministic_stratified_sample
current_no_cash_proxy_alpha_AB,standard,180,2016-01-07,2016-09-22,2896.898134882718,-0.03436728837242742,3108.6658771970224,2815.949942634813,-292.71593456220944,-0.0941612724318065,False,False,,,False,False,,,False,False,False,,,30,255,B_ETF_trend_following,A_ETF_sector_momentum,B_ETF_trend_following,0,4451,deterministic_stratified_sample
current_no_cash_proxy_alpha_AB,standard,180,2016-01-26,2016-10-10,2926.9226624676076,-0.024359112510797476,3108.6658771970224,2815.949942634813,-292.71593456220944,-0.0941612724318065,False,False,,,False,False,,,False,False,False,,,30,265,B_ETF_trend_following,A_ETF_sector_momentum,B_ETF_trend_following,0,4451,deterministic_stratified_sample
current_no_cash_proxy_alpha_AB,standard,180,2016-02-05,2016-10-20,2853.6654091199425,-0.04877819696001917,3108.6658771970224,2815.949942634813,-292.71593456220944,-0.0941612724318065,False,False,,,False,False,,,False,False,False,,,31,268,B_ETF_trend_following,A_ETF_sector_momentum,B_ETF_trend_following,0,4451,deterministic_stratified_sample
current_no_cash_proxy_alpha_AB,standard,180,2016-02-11,2016-10-26,2857.5436642660516,-0.04748544524464948,3108.6658771970224,2815.949942634813,-292.71593456220944,-0.0941612724318065,False,False,,,False,False,,,False,False,False,,,32,270,B_ETF_trend_following,A_ETF_sector_momentum,B_ETF_trend_following,0,4451,deterministic_stratified_sample
current_no_cash_proxy_alpha_AB,standard,180,2016-03-01,2016-11-11,2911.3355251641924,-0.029554824945269176,3108.6658771970224,2812.3416434592104,-296.32423373781194,-0.09532199517208884,False,False,,,False,False,,,False,False,False,,,33,287,B_ETF_trend_following,A_ETF_sector_momentum,B_ETF_trend_following,0,4451,deterministic_stratified_sample
current_no_cash_proxy_alpha_AB,standard,180,2016-03-16,2016-11-29,2963.030478332565,-0.012323173889144945,3076.078983441252,2828.545048951107,-247.53393449014493,-0.0804706042408655,False,False,,,False,False,,,False,False,False,,,29,335,B_ETF_trend_following,A_ETF_sector_momentum,B_ETF_trend_following,0,4451,deterministic_stratified_sample
current_no_cash_proxy_alpha_AB,standard,180,2016-04-25,2017-01-09,2963.185231219336,-0.012271589593554677,3015.7683714018926,2812.856487272448,-200.000081506701,-0.06638221134693567,False,False,,,False,False,,,False,False,False,,,28,364,B_ETF_trend_following,A_ETF_sector_momentum,B_ETF_trend_following,0,4451,deterministic_stratified_sample
current_no_cash_proxy_alpha_AB,standard,180,2016-05-16,2017-01-31,3016.8541132634377,0.0056180377544792215,3106.3874288606044,2897.378364370311,-178.5593174815399,-0.058050369009439495,False,False,,,False,False,,,False,False,False,,,33,362,B_ETF_trend_following,A_ETF_sector_momentum,B_ETF_trend_following,0,4451,deterministic_stratified_sample
current_no_cash_proxy_alpha_AB,standard,180,2016-07-12,2017-03-28,3283.369934741271,0.09445664491375716,3324.1138648887954,2914.4368241742427,-149.81499584624908,-0.04889121542407937,True,True,2017-03-01,161,False,False,,,False,False,False,,,30,338,,B_ETF_trend_following,A_ETF_sector_momentum,0,4451,deterministic_stratified_sample
current_no_cash_proxy_alpha_AB,standard,180,2016-07-15,2017-03-31,3240.182121922665,0.08006070730755499,3280.74489232935,2876.4128166368,-147.8603929932974,-0.04889121542407948,False,False,,,False,False,,,False,False,False,,,30,333,,B_ETF_trend_following,A_ETF_sector_momentum,0,4451,deterministic_stratified_sample
current_no_cash_proxy_alpha_AB,standard,180,2016-08-10,2017-04-27,3158.991188732144,0.0529970629107146,3236.798976152941,2837.882970313113,-177.78449154305508,-0.058953612688325774,False,False,,,False,False,,,False,False,False,,,32,309,,B_ETF_trend_following,A_ETF_sector_momentum,0,4451,deterministic_stratified_sample
current_no_cash_proxy_alpha_AB,standard,180,2016-09-14,2017-06-01,3323.0876060505275,0.10769586868350922,3323.0876060505275,2881.5698760838764,-148.20758684584598,-0.04891698768612951,True,True,2017-05-31,179,False,False,,,False,False,False,,,34,327,,B_ETF_trend_following,A_ETF_sector_momentum,0,4451,deterministic_stratified_sample
current_no_cash_proxy_alpha_AB,standard,180,2016-09-26,2017-06-13,3253.943368900148,0.0846477896333826,3293.6696529106066,2846.9712168732567,-159.65403510605438,-0.0531007431009074,False,False,,,False,False,,,False,False,False,,,33,348,,B_ETF_trend_following,A_ETF_sector_momentum,0,4451,deterministic_stratified_sample
current_no_cash_proxy_alpha_AB,standard,180,2016-11-11,2017-08-01,3260.6994768904433,0.08689982563014786,3265.0961546125104,3000.0,-111.19994138676793,-0.034544875558172206,False,False,,,False,False,,,False,False,False,,,33,383,,A_ETF_sector_momentum,B_ETF_trend_following,0,4451,deterministic_stratified_sample
current_no_cash_proxy_alpha_AB,standard,180,2016-12-12,2017-08-29,3141.9773537938922,0.047325784597963994,3185.3451399654136,2916.386220643075,-87.49985662424842,-0.029128886506857188,False,False,,,False,False,,,False,False,False,,,31,343,,A_ETF_sector_momentum,B_ETF_trend_following,0,4451,deterministic_stratified_sample
current_no_cash_proxy_alpha_AB,standard,180,2017-01-12,2017-09-28,3102.936272497205,0.03431209083240172,3189.8924755580515,2978.3773193575103,-122.96382783321724,-0.03854795381831966,False,False,,,False,False,,,False,False,False,,,37,380,,A_ETF_sector_momentum,B_ETF_trend_following,0,4451,deterministic_stratified_sample
current_no_cash_proxy_alpha_AB,standard,180,2017-01-26,2017-10-11,3015.700749705624,0.00523358323520795,3083.855415394432,2927.569045788375,-100.70443285806186,-0.032655367808539615,False,False,,,False,False,,,False,False,False,,,32,431,B_ETF_trend_following,A_ETF_sector_momentum,B_ETF_trend_following,0,4451,deterministic_stratified_sample
current_no_cash_proxy_alpha_AB,standard,180,2017-01-31,2017-10-16,3141.2949301789536,0.04709831005965115,3173.5416974360824,2996.6452909914233,-122.33353879327888,-0.03854795381831999,False,False,,,False,False,,,False,False,False,,,36,399,,A_ETF_sector_momentum,B_ETF_trend_following,0,4451,deterministic_stratified_sample
current_no_cash_proxy_alpha_AB,standard,180,2017-03-01,2017-11-13,2973.5103924267587,-0.00882986919108042,3040.818004640584,2925.833755046091,-114.64681817807741,-0.03770262409756686,False,False,,,False,False,,,False,False,False,,,35,410,B_ETF_trend_following,A_ETF_sector_momentum,B_ETF_trend_following,0,4451,deterministic_stratified_sample
current_no_cash_proxy_alpha_AB,standard,180,2017-03-15,2017-11-28,2979.5342340327934,-0.006821921989068835,3025.0898653286586,2910.700353167823,-100.17998450176674,-0.033116366442516476,False,False,,,False,False,,,False,False,False,,,37,423,B_ETF_trend_following,A_ETF_sector_momentum,B_ETF_trend_following,0,4451,deterministic_stratified_sample
current_no_cash_proxy_alpha_AB,standard,180,2017-05-02,2018-01-17,3323.7483113722074,0.10791610379073568,3323.7483113722074,2998.9769477362547,-120.68967240465236,-0.0385479538183201,True,True,2018-01-12,178,False,False,,,False,False,False,,,33,452,,B_ETF_trend_following,A_ETF_sector_momentum,0,4451,deterministic_stratified_sample
current_no_cash_proxy_alpha_AB,standard,180,2017-05-12,2018-01-29,3375.4952701260295,0.12516509004200982,3388.8000455960077,2972.7601505057964,-119.1882855205713,-0.03854795381831999,True,True,2018-01-19,174,False,False,,,False,False,False,,,33,478,,B_ETF_trend_following,A_ETF_sector_momentum,0,4451,deterministic_stratified_sample
current_no_cash_proxy_alpha_AB,standard,180,2017-05-17,2018-02-01,3376.2492517813916,0.12541641726046393,3426.319168579337,3000.0,-120.50787944244667,-0.0385479538183201,True,True,2018-01-12,167,True,True,2018-01-24,174,False,False,False,,,30,474,,B_ETF_trend_following,A_ETF_sector_momentum,0,4451,deterministic_stratified_sample
current_no_cash_proxy_alpha_AB,standard,180,2017-07-13,2018-03-29,3054.2994541002563,0.01809981803341887,3313.7994501547896,2906.967309856608,-259.4999960545333,-0.07830890189881945,True,True,2018-01-26,137,False,False,,,False,False,False,,,35,400,A_ETF_sector_momentum,B_ETF_trend_following,A_ETF_sector_momentum,0,4451,deterministic_stratified_sample
current_no_cash_proxy_alpha_AB,standard,180,2017-08-03,2018-04-20,3133.5118515527242,0.04450395051757483,3374.686078014374,2960.378941869206,-277.3718097195874,-0.08219188490645912,True,True,2018-01-22,118,False,False,,,False,False,False,,,33,371,A_ETF_sector_momentum,B_ETF_trend_following,A_ETF_sector_momentum,0,4451,deterministic_stratified_sample
current_no_cash_proxy_alpha_AB,standard,180,2017-08-09,2018-04-26,3118.054801164074,0.039351600388024766,3343.423111514113,2932.9541012919785,-274.8602348689383,-0.08220922859639634,True,True,2018-01-23,115,False,False,,,False,False,False,,,33,365,A_ETF_sector_momentum,B_ETF_trend_following,A_ETF_sector_momentum,0,4451,deterministic_stratified_sample
current_no_cash_proxy_alpha_AB,standard,180,2017-08-16,2018-05-03,3045.101745372769,0.015033915124256447,3382.447649957154,2965.1967983743434,-356.0840723134029,-0.10527408231075308,True,True,2018-01-22,109,False,False,,,False,False,False,,,34,365,A_ETF_sector_momentum,B_ETF_trend_following,A_ETF_sector_momentum,0,4451,deterministic_stratified_sample
current_no_cash_proxy_alpha_AB,standard,180,2017-09-11,2018-05-29,3112.2825930735944,0.03742753102453156,3330.997518951463,2922.071211145837,-280.51140820461524,-0.08421243384561727,True,True,2018-01-24,94,False,False,,,False,False,False,,,32,372,A_ETF_sector_momentum,B_ETF_trend_following,A_ETF_sector_momentum,0,4451,deterministic_stratified_sample
current_no_cash_proxy_alpha_AB,standard,180,2017-09-20,2018-06-07,3252.954712287342,0.08431823742911404,3409.965153440283,2986.3776101889785,-301.983450692338,-0.08855910166344949,True,True,2018-01-17,82,True,True,2018-01-26,89,False,False,False,,,28,356,A_ETF_sector_momentum,B_ETF_trend_following,A_ETF_sector_momentum,0,4451,deterministic_stratified_sample
current_no_cash_proxy_alpha_AB,standard,180,2017-10-18,2018-07-06,3178.78197450725,0.05959399150241684,3311.5897639547798,2991.731722356508,-319.85804159827194,-0.0965874593163043,True,True,2018-01-26,69,False,False,,,False,False,False,,,37,296,,B_ETF_trend_following,A_ETF_sector_momentum,0,4451,deterministic_stratified_sample
current_no_cash_proxy_alpha_AB,standard,180,2017-11-08,2018-07-27,3037.38995162415,0.01246331720804994,3183.514210509175,2922.178842177875,-255.19143311739253,-0.08016029338740627,False,False,,,False,False,,,False,False,False,,,26,310,A_ETF_sector_momentum,B_ETF_trend_following,A_ETF_sector_momentum,0,4451,deterministic_stratified_sample
current_no_cash_proxy_alpha_AB,standard,180,2018-01-05,2018-09-21,3004.048794141321,0.0013495980471069924,3144.6263253538527,2817.915000696011,-326.71132465784194,-0.1038951184831407,False,False,,,False,False,,,False,False,False,,,24,270,A_ETF_sector_momentum,B_ETF_trend_following,A_ETF_sector_momentum,0,4451,deterministic_stratified_sample
current_no_cash_proxy_alpha_AB,standard,180,2018-01-10,2018-09-26,2923.5339867341745,-0.025488671088608528,3065.788336871344,2761.0768770271134,-304.71145984423083,-0.09939089929319478,False,False,,,False,False,,,False,False,False,,,26,260,A_ETF_sector_momentum,B_ETF_trend_following,A_ETF_sector_momentum,0,4451,deterministic_stratified_sample
current_no_cash_proxy_alpha_AB,standard,180,2018-02-21,2018-11-05,2925.888042619057,-0.02470398579364763,3038.0295183890908,2830.1582290528895,-181.71239260616494,-0.060332071138590515,False,False,,,False,False,,,False,False,False,,,20,228,A_ETF_sector_momentum,B_ETF_trend_following,A_ETF_sector_momentum,0,4451,deterministic_stratified_sample
current_no_cash_proxy_alpha_AB,standard,180,2018-03-12,2018-11-23,2925.494370141865,-0.0248352099527116,3041.4322529224482,2764.9942299966347,-235.00577000336534,-0.0783352566677884,False,False,,,False,False,,,False,False,False,,,22,257,B_ETF_trend_following,A_ETF_sector_momentum,B_ETF_trend_following,0,4451,deterministic_stratified_sample
current_no_cash_proxy_alpha_AB,standard,180,2018-03-21,2018-12-04,2937.3647600604786,-0.02087841331317375,3168.711884778303,2893.448789638004,-231.3471247178245,-0.07300983274281203,False,False,,,False,False,,,False,False,False,,,33,190,,B_ETF_trend_following,A_ETF_sector_momentum,0,4451,deterministic_stratified_sample
current_no_cash_proxy_alpha_AB,standard,180,2018-03-23,2018-12-07,2920.5605404951625,-0.02647981983494585,3168.711884778303,2893.448789638004,-250.35356103160848,-0.07900799130215785,False,False,,,False,False,,,False,False,False,,,33,190,,A_ETF_sector_momentum,B_ETF_trend_following,0,4451,deterministic_stratified_sample
current_no_cash_proxy_alpha_AB,standard,180,2018-04-26,2019-01-11,2989.8585594267033,-0.0033804801910989335,3263.0393407017705,2969.6276621046995,-273.18078127506715,-0.08371973266381616,False,False,,,False,False,,,False,False,False,,,24,185,,A_ETF_sector_momentum,B_ETF_trend_following,0,4451,deterministic_stratified_sample
current_no_cash_proxy_alpha_AB,standard,180,2018-05-10,2019-01-28,2962.4249178757136,-0.012525027374762132,3233.099111135609,2962.4249178757136,-270.6741932598952,-0.08371973266381627,False,False,,,False,False,,,False,False,False,,,23,176,,A_ETF_sector_momentum,B_ETF_trend_following,0,4451,deterministic_stratified_sample
current_no_cash_proxy_alpha_AB,standard,180,2018-06-11,2019-02-27,2836.764238966771,-0.05441192034440978,3099.096902995796,2836.764238966771,-262.3326640290252,-0.08464809983044952,False,False,,,False,False,,,False,False,False,,,24,144,B_ETF_trend_following,A_ETF_sector_momentum,B_ETF_trend_following,0,4451,deterministic_stratified_sample
current_no_cash_proxy_alpha_AB,standard,180,2018-07-10,2019-03-27,2949.0245161782655,-0.016991827940578186,3161.0989880403617,2887.938065494659,-273.16092254570276,-0.08641327702143287,False,False,,,False,False,,,False,False,False,,,24,151,A_ETF_sector_momentum,B_ETF_trend_following,A_ETF_sector_momentum,0,4451,deterministic_stratified_sample
current_no_cash_proxy_alpha_AB,standard,180,2018-08-27,2019-05-15,2804.5802731687895,-0.06513990894373678,3019.2608390938276,2776.1193045759155,-243.14153451791208,-0.08053015207221592,False,False,,,False,False,,,False,False,False,,,24,208,B_ETF_trend_following,A_ETF_sector_momentum,B_ETF_trend_following,0,4451,deterministic_stratified_sample
current_no_cash_proxy_alpha_AB,standard,180,2018-09-07,2019-05-28,2840.0141468457014,-0.05332861771809949,3031.36849156072,2779.1535851337685,-252.21490642695153,-0.08320166523110395,False,False,,,False,False,,,False,False,False,,,25,198,B_ETF_trend_following,A_ETF_sector_momentum,B_ETF_trend_following,0,4451,deterministic_stratified_sample
current_no_cash_proxy_alpha_AB,standard,180,2018-10-25,2019-07-16,3051.9914534251075,0.017330484475035712,3058.2917416364407,2870.235407339079,-138.7397269662588,-0.04610863193400527,False,False,,,False,False,,,False,False,False,,,24,252,,B_ETF_trend_following,A_ETF_sector_momentum,0,4451,deterministic_stratified_sample
current_no_cash_proxy_alpha_AB,standard,180,2018-11-09,2019-07-31,3042.560260227689,0.014186753409229702,3123.365746044902,2931.3079691904077,-121.65347155062682,-0.03968379060690974,False,False,,,False,False,,,False,False,False,,,25,276,,B_ETF_trend_following,A_ETF_sector_momentum,0,4451,deterministic_stratified_sample
current_no_cash_proxy_alpha_AB,standard,180,2018-11-16,2019-08-07,3105.755055128796,0.03525168504293186,3131.5861605329274,2939.0229050826615,-121.97365242003616,-0.03968379060690952,False,False,,,False,False,,,False,False,False,,,27,278,,B_ETF_trend_following,A_ETF_sector_momentum,0,4451,deterministic_stratified_sample
current_no_cash_proxy_alpha_AB,standard,180,2018-12-04,2019-08-22,3206.6578039409583,0.06888593464698611,3255.5275932699074,2992.0093100717913,-124.17266398063248,-0.03968379060690985,False,False,,,False,False,,,False,False,False,,,24,285,,B_ETF_trend_following,A_ETF_sector_momentum,0,4451,deterministic_stratified_sample
current_no_cash_proxy_alpha_AB,standard,180,2018-12-11,2019-08-28,3264.8683706313386,0.08828945687711287,3264.8683706313386,2992.0093100717913,-124.17266398063248,-0.03968379060690985,False,False,,,False,False,,,False,False,False,,,24,291,,B_ETF_trend_following,A_ETF_sector_momentum,0,4451,deterministic_stratified_sample
current_no_cash_proxy_alpha_AB,standard,180,2018-12-13,2019-08-30,3256.926232336695,0.08564207744556507,3264.8683706313386,2992.0093100717913,-124.17266398063248,-0.03968379060690985,False,False,,,False,False,,,False,False,False,,,24,293,,B_ETF_trend_following,A_ETF_sector_momentum,0,4451,deterministic_stratified_sample
current_no_cash_proxy_alpha_AB,standard,180,2018-12-28,2019-09-16,3211.3708215010374,0.0704569405003459,3267.897180294166,2992.0093100717913,-124.17266398063248,-0.03968379060690985,False,False,,,False,False,,,False,False,False,,,27,334,,B_ETF_trend_following,A_ETF_sector_momentum,0,4451,deterministic_stratified_sample
current_no_cash_proxy_alpha_AB,standard,180,2019-01-16,2019-10-02,3084.859365081914,0.028286455027304536,3267.897180294166,2992.0093100717913,-183.0378152122521,-0.05601088562883594,False,False,,,False,False,,,False,False,False,,,30,341,,B_ETF_trend_following,A_ETF_sector_momentum,0,4451,deterministic_stratified_sample
current_no_cash_proxy_alpha_AB,standard,180,2019-01-31,2019-10-16,3027.6701882122916,0.009223396070763945,3267.897180294166,2992.0093100717913,-240.2269920818744,-0.07351118435747417,False,False,,,False,False,,,False,False,False,,,36,343,,B_ETF_trend_following,A_ETF_sector_momentum,0,4451,deterministic_stratified_sample
current_no_cash_proxy_alpha_AB,standard,180,2019-02-07,2019-10-23,3042.081688939168,0.014027229646389472,3296.6988167050413,2999.279298022605,-254.6171277658732,-0.07723396704475294,False,False,,,False,False,,,False,False,False,,,35,341,,B_ETF_trend_following,A_ETF_sector_momentum,0,4451,deterministic_stratified_sample
current_no_cash_proxy_alpha_AB,standard,180,2019-02-12,2019-10-28,3087.280383634487,0.029093461211495697,3296.6988167050413,2999.279298022605,-254.6171277658732,-0.07723396704475294,False,False,,,False,False,,,False,False,False,,,35,352,,B_ETF_trend_following,A_ETF_sector_momentum,0,4451,deterministic_stratified_sample
current_no_cash_proxy_alpha_AB,standard,180,2019-04-10,2019-12-24,3138.282035248637,0.04609401174954564,3202.6406655794863,2958.4226267015683,-244.21803887791793,-0.07625521073989394,False,False,,,False,False,,,False,False,False,,,35,429,,B_ETF_trend_following,A_ETF_sector_momentum,0,4451,deterministic_stratified_sample
current_no_cash_proxy_alpha_AB,standard,180,2019-04-12,2019-12-27,3124.2303762545425,0.0414101254181809,3184.158420715626,2937.850581939449,-246.30783877617705,-0.07735414079077774,False,False,,,False,False,,,False,False,False,,,37,436,,A_ETF_sector_momentum,B_ETF_trend_following,0,4451,deterministic_stratified_sample
current_no_cash_proxy_alpha_AB,standard,180,2019-04-18,2020-01-03,3088.764897839762,0.02958829927992057,3152.930081611092,2908.927950860966,-244.00213075012607,-0.077389007822668,False,False,,,False,False,,,False,False,False,,,37,428,,A_ETF_sector_momentum,B_ETF_trend_following,0,4451,deterministic_stratified_sample
current_no_cash_proxy_alpha_AB,standard,180,2019-06-17,2020-03-03,3070.4661441845574,0.0234887147281857,3267.7682317677427,2951.897961918931,-247.42769390539434,-0.07733745186425645,False,False,,,False,False,,,False,False,False,,,40,468,,A_ETF_sector_momentum,B_ETF_trend_following,0,4451,deterministic_stratified_sample
current_no_cash_proxy_alpha_AB,standard,180,2019-07-05,2020-03-20,3039.4229280281966,0.013140976009398786,3205.221836267431,2895.627102197549,-242.94178899099188,-0.07740527527467866,False,False,,,False,False,,,False,False,False,,,39,423,,A_ETF_sector_momentum,B_ETF_trend_following,0,4451,deterministic_stratified_sample
current_no_cash_proxy_alpha_AB,standard,180,2019-07-23,2020-04-07,3001.519457308972,0.0005064857696572833,3165.2507513294695,2859.461691831227,-240.27980122530516,-0.07751607731274868,False,False,,,False,False,,,False,False,False,,,38,391,,A_ETF_sector_momentum,B_ETF_trend_following,0,4451,deterministic_stratified_sample
current_no_cash_proxy_alpha_AB,standard,180,2019-08-14,2020-04-30,2890.114132447256,-0.036628622517581366,3031.8741104893056,2762.7586347758097,-269.1154757134959,-0.08876208770754801,False,False,,,False,False,,,False,False,False,,,21,404,B_ETF_trend_following,A_ETF_sector_momentum,B_ETF_trend_following,0,4451,deterministic_stratified_sample
current_no_cash_proxy_alpha_AB,standard,180,2019-09-20,2020-06-08,3083.5828096652313,0.027860936555077043,3238.0469107249296,2873.587073644705,-210.8471127542257,-0.0651155213520429,False,False,,,False,False,,,False,False,False,,,32,314,,B_ETF_trend_following,A_ETF_sector_momentum,0,4451,deterministic_stratified_sample
current_no_cash_proxy_alpha_AB,standard,180,2019-10-14,2020-06-30,3220.182132211323,0.07339404407044103,3369.8933320143406,2968.0319523272883,-219.43236252663655,-0.06511552174129842,True,True,2020-02-10,82,False,False,,,False,False,False,,,28,326,,A_ETF_sector_momentum,B_ETF_trend_following,0,4451,deterministic_stratified_sample
current_no_cash_proxy_alpha_AB,standard,180,2019-12-05,2020-08-21,3381.975377972685,0.12732512599089496,3469.338595981155,2981.14637407806,-214.9467980128111,-0.06511552126935394,True,True,2020-02-19,51,True,True,2020-08-04,167,False,False,False,,,25,315,,A_ETF_sector_momentum,B_ETF_trend_following,0,4451,deterministic_stratified_sample
current_no_cash_proxy_alpha_AB,standard,180,2019-12-11,2020-08-27,3565.774144731497,0.1885913815771656,3574.276359362318,3000.0,-185.61052911516663,-0.05615787695024588,True,True,2020-02-19,47,True,True,2020-07-27,157,False,False,False,,,24,329,,B_ETF_trend_following,A_ETF_sector_momentum,0,4451,deterministic_stratified_sample
current_no_cash_proxy_alpha_AB,standard,180,2019-12-24,2020-09-10,3479.592986370738,0.15986432879024592,3570.887551459777,2993.0102275944955,-202.54172855119714,-0.06338239256653877,True,True,2020-07-24,147,True,True,2020-08-04,154,False,False,False,,,24,302,,B_ETF_trend_following,A_ETF_sector_momentum,0,4451,deterministic_stratified_sample
current_no_cash_proxy_alpha_AB,standard,180,2020-01-23,2020-10-07,3016.982615988989,0.005660871996329586,3159.95790647539,2846.1799595844063,-250.58349921258423,-0.08091786878353613,False,False,,,False,False,,,False,False,False,,,20,289,B_ETF_trend_following,A_ETF_sector_momentum,B_ETF_trend_following,0,4451,deterministic_stratified_sample
current_no_cash_proxy_alpha_AB,standard,180,2020-02-12,2020-10-27,3131.2834838753847,0.04376116129179497,3342.9316118801776,2876.065364473636,-211.64812800479285,-0.06331213215748521,True,True,2020-09-02,142,False,False,,,False,False,False,,,28,229,,B_ETF_trend_following,A_ETF_sector_momentum,0,4451,deterministic_stratified_sample
current_no_cash_proxy_alpha_AB,standard,180,2020-02-25,2020-11-06,3441.52987710565,0.1471766257018834,3579.2369109899755,3000.0,-241.22928928770216,-0.06739684890570175,True,True,2020-07-24,106,True,True,2020-08-04,113,False,False,False,,,24,206,,B_ETF_trend_following,A_ETF_sector_momentum,0,4451,deterministic_stratified_sample
current_no_cash_proxy_alpha_AB,standard,180,2020-02-26,2020-11-09,3245.569274326248,0.0818564247754161,3384.9857817483644,2940.480615729533,-234.40725394462424,-0.06924911035329417,True,True,2020-08-26,128,False,False,,,False,False,False,,,24,209,,B_ETF_trend_following,A_ETF_sector_momentum,0,4451,deterministic_stratified_sample
current_no_cash_proxy_alpha_AB,standard,180,2020-03-11,2020-11-23,3280.1923582920526,0.09339745276401756,3384.9857817483644,2940.480615729533,-234.40725394462424,-0.06924911035329417,True,True,2020-08-26,118,False,False,,,False,False,False,,,24,233,,A_ETF_sector_momentum,B_ETF_trend_following,0,4451,deterministic_stratified_sample
current_no_cash_proxy_alpha_AB,standard,180,2020-03-17,2020-11-30,3348.1128146525416,0.11603760488418047,3384.9857817483644,2940.480615729533,-234.40725394462424,-0.06924911035329417,True,True,2020-08-26,114,False,False,,,False,False,False,,,24,249,,A_ETF_sector_momentum,B_ETF_trend_following,0,4451,deterministic_stratified_sample
current_no_cash_proxy_alpha_AB,standard,180,2020-03-27,2020-12-10,3422.7643461403723,0.14092144871345735,3479.188897683218,2940.480615729533,-234.40725394462424,-0.06924911035329417,True,True,2020-08-26,106,True,True,2020-12-02,174,False,False,False,,,24,275,,A_ETF_sector_momentum,B_ETF_trend_following,0,4451,deterministic_stratified_sample
current_no_cash_proxy_alpha_AB,standard,180,2020-04-15,2020-12-29,3383.47765318448,0.12782588439482656,3479.188897683218,2940.480615729533,-234.40725394462424,-0.06924911035329417,True,True,2020-08-26,94,True,True,2020-12-02,162,False,False,False,,,26,295,,A_ETF_sector_momentum,B_ETF_trend_following,0,4451,deterministic_stratified_sample
current_no_cash_proxy_alpha_AB,standard,180,2020-05-01,2021-01-15,3328.1385346704487,0.10937951155681636,3479.188897683218,2940.480615729533,-234.40725394462424,-0.06924911035329417,True,True,2020-08-26,82,True,True,2020-12-02,150,False,False,False,,,30,332,,A_ETF_sector_momentum,B_ETF_trend_following,0,4451,deterministic_stratified_sample
current_no_cash_proxy_alpha_AB,standard,180,2020-05-12,2021-01-27,3258.214822155767,0.08607160738525566,3479.188897683218,2940.480615729533,-234.40725394462424,-0.06924911035329417,True,True,2020-08-26,75,True,True,2020-12-02,143,False,False,False,,,32,350,,A_ETF_sector_momentum,B_ETF_trend_following,0,4451,deterministic_stratified_sample
current_no_cash_proxy_alpha_AB,standard,180,2020-05-19,2021-02-03,3272.4914067394698,0.09083046891315649,3479.188897683218,2940.480615729533,-256.13428838727395,-0.07361896577614202,True,True,2020-08-26,70,True,True,2020-12-02,138,False,False,False,,,32,349,,A_ETF_sector_momentum,B_ETF_trend_following,0,4451,deterministic_stratified_sample
current_no_cash_proxy_alpha_AB,standard,180,2020-07-08,2021-03-24,3142.7647469065414,0.04758824896884706,3398.7805897438075,2976.4977555515384,-256.01584283726606,-0.07532579290637997,True,True,2020-12-02,104,False,False,,,False,False,False,,,35,397,,A_ETF_sector_momentum,B_ETF_trend_following,0,4451,deterministic_stratified_sample
current_no_cash_proxy_alpha_AB,standard,180,2020-07-15,2021-03-31,3178.703435000201,0.05956781166673353,3389.730203984891,3000.0,-255.55370667535954,-0.07539057426308926,True,True,2020-12-04,101,False,False,,,False,False,False,,,37,393,,B_ETF_trend_following,A_ETF_sector_momentum,0,4451,deterministic_stratified_sample
current_no_cash_proxy_alpha_AB,standard,180,2020-07-28,2021-04-14,3210.1965683101976,0.07006552277006595,3326.833485414275,2960.700017849763,-252.3420371519801,-0.07585051619154215,True,True,2021-02-08,135,False,False,,,False,False,False,,,36,404,,A_ETF_sector_momentum,B_ETF_trend_following,0,4451,deterministic_stratified_sample
current_no_cash_proxy_alpha_AB,standard,180,2020-09-03,2021-05-21,3036.906643273268,0.012302214424422697,3234.952415966139,2907.237224846502,-301.16062589695093,-0.09309584413377137,False,False,,,False,False,,,False,False,False,,,29,407,B_ETF_trend_following,A_ETF_sector_momentum,B_ETF_trend_following,0,4451,deterministic_stratified_sample
current_no_cash_proxy_alpha_AB,standard,180,2020-10-13,2021-06-30,3153.117377051386,0.05103912568379543,3245.880703676378,2870.697538700737,-207.87636550112666,-0.06404313173484166,False,False,,,False,False,,,False,False,False,,,22,466,B_ETF_trend_following,A_ETF_sector_momentum,B_ETF_trend_following,0,4451,deterministic_stratified_sample
current_no_cash_proxy_alpha_AB,standard,180,2020-11-03,2021-07-22,2743.6956387322025,-0.08543478708926588,3072.1432750716135,2743.6956387322025,-328.447636339411,-0.10691156203701302,False,False,,,False,False,,,False,False,False,,,16,521,"A_ETF_sector_momentum,B_ETF_trend_following",B_ETF_trend_following,A_ETF_sector_momentum,0,4451,deterministic_stratified_sample
current_no_cash_proxy_alpha_AB,standard,180,2020-12-29,2021-09-15,2973.3629874207663,-0.008879004193077855,3097.5011582555653,2847.3842571991645,-250.11690105640082,-0.08074796046154198,False,False,,,False,False,,,False,False,False,,,27,443,A_ETF_sector_momentum,B_ETF_trend_following,A_ETF_sector_momentum,0,4451,deterministic_stratified_sample
current_no_cash_proxy_alpha_AB,standard,180,2021-01-04,2021-09-20,3205.09650078313,0.06836550026104327,3352.0929003590845,2979.544997196041,-249.34789601716784,-0.07629525123506153,True,True,2021-05-07,87,False,False,,,False,False,False,,,32,414,,B_ETF_trend_following,A_ETF_sector_momentum,0,4451,deterministic_stratified_sample
current_no_cash_proxy_alpha_AB,standard,180,2021-01-07,2021-09-23,2936.005333987419,-0.021331555337527064,3162.362309208302,2840.547213671258,-321.8150955370443,-0.10176414467120654,False,False,,,False,False,,,False,False,False,,,25,435,A_ETF_sector_momentum,B_ETF_trend_following,A_ETF_sector_momentum,0,4451,deterministic_stratified_sample
current_no_cash_proxy_alpha_AB,standard,180,2021-02-08,2021-10-22,2850.6209799271974,-0.04979300669093423,3008.8282044278567,2758.0436387340233,-250.78456569383343,-0.08334957952227828,False,False,,,False,False,,,False,False,False,,,24,458,B_ETF_trend_following,A_ETF_sector_momentum,B_ETF_trend_following,0,4451,deterministic_stratified_sample
current_no_cash_proxy_alpha_AB,standard,180,2021-02-18,2021-11-02,2999.5964711487163,-0.00013450961709460252,3061.5876391455813,2759.4902549834824,-302.09738416209893,-0.09867343998240319,False,False,,,False,False,,,False,False,False,,,23,432,A_ETF_sector_momentum,B_ETF_trend_following,A_ETF_sector_momentum,0,4451,deterministic_stratified_sample
current_no_cash_proxy_alpha_AB,standard,180,2021-03-05,2021-11-17,3225.63909164234,0.07521303054744677,3296.684707351384,2889.9002166054297,-176.00265295258032,-0.054622429075489976,False,False,,,False,False,,,False,False,False,,,33,431,,B_ETF_trend_following,A_ETF_sector_momentum,0,4451,deterministic_stratified_sample
current_no_cash_proxy_alpha_AB,standard,180,2021-03-18,2021-12-01,3119.8292761070093,0.039943092035669814,3291.5871595643825,2937.676649106833,-175.63642146555867,-0.05459723354621515,False,False,,,False,False,,,False,False,False,,,37,398,,B_ETF_trend_following,A_ETF_sector_momentum,0,4451,deterministic_stratified_sample
current_no_cash_proxy_alpha_AB,standard,180,2021-05-04,2022-01-18,2802.480406624385,-0.06583986445853829,3147.4533427198676,2802.480406624385,-344.9729360954825,-0.10960382840730998,False,False,,,False,False,,,False,False,False,,,44,355,A_ETF_sector_momentum,B_ETF_trend_following,A_ETF_sector_momentum,0,4451,deterministic_stratified_sample
current_no_cash_proxy_alpha_AB,standard,180,2021-05-07,2022-01-21,2755.5225490827493,-0.08149248363908357,3000.0,2755.5225490827493,-244.47745091725074,-0.08149248363908357,False,False,,,False,False,,,False,False,False,,,21,444,"A_ETF_sector_momentum,B_ETF_trend_following",B_ETF_trend_following,A_ETF_sector_momentum,0,4451,deterministic_stratified_sample
current_no_cash_proxy_alpha_AB,standard,180,2021-06-04,2022-02-17,2745.015695429426,-0.08499476819019125,3064.3540261269054,2745.015695429426,-319.33833069747925,-0.10421065189425816,False,False,,,False,False,,,False,False,False,,,30,367,"A_ETF_sector_momentum,B_ETF_trend_following",B_ETF_trend_following,A_ETF_sector_momentum,0,4451,deterministic_stratified_sample
current_no_cash_proxy_alpha_AB,standard,180,2021-06-17,2022-03-03,2810.440043904525,-0.06318665203182505,3254.113743986992,2810.440043904525,-443.67370008246735,-0.13634240686954946,False,False,,,False,False,,,False,False,False,,,39,315,B_ETF_trend_following,A_ETF_sector_momentum,B_ETF_trend_following,0,4451,deterministic_stratified_sample
current_no_cash_proxy_alpha_AB,standard,180,2021-07-02,2022-03-18,2763.3944073717976,-0.07886853087606749,3000.0,2763.3944073717976,-236.60559262820243,-0.07886853087606749,False,False,,,False,False,,,False,False,False,,,27,314,"A_ETF_sector_momentum,B_ETF_trend_following",B_ETF_trend_following,A_ETF_sector_momentum,0,4451,deterministic_stratified_sample
current_no_cash_proxy_alpha_AB,standard,180,2021-07-27,2022-04-11,2752.2667072876484,-0.08257776423745056,3159.505447420222,2752.2667072876484,-407.23874013257364,-0.1288931913268545,False,False,,,False,False,,,False,False,False,,,37,286,"A_ETF_sector_momentum,B_ETF_trend_following",B_ETF_trend_following,A_ETF_sector_momentum,0,4451,deterministic_stratified_sample
current_no_cash_proxy_alpha_AB,standard,180,2021-08-19,2022-05-05,2802.771976963416,-0.06574267434552805,3216.320378901722,2788.1736354728964,-428.14674342882563,-0.13311694513934746,False,False,,,False,False,,,False,False,False,,,36,246,B_ETF_trend_following,A_ETF_sector_momentum,B_ETF_trend_following,0,4451,deterministic_stratified_sample
current_no_cash_proxy_alpha_AB,standard,180,2021-08-25,2022-05-11,2757.8015935563694,-0.08073280214787681,3156.459481698881,2757.8015935563694,-398.65788814251164,-0.12629906718395278,False,False,,,False,False,,,False,False,False,,,32,245,"A_ETF_sector_momentum,B_ETF_trend_following",B_ETF_trend_following,A_ETF_sector_momentum,0,4451,deterministic_stratified_sample
current_no_cash_proxy_alpha_AB,standard,180,2021-09-01,2022-05-18,2767.5049397683206,-0.07749835341055977,3000.0,2767.5049397683206,-232.49506023167942,-0.07749835341055977,False,False,,,False,False,,,False,False,False,,,18,279,"A_ETF_sector_momentum,B_ETF_trend_following",B_ETF_trend_following,A_ETF_sector_momentum,0,4451,deterministic_stratified_sample
current_no_cash_proxy_alpha_AB,standard,180,2021-09-07,2022-05-23,2756.2745923659504,-0.08124180254468316,3000.0,2756.2745923659504,-243.7254076340496,-0.08124180254468316,False,False,,,False,False,,,False,False,False,,,18,267,"A_ETF_sector_momentum,B_ETF_trend_following",B_ETF_trend_following,A_ETF_sector_momentum,0,4451,deterministic_stratified_sample
current_no_cash_proxy_alpha_AB,standard,180,2021-09-13,2022-05-27,2751.858459349264,-0.08271384688357863,3152.48690080928,2751.858459349264,-400.6284414600159,-0.12708330091940112,False,False,,,False,False,,,False,False,False,,,33,216,"A_ETF_sector_momentum,B_ETF_trend_following",B_ETF_trend_following,A_ETF_sector_momentum,0,4451,deterministic_stratified_sample
current_no_cash_proxy_alpha_AB,standard,180,2021-10-07,2022-06-24,2759.141981877492,-0.08028600604083602,3095.350508375626,2759.141981877492,-336.2085264981338,-0.10861727148133826,False,False,,,False,False,,,False,False,False,,,22,220,"A_ETF_sector_momentum,B_ETF_trend_following",B_ETF_trend_following,A_ETF_sector_momentum,0,4451,deterministic_stratified_sample
current_no_cash_proxy_alpha_AB,standard,180,2021-10-29,2022-07-19,2758.9963811679054,-0.08033453961069825,3091.9595446075627,2758.9963811679054,-332.96316343965736,-0.10768677876796662,False,False,,,False,False,,,False,False,False,,,21,172,"A_ETF_sector_momentum,B_ETF_trend_following",B_ETF_trend_following,A_ETF_sector_momentum,0,4451,deterministic_stratified_sample
current_no_cash_proxy_alpha_AB,standard,180,2021-11-04,2022-07-25,2760.3518305402285,-0.07988272315325717,3000.0,2760.3518305402285,-239.64816945977145,-0.07988272315325717,False,False,,,False,False,,,False,False,False,,,13,177,"A_ETF_sector_momentum,B_ETF_trend_following",B_ETF_trend_following,A_ETF_sector_momentum,0,4451,deterministic_stratified_sample
current_no_cash_proxy_alpha_AB,standard,180,2021-12-30,2022-09-16,2842.6978686371654,-0.05243404378761152,3001.8824949647806,2828.0735818175694,-173.80891314721111,-0.05789997224699839,False,False,,,False,False,,,False,False,False,,,12,89,B_ETF_trend_following,A_ETF_sector_momentum,B_ETF_trend_following,0,4451,deterministic_stratified_sample
current_no_cash_proxy_alpha_AB,standard,180,2022-01-24,2022-10-10,2946.3322252773537,-0.017889258240882056,3085.6966864996853,2941.8613564305338,-143.8353300691515,-0.046613567269410905,False,False,,,False,False,,,False,False,False,,,8,63,,A_ETF_sector_momentum,B_ETF_trend_following,0,4451,deterministic_stratified_sample
current_no_cash_proxy_alpha_AB,standard,180,2022-02-22,2022-11-07,2995.1270275944516,-0.0016243241351827642,3108.29195477179,2995.1270275944516,-113.16492717733854,-0.036407431741928176,False,False,,,False,False,,,False,False,False,,,4,63,,A_ETF_sector_momentum,B_ETF_trend_following,0,4451,deterministic_stratified_sample
current_no_cash_proxy_alpha_AB,standard,180,2022-03-11,2022-11-25,2995.1270275944516,-0.0016243241351827642,3108.29195477179,2995.1270275944516,-113.16492717733854,-0.036407431741928176,False,False,,,False,False,,,False,False,False,,,4,63,,A_ETF_sector_momentum,B_ETF_trend_following,0,4451,deterministic_stratified_sample
current_no_cash_proxy_alpha_AB,standard,180,2022-03-31,2022-12-15,2891.048527628146,-0.03631715745728459,3092.611523737947,2891.048527628146,-201.56299610980113,-0.0651756596529065,False,False,,,False,False,,,False,False,False,,,7,43,,B_ETF_trend_following,A_ETF_sector_momentum,0,4451,deterministic_stratified_sample
current_no_cash_proxy_alpha_AB,standard,180,2022-04-06,2022-12-21,2833.248227983029,-0.055583924005656926,3035.1498313595685,2833.248227983029,-201.90160337653924,-0.06652113226519007,False,False,,,False,False,,,False,False,False,,,7,41,,A_ETF_sector_momentum,B_ETF_trend_following,0,4451,deterministic_stratified_sample
current_no_cash_proxy_alpha_AB,standard,180,2022-04-08,2022-12-23,2831.432805369634,-0.05618906487678865,3016.23438534535,2831.432805369634,-184.80157997571587,-0.06126897195840986,False,False,,,False,False,,,False,False,False,,,6,40,,B_ETF_trend_following,A_ETF_sector_momentum,0,4451,deterministic_stratified_sample
current_no_cash_proxy_alpha_AB,standard,180,2022-04-21,2023-01-06,2888.80107365875,-0.037066308780416724,3006.8519315720364,2888.80107365875,-118.05085791328656,-0.039260615620526185,False,False,,,False,False,,,False,False,False,,,4,37,,B_ETF_trend_following,A_ETF_sector_momentum,0,4451,deterministic_stratified_sample
current_no_cash_proxy_alpha_AB,standard,180,2022-05-09,2023-01-25,2841.6469248132007,-0.052784358395599806,3006.8519315720364,2834.2136161308913,-172.6383154411451,-0.05741497066364909,False,False,,,False,False,,,False,False,False,,,8,49,B_ETF_trend_following,A_ETF_sector_momentum,B_ETF_trend_following,0,4451,deterministic_stratified_sample
current_no_cash_proxy_alpha_AB,standard,180,2022-05-25,2023-02-10,2761.6356075124904,-0.0794547974958365,3006.8519315720364,2761.6356075124904,-245.21632405954597,-0.08155251061243396,False,False,,,False,False,,,False,False,False,,,10,72,"A_ETF_sector_momentum,B_ETF_trend_following",B_ETF_trend_following,A_ETF_sector_momentum,0,4451,deterministic_stratified_sample
current_no_cash_proxy_alpha_AB,standard,180,2022-06-13,2023-03-01,2761.6356075124904,-0.0794547974958365,3006.8519315720364,2761.6356075124904,-245.21632405954597,-0.08155251061243396,False,False,,,False,False,,,False,False,False,,,10,76,"A_ETF_sector_momentum,B_ETF_trend_following",B_ETF_trend_following,A_ETF_sector_momentum,0,4451,deterministic_stratified_sample
current_no_cash_proxy_alpha_AB,standard,180,2022-06-28,2023-03-15,2761.6356075124904,-0.0794547974958365,3006.8519315720364,2761.6356075124904,-245.21632405954597,-0.08155251061243396,False,False,,,False,False,,,False,False,False,,,10,79,"A_ETF_sector_momentum,B_ETF_trend_following",B_ETF_trend_following,A_ETF_sector_momentum,0,4451,deterministic_stratified_sample
current_no_cash_proxy_alpha_AB,standard,180,2022-06-30,2023-03-17,2761.6356075124904,-0.0794547974958365,3006.8519315720364,2761.6356075124904,-245.21632405954597,-0.08155251061243396,False,False,,,False,False,,,False,False,False,,,10,79,"A_ETF_sector_momentum,B_ETF_trend_following",B_ETF_trend_following,A_ETF_sector_momentum,0,4451,deterministic_stratified_sample
current_no_cash_proxy_alpha_AB,standard,180,2022-07-19,2023-04-04,2761.6356075124904,-0.0794547974958365,3006.8519315720364,2761.6356075124904,-245.21632405954597,-0.08155251061243396,False,False,,,False,False,,,False,False,False,,,10,116,"A_ETF_sector_momentum,B_ETF_trend_following",B_ETF_trend_following,A_ETF_sector_momentum,0,4451,deterministic_stratified_sample
current_no_cash_proxy_alpha_AB,standard,180,2022-08-04,2023-04-21,2761.6356075124904,-0.0794547974958365,3006.8519315720364,2761.6356075124904,-245.21632405954597,-0.08155251061243396,False,False,,,False,False,,,False,False,False,,,10,135,"A_ETF_sector_momentum,B_ETF_trend_following",B_ETF_trend_following,A_ETF_sector_momentum,0,4451,deterministic_stratified_sample
current_no_cash_proxy_alpha_AB,standard,180,2022-08-23,2023-05-10,2761.6051100664135,-0.07946496331119546,3005.044440886462,2761.6051100664135,-243.43933082004833,-0.08101022650707812,False,False,,,False,False,,,False,False,False,,,10,150,"A_ETF_sector_momentum,B_ETF_trend_following",B_ETF_trend_following,A_ETF_sector_momentum,0,4451,deterministic_stratified_sample
current_no_cash_proxy_alpha_AB,standard,180,2022-09-09,2023-05-26,2761.6051100664135,-0.07946496331119546,3005.044440886462,2761.6051100664135,-243.43933082004833,-0.08101022650707812,False,False,,,False,False,,,False,False,False,,,10,175,"A_ETF_sector_momentum,B_ETF_trend_following",B_ETF_trend_following,A_ETF_sector_momentum,0,4451,deterministic_stratified_sample
current_no_cash_proxy_alpha_AB,standard,180,2022-09-13,2023-05-31,2761.6051100664135,-0.07946496331119546,3005.044440886462,2761.6051100664135,-243.43933082004833,-0.08101022650707812,False,False,,,False,False,,,False,False,False,,,10,186,"A_ETF_sector_momentum,B_ETF_trend_following",B_ETF_trend_following,A_ETF_sector_momentum,0,4451,deterministic_stratified_sample
current_no_cash_proxy_alpha_AB,standard,180,2022-09-27,2023-06-14,2761.6051100664135,-0.07946496331119546,3005.044440886462,2761.6051100664135,-243.43933082004833,-0.08101022650707812,False,False,,,False,False,,,False,False,False,,,10,221,"A_ETF_sector_momentum,B_ETF_trend_following",B_ETF_trend_following,A_ETF_sector_momentum,0,4451,deterministic_stratified_sample
current_no_cash_proxy_alpha_AB,standard,180,2022-10-13,2023-07-03,2761.6051100664135,-0.07946496331119546,3005.044440886462,2761.6051100664135,-243.43933082004833,-0.08101022650707812,False,False,,,False,False,,,False,False,False,,,10,253,"A_ETF_sector_momentum,B_ETF_trend_following",B_ETF_trend_following,A_ETF_sector_momentum,0,4451,deterministic_stratified_sample
current_no_cash_proxy_alpha_AB,standard,180,2022-10-20,2023-07-11,2761.6051100664135,-0.07946496331119546,3005.044440886462,2761.6051100664135,-243.43933082004833,-0.08101022650707812,False,False,,,False,False,,,False,False,False,,,10,262,"A_ETF_sector_momentum,B_ETF_trend_following",B_ETF_trend_following,A_ETF_sector_momentum,0,4451,deterministic_stratified_sample
current_no_cash_proxy_alpha_AB,standard,180,2022-10-31,2023-07-20,2761.6051100664135,-0.07946496331119546,3005.044440886462,2761.6051100664135,-243.43933082004833,-0.08101022650707812,False,False,,,False,False,,,False,False,False,,,10,290,"A_ETF_sector_momentum,B_ETF_trend_following",B_ETF_trend_following,A_ETF_sector_momentum,0,4451,deterministic_stratified_sample
current_no_cash_proxy_alpha_AB,standard,180,2022-11-01,2023-07-21,2761.6051100664135,-0.07946496331119546,3005.044440886462,2761.6051100664135,-243.43933082004833,-0.08101022650707812,False,False,,,False,False,,,False,False,False,,,10,292,"A_ETF_sector_momentum,B_ETF_trend_following",B_ETF_trend_following,A_ETF_sector_momentum,0,4451,deterministic_stratified_sample
current_no_cash_proxy_alpha_AB,standard,180,2022-11-16,2023-08-07,2761.6051100664135,-0.07946496331119546,3005.044440886462,2761.6051100664135,-243.43933082004833,-0.08101022650707812,False,False,,,False,False,,,False,False,False,,,10,313,"A_ETF_sector_momentum,B_ETF_trend_following",B_ETF_trend_following,A_ETF_sector_momentum,0,4451,deterministic_stratified_sample
current_no_cash_proxy_alpha_AB,standard,180,2022-11-22,2023-08-11,2761.6051100664135,-0.07946496331119546,3005.044440886462,2761.6051100664135,-243.43933082004833,-0.08101022650707812,False,False,,,False,False,,,False,False,False,,,10,312,"A_ETF_sector_momentum,B_ETF_trend_following",B_ETF_trend_following,A_ETF_sector_momentum,0,4451,deterministic_stratified_sample
current_no_cash_proxy_alpha_AB,standard,180,2022-11-29,2023-08-17,2761.6051100664135,-0.07946496331119546,3005.044440886462,2761.6051100664135,-243.43933082004833,-0.08101022650707812,False,False,,,False,False,,,False,False,False,,,10,313,"A_ETF_sector_momentum,B_ETF_trend_following",B_ETF_trend_following,A_ETF_sector_momentum,0,4451,deterministic_stratified_sample
current_no_cash_proxy_alpha_AB,standard,180,2022-12-08,2023-08-28,2734.049178361125,-0.08865027387962499,3001.802177995222,2734.049178361125,-267.7529996340968,-0.08919741667084735,False,False,,,False,False,,,False,False,False,,,10,312,"A_ETF_sector_momentum,B_ETF_trend_following",B_ETF_trend_following,A_ETF_sector_momentum,0,4451,deterministic_stratified_sample
current_no_cash_proxy_alpha_AB,standard,180,2022-12-28,2023-09-15,2733.9042998080586,-0.08869856673064713,3007.438819371449,2733.9042998080586,-273.5345195633904,-0.0909526464184428,False,False,,,False,False,,,False,False,False,,,10,333,"A_ETF_sector_momentum,B_ETF_trend_following",B_ETF_trend_following,A_ETF_sector_momentum,0,4451,deterministic_stratified_sample
current_no_cash_proxy_alpha_AB,standard,180,2023-02-16,2023-11-02,3002.32250057186,0.0007741668572867066,3251.3146050754594,2836.8798475528392,-249.67900380391075,-0.07679324646533736,False,False,,,False,False,,,False,False,False,,,19,247,A_ETF_sector_momentum,B_ETF_trend_following,A_ETF_sector_momentum,0,4451,deterministic_stratified_sample
current_no_cash_proxy_alpha_AB,standard,180,2023-03-06,2023-11-17,3420.237209266349,0.1400790697554497,3497.3334562530104,2969.7394719774156,-239.13291160129302,-0.06837578246184639,True,True,2023-06-14,71,True,True,2023-07-13,90,False,False,False,,,24,254,,A_ETF_sector_momentum,B_ETF_trend_following,0,4451,deterministic_stratified_sample
current_no_cash_proxy_alpha_AB,standard,180,2023-03-13,2023-11-27,3448.9133277968294,0.14963777593227645,3497.3334562530104,2969.7394719774156,-239.13291160129302,-0.06837578246184639,True,True,2023-06-14,66,True,True,2023-07-13,85,False,False,False,,,24,267,,A_ETF_sector_momentum,B_ETF_trend_following,0,4451,deterministic_stratified_sample
current_no_cash_proxy_alpha_AB,standard,180,2023-04-20,2024-01-05,3513.112960060591,0.17103765335353027,3603.3708769947675,2949.9101117604578,-237.36089367208297,-0.06847035556074921,True,True,2023-06-15,40,True,True,2023-07-17,60,False,False,False,,,21,291,,A_ETF_sector_momentum,B_ETF_trend_following,0,4451,deterministic_stratified_sample
current_no_cash_proxy_alpha_AB,standard,180,2023-05-04,2024-01-22,3468.7607050940283,0.1562535683646762,3543.670199500167,2957.547092447499,-275.77412165915666,-0.07989901205810024,True,True,2023-06-15,30,True,True,2023-07-17,50,False,False,False,,,26,286,,B_ETF_trend_following,A_ETF_sector_momentum,0,4451,deterministic_stratified_sample
current_no_cash_proxy_alpha_AB,standard,180,2023-05-08,2024-01-24,3588.355845666377,0.1961186152221257,3632.9590878439103,2998.0594099786285,-281.9080309930432,-0.07968712148397838,True,True,2023-06-12,25,True,True,2023-06-15,28,False,False,False,,,24,285,,B_ETF_trend_following,A_ETF_sector_momentum,0,4451,deterministic_stratified_sample
current_no_cash_proxy_alpha_AB,standard,180,2023-06-14,2024-03-01,3316.43518918628,0.10547839639542667,3324.875249247731,2956.9818992948485,-190.65941055431176,-0.06023355240426731,True,True,2023-12-19,131,False,False,,,False,False,False,,,28,308,,A_ETF_sector_momentum,B_ETF_trend_following,0,4451,deterministic_stratified_sample
current_no_cash_proxy_alpha_AB,standard,180,2023-07-10,2024-03-25,3318.368381861458,0.1061227939538194,3349.6371593903164,2903.2559576613057,-175.20781604314425,-0.05399238342525359,True,True,2024-03-20,177,False,False,,,False,False,False,,,28,325,,A_ETF_sector_momentum,B_ETF_trend_following,0,4451,deterministic_stratified_sample
current_no_cash_proxy_alpha_AB,standard,180,2023-07-18,2024-04-03,3294.107824744333,0.09803594158144424,3318.717311016361,2819.7695474106604,-180.23045258933962,-0.06007681752977989,True,True,2024-03-21,172,False,False,,,False,False,False,,,21,361,B_ETF_trend_following,A_ETF_sector_momentum,B_ETF_trend_following,0,4451,deterministic_stratified_sample
current_no_cash_proxy_alpha_AB,standard,180,2023-07-24,2024-04-09,3125.538803099379,0.04184626769979305,3165.0262504899665,2807.923857660984,-206.75156954085014,-0.06858170125888252,False,False,,,False,False,,,False,False,False,,,27,336,B_ETF_trend_following,A_ETF_sector_momentum,B_ETF_trend_following,0,4451,deterministic_stratified_sample
current_no_cash_proxy_alpha_AB,standard,180,2023-09-07,2024-05-23,3301.533895273631,0.10051129842454376,3377.4163952221743,2882.3164782794206,-190.96267735693255,-0.05654105239350282,True,True,2024-03-20,135,False,False,,,False,False,False,,,30,336,,A_ETF_sector_momentum,B_ETF_trend_following,0,4451,deterministic_stratified_sample
current_no_cash_proxy_alpha_AB,standard,180,2023-10-06,2024-06-25,3334.546666892711,0.11151555563090376,3455.2537040189964,2953.363794583244,-199.79158067718708,-0.057822550177660914,True,True,2023-12-28,58,True,True,2024-03-20,114,False,False,False,,,34,383,,A_ETF_sector_momentum,B_ETF_trend_following,0,4451,deterministic_stratified_sample
current_no_cash_proxy_alpha_AB,standard,180,2023-11-10,2024-07-31,3230.3900664374346,0.07679668881247825,3341.9657512634317,2997.0291413954515,-171.98468901587148,-0.053700715392726805,True,True,2024-03-27,94,False,False,,,False,False,False,,,40,413,,B_ETF_trend_following,A_ETF_sector_momentum,0,4451,deterministic_stratified_sample
current_no_cash_proxy_alpha_AB,standard,180,2023-12-22,2024-09-11,3208.33866967113,0.06944622322371008,3208.33866967113,2902.6768781100554,-182.1677359872965,-0.057054151154335986,False,False,,,False,False,,,False,False,False,,,36,416,,A_ETF_sector_momentum,B_ETF_trend_following,0,4451,deterministic_stratified_sample
current_no_cash_proxy_alpha_AB,standard,180,2024-01-12,2024-09-30,3402.638247197432,0.1342127490658107,3414.9021186518275,2984.4713196202183,-230.3368171973907,-0.06974911957264318,True,True,2024-03-28,53,True,True,2024-09-24,176,False,False,False,,,33,437,,A_ETF_sector_momentum,B_ETF_trend_following,0,4451,deterministic_stratified_sample
current_no_cash_proxy_alpha_AB,standard,180,2024-03-13,2024-11-26,3200.8880790469784,0.06696269301565949,3214.1672605502295,2873.6811026781097,-189.8721546881079,-0.06197775548101414,False,False,,,False,False,,,False,False,False,,,37,393,,A_ETF_sector_momentum,B_ETF_trend_following,0,4451,deterministic_stratified_sample
current_no_cash_proxy_alpha_AB,standard,180,2024-05-13,2025-01-30,3479.6594605445543,0.15988648684818485,3479.6594605445543,2931.0831622816195,-164.01216137560823,-0.04866703626411484,True,True,2024-12-02,141,True,True,2024-12-11,148,False,False,False,,,34,398,,A_ETF_sector_momentum,B_ETF_trend_following,0,4451,deterministic_stratified_sample
current_no_cash_proxy_alpha_AB,standard,180,2024-05-29,2025-02-14,3576.8142919427273,0.19227143064757568,3577.578878295798,2978.4378949090915,-166.8770624118588,-0.04736236088720003,True,True,2024-09-23,81,True,True,2024-12-03,131,False,False,False,,,29,382,,A_ETF_sector_momentum,B_ETF_trend_following,0,4451,deterministic_stratified_sample
current_no_cash_proxy_alpha_AB,standard,180,2024-07-15,2025-04-01,3434.4764461934956,0.14482548206449852,3475.246392219892,2917.2577002933795,-162.9946042089914,-0.047788747739378024,True,True,2024-12-04,101,True,True,2024-12-11,106,False,False,False,,,29,320,,A_ETF_sector_momentum,B_ETF_trend_following,0,4451,deterministic_stratified_sample
current_no_cash_proxy_alpha_AB,standard,180,2024-08-15,2025-05-05,3281.5059485476413,0.09383531618254715,3398.8891943639646,3000.0,-161.5136653229838,-0.050631379179475355,True,True,2024-12-11,83,False,False,,,False,False,False,,,25,273,,B_ETF_trend_following,A_ETF_sector_momentum,0,4451,deterministic_stratified_sample
current_no_cash_proxy_alpha_AB,standard,180,2024-09-11,2025-05-30,3280.445886169458,0.09348196205648596,3390.7484208993874,3000.0,-160.2751515754735,-0.048140645681078675,True,True,2024-12-11,65,False,False,,,False,False,False,,,26,234,,B_ETF_trend_following,A_ETF_sector_momentum,0,4451,deterministic_stratified_sample
current_no_cash_proxy_alpha_AB,standard,180,2024-10-02,2025-06-23,3171.9918607721456,0.05733062025738178,3215.1224049025595,2882.215924247512,-154.34639945112394,-0.04884685333131611,False,False,,,False,False,,,False,False,False,,,26,195,,A_ETF_sector_momentum,B_ETF_trend_following,0,4451,deterministic_stratified_sample
current_no_cash_proxy_alpha_AB,standard,180,2024-10-10,2025-07-01,3161.2550374116076,0.05375167913720258,3188.1475934647156,2930.277285926548,-177.860383094589,-0.055788001615477145,False,False,,,False,False,,,False,False,False,,,28,186,,A_ETF_sector_momentum,B_ETF_trend_following,0,4451,deterministic_stratified_sample
current_no_cash_proxy_alpha_AB,standard,180,2024-10-31,2025-07-23,3450.644881616022,0.150214960538674,3450.644881616022,2989.1100919890587,-158.53840224777014,-0.04838346815955252,True,True,2025-01-30,61,True,True,2025-07-17,176,False,False,False,,,22,214,,A_ETF_sector_momentum,B_ETF_trend_following,0,4451,deterministic_stratified_sample
current_no_cash_proxy_alpha_AB,standard,180,2024-11-07,2025-07-30,3407.8247246092424,0.13594157486974745,3439.717096082478,2981.233713893769,-157.15423260441366,-0.0485182588855636,True,True,2025-06-27,158,True,True,2025-07-23,175,False,False,False,,,21,225,,A_ETF_sector_momentum,B_ETF_trend_following,0,4451,deterministic_stratified_sample
current_no_cash_proxy_alpha_AB,standard,180,2024-11-08,2025-07-31,3122.229062502477,0.04074302083415904,3149.7096734964316,2877.0643475595434,-150.0370281482151,-0.04956458655539253,False,False,,,False,False,,,False,False,False,,,23,250,B_ETF_trend_following,A_ETF_sector_momentum,B_ETF_trend_following,0,4451,deterministic_stratified_sample
current_no_cash_proxy_alpha_AB,standard,180,2025-01-10,2025-09-29,3269.836175232148,0.08994539174404936,3348.0799336441105,3000.0,-188.97182555471773,-0.056441850045389264,True,True,2025-07-23,133,False,False,,,False,False,False,,,27,275,,A_ETF_sector_momentum,B_ETF_trend_following,0,4451,deterministic_stratified_sample
current_no_cash_proxy_alpha_AB,standard,180,2025-01-21,2025-10-07,3142.010633286941,0.047336877762313545,3157.337047264192,2901.1313453323955,-161.50308998148967,-0.052733388000627435,False,False,,,False,False,,,False,False,False,,,22,318,B_ETF_trend_following,A_ETF_sector_momentum,B_ETF_trend_following,0,4451,deterministic_stratified_sample
current_no_cash_proxy_alpha_AB,standard,180,2025-03-17,2025-12-01,3139.062814938474,0.04635427164615802,3219.145873155563,2957.693438191928,-181.95516509977915,-0.05692701377826126,False,False,,,False,False,,,False,False,False,,,30,296,B_ETF_trend_following,A_ETF_sector_momentum,B_ETF_trend_following,0,4451,deterministic_stratified_sample
current_no_cash_proxy_alpha_AB,standard,180,2025-04-04,2025-12-19,3131.1569885536737,0.04371899618455788,3261.0020676387226,2997.9876690305464,-188.37339886729114,-0.05776549507179296,False,False,,,False,False,,,False,False,False,,,31,336,B_ETF_trend_following,A_ETF_sector_momentum,B_ETF_trend_following,0,4451,deterministic_stratified_sample
current_no_cash_proxy_alpha_AB,standard,180,2025-04-08,2025-12-23,3185.8483342235986,0.061949444741199455,3261.0020676387226,2997.9876690305464,-188.37339886729114,-0.05776549507179296,False,False,,,False,False,,,False,False,False,,,32,340,B_ETF_trend_following,A_ETF_sector_momentum,B_ETF_trend_following,0,4451,deterministic_stratified_sample
current_no_cash_proxy_alpha_AB,standard,180,2025-04-23,2026-01-08,3177.7825199056438,0.05926083996854792,3261.0020676387226,2997.9876690305464,-188.37339886729114,-0.05776549507179296,False,False,,,False,False,,,False,False,False,,,32,365,B_ETF_trend_following,A_ETF_sector_momentum,B_ETF_trend_following,0,4451,deterministic_stratified_sample
current_no_cash_proxy_alpha_AB,standard,180,2025-05-09,2026-01-27,3173.1868443963926,0.05772894813213081,3261.0020676387226,2997.9876690305464,-188.37339886729114,-0.05776549507179296,False,False,,,False,False,,,False,False,False,,,35,411,B_ETF_trend_following,A_ETF_sector_momentum,B_ETF_trend_following,0,4451,deterministic_stratified_sample
current_no_cash_proxy_alpha_AB,standard,180,2025-05-12,2026-01-28,3216.0572478186095,0.07201908260620327,3261.0020676387226,2997.9876690305464,-188.37339886729114,-0.05776549507179296,False,False,,,False,False,,,False,False,False,,,35,415,B_ETF_trend_following,A_ETF_sector_momentum,B_ETF_trend_following,0,4451,deterministic_stratified_sample
current_no_cash_proxy_alpha_AB,standard,180,2025-05-13,2026-01-29,3144.866340352706,0.04828878011756865,3249.912563140348,2986.880193652757,-183.3973165851403,-0.05681624551706854,False,False,,,False,False,,,False,False,False,,,34,419,B_ETF_trend_following,A_ETF_sector_momentum,B_ETF_trend_following,0,4451,deterministic_stratified_sample
current_no_cash_proxy_alpha_AB,standard,180,2025-05-14,2026-01-30,3147.3952862736105,0.04913176209120351,3258.979607736436,2987.2231625324703,-188.2844092751261,-0.05777403725637342,False,False,,,False,False,,,False,False,False,,,33,426,B_ETF_trend_following,A_ETF_sector_momentum,B_ETF_trend_following,0,4451,deterministic_stratified_sample
current_no_cash_proxy_alpha_AB,standard,180,2025-05-15,2026-02-02,3170.449269875396,0.0568164232917987,3228.1363408121288,2916.508487924502,-161.84765935845508,-0.050136562484141445,False,False,,,False,False,,,False,False,False,,,28,470,B_ETF_trend_following,A_ETF_sector_momentum,B_ETF_trend_following,0,4451,deterministic_stratified_sample
current_no_cash_proxy_alpha_AB,standard,180,2025-05-16,2026-02-03,3134.177113108346,0.04472570436944867,3208.1550952985235,2961.323858407622,-185.73609483391238,-0.05798324570220703,False,False,,,False,False,,,False,False,False,,,38,418,B_ETF_trend_following,A_ETF_sector_momentum,B_ETF_trend_following,0,4451,deterministic_stratified_sample
current_no_cash_proxy_alpha_AB,standard,180,2025-05-19,2026-02-04,3060.7859303408263,0.020261976780275415,3172.71449500982,2896.795089187468,-159.84873413161995,-0.05038232541347065,False,False,,,False,False,,,False,False,False,,,29,470,B_ETF_trend_following,A_ETF_sector_momentum,B_ETF_trend_following,0,4451,deterministic_stratified_sample
current_no_cash_proxy_alpha_AB,standard,180,2025-05-20,2026-02-05,3056.1809121810775,0.018726970727025893,3177.533235708191,2900.7315974190724,-160.0225338707678,-0.05036061686860782,False,False,,,False,False,,,False,False,False,,,29,472,B_ETF_trend_following,A_ETF_sector_momentum,B_ETF_trend_following,0,4451,deterministic_stratified_sample
current_no_cash_proxy_alpha_AB,standard,180,2025-05-21,2026-02-06,3375.3028511582443,0.12510095038608138,3375.3028511582443,2971.0851383857726,-186.18552748562342,-0.05793797852076854,True,True,2026-02-03,177,False,False,,,False,False,False,,,37,398,,A_ETF_sector_momentum,B_ETF_trend_following,0,4451,deterministic_stratified_sample
current_no_cash_proxy_alpha_AB,standard,180,2025-05-22,2026-02-09,3392.308548152434,0.13076951605081133,3392.308548152434,2971.0851383857726,-186.18552748562342,-0.05793797852076854,True,True,2026-02-03,176,False,False,,,False,False,False,,,37,401,,A_ETF_sector_momentum,B_ETF_trend_following,0,4451,deterministic_stratified_sample
current_no_cash_proxy_alpha_AB,standard,180,2025-05-23,2026-02-10,3410.1146107318036,0.13670487024393463,3410.1146107318036,2971.0851383857726,-186.18552748562342,-0.05793797852076854,True,True,2026-02-03,175,True,True,2026-02-10,180,False,False,False,,,37,402,,A_ETF_sector_momentum,B_ETF_trend_following,0,4451,deterministic_stratified_sample
current_no_cash_proxy_alpha_AB,standard,180,2025-05-27,2026-02-11,2997.4095894801485,-0.000863470173283809,3081.7331820442178,2882.009506426607,-174.73748264712776,-0.057164522700675735,False,False,,,False,False,,,False,False,False,,,40,436,B_ETF_trend_following,A_ETF_sector_momentum,B_ETF_trend_following,0,4451,deterministic_stratified_sample
current_no_cash_proxy_alpha_AB,standard,180,2025-05-28,2026-02-12,2973.7620889509017,-0.008745970349699483,3081.7331820442178,2882.009506426607,-174.73748264712776,-0.057164522700675735,False,False,,,False,False,,,False,False,False,,,40,441,B_ETF_trend_following,A_ETF_sector_momentum,B_ETF_trend_following,0,4451,deterministic_stratified_sample
current_no_cash_proxy_alpha_AB,standard,180,2025-05-29,2026-02-13,2994.6859458735016,-0.0017713513754994414,3081.7331820442178,2882.009506426607,-174.73748264712776,-0.057164522700675735,False,False,,,False,False,,,False,False,False,,,40,445,B_ETF_trend_following,A_ETF_sector_momentum,B_ETF_trend_following,0,4451,deterministic_stratified_sample
current_no_cash_proxy_alpha_AB,standard,180,2025-05-30,2026-02-17,2979.339881039353,-0.0068867063202157075,3081.7331820442178,2882.009506426607,-174.73748264712776,-0.057164522700675735,False,False,,,False,False,,,False,False,False,,,40,450,B_ETF_trend_following,A_ETF_sector_momentum,B_ETF_trend_following,0,4451,deterministic_stratified_sample
current_no_cash_proxy_alpha_AB,standard,180,2025-06-02,2026-02-18,3132.938548713551,0.044312849571183754,3217.1644168505372,2985.7314692202362,-181.81038440436714,-0.05691889889578039,False,False,,,False,False,,,False,False,False,,,37,453,B_ETF_trend_following,A_ETF_sector_momentum,B_ETF_trend_following,0,4451,deterministic_stratified_sample
current_no_cash_proxy_alpha_AB,standard,180,2025-06-03,2026-02-19,3079.055664960025,0.026351888320008232,3140.245861865575,2936.929135823159,-175.7225392335331,-0.0564542896468917,False,False,,,False,False,,,False,False,False,,,39,447,B_ETF_trend_following,A_ETF_sector_momentum,B_ETF_trend_following,0,4451,deterministic_stratified_sample
current_no_cash_proxy_alpha_AB,standard,180,2025-06-04,2026-02-20,3069.0660254157438,0.0230220084719146,3140.245861865575,2936.929135823159,-175.7225392335331,-0.0564542896468917,False,False,,,False,False,,,False,False,False,,,39,449,B_ETF_trend_following,A_ETF_sector_momentum,B_ETF_trend_following,0,4451,deterministic_stratified_sample
current_no_cash_proxy_alpha_AB,standard,180,2025-06-05,2026-02-23,3058.3014053716147,0.01943380179053822,3133.536190061205,2930.4552195195947,-175.22372251022261,-0.05642042393335722,False,False,,,False,False,,,False,False,False,,,40,450,B_ETF_trend_following,A_ETF_sector_momentum,B_ETF_trend_following,0,4451,deterministic_stratified_sample
current_no_cash_proxy_alpha_AB,standard,180,2025-06-06,2026-02-24,3030.036334468814,0.01001211148960457,3091.778470471664,2895.247584717087,-170.05507183968803,-0.0554774163901679,False,False,,,False,False,,,False,False,False,,,36,472,B_ETF_trend_following,A_ETF_sector_momentum,B_ETF_trend_following,0,4451,deterministic_stratified_sample
current_no_cash_proxy_alpha_AB,standard,180,2025-06-09,2026-02-25,3010.7683901983028,0.003589463399434223,3105.6908134438054,2874.825517303553,-175.38355605600327,-0.05647167300003242,False,False,,,False,False,,,False,False,False,,,38,466,B_ETF_trend_following,A_ETF_sector_momentum,B_ETF_trend_following,0,4451,deterministic_stratified_sample
current_no_cash_proxy_alpha_AB,standard,180,2025-06-10,2026-02-26,3022.213800487355,0.007404600162451702,3105.6908134438054,2874.825517303553,-175.38355605600327,-0.05647167300003242,False,False,,,False,False,,,False,False,False,,,38,469,B_ETF_trend_following,A_ETF_sector_momentum,B_ETF_trend_following,0,4451,deterministic_stratified_sample
current_no_cash_proxy_alpha_AB,standard,180,2025-06-11,2026-02-27,3124.7885373380786,0.041596179112692866,3165.9170461835674,2931.05110165578,-184.9533574292218,-0.058995970553534116,False,False,,,False,False,,,False,False,False,,,35,475,B_ETF_trend_following,A_ETF_sector_momentum,B_ETF_trend_following,0,4451,deterministic_stratified_sample
current_no_cash_proxy_alpha_AB,standard,180,2025-06-12,2026-03-02,3161.4921416578713,0.05383071388595706,3165.9170461835674,2931.05110165578,-184.9533574292218,-0.058995970553534116,False,False,,,False,False,,,False,False,False,,,35,480,B_ETF_trend_following,A_ETF_sector_momentum,B_ETF_trend_following,0,4451,deterministic_stratified_sample
current_no_cash_proxy_alpha_AB,standard,180,2025-06-13,2026-03-03,3342.208110170796,0.11406937005693196,3431.307105323569,2934.8231420558755,-184.50947744586392,-0.05810828020571579,True,True,2026-02-04,162,True,True,2026-02-20,173,False,False,False,,,38,432,,A_ETF_sector_momentum,B_ETF_trend_following,0,4451,deterministic_stratified_sample
current_no_cash_proxy_alpha_AB,standard,180,2025-06-16,2026-03-04,3107.7729177613232,0.035924305920441046,3151.5584730207306,2946.4514341061763,-176.0793666439872,-0.05638995349595444,False,False,,,False,False,,,False,False,False,,,33,491,B_ETF_trend_following,A_ETF_sector_momentum,B_ETF_trend_following,0,4451,deterministic_stratified_sample
current_no_cash_proxy_alpha_AB,standard,180,2025-06-17,2026-03-05,3084.9779038091497,0.0283259679363832,3151.5584730207306,2946.4514341061763,-176.0793666439872,-0.05638995349595444,False,False,,,False,False,,,False,False,False,,,33,492,B_ETF_trend_following,A_ETF_sector_momentum,B_ETF_trend_following,0,4451,deterministic_stratified_sample
current_no_cash_proxy_alpha_AB,standard,180,2025-06-18,2026-03-06,3086.9325529286743,0.02897751764289147,3151.5584730207306,2946.4514341061763,-176.0793666439872,-0.05638995349595444,False,False,,,False,False,,,False,False,False,,,33,492,B_ETF_trend_following,A_ETF_sector_momentum,B_ETF_trend_following,0,4451,deterministic_stratified_sample
current_no_cash_proxy_alpha_AB,standard,180,2025-06-20,2026-03-09,3088.87045023166,0.02962348341055332,3151.5584730207306,2946.4514341061763,-176.0793666439872,-0.05638995349595444,False,False,,,False,False,,,False,False,False,,,34,492,B_ETF_trend_following,A_ETF_sector_momentum,B_ETF_trend_following,0,4451,deterministic_stratified_sample
current_no_cash_proxy_alpha_AB,standard,180,2025-06-23,2026-03-10,3267.1507889767317,0.08905026299224383,3417.8203222602906,2979.005287014215,-183.97095108189797,-0.05816387390650635,True,True,2026-02-06,159,True,True,2026-02-27,173,False,False,False,,,39,432,,A_ETF_sector_momentum,B_ETF_trend_following,0,4451,deterministic_stratified_sample
current_no_cash_proxy_alpha_AB,standard,180,2025-06-24,2026-03-11,3329.5489408183093,0.10984964693943655,3463.1362602427903,2985.4170682250824,-185.78041351611455,-0.057978769009158326,True,True,2026-02-04,156,True,True,2026-02-10,160,False,False,False,,,39,430,,A_ETF_sector_momentum,B_ETF_trend_following,0,4451,deterministic_stratified_sample
current_no_cash_proxy_alpha_AB,standard,180,2025-06-25,2026-03-12,3109.2391653250006,0.03641305510833348,3151.237226559979,2959.775534923155,-183.0900031575452,-0.05825575448237452,False,False,,,False,False,,,False,False,False,,,38,457,B_ETF_trend_following,A_ETF_sector_momentum,B_ETF_trend_following,0,4451,deterministic_stratified_sample
current_no_cash_proxy_alpha_AB,standard,180,2025-06-26,2026-03-13,3274.244775688576,0.09141492522952532,3436.2070569765574,2995.031343028319,-184.70513219428813,-0.05808818863876364,True,True,2026-02-04,154,True,True,2026-02-11,159,False,False,False,,,39,425,,A_ETF_sector_momentum,B_ETF_trend_following,0,4451,deterministic_stratified_sample
current_no_cash_proxy_alpha_AB,standard,180,2025-06-27,2026-03-16,3100.0471414399935,0.03334904714666442,3159.9569944501113,2956.2879601544255,-174.0294187552372,-0.0555948160169798,False,False,,,False,False,,,False,False,False,,,34,470,B_ETF_trend_following,A_ETF_sector_momentum,B_ETF_trend_following,0,4451,deterministic_stratified_sample
current_no_cash_proxy_alpha_AB,standard,180,2025-06-30,2026-03-17,3103.937990442121,0.03464599681404046,3161.5203597965565,2957.8213114770165,-190.42571528876488,-0.06048626860275019,False,False,,,False,False,,,False,False,False,,,36,453,B_ETF_trend_following,A_ETF_sector_momentum,B_ETF_trend_following,0,4451,deterministic_stratified_sample
current_no_cash_proxy_alpha_AB,standard,180,2025-07-01,2026-03-18,3034.717080945492,0.011572360315164065,3116.549573477977,2921.891450994607,-175.8379721419701,-0.05642072041412782,False,False,,,False,False,,,False,False,False,,,37,463,B_ETF_trend_following,A_ETF_sector_momentum,B_ETF_trend_following,0,4451,deterministic_stratified_sample
current_no_cash_proxy_alpha_AB,standard,180,2025-07-02,2026-03-19,3141.9564711927505,0.04731882373091678,3180.045691593904,2939.7272068255597,-182.77057843012608,-0.05828936080099545,False,False,,,False,False,,,False,False,False,,,38,449,B_ETF_trend_following,A_ETF_sector_momentum,B_ETF_trend_following,0,4451,deterministic_stratified_sample
current_no_cash_proxy_alpha_AB,standard,180,2025-07-03,2026-03-20,3070.6432122255,0.023547737408500025,3124.6880513921087,2922.1805188066664,-174.34537861666104,-0.05630354287097572,False,False,,,False,False,,,False,False,False,,,35,454,B_ETF_trend_following,A_ETF_sector_momentum,B_ETF_trend_following,0,4451,deterministic_stratified_sample
current_no_cash_proxy_alpha_AB,standard,180,2025-07-07,2026-03-23,3166.860637819491,0.055620212606496855,3190.7961720283834,2982.0461271412187,-184.8173561146391,-0.058076689942242465,False,False,,,False,False,,,False,False,False,,,39,441,B_ETF_trend_following,A_ETF_sector_momentum,B_ETF_trend_following,0,4451,deterministic_stratified_sample
current_no_cash_proxy_alpha_AB,standard,180,2025-07-08,2026-03-24,3096.4984679845456,0.03216615599484851,3117.353275692373,2922.6449543719873,-175.871605375728,-0.056416963308935975,False,False,,,False,False,,,False,False,False,,,36,455,B_ETF_trend_following,A_ETF_sector_momentum,B_ETF_trend_following,0,4451,deterministic_stratified_sample
current_no_cash_proxy_alpha_AB,standard,180,2025-07-09,2026-03-25,3090.5962448603623,0.03019874828678737,3117.353275692373,2922.6449543719873,-175.871605375728,-0.056416963308935975,False,False,,,False,False,,,False,False,False,,,36,455,B_ETF_trend_following,A_ETF_sector_momentum,B_ETF_trend_following,0,4451,deterministic_stratified_sample
current_no_cash_proxy_alpha_AB,standard,180,2025-07-10,2026-03-26,3101.479230155449,0.033826410051816413,3107.5147743295493,2913.4209608673527,-175.45988495212487,-0.056463089540734535,False,False,,,False,False,,,False,False,False,,,36,456,B_ETF_trend_following,A_ETF_sector_momentum,B_ETF_trend_following,0,4451,deterministic_stratified_sample
current_no_cash_proxy_alpha_AB,standard,180,2025-07-11,2026-03-27,3145.381221563832,0.04846040718794398,3145.381221563832,2903.233236920859,-184.1619909567753,-0.05964963257502143,False,False,,,False,False,,,False,False,False,,,32,461,B_ETF_trend_following,A_ETF_sector_momentum,B_ETF_trend_following,0,4451,deterministic_stratified_sample
current_no_cash_proxy_alpha_AB,standard,180,2025-07-14,2026-03-30,3114.78774130233,0.038262580434109905,3127.9038204858925,2863.549267691104,-160.32049209710203,-0.053018319184597096,False,False,,,False,False,,,False,False,False,,,30,463,B_ETF_trend_following,A_ETF_sector_momentum,B_ETF_trend_following,0,4451,deterministic_stratified_sample
current_no_cash_proxy_alpha_AB,standard,180,2025-07-15,2026-03-31,3106.2078424982137,0.03540261416607127,3134.625972367867,2874.4833566324714,-195.38389352912918,-0.06364571416527665,False,False,,,False,False,,,False,False,False,,,30,456,B_ETF_trend_following,A_ETF_sector_momentum,B_ETF_trend_following,0,4451,deterministic_stratified_sample
current_no_cash_proxy_alpha_AB,standard,180,2025-07-16,2026-04-01,3060.286321914634,0.020095440638211226,3128.9424518873266,2888.096603608331,-166.15931594630547,-0.0544025518236646,False,False,,,False,False,,,False,False,False,,,32,445,B_ETF_trend_following,A_ETF_sector_momentum,B_ETF_trend_following,0,4451,deterministic_stratified_sample
current_no_cash_proxy_alpha_AB,standard,180,2025-07-17,2026-04-02,3059.5130520051,0.01983768400169983,3128.1691819777925,2863.8555321039958,-165.12081598054283,-0.05451373566682416,False,False,,,False,False,,,False,False,False,,,30,455,B_ETF_trend_following,A_ETF_sector_momentum,B_ETF_trend_following,0,4451,deterministic_stratified_sample
current_no_cash_proxy_alpha_AB,standard,180,2025-07-18,2026-04-06,3019.9046308818542,0.006634876960618152,3088.5607608545465,2898.0514679688144,-157.21527578493215,-0.051457135815177635,False,False,,,False,False,,,False,False,False,,,34,431,B_ETF_trend_following,A_ETF_sector_momentum,B_ETF_trend_following,0,4451,deterministic_stratified_sample
current_no_cash_proxy_alpha_AB,standard,180,2025-07-21,2026-04-07,3044.1297085185515,0.01470990283951723,3112.7858384912442,2885.5027283211975,-169.14987368267293,-0.055374504312441175,False,False,,,False,False,,,False,False,False,,,36,434,B_ETF_trend_following,A_ETF_sector_momentum,B_ETF_trend_following,0,4451,deterministic_stratified_sample
current_no_cash_proxy_alpha_AB,standard,180,2025-07-22,2026-04-08,3054.8701604790767,0.018290053493025482,3123.526290451769,2859.6303967100857,-168.2471725812493,-0.055566042130503646,False,False,,,False,False,,,False,False,False,,,30,450,B_ETF_trend_following,A_ETF_sector_momentum,B_ETF_trend_following,0,4451,deterministic_stratified_sample
current_no_cash_proxy_alpha_AB,standard,180,2025-07-23,2026-04-09,3050.4754330920614,0.016825144364020383,3119.131563064754,2876.1481411659233,-168.60150226020278,-0.05537450431244084,False,False,,,False,False,,,False,False,False,,,35,435,B_ETF_trend_following,A_ETF_sector_momentum,B_ETF_trend_following,0,4451,deterministic_stratified_sample
current_no_cash_proxy_alpha_AB,standard,180,2025-07-24,2026-04-10,3041.7493080733257,0.013916436024441925,3110.4054380460184,2882.9887593003514,-169.00250333429494,-0.055374504312441175,False,False,,,False,False,,,False,False,False,,,36,424,B_ETF_trend_following,A_ETF_sector_momentum,B_ETF_trend_following,0,4451,deterministic_stratified_sample
current_no_cash_proxy_alpha_AB,standard,180,2025-07-25,2026-04-13,3025.8533714676287,0.00861779048920952,3091.15201580809,2853.1421954255998,-155.6451993142614,-0.051197016674278006,False,False,,,False,False,,,False,False,False,,,34,445,B_ETF_trend_following,A_ETF_sector_momentum,B_ETF_trend_following,0,4451,deterministic_stratified_sample
current_no_cash_proxy_alpha_AB,standard,180,2025-07-28,2026-04-14,3010.7157351731744,0.00357191172439153,3096.7739075315353,2879.3065142083497,-168.78664795281566,-0.055374504312441064,False,False,,,False,False,,,False,False,False,,,36,427,B_ETF_trend_following,A_ETF_sector_momentum,B_ETF_trend_following,0,4451,deterministic_stratified_sample
current_no_cash_proxy_alpha_AB,standard,180,2025-07-29,2026-04-15,3081.187095244384,0.027062365081461426,3184.8573160942096,2886.542358050696,-158.98915374305443,-0.050490668653165205,False,False,,,False,False,,,False,False,False,,,30,457,B_ETF_trend_following,A_ETF_sector_momentum,B_ETF_trend_following,0,4451,deterministic_stratified_sample
current_no_cash_proxy_alpha_AB,standard,180,2025-07-30,2026-04-16,3114.065416999664,0.038021805666554664,3197.177359677643,2889.9767347239285,-159.42880512006195,-0.050435050006864435,False,False,,,False,False,,,False,False,False,,,30,461,B_ETF_trend_following,A_ETF_sector_momentum,B_ETF_trend_following,0,4451,deterministic_stratified_sample
current_no_cash_proxy_alpha_AB,standard,180,2025-07-31,2026-04-17,3030.2448982544965,0.01008163275149876,3141.676548544506,2929.2404382160003,-176.18729841959203,-0.05638179203817828,False,False,,,False,False,,,False,False,False,,,36,445,B_ETF_trend_following,A_ETF_sector_momentum,B_ETF_trend_following,0,4451,deterministic_stratified_sample
current_no_cash_proxy_alpha_AB,standard,180,2025-08-01,2026-04-20,3109.740613131023,0.0365802043770076,3214.3648891674693,2932.1658105474307,-182.41728544878833,-0.05832671287583935,False,False,,,False,False,,,False,False,False,,,38,439,B_ETF_trend_following,A_ETF_sector_momentum,B_ETF_trend_following,0,4451,deterministic_stratified_sample
current_no_cash_proxy_alpha_AB,standard,180,2025-08-04,2026-04-21,3033.228666623082,0.011076222207694109,3147.6351059666786,2881.2438153096896,-184.21265730997766,-0.060093059208423116,False,False,,,False,False,,,False,False,False,,,35,440,B_ETF_trend_following,A_ETF_sector_momentum,B_ETF_trend_following,0,4451,deterministic_stratified_sample
current_no_cash_proxy_alpha_AB,standard,180,2025-08-05,2026-04-22,3069.227952846525,0.023075984282175055,3161.031227282112,2906.058490247311,-181.18919126793753,-0.058458066041965906,False,False,,,False,False,,,False,False,False,,,38,440,B_ETF_trend_following,A_ETF_sector_momentum,B_ETF_trend_following,0,4451,deterministic_stratified_sample
current_no_cash_proxy_alpha_AB,standard,180,2025-08-06,2026-04-23,3077.481573270629,0.0258271910902097,3161.031227282112,2906.058490247311,-181.18919126793753,-0.058458066041965906,False,False,,,False,False,,,False,False,False,,,38,444,B_ETF_trend_following,A_ETF_sector_momentum,B_ETF_trend_following,0,4451,deterministic_stratified_sample
current_no_cash_proxy_alpha_AB,standard,180,2025-08-07,2026-04-24,3122.8728042249763,0.040957601408325495,3161.031227282112,2906.058490247311,-181.18919126793753,-0.058458066041965906,False,False,,,False,False,,,False,False,False,,,38,446,B_ETF_trend_following,A_ETF_sector_momentum,B_ETF_trend_following,0,4451,deterministic_stratified_sample
current_no_cash_proxy_alpha_AB,standard,180,2025-08-08,2026-04-27,3105.422965998537,0.035140988666179096,3147.241471599925,2892.14606333111,-180.5796882742029,-0.058524142897143805,False,False,,,False,False,,,False,False,False,,,37,450,B_ETF_trend_following,A_ETF_sector_momentum,B_ETF_trend_following,0,4451,deterministic_stratified_sample
current_no_cash_proxy_alpha_AB,standard,180,2025-08-11,2026-04-28,3037.895910477702,0.012631970159233896,3114.8358972727115,2851.6683527291493,-156.49037904339912,-0.05081514191331815,False,False,,,False,False,,,False,False,False,,,28,480,B_ETF_trend_following,A_ETF_sector_momentum,B_ETF_trend_following,0,4451,deterministic_stratified_sample
current_no_cash_proxy_alpha_AB,standard,180,2025-08-12,2026-04-29,3042.1123304483335,0.014037443482777912,3114.8358972727115,2851.6683527291493,-156.49037904339912,-0.05081514191331815,False,False,,,False,False,,,False,False,False,,,28,480,B_ETF_trend_following,A_ETF_sector_momentum,B_ETF_trend_following,0,4451,deterministic_stratified_sample
current_no_cash_proxy_alpha_AB,standard,180,2025-08-13,2026-04-30,3048.4514264338604,0.016150475477953563,3096.736943541542,2835.086287608811,-183.01092518391442,-0.06063784970483754,False,False,,,False,False,,,False,False,False,,,30,474,B_ETF_trend_following,A_ETF_sector_momentum,B_ETF_trend_following,0,4451,deterministic_stratified_sample
current_no_cash_proxy_alpha_AB,standard,180,2025-08-14,2026-05-01,3022.792830105584,0.007597610035194657,3068.410097794128,2852.6550127318087,-164.46736543623138,-0.05404243437769274,False,False,,,False,False,,,False,False,False,,,35,457,B_ETF_trend_following,A_ETF_sector_momentum,B_ETF_trend_following,0,4451,deterministic_stratified_sample
current_no_cash_proxy_alpha_AB,standard,180,2025-08-15,2026-05-04,3097.8893617654708,0.03262978725515686,3165.778603280568,2853.215625894513,-180.28761117462136,-0.05855601894944429,False,False,,,False,False,,,False,False,False,,,36,448,B_ETF_trend_following,A_ETF_sector_momentum,B_ETF_trend_following,0,4451,deterministic_stratified_sample
current_no_cash_proxy_alpha_AB,standard,180,2025-08-18,2026-05-05,3478.7274601675617,0.1595758200558539,3478.7274601675617,2949.8504398790997,-184.34882030836206,-0.058818474833452594,True,True,2026-02-09,121,True,True,2026-04-23,172,False,False,False,,,38,400,,B_ETF_trend_following,A_ETF_sector_momentum,0,4451,deterministic_stratified_sample
current_no_cash_proxy_alpha_AB,standard,180,2025-08-19,2026-05-06,3232.1604116764447,0.07738680389214814,3232.1604116764447,2926.5451791729265,-182.17170914791723,-0.05835279025026352,False,False,,,False,False,,,False,False,False,,,35,453,B_ETF_trend_following,A_ETF_sector_momentum,B_ETF_trend_following,0,4451,deterministic_stratified_sample
current_no_cash_proxy_alpha_AB,standard,180,2025-08-20,2026-05-07,3190.0257602638353,0.06334192008794504,3230.9610922224724,2925.387709164579,-182.11869959397836,-0.05835843154924014,False,False,,,False,False,,,False,False,False,,,35,458,B_ETF_trend_following,A_ETF_sector_momentum,B_ETF_trend_following,0,4451,deterministic_stratified_sample
current_no_cash_proxy_alpha_AB,standard,180,2025-08-21,2026-05-08,3111.6674706426306,0.0372224902142102,3111.6674706426306,2864.201197846366,-165.2845996247288,-0.05455863162081909,False,False,,,False,False,,,False,False,False,,,34,458,B_ETF_trend_following,A_ETF_sector_momentum,B_ETF_trend_following,0,4451,deterministic_stratified_sample
current_no_cash_proxy_alpha_AB,standard,180,2025-08-22,2026-05-11,3144.0852377655333,0.048028412588511094,3144.0852377655333,2864.201197846366,-165.2845996247288,-0.05455863162081909,False,False,,,False,False,,,False,False,False,,,34,463,B_ETF_trend_following,A_ETF_sector_momentum,B_ETF_trend_following,0,4451,deterministic_stratified_sample
current_no_cash_proxy_alpha_AB,standard,180,2025-08-25,2026-05-12,3319.2235198274893,0.10640783994249636,3348.2832866258295,2980.1551853961564,-185.4217834596575,-0.05801507606755485,True,True,2026-05-06,176,False,False,,,False,False,False,,,34,462,B_ETF_trend_following,A_ETF_sector_momentum,B_ETF_trend_following,0,4451,deterministic_stratified_sample
current_no_cash_proxy_alpha_AB,standard,180,2025-08-26,2026-05-13,3222.824266121591,0.07427475537386363,3234.2636963121113,2949.846994630506,-157.49076118181438,-0.050683502585847195,False,False,,,False,False,,,False,False,False,,,30,478,B_ETF_trend_following,A_ETF_sector_momentum,B_ETF_trend_following,0,4451,deterministic_stratified_sample
current_no_cash_proxy_alpha_AB,standard,180,2025-08-27,2026-05-14,3344.835274178229,0.114945091392743,3355.40312497839,2956.1228132051433,-184.69612671916457,-0.05813184033617946,True,True,2026-05-06,174,False,False,,,False,False,False,,,33,455,B_ETF_trend_following,A_ETF_sector_momentum,B_ETF_trend_following,0,4451,deterministic_stratified_sample
current_no_cash_proxy_alpha_AB,standard,180,2025-08-28,2026-05-15,3277.804902227316,0.09260163407577182,3354.420145429674,2985.8992513001685,-185.69303074635855,-0.05798759837661038,True,True,2026-05-06,173,False,False,,,False,False,False,,,34,461,B_ETF_trend_following,A_ETF_sector_momentum,B_ETF_trend_following,0,4451,deterministic_stratified_sample
current_no_cash_proxy_alpha_AB,standard,180,2025-08-29,2026-05-18,3317.849483804209,0.10594982793473617,3444.604368973829,3000.0,-213.20203309785757,-0.06332984238238537,True,True,2025-10-02,24,True,True,2026-05-06,172,False,False,False,,,33,460,B_ETF_trend_following,A_ETF_sector_momentum,B_ETF_trend_following,0,4451,deterministic_stratified_sample
current_no_cash_proxy_alpha_AB,standard,180,2025-09-02,2026-05-19,3115.9964694900864,0.03866548983002871,3249.8245996547157,2964.6257565093188,-143.99960296500876,-0.04632259803392946,False,False,,,False,False,,,False,False,False,,,32,456,B_ETF_trend_following,A_ETF_sector_momentum,B_ETF_trend_following,0,4451,deterministic_stratified_sample
current_no_cash_proxy_alpha_AB,standard,180,2025-09-03,2026-05-20,3162.5232580457628,0.05417441934858758,3271.470325721321,2912.190513630053,-196.5900588356335,-0.06323703273779491,False,False,,,False,False,,,False,False,False,,,34,449,B_ETF_trend_following,A_ETF_sector_momentum,B_ETF_trend_following,0,4451,deterministic_stratified_sample
current_no_cash_proxy_alpha_AB,standard,180,2025-09-04,2026-05-21,3168.6882486344603,0.056229416211486694,3268.2829621671767,2909.140831783203,-196.51752508223035,-0.06327725155209185,False,False,,,False,False,,,False,False,False,,,33,448,B_ETF_trend_following,A_ETF_sector_momentum,B_ETF_trend_following,0,4451,deterministic_stratified_sample
current_no_cash_proxy_alpha_AB,standard,180,2025-09-05,2026-05-22,3625.69678046238,0.20856559348745995,3883.8846529054026,3000.0,-266.99289851719004,-0.06874377649641616,True,True,2026-01-22,96,True,True,2026-02-06,107,False,False,False,,,38,395,,B_ETF_trend_following,A_ETF_sector_momentum,0,4451,deterministic_stratified_sample
current_no_cash_proxy_alpha_AB,standard,180,2025-09-08,2026-05-26,3096.741996026206,0.03224733200873531,3153.0357690029186,2872.701846358463,-177.14895924059192,-0.058084467251766525,False,False,,,False,False,,,False,False,False,,,31,455,B_ETF_trend_following,A_ETF_sector_momentum,B_ETF_trend_following,0,4451,deterministic_stratified_sample
current_no_cash_proxy_alpha_AB,standard,180,2025-09-09,2026-05-27,3101.8010916620315,0.033933697220677184,3162.7744217400395,2881.9510028279533,-189.21256165945715,-0.06160940558404859,False,False,,,False,False,,,False,False,False,,,31,455,B_ETF_trend_following,A_ETF_sector_momentum,B_ETF_trend_following,0,4451,deterministic_stratified_sample
current_no_cash_proxy_alpha_AB,standard,180,2025-09-10,2026-05-28,3115.049730270932,0.038349910090310635,3160.4903634227244,2879.7817486885424,-173.17682355860734,-0.05672426253433871,False,False,,,False,False,,,False,False,False,,,31,452,B_ETF_trend_following,A_ETF_sector_momentum,B_ETF_trend_following,0,4451,deterministic_stratified_sample
current_no_cash_proxy_alpha_AB,standard,180,2025-09-11,2026-05-29,3140.9062038422544,0.046968734614084795,3159.623406788033,2878.9583681057275,-170.86577207233768,-0.056024794945180534,False,False,,,False,False,,,False,False,False,,,31,452,B_ETF_trend_following,A_ETF_sector_momentum,B_ETF_trend_following,0,4451,deterministic_stratified_sample
