variant_name,slippage_label,horizon_trading_days,start_date,end_date,final_equity,total_return,max_equity,min_equity,max_drawdown_dollars,max_drawdown_pct,target_300_hit,target_300_before_any_stop,target_300_first_date,target_300_trading_days,target_400_hit,target_400_before_any_stop,target_400_first_date,target_400_trading_days,absolute_floor_stop_hit,trailing_drawdown_stop_hit,any_project_stop_hit,first_project_stop_date,first_project_stop_type,number_of_trades,number_of_skipped_signals,strategies_killed,best_strategy_by_pnl,worst_strategy_by_pnl,ending_open_positions_count,possible_window_count,window_sampling_method
evidence_inverse_vol_defensive,stress,90,2008-01-03,2008-05-12,2922.0243886135486,-0.025991870462150457,3051.5672233177893,2889.0421220076614,-162.52510131012787,-0.05325955137682459,False,False,,,False,False,,,False,False,False,,,16,0,,N4_inverse_vol_defensive_allocation,N4_inverse_vol_defensive_allocation,0,4541,deterministic_stratified_sample
evidence_inverse_vol_defensive,stress,90,2008-01-16,2008-05-23,2939.4492108342993,-0.020183596388566927,3051.5672233177893,2889.0421220076614,-162.52510131012787,-0.05325955137682459,False,False,,,False,False,,,False,False,False,,,16,0,,N4_inverse_vol_defensive_allocation,N4_inverse_vol_defensive_allocation,0,4541,deterministic_stratified_sample
evidence_inverse_vol_defensive,stress,90,2008-01-22,2008-05-29,2874.7799372852087,-0.04174002090493045,3051.5672233177893,2874.7799372852087,-176.7872860325806,-0.057933275951355334,False,False,,,False,False,,,False,False,False,,,16,0,,N4_inverse_vol_defensive_allocation,N4_inverse_vol_defensive_allocation,0,4541,deterministic_stratified_sample
evidence_inverse_vol_defensive,stress,90,2008-01-30,2008-06-06,2855.9909083298985,-0.04800303055670052,3051.5672233177893,2855.9909083298985,-195.57631498789078,-0.0640904494888539,False,False,,,False,False,,,False,False,False,,,19,0,N4_inverse_vol_defensive_allocation,N4_inverse_vol_defensive_allocation,N4_inverse_vol_defensive_allocation,0,4541,deterministic_stratified_sample
evidence_inverse_vol_defensive,stress,90,2008-02-07,2008-06-16,2845.754974182596,-0.05141500860580128,3052.869934750131,2845.754974182596,-207.11496056753504,-0.0678427070246237,False,False,,,False,False,,,False,False,False,,,15,0,N4_inverse_vol_defensive_allocation,N4_inverse_vol_defensive_allocation,N4_inverse_vol_defensive_allocation,0,4541,deterministic_stratified_sample
evidence_inverse_vol_defensive,stress,90,2008-02-12,2008-06-19,2845.754974182596,-0.05141500860580128,3052.869934750131,2845.754974182596,-207.11496056753504,-0.0678427070246237,False,False,,,False,False,,,False,False,False,,,15,0,N4_inverse_vol_defensive_allocation,N4_inverse_vol_defensive_allocation,N4_inverse_vol_defensive_allocation,0,4541,deterministic_stratified_sample
evidence_inverse_vol_defensive,stress,90,2008-02-26,2008-07-02,2845.754974182596,-0.05141500860580128,3052.869934750131,2845.754974182596,-207.11496056753504,-0.0678427070246237,False,False,,,False,False,,,False,False,False,,,15,4,N4_inverse_vol_defensive_allocation,N4_inverse_vol_defensive_allocation,N4_inverse_vol_defensive_allocation,0,4541,deterministic_stratified_sample
evidence_inverse_vol_defensive,stress,90,2008-03-10,2008-07-16,2849.058728410985,-0.05031375719633824,3025.4972093331885,2849.058728410985,-176.43848092220333,-0.058317185148252015,False,False,,,False,False,,,False,False,False,,,11,4,N4_inverse_vol_defensive_allocation,N4_inverse_vol_defensive_allocation,N4_inverse_vol_defensive_allocation,0,4541,deterministic_stratified_sample
evidence_inverse_vol_defensive,stress,90,2008-03-13,2008-07-21,2849.058728410985,-0.05031375719633824,3025.4972093331885,2849.058728410985,-176.43848092220333,-0.058317185148252015,False,False,,,False,False,,,False,False,False,,,11,4,N4_inverse_vol_defensive_allocation,N4_inverse_vol_defensive_allocation,N4_inverse_vol_defensive_allocation,0,4541,deterministic_stratified_sample
evidence_inverse_vol_defensive,stress,90,2008-03-19,2008-07-25,2849.058728410985,-0.05031375719633824,3025.4972093331885,2849.058728410985,-176.43848092220333,-0.058317185148252015,False,False,,,False,False,,,False,False,False,,,11,4,N4_inverse_vol_defensive_allocation,N4_inverse_vol_defensive_allocation,N4_inverse_vol_defensive_allocation,0,4541,deterministic_stratified_sample
evidence_inverse_vol_defensive,stress,90,2008-03-25,2008-07-30,2849.058728410985,-0.05031375719633824,3025.4972093331885,2849.058728410985,-176.43848092220333,-0.058317185148252015,False,False,,,False,False,,,False,False,False,,,11,4,N4_inverse_vol_defensive_allocation,N4_inverse_vol_defensive_allocation,N4_inverse_vol_defensive_allocation,0,4541,deterministic_stratified_sample
evidence_inverse_vol_defensive,stress,90,2008-04-01,2008-08-06,2885.1649810241242,-0.03827833965862526,3029.168761510703,2885.1649810241242,-144.00378048657876,-0.04753904183759028,False,False,,,False,False,,,False,False,False,,,15,0,,N4_inverse_vol_defensive_allocation,N4_inverse_vol_defensive_allocation,0,4541,deterministic_stratified_sample
evidence_inverse_vol_defensive,stress,90,2008-04-07,2008-08-12,2900.00909335161,-0.03333030221613009,3029.168761510703,2882.6676007266997,-146.50116078400333,-0.04836348593233886,False,False,,,False,False,,,False,False,False,,,15,0,,N4_inverse_vol_defensive_allocation,N4_inverse_vol_defensive_allocation,0,4541,deterministic_stratified_sample
evidence_inverse_vol_defensive,stress,90,2008-04-17,2008-08-22,2916.7888300144823,-0.027737056661839232,3029.168761510703,2882.6676007266997,-146.50116078400333,-0.04836348593233886,False,False,,,False,False,,,False,False,False,,,15,0,,N4_inverse_vol_defensive_allocation,N4_inverse_vol_defensive_allocation,0,4541,deterministic_stratified_sample
evidence_inverse_vol_defensive,stress,90,2008-04-18,2008-08-25,2934.8586008603406,-0.02171379971321974,3029.168761510703,2882.6676007266997,-146.50116078400333,-0.04836348593233886,False,False,,,False,False,,,False,False,False,,,15,0,,N4_inverse_vol_defensive_allocation,N4_inverse_vol_defensive_allocation,0,4541,deterministic_stratified_sample
evidence_inverse_vol_defensive,stress,90,2008-05-01,2008-09-08,3022.297085699109,0.007432361899702977,3046.766786502245,2933.139343617392,-113.62744288485283,-0.03729443401715027,False,False,,,False,False,,,False,False,False,,,14,0,,N4_inverse_vol_defensive_allocation,N4_inverse_vol_defensive_allocation,0,4541,deterministic_stratified_sample
evidence_inverse_vol_defensive,stress,90,2008-05-05,2008-09-10,3029.3135738594788,0.009771191286492842,3046.766786502245,2933.139343617392,-113.62744288485283,-0.03729443401715027,False,False,,,False,False,,,False,False,False,,,14,0,,N4_inverse_vol_defensive_allocation,N4_inverse_vol_defensive_allocation,0,4541,deterministic_stratified_sample
evidence_inverse_vol_defensive,stress,90,2008-05-06,2008-09-11,3026.406058789075,0.00880201959635829,3046.766786502245,2933.139343617392,-113.62744288485283,-0.03729443401715027,False,False,,,False,False,,,False,False,False,,,14,0,,N4_inverse_vol_defensive_allocation,N4_inverse_vol_defensive_allocation,0,4541,deterministic_stratified_sample
evidence_inverse_vol_defensive,stress,90,2008-05-14,2008-09-19,2978.413501267628,-0.007195499577457354,3084.1815016375594,2933.139343617392,-113.62744288485283,-0.03729443401715027,False,False,,,False,False,,,False,False,False,,,14,0,,N4_inverse_vol_defensive_allocation,N4_inverse_vol_defensive_allocation,0,4541,deterministic_stratified_sample
evidence_inverse_vol_defensive,stress,90,2008-05-28,2008-10-02,2981.7299648740486,-0.006090011708650422,3084.1815016375594,2933.139343617392,-113.62744288485283,-0.03729443401715027,False,False,,,False,False,,,False,False,False,,,16,1,,N4_inverse_vol_defensive_allocation,N4_inverse_vol_defensive_allocation,0,4541,deterministic_stratified_sample
evidence_inverse_vol_defensive,stress,90,2008-05-29,2008-10-03,2986.269409651366,-0.004576863449544666,3084.1815016375594,2933.139343617392,-113.62744288485283,-0.03729443401715027,False,False,,,False,False,,,False,False,False,,,16,1,,N4_inverse_vol_defensive_allocation,N4_inverse_vol_defensive_allocation,0,4541,deterministic_stratified_sample
evidence_inverse_vol_defensive,stress,90,2008-06-03,2008-10-08,2960.6862722797623,-0.013104575906745852,3065.511922828544,2915.3840733440916,-112.9396180928693,-0.03729443401715049,False,False,,,False,False,,,False,False,False,,,13,1,,N4_inverse_vol_defensive_allocation,N4_inverse_vol_defensive_allocation,0,4541,deterministic_stratified_sample
evidence_inverse_vol_defensive,stress,90,2008-06-10,2008-10-15,2927.7411910265005,-0.024086269657833226,3065.511922828544,2915.3840733440916,-139.0787342816052,-0.04536884467677338,False,False,,,False,False,,,False,False,False,,,13,1,,N4_inverse_vol_defensive_allocation,N4_inverse_vol_defensive_allocation,0,4541,deterministic_stratified_sample
evidence_inverse_vol_defensive,stress,90,2008-06-16,2008-10-21,2927.595972124534,-0.024134675958488616,3065.511922828544,2915.3840733440916,-139.51445981162897,-0.04551098261033648,False,False,,,False,False,,,False,False,False,,,13,1,,N4_inverse_vol_defensive_allocation,N4_inverse_vol_defensive_allocation,0,4541,deterministic_stratified_sample
evidence_inverse_vol_defensive,stress,90,2008-06-23,2008-10-28,2927.7411910265005,-0.024086269657833226,3065.511922828544,2915.3840733440916,-139.51445981162897,-0.04551098261033648,False,False,,,False,False,,,False,False,False,,,13,1,,N4_inverse_vol_defensive_allocation,N4_inverse_vol_defensive_allocation,0,4541,deterministic_stratified_sample
evidence_inverse_vol_defensive,stress,90,2008-07-02,2008-11-06,2996.544985726225,-0.0011516714245916049,3121.421340092279,2968.55542897537,-143.4439368682788,-0.045954685779151516,False,False,,,False,False,,,False,False,False,,,11,2,,N4_inverse_vol_defensive_allocation,N4_inverse_vol_defensive_allocation,0,4541,deterministic_stratified_sample
evidence_inverse_vol_defensive,stress,90,2008-07-07,2008-11-10,2993.27738816174,-0.002240870612753354,3121.421340092279,2968.55542897537,-143.4439368682788,-0.045954685779151516,False,False,,,False,False,,,False,False,False,,,11,2,,N4_inverse_vol_defensive_allocation,N4_inverse_vol_defensive_allocation,0,4541,deterministic_stratified_sample
evidence_inverse_vol_defensive,stress,90,2008-07-18,2008-11-21,3049.6317707285275,0.016543923576175734,3121.421340092279,2968.55542897537,-143.4439368682788,-0.045954685779151516,False,False,,,False,False,,,False,False,False,,,11,2,,N4_inverse_vol_defensive_allocation,N4_inverse_vol_defensive_allocation,0,4541,deterministic_stratified_sample
evidence_inverse_vol_defensive,stress,90,2008-07-21,2008-11-24,3037.9602279521473,0.012653409317382458,3121.421340092279,2968.55542897537,-143.4439368682788,-0.045954685779151516,False,False,,,False,False,,,False,False,False,,,11,2,,N4_inverse_vol_defensive_allocation,N4_inverse_vol_defensive_allocation,0,4541,deterministic_stratified_sample
evidence_inverse_vol_defensive,stress,90,2008-08-01,2008-12-08,3072.4732725917556,0.024157757530585133,3112.988098717563,2969.9317088067573,-143.0563899108056,-0.04595468577915207,False,False,,,False,False,,,False,False,False,,,9,3,,N4_inverse_vol_defensive_allocation,N4_inverse_vol_defensive_allocation,0,4541,deterministic_stratified_sample
evidence_inverse_vol_defensive,stress,90,2008-08-06,2008-12-11,3088.612245909758,0.0295374153032526,3112.988098717563,2969.9317088067573,-143.0563899108056,-0.04595468577915207,False,False,,,False,False,,,False,False,False,,,9,3,,N4_inverse_vol_defensive_allocation,N4_inverse_vol_defensive_allocation,0,4541,deterministic_stratified_sample
evidence_inverse_vol_defensive,stress,90,2008-08-14,2008-12-19,3127.929861702577,0.04264328723419242,3131.698930918166,2969.9317088067573,-143.0563899108056,-0.04595468577915207,False,False,,,False,False,,,False,False,False,,,9,3,,N4_inverse_vol_defensive_allocation,N4_inverse_vol_defensive_allocation,0,4541,deterministic_stratified_sample
evidence_inverse_vol_defensive,stress,90,2008-08-20,2008-12-26,3130.473058350464,0.043491019450154544,3131.698930918166,2969.9317088067573,-143.0563899108056,-0.04595468577915207,False,False,,,False,False,,,False,False,False,,,9,3,,N4_inverse_vol_defensive_allocation,N4_inverse_vol_defensive_allocation,0,4541,deterministic_stratified_sample
evidence_inverse_vol_defensive,stress,90,2008-08-22,2008-12-30,3131.437067166945,0.0438123557223149,3131.698930918166,2969.9317088067573,-143.0563899108056,-0.04595468577915207,False,False,,,False,False,,,False,False,False,,,9,3,,N4_inverse_vol_defensive_allocation,N4_inverse_vol_defensive_allocation,0,4541,deterministic_stratified_sample
evidence_inverse_vol_defensive,stress,90,2008-08-27,2009-01-05,3085.010835475424,0.028336945158474514,3131.698930918166,2969.9317088067573,-143.0563899108056,-0.04595468577915207,False,False,,,False,False,,,False,False,False,,,12,4,,N4_inverse_vol_defensive_allocation,N4_inverse_vol_defensive_allocation,0,4541,deterministic_stratified_sample
evidence_inverse_vol_defensive,stress,90,2008-09-10,2009-01-16,3060.0615767301138,0.02002052557670453,3125.2066126369027,2963.7747498038248,-65.14503590678896,-0.02084503329903764,False,False,,,False,False,,,False,False,False,,,9,4,,N4_inverse_vol_defensive_allocation,N4_inverse_vol_defensive_allocation,0,4541,deterministic_stratified_sample
evidence_inverse_vol_defensive,stress,90,2008-09-23,2009-01-30,3034.873933274338,0.011624644424779396,3125.2066126369027,2963.7747498038248,-90.76185420776164,-0.029041873212722114,False,False,,,False,False,,,False,False,False,,,9,4,,N4_inverse_vol_defensive_allocation,N4_inverse_vol_defensive_allocation,0,4541,deterministic_stratified_sample
evidence_inverse_vol_defensive,stress,90,2008-09-26,2009-02-04,3016.462187764197,0.005487395921399019,3125.2066126369027,2963.7747498038248,-108.74442487270562,-0.034795915390999466,False,False,,,False,False,,,False,False,False,,,12,5,,N4_inverse_vol_defensive_allocation,N4_inverse_vol_defensive_allocation,0,4541,deterministic_stratified_sample
evidence_inverse_vol_defensive,stress,90,2008-10-06,2009-02-12,3093.168389946075,0.031056129982024894,3160.50450795427,2997.2493400724543,-122.67529210522162,-0.03881509796821225,False,False,,,False,False,,,False,False,False,,,10,4,,N4_inverse_vol_defensive_allocation,N4_inverse_vol_defensive_allocation,0,4541,deterministic_stratified_sample
evidence_inverse_vol_defensive,stress,90,2008-10-14,2009-02-23,3121.7558465324955,0.04058528217749857,3160.50450795427,2997.2493400724543,-122.67529210522162,-0.03881509796821225,False,False,,,False,False,,,False,False,False,,,10,4,,N4_inverse_vol_defensive_allocation,N4_inverse_vol_defensive_allocation,0,4541,deterministic_stratified_sample
evidence_inverse_vol_defensive,stress,90,2008-10-17,2009-02-26,3073.2066037543855,0.024402201251461753,3160.50450795427,2997.2493400724543,-122.67529210522162,-0.03881509796821225,False,False,,,False,False,,,False,False,False,,,10,4,,N4_inverse_vol_defensive_allocation,N4_inverse_vol_defensive_allocation,0,4541,deterministic_stratified_sample
evidence_inverse_vol_defensive,stress,90,2008-10-30,2009-03-11,3055.101494649646,0.018367164883215326,3160.50450795427,2997.2493400724543,-122.67529210522162,-0.03881509796821225,False,False,,,False,False,,,False,False,False,,,13,5,,N4_inverse_vol_defensive_allocation,N4_inverse_vol_defensive_allocation,0,4541,deterministic_stratified_sample
evidence_inverse_vol_defensive,stress,90,2008-10-31,2009-03-12,3071.133171806946,0.02371105726898204,3160.50450795427,2997.2493400724543,-122.67529210522162,-0.03881509796821225,False,False,,,False,False,,,False,False,False,,,13,5,,N4_inverse_vol_defensive_allocation,N4_inverse_vol_defensive_allocation,0,4541,deterministic_stratified_sample
evidence_inverse_vol_defensive,stress,90,2008-11-12,2009-03-24,3001.9834112446656,0.0006611370815552409,3056.6642297014128,2934.3603843366054,-122.30384536480733,-0.04001219505118969,False,False,,,False,False,,,False,False,False,,,12,3,,N4_inverse_vol_defensive_allocation,N4_inverse_vol_defensive_allocation,0,4541,deterministic_stratified_sample
evidence_inverse_vol_defensive,stress,90,2008-11-13,2009-03-25,2991.5315847042953,-0.0028228050985682485,3056.6642297014128,2934.3603843366054,-122.30384536480733,-0.04001219505118969,False,False,,,False,False,,,False,False,False,,,12,3,,N4_inverse_vol_defensive_allocation,N4_inverse_vol_defensive_allocation,0,4541,deterministic_stratified_sample
evidence_inverse_vol_defensive,stress,90,2008-11-17,2009-03-27,2999.5515617873507,-0.0001494794042163905,3056.6642297014128,2934.3603843366054,-122.30384536480733,-0.04001219505118969,False,False,,,False,False,,,False,False,False,,,12,3,,N4_inverse_vol_defensive_allocation,N4_inverse_vol_defensive_allocation,0,4541,deterministic_stratified_sample
evidence_inverse_vol_defensive,stress,90,2008-11-24,2009-04-03,2973.6521016017946,-0.008782632799401835,3056.6642297014128,2934.3603843366054,-122.30384536480733,-0.04001219505118969,False,False,,,False,False,,,False,False,False,,,15,4,,N4_inverse_vol_defensive_allocation,N4_inverse_vol_defensive_allocation,0,4541,deterministic_stratified_sample
evidence_inverse_vol_defensive,stress,90,2008-11-25,2009-04-06,2954.2673253079774,-0.015244224897340897,3056.6642297014128,2934.3603843366054,-122.30384536480733,-0.04001219505118969,False,False,,,False,False,,,False,False,False,,,15,4,,N4_inverse_vol_defensive_allocation,N4_inverse_vol_defensive_allocation,0,4541,deterministic_stratified_sample
evidence_inverse_vol_defensive,stress,90,2008-12-04,2009-04-15,2942.7711974109816,-0.01907626752967284,3000.0,2891.566317148752,-108.4336828512478,-0.03614456095041596,False,False,,,False,False,,,False,False,False,,,13,3,,N4_inverse_vol_defensive_allocation,N4_inverse_vol_defensive_allocation,0,4541,deterministic_stratified_sample
evidence_inverse_vol_defensive,stress,90,2008-12-10,2009-04-21,2916.9600837185253,-0.02767997209382489,3000.0,2891.566317148752,-108.4336828512478,-0.03614456095041596,False,False,,,False,False,,,False,False,False,,,13,3,,N4_inverse_vol_defensive_allocation,N4_inverse_vol_defensive_allocation,0,4541,deterministic_stratified_sample
evidence_inverse_vol_defensive,stress,90,2008-12-22,2009-05-01,2907.418330500277,-0.0308605564999076,3000.0,2891.566317148752,-108.4336828512478,-0.03614456095041596,False,False,,,False,False,,,False,False,False,,,16,3,,N4_inverse_vol_defensive_allocation,N4_inverse_vol_defensive_allocation,0,4541,deterministic_stratified_sample
evidence_inverse_vol_defensive,stress,90,2008-12-23,2009-05-04,2925.5069275206815,-0.024831024159772785,3000.0,2891.566317148752,-108.4336828512478,-0.03614456095041596,False,False,,,False,False,,,False,False,False,,,16,3,,N4_inverse_vol_defensive_allocation,N4_inverse_vol_defensive_allocation,0,4541,deterministic_stratified_sample
evidence_inverse_vol_defensive,stress,90,2009-01-07,2009-05-15,3038.957754160012,0.012985918053337375,3067.2255792694195,2966.632482581467,-85.30342226471703,-0.027950594286486607,False,False,,,False,False,,,False,False,False,,,12,3,,N4_inverse_vol_defensive_allocation,N4_inverse_vol_defensive_allocation,0,4541,deterministic_stratified_sample
evidence_inverse_vol_defensive,stress,90,2009-01-12,2009-05-20,3041.264954507666,0.013754984835888662,3067.2255792694195,2966.632482581467,-85.30342226471703,-0.027950594286486607,False,False,,,False,False,,,False,False,False,,,12,3,,N4_inverse_vol_defensive_allocation,N4_inverse_vol_defensive_allocation,0,4541,deterministic_stratified_sample
evidence_inverse_vol_defensive,stress,90,2009-01-21,2009-05-29,3066.076538470587,0.022025512823528937,3067.2255792694195,2966.632482581467,-85.30342226471703,-0.027950594286486607,False,False,,,False,False,,,False,False,False,,,12,3,,N4_inverse_vol_defensive_allocation,N4_inverse_vol_defensive_allocation,0,4541,deterministic_stratified_sample
evidence_inverse_vol_defensive,stress,90,2009-01-29,2009-06-08,3028.060217366149,0.009353405788716351,3067.2255792694195,2966.632482581467,-85.30342226471703,-0.027950594286486607,False,False,,,False,False,,,False,False,False,,,14,4,,N4_inverse_vol_defensive_allocation,N4_inverse_vol_defensive_allocation,0,4541,deterministic_stratified_sample
evidence_inverse_vol_defensive,stress,90,2009-02-03,2009-06-11,3019.489405598473,0.006496468532824151,3057.186995793335,2956.9231256888606,-83.52136530766711,-0.02731967832605331,False,False,,,False,False,,,False,False,False,,,11,3,,N4_inverse_vol_defensive_allocation,N4_inverse_vol_defensive_allocation,0,4541,deterministic_stratified_sample
evidence_inverse_vol_defensive,stress,90,2009-02-17,2009-06-24,3001.025017506387,0.0003416725021290201,3057.186995793335,2956.9231256888606,-83.52136530766711,-0.02731967832605331,False,False,,,False,False,,,False,False,False,,,11,3,,N4_inverse_vol_defensive_allocation,N4_inverse_vol_defensive_allocation,0,4541,deterministic_stratified_sample
evidence_inverse_vol_defensive,stress,90,2009-03-02,2009-07-08,2852.674297254098,-0.049108567581967355,3007.5824474092587,2852.674297254098,-154.9081501551609,-0.05150586986853822,False,False,,,False,False,,,False,False,False,,,11,2,N4_inverse_vol_defensive_allocation,N4_inverse_vol_defensive_allocation,N4_inverse_vol_defensive_allocation,0,4541,deterministic_stratified_sample
evidence_inverse_vol_defensive,stress,90,2009-03-05,2009-07-13,2852.674297254098,-0.049108567581967355,3007.5824474092587,2852.674297254098,-154.9081501551609,-0.05150586986853822,False,False,,,False,False,,,False,False,False,,,11,2,N4_inverse_vol_defensive_allocation,N4_inverse_vol_defensive_allocation,N4_inverse_vol_defensive_allocation,0,4541,deterministic_stratified_sample
evidence_inverse_vol_defensive,stress,90,2009-03-13,2009-07-21,2852.674297254098,-0.049108567581967355,3007.5824474092587,2852.674297254098,-154.9081501551609,-0.05150586986853822,False,False,,,False,False,,,False,False,False,,,11,2,N4_inverse_vol_defensive_allocation,N4_inverse_vol_defensive_allocation,N4_inverse_vol_defensive_allocation,0,4541,deterministic_stratified_sample
evidence_inverse_vol_defensive,stress,90,2009-03-23,2009-07-29,2852.674297254098,-0.049108567581967355,3007.5824474092587,2852.674297254098,-154.9081501551609,-0.05150586986853822,False,False,,,False,False,,,False,False,False,,,11,2,N4_inverse_vol_defensive_allocation,N4_inverse_vol_defensive_allocation,N4_inverse_vol_defensive_allocation,0,4541,deterministic_stratified_sample
evidence_inverse_vol_defensive,stress,90,2009-03-26,2009-08-03,2852.674297254098,-0.049108567581967355,3007.5824474092587,2852.674297254098,-154.9081501551609,-0.05150586986853822,False,False,,,False,False,,,False,False,False,,,11,5,N4_inverse_vol_defensive_allocation,N4_inverse_vol_defensive_allocation,N4_inverse_vol_defensive_allocation,0,4541,deterministic_stratified_sample
evidence_inverse_vol_defensive,stress,90,2009-04-08,2009-08-14,3135.2745253985418,0.045091508466180485,3156.4104732944857,2926.117602009667,-155.81169648379273,-0.05055654474616211,False,False,,,False,False,,,False,False,False,,,11,1,,N4_inverse_vol_defensive_allocation,N4_inverse_vol_defensive_allocation,0,4541,deterministic_stratified_sample
evidence_inverse_vol_defensive,stress,90,2009-04-23,2009-08-28,3179.3886476813987,0.059796215893799465,3179.3886476813987,2926.117602009667,-155.81169648379273,-0.05055654474616211,False,False,,,False,False,,,False,False,False,,,11,1,,N4_inverse_vol_defensive_allocation,N4_inverse_vol_defensive_allocation,0,4541,deterministic_stratified_sample
evidence_inverse_vol_defensive,stress,90,2009-04-27,2009-09-01,3133.1663864079546,0.04438879546931829,3179.3886476813987,2926.117602009667,-155.81169648379273,-0.05055654474616211,False,False,,,False,False,,,False,False,False,,,14,1,,N4_inverse_vol_defensive_allocation,N4_inverse_vol_defensive_allocation,0,4541,deterministic_stratified_sample
evidence_inverse_vol_defensive,stress,90,2009-05-06,2009-09-11,2844.429514539448,-0.05185682848685069,3000.0,2844.429514539448,-155.57048546055194,-0.05185682848685069,False,False,,,False,False,,,False,False,False,,,5,7,N4_inverse_vol_defensive_allocation,N4_inverse_vol_defensive_allocation,N4_inverse_vol_defensive_allocation,0,4541,deterministic_stratified_sample
evidence_inverse_vol_defensive,stress,90,2009-05-13,2009-09-18,2844.429514539448,-0.05185682848685069,3000.0,2844.429514539448,-155.57048546055194,-0.05185682848685069,False,False,,,False,False,,,False,False,False,,,5,7,N4_inverse_vol_defensive_allocation,N4_inverse_vol_defensive_allocation,N4_inverse_vol_defensive_allocation,0,4541,deterministic_stratified_sample
evidence_inverse_vol_defensive,stress,90,2009-05-19,2009-09-24,2844.429514539448,-0.05185682848685069,3000.0,2844.429514539448,-155.57048546055194,-0.05185682848685069,False,False,,,False,False,,,False,False,False,,,5,7,N4_inverse_vol_defensive_allocation,N4_inverse_vol_defensive_allocation,N4_inverse_vol_defensive_allocation,0,4541,deterministic_stratified_sample
evidence_inverse_vol_defensive,stress,90,2009-06-02,2009-10-07,3270.504373258333,0.09016812441944433,3274.335234279948,2901.31369732179,-98.68630267820981,-0.032895434226069886,False,False,,,False,False,,,False,False,False,,,13,0,,N4_inverse_vol_defensive_allocation,N4_inverse_vol_defensive_allocation,0,4541,deterministic_stratified_sample
evidence_inverse_vol_defensive,stress,90,2009-06-15,2009-10-20,3294.720364533905,0.09824012151130157,3303.969176183848,2901.31369732179,-98.68630267820981,-0.032895434226069886,True,True,2009-10-19,89,False,False,,,False,False,False,,,13,0,,N4_inverse_vol_defensive_allocation,N4_inverse_vol_defensive_allocation,0,4541,deterministic_stratified_sample
evidence_inverse_vol_defensive,stress,90,2009-06-26,2009-11-02,3240.415541504047,0.08013851383468218,3303.969176183848,2901.31369732179,-98.68630267820981,-0.032895434226069886,True,True,2009-10-19,80,False,False,,,False,False,False,,,17,0,,N4_inverse_vol_defensive_allocation,N4_inverse_vol_defensive_allocation,0,4541,deterministic_stratified_sample
evidence_inverse_vol_defensive,stress,90,2009-07-10,2009-11-13,3203.6408492750393,0.06788028309167982,3204.6373862023493,2946.3262851655527,-82.460579703642,-0.025914007691477448,False,False,,,False,False,,,False,False,False,,,14,0,,N4_inverse_vol_defensive_allocation,N4_inverse_vol_defensive_allocation,0,4541,deterministic_stratified_sample
evidence_inverse_vol_defensive,stress,90,2009-07-13,2009-11-16,3235.26486761131,0.07842162253710327,3235.26486761131,2946.3262851655527,-82.460579703642,-0.025914007691477448,False,False,,,False,False,,,False,False,False,,,14,0,,N4_inverse_vol_defensive_allocation,N4_inverse_vol_defensive_allocation,0,4541,deterministic_stratified_sample
evidence_inverse_vol_defensive,stress,90,2009-07-20,2009-11-23,3252.447571338608,0.08414919044620284,3252.447571338608,2946.3262851655527,-82.460579703642,-0.025914007691477448,False,False,,,False,False,,,False,False,False,,,14,0,,N4_inverse_vol_defensive_allocation,N4_inverse_vol_defensive_allocation,0,4541,deterministic_stratified_sample
evidence_inverse_vol_defensive,stress,90,2009-07-23,2009-11-27,3266.6753404246365,0.08889178014154542,3284.7401571476958,2946.3262851655527,-82.460579703642,-0.025914007691477448,False,False,,,False,False,,,False,False,False,,,14,0,,N4_inverse_vol_defensive_allocation,N4_inverse_vol_defensive_allocation,0,4541,deterministic_stratified_sample
evidence_inverse_vol_defensive,stress,90,2009-08-05,2009-12-10,3206.0079938413915,0.06866933128046382,3275.66487357487,2981.906902522986,-82.18229787452219,-0.025914007691477448,False,False,,,False,False,,,False,False,False,,,16,0,,N4_inverse_vol_defensive_allocation,N4_inverse_vol_defensive_allocation,0,4541,deterministic_stratified_sample
evidence_inverse_vol_defensive,stress,90,2009-08-06,2009-12-11,3208.263298975397,0.06942109965846566,3275.66487357487,2981.906902522986,-82.18229787452219,-0.025914007691477448,False,False,,,False,False,,,False,False,False,,,16,0,,N4_inverse_vol_defensive_allocation,N4_inverse_vol_defensive_allocation,0,4541,deterministic_stratified_sample
evidence_inverse_vol_defensive,stress,90,2009-08-18,2009-12-23,3215.186635610455,0.07172887853681842,3275.66487357487,2981.906902522986,-82.18229787452219,-0.025914007691477448,False,False,,,False,False,,,False,False,False,,,16,0,,N4_inverse_vol_defensive_allocation,N4_inverse_vol_defensive_allocation,0,4541,deterministic_stratified_sample
evidence_inverse_vol_defensive,stress,90,2009-09-01,2010-01-08,3170.4022139486087,0.056800737982869665,3188.9498374464615,2993.1765457278225,-80.00672705016996,-0.025914007691477448,False,False,,,False,False,,,False,False,False,,,16,0,,N4_inverse_vol_defensive_allocation,N4_inverse_vol_defensive_allocation,0,4541,deterministic_stratified_sample
evidence_inverse_vol_defensive,stress,90,2009-09-15,2010-01-22,3080.513962170725,0.02683798739024157,3189.0463764276956,2993.1765457278225,-108.5324142569707,-0.03403287423450596,False,False,,,False,False,,,False,False,False,,,16,0,,N4_inverse_vol_defensive_allocation,N4_inverse_vol_defensive_allocation,0,4541,deterministic_stratified_sample
evidence_inverse_vol_defensive,stress,90,2009-09-22,2010-01-29,3079.6677886637794,0.026555929554593183,3189.0463764276956,2993.1765457278225,-109.37858776391613,-0.03429821170755121,False,False,,,False,False,,,False,False,False,,,16,0,,N4_inverse_vol_defensive_allocation,N4_inverse_vol_defensive_allocation,0,4541,deterministic_stratified_sample
evidence_inverse_vol_defensive,stress,90,2009-09-28,2010-02-04,3058.104365465147,0.019368121821715656,3189.0463764276956,2993.1765457278225,-130.94201096254847,-0.041059926857892504,False,False,,,False,False,,,False,False,False,,,20,0,,N4_inverse_vol_defensive_allocation,N4_inverse_vol_defensive_allocation,0,4541,deterministic_stratified_sample
evidence_inverse_vol_defensive,stress,90,2009-09-29,2010-02-05,3043.087726780302,0.014362575593434013,3189.0463764276956,2993.1765457278225,-145.9586496473935,-0.04576874476529047,False,False,,,False,False,,,False,False,False,,,20,0,,N4_inverse_vol_defensive_allocation,N4_inverse_vol_defensive_allocation,0,4541,deterministic_stratified_sample
evidence_inverse_vol_defensive,stress,90,2009-10-09,2010-02-18,2991.3952816202723,-0.0028682394599092165,3157.0114180020823,2991.3952816202723,-165.61613638181007,-0.05245978378076954,False,False,,,False,False,,,False,False,False,,,16,0,,N4_inverse_vol_defensive_allocation,N4_inverse_vol_defensive_allocation,0,4541,deterministic_stratified_sample
evidence_inverse_vol_defensive,stress,90,2009-10-22,2010-03-03,3003.5498393971357,0.0011832797990452004,3157.0114180020823,2991.141742656205,-165.8696753458771,-0.05254009358345868,False,False,,,False,False,,,False,False,False,,,20,0,,N4_inverse_vol_defensive_allocation,N4_inverse_vol_defensive_allocation,0,4541,deterministic_stratified_sample
evidence_inverse_vol_defensive,stress,90,2009-11-04,2010-03-16,2852.174193131659,-0.04927526895611356,3000.0,2852.174193131659,-147.8258068683408,-0.04927526895611356,False,False,,,False,False,,,False,False,False,,,12,4,N4_inverse_vol_defensive_allocation,N4_inverse_vol_defensive_allocation,N4_inverse_vol_defensive_allocation,0,4541,deterministic_stratified_sample
evidence_inverse_vol_defensive,stress,90,2009-11-06,2010-03-18,2852.174193131659,-0.04927526895611356,3000.0,2852.174193131659,-147.8258068683408,-0.04927526895611356,False,False,,,False,False,,,False,False,False,,,12,4,N4_inverse_vol_defensive_allocation,N4_inverse_vol_defensive_allocation,N4_inverse_vol_defensive_allocation,0,4541,deterministic_stratified_sample
evidence_inverse_vol_defensive,stress,90,2009-11-17,2010-03-29,2852.174193131659,-0.04927526895611356,3000.0,2852.174193131659,-147.8258068683408,-0.04927526895611356,False,False,,,False,False,,,False,False,False,,,12,4,N4_inverse_vol_defensive_allocation,N4_inverse_vol_defensive_allocation,N4_inverse_vol_defensive_allocation,0,4541,deterministic_stratified_sample
evidence_inverse_vol_defensive,stress,90,2009-11-20,2010-04-01,2852.174193131659,-0.04927526895611356,3000.0,2852.174193131659,-147.8258068683408,-0.04927526895611356,False,False,,,False,False,,,False,False,False,,,12,8,N4_inverse_vol_defensive_allocation,N4_inverse_vol_defensive_allocation,N4_inverse_vol_defensive_allocation,0,4541,deterministic_stratified_sample
evidence_inverse_vol_defensive,stress,90,2009-12-01,2010-04-12,2934.025074052928,-0.021991641982357257,3055.112759572752,2894.5968492767806,-160.51591029597148,-0.05254009358345879,False,False,,,False,False,,,False,False,False,,,15,0,,N4_inverse_vol_defensive_allocation,N4_inverse_vol_defensive_allocation,0,4541,deterministic_stratified_sample
evidence_inverse_vol_defensive,stress,90,2009-12-14,2010-04-23,2950.188430578958,-0.016603856473680678,3055.112759572752,2894.5968492767806,-160.51591029597148,-0.05254009358345879,False,False,,,False,False,,,False,False,False,,,15,0,,N4_inverse_vol_defensive_allocation,N4_inverse_vol_defensive_allocation,0,4541,deterministic_stratified_sample
evidence_inverse_vol_defensive,stress,90,2009-12-15,2010-04-26,2946.306565244213,-0.01789781158526238,3055.112759572752,2894.5968492767806,-160.51591029597148,-0.05254009358345879,False,False,,,False,False,,,False,False,False,,,15,0,,N4_inverse_vol_defensive_allocation,N4_inverse_vol_defensive_allocation,0,4541,deterministic_stratified_sample
evidence_inverse_vol_defensive,stress,90,2009-12-28,2010-05-06,3010.0937503326986,0.0033645834442328493,3055.112759572752,2894.5968492767806,-160.51591029597148,-0.05254009358345879,False,False,,,False,False,,,False,False,False,,,20,0,,N4_inverse_vol_defensive_allocation,N4_inverse_vol_defensive_allocation,0,4541,deterministic_stratified_sample
evidence_inverse_vol_defensive,stress,90,2010-01-08,2010-05-18,3037.658492043849,0.01255283068128299,3060.772122192874,2943.3306986782245,-80.03971978797426,-0.026473672990615427,False,False,,,False,False,,,False,False,False,,,17,0,,N4_inverse_vol_defensive_allocation,N4_inverse_vol_defensive_allocation,0,4541,deterministic_stratified_sample
evidence_inverse_vol_defensive,stress,90,2010-01-11,2010-05-19,3027.617609646493,0.009205869882164208,3060.772122192874,2943.3306986782245,-80.03971978797426,-0.026473672990615427,False,False,,,False,False,,,False,False,False,,,17,0,,N4_inverse_vol_defensive_allocation,N4_inverse_vol_defensive_allocation,0,4541,deterministic_stratified_sample
evidence_inverse_vol_defensive,stress,90,2010-01-26,2010-06-03,2992.7490233412955,-0.002416992219568148,3060.772122192874,2943.3306986782245,-80.03971978797426,-0.026473672990615427,False,False,,,False,False,,,False,False,False,,,21,0,,N4_inverse_vol_defensive_allocation,N4_inverse_vol_defensive_allocation,0,4541,deterministic_stratified_sample
evidence_inverse_vol_defensive,stress,90,2010-02-01,2010-06-09,3105.1829841748645,0.03506099472495472,3120.044825997513,3000.0,-69.34038508823505,-0.022224163098703564,False,False,,,False,False,,,False,False,False,,,17,0,,N4_inverse_vol_defensive_allocation,N4_inverse_vol_defensive_allocation,0,4541,deterministic_stratified_sample
evidence_inverse_vol_defensive,stress,90,2010-02-08,2010-06-16,3091.876562539076,0.03062552084635861,3120.044825997513,3000.0,-69.34038508823505,-0.022224163098703564,False,False,,,False,False,,,False,False,False,,,17,0,,N4_inverse_vol_defensive_allocation,N4_inverse_vol_defensive_allocation,0,4541,deterministic_stratified_sample
evidence_inverse_vol_defensive,stress,90,2010-02-22,2010-06-29,3158.0204970768687,0.052673499025622794,3158.0204970768687,3000.0,-69.34038508823505,-0.022224163098703564,False,False,,,False,False,,,False,False,False,,,17,0,,N4_inverse_vol_defensive_allocation,N4_inverse_vol_defensive_allocation,0,4541,deterministic_stratified_sample
evidence_inverse_vol_defensive,stress,90,2010-03-05,2010-07-13,3087.007438361454,0.029002479453818175,3150.7358939160063,2995.0394485059014,-68.97280621450955,-0.022224163098703786,False,False,,,False,False,,,False,False,False,,,17,0,,N4_inverse_vol_defensive_allocation,N4_inverse_vol_defensive_allocation,0,4541,deterministic_stratified_sample
evidence_inverse_vol_defensive,stress,90,2010-03-08,2010-07-14,3100.1996896740566,0.03339989655801889,3150.7358939160063,2995.0394485059014,-68.97280621450955,-0.022224163098703786,False,False,,,False,False,,,False,False,False,,,17,0,,N4_inverse_vol_defensive_allocation,N4_inverse_vol_defensive_allocation,0,4541,deterministic_stratified_sample
evidence_inverse_vol_defensive,stress,90,2010-03-18,2010-07-26,3093.568014818458,0.031189338272819223,3150.7358939160063,2995.0394485059014,-68.97280621450955,-0.022224163098703786,False,False,,,False,False,,,False,False,False,,,17,0,,N4_inverse_vol_defensive_allocation,N4_inverse_vol_defensive_allocation,0,4541,deterministic_stratified_sample
evidence_inverse_vol_defensive,stress,90,2010-03-26,2010-08-03,3086.319075203023,0.028773025067674318,3150.7358939160063,2995.0394485059014,-77.02136633631335,-0.024445516517280885,False,False,,,False,False,,,False,False,False,,,21,0,,N4_inverse_vol_defensive_allocation,N4_inverse_vol_defensive_allocation,0,4541,deterministic_stratified_sample
evidence_inverse_vol_defensive,stress,90,2010-03-31,2010-08-06,3111.6294303121913,0.037209810104063656,3150.7358939160063,2995.0394485059014,-77.02136633631335,-0.024445516517280885,False,False,,,False,False,,,False,False,False,,,21,0,,N4_inverse_vol_defensive_allocation,N4_inverse_vol_defensive_allocation,0,4541,deterministic_stratified_sample
evidence_inverse_vol_defensive,stress,90,2010-04-14,2010-08-19,3141.664182022835,0.047221394007611606,3141.664182022835,2985.1789477527414,-75.76869509644303,-0.024445516517280996,False,False,,,False,False,,,False,False,False,,,17,0,,N4_inverse_vol_defensive_allocation,N4_inverse_vol_defensive_allocation,0,4541,deterministic_stratified_sample
evidence_inverse_vol_defensive,stress,90,2010-04-27,2010-09-01,3143.0766103290925,0.047692203443030934,3176.830510673653,2985.1789477527414,-75.76869509644303,-0.024445516517280996,False,False,,,False,False,,,False,False,False,,,21,0,,N4_inverse_vol_defensive_allocation,N4_inverse_vol_defensive_allocation,0,4541,deterministic_stratified_sample
evidence_inverse_vol_defensive,stress,90,2010-05-10,2010-09-15,3078.8693844128115,0.026289794804270405,3149.6611142075712,2959.6486243435465,-85.33172443146077,-0.02709235099818974,False,False,,,False,False,,,False,False,False,,,16,0,,N4_inverse_vol_defensive_allocation,N4_inverse_vol_defensive_allocation,0,4541,deterministic_stratified_sample
evidence_inverse_vol_defensive,stress,90,2010-05-21,2010-09-28,3103.3742675263866,0.034458089175462225,3149.6611142075712,2959.6486243435465,-85.33172443146077,-0.02709235099818974,False,False,,,False,False,,,False,False,False,,,16,0,,N4_inverse_vol_defensive_allocation,N4_inverse_vol_defensive_allocation,0,4541,deterministic_stratified_sample
evidence_inverse_vol_defensive,stress,90,2010-05-25,2010-09-30,3103.7503344342704,0.0345834448114235,3149.6611142075712,2959.6486243435465,-85.33172443146077,-0.02709235099818974,False,False,,,False,False,,,False,False,False,,,16,0,,N4_inverse_vol_defensive_allocation,N4_inverse_vol_defensive_allocation,0,4541,deterministic_stratified_sample
evidence_inverse_vol_defensive,stress,90,2010-06-07,2010-10-12,3078.813177671574,0.026271059223857973,3087.7442728087544,2932.3855011656583,-83.46793769114765,-0.02709235099818963,False,False,,,False,False,,,False,False,False,,,16,0,,N4_inverse_vol_defensive_allocation,N4_inverse_vol_defensive_allocation,0,4541,deterministic_stratified_sample
evidence_inverse_vol_defensive,stress,90,2010-06-14,2010-10-19,3048.9680795150025,0.01632269317166757,3096.4500223565083,2932.3855011656583,-83.46793769114765,-0.02709235099818963,False,False,,,False,False,,,False,False,False,,,16,0,,N4_inverse_vol_defensive_allocation,N4_inverse_vol_defensive_allocation,0,4541,deterministic_stratified_sample
evidence_inverse_vol_defensive,stress,90,2010-06-17,2010-10-22,3049.4127697328013,0.01647092324426702,3096.4500223565083,2932.3855011656583,-83.46793769114765,-0.02709235099818963,False,False,,,False,False,,,False,False,False,,,16,0,,N4_inverse_vol_defensive_allocation,N4_inverse_vol_defensive_allocation,0,4541,deterministic_stratified_sample
evidence_inverse_vol_defensive,stress,90,2010-06-18,2010-10-25,3050.6249411655604,0.0168749803885202,3096.4500223565083,2932.3855011656583,-83.46793769114765,-0.02709235099818963,False,False,,,False,False,,,False,False,False,,,16,0,,N4_inverse_vol_defensive_allocation,N4_inverse_vol_defensive_allocation,0,4541,deterministic_stratified_sample
evidence_inverse_vol_defensive,stress,90,2010-07-01,2010-11-05,3126.785485237606,0.04226182841253534,3156.413999325595,2989.1723039194007,-85.08432725249395,-0.027092350998189407,False,False,,,False,False,,,False,False,False,,,16,0,,N4_inverse_vol_defensive_allocation,N4_inverse_vol_defensive_allocation,0,4541,deterministic_stratified_sample
evidence_inverse_vol_defensive,stress,90,2010-07-07,2010-11-10,3116.0284872317557,0.038676162410585135,3156.413999325595,2989.1723039194007,-85.08432725249395,-0.027092350998189407,False,False,,,False,False,,,False,False,False,,,16,0,,N4_inverse_vol_defensive_allocation,N4_inverse_vol_defensive_allocation,0,4541,deterministic_stratified_sample
evidence_inverse_vol_defensive,stress,90,2010-07-08,2010-11-11,3114.558126550819,0.03818604218360644,3156.413999325595,2989.1723039194007,-85.08432725249395,-0.027092350998189407,False,False,,,False,False,,,False,False,False,,,16,0,,N4_inverse_vol_defensive_allocation,N4_inverse_vol_defensive_allocation,0,4541,deterministic_stratified_sample
evidence_inverse_vol_defensive,stress,90,2010-07-13,2010-11-16,3038.007362168984,0.012669120722994753,3156.413999325595,2989.1723039194007,-118.40663715661094,-0.037513024965010855,False,False,,,False,False,,,False,False,False,,,16,0,,N4_inverse_vol_defensive_allocation,N4_inverse_vol_defensive_allocation,0,4541,deterministic_stratified_sample
evidence_inverse_vol_defensive,stress,90,2010-07-15,2010-11-18,3038.007362168984,0.012669120722994753,3156.413999325595,2989.1723039194007,-118.40663715661094,-0.037513024965010855,False,False,,,False,False,,,False,False,False,,,16,0,,N4_inverse_vol_defensive_allocation,N4_inverse_vol_defensive_allocation,0,4541,deterministic_stratified_sample
evidence_inverse_vol_defensive,stress,90,2010-07-28,2010-12-02,3035.2263785759314,0.011742126191977231,3156.413999325595,2989.1723039194007,-125.56643775403336,-0.03978135877640321,False,False,,,False,False,,,False,False,False,,,20,0,,N4_inverse_vol_defensive_allocation,N4_inverse_vol_defensive_allocation,0,4541,deterministic_stratified_sample
evidence_inverse_vol_defensive,stress,90,2010-07-29,2010-12-03,3044.77620559803,0.014925401866010102,3156.413999325595,2989.1723039194007,-125.56643775403336,-0.03978135877640321,False,False,,,False,False,,,False,False,False,,,20,0,,N4_inverse_vol_defensive_allocation,N4_inverse_vol_defensive_allocation,0,4541,deterministic_stratified_sample
evidence_inverse_vol_defensive,stress,90,2010-08-02,2010-12-07,2900.8987250786927,-0.03303375830710242,3030.4045731006872,2900.8987250786927,-129.50584802199455,-0.042735497818195634,False,False,,,False,False,,,False,False,False,,,16,0,,N4_inverse_vol_defensive_allocation,N4_inverse_vol_defensive_allocation,0,4541,deterministic_stratified_sample
evidence_inverse_vol_defensive,stress,90,2010-08-10,2010-12-15,2878.603780277981,-0.040465406574006324,3030.4045731006872,2878.603780277981,-151.80079282270617,-0.050092583072954056,False,False,,,False,False,,,False,False,False,,,16,0,,N4_inverse_vol_defensive_allocation,N4_inverse_vol_defensive_allocation,0,4541,deterministic_stratified_sample
evidence_inverse_vol_defensive,stress,90,2010-08-11,2010-12-16,2875.46049848754,-0.04151316717081999,3030.4045731006872,2875.46049848754,-154.94407461314722,-0.05112983130652082,False,False,,,False,False,,,False,False,False,,,16,0,,N4_inverse_vol_defensive_allocation,N4_inverse_vol_defensive_allocation,0,4541,deterministic_stratified_sample
evidence_inverse_vol_defensive,stress,90,2010-08-23,2010-12-29,2885.839794693154,-0.03805340176894867,3030.4045731006872,2875.46049848754,-154.94407461314722,-0.05112983130652082,False,False,,,False,False,,,False,False,False,,,16,0,,N4_inverse_vol_defensive_allocation,N4_inverse_vol_defensive_allocation,0,4541,deterministic_stratified_sample
evidence_inverse_vol_defensive,stress,90,2010-08-25,2010-12-31,2884.8334728741224,-0.0383888423752925,3030.4045731006872,2875.46049848754,-154.94407461314722,-0.05112983130652082,False,False,,,False,False,,,False,False,False,,,16,0,,N4_inverse_vol_defensive_allocation,N4_inverse_vol_defensive_allocation,0,4541,deterministic_stratified_sample
evidence_inverse_vol_defensive,stress,90,2010-09-03,2011-01-11,2878.8228832584045,-0.040392372247198494,3060.5647646623074,2874.681289391692,-185.88347527061524,-0.0607350242729221,False,False,,,False,False,,,False,False,False,,,15,0,,N4_inverse_vol_defensive_allocation,N4_inverse_vol_defensive_allocation,0,4541,deterministic_stratified_sample
evidence_inverse_vol_defensive,stress,90,2010-09-17,2011-01-25,2894.838009599384,-0.03505399680020538,3060.5647646623074,2874.681289391692,-185.88347527061524,-0.0607350242729221,False,False,,,False,False,,,False,False,False,,,15,0,,N4_inverse_vol_defensive_allocation,N4_inverse_vol_defensive_allocation,0,4541,deterministic_stratified_sample
evidence_inverse_vol_defensive,stress,90,2010-09-29,2011-02-04,2918.0100298112184,-0.027329990062927245,3060.5647646623074,2874.681289391692,-185.88347527061524,-0.0607350242729221,False,False,,,False,False,,,False,False,False,,,18,0,,N4_inverse_vol_defensive_allocation,N4_inverse_vol_defensive_allocation,0,4541,deterministic_stratified_sample
evidence_inverse_vol_defensive,stress,90,2010-09-30,2011-02-07,2925.517241407389,-0.024827586197537,3060.5647646623074,2874.681289391692,-185.88347527061524,-0.0607350242729221,False,False,,,False,False,,,False,False,False,,,18,0,,N4_inverse_vol_defensive_allocation,N4_inverse_vol_defensive_allocation,0,4541,deterministic_stratified_sample
evidence_inverse_vol_defensive,stress,90,2010-10-14,2011-02-22,2959.856272092092,-0.013381242635969404,3036.050192544711,2869.7324379179963,-166.31775462671476,-0.05478096344886607,False,False,,,False,False,,,False,False,False,,,14,0,,N4_inverse_vol_defensive_allocation,N4_inverse_vol_defensive_allocation,0,4541,deterministic_stratified_sample
evidence_inverse_vol_defensive,stress,90,2010-10-22,2011-03-02,2952.1663380668633,-0.015944553977712217,3036.050192544711,2869.7324379179963,-166.31775462671476,-0.05478096344886607,False,False,,,False,False,,,False,False,False,,,17,0,,N4_inverse_vol_defensive_allocation,N4_inverse_vol_defensive_allocation,0,4541,deterministic_stratified_sample
evidence_inverse_vol_defensive,stress,90,2010-10-27,2011-03-07,2952.4513005734784,-0.01584956647550717,3036.050192544711,2869.7324379179963,-166.31775462671476,-0.05478096344886607,False,False,,,False,False,,,False,False,False,,,17,0,,N4_inverse_vol_defensive_allocation,N4_inverse_vol_defensive_allocation,0,4541,deterministic_stratified_sample
evidence_inverse_vol_defensive,stress,90,2010-10-28,2011-03-08,2959.6525799417104,-0.013449140019429873,3036.050192544711,2869.7324379179963,-166.31775462671476,-0.05478096344886607,False,False,,,False,False,,,False,False,False,,,17,0,,N4_inverse_vol_defensive_allocation,N4_inverse_vol_defensive_allocation,0,4541,deterministic_stratified_sample
evidence_inverse_vol_defensive,stress,90,2010-11-09,2011-03-18,2979.149783566979,-0.006950072144340402,3036.2322410041984,2927.6187629227898,-97.25733556704836,-0.03215250225144883,False,False,,,False,False,,,False,False,False,,,13,0,,N4_inverse_vol_defensive_allocation,N4_inverse_vol_defensive_allocation,0,4541,deterministic_stratified_sample
evidence_inverse_vol_defensive,stress,90,2010-11-19,2011-03-30,2981.700971468048,-0.006099676177317326,3036.2322410041984,2927.6187629227898,-97.25733556704836,-0.03215250225144883,False,False,,,False,False,,,False,False,False,,,13,0,,N4_inverse_vol_defensive_allocation,N4_inverse_vol_defensive_allocation,0,4541,deterministic_stratified_sample
evidence_inverse_vol_defensive,stress,90,2010-11-22,2011-03-31,2991.820601295046,-0.002726466234984737,3036.2322410041984,2927.6187629227898,-97.25733556704836,-0.03215250225144883,False,False,,,False,False,,,False,False,False,,,13,0,,N4_inverse_vol_defensive_allocation,N4_inverse_vol_defensive_allocation,0,4541,deterministic_stratified_sample
evidence_inverse_vol_defensive,stress,90,2010-12-06,2011-04-13,3015.1351535297604,0.005045051176586712,3064.555969164801,2954.9292818215276,-75.89708721092393,-0.024766095961239243,False,False,,,False,False,,,False,False,False,,,12,0,,N4_inverse_vol_defensive_allocation,N4_inverse_vol_defensive_allocation,0,4541,deterministic_stratified_sample
evidence_inverse_vol_defensive,stress,90,2010-12-17,2011-04-27,3116.4028900989847,0.03880096336632821,3116.4028900989847,2954.9292818215276,-75.89708721092393,-0.024766095961239243,False,False,,,False,False,,,False,False,False,,,12,0,,N4_inverse_vol_defensive_allocation,N4_inverse_vol_defensive_allocation,0,4541,deterministic_stratified_sample
evidence_inverse_vol_defensive,stress,90,2010-12-22,2011-05-02,3125.82947741482,0.04194315913827329,3150.7417360364257,2954.9292818215276,-75.89708721092393,-0.024766095961239243,False,False,,,False,False,,,False,False,False,,,15,0,,N4_inverse_vol_defensive_allocation,N4_inverse_vol_defensive_allocation,0,4541,deterministic_stratified_sample
evidence_inverse_vol_defensive,stress,90,2010-12-31,2011-05-10,3085.749419338574,0.028583139779524647,3150.7417360364257,2954.9292818215276,-85.65396414952329,-0.027185333272435885,False,False,,,False,False,,,False,False,False,,,15,0,,N4_inverse_vol_defensive_allocation,N4_inverse_vol_defensive_allocation,0,4541,deterministic_stratified_sample
evidence_inverse_vol_defensive,stress,90,2011-01-10,2011-05-18,3078.896144136007,0.026298714712002402,3174.905411228362,3000.0,-96.009267092355,-0.030240040145072977,False,False,,,False,False,,,False,False,False,,,12,0,,N4_inverse_vol_defensive_allocation,N4_inverse_vol_defensive_allocation,0,4541,deterministic_stratified_sample
evidence_inverse_vol_defensive,stress,90,2011-01-13,2011-05-23,3078.896144136007,0.026298714712002402,3174.905411228362,3000.0,-96.009267092355,-0.030240040145072977,False,False,,,False,False,,,False,False,False,,,12,0,,N4_inverse_vol_defensive_allocation,N4_inverse_vol_defensive_allocation,0,4541,deterministic_stratified_sample
evidence_inverse_vol_defensive,stress,90,2011-01-18,2011-05-25,3078.896144136007,0.026298714712002402,3174.905411228362,3000.0,-96.009267092355,-0.030240040145072977,False,False,,,False,False,,,False,False,False,,,12,0,,N4_inverse_vol_defensive_allocation,N4_inverse_vol_defensive_allocation,0,4541,deterministic_stratified_sample
evidence_inverse_vol_defensive,stress,90,2011-01-27,2011-06-06,3048.016085213757,0.016005361737919,3174.905411228362,3000.0,-126.8893260146051,-0.03996633271840122,False,False,,,False,False,,,False,False,False,,,17,0,,N4_inverse_vol_defensive_allocation,N4_inverse_vol_defensive_allocation,0,4541,deterministic_stratified_sample
evidence_inverse_vol_defensive,stress,90,2011-02-09,2011-06-17,2985.614395427651,-0.004795201524116388,3095.5909199060793,2936.345176076379,-140.86596644265137,-0.04550535587141635,False,False,,,False,False,,,False,False,False,,,14,0,,N4_inverse_vol_defensive_allocation,N4_inverse_vol_defensive_allocation,0,4541,deterministic_stratified_sample
evidence_inverse_vol_defensive,stress,90,2011-02-24,2011-07-01,2937.8850131809495,-0.020704995606350196,3095.5909199060793,2936.345176076379,-157.7059067251298,-0.05094533186249128,False,False,,,False,False,,,False,False,False,,,19,0,,N4_inverse_vol_defensive_allocation,N4_inverse_vol_defensive_allocation,0,4541,deterministic_stratified_sample
evidence_inverse_vol_defensive,stress,90,2011-02-28,2011-07-06,2967.255189350625,-0.010914936883124948,3095.5909199060793,2936.345176076379,-157.7059067251298,-0.05094533186249128,False,False,,,False,False,,,False,False,False,,,19,0,,N4_inverse_vol_defensive_allocation,N4_inverse_vol_defensive_allocation,0,4541,deterministic_stratified_sample
evidence_inverse_vol_defensive,stress,90,2011-03-09,2011-07-15,3057.3163154340364,0.01910543847801205,3142.200983645065,2982.1205117546206,-160.08047189044464,-0.050945331862491394,False,False,,,False,False,,,False,False,False,,,16,0,,N4_inverse_vol_defensive_allocation,N4_inverse_vol_defensive_allocation,0,4541,deterministic_stratified_sample
evidence_inverse_vol_defensive,stress,90,2011-03-22,2011-07-28,3055.3795862272,0.018459862075733247,3142.200983645065,2982.1205117546206,-160.08047189044464,-0.050945331862491394,False,False,,,False,False,,,False,False,False,,,16,0,,N4_inverse_vol_defensive_allocation,N4_inverse_vol_defensive_allocation,0,4541,deterministic_stratified_sample
evidence_inverse_vol_defensive,stress,90,2011-03-23,2011-07-29,3079.791299545875,0.026597099848625128,3142.200983645065,2982.1205117546206,-160.08047189044464,-0.050945331862491394,False,False,,,False,False,,,False,False,False,,,16,0,,N4_inverse_vol_defensive_allocation,N4_inverse_vol_defensive_allocation,0,4541,deterministic_stratified_sample
evidence_inverse_vol_defensive,stress,90,2011-04-04,2011-08-10,2853.286121191898,-0.04890462626936731,3000.0,2853.286121191898,-146.71387880810198,-0.04890462626936731,False,False,,,False,False,,,False,False,False,,,8,9,N4_inverse_vol_defensive_allocation,N4_inverse_vol_defensive_allocation,N4_inverse_vol_defensive_allocation,0,4541,deterministic_stratified_sample
evidence_inverse_vol_defensive,stress,90,2011-04-05,2011-08-11,2853.286121191898,-0.04890462626936731,3000.0,2853.286121191898,-146.71387880810198,-0.04890462626936731,False,False,,,False,False,,,False,False,False,,,8,9,N4_inverse_vol_defensive_allocation,N4_inverse_vol_defensive_allocation,N4_inverse_vol_defensive_allocation,0,4541,deterministic_stratified_sample
evidence_inverse_vol_defensive,stress,90,2011-04-15,2011-08-23,2853.286121191898,-0.04890462626936731,3000.0,2853.286121191898,-146.71387880810198,-0.04890462626936731,False,False,,,False,False,,,False,False,False,,,8,9,N4_inverse_vol_defensive_allocation,N4_inverse_vol_defensive_allocation,N4_inverse_vol_defensive_allocation,0,4541,deterministic_stratified_sample
evidence_inverse_vol_defensive,stress,90,2011-04-20,2011-08-26,2853.286121191898,-0.04890462626936731,3000.0,2853.286121191898,-146.71387880810198,-0.04890462626936731,False,False,,,False,False,,,False,False,False,,,8,9,N4_inverse_vol_defensive_allocation,N4_inverse_vol_defensive_allocation,N4_inverse_vol_defensive_allocation,0,4541,deterministic_stratified_sample
evidence_inverse_vol_defensive,stress,90,2011-04-27,2011-09-01,2853.286121191898,-0.04890462626936731,3000.0,2853.286121191898,-146.71387880810198,-0.04890462626936731,False,False,,,False,False,,,False,False,False,,,8,13,N4_inverse_vol_defensive_allocation,N4_inverse_vol_defensive_allocation,N4_inverse_vol_defensive_allocation,0,4541,deterministic_stratified_sample
evidence_inverse_vol_defensive,stress,90,2011-04-29,2011-09-06,2853.286121191898,-0.04890462626936731,3000.0,2853.286121191898,-146.71387880810198,-0.04890462626936731,False,False,,,False,False,,,False,False,False,,,8,13,N4_inverse_vol_defensive_allocation,N4_inverse_vol_defensive_allocation,N4_inverse_vol_defensive_allocation,0,4541,deterministic_stratified_sample
evidence_inverse_vol_defensive,stress,90,2011-05-12,2011-09-19,3181.0820060847454,0.06036066869491519,3258.4254334439324,2935.9471645317813,-96.73219690641827,-0.029686791636713616,False,False,,,False,False,,,False,False,False,,,17,1,,N4_inverse_vol_defensive_allocation,N4_inverse_vol_defensive_allocation,0,4541,deterministic_stratified_sample
evidence_inverse_vol_defensive,stress,90,2011-05-25,2011-09-30,3128.9137022028526,0.0429712340676176,3258.4254334439324,2935.9471645317813,-129.51173124107981,-0.03974672242359545,False,False,,,False,False,,,False,False,False,,,17,1,,N4_inverse_vol_defensive_allocation,N4_inverse_vol_defensive_allocation,0,4541,deterministic_stratified_sample
evidence_inverse_vol_defensive,stress,90,2011-06-08,2011-10-13,3140.73702264787,0.046912340882623305,3327.296775788774,2998.0024812499296,-187.3810162981831,-0.05631629185039022,True,True,2011-08-19,52,False,False,,,False,False,False,,,16,1,,N4_inverse_vol_defensive_allocation,N4_inverse_vol_defensive_allocation,0,4541,deterministic_stratified_sample
evidence_inverse_vol_defensive,stress,90,2011-06-21,2011-10-26,3161.67951512113,0.05389317170704322,3327.296775788774,2998.0024812499296,-205.16164248299856,-0.0616601572711718,True,True,2011-08-19,43,False,False,,,False,False,False,,,16,1,,N4_inverse_vol_defensive_allocation,N4_inverse_vol_defensive_allocation,0,4541,deterministic_stratified_sample
evidence_inverse_vol_defensive,stress,90,2011-06-23,2011-10-28,3170.795680281167,0.05693189342705551,3327.296775788774,2998.0024812499296,-205.16164248299856,-0.0616601572711718,True,True,2011-08-19,41,False,False,,,False,False,False,,,16,1,,N4_inverse_vol_defensive_allocation,N4_inverse_vol_defensive_allocation,0,4541,deterministic_stratified_sample
evidence_inverse_vol_defensive,stress,90,2011-06-27,2011-11-01,3164.361116286469,0.05478703876215629,3327.296775788774,2998.0024812499296,-205.16164248299856,-0.0616601572711718,True,True,2011-08-19,39,False,False,,,False,False,False,,,20,1,,N4_inverse_vol_defensive_allocation,N4_inverse_vol_defensive_allocation,0,4541,deterministic_stratified_sample
evidence_inverse_vol_defensive,stress,90,2011-07-06,2011-11-09,3086.7347125017604,0.02891157083392004,3232.751680388862,3000.0,-199.3319770314215,-0.06166015727117158,False,False,,,False,False,,,False,False,False,,,15,1,,N4_inverse_vol_defensive_allocation,N4_inverse_vol_defensive_allocation,0,4541,deterministic_stratified_sample
evidence_inverse_vol_defensive,stress,90,2011-07-19,2011-11-22,3081.4403215072944,0.027146773835764693,3232.751680388862,3000.0,-199.3319770314215,-0.06166015727117158,False,False,,,False,False,,,False,False,False,,,15,1,,N4_inverse_vol_defensive_allocation,N4_inverse_vol_defensive_allocation,0,4541,deterministic_stratified_sample
evidence_inverse_vol_defensive,stress,90,2011-08-01,2011-12-06,2888.2936040847176,-0.03723546530509414,3038.7179630846204,2884.456280579057,-154.26168250556339,-0.050765383421425336,False,False,,,False,False,,,False,False,False,,,15,1,,N4_inverse_vol_defensive_allocation,N4_inverse_vol_defensive_allocation,0,4541,deterministic_stratified_sample
evidence_inverse_vol_defensive,stress,90,2011-08-03,2011-12-08,2901.5303555690384,-0.03282321481032058,3038.7179630846204,2884.456280579057,-154.26168250556339,-0.050765383421425336,False,False,,,False,False,,,False,False,False,,,15,1,,N4_inverse_vol_defensive_allocation,N4_inverse_vol_defensive_allocation,0,4541,deterministic_stratified_sample
evidence_inverse_vol_defensive,stress,90,2011-08-12,2011-12-19,2922.0477724474927,-0.02598407585083573,3038.7179630846204,2877.6932688525376,-161.02469423208277,-0.05299099692313192,False,False,,,False,False,,,False,False,False,,,15,1,,N4_inverse_vol_defensive_allocation,N4_inverse_vol_defensive_allocation,0,4541,deterministic_stratified_sample
evidence_inverse_vol_defensive,stress,90,2011-08-19,2011-12-27,2878.8878801306387,-0.04037070662312048,3038.7179630846204,2875.332383607016,-163.38557947760455,-0.05376793156274062,False,False,,,False,False,,,False,False,False,,,15,1,,N4_inverse_vol_defensive_allocation,N4_inverse_vol_defensive_allocation,0,4541,deterministic_stratified_sample
evidence_inverse_vol_defensive,stress,90,2011-08-22,2011-12-28,2897.5889663623384,-0.03413701121255386,3038.7179630846204,2875.332383607016,-163.38557947760455,-0.05376793156274062,False,False,,,False,False,,,False,False,False,,,15,1,,N4_inverse_vol_defensive_allocation,N4_inverse_vol_defensive_allocation,0,4541,deterministic_stratified_sample
evidence_inverse_vol_defensive,stress,90,2011-08-25,2012-01-03,2883.003885477143,-0.03899870484095236,3038.7179630846204,2875.332383607016,-163.38557947760455,-0.05376793156274062,False,False,,,False,False,,,False,False,False,,,19,1,,N4_inverse_vol_defensive_allocation,N4_inverse_vol_defensive_allocation,0,4541,deterministic_stratified_sample
evidence_inverse_vol_defensive,stress,90,2011-09-07,2012-01-13,2952.361816729426,-0.015879394423524595,3014.591301361786,2919.6324390199857,-94.95886234180034,-0.031499746681715846,False,False,,,False,False,,,False,False,False,,,16,0,,N4_inverse_vol_defensive_allocation,N4_inverse_vol_defensive_allocation,0,4541,deterministic_stratified_sample
evidence_inverse_vol_defensive,stress,90,2011-09-08,2012-01-17,2958.6904598591336,-0.013769846713622136,3014.591301361786,2919.6324390199857,-94.95886234180034,-0.031499746681715846,False,False,,,False,False,,,False,False,False,,,16,0,,N4_inverse_vol_defensive_allocation,N4_inverse_vol_defensive_allocation,0,4541,deterministic_stratified_sample
evidence_inverse_vol_defensive,stress,90,2011-09-12,2012-01-19,2940.5549228994664,-0.019815025700177902,3014.591301361786,2919.6324390199857,-94.95886234180034,-0.031499746681715846,False,False,,,False,False,,,False,False,False,,,16,0,,N4_inverse_vol_defensive_allocation,N4_inverse_vol_defensive_allocation,0,4541,deterministic_stratified_sample
evidence_inverse_vol_defensive,stress,90,2011-09-21,2012-01-30,2941.9756407172913,-0.019341453094236183,3014.591301361786,2919.6324390199857,-94.95886234180034,-0.031499746681715846,False,False,,,False,False,,,False,False,False,,,16,0,,N4_inverse_vol_defensive_allocation,N4_inverse_vol_defensive_allocation,0,4541,deterministic_stratified_sample
evidence_inverse_vol_defensive,stress,90,2011-09-23,2012-02-01,2938.885049133622,-0.02037165028879262,3014.591301361786,2919.6324390199857,-94.95886234180034,-0.031499746681715846,False,False,,,False,False,,,False,False,False,,,21,0,,N4_inverse_vol_defensive_allocation,N4_inverse_vol_defensive_allocation,0,4541,deterministic_stratified_sample
evidence_inverse_vol_defensive,stress,90,2011-09-27,2012-02-03,2921.4159677608172,-0.02619467741306092,3014.591301361786,2919.6324390199857,-94.95886234180034,-0.031499746681715846,False,False,,,False,False,,,False,False,False,,,21,0,,N4_inverse_vol_defensive_allocation,N4_inverse_vol_defensive_allocation,0,4541,deterministic_stratified_sample
evidence_inverse_vol_defensive,stress,90,2011-10-04,2012-02-10,2955.2124797326974,-0.014929173422434161,3033.6740650121305,2954.1592406677664,-79.51482434436411,-0.026210734126458024,False,False,,,False,False,,,False,False,False,,,17,0,,N4_inverse_vol_defensive_allocation,N4_inverse_vol_defensive_allocation,0,4541,deterministic_stratified_sample
evidence_inverse_vol_defensive,stress,90,2011-10-11,2012-02-17,2961.2122850567353,-0.01292923831442161,3033.6740650121305,2954.1592406677664,-79.51482434436411,-0.026210734126458024,False,False,,,False,False,,,False,False,False,,,17,0,,N4_inverse_vol_defensive_allocation,N4_inverse_vol_defensive_allocation,0,4541,deterministic_stratified_sample
evidence_inverse_vol_defensive,stress,90,2011-10-17,2012-02-24,2980.5382568766345,-0.006487247707788524,3033.6740650121305,2954.1592406677664,-79.51482434436411,-0.026210734126458024,False,False,,,False,False,,,False,False,False,,,17,0,,N4_inverse_vol_defensive_allocation,N4_inverse_vol_defensive_allocation,0,4541,deterministic_stratified_sample
evidence_inverse_vol_defensive,stress,90,2011-10-28,2012-03-08,2954.7258780855896,-0.015091373971470201,3033.6740650121305,2951.8566983329233,-81.81736667920723,-0.0269697287598627,False,False,,,False,False,,,False,False,False,,,22,0,,N4_inverse_vol_defensive_allocation,N4_inverse_vol_defensive_allocation,0,4541,deterministic_stratified_sample
evidence_inverse_vol_defensive,stress,90,2011-10-31,2012-03-09,2959.982879914109,-0.013339040028630289,3033.6740650121305,2951.8566983329233,-81.81736667920723,-0.0269697287598627,False,False,,,False,False,,,False,False,False,,,22,0,,N4_inverse_vol_defensive_allocation,N4_inverse_vol_defensive_allocation,0,4541,deterministic_stratified_sample
evidence_inverse_vol_defensive,stress,90,2011-11-11,2012-03-22,2939.0035206448256,-0.02033215978505809,3034.1726172623285,2939.0035206448256,-95.16909661750287,-0.031365748961037054,False,False,,,False,False,,,False,False,False,,,18,0,,N4_inverse_vol_defensive_allocation,N4_inverse_vol_defensive_allocation,0,4541,deterministic_stratified_sample
evidence_inverse_vol_defensive,stress,90,2011-11-18,2012-03-29,2944.0064869010557,-0.018664504366314727,3034.1726172623285,2939.0035206448256,-95.16909661750287,-0.031365748961037054,False,False,,,False,False,,,False,False,False,,,18,0,,N4_inverse_vol_defensive_allocation,N4_inverse_vol_defensive_allocation,0,4541,deterministic_stratified_sample
evidence_inverse_vol_defensive,stress,90,2011-11-25,2012-04-04,2927.500730464173,-0.024166423178608953,3034.1726172623285,2923.104096987386,-111.06852027494233,-0.03660586732707294,False,False,,,False,False,,,False,False,False,,,22,0,,N4_inverse_vol_defensive_allocation,N4_inverse_vol_defensive_allocation,0,4541,deterministic_stratified_sample
evidence_inverse_vol_defensive,stress,90,2011-11-29,2012-04-09,2951.618831772882,-0.01612705607570597,3034.1726172623285,2923.104096987386,-111.06852027494233,-0.03660586732707294,False,False,,,False,False,,,False,False,False,,,22,0,,N4_inverse_vol_defensive_allocation,N4_inverse_vol_defensive_allocation,0,4541,deterministic_stratified_sample
evidence_inverse_vol_defensive,stress,90,2011-12-13,2012-04-23,2969.510922132158,-0.010163025955947314,3024.4999384141506,2924.670944348259,-99.8289940658915,-0.03300677668991303,False,False,,,False,False,,,False,False,False,,,18,0,,N4_inverse_vol_defensive_allocation,N4_inverse_vol_defensive_allocation,0,4541,deterministic_stratified_sample
evidence_inverse_vol_defensive,stress,90,2012-01-09,2012-05-16,2967.0356754678505,-0.01098810817738316,3000.0,2913.5311051633525,-86.46889483664745,-0.028822964945549145,False,False,,,False,False,,,False,False,False,,,18,0,,N4_inverse_vol_defensive_allocation,N4_inverse_vol_defensive_allocation,0,4541,deterministic_stratified_sample
evidence_inverse_vol_defensive,stress,90,2012-01-27,2012-06-05,3007.5674726395328,0.0025224908798442414,3027.125949220571,2913.5311051633525,-86.46889483664745,-0.028822964945549145,False,False,,,False,False,,,False,False,False,,,22,0,,N4_inverse_vol_defensive_allocation,N4_inverse_vol_defensive_allocation,0,4541,deterministic_stratified_sample
evidence_inverse_vol_defensive,stress,90,2012-02-16,2012-06-25,3031.8210916047174,0.010607030534905748,3058.6096794241066,2943.8333881847084,-64.27762341665948,-0.02136810216403595,False,False,,,False,False,,,False,False,False,,,17,0,,N4_inverse_vol_defensive_allocation,N4_inverse_vol_defensive_allocation,0,4541,deterministic_stratified_sample
evidence_inverse_vol_defensive,stress,90,2012-03-12,2012-07-18,3128.628403624876,0.04287613454162531,3128.628403624876,2977.3767203422094,-30.610855258714764,-0.00989534279211568,False,False,,,False,False,,,False,False,False,,,16,0,,N4_inverse_vol_defensive_allocation,N4_inverse_vol_defensive_allocation,0,4541,deterministic_stratified_sample
evidence_inverse_vol_defensive,stress,90,2012-03-16,2012-07-24,3137.123509069052,0.045707836356350784,3137.123509069052,2977.3767203422094,-30.610855258714764,-0.00989534279211568,False,False,,,False,False,,,False,False,False,,,16,0,,N4_inverse_vol_defensive_allocation,N4_inverse_vol_defensive_allocation,0,4541,deterministic_stratified_sample
evidence_inverse_vol_defensive,stress,90,2012-04-20,2012-08-27,3067.4895066216095,0.02249650220720323,3115.4874519122,2979.2781870034387,-52.07801546125165,-0.016715848246889098,False,False,,,False,False,,,False,False,False,,,16,0,,N4_inverse_vol_defensive_allocation,N4_inverse_vol_defensive_allocation,0,4541,deterministic_stratified_sample
evidence_inverse_vol_defensive,stress,90,2012-05-07,2012-09-12,2979.600415164552,-0.006799861611816005,3044.5069317522593,2969.868406043239,-64.9065165877073,-0.02131922115557494,False,False,,,False,False,,,False,False,False,,,17,0,,N4_inverse_vol_defensive_allocation,N4_inverse_vol_defensive_allocation,0,4541,deterministic_stratified_sample
evidence_inverse_vol_defensive,stress,90,2012-05-10,2012-09-17,2996.3351205901836,-0.0012216264699388413,3044.5069317522593,2969.868406043239,-64.9065165877073,-0.02131922115557494,False,False,,,False,False,,,False,False,False,,,17,0,,N4_inverse_vol_defensive_allocation,N4_inverse_vol_defensive_allocation,0,4541,deterministic_stratified_sample
evidence_inverse_vol_defensive,stress,90,2012-07-03,2012-11-09,2898.1777662377845,-0.03394074458740515,3000.0,2891.1245569392504,-108.8754430607496,-0.036291814353583196,False,False,,,False,False,,,False,False,False,,,19,0,,N4_inverse_vol_defensive_allocation,N4_inverse_vol_defensive_allocation,0,4541,deterministic_stratified_sample
evidence_inverse_vol_defensive,stress,90,2012-07-11,2012-11-16,2902.351989107247,-0.032549336964251,3000.0,2891.1245569392504,-108.8754430607496,-0.036291814353583196,False,False,,,False,False,,,False,False,False,,,19,0,,N4_inverse_vol_defensive_allocation,N4_inverse_vol_defensive_allocation,0,4541,deterministic_stratified_sample
evidence_inverse_vol_defensive,stress,90,2012-07-12,2012-11-19,2897.294454768049,-0.034235181743983656,3000.0,2891.1245569392504,-108.8754430607496,-0.036291814353583196,False,False,,,False,False,,,False,False,False,,,19,0,,N4_inverse_vol_defensive_allocation,N4_inverse_vol_defensive_allocation,0,4541,deterministic_stratified_sample
evidence_inverse_vol_defensive,stress,90,2012-07-25,2012-12-03,2884.38862495657,-0.0385371250144767,3000.0,2884.38862495657,-115.61137504343014,-0.0385371250144767,False,False,,,False,False,,,False,False,False,,,24,0,,N4_inverse_vol_defensive_allocation,N4_inverse_vol_defensive_allocation,0,4541,deterministic_stratified_sample
evidence_inverse_vol_defensive,stress,90,2012-09-12,2013-01-23,2853.9451123026674,-0.04868496256577748,3000.7531405651735,2853.9451123026674,-146.808028262506,-0.04892372727296579,False,False,,,False,False,,,False,False,False,,,19,0,N4_inverse_vol_defensive_allocation,N4_inverse_vol_defensive_allocation,N4_inverse_vol_defensive_allocation,0,4541,deterministic_stratified_sample
evidence_inverse_vol_defensive,stress,90,2012-10-10,2013-02-21,2928.3501484468115,-0.023883283851062864,3000.0,2909.8535875256653,-90.14641247433474,-0.03004880415811162,False,False,,,False,False,,,False,False,False,,,16,0,,N4_inverse_vol_defensive_allocation,N4_inverse_vol_defensive_allocation,0,4541,deterministic_stratified_sample
evidence_inverse_vol_defensive,stress,90,2012-11-13,2013-03-25,2949.4034498751225,-0.016865516708292505,3003.20617947582,2936.5174210100217,-66.6887584657984,-0.022205854170637807,False,False,,,False,False,,,False,False,False,,,14,0,,N4_inverse_vol_defensive_allocation,N4_inverse_vol_defensive_allocation,0,4541,deterministic_stratified_sample
evidence_inverse_vol_defensive,stress,90,2012-11-20,2013-04-02,2955.6243729326725,-0.014791875689109224,3003.20617947582,2936.5174210100217,-66.6887584657984,-0.022205854170637807,False,False,,,False,False,,,False,False,False,,,17,0,,N4_inverse_vol_defensive_allocation,N4_inverse_vol_defensive_allocation,0,4541,deterministic_stratified_sample
evidence_inverse_vol_defensive,stress,90,2013-01-02,2013-05-10,2979.7306546390423,-0.0067564484536525304,3019.785312659734,2976.5132963461247,-43.27201631360913,-0.014329500886106517,False,False,,,False,False,,,False,False,False,,,12,0,,N4_inverse_vol_defensive_allocation,N4_inverse_vol_defensive_allocation,0,4541,deterministic_stratified_sample
evidence_inverse_vol_defensive,stress,90,2013-01-22,2013-05-30,2989.3425646398014,-0.0035524784533995657,3019.785312659734,2976.5132963461247,-43.27201631360913,-0.014329500886106517,False,False,,,False,False,,,False,False,False,,,12,0,,N4_inverse_vol_defensive_allocation,N4_inverse_vol_defensive_allocation,0,4541,deterministic_stratified_sample
evidence_inverse_vol_defensive,stress,90,2013-03-15,2013-07-23,2995.084300127884,-0.0016385666240386065,3022.8157093577606,2937.3071558257766,-85.50855353198403,-0.02828771640536154,False,False,,,False,False,,,False,False,False,,,11,0,,N4_inverse_vol_defensive_allocation,N4_inverse_vol_defensive_allocation,0,4541,deterministic_stratified_sample
evidence_inverse_vol_defensive,stress,90,2013-03-22,2013-07-30,2991.077806355829,-0.0029740645480569317,3022.8157093577606,2937.3071558257766,-85.50855353198403,-0.02828771640536154,False,False,,,False,False,,,False,False,False,,,11,0,,N4_inverse_vol_defensive_allocation,N4_inverse_vol_defensive_allocation,0,4541,deterministic_stratified_sample
evidence_inverse_vol_defensive,stress,90,2013-03-25,2013-07-31,2991.9518976523177,-0.0026827007825607208,3022.8157093577606,2937.3071558257766,-85.50855353198403,-0.02828771640536154,False,False,,,False,False,,,False,False,False,,,11,0,,N4_inverse_vol_defensive_allocation,N4_inverse_vol_defensive_allocation,0,4541,deterministic_stratified_sample
evidence_inverse_vol_defensive,stress,90,2013-05-23,2013-09-30,3005.5326110848473,0.001844203694949087,3042.7588817338374,2953.314597484521,-57.060938296056065,-0.01895475751043152,False,False,,,False,False,,,False,False,False,,,8,0,,N4_inverse_vol_defensive_allocation,N4_inverse_vol_defensive_allocation,0,4541,deterministic_stratified_sample
evidence_inverse_vol_defensive,stress,90,2013-06-03,2013-10-08,3026.084244982053,0.008694748327350954,3086.770661059996,2996.0326160319346,-60.68641607794325,-0.019660163563011035,False,False,,,False,False,,,False,False,False,,,8,0,,N4_inverse_vol_defensive_allocation,N4_inverse_vol_defensive_allocation,0,4541,deterministic_stratified_sample
evidence_inverse_vol_defensive,stress,90,2013-06-10,2013-10-15,3056.651100660468,0.01888370022015584,3086.770661059996,2996.0326160319346,-60.68641607794325,-0.019660163563011035,False,False,,,False,False,,,False,False,False,,,8,0,,N4_inverse_vol_defensive_allocation,N4_inverse_vol_defensive_allocation,0,4541,deterministic_stratified_sample
evidence_inverse_vol_defensive,stress,90,2013-07-25,2013-11-29,3071.0403531200764,0.023680117706692094,3071.8680187237587,2963.968398993001,-59.49611477176086,-0.01966016356301148,False,False,,,False,False,,,False,False,False,,,8,0,,N4_inverse_vol_defensive_allocation,N4_inverse_vol_defensive_allocation,0,4541,deterministic_stratified_sample
evidence_inverse_vol_defensive,stress,90,2013-08-27,2014-01-03,3108.174657855957,0.03605821928531894,3125.4369284725562,2990.3114082781667,-60.02490134870095,-0.019660163563011368,False,False,,,False,False,,,False,False,False,,,10,0,,N4_inverse_vol_defensive_allocation,N4_inverse_vol_defensive_allocation,0,4541,deterministic_stratified_sample
evidence_inverse_vol_defensive,stress,90,2013-09-25,2014-02-03,3072.4914211313935,0.024163807043797947,3109.0933355285997,2977.446726182205,-36.6019143972062,-0.011772536378674925,False,False,,,False,False,,,False,False,False,,,12,0,,N4_inverse_vol_defensive_allocation,N4_inverse_vol_defensive_allocation,0,4541,deterministic_stratified_sample
evidence_inverse_vol_defensive,stress,90,2013-11-08,2014-03-20,2976.0421119067737,-0.0079859626977421,3026.861245971147,2972.689134605061,-54.17211136608603,-0.01789712410444677,False,False,,,False,False,,,False,False,False,,,13,0,,N4_inverse_vol_defensive_allocation,N4_inverse_vol_defensive_allocation,0,4541,deterministic_stratified_sample
evidence_inverse_vol_defensive,stress,90,2013-11-13,2014-03-25,2974.1418179152042,-0.008619394028265281,3026.861245971147,2971.422869066449,-55.43837690469809,-0.018315466881241527,False,False,,,False,False,,,False,False,False,,,13,0,,N4_inverse_vol_defensive_allocation,N4_inverse_vol_defensive_allocation,0,4541,deterministic_stratified_sample
evidence_inverse_vol_defensive,stress,90,2013-11-22,2014-04-03,2969.0627269965853,-0.010312424334471548,3026.861245971147,2965.666670772536,-61.194575198611346,-0.020217172253952254,False,False,,,False,False,,,False,False,False,,,17,0,,N4_inverse_vol_defensive_allocation,N4_inverse_vol_defensive_allocation,0,4541,deterministic_stratified_sample
evidence_inverse_vol_defensive,stress,90,2014-01-28,2014-06-05,3023.408764077307,0.007802921359102211,3050.8791899868897,2973.1731483120548,-56.01841949887876,-0.01849286129479122,False,False,,,False,False,,,False,False,False,,,21,0,,N4_inverse_vol_defensive_allocation,N4_inverse_vol_defensive_allocation,0,4541,deterministic_stratified_sample
evidence_inverse_vol_defensive,stress,90,2014-02-04,2014-06-12,3002.1672645555614,0.0007224215185204219,3027.223375262929,2950.119848342145,-52.14017821700281,-0.017366976129899014,False,False,,,False,False,,,False,False,False,,,17,0,,N4_inverse_vol_defensive_allocation,N4_inverse_vol_defensive_allocation,0,4541,deterministic_stratified_sample
evidence_inverse_vol_defensive,stress,90,2014-02-13,2014-06-23,3005.7726415298193,0.001924213843273126,3027.223375262929,2950.119848342145,-52.14017821700281,-0.017366976129899014,False,False,,,False,False,,,False,False,False,,,17,0,,N4_inverse_vol_defensive_allocation,N4_inverse_vol_defensive_allocation,0,4541,deterministic_stratified_sample
evidence_inverse_vol_defensive,stress,90,2014-03-31,2014-08-06,3055.0097524362245,0.018336584145408175,3076.416239807965,2987.967226137223,-34.69801732620817,-0.011316809916075976,False,False,,,False,False,,,False,False,False,,,21,0,,N4_inverse_vol_defensive_allocation,N4_inverse_vol_defensive_allocation,0,4541,deterministic_stratified_sample
evidence_inverse_vol_defensive,stress,90,2014-04-23,2014-08-28,3121.0247542588686,0.04034158475295624,3121.0247542588686,3000.0,-34.62029972993287,-0.011316809916076198,False,False,,,False,False,,,False,False,False,,,17,0,,N4_inverse_vol_defensive_allocation,N4_inverse_vol_defensive_allocation,0,4541,deterministic_stratified_sample
evidence_inverse_vol_defensive,stress,90,2014-05-30,2014-10-06,3004.297240437577,0.0014324134791923182,3076.231358142706,2978.256386288933,-83.97652267813146,-0.027298506809589562,False,False,,,False,False,,,False,False,False,,,22,0,,N4_inverse_vol_defensive_allocation,N4_inverse_vol_defensive_allocation,0,4541,deterministic_stratified_sample
evidence_inverse_vol_defensive,stress,90,2014-07-11,2014-11-14,3014.0115717544722,0.0046705239181574765,3081.684273232928,2997.3234438117092,-84.36082942121857,-0.027374909932845748,False,False,,,False,False,,,False,False,False,,,17,0,,N4_inverse_vol_defensive_allocation,N4_inverse_vol_defensive_allocation,0,4541,deterministic_stratified_sample
evidence_inverse_vol_defensive,stress,90,2014-07-31,2014-12-05,3032.0632976192874,0.010687765873095723,3081.684273232928,2997.3234438117092,-84.36082942121857,-0.027374909932845748,False,False,,,False,False,,,False,False,False,,,21,0,,N4_inverse_vol_defensive_allocation,N4_inverse_vol_defensive_allocation,0,4541,deterministic_stratified_sample
evidence_inverse_vol_defensive,stress,90,2014-08-08,2014-12-15,2983.7869815578374,-0.005404339480720832,3000.0,2932.260585942634,-67.73941405736605,-0.022579804685788685,False,False,,,False,False,,,False,False,False,,,17,0,,N4_inverse_vol_defensive_allocation,N4_inverse_vol_defensive_allocation,0,4541,deterministic_stratified_sample
evidence_inverse_vol_defensive,stress,90,2014-09-29,2015-02-05,3104.694635573178,0.0348982118577259,3127.179942653996,2991.0282661572787,-47.279661716084775,-0.015561181696674753,False,False,,,False,False,,,False,False,False,,,21,0,,N4_inverse_vol_defensive_allocation,N4_inverse_vol_defensive_allocation,0,4541,deterministic_stratified_sample
evidence_inverse_vol_defensive,stress,90,2014-10-01,2015-02-09,3068.279169570184,0.022759723190061365,3131.248534366815,2994.919718852567,-62.969364796631,-0.020109986194169815,False,False,,,False,False,,,False,False,False,,,17,0,,N4_inverse_vol_defensive_allocation,N4_inverse_vol_defensive_allocation,0,4541,deterministic_stratified_sample
evidence_inverse_vol_defensive,stress,90,2014-10-15,2015-02-24,3075.0179939756185,0.025005997991872864,3131.248534366815,2994.919718852567,-69.21928193844315,-0.022105968650757535,False,False,,,False,False,,,False,False,False,,,17,0,,N4_inverse_vol_defensive_allocation,N4_inverse_vol_defensive_allocation,0,4541,deterministic_stratified_sample
evidence_inverse_vol_defensive,stress,90,2014-12-08,2015-04-17,3010.9244912126424,0.0036414970708806838,3098.6925740847746,2971.377215676158,-127.3153584086167,-0.04108679882392674,False,False,,,False,False,,,False,False,False,,,17,0,,N4_inverse_vol_defensive_allocation,N4_inverse_vol_defensive_allocation,0,4541,deterministic_stratified_sample
evidence_inverse_vol_defensive,stress,90,2014-12-15,2015-04-24,3009.5420416672996,0.0031806805557665907,3098.6925740847746,2971.377215676158,-127.3153584086167,-0.04108679882392674,False,False,,,False,False,,,False,False,False,,,17,0,,N4_inverse_vol_defensive_allocation,N4_inverse_vol_defensive_allocation,0,4541,deterministic_stratified_sample
evidence_inverse_vol_defensive,stress,90,2015-02-10,2015-06-18,2856.009010479307,-0.04799699650689759,3000.0,2856.009010479307,-143.9909895206929,-0.04799699650689759,False,False,,,False,False,,,False,False,False,,,15,0,N4_inverse_vol_defensive_allocation,N4_inverse_vol_defensive_allocation,N4_inverse_vol_defensive_allocation,0,4541,deterministic_stratified_sample
evidence_inverse_vol_defensive,stress,90,2015-03-06,2015-07-14,2896.0636124016155,-0.03464546253279488,3010.5708492619765,2861.9678650194614,-148.60298424251505,-0.0493604009614802,False,False,,,False,False,,,False,False,False,,,13,0,,N4_inverse_vol_defensive_allocation,N4_inverse_vol_defensive_allocation,0,4541,deterministic_stratified_sample
evidence_inverse_vol_defensive,stress,90,2015-04-14,2015-08-19,2911.513995768377,-0.029495334743874335,3000.0,2887.973720695708,-112.02627930429207,-0.03734209310143066,False,False,,,False,False,,,False,False,False,,,12,0,,N4_inverse_vol_defensive_allocation,N4_inverse_vol_defensive_allocation,0,4541,deterministic_stratified_sample
evidence_inverse_vol_defensive,stress,90,2015-05-26,2015-09-30,2935.1777794944937,-0.021607406835168708,3000.0,2912.586936099501,-87.41306390049886,-0.029137687966832915,False,False,,,False,False,,,False,False,False,,,10,0,,N4_inverse_vol_defensive_allocation,N4_inverse_vol_defensive_allocation,0,4541,deterministic_stratified_sample
evidence_inverse_vol_defensive,stress,90,2015-06-12,2015-10-19,2986.314067964622,-0.004561977345125978,3024.4395693792767,2965.051543276636,-59.38802610264065,-0.019636043220671473,False,False,,,False,False,,,False,False,False,,,9,0,,N4_inverse_vol_defensive_allocation,N4_inverse_vol_defensive_allocation,0,4541,deterministic_stratified_sample
evidence_inverse_vol_defensive,stress,90,2015-07-08,2015-11-11,2941.0096086674166,-0.019663463777527812,3000.0,2941.0096086674166,-58.990391332583386,-0.019663463777527812,False,False,,,False,False,,,False,False,False,,,10,0,,N4_inverse_vol_defensive_allocation,N4_inverse_vol_defensive_allocation,0,4541,deterministic_stratified_sample
evidence_inverse_vol_defensive,stress,90,2015-07-31,2015-12-07,2914.30977407996,-0.028563408640013388,3000.0,2904.3955845632527,-95.60441543674733,-0.031868138478915786,False,False,,,False,False,,,False,False,False,,,13,0,,N4_inverse_vol_defensive_allocation,N4_inverse_vol_defensive_allocation,0,4541,deterministic_stratified_sample
evidence_inverse_vol_defensive,stress,90,2015-08-11,2015-12-16,2929.2679970445643,-0.023577334318478527,3015.873539776533,2929.2679970445643,-86.60554273196885,-0.028716569706827344,False,False,,,False,False,,,False,False,False,,,10,0,,N4_inverse_vol_defensive_allocation,N4_inverse_vol_defensive_allocation,0,4541,deterministic_stratified_sample
evidence_inverse_vol_defensive,stress,90,2015-08-13,2015-12-18,2929.2679970445643,-0.023577334318478527,3015.873539776533,2929.2679970445643,-86.60554273196885,-0.028716569706827344,False,False,,,False,False,,,False,False,False,,,10,0,,N4_inverse_vol_defensive_allocation,N4_inverse_vol_defensive_allocation,0,4541,deterministic_stratified_sample
evidence_inverse_vol_defensive,stress,90,2015-09-02,2016-01-11,2914.391367767599,-0.028536210744133594,3002.957039812829,2914.391367767599,-88.5656720452298,-0.029492820200568093,False,False,,,False,False,,,False,False,False,,,9,0,,N4_inverse_vol_defensive_allocation,N4_inverse_vol_defensive_allocation,0,4541,deterministic_stratified_sample
evidence_inverse_vol_defensive,stress,90,2015-09-03,2016-01-12,2914.391367767599,-0.028536210744133594,3002.957039812829,2914.391367767599,-88.5656720452298,-0.029492820200568093,False,False,,,False,False,,,False,False,False,,,9,0,,N4_inverse_vol_defensive_allocation,N4_inverse_vol_defensive_allocation,0,4541,deterministic_stratified_sample
evidence_inverse_vol_defensive,stress,90,2015-09-21,2016-01-28,2914.391367767599,-0.028536210744133594,3002.957039812829,2914.391367767599,-88.5656720452298,-0.029492820200568093,False,False,,,False,False,,,False,False,False,,,9,0,,N4_inverse_vol_defensive_allocation,N4_inverse_vol_defensive_allocation,0,4541,deterministic_stratified_sample
evidence_inverse_vol_defensive,stress,90,2015-10-07,2016-02-16,2963.790804255955,-0.012069731914681636,3001.245867932764,2923.79074202464,-77.45512590812405,-0.025807657658342587,False,False,,,False,False,,,False,False,False,,,10,0,,N4_inverse_vol_defensive_allocation,N4_inverse_vol_defensive_allocation,0,4541,deterministic_stratified_sample
evidence_inverse_vol_defensive,stress,90,2015-10-28,2016-03-08,2962.406604727242,-0.012531131757585912,3001.245867932764,2923.79074202464,-77.45512590812405,-0.025807657658342587,False,False,,,False,False,,,False,False,False,,,14,0,,N4_inverse_vol_defensive_allocation,N4_inverse_vol_defensive_allocation,0,4541,deterministic_stratified_sample
evidence_inverse_vol_defensive,stress,90,2015-11-13,2016-03-24,2961.567945843403,-0.012810684718865706,3034.1999141131046,2956.1726026920023,-75.3406771029072,-0.024830492134836568,False,False,,,False,False,,,False,False,False,,,11,0,,N4_inverse_vol_defensive_allocation,N4_inverse_vol_defensive_allocation,0,4541,deterministic_stratified_sample
evidence_inverse_vol_defensive,stress,90,2015-12-11,2016-04-21,3001.3235630556264,0.00044118768520884366,3070.581505713274,2991.6186073637773,-76.24404992698828,-0.02483049213483668,False,False,,,False,False,,,False,False,False,,,13,0,,N4_inverse_vol_defensive_allocation,N4_inverse_vol_defensive_allocation,0,4541,deterministic_stratified_sample
evidence_inverse_vol_defensive,stress,90,2015-12-30,2016-05-09,3017.7027267282024,0.00590090890940087,3070.581505713274,2991.6186073637773,-76.24404992698828,-0.02483049213483668,False,False,,,False,False,,,False,False,False,,,18,0,,N4_inverse_vol_defensive_allocation,N4_inverse_vol_defensive_allocation,0,4541,deterministic_stratified_sample
evidence_inverse_vol_defensive,stress,90,2016-01-07,2016-05-16,3026.0148891598833,0.00867162971996116,3073.0374797230425,2994.0114236864033,-76.30503297032101,-0.024830492134836568,False,False,,,False,False,,,False,False,False,,,17,0,,N4_inverse_vol_defensive_allocation,N4_inverse_vol_defensive_allocation,0,4541,deterministic_stratified_sample
evidence_inverse_vol_defensive,stress,90,2016-01-19,2016-05-25,3002.2965484256115,0.0007655161418704814,3073.0374797230425,2994.0114236864033,-77.63567101682838,-0.02526349630588476,False,False,,,False,False,,,False,False,False,,,17,0,,N4_inverse_vol_defensive_allocation,N4_inverse_vol_defensive_allocation,0,4541,deterministic_stratified_sample
evidence_inverse_vol_defensive,stress,90,2016-01-26,2016-06-02,3013.3511582643127,0.004450386088104219,3073.0374797230425,2994.0114236864033,-77.63567101682838,-0.02526349630588476,False,False,,,False,False,,,False,False,False,,,22,0,,N4_inverse_vol_defensive_allocation,N4_inverse_vol_defensive_allocation,0,4541,deterministic_stratified_sample
evidence_inverse_vol_defensive,stress,90,2016-02-09,2016-06-16,3026.246010540251,0.008748670180083629,3030.746626949205,2951.6948502315145,-48.305149768485535,-0.01610171658949522,False,False,,,False,False,,,False,False,False,,,19,0,,N4_inverse_vol_defensive_allocation,N4_inverse_vol_defensive_allocation,0,4541,deterministic_stratified_sample
evidence_inverse_vol_defensive,stress,90,2016-02-11,2016-06-20,3008.952182571721,0.002984060857240456,3030.746626949205,2951.6948502315145,-48.305149768485535,-0.01610171658949522,False,False,,,False,False,,,False,False,False,,,19,0,,N4_inverse_vol_defensive_allocation,N4_inverse_vol_defensive_allocation,0,4541,deterministic_stratified_sample
evidence_inverse_vol_defensive,stress,90,2016-03-01,2016-07-07,3061.695918571041,0.02056530619034702,3068.964424840722,2988.9158030556487,-47.64899256069839,-0.015526081754164145,False,False,,,False,False,,,False,False,False,,,20,0,,N4_inverse_vol_defensive_allocation,N4_inverse_vol_defensive_allocation,0,4541,deterministic_stratified_sample
evidence_inverse_vol_defensive,stress,90,2016-04-07,2016-08-12,3024.5772563843193,0.00819241879477306,3072.2868311824345,2981.196090312008,-62.59708077038158,-0.020374751515726763,False,False,,,False,False,,,False,False,False,,,20,0,,N4_inverse_vol_defensive_allocation,N4_inverse_vol_defensive_allocation,0,4541,deterministic_stratified_sample
evidence_inverse_vol_defensive,stress,90,2016-05-10,2016-09-15,2970.488008096896,-0.00983733063436798,3078.506466525131,2970.488008096896,-108.01845842823514,-0.03508794267700899,False,False,,,False,False,,,False,False,False,,,20,0,,N4_inverse_vol_defensive_allocation,N4_inverse_vol_defensive_allocation,0,4541,deterministic_stratified_sample
evidence_inverse_vol_defensive,stress,90,2016-06-13,2016-10-18,2873.1362190723053,-0.04228792697589823,3033.021235726063,2869.393447155834,-163.62778857022886,-0.05394877775429052,False,False,,,False,False,,,False,False,False,,,20,0,,N4_inverse_vol_defensive_allocation,N4_inverse_vol_defensive_allocation,0,4541,deterministic_stratified_sample
evidence_inverse_vol_defensive,stress,90,2016-06-23,2016-10-28,2869.8436023655495,-0.043385465878150176,3033.021235726063,2869.393447155834,-163.62778857022886,-0.05394877775429052,False,False,,,False,False,,,False,False,False,,,20,0,,N4_inverse_vol_defensive_allocation,N4_inverse_vol_defensive_allocation,0,4541,deterministic_stratified_sample
evidence_inverse_vol_defensive,stress,90,2016-07-13,2016-11-16,2886.6688119966366,-0.0377770626677878,3000.0,2865.4527462882706,-134.54725371172935,-0.04484908457057646,False,False,,,False,False,,,False,False,False,,,18,0,,N4_inverse_vol_defensive_allocation,N4_inverse_vol_defensive_allocation,0,4541,deterministic_stratified_sample
evidence_inverse_vol_defensive,stress,90,2016-09-12,2017-01-19,2991.038190068087,-0.002987269977304363,3000.0,2927.5456152001343,-72.4543847998657,-0.024151461599955182,False,False,,,False,False,,,False,False,False,,,12,0,,N4_inverse_vol_defensive_allocation,N4_inverse_vol_defensive_allocation,0,4541,deterministic_stratified_sample
evidence_inverse_vol_defensive,stress,90,2016-09-13,2017-01-20,2995.443205495776,-0.0015189315014080274,3000.0,2927.5456152001343,-72.4543847998657,-0.024151461599955182,False,False,,,False,False,,,False,False,False,,,12,0,,N4_inverse_vol_defensive_allocation,N4_inverse_vol_defensive_allocation,0,4541,deterministic_stratified_sample
evidence_inverse_vol_defensive,stress,90,2016-11-10,2017-03-22,3066.8858188046706,0.022295272934890198,3092.7517104813933,2991.8287499640214,-25.86589167672264,-0.008363390953455063,False,False,,,False,False,,,False,False,False,,,8,0,,N4_inverse_vol_defensive_allocation,N4_inverse_vol_defensive_allocation,0,4541,deterministic_stratified_sample
evidence_inverse_vol_defensive,stress,90,2016-11-18,2017-03-30,3066.8858188046706,0.022295272934890198,3092.7517104813933,2991.8287499640214,-26.13628956927414,-0.008450820504180112,False,False,,,False,False,,,False,False,False,,,8,0,,N4_inverse_vol_defensive_allocation,N4_inverse_vol_defensive_allocation,0,4541,deterministic_stratified_sample
evidence_inverse_vol_defensive,stress,90,2016-11-29,2017-04-07,3059.922172232774,0.019974057410924617,3092.7517104813933,2991.8287499640214,-35.01054277178446,-0.011320191870926144,False,False,,,False,False,,,False,False,False,,,10,0,,N4_inverse_vol_defensive_allocation,N4_inverse_vol_defensive_allocation,0,4541,deterministic_stratified_sample
evidence_inverse_vol_defensive,stress,90,2017-01-13,2017-05-23,2984.826052966854,-0.005057982344381928,3057.0189160449854,2984.826052966854,-72.19286307813127,-0.023615445327872076,False,False,,,False,False,,,False,False,False,,,9,0,,N4_inverse_vol_defensive_allocation,N4_inverse_vol_defensive_allocation,0,4541,deterministic_stratified_sample
evidence_inverse_vol_defensive,stress,90,2017-01-26,2017-06-05,3004.781658055715,0.0015938860185717996,3057.0189160449854,2984.826052966854,-72.19286307813127,-0.023615445327872076,False,False,,,False,False,,,False,False,False,,,13,0,,N4_inverse_vol_defensive_allocation,N4_inverse_vol_defensive_allocation,0,4541,deterministic_stratified_sample
evidence_inverse_vol_defensive,stress,90,2017-02-02,2017-06-12,2941.8206920801686,-0.01939310263994376,3004.590028250873,2933.6352967060443,-70.95473154482852,-0.023615445327872187,False,False,,,False,False,,,False,False,False,,,11,0,,N4_inverse_vol_defensive_allocation,N4_inverse_vol_defensive_allocation,0,4541,deterministic_stratified_sample
evidence_inverse_vol_defensive,stress,90,2017-02-16,2017-06-26,2967.1454827874977,-0.01095150573750081,3004.590028250873,2933.6352967060443,-70.95473154482852,-0.023615445327872187,False,False,,,False,False,,,False,False,False,,,11,0,,N4_inverse_vol_defensive_allocation,N4_inverse_vol_defensive_allocation,0,4541,deterministic_stratified_sample
evidence_inverse_vol_defensive,stress,90,2017-02-17,2017-06-27,2949.395427932523,-0.016868190689159013,3004.590028250873,2933.6352967060443,-70.95473154482852,-0.023615445327872187,False,False,,,False,False,,,False,False,False,,,11,0,,N4_inverse_vol_defensive_allocation,N4_inverse_vol_defensive_allocation,0,4541,deterministic_stratified_sample
evidence_inverse_vol_defensive,stress,90,2017-03-17,2017-07-25,2963.411342566778,-0.012196219144407383,3012.357809350038,2921.456963169158,-90.90084618088031,-0.03017597906156222,False,False,,,False,False,,,False,False,False,,,14,0,,N4_inverse_vol_defensive_allocation,N4_inverse_vol_defensive_allocation,0,4541,deterministic_stratified_sample
evidence_inverse_vol_defensive,stress,90,2017-05-08,2017-09-13,3052.025098856669,0.01734169961888976,3080.559313851792,2965.4804443692396,-68.78780920585177,-0.022670312397331194,False,False,,,False,False,,,False,False,False,,,19,0,,N4_inverse_vol_defensive_allocation,N4_inverse_vol_defensive_allocation,0,4541,deterministic_stratified_sample
evidence_inverse_vol_defensive,stress,90,2017-05-17,2017-09-22,3043.0439792474735,0.01434799308249124,3080.559313851792,2965.4804443692396,-68.78780920585177,-0.022670312397331194,False,False,,,False,False,,,False,False,False,,,19,0,,N4_inverse_vol_defensive_allocation,N4_inverse_vol_defensive_allocation,0,4541,deterministic_stratified_sample
evidence_inverse_vol_defensive,stress,90,2017-07-19,2017-11-22,3054.8453611789546,0.018281787059651444,3066.4919115093617,3000.0,-43.863238725036354,-0.014304045140444033,False,False,,,False,False,,,False,False,False,,,20,0,,N4_inverse_vol_defensive_allocation,N4_inverse_vol_defensive_allocation,0,4541,deterministic_stratified_sample
evidence_inverse_vol_defensive,stress,90,2017-07-21,2017-11-27,3054.2627722775796,0.018087590759193306,3066.4919115093617,3000.0,-43.863238725036354,-0.014304045140444033,False,False,,,False,False,,,False,False,False,,,20,0,,N4_inverse_vol_defensive_allocation,N4_inverse_vol_defensive_allocation,0,4541,deterministic_stratified_sample
evidence_inverse_vol_defensive,stress,90,2017-07-26,2017-11-30,3044.088491943288,0.014696163981095856,3066.4919115093617,3000.0,-43.863238725036354,-0.014304045140444033,False,False,,,False,False,,,False,False,False,,,20,0,,N4_inverse_vol_defensive_allocation,N4_inverse_vol_defensive_allocation,0,4541,deterministic_stratified_sample
evidence_inverse_vol_defensive,stress,90,2017-08-09,2017-12-14,2993.65533633381,-0.0021148878887300437,3019.7216813184414,2976.5274460772844,-43.194235241157,-0.014304045140444144,False,False,,,False,False,,,False,False,False,,,19,0,,N4_inverse_vol_defensive_allocation,N4_inverse_vol_defensive_allocation,0,4541,deterministic_stratified_sample
evidence_inverse_vol_defensive,stress,90,2017-08-16,2017-12-21,2983.951094590977,-0.005349635136341013,3019.7216813184414,2976.5274460772844,-43.194235241157,-0.014304045140444144,False,False,,,False,False,,,False,False,False,,,19,0,,N4_inverse_vol_defensive_allocation,N4_inverse_vol_defensive_allocation,0,4541,deterministic_stratified_sample
evidence_inverse_vol_defensive,stress,90,2017-09-18,2018-01-25,3061.9612676905017,0.020653755896833825,3067.457877616927,2989.053725619396,-37.80230063923227,-0.012488965550818798,False,False,,,False,False,,,False,False,False,,,18,0,,N4_inverse_vol_defensive_allocation,N4_inverse_vol_defensive_allocation,0,4541,deterministic_stratified_sample
evidence_inverse_vol_defensive,stress,90,2017-10-11,2018-02-20,2983.4799642385233,-0.00550667858715892,3082.1806510461556,2983.4799642385233,-98.70068680763234,-0.03202300513246403,False,False,,,False,False,,,False,False,False,,,16,0,,N4_inverse_vol_defensive_allocation,N4_inverse_vol_defensive_allocation,0,4541,deterministic_stratified_sample
evidence_inverse_vol_defensive,stress,90,2017-10-27,2018-03-08,3003.1012449160216,0.0010337483053406427,3082.1806510461556,2970.0303842764697,-112.15026676968591,-0.03638666238840338,False,False,,,False,False,,,False,False,False,,,19,0,,N4_inverse_vol_defensive_allocation,N4_inverse_vol_defensive_allocation,0,4541,deterministic_stratified_sample
evidence_inverse_vol_defensive,stress,90,2017-11-16,2018-03-28,2955.579420409293,-0.014806859863569,3065.2985113229943,2953.7625292718094,-111.53598205118487,-0.03638666238840327,False,False,,,False,False,,,False,False,False,,,14,0,,N4_inverse_vol_defensive_allocation,N4_inverse_vol_defensive_allocation,0,4541,deterministic_stratified_sample
evidence_inverse_vol_defensive,stress,90,2017-12-14,2018-04-25,2967.161823545792,-0.010946058818069426,3080.947661150362,2960.295636625983,-120.6520245243787,-0.03916068618943358,False,False,,,False,False,,,False,False,False,,,13,0,,N4_inverse_vol_defensive_allocation,N4_inverse_vol_defensive_allocation,0,4541,deterministic_stratified_sample
evidence_inverse_vol_defensive,stress,90,2017-12-29,2018-05-09,2977.935774573436,-0.007354741808854648,3080.947661150362,2947.8742500098597,-133.07341114050223,-0.043192363446646564,False,False,,,False,False,,,False,False,False,,,16,0,,N4_inverse_vol_defensive_allocation,N4_inverse_vol_defensive_allocation,0,4541,deterministic_stratified_sample
evidence_inverse_vol_defensive,stress,90,2018-01-22,2018-05-30,2920.21986746917,-0.026593377510276683,3006.9760365816437,2901.561490328857,-105.41454625278675,-0.03505666322922307,False,False,,,False,False,,,False,False,False,,,12,0,,N4_inverse_vol_defensive_allocation,N4_inverse_vol_defensive_allocation,0,4541,deterministic_stratified_sample
evidence_inverse_vol_defensive,stress,90,2018-03-21,2018-07-27,3012.894321000197,0.00429810700006561,3038.6989300400505,2969.3686990147808,-69.33023102526977,-0.022815761818284486,False,False,,,False,False,,,False,False,False,,,11,0,,N4_inverse_vol_defensive_allocation,N4_inverse_vol_defensive_allocation,0,4541,deterministic_stratified_sample
evidence_inverse_vol_defensive,stress,90,2018-03-22,2018-07-30,3006.402628281923,0.0021342094273077983,3038.6989300400505,2969.3686990147808,-69.33023102526977,-0.022815761818284486,False,False,,,False,False,,,False,False,False,,,11,0,,N4_inverse_vol_defensive_allocation,N4_inverse_vol_defensive_allocation,0,4541,deterministic_stratified_sample
evidence_inverse_vol_defensive,stress,90,2018-04-17,2018-08-22,3050.671179043198,0.01689039301439932,3051.4031537901255,2991.245499380455,-44.106057790533214,-0.01450402312046739,False,False,,,False,False,,,False,False,False,,,10,0,,N4_inverse_vol_defensive_allocation,N4_inverse_vol_defensive_allocation,0,4541,deterministic_stratified_sample
evidence_inverse_vol_defensive,stress,90,2018-05-09,2018-09-14,3036.688702622542,0.012229567540847475,3064.657617885832,2991.6640878593935,-33.37755189229574,-0.011033749570149909,False,False,,,False,False,,,False,False,False,,,11,0,,N4_inverse_vol_defensive_allocation,N4_inverse_vol_defensive_allocation,0,4541,deterministic_stratified_sample
evidence_inverse_vol_defensive,stress,90,2018-05-23,2018-09-28,3033.5181896454633,0.011172729881821164,3064.657617885832,2991.6640878593935,-33.698124217811255,-0.011033749570149909,False,False,,,False,False,,,False,False,False,,,11,0,,N4_inverse_vol_defensive_allocation,N4_inverse_vol_defensive_allocation,0,4541,deterministic_stratified_sample
evidence_inverse_vol_defensive,stress,90,2018-06-08,2018-10-15,3014.440948993524,0.004813649664508146,3073.1969177181263,3000.0,-58.7559687246021,-0.01911884278740883,False,False,,,False,False,,,False,False,False,,,11,0,,N4_inverse_vol_defensive_allocation,N4_inverse_vol_defensive_allocation,0,4541,deterministic_stratified_sample
evidence_inverse_vol_defensive,stress,90,2018-07-25,2018-11-29,2978.1482475898633,-0.007283917470045531,3038.625288969143,2978.1482475898633,-60.477041379279854,-0.01990276379217415,False,False,,,False,False,,,False,False,False,,,9,0,,N4_inverse_vol_defensive_allocation,N4_inverse_vol_defensive_allocation,0,4541,deterministic_stratified_sample
evidence_inverse_vol_defensive,stress,90,2018-08-24,2019-01-03,2975.1008508002474,-0.008299716399917556,3000.0,2927.2288809971656,-72.77111900283444,-0.024257039667611502,False,False,,,False,False,,,False,False,False,,,14,0,,N4_inverse_vol_defensive_allocation,N4_inverse_vol_defensive_allocation,0,4541,deterministic_stratified_sample
evidence_inverse_vol_defensive,stress,90,2018-09-13,2019-01-23,2945.5681296722296,-0.01814395677592351,3000.0,2944.202698714001,-55.797301285998856,-0.018599100428666304,False,False,,,False,False,,,False,False,False,,,10,0,,N4_inverse_vol_defensive_allocation,N4_inverse_vol_defensive_allocation,0,4541,deterministic_stratified_sample
evidence_inverse_vol_defensive,stress,90,2018-09-24,2019-02-01,2950.934695151863,-0.016355101616045697,3000.0,2944.202698714001,-55.797301285998856,-0.018599100428666304,False,False,,,False,False,,,False,False,False,,,14,0,,N4_inverse_vol_defensive_allocation,N4_inverse_vol_defensive_allocation,0,4541,deterministic_stratified_sample
evidence_inverse_vol_defensive,stress,90,2018-10-25,2019-03-07,2961.0676847046734,-0.012977438431775568,3024.891054236209,2943.663241353802,-81.2278128824073,-0.026853136667071675,False,False,,,False,False,,,False,False,False,,,17,0,,N4_inverse_vol_defensive_allocation,N4_inverse_vol_defensive_allocation,0,4541,deterministic_stratified_sample
evidence_inverse_vol_defensive,stress,90,2018-11-12,2019-03-25,3025.0423769673357,0.008347458989111933,3027.3104831938062,2946.0177010549432,-81.292782138863,-0.02685313666707201,False,False,,,False,False,,,False,False,False,,,16,0,,N4_inverse_vol_defensive_allocation,N4_inverse_vol_defensive_allocation,0,4541,deterministic_stratified_sample
evidence_inverse_vol_defensive,stress,90,2018-11-16,2019-03-29,3017.615438370912,0.005871812790304132,3027.3104831938062,2946.0177010549432,-81.292782138863,-0.02685313666707201,False,False,,,False,False,,,False,False,False,,,16,0,,N4_inverse_vol_defensive_allocation,N4_inverse_vol_defensive_allocation,0,4541,deterministic_stratified_sample
evidence_inverse_vol_defensive,stress,90,2018-11-23,2019-04-04,2995.266334166733,-0.0015778886110889845,3027.3104831938062,2946.0177010549432,-81.292782138863,-0.02685313666707201,False,False,,,False,False,,,False,False,False,,,21,0,,N4_inverse_vol_defensive_allocation,N4_inverse_vol_defensive_allocation,0,4541,deterministic_stratified_sample
evidence_inverse_vol_defensive,stress,90,2018-12-11,2019-04-22,2971.7258469595818,-0.009424717680139416,3024.0922113919755,2942.8858499456405,-81.206361446335,-0.026853136667071453,False,False,,,False,False,,,False,False,False,,,18,0,,N4_inverse_vol_defensive_allocation,N4_inverse_vol_defensive_allocation,0,4541,deterministic_stratified_sample
evidence_inverse_vol_defensive,stress,90,2018-12-28,2019-05-08,2975.5282001162464,-0.008157266627917936,3024.0922113919755,2942.8858499456405,-81.206361446335,-0.026853136667071453,False,False,,,False,False,,,False,False,False,,,23,0,,N4_inverse_vol_defensive_allocation,N4_inverse_vol_defensive_allocation,0,4541,deterministic_stratified_sample
evidence_inverse_vol_defensive,stress,90,2019-01-16,2019-05-24,3010.962239366662,0.003654079788887321,3030.8230560791926,2950.1439327811913,-64.30675843474774,-0.021332828107667012,False,False,,,False,False,,,False,False,False,,,19,0,,N4_inverse_vol_defensive_allocation,N4_inverse_vol_defensive_allocation,0,4541,deterministic_stratified_sample
evidence_inverse_vol_defensive,stress,90,2019-02-04,2019-06-12,3084.0752258250272,0.02802507527500908,3097.9923989417684,2982.2524667290154,-59.766232384174145,-0.019507162209533857,False,False,,,False,False,,,False,False,False,,,19,0,,N4_inverse_vol_defensive_allocation,N4_inverse_vol_defensive_allocation,0,4541,deterministic_stratified_sample
evidence_inverse_vol_defensive,stress,90,2019-02-07,2019-06-17,3097.799650459462,0.03259988348648735,3097.9923989417684,2982.2524667290154,-59.766232384174145,-0.019507162209533857,False,False,,,False,False,,,False,False,False,,,19,0,,N4_inverse_vol_defensive_allocation,N4_inverse_vol_defensive_allocation,0,4541,deterministic_stratified_sample
evidence_inverse_vol_defensive,stress,90,2019-03-04,2019-07-10,3097.166395196121,0.03238879839870701,3117.959683901796,2959.4341524346155,-42.18135553619413,-0.014052884329848747,False,False,,,False,False,,,False,False,False,,,19,0,,N4_inverse_vol_defensive_allocation,N4_inverse_vol_defensive_allocation,0,4541,deterministic_stratified_sample
evidence_inverse_vol_defensive,stress,90,2019-04-23,2019-08-28,3241.469793566747,0.08048993118891556,3241.519380647729,2978.8154782973147,-39.009197407964166,-0.012429727260084844,False,False,,,False,False,,,False,False,False,,,19,0,,N4_inverse_vol_defensive_allocation,N4_inverse_vol_defensive_allocation,0,4541,deterministic_stratified_sample
evidence_inverse_vol_defensive,stress,90,2019-05-03,2019-09-10,3119.528394950564,0.039842798316854555,3189.1624552699477,2993.761090480465,-69.63406031938393,-0.02183459177638214,False,False,,,False,False,,,False,False,False,,,19,0,,N4_inverse_vol_defensive_allocation,N4_inverse_vol_defensive_allocation,0,4541,deterministic_stratified_sample
evidence_inverse_vol_defensive,stress,90,2019-07-08,2019-11-11,3018.2532229762455,0.006084407658748514,3149.6262921507405,3000.0,-131.68808686234388,-0.04181070217458083,False,False,,,False,False,,,False,False,False,,,20,0,,N4_inverse_vol_defensive_allocation,N4_inverse_vol_defensive_allocation,0,4541,deterministic_stratified_sample
evidence_inverse_vol_defensive,stress,90,2019-07-11,2019-11-14,3020.4759375578924,0.006825312519297411,3149.6262921507405,3000.0,-131.68808686234388,-0.04181070217458083,False,False,,,False,False,,,False,False,False,,,20,0,,N4_inverse_vol_defensive_allocation,N4_inverse_vol_defensive_allocation,0,4541,deterministic_stratified_sample
evidence_inverse_vol_defensive,stress,90,2019-09-06,2020-01-14,2979.0051337796494,-0.006998288740116876,3033.883470934802,2928.155276088698,-105.72819484610409,-0.03484912847147914,False,False,,,False,False,,,False,False,False,,,18,0,,N4_inverse_vol_defensive_allocation,N4_inverse_vol_defensive_allocation,0,4541,deterministic_stratified_sample
evidence_inverse_vol_defensive,stress,90,2019-09-27,2020-02-05,3012.985773376101,0.004328591125366987,3034.563501807612,2928.155276088698,-105.72819484610409,-0.03484912847147914,False,False,,,False,False,,,False,False,False,,,22,0,,N4_inverse_vol_defensive_allocation,N4_inverse_vol_defensive_allocation,0,4541,deterministic_stratified_sample
evidence_inverse_vol_defensive,stress,90,2019-10-24,2020-03-04,3138.9914144559375,0.04633047148531255,3147.980588823527,2939.596838486862,-60.403161513138,-0.020134387171045987,False,False,,,False,False,,,False,False,False,,,21,0,,N4_inverse_vol_defensive_allocation,N4_inverse_vol_defensive_allocation,0,4541,deterministic_stratified_sample
evidence_inverse_vol_defensive,stress,90,2019-11-06,2020-03-17,3178.492200422567,0.059497400140855694,3311.470649833438,2977.6857827249432,-132.97844941087124,-0.04015691620807804,True,True,2020-03-09,84,False,False,,,False,False,False,,,16,0,,N4_inverse_vol_defensive_allocation,N4_inverse_vol_defensive_allocation,0,4541,deterministic_stratified_sample
evidence_inverse_vol_defensive,stress,90,2019-12-13,2020-04-23,3174.9084846820456,0.05830282822734856,3309.851240497187,3000.0,-149.64875942053914,-0.04521313755420009,True,True,2020-03-09,58,False,False,,,False,False,False,,,14,2,,N4_inverse_vol_defensive_allocation,N4_inverse_vol_defensive_allocation,0,4541,deterministic_stratified_sample
evidence_inverse_vol_defensive,stress,90,2020-01-08,2020-05-15,3120.368751346895,0.04012291711563165,3230.3556761490777,2988.8992622744054,-154.28908549651442,-0.047762259318900546,False,False,,,False,False,,,False,False,False,,,14,2,,N4_inverse_vol_defensive_allocation,N4_inverse_vol_defensive_allocation,0,4541,deterministic_stratified_sample
evidence_inverse_vol_defensive,stress,90,2020-03-05,2020-07-13,2990.4802418670624,-0.0031732527109792352,3019.093702012207,2942.702730724382,-76.39097128782487,-0.025302616886952123,False,False,,,False,False,,,False,False,False,,,16,2,,N4_inverse_vol_defensive_allocation,N4_inverse_vol_defensive_allocation,0,4541,deterministic_stratified_sample
evidence_inverse_vol_defensive,stress,90,2020-03-11,2020-07-17,2998.5901618179864,-0.00046994606067118916,3019.093702012207,2942.702730724382,-76.39097128782487,-0.025302616886952123,False,False,,,False,False,,,False,False,False,,,16,2,,N4_inverse_vol_defensive_allocation,N4_inverse_vol_defensive_allocation,0,4541,deterministic_stratified_sample
evidence_inverse_vol_defensive,stress,90,2020-03-27,2020-08-04,3084.335920416738,0.028111973472246143,3084.335920416738,2942.702730724382,-76.39097128782487,-0.025302616886952123,False,False,,,False,False,,,False,False,False,,,21,2,,N4_inverse_vol_defensive_allocation,N4_inverse_vol_defensive_allocation,0,4541,deterministic_stratified_sample
evidence_inverse_vol_defensive,stress,90,2020-04-08,2020-08-14,3051.2945942242386,0.017098198074746218,3101.9192027648523,2948.0131149208482,-76.52882598937049,-0.025302616886952345,False,False,,,False,False,,,False,False,False,,,19,0,,N4_inverse_vol_defensive_allocation,N4_inverse_vol_defensive_allocation,0,4541,deterministic_stratified_sample
evidence_inverse_vol_defensive,stress,90,2020-04-15,2020-08-20,3052.68105041837,0.01756035013945656,3101.9192027648523,2948.0131149208482,-76.52882598937049,-0.025302616886952345,False,False,,,False,False,,,False,False,False,,,19,0,,N4_inverse_vol_defensive_allocation,N4_inverse_vol_defensive_allocation,0,4541,deterministic_stratified_sample
evidence_inverse_vol_defensive,stress,90,2020-05-01,2020-09-08,3055.5482880576465,0.018516096019215444,3101.5650518823118,2947.676535732887,-56.273328270068305,-0.0187331116755326,False,False,,,False,False,,,False,False,False,,,20,0,,N4_inverse_vol_defensive_allocation,N4_inverse_vol_defensive_allocation,0,4541,deterministic_stratified_sample
evidence_inverse_vol_defensive,stress,90,2020-05-05,2020-09-10,3059.7097346609517,0.019903244886983806,3101.5650518823118,2947.676535732887,-56.273328270068305,-0.0187331116755326,False,False,,,False,False,,,False,False,False,,,20,0,,N4_inverse_vol_defensive_allocation,N4_inverse_vol_defensive_allocation,0,4541,deterministic_stratified_sample
evidence_inverse_vol_defensive,stress,90,2020-05-19,2020-09-24,3057.0258377394975,0.01900861257983255,3101.5650518823118,2947.676535732887,-56.273328270068305,-0.0187331116755326,False,False,,,False,False,,,False,False,False,,,20,0,,N4_inverse_vol_defensive_allocation,N4_inverse_vol_defensive_allocation,0,4541,deterministic_stratified_sample
evidence_inverse_vol_defensive,stress,90,2020-05-22,2020-09-29,3057.861731449005,0.019287243816335176,3101.5650518823118,2947.676535732887,-56.273328270068305,-0.0187331116755326,False,False,,,False,False,,,False,False,False,,,20,0,,N4_inverse_vol_defensive_allocation,N4_inverse_vol_defensive_allocation,0,4541,deterministic_stratified_sample
evidence_inverse_vol_defensive,stress,90,2020-06-04,2020-10-09,3070.8907704848502,0.023630256828283347,3133.2305938402415,2998.376122049306,-78.60529502510371,-0.025087618887558838,False,False,,,False,False,,,False,False,False,,,20,0,,N4_inverse_vol_defensive_allocation,N4_inverse_vol_defensive_allocation,0,4541,deterministic_stratified_sample
evidence_inverse_vol_defensive,stress,90,2020-08-03,2020-12-08,2984.531686223531,-0.00515610459215643,3013.0400926792963,2943.8891002042687,-69.15099247502758,-0.022950571631304206,False,False,,,False,False,,,False,False,False,,,16,0,,N4_inverse_vol_defensive_allocation,N4_inverse_vol_defensive_allocation,0,4541,deterministic_stratified_sample
evidence_inverse_vol_defensive,stress,90,2020-08-05,2020-12-10,2973.356354152501,-0.008881215282499744,3013.0400926792963,2943.8891002042687,-69.15099247502758,-0.022950571631304206,False,False,,,False,False,,,False,False,False,,,16,0,,N4_inverse_vol_defensive_allocation,N4_inverse_vol_defensive_allocation,0,4541,deterministic_stratified_sample
evidence_inverse_vol_defensive,stress,90,2020-08-11,2020-12-16,2984.531686223531,-0.00515610459215643,3013.0400926792963,2943.8891002042687,-69.15099247502758,-0.022950571631304206,False,False,,,False,False,,,False,False,False,,,16,0,,N4_inverse_vol_defensive_allocation,N4_inverse_vol_defensive_allocation,0,4541,deterministic_stratified_sample
evidence_inverse_vol_defensive,stress,90,2020-09-28,2021-02-04,2998.5399039678277,-0.0004866986773907067,3021.0806621464753,2962.6049310219623,-58.475731124513004,-0.0193558986548098,False,False,,,False,False,,,False,False,False,,,16,0,,N4_inverse_vol_defensive_allocation,N4_inverse_vol_defensive_allocation,0,4541,deterministic_stratified_sample
evidence_inverse_vol_defensive,stress,90,2020-10-05,2021-02-11,3046.0426803648443,0.015347560121614867,3054.361482933325,2995.2415716145133,-59.11991131881177,-0.01935589865480969,False,False,,,False,False,,,False,False,False,,,11,0,,N4_inverse_vol_defensive_allocation,N4_inverse_vol_defensive_allocation,0,4541,deterministic_stratified_sample
evidence_inverse_vol_defensive,stress,90,2020-10-27,2021-03-08,2982.8507073665014,-0.005716430877832912,3054.361482933325,2982.8507073665014,-71.51077556682367,-0.023412675927980464,False,False,,,False,False,,,False,False,False,,,13,0,,N4_inverse_vol_defensive_allocation,N4_inverse_vol_defensive_allocation,0,4541,deterministic_stratified_sample
evidence_inverse_vol_defensive,stress,90,2020-12-04,2021-04-15,2974.1577192518807,-0.008614093582706372,3000.0,2926.4075281348487,-73.59247186515131,-0.024530823955050463,False,False,,,False,False,,,False,False,False,,,9,0,,N4_inverse_vol_defensive_allocation,N4_inverse_vol_defensive_allocation,0,4541,deterministic_stratified_sample
evidence_inverse_vol_defensive,stress,90,2021-01-15,2021-05-25,3011.638176709326,0.0038793922364421807,3057.070265841893,2987.5894508488677,-69.48081499302543,-0.02272790906030775,False,False,,,False,False,,,False,False,False,,,8,0,,N4_inverse_vol_defensive_allocation,N4_inverse_vol_defensive_allocation,0,4541,deterministic_stratified_sample
evidence_inverse_vol_defensive,stress,90,2021-02-08,2021-06-16,2935.3515840236914,-0.021549471992102887,3016.4863376441103,2935.3515840236914,-81.1347536204189,-0.026897106281537297,False,False,,,False,False,,,False,False,False,,,9,0,,N4_inverse_vol_defensive_allocation,N4_inverse_vol_defensive_allocation,0,4541,deterministic_stratified_sample
evidence_inverse_vol_defensive,stress,90,2021-03-02,2021-07-08,3004.389131858179,0.0014630439527263395,3062.566705607923,2963.5516955588437,-99.01501004907914,-0.032330727643505974,False,False,,,False,False,,,False,False,False,,,9,0,,N4_inverse_vol_defensive_allocation,N4_inverse_vol_defensive_allocation,0,4541,deterministic_stratified_sample
evidence_inverse_vol_defensive,stress,90,2021-03-24,2021-07-30,2987.206962255974,-0.004264345914675394,3062.566705607923,2963.5516955588437,-99.01501004907914,-0.032330727643505974,False,False,,,False,False,,,False,False,False,,,9,0,,N4_inverse_vol_defensive_allocation,N4_inverse_vol_defensive_allocation,0,4541,deterministic_stratified_sample
evidence_inverse_vol_defensive,stress,90,2021-04-07,2021-08-12,2908.618328121462,-0.030460557292845913,3004.0901294444466,2906.057661313645,-98.03246813080159,-0.03263299831451161,False,False,,,False,False,,,False,False,False,,,11,0,,N4_inverse_vol_defensive_allocation,N4_inverse_vol_defensive_allocation,0,4541,deterministic_stratified_sample
evidence_inverse_vol_defensive,stress,90,2021-04-09,2021-08-16,2931.8209238781988,-0.022726358707267136,3004.0901294444466,2906.057661313645,-98.03246813080159,-0.03263299831451161,False,False,,,False,False,,,False,False,False,,,11,0,,N4_inverse_vol_defensive_allocation,N4_inverse_vol_defensive_allocation,0,4541,deterministic_stratified_sample
evidence_inverse_vol_defensive,stress,90,2021-06-10,2021-10-15,2950.5007216559798,-0.016499759448006746,3019.3449462144463,2892.0367800837967,-127.30816613064962,-0.0421641675258948,False,False,,,False,False,,,False,False,False,,,14,0,,N4_inverse_vol_defensive_allocation,N4_inverse_vol_defensive_allocation,0,4541,deterministic_stratified_sample
evidence_inverse_vol_defensive,stress,90,2021-06-23,2021-10-28,3001.9218020969156,0.0006406006989718716,3019.3449462144463,2892.0367800837967,-127.30816613064962,-0.0421641675258948,False,False,,,False,False,,,False,False,False,,,14,0,,N4_inverse_vol_defensive_allocation,N4_inverse_vol_defensive_allocation,0,4541,deterministic_stratified_sample
evidence_inverse_vol_defensive,stress,90,2021-08-11,2021-12-16,3017.5247417609594,0.005841580586986472,3085.2450391321563,2923.645329085328,-81.68197536289108,-0.02647503661033912,False,False,,,False,False,,,False,False,False,,,15,0,,N4_inverse_vol_defensive_allocation,N4_inverse_vol_defensive_allocation,0,4541,deterministic_stratified_sample
evidence_inverse_vol_defensive,stress,90,2021-08-31,2022-01-06,2966.7553482265507,-0.011081550591149791,3085.2450391321563,2923.645329085328,-118.48969090560558,-0.03840527718308406,False,False,,,False,False,,,False,False,False,,,20,0,,N4_inverse_vol_defensive_allocation,N4_inverse_vol_defensive_allocation,0,4541,deterministic_stratified_sample
evidence_inverse_vol_defensive,stress,90,2021-09-10,2022-01-18,3008.128088075341,0.002709362691780459,3143.7582136854912,2979.0936864452783,-135.63012561015012,-0.04314267077529099,False,False,,,False,False,,,False,False,False,,,15,0,,N4_inverse_vol_defensive_allocation,N4_inverse_vol_defensive_allocation,0,4541,deterministic_stratified_sample
evidence_inverse_vol_defensive,stress,90,2021-10-11,2022-02-16,2902.4309411889126,-0.03252301960369586,3057.243085835422,2882.8366117347514,-174.4064741006705,-0.05704697637839684,False,False,,,False,False,,,False,False,False,,,14,0,,N4_inverse_vol_defensive_allocation,N4_inverse_vol_defensive_allocation,0,4541,deterministic_stratified_sample
evidence_inverse_vol_defensive,stress,90,2021-11-10,2022-03-21,2879.4231138074465,-0.040192295397517785,3021.7958443262296,2860.5887440427023,-161.20710028352732,-0.053348111053303726,False,False,,,False,False,,,False,False,False,,,13,0,,N4_inverse_vol_defensive_allocation,N4_inverse_vol_defensive_allocation,0,4541,deterministic_stratified_sample
evidence_inverse_vol_defensive,stress,90,2021-11-24,2022-04-04,2890.0819520678224,-0.03663934931072588,3021.7958443262296,2860.5887440427023,-161.20710028352732,-0.053348111053303726,False,False,,,False,False,,,False,False,False,,,16,0,,N4_inverse_vol_defensive_allocation,N4_inverse_vol_defensive_allocation,0,4541,deterministic_stratified_sample
evidence_inverse_vol_defensive,stress,90,2021-11-29,2022-04-06,2857.168059996269,-0.04761064666791026,3021.7958443262296,2857.168059996269,-164.62778432996038,-0.05448011474337955,False,False,,,False,False,,,False,False,False,,,16,0,N4_inverse_vol_defensive_allocation,N4_inverse_vol_defensive_allocation,N4_inverse_vol_defensive_allocation,0,4541,deterministic_stratified_sample
evidence_inverse_vol_defensive,stress,90,2021-12-10,2022-04-20,2875.1844797138283,-0.04160517342872394,3000.0,2860.2268904428975,-139.77310955710254,-0.04659103651903418,False,False,,,False,False,,,False,False,False,,,12,0,,N4_inverse_vol_defensive_allocation,N4_inverse_vol_defensive_allocation,0,4541,deterministic_stratified_sample
evidence_inverse_vol_defensive,stress,90,2022-02-04,2022-06-14,2905.954263625247,-0.03134857879158426,3079.791064654716,2905.954263625247,-173.83680102946892,-0.05644434878213345,False,False,,,False,False,,,False,False,False,,,8,0,,N4_inverse_vol_defensive_allocation,N4_inverse_vol_defensive_allocation,0,4541,deterministic_stratified_sample
evidence_inverse_vol_defensive,stress,90,2022-02-15,2022-06-24,2905.954263625247,-0.03134857879158426,3079.791064654716,2905.954263625247,-173.83680102946892,-0.05644434878213345,False,False,,,False,False,,,False,False,False,,,8,0,,N4_inverse_vol_defensive_allocation,N4_inverse_vol_defensive_allocation,0,4541,deterministic_stratified_sample
evidence_inverse_vol_defensive,stress,90,2022-02-22,2022-06-30,2905.954263625247,-0.03134857879158426,3079.791064654716,2905.954263625247,-173.83680102946892,-0.05644434878213345,False,False,,,False,False,,,False,False,False,,,8,0,,N4_inverse_vol_defensive_allocation,N4_inverse_vol_defensive_allocation,0,4541,deterministic_stratified_sample
evidence_inverse_vol_defensive,stress,90,2022-03-01,2022-07-08,2884.639103194836,-0.03845363226838794,3011.1051809745477,2884.639103194836,-126.46607777971167,-0.04199988714402225,False,False,,,False,False,,,False,False,False,,,7,0,,N4_inverse_vol_defensive_allocation,N4_inverse_vol_defensive_allocation,0,4541,deterministic_stratified_sample
evidence_inverse_vol_defensive,stress,90,2022-03-11,2022-07-20,2884.639103194836,-0.03845363226838794,3011.1051809745477,2884.639103194836,-126.46607777971167,-0.04199988714402225,False,False,,,False,False,,,False,False,False,,,7,0,,N4_inverse_vol_defensive_allocation,N4_inverse_vol_defensive_allocation,0,4541,deterministic_stratified_sample
evidence_inverse_vol_defensive,stress,90,2022-03-16,2022-07-25,2884.639103194836,-0.03845363226838794,3011.1051809745477,2884.639103194836,-126.46607777971167,-0.04199988714402225,False,False,,,False,False,,,False,False,False,,,7,0,,N4_inverse_vol_defensive_allocation,N4_inverse_vol_defensive_allocation,0,4541,deterministic_stratified_sample
evidence_inverse_vol_defensive,stress,90,2022-03-22,2022-07-29,2884.639103194836,-0.03845363226838794,3011.1051809745477,2884.639103194836,-126.46607777971167,-0.04199988714402225,False,False,,,False,False,,,False,False,False,,,7,0,,N4_inverse_vol_defensive_allocation,N4_inverse_vol_defensive_allocation,0,4541,deterministic_stratified_sample
evidence_inverse_vol_defensive,stress,90,2022-04-21,2022-08-29,2951.5733790064596,-0.016142206997846742,3011.5196954118137,2951.5733790064596,-59.94631640535408,-0.019905669717745877,False,False,,,False,False,,,False,False,False,,,5,0,,N4_inverse_vol_defensive_allocation,N4_inverse_vol_defensive_allocation,0,4541,deterministic_stratified_sample
evidence_inverse_vol_defensive,stress,90,2022-05-05,2022-09-13,2990.421081279724,-0.0031929729067585733,3000.0,2990.421081279724,-9.578918720275851,-0.0031929729067585733,False,False,,,False,False,,,False,False,False,,,4,0,,N4_inverse_vol_defensive_allocation,N4_inverse_vol_defensive_allocation,0,4541,deterministic_stratified_sample
evidence_inverse_vol_defensive,stress,90,2022-05-09,2022-09-15,2990.421081279724,-0.0031929729067585733,3000.0,2990.421081279724,-9.578918720275851,-0.0031929729067585733,False,False,,,False,False,,,False,False,False,,,4,0,,N4_inverse_vol_defensive_allocation,N4_inverse_vol_defensive_allocation,0,4541,deterministic_stratified_sample
evidence_inverse_vol_defensive,stress,90,2022-05-25,2022-10-03,2988.0311343616186,-0.003989621879460503,3000.0,2988.0311343616186,-11.96886563838143,-0.003989621879460503,False,False,,,False,False,,,False,False,False,,,5,0,,N4_inverse_vol_defensive_allocation,N4_inverse_vol_defensive_allocation,0,4541,deterministic_stratified_sample
evidence_inverse_vol_defensive,stress,90,2022-06-13,2022-10-19,2990.4210812797237,-0.0031929729067587953,3000.0,2990.4210812797237,-9.578918720276306,-0.0031929729067587953,False,False,,,False,False,,,False,False,False,,,4,0,,N4_inverse_vol_defensive_allocation,N4_inverse_vol_defensive_allocation,0,4541,deterministic_stratified_sample
evidence_inverse_vol_defensive,stress,90,2022-06-30,2022-11-04,2988.031134361618,-0.003989621879460614,3000.0,2988.031134361618,-11.968865638381885,-0.003989621879460614,False,False,,,False,False,,,False,False,False,,,5,0,,N4_inverse_vol_defensive_allocation,N4_inverse_vol_defensive_allocation,0,4541,deterministic_stratified_sample
evidence_inverse_vol_defensive,stress,90,2022-07-19,2022-11-22,2990.4210812797237,-0.0031929729067587953,3000.0,2990.4210812797237,-9.578918720276306,-0.0031929729067587953,False,False,,,False,False,,,False,False,False,,,4,0,,N4_inverse_vol_defensive_allocation,N4_inverse_vol_defensive_allocation,0,4541,deterministic_stratified_sample
evidence_inverse_vol_defensive,stress,90,2022-07-26,2022-11-30,2990.4210812797237,-0.0031929729067587953,3000.0,2990.4210812797237,-9.578918720276306,-0.0031929729067587953,False,False,,,False,False,,,False,False,False,,,4,0,,N4_inverse_vol_defensive_allocation,N4_inverse_vol_defensive_allocation,0,4541,deterministic_stratified_sample
evidence_inverse_vol_defensive,stress,90,2022-08-04,2022-12-09,2943.9252291360344,-0.018691590287988502,3000.0,2943.574037805729,-56.42596219427105,-0.01880865406475707,False,False,,,False,False,,,False,False,False,,,5,0,,N4_inverse_vol_defensive_allocation,N4_inverse_vol_defensive_allocation,0,4541,deterministic_stratified_sample
evidence_inverse_vol_defensive,stress,90,2022-08-23,2022-12-29,2931.818254247074,-0.022727248584308635,3000.0,2931.818254247074,-68.18174575292596,-0.022727248584308635,False,False,,,False,False,,,False,False,False,,,5,0,,N4_inverse_vol_defensive_allocation,N4_inverse_vol_defensive_allocation,0,4541,deterministic_stratified_sample
evidence_inverse_vol_defensive,stress,90,2022-09-09,2023-01-18,2970.051162815456,-0.00998294572818137,3000.0,2925.173296536352,-74.82670346364785,-0.024942234487882575,False,False,,,False,False,,,False,False,False,,,6,0,,N4_inverse_vol_defensive_allocation,N4_inverse_vol_defensive_allocation,0,4541,deterministic_stratified_sample
evidence_inverse_vol_defensive,stress,90,2022-09-27,2023-02-03,2963.0435742170616,-0.01231880859431278,3009.1319418772173,2925.173296536352,-74.82670346364785,-0.024942234487882575,False,False,,,False,False,,,False,False,False,,,10,0,,N4_inverse_vol_defensive_allocation,N4_inverse_vol_defensive_allocation,0,4541,deterministic_stratified_sample
evidence_inverse_vol_defensive,stress,90,2022-10-12,2023-02-21,2926.8538061625904,-0.024382064612469834,3011.5387660658807,2926.8538061625904,-84.68495990329029,-0.028120162641611435,False,False,,,False,False,,,False,False,False,,,9,0,,N4_inverse_vol_defensive_allocation,N4_inverse_vol_defensive_allocation,0,4541,deterministic_stratified_sample
evidence_inverse_vol_defensive,stress,90,2022-10-13,2023-02-22,2925.926927665485,-0.024691024111505033,3011.5387660658807,2925.926927665485,-85.61183840039575,-0.02842793835665436,False,False,,,False,False,,,False,False,False,,,9,0,,N4_inverse_vol_defensive_allocation,N4_inverse_vol_defensive_allocation,0,4541,deterministic_stratified_sample
evidence_inverse_vol_defensive,stress,90,2022-10-31,2023-03-10,2906.7767242735626,-0.031074425242145765,3011.5387660658807,2900.035129019638,-111.5036370462426,-0.03702546960466502,False,False,,,False,False,,,False,False,False,,,12,0,,N4_inverse_vol_defensive_allocation,N4_inverse_vol_defensive_allocation,0,4541,deterministic_stratified_sample
evidence_inverse_vol_defensive,stress,90,2022-11-16,2023-03-28,2974.474866976928,-0.008508377674357415,3013.9475153288804,2902.3546932100153,-111.59282211886512,-0.03702546960466502,False,False,,,False,False,,,False,False,False,,,11,0,,N4_inverse_vol_defensive_allocation,N4_inverse_vol_defensive_allocation,0,4541,deterministic_stratified_sample
evidence_inverse_vol_defensive,stress,90,2022-11-29,2023-04-10,2991.067904343082,-0.0029773652189727384,3016.077704229823,2902.3546932100153,-111.59282211886512,-0.03702546960466502,False,False,,,False,False,,,False,False,False,,,15,0,,N4_inverse_vol_defensive_allocation,N4_inverse_vol_defensive_allocation,0,4541,deterministic_stratified_sample
evidence_inverse_vol_defensive,stress,90,2022-12-08,2023-04-19,3044.103775916805,0.01470125863893501,3076.6508498971048,2962.736407370072,-113.91444252703286,-0.03702546960466524,False,False,,,False,False,,,False,False,False,,,12,1,,N4_inverse_vol_defensive_allocation,N4_inverse_vol_defensive_allocation,0,4541,deterministic_stratified_sample
evidence_inverse_vol_defensive,stress,90,2022-12-28,2023-05-08,3045.2013455421265,0.015067115180708912,3076.6508498971048,2962.736407370072,-113.91444252703286,-0.03702546960466524,False,False,,,False,False,,,False,False,False,,,16,1,,N4_inverse_vol_defensive_allocation,N4_inverse_vol_defensive_allocation,0,4541,deterministic_stratified_sample
evidence_inverse_vol_defensive,stress,90,2022-12-29,2023-05-09,3043.446268733497,0.014482089577832369,3076.6508498971048,2962.736407370072,-113.91444252703286,-0.03702546960466524,False,False,,,False,False,,,False,False,False,,,16,1,,N4_inverse_vol_defensive_allocation,N4_inverse_vol_defensive_allocation,0,4541,deterministic_stratified_sample
evidence_inverse_vol_defensive,stress,90,2023-02-16,2023-06-27,3023.627736538988,0.007875912179662548,3089.3730178861206,2979.48479950183,-83.20379701549973,-0.0269322598902062,False,False,,,False,False,,,False,False,False,,,14,1,,N4_inverse_vol_defensive_allocation,N4_inverse_vol_defensive_allocation,0,4541,deterministic_stratified_sample
evidence_inverse_vol_defensive,stress,90,2023-03-13,2023-07-20,2986.4099731327715,-0.004530008955742848,3040.3807509982607,2916.1030846903095,-124.27766630795122,-0.04087569172615857,False,False,,,False,False,,,False,False,False,,,16,0,,N4_inverse_vol_defensive_allocation,N4_inverse_vol_defensive_allocation,0,4541,deterministic_stratified_sample
evidence_inverse_vol_defensive,stress,90,2023-03-21,2023-07-28,2969.3697884222884,-0.010210070525903836,3040.3807509982607,2916.1030846903095,-124.27766630795122,-0.04087569172615857,False,False,,,False,False,,,False,False,False,,,16,0,,N4_inverse_vol_defensive_allocation,N4_inverse_vol_defensive_allocation,0,4541,deterministic_stratified_sample
evidence_inverse_vol_defensive,stress,90,2023-03-23,2023-08-01,2952.8593964109286,-0.015713534529690487,3040.3807509982607,2916.1030846903095,-124.27766630795122,-0.04087569172615857,False,False,,,False,False,,,False,False,False,,,19,0,,N4_inverse_vol_defensive_allocation,N4_inverse_vol_defensive_allocation,0,4541,deterministic_stratified_sample
evidence_inverse_vol_defensive,stress,90,2023-04-25,2023-08-31,2884.929969309432,-0.03835667689685596,3012.8156649413704,2884.929969309432,-127.88569563193823,-0.04244723536195061,False,False,,,False,False,,,False,False,False,,,15,0,,N4_inverse_vol_defensive_allocation,N4_inverse_vol_defensive_allocation,0,4541,deterministic_stratified_sample
evidence_inverse_vol_defensive,stress,90,2023-05-01,2023-09-07,2894.35321861269,-0.035215593795769995,3056.9168078976254,2894.35321861269,-162.56358928493546,-0.05317893796290041,False,False,,,False,False,,,False,False,False,,,14,0,,N4_inverse_vol_defensive_allocation,N4_inverse_vol_defensive_allocation,0,4541,deterministic_stratified_sample
evidence_inverse_vol_defensive,stress,90,2023-06-08,2023-10-16,2852.5966538241196,-0.04913444872529349,3046.3117445526727,2852.5966538241196,-193.71509072855315,-0.06359004165445281,False,False,,,False,False,,,False,False,False,,,10,2,N4_inverse_vol_defensive_allocation,N4_inverse_vol_defensive_allocation,N4_inverse_vol_defensive_allocation,0,4541,deterministic_stratified_sample
evidence_inverse_vol_defensive,stress,90,2023-06-27,2023-11-01,2852.5966538241196,-0.04913444872529349,3046.3117445526727,2852.5966538241196,-193.71509072855315,-0.06359004165445281,False,False,,,False,False,,,False,False,False,,,10,4,N4_inverse_vol_defensive_allocation,N4_inverse_vol_defensive_allocation,N4_inverse_vol_defensive_allocation,0,4541,deterministic_stratified_sample
evidence_inverse_vol_defensive,stress,90,2023-08-25,2024-01-03,2932.4021531522912,-0.022532615615902918,3000.0,2863.2046969966764,-136.79530300332362,-0.04559843433444122,False,False,,,False,False,,,False,False,False,,,14,0,,N4_inverse_vol_defensive_allocation,N4_inverse_vol_defensive_allocation,0,4541,deterministic_stratified_sample
evidence_inverse_vol_defensive,stress,90,2023-11-02,2024-03-13,3055.4194989586335,0.018473166319544543,3065.665463089849,2969.680789042998,-67.47522002826736,-0.022216580191051993,False,False,,,False,False,,,False,False,False,,,15,0,,N4_inverse_vol_defensive_allocation,N4_inverse_vol_defensive_allocation,0,4541,deterministic_stratified_sample
evidence_inverse_vol_defensive,stress,90,2023-11-13,2024-03-22,3044.4601619120194,0.014820053970673097,3065.665463089849,2969.680789042998,-67.47522002826736,-0.022216580191051993,False,False,,,False,False,,,False,False,False,,,15,0,,N4_inverse_vol_defensive_allocation,N4_inverse_vol_defensive_allocation,0,4541,deterministic_stratified_sample
evidence_inverse_vol_defensive,stress,90,2024-01-02,2024-05-09,3085.6216234221115,0.028540541140703812,3085.6216234221115,2958.9470803409617,-55.998886933019094,-0.01821494401397239,False,False,,,False,False,,,False,False,False,,,15,0,,N4_inverse_vol_defensive_allocation,N4_inverse_vol_defensive_allocation,0,4541,deterministic_stratified_sample
evidence_inverse_vol_defensive,stress,90,2024-01-05,2024-05-14,3099.6306150336413,0.033210205011213745,3099.6306150336413,2958.9470803409617,-55.998886933019094,-0.01821494401397239,False,False,,,False,False,,,False,False,False,,,15,0,,N4_inverse_vol_defensive_allocation,N4_inverse_vol_defensive_allocation,0,4541,deterministic_stratified_sample
evidence_inverse_vol_defensive,stress,90,2024-01-19,2024-05-28,3100.531043210938,0.03351034773697936,3153.8703870076183,2958.9470803409617,-62.62090978124934,-0.01985525785689113,False,False,,,False,False,,,False,False,False,,,15,0,,N4_inverse_vol_defensive_allocation,N4_inverse_vol_defensive_allocation,0,4541,deterministic_stratified_sample
evidence_inverse_vol_defensive,stress,90,2024-01-24,2024-05-31,3094.6490504771314,0.03154968349237719,3153.8703870076183,2958.9470803409617,-70.6969875432701,-0.022415945764450718,False,False,,,False,False,,,False,False,False,,,15,0,,N4_inverse_vol_defensive_allocation,N4_inverse_vol_defensive_allocation,0,4541,deterministic_stratified_sample
evidence_inverse_vol_defensive,stress,90,2024-02-02,2024-06-11,3127.211714864737,0.04240390495491231,3171.190512063182,3000.0,-71.08523452714871,-0.022415945764450607,False,False,,,False,False,,,False,False,False,,,15,0,,N4_inverse_vol_defensive_allocation,N4_inverse_vol_defensive_allocation,0,4541,deterministic_stratified_sample
evidence_inverse_vol_defensive,stress,90,2024-03-07,2024-07-16,3165.3934938289676,0.05513116460965595,3165.3934938289676,2952.281177457067,-69.14975644715832,-0.022415945764450607,False,False,,,False,False,,,False,False,False,,,15,0,,N4_inverse_vol_defensive_allocation,N4_inverse_vol_defensive_allocation,0,4541,deterministic_stratified_sample
evidence_inverse_vol_defensive,stress,90,2024-04-01,2024-08-07,3154.905507828721,0.051635169276240456,3213.379280948182,2998.611589287772,-70.1980322772215,-0.022415945764450718,False,False,,,False,False,,,False,False,False,,,16,0,,N4_inverse_vol_defensive_allocation,N4_inverse_vol_defensive_allocation,0,4541,deterministic_stratified_sample
evidence_inverse_vol_defensive,stress,90,2024-04-22,2024-08-28,3185.241247062175,0.061747082354058236,3213.379280948182,2998.611589287772,-70.1980322772215,-0.022415945764450718,False,False,,,False,False,,,False,False,False,,,16,0,,N4_inverse_vol_defensive_allocation,N4_inverse_vol_defensive_allocation,0,4541,deterministic_stratified_sample
evidence_inverse_vol_defensive,stress,90,2024-05-08,2024-09-16,3168.795201813548,0.056265067271182634,3168.795201813548,2996.389766192655,-62.64007517973414,-0.019984050716749246,False,False,,,False,False,,,False,False,False,,,18,0,,N4_inverse_vol_defensive_allocation,N4_inverse_vol_defensive_allocation,0,4541,deterministic_stratified_sample
evidence_inverse_vol_defensive,stress,90,2024-07-11,2024-11-14,3007.184158369804,0.002394719456601413,3053.3110088739113,2962.0063118824974,-56.3598779770864,-0.018458610280212673,False,False,,,False,False,,,False,False,False,,,19,0,,N4_inverse_vol_defensive_allocation,N4_inverse_vol_defensive_allocation,0,4541,deterministic_stratified_sample
evidence_inverse_vol_defensive,stress,90,2024-09-10,2025-01-17,2974.8637886816405,-0.008378737106119805,3001.879092275673,2925.598221557556,-76.28087071811706,-0.025411040342830704,False,False,,,False,False,,,False,False,False,,,17,0,,N4_inverse_vol_defensive_allocation,N4_inverse_vol_defensive_allocation,0,4541,deterministic_stratified_sample
evidence_inverse_vol_defensive,stress,90,2024-09-18,2025-01-28,3017.116895640579,0.005705631880193129,3026.258197595005,2925.598221557556,-76.28087071811706,-0.025411040342830704,False,False,,,False,False,,,False,False,False,,,17,0,,N4_inverse_vol_defensive_allocation,N4_inverse_vol_defensive_allocation,0,4541,deterministic_stratified_sample
evidence_inverse_vol_defensive,stress,90,2024-09-27,2025-02-06,3054.1862023578205,0.018062067452606856,3054.1862023578205,2925.598221557556,-76.28087071811706,-0.025411040342830704,False,False,,,False,False,,,False,False,False,,,20,0,,N4_inverse_vol_defensive_allocation,N4_inverse_vol_defensive_allocation,0,4541,deterministic_stratified_sample
evidence_inverse_vol_defensive,stress,90,2024-11-08,2025-03-21,3031.6242996650803,0.010541433221693541,3114.9626700020845,2937.8177860608153,-117.2586735676291,-0.037643685010052,False,False,,,False,False,,,False,False,False,,,16,0,,N4_inverse_vol_defensive_allocation,N4_inverse_vol_defensive_allocation,0,4541,deterministic_stratified_sample
evidence_inverse_vol_defensive,stress,90,2024-12-16,2025-04-28,3045.45043287257,0.015150144290856815,3167.714406506504,2987.5695828450034,-122.2639736339338,-0.038596905511053325,False,False,,,False,False,,,False,False,False,,,14,0,,N4_inverse_vol_defensive_allocation,N4_inverse_vol_defensive_allocation,0,4541,deterministic_stratified_sample
evidence_inverse_vol_defensive,stress,90,2025-01-14,2025-05-22,2925.320600181793,-0.02489313327273568,3088.608074561949,2925.320600181793,-163.2874743801558,-0.05286765767563906,False,False,,,False,False,,,False,False,False,,,14,0,,N4_inverse_vol_defensive_allocation,N4_inverse_vol_defensive_allocation,0,4541,deterministic_stratified_sample
evidence_inverse_vol_defensive,stress,90,2025-03-05,2025-07-14,2912.4557281479156,-0.029181423950694785,3001.914953487262,2896.438331360383,-105.47662212687919,-0.03513644582247377,False,False,,,False,False,,,False,False,False,,,14,0,,N4_inverse_vol_defensive_allocation,N4_inverse_vol_defensive_allocation,0,4541,deterministic_stratified_sample
evidence_inverse_vol_defensive,stress,90,2025-03-07,2025-07-16,2908.553594527787,-0.030482135157404278,3001.914953487262,2896.438331360383,-105.47662212687919,-0.03513644582247377,False,False,,,False,False,,,False,False,False,,,14,0,,N4_inverse_vol_defensive_allocation,N4_inverse_vol_defensive_allocation,0,4541,deterministic_stratified_sample
evidence_inverse_vol_defensive,stress,90,2025-03-14,2025-07-23,2922.4429142307813,-0.025852361923072942,3001.914953487262,2896.438331360383,-105.47662212687919,-0.03513644582247377,False,False,,,False,False,,,False,False,False,,,14,0,,N4_inverse_vol_defensive_allocation,N4_inverse_vol_defensive_allocation,0,4541,deterministic_stratified_sample
evidence_inverse_vol_defensive,stress,90,2025-03-17,2025-07-24,2919.189565055018,-0.026936811648327286,3001.914953487262,2896.438331360383,-105.47662212687919,-0.03513644582247377,False,False,,,False,False,,,False,False,False,,,14,0,,N4_inverse_vol_defensive_allocation,N4_inverse_vol_defensive_allocation,0,4541,deterministic_stratified_sample
evidence_inverse_vol_defensive,stress,90,2025-04-04,2025-08-13,2977.7070427719946,-0.007430985742668428,3029.3923482845335,2946.012373649256,-83.37997463527745,-0.027523663180338276,False,False,,,False,False,,,False,False,False,,,15,0,,N4_inverse_vol_defensive_allocation,N4_inverse_vol_defensive_allocation,0,4541,deterministic_stratified_sample
evidence_inverse_vol_defensive,stress,90,2025-04-23,2025-08-29,2997.475230567206,-0.0008415898109314091,3029.3923482845335,2946.012373649256,-83.37997463527745,-0.027523663180338276,False,False,,,False,False,,,False,False,False,,,15,0,,N4_inverse_vol_defensive_allocation,N4_inverse_vol_defensive_allocation,0,4541,deterministic_stratified_sample
evidence_inverse_vol_defensive,stress,90,2025-05-09,2025-09-17,3105.8739489358068,0.035291316311935494,3114.671818887793,2990.4009037199075,-39.67473921332612,-0.013090501891784956,False,False,,,False,False,,,False,False,False,,,16,0,,N4_inverse_vol_defensive_allocation,N4_inverse_vol_defensive_allocation,0,4541,deterministic_stratified_sample
evidence_inverse_vol_defensive,stress,90,2025-05-13,2025-09-19,3114.0388447259784,0.03801294824199286,3114.671818887793,2990.4009037199075,-39.67473921332612,-0.013090501891784956,False,False,,,False,False,,,False,False,False,,,16,0,,N4_inverse_vol_defensive_allocation,N4_inverse_vol_defensive_allocation,0,4541,deterministic_stratified_sample
evidence_inverse_vol_defensive,stress,90,2025-05-15,2025-09-23,3128.7868226224996,0.04292894087416643,3128.7868226224996,2990.4009037199075,-39.67473921332612,-0.013090501891784956,False,False,,,False,False,,,False,False,False,,,16,0,,N4_inverse_vol_defensive_allocation,N4_inverse_vol_defensive_allocation,0,4541,deterministic_stratified_sample
evidence_inverse_vol_defensive,stress,90,2025-05-27,2025-10-02,3148.819721087753,0.0496065736959177,3148.819721087753,2990.4009037199075,-39.67473921332612,-0.013090501891784956,False,False,,,False,False,,,False,False,False,,,21,0,,N4_inverse_vol_defensive_allocation,N4_inverse_vol_defensive_allocation,0,4541,deterministic_stratified_sample
evidence_inverse_vol_defensive,stress,90,2025-07-18,2025-11-21,3161.766744095158,0.05392224803171941,3229.485980663355,2995.3235573601473,-79.13181602652003,-0.024502913621648803,False,False,,,False,False,,,False,False,False,,,18,0,,N4_inverse_vol_defensive_allocation,N4_inverse_vol_defensive_allocation,0,4541,deterministic_stratified_sample
evidence_inverse_vol_defensive,stress,90,2025-08-13,2025-12-18,3127.628998010442,0.04254299933681405,3193.1720083629903,3000.0,-78.56718300916691,-0.024604745000707084,False,False,,,False,False,,,False,False,False,,,19,0,,N4_inverse_vol_defensive_allocation,N4_inverse_vol_defensive_allocation,0,4541,deterministic_stratified_sample
evidence_inverse_vol_defensive,stress,90,2025-08-14,2025-12-19,3127.202170706803,0.04240072356893432,3193.1720083629903,3000.0,-78.56718300916691,-0.024604745000707084,False,False,,,False,False,,,False,False,False,,,19,0,,N4_inverse_vol_defensive_allocation,N4_inverse_vol_defensive_allocation,0,4541,deterministic_stratified_sample
evidence_inverse_vol_defensive,stress,90,2025-08-27,2026-01-05,3131.5991771019717,0.043866392367323925,3193.1720083629903,3000.0,-78.8803712641261,-0.02470282560962478,False,False,,,False,False,,,False,False,False,,,24,0,,N4_inverse_vol_defensive_allocation,N4_inverse_vol_defensive_allocation,0,4541,deterministic_stratified_sample
evidence_inverse_vol_defensive,stress,90,2025-09-18,2026-01-27,3040.9718421651833,0.013657280721727671,3075.222543108193,2999.255856915006,-75.96668619318689,-0.024702825609624224,False,False,,,False,False,,,False,False,False,,,20,0,,N4_inverse_vol_defensive_allocation,N4_inverse_vol_defensive_allocation,0,4541,deterministic_stratified_sample
evidence_inverse_vol_defensive,stress,90,2025-09-22,2026-01-29,3051.3728648294314,0.01712428827647705,3075.222543108193,2999.255856915006,-75.96668619318689,-0.024702825609624224,False,False,,,False,False,,,False,False,False,,,20,0,,N4_inverse_vol_defensive_allocation,N4_inverse_vol_defensive_allocation,0,4541,deterministic_stratified_sample
evidence_inverse_vol_defensive,stress,90,2025-09-23,2026-01-30,3028.4447354650765,0.009481578488358844,3075.222543108193,2999.255856915006,-75.96668619318689,-0.024702825609624224,False,False,,,False,False,,,False,False,False,,,20,0,,N4_inverse_vol_defensive_allocation,N4_inverse_vol_defensive_allocation,0,4541,deterministic_stratified_sample
evidence_inverse_vol_defensive,stress,90,2025-09-24,2026-02-02,3020.6196196123346,0.0068732065374448315,3075.222543108193,2999.255856915006,-75.96668619318689,-0.024702825609624224,False,False,,,False,False,,,False,False,False,,,25,0,,N4_inverse_vol_defensive_allocation,N4_inverse_vol_defensive_allocation,0,4541,deterministic_stratified_sample
evidence_inverse_vol_defensive,stress,90,2025-09-25,2026-02-03,3031.14501153997,0.010381670513323282,3075.222543108193,2999.255856915006,-75.96668619318689,-0.024702825609624224,False,False,,,False,False,,,False,False,False,,,25,0,,N4_inverse_vol_defensive_allocation,N4_inverse_vol_defensive_allocation,0,4541,deterministic_stratified_sample
evidence_inverse_vol_defensive,stress,90,2025-09-26,2026-02-04,3026.507817076118,0.008835939025372719,3075.222543108193,2999.255856915006,-75.96668619318689,-0.024702825609624224,False,False,,,False,False,,,False,False,False,,,25,0,,N4_inverse_vol_defensive_allocation,N4_inverse_vol_defensive_allocation,0,4541,deterministic_stratified_sample
evidence_inverse_vol_defensive,stress,90,2025-09-29,2026-02-05,3029.7242040085434,0.009908068002847825,3075.222543108193,2999.255856915006,-75.96668619318689,-0.024702825609624224,False,False,,,False,False,,,False,False,False,,,25,0,,N4_inverse_vol_defensive_allocation,N4_inverse_vol_defensive_allocation,0,4541,deterministic_stratified_sample
evidence_inverse_vol_defensive,stress,90,2025-09-30,2026-02-06,3045.687428274273,0.015229142758091063,3075.222543108193,2999.255856915006,-75.96668619318689,-0.024702825609624224,False,False,,,False,False,,,False,False,False,,,25,0,,N4_inverse_vol_defensive_allocation,N4_inverse_vol_defensive_allocation,0,4541,deterministic_stratified_sample
evidence_inverse_vol_defensive,stress,90,2025-10-01,2026-02-09,3030.1189395455153,0.010039646515171752,3030.1189395455153,2976.4835139928527,-40.23026297890965,-0.013335790516823098,False,False,,,False,False,,,False,False,False,,,20,0,,N4_inverse_vol_defensive_allocation,N4_inverse_vol_defensive_allocation,0,4541,deterministic_stratified_sample
evidence_inverse_vol_defensive,stress,90,2025-10-02,2026-02-10,3040.2661700755416,0.013422056691847262,3040.2661700755416,2976.4835139928527,-40.23026297890965,-0.013335790516823098,False,False,,,False,False,,,False,False,False,,,20,0,,N4_inverse_vol_defensive_allocation,N4_inverse_vol_defensive_allocation,0,4541,deterministic_stratified_sample
evidence_inverse_vol_defensive,stress,90,2025-10-03,2026-02-11,3035.2187471374164,0.011739582379138858,3040.2661700755416,2976.4835139928527,-40.23026297890965,-0.013335790516823098,False,False,,,False,False,,,False,False,False,,,20,0,,N4_inverse_vol_defensive_allocation,N4_inverse_vol_defensive_allocation,0,4541,deterministic_stratified_sample
evidence_inverse_vol_defensive,stress,90,2025-10-06,2026-02-12,3037.310380393985,0.012436793464661644,3040.2661700755416,2976.4835139928527,-40.23026297890965,-0.013335790516823098,False,False,,,False,False,,,False,False,False,,,20,0,,N4_inverse_vol_defensive_allocation,N4_inverse_vol_defensive_allocation,0,4541,deterministic_stratified_sample
evidence_inverse_vol_defensive,stress,90,2025-10-07,2026-02-13,3051.325452981084,0.01710848432702794,3051.325452981084,2976.4835139928527,-40.23026297890965,-0.013335790516823098,False,False,,,False,False,,,False,False,False,,,20,0,,N4_inverse_vol_defensive_allocation,N4_inverse_vol_defensive_allocation,0,4541,deterministic_stratified_sample
evidence_inverse_vol_defensive,stress,90,2025-10-08,2026-02-17,3046.917698464574,0.015639232821524685,3051.325452981084,2976.4835139928527,-40.23026297890965,-0.013335790516823098,False,False,,,False,False,,,False,False,False,,,20,0,,N4_inverse_vol_defensive_allocation,N4_inverse_vol_defensive_allocation,0,4541,deterministic_stratified_sample
evidence_inverse_vol_defensive,stress,90,2025-10-09,2026-02-18,3048.5353136215863,0.016178437873862084,3051.325452981084,2976.4835139928527,-40.23026297890965,-0.013335790516823098,False,False,,,False,False,,,False,False,False,,,20,0,,N4_inverse_vol_defensive_allocation,N4_inverse_vol_defensive_allocation,0,4541,deterministic_stratified_sample
evidence_inverse_vol_defensive,stress,90,2025-10-10,2026-02-19,3049.64584887052,0.016548616290173346,3051.325452981084,2976.4835139928527,-40.23026297890965,-0.013335790516823098,False,False,,,False,False,,,False,False,False,,,20,0,,N4_inverse_vol_defensive_allocation,N4_inverse_vol_defensive_allocation,0,4541,deterministic_stratified_sample
evidence_inverse_vol_defensive,stress,90,2025-10-13,2026-02-20,3055.4818738703243,0.018493957956774665,3055.4818738703243,2976.4835139928527,-40.23026297890965,-0.013335790516823098,False,False,,,False,False,,,False,False,False,,,20,0,,N4_inverse_vol_defensive_allocation,N4_inverse_vol_defensive_allocation,0,4541,deterministic_stratified_sample
evidence_inverse_vol_defensive,stress,90,2025-10-14,2026-02-23,3062.9934158772385,0.020997805292412908,3062.9934158772385,2976.4835139928527,-40.23026297890965,-0.013335790516823098,False,False,,,False,False,,,False,False,False,,,20,0,,N4_inverse_vol_defensive_allocation,N4_inverse_vol_defensive_allocation,0,4541,deterministic_stratified_sample
evidence_inverse_vol_defensive,stress,90,2025-10-15,2026-02-24,3064.724563353487,0.021574854451162473,3064.724563353487,2976.4835139928527,-40.23026297890965,-0.013335790516823098,False,False,,,False,False,,,False,False,False,,,20,0,,N4_inverse_vol_defensive_allocation,N4_inverse_vol_defensive_allocation,0,4541,deterministic_stratified_sample
evidence_inverse_vol_defensive,stress,90,2025-10-16,2026-02-25,3067.484369954694,0.022494789984897956,3067.484369954694,2976.4835139928527,-40.23026297890965,-0.013335790516823098,False,False,,,False,False,,,False,False,False,,,20,0,,N4_inverse_vol_defensive_allocation,N4_inverse_vol_defensive_allocation,0,4541,deterministic_stratified_sample
evidence_inverse_vol_defensive,stress,90,2025-10-17,2026-02-26,3072.6639898023536,0.024221329934117852,3072.6639898023536,2976.4835139928527,-40.23026297890965,-0.013335790516823098,False,False,,,False,False,,,False,False,False,,,20,0,,N4_inverse_vol_defensive_allocation,N4_inverse_vol_defensive_allocation,0,4541,deterministic_stratified_sample
evidence_inverse_vol_defensive,stress,90,2025-10-20,2026-02-27,3082.379796440551,0.027459932146850496,3082.379796440551,2976.4835139928527,-40.23026297890965,-0.013335790516823098,False,False,,,False,False,,,False,False,False,,,20,0,,N4_inverse_vol_defensive_allocation,N4_inverse_vol_defensive_allocation,0,4541,deterministic_stratified_sample
evidence_inverse_vol_defensive,stress,90,2025-10-21,2026-03-02,3065.192312838944,0.021730770946314593,3082.379796440551,2976.4835139928527,-40.23026297890965,-0.013335790516823098,False,False,,,False,False,,,False,False,False,,,25,0,,N4_inverse_vol_defensive_allocation,N4_inverse_vol_defensive_allocation,0,4541,deterministic_stratified_sample
evidence_inverse_vol_defensive,stress,90,2025-10-22,2026-03-03,3050.1667089226125,0.01672223630753744,3082.379796440551,2976.4835139928527,-40.23026297890965,-0.013335790516823098,False,False,,,False,False,,,False,False,False,,,25,0,,N4_inverse_vol_defensive_allocation,N4_inverse_vol_defensive_allocation,0,4541,deterministic_stratified_sample
evidence_inverse_vol_defensive,stress,90,2025-10-23,2026-03-04,3050.4958857829542,0.01683196192765135,3082.379796440551,2976.4835139928527,-40.23026297890965,-0.013335790516823098,False,False,,,False,False,,,False,False,False,,,25,0,,N4_inverse_vol_defensive_allocation,N4_inverse_vol_defensive_allocation,0,4541,deterministic_stratified_sample
evidence_inverse_vol_defensive,stress,90,2025-10-24,2026-03-05,3036.669900178754,0.012223300059584608,3082.379796440551,2976.4835139928527,-45.70989626179744,-0.014829417294579317,False,False,,,False,False,,,False,False,False,,,25,0,,N4_inverse_vol_defensive_allocation,N4_inverse_vol_defensive_allocation,0,4541,deterministic_stratified_sample
evidence_inverse_vol_defensive,stress,90,2025-10-27,2026-03-06,3025.669745350191,0.008556581783397021,3082.379796440551,2976.4835139928527,-56.71005109036014,-0.018398138722505064,False,False,,,False,False,,,False,False,False,,,25,0,,N4_inverse_vol_defensive_allocation,N4_inverse_vol_defensive_allocation,0,4541,deterministic_stratified_sample
evidence_inverse_vol_defensive,stress,90,2025-10-28,2026-03-09,3030.167972307056,0.010055990769018752,3082.379796440551,2976.4835139928527,-56.71005109036014,-0.018398138722505064,False,False,,,False,False,,,False,False,False,,,25,0,,N4_inverse_vol_defensive_allocation,N4_inverse_vol_defensive_allocation,0,4541,deterministic_stratified_sample
evidence_inverse_vol_defensive,stress,90,2025-10-29,2026-03-10,3031.0350206948538,0.010345006898284659,3082.379796440551,2976.4835139928527,-56.71005109036014,-0.018398138722505064,False,False,,,False,False,,,False,False,False,,,25,0,,N4_inverse_vol_defensive_allocation,N4_inverse_vol_defensive_allocation,0,4541,deterministic_stratified_sample
evidence_inverse_vol_defensive,stress,90,2025-10-30,2026-03-11,3029.804466583875,0.00993482219462516,3082.379796440551,2976.4835139928527,-56.71005109036014,-0.018398138722505064,False,False,,,False,False,,,False,False,False,,,25,0,,N4_inverse_vol_defensive_allocation,N4_inverse_vol_defensive_allocation,0,4541,deterministic_stratified_sample
evidence_inverse_vol_defensive,stress,90,2025-10-31,2026-03-12,3018.307536368922,0.006102512122973858,3082.379796440551,2976.4835139928527,-64.07226007162944,-0.020786620826420688,False,False,,,False,False,,,False,False,False,,,25,0,,N4_inverse_vol_defensive_allocation,N4_inverse_vol_defensive_allocation,0,4541,deterministic_stratified_sample
evidence_inverse_vol_defensive,stress,90,2025-11-03,2026-03-13,3019.468671767376,0.006489557255791922,3088.7641069722977,2982.6484892071007,-69.29543520492189,-0.0224346802815083,False,False,,,False,False,,,False,False,False,,,20,0,,N4_inverse_vol_defensive_allocation,N4_inverse_vol_defensive_allocation,0,4541,deterministic_stratified_sample
evidence_inverse_vol_defensive,stress,90,2025-11-04,2026-03-16,3024.8620056599334,0.00828733521997771,3088.7641069722977,2982.6484892071007,-69.29543520492189,-0.0224346802815083,False,False,,,False,False,,,False,False,False,,,20,0,,N4_inverse_vol_defensive_allocation,N4_inverse_vol_defensive_allocation,0,4541,deterministic_stratified_sample
evidence_inverse_vol_defensive,stress,90,2025-11-05,2026-03-17,3025.921991240177,0.008640663746725563,3088.7641069722977,2982.6484892071007,-69.29543520492189,-0.0224346802815083,False,False,,,False,False,,,False,False,False,,,20,0,,N4_inverse_vol_defensive_allocation,N4_inverse_vol_defensive_allocation,0,4541,deterministic_stratified_sample
evidence_inverse_vol_defensive,stress,90,2025-11-06,2026-03-18,3013.925020085962,0.004641673361987397,3088.7641069722977,2982.6484892071007,-74.83908688633574,-0.024229460164148064,False,False,,,False,False,,,False,False,False,,,20,0,,N4_inverse_vol_defensive_allocation,N4_inverse_vol_defensive_allocation,0,4541,deterministic_stratified_sample
evidence_inverse_vol_defensive,stress,90,2025-11-07,2026-03-19,3012.587915686359,0.004195971895452955,3088.7641069722977,2982.6484892071007,-76.17619128593878,-0.024662353176788554,False,False,,,False,False,,,False,False,False,,,20,0,,N4_inverse_vol_defensive_allocation,N4_inverse_vol_defensive_allocation,0,4541,deterministic_stratified_sample
evidence_inverse_vol_defensive,stress,90,2025-11-10,2026-03-20,3008.100829156194,0.0027002763853980483,3088.7641069722977,2982.6484892071007,-80.6632778161038,-0.02611506577469669,False,False,,,False,False,,,False,False,False,,,20,0,,N4_inverse_vol_defensive_allocation,N4_inverse_vol_defensive_allocation,0,4541,deterministic_stratified_sample
evidence_inverse_vol_defensive,stress,90,2025-11-11,2026-03-23,3008.100829156194,0.0027002763853980483,3088.7641069722977,2982.6484892071007,-80.6632778161038,-0.02611506577469669,False,False,,,False,False,,,False,False,False,,,20,0,,N4_inverse_vol_defensive_allocation,N4_inverse_vol_defensive_allocation,0,4541,deterministic_stratified_sample
evidence_inverse_vol_defensive,stress,90,2025-11-12,2026-03-24,3008.100829156194,0.0027002763853980483,3088.7641069722977,2982.6484892071007,-80.6632778161038,-0.02611506577469669,False,False,,,False,False,,,False,False,False,,,20,0,,N4_inverse_vol_defensive_allocation,N4_inverse_vol_defensive_allocation,0,4541,deterministic_stratified_sample
evidence_inverse_vol_defensive,stress,90,2025-11-13,2026-03-25,3008.100829156194,0.0027002763853980483,3088.7641069722977,2982.6484892071007,-80.6632778161038,-0.02611506577469669,False,False,,,False,False,,,False,False,False,,,20,0,,N4_inverse_vol_defensive_allocation,N4_inverse_vol_defensive_allocation,0,4541,deterministic_stratified_sample
evidence_inverse_vol_defensive,stress,90,2025-11-14,2026-03-26,3008.100829156194,0.0027002763853980483,3088.7641069722977,2982.6484892071007,-80.6632778161038,-0.02611506577469669,False,False,,,False,False,,,False,False,False,,,20,0,,N4_inverse_vol_defensive_allocation,N4_inverse_vol_defensive_allocation,0,4541,deterministic_stratified_sample
evidence_inverse_vol_defensive,stress,90,2025-11-17,2026-03-27,3008.100829156194,0.0027002763853980483,3088.7641069722977,2982.6484892071007,-80.6632778161038,-0.02611506577469669,False,False,,,False,False,,,False,False,False,,,20,0,,N4_inverse_vol_defensive_allocation,N4_inverse_vol_defensive_allocation,0,4541,deterministic_stratified_sample
evidence_inverse_vol_defensive,stress,90,2025-11-18,2026-03-30,3008.100829156194,0.0027002763853980483,3088.7641069722977,2982.6484892071007,-80.6632778161038,-0.02611506577469669,False,False,,,False,False,,,False,False,False,,,20,0,,N4_inverse_vol_defensive_allocation,N4_inverse_vol_defensive_allocation,0,4541,deterministic_stratified_sample
evidence_inverse_vol_defensive,stress,90,2025-11-19,2026-03-31,3008.100829156194,0.0027002763853980483,3088.7641069722977,2982.6484892071007,-80.6632778161038,-0.02611506577469669,False,False,,,False,False,,,False,False,False,,,20,0,,N4_inverse_vol_defensive_allocation,N4_inverse_vol_defensive_allocation,0,4541,deterministic_stratified_sample
evidence_inverse_vol_defensive,stress,90,2025-11-20,2026-04-01,3005.7985591684283,0.0019328530561426582,3088.7641069722977,2982.6484892071007,-82.96554780386941,-0.026860435090070633,False,False,,,False,False,,,False,False,False,,,23,0,,N4_inverse_vol_defensive_allocation,N4_inverse_vol_defensive_allocation,0,4541,deterministic_stratified_sample
evidence_inverse_vol_defensive,stress,90,2025-11-21,2026-04-02,3002.2004297586986,0.0007334765862327952,3088.7641069722977,2982.6484892071007,-86.56367721359902,-0.028025344188051804,False,False,,,False,False,,,False,False,False,,,23,0,,N4_inverse_vol_defensive_allocation,N4_inverse_vol_defensive_allocation,0,4541,deterministic_stratified_sample
evidence_inverse_vol_defensive,stress,90,2025-11-24,2026-04-06,2997.706183168061,-0.0007646056106462851,3088.7641069722977,2982.6484892071007,-91.05792380423645,-0.029480374884793048,False,False,,,False,False,,,False,False,False,,,23,0,,N4_inverse_vol_defensive_allocation,N4_inverse_vol_defensive_allocation,0,4541,deterministic_stratified_sample
evidence_inverse_vol_defensive,stress,90,2025-11-25,2026-04-07,3003.894235641375,0.0012980785471250478,3088.7641069722977,2982.6484892071007,-91.05792380423645,-0.029480374884793048,False,False,,,False,False,,,False,False,False,,,23,0,,N4_inverse_vol_defensive_allocation,N4_inverse_vol_defensive_allocation,0,4541,deterministic_stratified_sample
evidence_inverse_vol_defensive,stress,90,2025-11-26,2026-04-08,3008.611045365441,0.002870348455146887,3088.7641069722977,2982.6484892071007,-91.05792380423645,-0.029480374884793048,False,False,,,False,False,,,False,False,False,,,23,0,,N4_inverse_vol_defensive_allocation,N4_inverse_vol_defensive_allocation,0,4541,deterministic_stratified_sample
evidence_inverse_vol_defensive,stress,90,2025-11-28,2026-04-09,3010.795361164168,0.0035984537213893386,3088.7641069722977,2982.6484892071007,-91.05792380423645,-0.029480374884793048,False,False,,,False,False,,,False,False,False,,,23,0,,N4_inverse_vol_defensive_allocation,N4_inverse_vol_defensive_allocation,0,4541,deterministic_stratified_sample
evidence_inverse_vol_defensive,stress,90,2025-12-01,2026-04-10,3012.7757702249123,0.004258590074970758,3093.4811656128604,2987.2034915771483,-91.19698446131315,-0.029480374884792826,False,False,,,False,False,,,False,False,False,,,18,0,,N4_inverse_vol_defensive_allocation,N4_inverse_vol_defensive_allocation,0,4541,deterministic_stratified_sample
evidence_inverse_vol_defensive,stress,90,2025-12-02,2026-04-13,3014.089297205772,0.004696432401923856,3093.4811656128604,2987.2034915771483,-91.19698446131315,-0.029480374884792826,False,False,,,False,False,,,False,False,False,,,18,0,,N4_inverse_vol_defensive_allocation,N4_inverse_vol_defensive_allocation,0,4541,deterministic_stratified_sample
evidence_inverse_vol_defensive,stress,90,2025-12-03,2026-04-14,3025.40360906617,0.008467869688723262,3093.4811656128604,2987.2034915771483,-91.19698446131315,-0.029480374884792826,False,False,,,False,False,,,False,False,False,,,18,0,,N4_inverse_vol_defensive_allocation,N4_inverse_vol_defensive_allocation,0,4541,deterministic_stratified_sample
evidence_inverse_vol_defensive,stress,90,2025-12-04,2026-04-15,3019.2288697319827,0.0064096232439943,3093.4811656128604,2987.2034915771483,-91.19698446131315,-0.029480374884792826,False,False,,,False,False,,,False,False,False,,,18,0,,N4_inverse_vol_defensive_allocation,N4_inverse_vol_defensive_allocation,0,4541,deterministic_stratified_sample
evidence_inverse_vol_defensive,stress,90,2025-12-05,2026-04-16,3016.788597320657,0.005596199106885802,3093.4811656128604,2987.2034915771483,-91.19698446131315,-0.029480374884792826,False,False,,,False,False,,,False,False,False,,,18,0,,N4_inverse_vol_defensive_allocation,N4_inverse_vol_defensive_allocation,0,4541,deterministic_stratified_sample
evidence_inverse_vol_defensive,stress,90,2025-12-08,2026-04-17,3027.8136116935357,0.009271203897845304,3093.4811656128604,2987.2034915771483,-91.19698446131315,-0.029480374884792826,False,False,,,False,False,,,False,False,False,,,18,0,,N4_inverse_vol_defensive_allocation,N4_inverse_vol_defensive_allocation,0,4541,deterministic_stratified_sample
evidence_inverse_vol_defensive,stress,90,2025-12-09,2026-04-20,3023.7576584777935,0.007919219492597884,3093.4811656128604,2987.2034915771483,-91.19698446131315,-0.029480374884792826,False,False,,,False,False,,,False,False,False,,,18,0,,N4_inverse_vol_defensive_allocation,N4_inverse_vol_defensive_allocation,0,4541,deterministic_stratified_sample
evidence_inverse_vol_defensive,stress,90,2025-12-10,2026-04-21,3008.9318293982296,0.002977276466076484,3093.4811656128604,2987.2034915771483,-91.19698446131315,-0.029480374884792826,False,False,,,False,False,,,False,False,False,,,18,0,,N4_inverse_vol_defensive_allocation,N4_inverse_vol_defensive_allocation,0,4541,deterministic_stratified_sample
evidence_inverse_vol_defensive,stress,90,2025-12-11,2026-04-22,3014.519558309345,0.004839852769781716,3093.4811656128604,2987.2034915771483,-91.19698446131315,-0.029480374884792826,False,False,,,False,False,,,False,False,False,,,18,0,,N4_inverse_vol_defensive_allocation,N4_inverse_vol_defensive_allocation,0,4541,deterministic_stratified_sample
evidence_inverse_vol_defensive,stress,90,2025-12-12,2026-04-23,3009.41560544788,0.003138535149293409,3093.4811656128604,2987.2034915771483,-91.19698446131315,-0.029480374884792826,False,False,,,False,False,,,False,False,False,,,18,0,,N4_inverse_vol_defensive_allocation,N4_inverse_vol_defensive_allocation,0,4541,deterministic_stratified_sample
evidence_inverse_vol_defensive,stress,90,2025-12-15,2026-04-24,3013.4989730973757,0.004499657699125192,3093.4811656128604,2987.2034915771483,-91.19698446131315,-0.029480374884792826,False,False,,,False,False,,,False,False,False,,,18,0,,N4_inverse_vol_defensive_allocation,N4_inverse_vol_defensive_allocation,0,4541,deterministic_stratified_sample
evidence_inverse_vol_defensive,stress,90,2025-12-16,2026-04-27,3008.162307099449,0.0027207690331496615,3093.4811656128604,2987.2034915771483,-91.19698446131315,-0.029480374884792826,False,False,,,False,False,,,False,False,False,,,18,0,,N4_inverse_vol_defensive_allocation,N4_inverse_vol_defensive_allocation,0,4541,deterministic_stratified_sample
evidence_inverse_vol_defensive,stress,90,2025-12-17,2026-04-28,3000.9617295532225,0.000320576517740756,3093.4811656128604,2987.2034915771483,-92.51943605963788,-0.02990787113498028,False,False,,,False,False,,,False,False,False,,,18,0,,N4_inverse_vol_defensive_allocation,N4_inverse_vol_defensive_allocation,0,4541,deterministic_stratified_sample
evidence_inverse_vol_defensive,stress,90,2025-12-18,2026-04-29,2991.0226539089253,-0.002992448697024863,3093.4811656128604,2987.2034915771483,-102.45851170393507,-0.03312078083515235,False,False,,,False,False,,,False,False,False,,,18,0,,N4_inverse_vol_defensive_allocation,N4_inverse_vol_defensive_allocation,0,4541,deterministic_stratified_sample
evidence_inverse_vol_defensive,stress,90,2025-12-19,2026-04-30,2993.300803939065,-0.0022330653536449807,3093.4811656128604,2987.2034915771483,-102.45851170393507,-0.03312078083515235,False,False,,,False,False,,,False,False,False,,,18,0,,N4_inverse_vol_defensive_allocation,N4_inverse_vol_defensive_allocation,0,4541,deterministic_stratified_sample
evidence_inverse_vol_defensive,stress,90,2025-12-22,2026-05-01,2990.09556560423,-0.0033014781319232744,3093.4811656128604,2987.2034915771483,-103.38560000863026,-0.03342047178365415,False,False,,,False,False,,,False,False,False,,,22,0,,N4_inverse_vol_defensive_allocation,N4_inverse_vol_defensive_allocation,0,4541,deterministic_stratified_sample
evidence_inverse_vol_defensive,stress,90,2025-12-23,2026-05-04,2976.3698378551117,-0.007876720714962815,3093.4811656128604,2976.3698378551117,-117.11132775774877,-0.03785745620809278,False,False,,,False,False,,,False,False,False,,,22,0,,N4_inverse_vol_defensive_allocation,N4_inverse_vol_defensive_allocation,0,4541,deterministic_stratified_sample
evidence_inverse_vol_defensive,stress,90,2025-12-24,2026-05-05,2986.517488599238,-0.004494170466920688,3093.4811656128604,2976.3698378551117,-117.11132775774877,-0.03785745620809278,False,False,,,False,False,,,False,False,False,,,22,0,,N4_inverse_vol_defensive_allocation,N4_inverse_vol_defensive_allocation,0,4541,deterministic_stratified_sample
evidence_inverse_vol_defensive,stress,90,2025-12-26,2026-05-06,3012.2608273808496,0.004086942460283183,3093.4811656128604,2976.3698378551117,-117.11132775774877,-0.03785745620809278,False,False,,,False,False,,,False,False,False,,,22,0,,N4_inverse_vol_defensive_allocation,N4_inverse_vol_defensive_allocation,0,4541,deterministic_stratified_sample
evidence_inverse_vol_defensive,stress,90,2025-12-29,2026-05-07,3007.0121496481866,0.00233738321606225,3093.4811656128604,2976.3698378551117,-117.11132775774877,-0.03785745620809278,False,False,,,False,False,,,False,False,False,,,22,0,,N4_inverse_vol_defensive_allocation,N4_inverse_vol_defensive_allocation,0,4541,deterministic_stratified_sample
evidence_inverse_vol_defensive,stress,90,2025-12-30,2026-05-08,3017.6430866137594,0.005881028871253191,3093.4811656128604,2976.3698378551117,-117.11132775774877,-0.03785745620809278,False,False,,,False,False,,,False,False,False,,,22,0,,N4_inverse_vol_defensive_allocation,N4_inverse_vol_defensive_allocation,0,4541,deterministic_stratified_sample
evidence_inverse_vol_defensive,stress,90,2025-12-31,2026-05-11,3015.919637484936,0.005306545828312137,3093.4811656128604,2976.3698378551117,-117.11132775774877,-0.03785745620809278,False,False,,,False,False,,,False,False,False,,,22,0,,N4_inverse_vol_defensive_allocation,N4_inverse_vol_defensive_allocation,0,4541,deterministic_stratified_sample
evidence_inverse_vol_defensive,stress,90,2026-01-02,2026-05-12,2992.063609144515,-0.0026454636184950475,3075.631928661065,2959.196327609566,-116.4356010514989,-0.037857456208093,False,False,,,False,False,,,False,False,False,,,17,0,,N4_inverse_vol_defensive_allocation,N4_inverse_vol_defensive_allocation,0,4541,deterministic_stratified_sample
evidence_inverse_vol_defensive,stress,90,2026-01-05,2026-05-13,2994.0782344900167,-0.001973921836661119,3075.631928661065,2959.196327609566,-116.4356010514989,-0.037857456208093,False,False,,,False,False,,,False,False,False,,,17,0,,N4_inverse_vol_defensive_allocation,N4_inverse_vol_defensive_allocation,0,4541,deterministic_stratified_sample
evidence_inverse_vol_defensive,stress,90,2026-01-06,2026-05-14,2996.3088993037136,-0.001230366898762103,3075.631928661065,2959.196327609566,-116.4356010514989,-0.037857456208093,False,False,,,False,False,,,False,False,False,,,17,0,,N4_inverse_vol_defensive_allocation,N4_inverse_vol_defensive_allocation,0,4541,deterministic_stratified_sample
evidence_inverse_vol_defensive,stress,90,2026-01-07,2026-05-15,2971.7690994497207,-0.009410300183426479,3075.631928661065,2959.196327609566,-116.4356010514989,-0.037857456208093,False,False,,,False,False,,,False,False,False,,,17,0,,N4_inverse_vol_defensive_allocation,N4_inverse_vol_defensive_allocation,0,4541,deterministic_stratified_sample
evidence_inverse_vol_defensive,stress,90,2026-01-08,2026-05-18,2972.178191427261,-0.00927393619091299,3075.631928661065,2959.196327609566,-116.4356010514989,-0.037857456208093,False,False,,,False,False,,,False,False,False,,,17,0,,N4_inverse_vol_defensive_allocation,N4_inverse_vol_defensive_allocation,0,4541,deterministic_stratified_sample
evidence_inverse_vol_defensive,stress,90,2026-01-09,2026-05-19,2961.971495164049,-0.012676168278650368,3075.631928661065,2959.196327609566,-116.4356010514989,-0.037857456208093,False,False,,,False,False,,,False,False,False,,,17,0,,N4_inverse_vol_defensive_allocation,N4_inverse_vol_defensive_allocation,0,4541,deterministic_stratified_sample
evidence_inverse_vol_defensive,stress,90,2026-01-12,2026-05-20,2973.84357047515,-0.00871880984161666,3075.631928661065,2959.196327609566,-116.4356010514989,-0.037857456208093,False,False,,,False,False,,,False,False,False,,,17,0,,N4_inverse_vol_defensive_allocation,N4_inverse_vol_defensive_allocation,0,4541,deterministic_stratified_sample
evidence_inverse_vol_defensive,stress,90,2026-01-13,2026-05-21,2974.922076098531,-0.008359307967156338,3075.631928661065,2959.196327609566,-116.4356010514989,-0.037857456208093,False,False,,,False,False,,,False,False,False,,,17,0,,N4_inverse_vol_defensive_allocation,N4_inverse_vol_defensive_allocation,0,4541,deterministic_stratified_sample
evidence_inverse_vol_defensive,stress,90,2026-01-14,2026-05-22,2975.192816474945,-0.008269061175018244,3075.631928661065,2959.196327609566,-116.4356010514989,-0.037857456208093,False,False,,,False,False,,,False,False,False,,,17,0,,N4_inverse_vol_defensive_allocation,N4_inverse_vol_defensive_allocation,0,4541,deterministic_stratified_sample
evidence_inverse_vol_defensive,stress,90,2026-01-15,2026-05-26,2980.064672774931,-0.006645109075023026,3075.631928661065,2959.196327609566,-116.4356010514989,-0.037857456208093,False,False,,,False,False,,,False,False,False,,,17,0,,N4_inverse_vol_defensive_allocation,N4_inverse_vol_defensive_allocation,0,4541,deterministic_stratified_sample
evidence_inverse_vol_defensive,stress,90,2026-01-16,2026-05-27,2971.943469780338,-0.009352176739887308,3075.631928661065,2959.196327609566,-116.4356010514989,-0.037857456208093,False,False,,,False,False,,,False,False,False,,,17,0,,N4_inverse_vol_defensive_allocation,N4_inverse_vol_defensive_allocation,0,4541,deterministic_stratified_sample
evidence_inverse_vol_defensive,stress,90,2026-01-20,2026-05-28,2975.898442415454,-0.008033852528181895,3075.631928661065,2959.196327609566,-116.4356010514989,-0.037857456208093,False,False,,,False,False,,,False,False,False,,,17,0,,N4_inverse_vol_defensive_allocation,N4_inverse_vol_defensive_allocation,0,4541,deterministic_stratified_sample
evidence_inverse_vol_defensive,stress,90,2026-01-21,2026-05-29,2977.6944451149907,-0.007435184961669727,3075.631928661065,2959.196327609566,-116.4356010514989,-0.037857456208093,False,False,,,False,False,,,False,False,False,,,17,0,,N4_inverse_vol_defensive_allocation,N4_inverse_vol_defensive_allocation,0,4541,deterministic_stratified_sample
