variant_name,slippage_label,horizon_trading_days,start_date,end_date,final_equity,total_return,max_equity,min_equity,max_drawdown_dollars,max_drawdown_pct,target_300_hit,target_300_before_any_stop,target_300_first_date,target_300_trading_days,target_400_hit,target_400_before_any_stop,target_400_first_date,target_400_trading_days,absolute_floor_stop_hit,trailing_drawdown_stop_hit,any_project_stop_hit,first_project_stop_date,first_project_stop_type,number_of_trades,number_of_skipped_signals,strategies_killed,best_strategy_by_pnl,worst_strategy_by_pnl,ending_open_positions_count,possible_window_count,window_sampling_method
evidence_core_combo,stress,90,2008-01-03,2008-05-12,2867.97981658933,-0.044006727803556744,3004.245176541438,2821.8027257669337,-182.44245077450432,-0.06072821625848013,False,False,,,False,False,,,False,False,False,,,12,4,,N2_absolute_trend_taa,N1_dual_momentum_taa,0,4541,deterministic_stratified_sample
evidence_core_combo,stress,90,2008-01-16,2008-05-23,2918.1517948546116,-0.027282735048462792,3004.245176541438,2821.8027257669337,-182.44245077450432,-0.06072821625848013,False,False,,,False,False,,,False,False,False,,,12,4,,N1_dual_momentum_taa,N2_absolute_trend_taa,0,4541,deterministic_stratified_sample
evidence_core_combo,stress,90,2008-01-22,2008-05-29,2832.9582687821426,-0.0556805770726192,3004.245176541438,2821.8027257669337,-182.44245077450432,-0.06072821625848013,False,False,,,False,False,,,False,False,False,,,12,4,,N2_absolute_trend_taa,N1_dual_momentum_taa,0,4541,deterministic_stratified_sample
evidence_core_combo,stress,90,2008-01-30,2008-06-06,2856.545474707449,-0.04781817509751696,3004.245176541438,2812.7928241429127,-191.45235239852536,-0.06372727295810465,False,False,,,False,False,,,False,False,False,,,15,5,,N1_dual_momentum_taa,N2_absolute_trend_taa,0,4541,deterministic_stratified_sample
evidence_core_combo,stress,90,2008-02-07,2008-06-16,2826.319439382889,-0.05789352020570371,3052.3817646221796,2824.9520892533455,-227.42967536883407,-0.0745089221816213,False,False,,,False,False,,,False,False,False,,,12,4,,N2_absolute_trend_taa,N1_dual_momentum_taa,0,4541,deterministic_stratified_sample
evidence_core_combo,stress,90,2008-02-12,2008-06-19,2826.319439382889,-0.05789352020570371,3052.3817646221796,2824.9520892533455,-227.42967536883407,-0.0745089221816213,False,False,,,False,False,,,False,False,False,,,12,4,,N2_absolute_trend_taa,N1_dual_momentum_taa,0,4541,deterministic_stratified_sample
evidence_core_combo,stress,90,2008-02-26,2008-07-02,2826.950729849864,-0.05768309005004535,3052.3817646221796,2818.030125273829,-234.35163934835055,-0.07677664768691161,False,False,,,False,False,,,False,False,False,,,15,5,,N2_absolute_trend_taa,N1_dual_momentum_taa,0,4541,deterministic_stratified_sample
evidence_core_combo,stress,90,2008-03-10,2008-07-16,2907.61573812574,-0.03079475395808673,3045.268267171353,2866.9694645879704,-178.29880258338244,-0.058549456711410874,False,False,,,False,False,,,False,False,False,,,12,4,,N2_absolute_trend_taa,N1_dual_momentum_taa,0,4541,deterministic_stratified_sample
evidence_core_combo,stress,90,2008-03-13,2008-07-21,2908.647555452338,-0.03045081484922063,3045.268267171353,2866.9694645879704,-178.29880258338244,-0.058549456711410874,False,False,,,False,False,,,False,False,False,,,12,4,,N2_absolute_trend_taa,N1_dual_momentum_taa,0,4541,deterministic_stratified_sample
evidence_core_combo,stress,90,2008-03-19,2008-07-25,2869.5661524936604,-0.043477949168779895,3045.268267171353,2866.4201633214193,-178.84810384993352,-0.05872983532451137,False,False,,,False,False,,,False,False,False,,,12,4,,N2_absolute_trend_taa,N1_dual_momentum_taa,0,4541,deterministic_stratified_sample
evidence_core_combo,stress,90,2008-03-25,2008-07-30,2875.198706917666,-0.041600431027444595,3045.268267171353,2866.4201633214193,-178.84810384993352,-0.05872983532451137,False,False,,,False,False,,,False,False,False,,,12,4,,N2_absolute_trend_taa,N1_dual_momentum_taa,0,4541,deterministic_stratified_sample
evidence_core_combo,stress,90,2008-04-01,2008-08-06,2883.0751693604243,-0.0389749435465252,3090.8014977703506,2874.3372596315508,-216.46423813879983,-0.07003498551911314,False,False,,,False,False,,,False,False,False,,,12,4,,N2_absolute_trend_taa,N1_dual_momentum_taa,0,4541,deterministic_stratified_sample
evidence_core_combo,stress,90,2008-04-07,2008-08-12,2896.9202908672296,-0.034359903044256845,3090.8014977703506,2874.3372596315508,-216.46423813879983,-0.07003498551911314,False,False,,,False,False,,,False,False,False,,,12,4,,N2_absolute_trend_taa,N1_dual_momentum_taa,0,4541,deterministic_stratified_sample
evidence_core_combo,stress,90,2008-04-17,2008-08-22,2901.7560350710037,-0.03274798830966541,3090.8014977703506,2874.3372596315508,-216.46423813879983,-0.07003498551911314,False,False,,,False,False,,,False,False,False,,,12,4,,N2_absolute_trend_taa,N1_dual_momentum_taa,0,4541,deterministic_stratified_sample
evidence_core_combo,stress,90,2008-04-18,2008-08-25,2910.6022706813537,-0.0297992431062154,3090.8014977703506,2874.3372596315508,-216.46423813879983,-0.07003498551911314,False,False,,,False,False,,,False,False,False,,,12,4,,N2_absolute_trend_taa,N1_dual_momentum_taa,0,4541,deterministic_stratified_sample
evidence_core_combo,stress,90,2008-05-01,2008-09-08,2973.9269940421623,-0.008691001985945856,3024.9779951069804,2887.03865987058,-137.93933523640044,-0.04560011195437541,False,False,,,False,False,,,False,False,False,,,12,4,,N2_absolute_trend_taa,N1_dual_momentum_taa,0,4541,deterministic_stratified_sample
evidence_core_combo,stress,90,2008-05-05,2008-09-10,2981.862691143715,-0.006045769618761687,3024.9779951069804,2887.03865987058,-137.93933523640044,-0.04560011195437541,False,False,,,False,False,,,False,False,False,,,12,4,,N2_absolute_trend_taa,N1_dual_momentum_taa,0,4541,deterministic_stratified_sample
evidence_core_combo,stress,90,2008-05-06,2008-09-11,2978.0908005885217,-0.007303066470492725,3024.9779951069804,2887.03865987058,-137.93933523640044,-0.04560011195437541,False,False,,,False,False,,,False,False,False,,,12,4,,N2_absolute_trend_taa,N1_dual_momentum_taa,0,4541,deterministic_stratified_sample
evidence_core_combo,stress,90,2008-05-14,2008-09-19,2930.659142833754,-0.023113619055415424,3043.0751727338184,2887.03865987058,-137.93933523640044,-0.04560011195437541,False,False,,,False,False,,,False,False,False,,,12,4,,N2_absolute_trend_taa,N1_dual_momentum_taa,0,4541,deterministic_stratified_sample
evidence_core_combo,stress,90,2008-05-28,2008-10-02,2948.2372454555425,-0.017254251514819186,3043.0751727338184,2887.03865987058,-137.93933523640044,-0.04560011195437541,False,False,,,False,False,,,False,False,False,,,14,6,,N2_absolute_trend_taa,N1_dual_momentum_taa,0,4541,deterministic_stratified_sample
evidence_core_combo,stress,90,2008-05-29,2008-10-03,2957.1809973386517,-0.014273000887116138,3043.0751727338184,2887.03865987058,-137.93933523640044,-0.04560011195437541,False,False,,,False,False,,,False,False,False,,,14,6,,N2_absolute_trend_taa,N1_dual_momentum_taa,0,4541,deterministic_stratified_sample
evidence_core_combo,stress,90,2008-06-03,2008-10-08,2998.226494031132,-0.000591168656289276,3099.095149365976,2940.1861600412017,-120.28567405885406,-0.038813159409920805,False,False,,,False,False,,,False,False,False,,,11,5,,N2_absolute_trend_taa,N1_dual_momentum_taa,0,4541,deterministic_stratified_sample
evidence_core_combo,stress,90,2008-06-10,2008-10-15,2932.629266068034,-0.022456911310655303,3099.095149365976,2923.117668005344,-175.97748136063183,-0.056783503854869966,False,False,,,False,False,,,False,False,False,,,11,5,,N2_absolute_trend_taa,N1_dual_momentum_taa,0,4541,deterministic_stratified_sample
evidence_core_combo,stress,90,2008-06-16,2008-10-21,2953.9291629637855,-0.015356945678738132,3099.095149365976,2923.117668005344,-175.97748136063183,-0.056783503854869966,False,False,,,False,False,,,False,False,False,,,11,5,,N2_absolute_trend_taa,N1_dual_momentum_taa,0,4541,deterministic_stratified_sample
evidence_core_combo,stress,90,2008-06-23,2008-10-28,2949.24134595109,-0.01691955134963674,3099.095149365976,2923.117668005344,-175.97748136063183,-0.056783503854869966,False,False,,,False,False,,,False,False,False,,,11,5,,N2_absolute_trend_taa,N1_dual_momentum_taa,0,4541,deterministic_stratified_sample
evidence_core_combo,stress,90,2008-07-02,2008-11-06,2966.4283372634018,-0.011190554245532724,3108.0120265616433,2931.5282136703972,-176.4838128912461,-0.05678350385487019,False,False,,,False,False,,,False,False,False,,,10,6,,N2_absolute_trend_taa,N1_dual_momentum_taa,0,4541,deterministic_stratified_sample
evidence_core_combo,stress,90,2008-07-07,2008-11-10,2964.881870636509,-0.011706043121163634,3108.0120265616433,2931.5282136703972,-176.4838128912461,-0.05678350385487019,False,False,,,False,False,,,False,False,False,,,10,6,,N2_absolute_trend_taa,N1_dual_momentum_taa,0,4541,deterministic_stratified_sample
evidence_core_combo,stress,90,2008-07-18,2008-11-21,3025.541976791949,0.008513992263982972,3108.0120265616433,2931.5282136703972,-176.4838128912461,-0.05678350385487019,False,False,,,False,False,,,False,False,False,,,10,6,,N1_dual_momentum_taa,N2_absolute_trend_taa,0,4541,deterministic_stratified_sample
evidence_core_combo,stress,90,2008-07-21,2008-11-24,3010.9064195126257,0.003635473170875203,3108.0120265616433,2931.5282136703972,-176.4838128912461,-0.05678350385487019,False,False,,,False,False,,,False,False,False,,,10,6,,N1_dual_momentum_taa,N2_absolute_trend_taa,0,4541,deterministic_stratified_sample
evidence_core_combo,stress,90,2008-08-01,2008-12-08,3081.5208268485108,0.027173608949503603,3129.0164228294707,2951.339906721781,-177.67651610768962,-0.0567835038548703,False,False,,,False,False,,,False,False,False,,,8,8,,N1_dual_momentum_taa,N2_absolute_trend_taa,0,4541,deterministic_stratified_sample
evidence_core_combo,stress,90,2008-08-06,2008-12-11,3098.3604805068308,0.03278682683561018,3129.0164228294707,2951.339906721781,-177.67651610768962,-0.0567835038548703,False,False,,,False,False,,,False,False,False,,,8,8,,N1_dual_momentum_taa,N2_absolute_trend_taa,0,4541,deterministic_stratified_sample
evidence_core_combo,stress,90,2008-08-14,2008-12-19,3137.605749183538,0.04586858306117936,3141.880544296756,2951.339906721781,-177.67651610768962,-0.0567835038548703,False,False,,,False,False,,,False,False,False,,,8,8,,N1_dual_momentum_taa,N2_absolute_trend_taa,0,4541,deterministic_stratified_sample
evidence_core_combo,stress,90,2008-08-20,2008-12-26,3139.1614231173007,0.04638714103910013,3141.880544296756,2951.339906721781,-177.67651610768962,-0.0567835038548703,False,False,,,False,False,,,False,False,False,,,8,8,,N1_dual_momentum_taa,N2_absolute_trend_taa,0,4541,deterministic_stratified_sample
evidence_core_combo,stress,90,2008-08-22,2008-12-30,3143.8269580850465,0.04794231936168214,3143.8269580850465,2951.339906721781,-177.67651610768962,-0.0567835038548703,False,False,,,False,False,,,False,False,False,,,8,8,,N1_dual_momentum_taa,N2_absolute_trend_taa,0,4541,deterministic_stratified_sample
evidence_core_combo,stress,90,2008-08-27,2009-01-05,3082.7993800977456,0.027599793365915115,3143.8269580850465,2951.339906721781,-177.67651610768962,-0.0567835038548703,False,False,,,False,False,,,False,False,False,,,10,10,,N1_dual_momentum_taa,N2_absolute_trend_taa,0,4541,deterministic_stratified_sample
evidence_core_combo,stress,90,2008-09-10,2009-01-16,3088.682162584787,0.029560720861595557,3126.527339555074,2935.0994917055323,-108.50116051516761,-0.03564894771460969,False,False,,,False,False,,,False,False,False,,,7,9,,N1_dual_momentum_taa,N2_absolute_trend_taa,0,4541,deterministic_stratified_sample
evidence_core_combo,stress,90,2008-09-23,2009-01-30,3032.3265280395044,0.0107755093465014,3126.527339555074,2935.0994917055323,-108.50116051516761,-0.03564894771460969,False,False,,,False,False,,,False,False,False,,,7,9,,N1_dual_momentum_taa,N2_absolute_trend_taa,0,4541,deterministic_stratified_sample
evidence_core_combo,stress,90,2008-09-26,2009-02-04,3019.610796817315,0.006536932272438456,3126.527339555074,2935.0994917055323,-108.50116051516761,-0.03564894771460969,False,False,,,False,False,,,False,False,False,,,8,12,,N1_dual_momentum_taa,N2_absolute_trend_taa,0,4541,deterministic_stratified_sample
evidence_core_combo,stress,90,2008-10-06,2009-02-12,3086.9407974304104,0.028980265810136796,3177.2775127521754,2999.024385219159,-115.66682770852185,-0.03640438307459348,False,False,,,False,False,,,False,False,False,,,6,10,,N1_dual_momentum_taa,N2_absolute_trend_taa,0,4541,deterministic_stratified_sample
evidence_core_combo,stress,90,2008-10-14,2009-02-23,3086.550386646371,0.028850128882123682,3177.2775127521754,2999.024385219159,-115.66682770852185,-0.03640438307459348,False,False,,,False,False,,,False,False,False,,,6,10,,N1_dual_momentum_taa,N2_absolute_trend_taa,0,4541,deterministic_stratified_sample
evidence_core_combo,stress,90,2008-10-17,2009-02-26,3067.586021714422,0.022528673904807173,3177.2775127521754,2999.024385219159,-115.66682770852185,-0.03640438307459348,False,False,,,False,False,,,False,False,False,,,6,10,,N1_dual_momentum_taa,N2_absolute_trend_taa,0,4541,deterministic_stratified_sample
evidence_core_combo,stress,90,2008-10-30,2009-03-11,3082.9464490323617,0.02764881634412064,3177.2775127521754,2999.024385219159,-115.66682770852185,-0.03640438307459348,False,False,,,False,False,,,False,False,False,,,8,12,,N1_dual_momentum_taa,N2_absolute_trend_taa,0,4541,deterministic_stratified_sample
evidence_core_combo,stress,90,2008-10-31,2009-03-12,3090.00683817915,0.03000227939304989,3177.2775127521754,2999.024385219159,-115.66682770852185,-0.03640438307459348,False,False,,,False,False,,,False,False,False,,,8,12,,N1_dual_momentum_taa,N2_absolute_trend_taa,0,4541,deterministic_stratified_sample
evidence_core_combo,stress,90,2008-11-12,2009-03-24,3018.2085733951494,0.006069524465049714,3061.235516488666,2949.793126064861,-111.44239042380468,-0.036404383074593594,False,False,,,False,False,,,False,False,False,,,6,10,,N1_dual_momentum_taa,N2_absolute_trend_taa,0,4541,deterministic_stratified_sample
evidence_core_combo,stress,90,2008-11-13,2009-03-25,3003.5993361776455,0.0011997787258817283,3061.235516488666,2949.793126064861,-111.44239042380468,-0.036404383074593594,False,False,,,False,False,,,False,False,False,,,6,10,,N1_dual_momentum_taa,N2_absolute_trend_taa,0,4541,deterministic_stratified_sample
evidence_core_combo,stress,90,2008-11-17,2009-03-27,3008.383895746447,0.0027946319154823485,3061.235516488666,2949.793126064861,-111.44239042380468,-0.036404383074593594,False,False,,,False,False,,,False,False,False,,,6,10,,N1_dual_momentum_taa,N2_absolute_trend_taa,0,4541,deterministic_stratified_sample
evidence_core_combo,stress,90,2008-11-24,2009-04-03,2977.2240269289914,-0.0075919910236695864,3061.235516488666,2949.793126064861,-111.44239042380468,-0.036404383074593594,False,False,,,False,False,,,False,False,False,,,9,11,,N1_dual_momentum_taa,N2_absolute_trend_taa,0,4541,deterministic_stratified_sample
evidence_core_combo,stress,90,2008-11-25,2009-04-06,2958.828970097219,-0.013723676634260329,3061.235516488666,2949.793126064861,-111.44239042380468,-0.036404383074593594,False,False,,,False,False,,,False,False,False,,,9,11,,N1_dual_momentum_taa,N2_absolute_trend_taa,0,4541,deterministic_stratified_sample
evidence_core_combo,stress,90,2008-12-04,2009-04-15,2941.5014428466257,-0.019499519051124792,3000.0,2902.17261365815,-97.82738634184989,-0.032609128780616614,False,False,,,False,False,,,False,False,False,,,8,8,,N1_dual_momentum_taa,N2_absolute_trend_taa,0,4541,deterministic_stratified_sample
evidence_core_combo,stress,90,2008-12-10,2009-04-21,2926.6653867017712,-0.024444871099409626,3000.0,2902.17261365815,-97.82738634184989,-0.032609128780616614,False,False,,,False,False,,,False,False,False,,,8,8,,N1_dual_momentum_taa,N2_absolute_trend_taa,0,4541,deterministic_stratified_sample
evidence_core_combo,stress,90,2008-12-22,2009-05-01,2905.3732187911464,-0.03154226040295116,3000.0,2902.17261365815,-97.82738634184989,-0.032609128780616614,False,False,,,False,False,,,False,False,False,,,11,9,,N2_absolute_trend_taa,N1_dual_momentum_taa,0,4541,deterministic_stratified_sample
evidence_core_combo,stress,90,2008-12-23,2009-05-04,2928.3603166525063,-0.023879894449164607,3000.0,2902.17261365815,-97.82738634184989,-0.032609128780616614,False,False,,,False,False,,,False,False,False,,,11,9,,N1_dual_momentum_taa,N2_absolute_trend_taa,0,4541,deterministic_stratified_sample
evidence_core_combo,stress,90,2009-01-07,2009-05-15,3052.4920772269675,0.01749735907565575,3070.0823869044457,2980.590658098288,-86.2046418442128,-0.02807893436733877,False,False,,,False,False,,,False,False,False,,,9,7,,N1_dual_momentum_taa,N2_absolute_trend_taa,0,4541,deterministic_stratified_sample
evidence_core_combo,stress,90,2009-01-12,2009-05-20,3056.8609472281714,0.018953649076057122,3070.0823869044457,2980.590658098288,-86.2046418442128,-0.02807893436733877,False,False,,,False,False,,,False,False,False,,,9,7,,N1_dual_momentum_taa,N2_absolute_trend_taa,0,4541,deterministic_stratified_sample
evidence_core_combo,stress,90,2009-01-21,2009-05-29,3094.1145776350286,0.03137152587834291,3094.1145776350286,2980.590658098288,-86.2046418442128,-0.02807893436733877,False,False,,,False,False,,,False,False,False,,,9,7,,N1_dual_momentum_taa,N2_absolute_trend_taa,0,4541,deterministic_stratified_sample
evidence_core_combo,stress,90,2009-01-29,2009-06-08,3026.0667270173253,0.008688909005775125,3094.1145776350286,2980.590658098288,-86.2046418442128,-0.02807893436733877,False,False,,,False,False,,,False,False,False,,,12,9,,N1_dual_momentum_taa,N2_absolute_trend_taa,0,4541,deterministic_stratified_sample
evidence_core_combo,stress,90,2009-02-03,2009-06-11,3036.8244054302986,0.012274801810099545,3104.186924347371,2993.5912351205984,-86.48526591907648,-0.028078934367339103,False,False,,,False,False,,,False,False,False,,,12,5,,N1_dual_momentum_taa,N2_absolute_trend_taa,0,4541,deterministic_stratified_sample
evidence_core_combo,stress,90,2009-02-17,2009-06-24,3026.263191090564,0.008754397030187988,3104.186924347371,2993.5912351205984,-86.48526591907648,-0.028078934367339103,False,False,,,False,False,,,False,False,False,,,12,5,,N1_dual_momentum_taa,N2_absolute_trend_taa,0,4541,deterministic_stratified_sample
evidence_core_combo,stress,90,2009-03-02,2009-07-08,2826.252138913989,-0.057915953695337086,3034.8070149638197,2826.252138913989,-208.5548760498309,-0.06872096809500661,False,False,,,False,False,,,False,False,False,,,12,6,,N1_dual_momentum_taa,N2_absolute_trend_taa,0,4541,deterministic_stratified_sample
evidence_core_combo,stress,90,2009-03-05,2009-07-13,2826.252138913989,-0.057915953695337086,3034.8070149638197,2826.252138913989,-208.5548760498309,-0.06872096809500661,False,False,,,False,False,,,False,False,False,,,12,6,,N1_dual_momentum_taa,N2_absolute_trend_taa,0,4541,deterministic_stratified_sample
evidence_core_combo,stress,90,2009-03-13,2009-07-21,2826.252138913989,-0.057915953695337086,3034.8070149638197,2826.252138913989,-208.5548760498309,-0.06872096809500661,False,False,,,False,False,,,False,False,False,,,12,6,,N1_dual_momentum_taa,N2_absolute_trend_taa,0,4541,deterministic_stratified_sample
evidence_core_combo,stress,90,2009-03-23,2009-07-29,2826.252138913989,-0.057915953695337086,3034.8070149638197,2826.252138913989,-208.5548760498309,-0.06872096809500661,False,False,,,False,False,,,False,False,False,,,12,6,,N1_dual_momentum_taa,N2_absolute_trend_taa,0,4541,deterministic_stratified_sample
evidence_core_combo,stress,90,2009-03-26,2009-08-03,2826.913330020212,-0.057695556659929315,3034.8070149638197,2826.252138913989,-208.5548760498309,-0.06872096809500661,False,False,,,False,False,,,False,False,False,,,13,10,,N1_dual_momentum_taa,N2_absolute_trend_taa,0,4541,deterministic_stratified_sample
evidence_core_combo,stress,90,2009-04-08,2009-08-14,2898.3103214236216,-0.033896559525459447,3110.0621154812266,2883.91899167107,-226.14312381015634,-0.07271337851564574,False,False,,,False,False,,,False,False,False,,,9,10,,N2_absolute_trend_taa,N1_dual_momentum_taa,0,4541,deterministic_stratified_sample
evidence_core_combo,stress,90,2009-04-23,2009-08-28,2951.232401456881,-0.01625586618103969,3110.0621154812266,2870.9208421559088,-239.1412733253178,-0.07689276433898973,False,False,,,False,False,,,False,False,False,,,9,10,,N1_dual_momentum_taa,N2_absolute_trend_taa,0,4541,deterministic_stratified_sample
evidence_core_combo,stress,90,2009-04-27,2009-09-01,2909.5304159170864,-0.030156528027637908,3110.0621154812266,2870.9208421559088,-239.1412733253178,-0.07689276433898973,False,False,,,False,False,,,False,False,False,,,10,14,,N2_absolute_trend_taa,N1_dual_momentum_taa,0,4541,deterministic_stratified_sample
evidence_core_combo,stress,90,2009-05-06,2009-09-11,2811.7441748421206,-0.0627519417192931,3000.0,2734.8954574413133,-265.1045425586867,-0.08836818085289555,False,False,,,False,False,,,False,False,False,,,8,12,,N2_absolute_trend_taa,N1_dual_momentum_taa,0,4541,deterministic_stratified_sample
evidence_core_combo,stress,90,2009-05-13,2009-09-18,2803.8185195448955,-0.06539382681836814,3000.0,2734.8954574413133,-265.1045425586867,-0.08836818085289555,False,False,,,False,False,,,False,False,False,,,8,12,,N2_absolute_trend_taa,N1_dual_momentum_taa,0,4541,deterministic_stratified_sample
evidence_core_combo,stress,90,2009-05-19,2009-09-24,2798.5347823134416,-0.06715507256218611,3000.0,2734.8954574413133,-265.1045425586867,-0.08836818085289555,False,False,,,False,False,,,False,False,False,,,8,12,,N2_absolute_trend_taa,N1_dual_momentum_taa,0,4541,deterministic_stratified_sample
evidence_core_combo,stress,90,2009-06-02,2009-10-07,2875.577890379138,-0.04147403654028736,3000.0,2808.2505033170746,-191.74949668292538,-0.0639164988943085,False,False,,,False,False,,,False,False,False,,,7,13,,N2_absolute_trend_taa,N1_dual_momentum_taa,0,4541,deterministic_stratified_sample
evidence_core_combo,stress,90,2009-06-15,2009-10-20,2933.419530432424,-0.022193489855858672,3000.0,2808.2505033170746,-191.74949668292538,-0.0639164988943085,False,False,,,False,False,,,False,False,False,,,7,13,,N2_absolute_trend_taa,N1_dual_momentum_taa,0,4541,deterministic_stratified_sample
evidence_core_combo,stress,90,2009-06-26,2009-11-02,2856.8259191260286,-0.047724693624657144,3000.0,2808.2505033170746,-191.74949668292538,-0.0639164988943085,False,False,,,False,False,,,False,False,False,,,10,15,,N2_absolute_trend_taa,N1_dual_momentum_taa,0,4541,deterministic_stratified_sample
evidence_core_combo,stress,90,2009-07-10,2009-11-13,3172.923590614352,0.05764119687145075,3172.923590614352,2938.45710549028,-93.40652013862336,-0.030463962684010637,False,False,,,False,False,,,False,False,False,,,7,13,,N1_dual_momentum_taa,N2_absolute_trend_taa,0,4541,deterministic_stratified_sample
evidence_core_combo,stress,90,2009-07-13,2009-11-16,3218.6106328890683,0.07287021096302282,3218.6106328890683,2938.45710549028,-93.40652013862336,-0.030463962684010637,False,False,,,False,False,,,False,False,False,,,7,13,,N1_dual_momentum_taa,N2_absolute_trend_taa,0,4541,deterministic_stratified_sample
evidence_core_combo,stress,90,2009-07-20,2009-11-23,3255.178665957905,0.08505955531930165,3255.178665957905,2938.45710549028,-93.40652013862336,-0.030463962684010637,False,False,,,False,False,,,False,False,False,,,7,13,,N1_dual_momentum_taa,N2_absolute_trend_taa,0,4541,deterministic_stratified_sample
evidence_core_combo,stress,90,2009-07-23,2009-11-27,3232.7374858752705,0.0775791619584234,3296.5276392082683,2938.45710549028,-93.40652013862336,-0.030463962684010637,False,False,,,False,False,,,False,False,False,,,7,13,,N1_dual_momentum_taa,N2_absolute_trend_taa,0,4541,deterministic_stratified_sample
evidence_core_combo,stress,90,2009-08-05,2009-12-10,3226.5246979506896,0.07550823265022988,3291.3469062232966,2942.708354034741,-97.50181181633025,-0.030463962684010748,False,False,,,False,False,,,False,False,False,,,9,11,,N1_dual_momentum_taa,N2_absolute_trend_taa,0,4541,deterministic_stratified_sample
evidence_core_combo,stress,90,2009-08-06,2009-12-11,3218.106679356305,0.07270222645210156,3291.3469062232966,2942.708354034741,-97.50181181633025,-0.030463962684010748,False,False,,,False,False,,,False,False,False,,,9,11,,N1_dual_momentum_taa,N2_absolute_trend_taa,0,4541,deterministic_stratified_sample
evidence_core_combo,stress,90,2009-08-18,2009-12-23,3292.6769225855587,0.09755897419518633,3292.6769225855587,2942.708354034741,-97.50181181633025,-0.030463962684010748,False,False,,,False,False,,,False,False,False,,,9,11,,N1_dual_momentum_taa,N2_absolute_trend_taa,0,4541,deterministic_stratified_sample
evidence_core_combo,stress,90,2009-09-01,2010-01-08,3344.5697901611306,0.11485659672037696,3344.5697901611306,2934.437706968668,-97.22777749936176,-0.030384737875757573,True,True,2009-12-24,81,False,False,,,False,False,False,,,10,10,,N1_dual_momentum_taa,N2_absolute_trend_taa,0,4541,deterministic_stratified_sample
evidence_core_combo,stress,90,2009-09-15,2010-01-22,3266.2016812121783,0.08873389373739271,3351.480341382996,2934.437706968668,-97.22777749936176,-0.030384737875757573,True,True,2009-12-24,72,False,False,,,False,False,False,,,10,10,,N1_dual_momentum_taa,N2_absolute_trend_taa,0,4541,deterministic_stratified_sample
evidence_core_combo,stress,90,2009-09-22,2010-01-29,3266.2016812121783,0.08873389373739271,3351.480341382996,2934.437706968668,-97.22777749936176,-0.030384737875757573,True,True,2009-12-24,67,False,False,,,False,False,False,,,10,10,,N1_dual_momentum_taa,N2_absolute_trend_taa,0,4541,deterministic_stratified_sample
evidence_core_combo,stress,90,2009-09-28,2010-02-04,3195.747798569603,0.06524926618986782,3351.480341382996,2934.437706968668,-155.73254281339268,-0.04646679286477007,True,True,2009-12-24,63,False,False,,,False,False,False,,,12,13,,N1_dual_momentum_taa,N2_absolute_trend_taa,0,4541,deterministic_stratified_sample
evidence_core_combo,stress,90,2009-09-29,2010-02-05,3190.8084863819213,0.06360282879397383,3351.480341382996,2934.437706968668,-160.67185500107462,-0.04794056316462625,True,True,2009-12-24,62,False,False,,,False,False,False,,,12,13,,N1_dual_momentum_taa,N2_absolute_trend_taa,0,4541,deterministic_stratified_sample
evidence_core_combo,stress,90,2009-10-09,2010-02-18,3280.420830142348,0.09347361004744936,3387.990464733517,3000.0,-169.0458632396476,-0.049895613638612724,True,True,2009-11-25,34,False,False,,,False,False,False,,,10,10,,N1_dual_momentum_taa,N2_absolute_trend_taa,0,4541,deterministic_stratified_sample
evidence_core_combo,stress,90,2009-10-22,2010-03-03,3297.5534811946727,0.09918449373155758,3387.990464733517,3000.0,-169.0458632396476,-0.049895613638612724,True,True,2009-11-25,25,False,False,,,False,False,False,,,12,13,,N1_dual_momentum_taa,N2_absolute_trend_taa,0,4541,deterministic_stratified_sample
evidence_core_combo,stress,90,2009-11-04,2010-03-16,3047.8349581570874,0.015944986052362387,3069.8438712119796,2911.485921965383,-158.3579492465965,-0.0515850173136253,False,False,,,False,False,,,False,False,False,,,10,10,,N2_absolute_trend_taa,N1_dual_momentum_taa,0,4541,deterministic_stratified_sample
evidence_core_combo,stress,90,2009-11-06,2010-03-18,3055.3284441876813,0.01844281472922704,3069.8438712119796,2911.485921965383,-158.3579492465965,-0.0515850173136253,False,False,,,False,False,,,False,False,False,,,10,10,,N1_dual_momentum_taa,N2_absolute_trend_taa,0,4541,deterministic_stratified_sample
evidence_core_combo,stress,90,2009-11-17,2010-03-29,3059.214316559719,0.0197381055199064,3069.8438712119796,2911.485921965383,-158.3579492465965,-0.0515850173136253,False,False,,,False,False,,,False,False,False,,,10,10,,N1_dual_momentum_taa,N2_absolute_trend_taa,0,4541,deterministic_stratified_sample
evidence_core_combo,stress,90,2009-11-20,2010-04-01,3068.5665685658428,0.02285552285528092,3069.8438712119796,2911.485921965383,-158.3579492465965,-0.0515850173136253,False,False,,,False,False,,,False,False,False,,,13,12,,N1_dual_momentum_taa,N2_absolute_trend_taa,0,4541,deterministic_stratified_sample
evidence_core_combo,stress,90,2009-12-01,2010-04-12,3079.6506647993256,0.02655022159977527,3079.6506647993256,2855.1901527422788,-155.2959792407737,-0.05158501731362497,False,False,,,False,False,,,False,False,False,,,9,11,,N2_absolute_trend_taa,N1_dual_momentum_taa,0,4541,deterministic_stratified_sample
evidence_core_combo,stress,90,2009-12-14,2010-04-23,3064.619433267957,0.021539811089319016,3140.277899642674,2855.1901527422788,-155.2959792407737,-0.05158501731362497,False,False,,,False,False,,,False,False,False,,,9,11,,N2_absolute_trend_taa,N1_dual_momentum_taa,0,4541,deterministic_stratified_sample
evidence_core_combo,stress,90,2009-12-15,2010-04-26,3062.208582961651,0.020736194320550183,3140.277899642674,2855.1901527422788,-155.2959792407737,-0.05158501731362497,False,False,,,False,False,,,False,False,False,,,9,11,,N2_absolute_trend_taa,N1_dual_momentum_taa,0,4541,deterministic_stratified_sample
evidence_core_combo,stress,90,2009-12-28,2010-05-06,3020.140555427453,0.006713518475817581,3140.277899642674,2855.1901527422788,-155.2959792407737,-0.05158501731362497,False,False,,,False,False,,,False,False,False,,,11,14,,N2_absolute_trend_taa,N1_dual_momentum_taa,0,4541,deterministic_stratified_sample
evidence_core_combo,stress,90,2010-01-08,2010-05-18,3093.701260251597,0.031233753417198917,3216.7647556024976,2924.7332075068116,-123.06349535090067,-0.039678199327181196,False,False,,,False,False,,,False,False,False,,,9,11,,N1_dual_momentum_taa,N2_absolute_trend_taa,0,4541,deterministic_stratified_sample
evidence_core_combo,stress,90,2010-01-11,2010-05-19,3093.701260251597,0.031233753417198917,3216.7647556024976,2924.7332075068116,-123.06349535090067,-0.039678199327181196,False,False,,,False,False,,,False,False,False,,,9,11,,N1_dual_momentum_taa,N2_absolute_trend_taa,0,4541,deterministic_stratified_sample
evidence_core_combo,stress,90,2010-01-26,2010-06-03,3035.4835512312206,0.011827850410406793,3216.7647556024976,2924.7332075068116,-181.281204371277,-0.056355132608173375,False,False,,,False,False,,,False,False,False,,,12,12,,N1_dual_momentum_taa,N2_absolute_trend_taa,0,4541,deterministic_stratified_sample
evidence_core_combo,stress,90,2010-02-01,2010-06-09,3136.439880056874,0.04547996001895793,3243.9499035714716,2996.533055926481,-182.81322699004022,-0.05635513260817293,False,False,,,False,False,,,False,False,False,,,10,9,,N1_dual_momentum_taa,N2_absolute_trend_taa,0,4541,deterministic_stratified_sample
evidence_core_combo,stress,90,2010-02-08,2010-06-16,3121.571505914242,0.04052383530474746,3243.9499035714716,2996.533055926481,-182.81322699004022,-0.05635513260817293,False,False,,,False,False,,,False,False,False,,,10,9,,N1_dual_momentum_taa,N2_absolute_trend_taa,0,4541,deterministic_stratified_sample
evidence_core_combo,stress,90,2010-02-22,2010-06-29,3187.639820244376,0.06254660674812529,3243.9499035714716,2996.533055926481,-182.81322699004022,-0.05635513260817293,False,False,,,False,False,,,False,False,False,,,10,9,,N1_dual_momentum_taa,N2_absolute_trend_taa,0,4541,deterministic_stratified_sample
evidence_core_combo,stress,90,2010-03-05,2010-07-13,2977.386778298099,-0.007537740567300277,3126.387580006325,2950.199593350523,-176.18798665580198,-0.05635513260817315,False,False,,,False,False,,,False,False,False,,,11,7,,N1_dual_momentum_taa,N2_absolute_trend_taa,0,4541,deterministic_stratified_sample
evidence_core_combo,stress,90,2010-03-08,2010-07-14,2977.0740061787665,-0.007641997940411205,3126.387580006325,2950.199593350523,-176.18798665580198,-0.05635513260817315,False,False,,,False,False,,,False,False,False,,,11,7,,N1_dual_momentum_taa,N2_absolute_trend_taa,0,4541,deterministic_stratified_sample
evidence_core_combo,stress,90,2010-03-18,2010-07-26,2962.581608211506,-0.012472797262831237,3126.387580006325,2950.199593350523,-176.18798665580198,-0.05635513260817315,False,False,,,False,False,,,False,False,False,,,11,7,,N1_dual_momentum_taa,N2_absolute_trend_taa,0,4541,deterministic_stratified_sample
evidence_core_combo,stress,90,2010-03-26,2010-08-03,2956.6020146985456,-0.014465995100484741,3126.387580006325,2942.4622533389706,-183.9253266673545,-0.05882998251515004,False,False,,,False,False,,,False,False,False,,,14,8,,N1_dual_momentum_taa,N2_absolute_trend_taa,0,4541,deterministic_stratified_sample
evidence_core_combo,stress,90,2010-03-31,2010-08-06,2988.972484501592,-0.003675838499469286,3126.387580006325,2942.4622533389706,-183.9253266673545,-0.05882998251515004,False,False,,,False,False,,,False,False,False,,,14,8,,N1_dual_momentum_taa,N2_absolute_trend_taa,0,4541,deterministic_stratified_sample
evidence_core_combo,stress,90,2010-04-14,2010-08-19,3032.2946710198044,0.010764890339934885,3039.0592144468555,2880.3310217912963,-158.72819265555927,-0.05222938464015736,False,False,,,False,False,,,False,False,False,,,11,6,,N1_dual_momentum_taa,N2_absolute_trend_taa,0,4541,deterministic_stratified_sample
evidence_core_combo,stress,90,2010-04-27,2010-09-01,3040.656896849873,0.013552298949957686,3080.923134482486,2880.3310217912963,-158.72819265555927,-0.05222938464015736,False,False,,,False,False,,,False,False,False,,,14,7,,N1_dual_momentum_taa,N2_absolute_trend_taa,0,4541,deterministic_stratified_sample
evidence_core_combo,stress,90,2010-05-10,2010-09-15,3071.4570593893645,0.023819019796454954,3140.2825597286806,2935.8256857310485,-143.89597739074816,-0.04672369555789213,False,False,,,False,False,,,False,False,False,,,12,4,,N1_dual_momentum_taa,N2_absolute_trend_taa,0,4541,deterministic_stratified_sample
evidence_core_combo,stress,90,2010-05-21,2010-09-28,3111.379145685356,0.03712638189511863,3140.2825597286806,2935.8256857310485,-143.89597739074816,-0.04672369555789213,False,False,,,False,False,,,False,False,False,,,12,4,,N1_dual_momentum_taa,N2_absolute_trend_taa,0,4541,deterministic_stratified_sample
evidence_core_combo,stress,90,2010-05-25,2010-09-30,3111.991814412647,0.037330604804215684,3140.2825597286806,2935.8256857310485,-143.89597739074816,-0.04672369555789213,False,False,,,False,False,,,False,False,False,,,12,4,,N1_dual_momentum_taa,N2_absolute_trend_taa,0,4541,deterministic_stratified_sample
evidence_core_combo,stress,90,2010-06-07,2010-10-12,3085.6988340521807,0.028566278017393643,3111.05330766641,2871.9662835678214,-128.0337164321786,-0.04267790547739292,False,False,,,False,False,,,False,False,False,,,12,5,,N1_dual_momentum_taa,N2_absolute_trend_taa,0,4541,deterministic_stratified_sample
evidence_core_combo,stress,90,2010-06-14,2010-10-19,3050.1951985635988,0.016731732854532888,3114.1540171995,2871.9662835678214,-128.0337164321786,-0.04267790547739292,False,False,,,False,False,,,False,False,False,,,12,5,,N1_dual_momentum_taa,N2_absolute_trend_taa,0,4541,deterministic_stratified_sample
evidence_core_combo,stress,90,2010-06-17,2010-10-22,3048.3987578653628,0.016132919288454284,3114.1540171995,2871.9662835678214,-128.0337164321786,-0.04267790547739292,False,False,,,False,False,,,False,False,False,,,12,5,,N1_dual_momentum_taa,N2_absolute_trend_taa,0,4541,deterministic_stratified_sample
evidence_core_combo,stress,90,2010-06-18,2010-10-25,3053.6935114668418,0.017897837155613994,3114.1540171995,2871.9662835678214,-128.0337164321786,-0.04267790547739292,False,False,,,False,False,,,False,False,False,,,12,5,,N1_dual_momentum_taa,N2_absolute_trend_taa,0,4541,deterministic_stratified_sample
evidence_core_combo,stress,90,2010-07-01,2010-11-05,3261.9283075668977,0.08730943585563256,3261.9283075668977,2984.795870120186,-94.05644771311063,-0.02946018541890294,False,False,,,False,False,,,False,False,False,,,12,6,,N1_dual_momentum_taa,N2_absolute_trend_taa,0,4541,deterministic_stratified_sample
evidence_core_combo,stress,90,2010-07-07,2010-11-10,3275.5155762660283,0.09183852542200954,3283.7702397826124,2984.795870120186,-94.05644771311063,-0.02946018541890294,False,False,,,False,False,,,False,False,False,,,12,6,,N1_dual_momentum_taa,N2_absolute_trend_taa,0,4541,deterministic_stratified_sample
evidence_core_combo,stress,90,2010-07-08,2010-11-11,3273.3282599344257,0.09110941997814193,3283.7702397826124,2984.795870120186,-94.05644771311063,-0.02946018541890294,False,False,,,False,False,,,False,False,False,,,12,6,,N1_dual_momentum_taa,N2_absolute_trend_taa,0,4541,deterministic_stratified_sample
evidence_core_combo,stress,90,2010-07-13,2010-11-16,3162.2227489886677,0.05407424966288921,3283.7702397826124,2984.795870120186,-121.54749079394469,-0.03701461488425917,False,False,,,False,False,,,False,False,False,,,12,6,,N1_dual_momentum_taa,N2_absolute_trend_taa,0,4541,deterministic_stratified_sample
evidence_core_combo,stress,90,2010-07-15,2010-11-18,3167.618262232042,0.055872754077347375,3283.7702397826124,2984.795870120186,-124.38976484119667,-0.037880166929532555,False,False,,,False,False,,,False,False,False,,,12,6,,N1_dual_momentum_taa,N2_absolute_trend_taa,0,4541,deterministic_stratified_sample
evidence_core_combo,stress,90,2010-07-28,2010-12-02,3195.420085227379,0.06514002840912636,3283.7702397826124,2984.795870120186,-124.38976484119667,-0.037880166929532555,False,False,,,False,False,,,False,False,False,,,14,9,,N1_dual_momentum_taa,N2_absolute_trend_taa,0,4541,deterministic_stratified_sample
evidence_core_combo,stress,90,2010-07-29,2010-12-03,3227.139174924476,0.07571305830815866,3283.7702397826124,2984.795870120186,-124.38976484119667,-0.037880166929532555,False,False,,,False,False,,,False,False,False,,,14,9,,N1_dual_momentum_taa,N2_absolute_trend_taa,0,4541,deterministic_stratified_sample
evidence_core_combo,stress,90,2010-08-02,2010-12-07,3068.8720173401525,0.022957339113384156,3104.5965661803616,2929.5361597273295,-117.60263617576629,-0.03788016692953278,False,False,,,False,False,,,False,False,False,,,13,6,,N2_absolute_trend_taa,N1_dual_momentum_taa,0,4541,deterministic_stratified_sample
evidence_core_combo,stress,90,2010-08-10,2010-12-15,3067.757504120775,0.02258583470692499,3104.5965661803616,2929.5361597273295,-117.60263617576629,-0.03788016692953278,False,False,,,False,False,,,False,False,False,,,13,6,,N1_dual_momentum_taa,N2_absolute_trend_taa,0,4541,deterministic_stratified_sample
evidence_core_combo,stress,90,2010-08-11,2010-12-16,3079.065175261858,0.02635505842061936,3104.5965661803616,2929.5361597273295,-117.60263617576629,-0.03788016692953278,False,False,,,False,False,,,False,False,False,,,13,6,,N1_dual_momentum_taa,N2_absolute_trend_taa,0,4541,deterministic_stratified_sample
evidence_core_combo,stress,90,2010-08-23,2010-12-29,3136.8741082218526,0.045624702740617584,3136.8741082218526,2929.5361597273295,-117.60263617576629,-0.03788016692953278,False,False,,,False,False,,,False,False,False,,,13,6,,N1_dual_momentum_taa,N2_absolute_trend_taa,0,4541,deterministic_stratified_sample
evidence_core_combo,stress,90,2010-08-25,2010-12-31,3128.4084018651524,0.042802800621717374,3136.8741082218526,2929.5361597273295,-117.60263617576629,-0.03788016692953278,False,False,,,False,False,,,False,False,False,,,13,6,,N2_absolute_trend_taa,N1_dual_momentum_taa,0,4541,deterministic_stratified_sample
evidence_core_combo,stress,90,2010-09-03,2011-01-11,3126.504858905784,0.04216828630192815,3150.879122805506,2996.9718647660266,-117.99548311788567,-0.037880166929532444,False,False,,,False,False,,,False,False,False,,,12,8,,N2_absolute_trend_taa,N1_dual_momentum_taa,0,4541,deterministic_stratified_sample
evidence_core_combo,stress,90,2010-09-17,2011-01-25,3109.7231687633302,0.03657438958777681,3172.619307935122,2996.9718647660266,-117.99548311788567,-0.037880166929532444,False,False,,,False,False,,,False,False,False,,,12,8,,N2_absolute_trend_taa,N1_dual_momentum_taa,0,4541,deterministic_stratified_sample
evidence_core_combo,stress,90,2010-09-29,2011-02-04,3166.4074082284287,0.05546913607614301,3172.619307935122,2996.9718647660266,-117.99548311788567,-0.037880166929532444,False,False,,,False,False,,,False,False,False,,,14,11,,N2_absolute_trend_taa,N1_dual_momentum_taa,0,4541,deterministic_stratified_sample
evidence_core_combo,stress,90,2010-09-30,2011-02-07,3166.734928616814,0.05557830953893794,3172.619307935122,2996.9718647660266,-117.99548311788567,-0.037880166929532444,False,False,,,False,False,,,False,False,False,,,14,11,,N2_absolute_trend_taa,N1_dual_momentum_taa,0,4541,deterministic_stratified_sample
evidence_core_combo,stress,90,2010-10-14,2011-02-22,3127.383115175664,0.04246103839188797,3201.2086373520524,2977.8917724227085,-117.24426995487602,-0.037880166929532666,False,False,,,False,False,,,False,False,False,,,11,9,,N1_dual_momentum_taa,N2_absolute_trend_taa,0,4541,deterministic_stratified_sample
evidence_core_combo,stress,90,2010-10-22,2011-03-02,3097.4109468242264,0.03247031560807545,3201.2086373520524,2977.8917724227085,-135.09870315470062,-0.04220240492242655,False,False,,,False,False,,,False,False,False,,,13,12,,N1_dual_momentum_taa,N2_absolute_trend_taa,0,4541,deterministic_stratified_sample
evidence_core_combo,stress,90,2010-10-27,2011-03-07,3066.1189526488656,0.02203965088295523,3201.2086373520524,2977.8917724227085,-135.09870315470062,-0.04220240492242655,False,False,,,False,False,,,False,False,False,,,13,12,,N2_absolute_trend_taa,N1_dual_momentum_taa,0,4541,deterministic_stratified_sample
evidence_core_combo,stress,90,2010-10-28,2011-03-08,3070.1951343879105,0.023398378129303454,3201.2086373520524,2977.8917724227085,-135.09870315470062,-0.04220240492242655,False,False,,,False,False,,,False,False,False,,,13,12,,N2_absolute_trend_taa,N1_dual_momentum_taa,0,4541,deterministic_stratified_sample
evidence_core_combo,stress,90,2010-11-09,2011-03-18,3044.031957187909,0.014677319062636363,3199.632778766928,3000.0,-155.60082157901888,-0.048630837454723186,False,False,,,False,False,,,False,False,False,,,10,10,,N1_dual_momentum_taa,N2_absolute_trend_taa,0,4541,deterministic_stratified_sample
evidence_core_combo,stress,90,2010-11-19,2011-03-30,3044.031957187909,0.014677319062636363,3199.632778766928,3000.0,-155.60082157901888,-0.048630837454723186,False,False,,,False,False,,,False,False,False,,,10,10,,N1_dual_momentum_taa,N2_absolute_trend_taa,0,4541,deterministic_stratified_sample
evidence_core_combo,stress,90,2010-11-22,2011-03-31,3044.031957187909,0.014677319062636363,3199.632778766928,3000.0,-155.60082157901888,-0.048630837454723186,False,False,,,False,False,,,False,False,False,,,10,10,,N1_dual_momentum_taa,N2_absolute_trend_taa,0,4541,deterministic_stratified_sample
evidence_core_combo,stress,90,2010-12-06,2011-04-13,2863.504156735089,-0.04549861442163694,3063.8780733012877,2863.504156735089,-200.37391656619866,-0.0653987893030934,False,False,,,False,False,,,False,False,False,,,9,11,,N2_absolute_trend_taa,N1_dual_momentum_taa,0,4541,deterministic_stratified_sample
evidence_core_combo,stress,90,2010-12-17,2011-04-27,2851.8445189796457,-0.049385160340118084,3063.8780733012877,2851.8445189796457,-212.033554321642,-0.06920430553986723,False,False,,,False,False,,,False,False,False,,,9,11,,N2_absolute_trend_taa,N1_dual_momentum_taa,0,4541,deterministic_stratified_sample
evidence_core_combo,stress,90,2010-12-22,2011-05-02,2817.997977734036,-0.06066734075532132,3063.8780733012877,2817.997977734036,-245.88009556725183,-0.08025126642925429,False,False,,,False,False,,,False,False,False,,,12,13,,N2_absolute_trend_taa,N1_dual_momentum_taa,0,4541,deterministic_stratified_sample
evidence_core_combo,stress,90,2010-12-31,2011-05-10,2779.1873300271645,-0.07360422332427852,3063.8780733012877,2773.9056890957736,-289.9723842055141,-0.09464227272368997,False,False,,,False,False,,,False,False,False,,,12,13,,N1_dual_momentum_taa,N2_absolute_trend_taa,0,4541,deterministic_stratified_sample
evidence_core_combo,stress,90,2011-01-10,2011-05-18,2779.1897876791254,-0.0736034041069582,3108.0447372482085,2779.1897876791254,-328.85494956908315,-0.10580766281383835,False,False,,,False,False,,,False,False,False,,,9,11,,N1_dual_momentum_taa,N2_absolute_trend_taa,0,4541,deterministic_stratified_sample
evidence_core_combo,stress,90,2011-01-13,2011-05-23,2779.1897876791254,-0.0736034041069582,3108.0447372482085,2779.1897876791254,-328.85494956908315,-0.10580766281383835,False,False,,,False,False,,,False,False,False,,,9,11,,N1_dual_momentum_taa,N2_absolute_trend_taa,0,4541,deterministic_stratified_sample
evidence_core_combo,stress,90,2011-01-18,2011-05-25,2779.1897876791254,-0.0736034041069582,3108.0447372482085,2779.1897876791254,-328.85494956908315,-0.10580766281383835,False,False,,,False,False,,,False,False,False,,,9,11,,N1_dual_momentum_taa,N2_absolute_trend_taa,0,4541,deterministic_stratified_sample
evidence_core_combo,stress,90,2011-01-27,2011-06-06,2699.539569338667,-0.10015347688711096,3108.0447372482085,2699.539569338667,-408.50516790954134,-0.13143477730993747,False,False,,,False,False,,,False,False,False,,,12,13,N2_absolute_trend_taa,N2_absolute_trend_taa,N1_dual_momentum_taa,0,4541,deterministic_stratified_sample
evidence_core_combo,stress,90,2011-02-09,2011-06-17,2686.268367636044,-0.10457721078798532,3027.776978483223,2686.268367636044,-341.50861084717917,-0.1127918645508228,False,False,,,False,False,,,False,False,False,,,10,10,N2_absolute_trend_taa,N2_absolute_trend_taa,N1_dual_momentum_taa,0,4541,deterministic_stratified_sample
evidence_core_combo,stress,90,2011-02-24,2011-07-01,2694.7353151723455,-0.10175489494255152,3027.776978483223,2686.268367636044,-341.50861084717917,-0.1127918645508228,False,False,,,False,False,,,False,False,False,,,11,14,N2_absolute_trend_taa,N2_absolute_trend_taa,N1_dual_momentum_taa,0,4541,deterministic_stratified_sample
evidence_core_combo,stress,90,2011-02-28,2011-07-06,2700.4591927639876,-0.09984693574533743,3027.776978483223,2686.268367636044,-341.50861084717917,-0.1127918645508228,False,False,,,False,False,,,False,False,False,,,11,14,N2_absolute_trend_taa,N2_absolute_trend_taa,N1_dual_momentum_taa,0,4541,deterministic_stratified_sample
evidence_core_combo,stress,90,2011-03-09,2011-07-15,2800.3466713639345,-0.06655110954535515,3007.4264147142203,2737.4461766033164,-269.9802381109039,-0.08977118668306927,False,False,,,False,False,,,False,False,False,,,10,10,,N2_absolute_trend_taa,N1_dual_momentum_taa,0,4541,deterministic_stratified_sample
evidence_core_combo,stress,90,2011-03-22,2011-07-28,2785.1853111508467,-0.07160489628305111,3007.4264147142203,2737.4461766033164,-269.9802381109039,-0.08977118668306927,False,False,,,False,False,,,False,False,False,,,10,10,,N2_absolute_trend_taa,N1_dual_momentum_taa,0,4541,deterministic_stratified_sample
evidence_core_combo,stress,90,2011-03-23,2011-07-29,2791.297051140295,-0.0695676496199017,3007.4264147142203,2737.4461766033164,-269.9802381109039,-0.08977118668306927,False,False,,,False,False,,,False,False,False,,,10,10,,N2_absolute_trend_taa,N1_dual_momentum_taa,0,4541,deterministic_stratified_sample
evidence_core_combo,stress,90,2011-04-04,2011-08-10,2952.937164453626,-0.015687611848791416,3000.0,2771.90769530142,-228.09230469857994,-0.07603076823285992,False,False,,,False,False,,,False,False,False,,,12,8,,N2_absolute_trend_taa,N1_dual_momentum_taa,0,4541,deterministic_stratified_sample
evidence_core_combo,stress,90,2011-04-05,2011-08-11,2911.8287940680416,-0.029390401977319458,3000.0,2771.90769530142,-228.09230469857994,-0.07603076823285992,False,False,,,False,False,,,False,False,False,,,12,8,,N2_absolute_trend_taa,N1_dual_momentum_taa,0,4541,deterministic_stratified_sample
evidence_core_combo,stress,90,2011-04-15,2011-08-23,2916.357391475257,-0.02788086950824764,3000.0,2771.90769530142,-228.09230469857994,-0.07603076823285992,False,False,,,False,False,,,False,False,False,,,12,8,,N2_absolute_trend_taa,N1_dual_momentum_taa,0,4541,deterministic_stratified_sample
evidence_core_combo,stress,90,2011-04-20,2011-08-26,2915.642076390417,-0.028119307869860943,3000.0,2771.90769530142,-228.09230469857994,-0.07603076823285992,False,False,,,False,False,,,False,False,False,,,12,8,,N2_absolute_trend_taa,N1_dual_momentum_taa,0,4541,deterministic_stratified_sample
evidence_core_combo,stress,90,2011-04-27,2011-09-01,2931.6592956836034,-0.022780234772132202,3000.0,2771.90769530142,-228.09230469857994,-0.07603076823285992,False,False,,,False,False,,,False,False,False,,,14,10,,N2_absolute_trend_taa,N1_dual_momentum_taa,0,4541,deterministic_stratified_sample
evidence_core_combo,stress,90,2011-04-29,2011-09-06,3015.7554597393173,0.005251819913105749,3015.7554597393173,2771.90769530142,-228.09230469857994,-0.07603076823285992,False,False,,,False,False,,,False,False,False,,,14,10,,N2_absolute_trend_taa,N1_dual_momentum_taa,0,4541,deterministic_stratified_sample
evidence_core_combo,stress,90,2011-05-12,2011-09-19,3004.121140828146,0.001373713609382099,3073.133349629479,2885.3744780976867,-114.62552190231327,-0.03820850730077108,False,False,,,False,False,,,False,False,False,,,10,9,,N2_absolute_trend_taa,N1_dual_momentum_taa,0,4541,deterministic_stratified_sample
evidence_core_combo,stress,90,2011-05-25,2011-09-30,2975.569686347025,-0.008143437884325033,3073.133349629479,2885.3744780976867,-114.62552190231327,-0.03820850730077108,False,False,,,False,False,,,False,False,False,,,10,9,,N2_absolute_trend_taa,N1_dual_momentum_taa,0,4541,deterministic_stratified_sample
evidence_core_combo,stress,90,2011-06-08,2011-10-13,3026.4305399921777,0.008810179997392531,3203.387437176756,3000.0,-176.95689718457834,-0.05524055414930884,False,False,,,False,False,,,False,False,False,,,9,9,,N2_absolute_trend_taa,N1_dual_momentum_taa,0,4541,deterministic_stratified_sample
evidence_core_combo,stress,90,2011-06-21,2011-10-26,3026.4305399921777,0.008810179997392531,3203.387437176756,3000.0,-176.95689718457834,-0.05524055414930884,False,False,,,False,False,,,False,False,False,,,9,9,,N2_absolute_trend_taa,N1_dual_momentum_taa,0,4541,deterministic_stratified_sample
evidence_core_combo,stress,90,2011-06-23,2011-10-28,3026.4305399921777,0.008810179997392531,3203.387437176756,3000.0,-176.95689718457834,-0.05524055414930884,False,False,,,False,False,,,False,False,False,,,9,9,,N2_absolute_trend_taa,N1_dual_momentum_taa,0,4541,deterministic_stratified_sample
evidence_core_combo,stress,90,2011-06-27,2011-11-01,3057.473885585491,0.019157961861830497,3203.387437176756,3000.0,-176.95689718457834,-0.05524055414930884,False,False,,,False,False,,,False,False,False,,,12,10,,N2_absolute_trend_taa,N1_dual_momentum_taa,0,4541,deterministic_stratified_sample
evidence_core_combo,stress,90,2011-07-06,2011-11-09,3019.420746440715,0.006473582146905077,3141.199606470913,2967.677999515869,-173.5216069550438,-0.05524055414930873,False,False,,,False,False,,,False,False,False,,,9,8,,N2_absolute_trend_taa,N1_dual_momentum_taa,0,4541,deterministic_stratified_sample
evidence_core_combo,stress,90,2011-07-19,2011-11-22,3023.441353854655,0.007813784618218245,3141.199606470913,2967.677999515869,-173.5216069550438,-0.05524055414930873,False,False,,,False,False,,,False,False,False,,,9,8,,N2_absolute_trend_taa,N1_dual_momentum_taa,0,4541,deterministic_stratified_sample
evidence_core_combo,stress,90,2011-08-01,2011-12-06,2923.4440975088182,-0.02551863416372724,3037.986560139288,2875.12501645588,-162.86154368340794,-0.05360838188696293,False,False,,,False,False,,,False,False,False,,,9,7,,N2_absolute_trend_taa,N1_dual_momentum_taa,0,4541,deterministic_stratified_sample
evidence_core_combo,stress,90,2011-08-03,2011-12-08,2932.94480481674,-0.022351731727753288,3037.986560139288,2875.12501645588,-162.86154368340794,-0.05360838188696293,False,False,,,False,False,,,False,False,False,,,9,7,,N2_absolute_trend_taa,N1_dual_momentum_taa,0,4541,deterministic_stratified_sample
evidence_core_combo,stress,90,2011-08-12,2011-12-19,2961.73770732101,-0.01275409755966328,3037.986560139288,2875.12501645588,-162.86154368340794,-0.05360838188696293,False,False,,,False,False,,,False,False,False,,,9,7,,N2_absolute_trend_taa,N1_dual_momentum_taa,0,4541,deterministic_stratified_sample
evidence_core_combo,stress,90,2011-08-19,2011-12-27,2904.1044211446633,-0.03196519295177891,3037.986560139288,2875.12501645588,-162.86154368340794,-0.05360838188696293,False,False,,,False,False,,,False,False,False,,,9,7,,N2_absolute_trend_taa,N1_dual_momentum_taa,0,4541,deterministic_stratified_sample
evidence_core_combo,stress,90,2011-08-22,2011-12-28,2907.8466219861193,-0.030717792671293598,3037.986560139288,2875.12501645588,-162.86154368340794,-0.05360838188696293,False,False,,,False,False,,,False,False,False,,,9,7,,N2_absolute_trend_taa,N1_dual_momentum_taa,0,4541,deterministic_stratified_sample
evidence_core_combo,stress,90,2011-08-25,2012-01-03,2876.253129206966,-0.04124895693101127,3037.986560139288,2875.12501645588,-162.86154368340794,-0.05360838188696293,False,False,,,False,False,,,False,False,False,,,12,9,,N2_absolute_trend_taa,N1_dual_momentum_taa,0,4541,deterministic_stratified_sample
evidence_core_combo,stress,90,2011-09-07,2012-01-13,2937.435453361352,-0.02085484887954936,3046.478698113336,2906.478209528839,-140.0004885844969,-0.04595485557512624,False,False,,,False,False,,,False,False,False,,,11,6,,N2_absolute_trend_taa,N1_dual_momentum_taa,0,4541,deterministic_stratified_sample
evidence_core_combo,stress,90,2011-09-08,2012-01-17,2943.0577554435567,-0.018980748185481122,3046.478698113336,2906.478209528839,-140.0004885844969,-0.04595485557512624,False,False,,,False,False,,,False,False,False,,,11,6,,N2_absolute_trend_taa,N1_dual_momentum_taa,0,4541,deterministic_stratified_sample
evidence_core_combo,stress,90,2011-09-12,2012-01-19,2912.054693017208,-0.029315102327597264,3046.478698113336,2906.478209528839,-140.0004885844969,-0.04595485557512624,False,False,,,False,False,,,False,False,False,,,11,6,,N2_absolute_trend_taa,N1_dual_momentum_taa,0,4541,deterministic_stratified_sample
evidence_core_combo,stress,90,2011-09-21,2012-01-30,2902.8077490651604,-0.032397416978279914,3046.478698113336,2902.3867792181354,-144.0919188952007,-0.04729785866693759,False,False,,,False,False,,,False,False,False,,,11,6,,N2_absolute_trend_taa,N1_dual_momentum_taa,0,4541,deterministic_stratified_sample
evidence_core_combo,stress,90,2011-09-23,2012-02-01,2891.7887511959334,-0.03607041626802221,3046.478698113336,2891.7887511959334,-154.68994691740272,-0.05077663829167789,False,False,,,False,False,,,False,False,False,,,14,8,,N2_absolute_trend_taa,N1_dual_momentum_taa,0,4541,deterministic_stratified_sample
evidence_core_combo,stress,90,2011-09-27,2012-02-03,2841.1676032037494,-0.05294413226541683,3046.478698113336,2841.1676032037494,-205.3110949095867,-0.06739291991003726,False,False,,,False,False,,,False,False,False,,,14,8,,N2_absolute_trend_taa,N1_dual_momentum_taa,0,4541,deterministic_stratified_sample
evidence_core_combo,stress,90,2011-10-04,2012-02-10,2858.421074203503,-0.04719297526549904,3070.519566103072,2858.421074203503,-212.09849189956913,-0.06907576627780698,False,False,,,False,False,,,False,False,False,,,12,6,,N2_absolute_trend_taa,N1_dual_momentum_taa,0,4541,deterministic_stratified_sample
evidence_core_combo,stress,90,2011-10-11,2012-02-17,2860.5913729210356,-0.046469542359654836,3070.519566103072,2858.214341542115,-212.30522456095696,-0.06914309451230838,False,False,,,False,False,,,False,False,False,,,12,6,,N2_absolute_trend_taa,N1_dual_momentum_taa,0,4541,deterministic_stratified_sample
evidence_core_combo,stress,90,2011-10-17,2012-02-24,2911.02326163335,-0.02965891278888333,3070.519566103072,2858.214341542115,-212.30522456095696,-0.06914309451230838,False,False,,,False,False,,,False,False,False,,,12,6,,N2_absolute_trend_taa,N1_dual_momentum_taa,0,4541,deterministic_stratified_sample
evidence_core_combo,stress,90,2011-10-28,2012-03-08,2823.552639036222,-0.058815786987926,3070.519566103072,2823.552639036222,-246.96692706685008,-0.08043164088359367,False,False,,,False,False,,,False,False,False,,,15,8,,N2_absolute_trend_taa,N1_dual_momentum_taa,0,4541,deterministic_stratified_sample
evidence_core_combo,stress,90,2011-10-31,2012-03-09,2833.4611964810556,-0.05551293450631478,3070.519566103072,2823.552639036222,-246.96692706685008,-0.08043164088359367,False,False,,,False,False,,,False,False,False,,,15,8,,N2_absolute_trend_taa,N1_dual_momentum_taa,0,4541,deterministic_stratified_sample
evidence_core_combo,stress,90,2011-11-11,2012-03-22,2815.9186802467693,-0.06136043991774354,3036.307803681819,2815.9186802467693,-220.3891234350499,-0.0725845789309656,False,False,,,False,False,,,False,False,False,,,12,7,,N2_absolute_trend_taa,N1_dual_momentum_taa,0,4541,deterministic_stratified_sample
evidence_core_combo,stress,90,2011-11-18,2012-03-29,2824.344102625767,-0.058551965791410976,3036.307803681819,2815.9186802467693,-220.3891234350499,-0.0725845789309656,False,False,,,False,False,,,False,False,False,,,12,7,,N2_absolute_trend_taa,N1_dual_momentum_taa,0,4541,deterministic_stratified_sample
evidence_core_combo,stress,90,2011-11-25,2012-04-04,2802.049436146948,-0.06598352128435059,3036.307803681819,2802.049436146948,-234.258367534871,-0.07715237804639241,False,False,,,False,False,,,False,False,False,,,15,9,,N2_absolute_trend_taa,N1_dual_momentum_taa,0,4541,deterministic_stratified_sample
evidence_core_combo,stress,90,2011-11-29,2012-04-09,2784.967064149084,-0.07167764528363874,3036.307803681819,2784.967064149084,-251.34073953273537,-0.0827784123954628,False,False,,,False,False,,,False,False,False,,,15,9,,N2_absolute_trend_taa,N1_dual_momentum_taa,0,4541,deterministic_stratified_sample
evidence_core_combo,stress,90,2011-12-13,2012-04-23,2778.360225535481,-0.0738799248215064,3000.0,2778.360225535481,-221.63977446451918,-0.0738799248215064,False,False,,,False,False,,,False,False,False,,,12,8,,N2_absolute_trend_taa,N1_dual_momentum_taa,0,4541,deterministic_stratified_sample
evidence_core_combo,stress,90,2012-01-09,2012-05-16,2824.816475531669,-0.05839450815611036,3004.580354950474,2791.1293737739034,-213.45098117657062,-0.07104186141165425,False,False,,,False,False,,,False,False,False,,,12,8,,N2_absolute_trend_taa,N1_dual_momentum_taa,0,4541,deterministic_stratified_sample
evidence_core_combo,stress,90,2012-01-27,2012-06-05,2872.7659635237833,-0.04241134549207226,3004.580354950474,2791.1293737739034,-213.45098117657062,-0.07104186141165425,False,False,,,False,False,,,False,False,False,,,15,10,,N2_absolute_trend_taa,N1_dual_momentum_taa,0,4541,deterministic_stratified_sample
evidence_core_combo,stress,90,2012-02-16,2012-06-25,2956.7781628347384,-0.014407279055087208,3017.287957347792,2852.1828206203327,-150.72302483333306,-0.050192391167217076,False,False,,,False,False,,,False,False,False,,,12,8,,N2_absolute_trend_taa,N1_dual_momentum_taa,0,4541,deterministic_stratified_sample
evidence_core_combo,stress,90,2012-03-12,2012-07-18,3054.544969156428,0.018181656385475975,3083.787252422004,2888.50408379526,-136.54845369698342,-0.04513920072614064,False,False,,,False,False,,,False,False,False,,,12,8,,N1_dual_momentum_taa,N2_absolute_trend_taa,0,4541,deterministic_stratified_sample
evidence_core_combo,stress,90,2012-03-16,2012-07-24,3062.472655356931,0.020824218452310417,3083.787252422004,2888.50408379526,-136.54845369698342,-0.04513920072614064,False,False,,,False,False,,,False,False,False,,,12,8,,N1_dual_momentum_taa,N2_absolute_trend_taa,0,4541,deterministic_stratified_sample
evidence_core_combo,stress,90,2012-04-20,2012-08-27,3076.351494351552,0.025450498117183917,3151.554284080209,2951.979716732543,-92.08973316816264,-0.029220417885024386,False,False,,,False,False,,,False,False,False,,,12,8,,N1_dual_momentum_taa,N2_absolute_trend_taa,0,4541,deterministic_stratified_sample
evidence_core_combo,stress,90,2012-05-07,2012-09-12,3033.9468906492175,0.011315630216405914,3090.7311070540873,2979.683112573532,-90.31245451836503,-0.029220417885024608,False,False,,,False,False,,,False,False,False,,,12,8,,N2_absolute_trend_taa,N1_dual_momentum_taa,0,4541,deterministic_stratified_sample
evidence_core_combo,stress,90,2012-05-10,2012-09-17,3085.6223931069508,0.028540797702316878,3090.7311070540873,2979.683112573532,-90.31245451836503,-0.029220417885024608,False,False,,,False,False,,,False,False,False,,,12,8,,N1_dual_momentum_taa,N2_absolute_trend_taa,0,4541,deterministic_stratified_sample
evidence_core_combo,stress,90,2012-07-03,2012-11-09,2938.254536879091,-0.020581821040302928,3049.093827881662,2919.2435720710655,-129.85025581059654,-0.042586507054395595,False,False,,,False,False,,,False,False,False,,,12,8,,N2_absolute_trend_taa,N1_dual_momentum_taa,0,4541,deterministic_stratified_sample
evidence_core_combo,stress,90,2012-07-11,2012-11-16,2941.9987386222265,-0.01933375379259117,3049.093827881662,2919.2435720710655,-129.85025581059654,-0.042586507054395595,False,False,,,False,False,,,False,False,False,,,12,8,,N2_absolute_trend_taa,N1_dual_momentum_taa,0,4541,deterministic_stratified_sample
evidence_core_combo,stress,90,2012-07-12,2012-11-19,2935.181683548008,-0.02160610548399733,3049.093827881662,2919.2435720710655,-129.85025581059654,-0.042586507054395595,False,False,,,False,False,,,False,False,False,,,12,8,,N2_absolute_trend_taa,N1_dual_momentum_taa,0,4541,deterministic_stratified_sample
evidence_core_combo,stress,90,2012-07-25,2012-12-03,2893.3810167208844,-0.03553966109303852,3049.093827881662,2893.3810167208844,-155.71281116077762,-0.051068553462311206,False,False,,,False,False,,,False,False,False,,,15,10,,N2_absolute_trend_taa,N1_dual_momentum_taa,0,4541,deterministic_stratified_sample
evidence_core_combo,stress,90,2012-09-12,2013-01-23,2982.6763837520057,-0.005774538749331426,3041.8846221013428,2889.8349952588333,-152.0496268425095,-0.04998533663563909,False,False,,,False,False,,,False,False,False,,,12,8,,N1_dual_momentum_taa,N2_absolute_trend_taa,0,4541,deterministic_stratified_sample
evidence_core_combo,stress,90,2012-10-10,2013-02-21,3027.2338550258846,0.009077951675294793,3103.4371082021953,2928.4280492193816,-76.20325317631068,-0.024554469937512202,False,False,,,False,False,,,False,False,False,,,12,8,,N1_dual_momentum_taa,N2_absolute_trend_taa,0,4541,deterministic_stratified_sample
evidence_core_combo,stress,90,2012-11-13,2013-03-25,3145.6906200410554,0.048563540013685014,3166.191265686426,2960.754035899735,-77.04443667331861,-0.024554469937512424,False,False,,,False,False,,,False,False,False,,,12,8,,N1_dual_momentum_taa,N2_absolute_trend_taa,0,4541,deterministic_stratified_sample
evidence_core_combo,stress,90,2012-11-20,2013-04-02,3214.1030454417623,0.07136768181392084,3214.1030454417623,2960.754035899735,-77.04443667331861,-0.024554469937512424,False,False,,,False,False,,,False,False,False,,,15,10,,N1_dual_momentum_taa,N2_absolute_trend_taa,0,4541,deterministic_stratified_sample
evidence_core_combo,stress,90,2013-01-02,2013-05-10,3209.8979928387025,0.06996599761290079,3209.8979928387025,2972.420687020047,-75.17226609310956,-0.024554469937512313,False,False,,,False,False,,,False,False,False,,,11,9,,N1_dual_momentum_taa,N2_absolute_trend_taa,0,4541,deterministic_stratified_sample
evidence_core_combo,stress,90,2013-01-22,2013-05-30,3228.0047718368983,0.0760015906122995,3261.128893944009,2972.420687020047,-75.17226609310956,-0.024554469937512313,False,False,,,False,False,,,False,False,False,,,11,9,,N1_dual_momentum_taa,N2_absolute_trend_taa,0,4541,deterministic_stratified_sample
evidence_core_combo,stress,90,2013-03-15,2013-07-23,3087.77542484277,0.02925847494758993,3151.595590793266,3000.0,-145.005788733185,-0.04601027782777378,False,False,,,False,False,,,False,False,False,,,8,12,,N1_dual_momentum_taa,N2_absolute_trend_taa,0,4541,deterministic_stratified_sample
evidence_core_combo,stress,90,2013-03-22,2013-07-30,3068.70901845258,0.02290300615085994,3151.595590793266,3000.0,-145.005788733185,-0.04601027782777378,False,False,,,False,False,,,False,False,False,,,8,12,,N1_dual_momentum_taa,N2_absolute_trend_taa,0,4541,deterministic_stratified_sample
evidence_core_combo,stress,90,2013-03-25,2013-07-31,3069.3239723906363,0.023107990796878752,3151.595590793266,3000.0,-145.005788733185,-0.04601027782777378,False,False,,,False,False,,,False,False,False,,,8,12,,N1_dual_momentum_taa,N2_absolute_trend_taa,0,4541,deterministic_stratified_sample
evidence_core_combo,stress,90,2013-05-23,2013-09-30,3039.310384351118,0.013103461450372667,3085.427815095001,2916.134532574206,-88.71341840052901,-0.029458084863989042,False,False,,,False,False,,,False,False,False,,,9,11,,N1_dual_momentum_taa,N2_absolute_trend_taa,0,4541,deterministic_stratified_sample
evidence_core_combo,stress,90,2013-06-03,2013-10-08,3057.8063749560483,0.019268791652016004,3165.1235267760408,2991.457447534056,-107.31715181999243,-0.033906149605890556,False,False,,,False,False,,,False,False,False,,,10,10,,N1_dual_momentum_taa,N2_absolute_trend_taa,0,4541,deterministic_stratified_sample
evidence_core_combo,stress,90,2013-06-10,2013-10-15,3057.8063749560483,0.019268791652016004,3165.1235267760408,2991.457447534056,-107.31715181999243,-0.033906149605890556,False,False,,,False,False,,,False,False,False,,,10,10,,N1_dual_momentum_taa,N2_absolute_trend_taa,0,4541,deterministic_stratified_sample
evidence_core_combo,stress,90,2013-07-25,2013-11-29,3087.665136601293,0.029221712200431016,3098.771302366542,2935.4401928764805,-148.27717030341182,-0.04785031092490499,False,False,,,False,False,,,False,False,False,,,12,8,,N1_dual_momentum_taa,N2_absolute_trend_taa,0,4541,deterministic_stratified_sample
evidence_core_combo,stress,90,2013-08-27,2014-01-03,3037.2926374213766,0.012430879140458817,3148.9927358301425,2983.014537656407,-148.80169561250796,-0.047253743687433625,False,False,,,False,False,,,False,False,False,,,15,10,,N2_absolute_trend_taa,N1_dual_momentum_taa,0,4541,deterministic_stratified_sample
evidence_core_combo,stress,90,2013-09-25,2014-02-03,2829.4164316828155,-0.05686118943906149,3039.2868158550164,2829.4164316828155,-209.87038417220083,-0.06905251030517168,False,False,,,False,False,,,False,False,False,,,15,10,,N2_absolute_trend_taa,N1_dual_momentum_taa,0,4541,deterministic_stratified_sample
evidence_core_combo,stress,90,2013-11-08,2014-03-20,2996.9551729766463,-0.0010149423411178748,3038.5030973107946,2798.4264211101076,-201.57357888989236,-0.06719119296329745,False,False,,,False,False,,,False,False,False,,,12,8,,N2_absolute_trend_taa,N1_dual_momentum_taa,0,4541,deterministic_stratified_sample
evidence_core_combo,stress,90,2013-11-13,2014-03-25,2972.3720194295024,-0.009209326856832512,3038.5030973107946,2798.4264211101076,-201.57357888989236,-0.06719119296329745,False,False,,,False,False,,,False,False,False,,,12,8,,N2_absolute_trend_taa,N1_dual_momentum_taa,0,4541,deterministic_stratified_sample
evidence_core_combo,stress,90,2013-11-22,2014-04-03,2995.2126226243045,-0.0015957924585652261,3038.5030973107946,2798.4264211101076,-201.57357888989236,-0.06719119296329745,False,False,,,False,False,,,False,False,False,,,14,11,,N2_absolute_trend_taa,N1_dual_momentum_taa,0,4541,deterministic_stratified_sample
evidence_core_combo,stress,90,2014-01-28,2014-06-05,3104.9048959571965,0.03496829865239892,3170.501624377064,2932.377517634813,-142.43382598751032,-0.04492469737040283,False,False,,,False,False,,,False,False,False,,,13,12,,N1_dual_momentum_taa,N2_absolute_trend_taa,0,4541,deterministic_stratified_sample
evidence_core_combo,stress,90,2014-02-04,2014-06-12,2988.5267645551603,-0.0038244118149465267,3054.87202587884,2914.467950551434,-140.40407532740574,-0.04596070609112135,False,False,,,False,False,,,False,False,False,,,11,9,,N2_absolute_trend_taa,N1_dual_momentum_taa,0,4541,deterministic_stratified_sample
evidence_core_combo,stress,90,2014-02-13,2014-06-23,3016.323227131282,0.00544107571042729,3054.87202587884,2914.467950551434,-140.40407532740574,-0.04596070609112135,False,False,,,False,False,,,False,False,False,,,11,9,,N2_absolute_trend_taa,N1_dual_momentum_taa,0,4541,deterministic_stratified_sample
evidence_core_combo,stress,90,2014-03-31,2014-08-06,2980.0024032470938,-0.006665865584302044,3068.3840487257216,2922.2203774464106,-97.35832518195184,-0.032242353907585564,False,False,,,False,False,,,False,False,False,,,14,11,,N2_absolute_trend_taa,N1_dual_momentum_taa,0,4541,deterministic_stratified_sample
evidence_core_combo,stress,90,2014-04-23,2014-08-28,3184.102679376466,0.061367559792155246,3184.102679376466,2984.368201327253,-112.15702544320084,-0.03579128799558873,False,False,,,False,False,,,False,False,False,,,12,8,,N1_dual_momentum_taa,N2_absolute_trend_taa,0,4541,deterministic_stratified_sample
evidence_core_combo,stress,90,2014-05-30,2014-10-06,3070.852748994394,0.023617582998131326,3180.2107196733,2990.2289110208308,-121.9089768115532,-0.03833361608946362,False,False,,,False,False,,,False,False,False,,,15,10,,N1_dual_momentum_taa,N2_absolute_trend_taa,0,4541,deterministic_stratified_sample
evidence_core_combo,stress,90,2014-07-11,2014-11-14,3044.393786763396,0.014797928921131964,3151.1453518409317,2962.8998718901375,-128.84854903796895,-0.040889433730086244,False,False,,,False,False,,,False,False,False,,,11,9,,N2_absolute_trend_taa,N1_dual_momentum_taa,0,4541,deterministic_stratified_sample
evidence_core_combo,stress,90,2014-07-31,2014-12-05,3190.489420575744,0.06349647352524812,3190.489420575744,2962.8998718901375,-128.84854903796895,-0.040889433730086244,False,False,,,False,False,,,False,False,False,,,14,11,,N1_dual_momentum_taa,N2_absolute_trend_taa,0,4541,deterministic_stratified_sample
evidence_core_combo,stress,90,2014-08-08,2014-12-15,2939.2344621450775,-0.020255179284974223,3014.6117680889247,2855.0888804052183,-150.14989963937478,-0.04996271864864821,False,False,,,False,False,,,False,False,False,,,11,9,,N2_absolute_trend_taa,N1_dual_momentum_taa,0,4541,deterministic_stratified_sample
evidence_core_combo,stress,90,2014-09-29,2015-02-05,3051.250634827839,0.017083544942612994,3102.9850927429716,2908.772815398759,-91.22718460124088,-0.030409061533747006,False,False,,,False,False,,,False,False,False,,,14,11,,N1_dual_momentum_taa,N2_absolute_trend_taa,0,4541,deterministic_stratified_sample
evidence_core_combo,stress,90,2014-10-01,2015-02-09,3079.810610512131,0.02660353683737693,3200.3033131182383,3000.0,-120.49270260610729,-0.037650400858006305,False,False,,,False,False,,,False,False,False,,,11,9,,N1_dual_momentum_taa,N2_absolute_trend_taa,0,4541,deterministic_stratified_sample
evidence_core_combo,stress,90,2014-10-15,2015-02-24,3077.4693049472025,0.025823101649067537,3200.3033131182383,3000.0,-122.83400817103575,-0.038381989503161074,False,False,,,False,False,,,False,False,False,,,11,9,,N1_dual_momentum_taa,N2_absolute_trend_taa,0,4541,deterministic_stratified_sample
evidence_core_combo,stress,90,2014-12-08,2015-04-17,2962.9115494878433,-0.012362816837385604,3108.6837477196336,2927.6555791388228,-181.02816858081087,-0.05823306044354093,False,False,,,False,False,,,False,False,False,,,12,8,,N1_dual_momentum_taa,N2_absolute_trend_taa,0,4541,deterministic_stratified_sample
evidence_core_combo,stress,90,2014-12-15,2015-04-24,2961.453409898066,-0.01284886336731128,3108.6837477196336,2927.6555791388228,-181.02816858081087,-0.05823306044354093,False,False,,,False,False,,,False,False,False,,,12,8,,N1_dual_momentum_taa,N2_absolute_trend_taa,0,4541,deterministic_stratified_sample
evidence_core_combo,stress,90,2015-02-10,2015-06-18,2966.162548784799,-0.011279150405066996,3023.2787089347976,2891.8828229678134,-123.63397877015223,-0.040999267090436,False,False,,,False,False,,,False,False,False,,,12,8,,N1_dual_momentum_taa,N2_absolute_trend_taa,0,4541,deterministic_stratified_sample
evidence_core_combo,stress,90,2015-03-06,2015-07-14,3038.35223320862,0.012784077736206712,3062.1141393661233,2929.030411727991,-108.30788381614639,-0.03537029610482345,False,False,,,False,False,,,False,False,False,,,12,8,,N1_dual_momentum_taa,N2_absolute_trend_taa,0,4541,deterministic_stratified_sample
evidence_core_combo,stress,90,2015-04-14,2015-08-19,2989.9022644995894,-0.0033659118334702365,3100.818867320901,2966.0529785225363,-110.9166028213117,-0.03577010059834396,False,False,,,False,False,,,False,False,False,,,12,8,,N1_dual_momentum_taa,N2_absolute_trend_taa,0,4541,deterministic_stratified_sample
evidence_core_combo,stress,90,2015-05-26,2015-09-30,2878.006685344629,-0.04066443821845689,3000.0,2862.403401430257,-137.59659856974304,-0.045865532856581015,False,False,,,False,False,,,False,False,False,,,12,7,,N2_absolute_trend_taa,N1_dual_momentum_taa,0,4541,deterministic_stratified_sample
evidence_core_combo,stress,90,2015-06-12,2015-10-19,2960.4179928023145,-0.013194002399228522,3062.642390044968,2945.5979228529704,-117.04446719199768,-0.03821682465195653,False,False,,,False,False,,,False,False,False,,,12,6,,N2_absolute_trend_taa,N1_dual_momentum_taa,0,4541,deterministic_stratified_sample
evidence_core_combo,stress,90,2015-07-08,2015-11-11,2855.868196521161,-0.048043934492946416,3000.0,2855.868196521161,-144.13180347883917,-0.048043934492946416,False,False,,,False,False,,,False,False,False,,,12,6,,N2_absolute_trend_taa,N1_dual_momentum_taa,0,4541,deterministic_stratified_sample
evidence_core_combo,stress,90,2015-07-31,2015-12-07,2789.1102746232505,-0.07029657512558318,3000.0,2762.157280528955,-237.8427194710448,-0.07928090649034825,False,False,,,False,False,,,False,False,False,,,15,8,,N2_absolute_trend_taa,N1_dual_momentum_taa,0,4541,deterministic_stratified_sample
evidence_core_combo,stress,90,2015-08-11,2015-12-16,2826.247945224082,-0.057917351591972754,3006.6436247627107,2826.247945224082,-180.39567953862888,-0.059999022848232,False,False,,,False,False,,,False,False,False,,,12,6,,N2_absolute_trend_taa,N1_dual_momentum_taa,0,4541,deterministic_stratified_sample
evidence_core_combo,stress,90,2015-08-13,2015-12-18,2835.9729785474674,-0.05467567381751082,3006.6436247627107,2826.247945224082,-180.39567953862888,-0.059999022848232,False,False,,,False,False,,,False,False,False,,,12,6,,N2_absolute_trend_taa,N1_dual_momentum_taa,0,4541,deterministic_stratified_sample
evidence_core_combo,stress,90,2015-09-02,2016-01-11,2829.42848686626,-0.0568571710445801,3008.815141075576,2824.072079833198,-184.74306124237773,-0.061400602090940226,False,False,,,False,False,,,False,False,False,,,12,6,,N2_absolute_trend_taa,N1_dual_momentum_taa,0,4541,deterministic_stratified_sample
evidence_core_combo,stress,90,2015-09-03,2016-01-12,2829.5623034896844,-0.056812565503438495,3008.815141075576,2824.072079833198,-184.74306124237773,-0.061400602090940226,False,False,,,False,False,,,False,False,False,,,12,6,,N2_absolute_trend_taa,N1_dual_momentum_taa,0,4541,deterministic_stratified_sample
evidence_core_combo,stress,90,2015-09-21,2016-01-28,2832.374198558037,-0.05587526714732105,3008.815141075576,2824.072079833198,-184.74306124237773,-0.061400602090940226,False,False,,,False,False,,,False,False,False,,,12,6,,N2_absolute_trend_taa,N1_dual_momentum_taa,0,4541,deterministic_stratified_sample
evidence_core_combo,stress,90,2015-10-07,2016-02-16,2907.9089035030674,-0.030697032165644234,3008.251594766365,2849.952425171199,-158.29916959516595,-0.052621652348017856,False,False,,,False,False,,,False,False,False,,,12,6,,N2_absolute_trend_taa,N1_dual_momentum_taa,0,4541,deterministic_stratified_sample
evidence_core_combo,stress,90,2015-10-28,2016-03-08,2924.5493642015595,-0.025150211932813527,3008.251594766365,2849.952425171199,-158.29916959516595,-0.052621652348017856,False,False,,,False,False,,,False,False,False,,,15,7,,N2_absolute_trend_taa,N1_dual_momentum_taa,0,4541,deterministic_stratified_sample
evidence_core_combo,stress,90,2015-11-13,2016-03-24,2940.2494999387154,-0.019916833353761487,3040.9677956261885,2928.907847462063,-100.71829568747307,-0.033120474288591883,False,False,,,False,False,,,False,False,False,,,12,5,,N2_absolute_trend_taa,N1_dual_momentum_taa,0,4541,deterministic_stratified_sample
evidence_core_combo,stress,90,2015-12-11,2016-04-21,3009.2583665153734,0.0030861221717910503,3105.5302866901156,2993.7949695041875,-108.48505242177453,-0.03493285925650991,False,False,,,False,False,,,False,False,False,,,12,5,,N2_absolute_trend_taa,N1_dual_momentum_taa,0,4541,deterministic_stratified_sample
evidence_core_combo,stress,90,2015-12-30,2016-05-09,2998.54565686336,-0.00048478104554672274,3105.5302866901156,2993.7949695041875,-108.48505242177453,-0.03493285925650991,False,False,,,False,False,,,False,False,False,,,15,7,,N2_absolute_trend_taa,N1_dual_momentum_taa,0,4541,deterministic_stratified_sample
evidence_core_combo,stress,90,2016-01-07,2016-05-16,3007.722418695795,0.0025741395652649768,3105.7952808621167,2994.0504293277436,-109.33775074989171,-0.03520442941736368,False,False,,,False,False,,,False,False,False,,,12,6,,N2_absolute_trend_taa,N1_dual_momentum_taa,0,4541,deterministic_stratified_sample
evidence_core_combo,stress,90,2016-01-19,2016-05-25,2951.2759972506765,-0.016241334249774475,3105.7952808621167,2951.2759972506765,-154.5192836114402,-0.04975192169412668,False,False,,,False,False,,,False,False,False,,,12,6,,N2_absolute_trend_taa,N1_dual_momentum_taa,0,4541,deterministic_stratified_sample
evidence_core_combo,stress,90,2016-01-26,2016-06-02,2957.2253761099087,-0.014258207963363745,3105.7952808621167,2949.6352745892887,-156.160006272828,-0.05028019948226614,False,False,,,False,False,,,False,False,False,,,15,8,,N2_absolute_trend_taa,N1_dual_momentum_taa,0,4541,deterministic_stratified_sample
evidence_core_combo,stress,90,2016-02-09,2016-06-16,3020.5051095469234,0.006835036515641102,3020.5051095469234,2899.3055988607957,-108.81089656247968,-0.03617243438810658,False,False,,,False,False,,,False,False,False,,,12,7,,N2_absolute_trend_taa,N1_dual_momentum_taa,0,4541,deterministic_stratified_sample
evidence_core_combo,stress,90,2016-02-11,2016-06-20,3004.062846055699,0.001354282018566355,3025.150783545516,2899.3055988607957,-108.81089656247968,-0.03617243438810658,False,False,,,False,False,,,False,False,False,,,12,7,,N2_absolute_trend_taa,N1_dual_momentum_taa,0,4541,deterministic_stratified_sample
evidence_core_combo,stress,90,2016-03-01,2016-07-07,3101.9343885623703,0.03397812952079016,3127.3687963201573,2919.002354891007,-109.55011552713768,-0.036172434388106356,False,False,,,False,False,,,False,False,False,,,12,8,,N2_absolute_trend_taa,N1_dual_momentum_taa,0,4541,deterministic_stratified_sample
evidence_core_combo,stress,90,2016-04-07,2016-08-12,3053.061485693262,0.0176871618977541,3127.479004827484,2919.1052205628753,-89.90445436114669,-0.02874662123146876,False,False,,,False,False,,,False,False,False,,,12,8,,N1_dual_momentum_taa,N2_absolute_trend_taa,0,4541,deterministic_stratified_sample
evidence_core_combo,stress,90,2016-05-10,2016-09-15,3112.389460414979,0.03746315347165963,3212.361413793223,2998.332189876938,-99.97195337824405,-0.031121016753901,False,False,,,False,False,,,False,False,False,,,12,8,,N1_dual_momentum_taa,N2_absolute_trend_taa,0,4541,deterministic_stratified_sample
evidence_core_combo,stress,90,2016-06-13,2016-10-18,2842.964193732254,-0.052345268755915386,3028.9883807152537,2838.5922863393907,-190.39609437586296,-0.06285798109628393,False,False,,,False,False,,,False,False,False,,,12,8,,N2_absolute_trend_taa,N1_dual_momentum_taa,0,4541,deterministic_stratified_sample
evidence_core_combo,stress,90,2016-06-23,2016-10-28,2833.9472548810195,-0.055350915039660165,3028.9883807152537,2833.9472548810195,-195.0411258342342,-0.06439150677368333,False,False,,,False,False,,,False,False,False,,,12,8,,N2_absolute_trend_taa,N1_dual_momentum_taa,0,4541,deterministic_stratified_sample
evidence_core_combo,stress,90,2016-07-13,2016-11-16,2850.402192150028,-0.04986593594999067,3037.932672418451,2801.6503799642524,-236.2822924541988,-0.07777733015593735,False,False,,,False,False,,,False,False,False,,,12,8,,N1_dual_momentum_taa,N2_absolute_trend_taa,0,4541,deterministic_stratified_sample
evidence_core_combo,stress,90,2016-09-12,2017-01-19,2877.0436582158327,-0.040985447261389085,3000.0,2822.223560161694,-177.77643983830603,-0.059258813279435385,False,False,,,False,False,,,False,False,False,,,11,9,,N1_dual_momentum_taa,N2_absolute_trend_taa,0,4541,deterministic_stratified_sample
evidence_core_combo,stress,90,2016-09-13,2017-01-20,2890.3634790805486,-0.03654550697315051,3000.0,2822.223560161694,-177.77643983830603,-0.059258813279435385,False,False,,,False,False,,,False,False,False,,,11,9,,N1_dual_momentum_taa,N2_absolute_trend_taa,0,4541,deterministic_stratified_sample
evidence_core_combo,stress,90,2016-11-10,2017-03-22,3055.9544081143817,0.01865146937146056,3089.134904489638,2944.6658104281355,-55.3341895718645,-0.018444729857288178,False,False,,,False,False,,,False,False,False,,,9,11,,N1_dual_momentum_taa,N2_absolute_trend_taa,0,4541,deterministic_stratified_sample
evidence_core_combo,stress,90,2016-11-18,2017-03-30,3071.424054067679,0.023808018022559718,3089.134904489638,2944.6658104281355,-55.3341895718645,-0.018444729857288178,False,False,,,False,False,,,False,False,False,,,9,11,,N1_dual_momentum_taa,N2_absolute_trend_taa,0,4541,deterministic_stratified_sample
evidence_core_combo,stress,90,2016-11-29,2017-04-07,3042.598025773115,0.014199341924371556,3089.134904489638,2944.6658104281355,-55.3341895718645,-0.018444729857288178,False,False,,,False,False,,,False,False,False,,,12,13,,N1_dual_momentum_taa,N2_absolute_trend_taa,0,4541,deterministic_stratified_sample
evidence_core_combo,stress,90,2017-01-13,2017-05-23,3024.077268300866,0.00802575610028855,3094.835760231902,2984.889475464737,-105.53101160824781,-0.03410505199182323,False,False,,,False,False,,,False,False,False,,,10,10,,N1_dual_momentum_taa,N2_absolute_trend_taa,0,4541,deterministic_stratified_sample
evidence_core_combo,stress,90,2017-01-26,2017-06-05,3056.3217288039436,0.018773909601314642,3094.835760231902,2984.889475464737,-105.53101160824781,-0.03410505199182323,False,False,,,False,False,,,False,False,False,,,13,12,,N1_dual_momentum_taa,N2_absolute_trend_taa,0,4541,deterministic_stratified_sample
evidence_core_combo,stress,90,2017-02-02,2017-06-12,2939.3262959043013,-0.020224568031899537,3015.812173163507,2912.446546892651,-102.83638102674877,-0.034105051991823454,False,False,,,False,False,,,False,False,False,,,11,9,,N2_absolute_trend_taa,N1_dual_momentum_taa,0,4541,deterministic_stratified_sample
evidence_core_combo,stress,90,2017-02-16,2017-06-26,2929.5336729784995,-0.023488775673833562,3015.812173163507,2912.446546892651,-102.83638102674877,-0.034105051991823454,False,False,,,False,False,,,False,False,False,,,11,9,,N2_absolute_trend_taa,N1_dual_momentum_taa,0,4541,deterministic_stratified_sample
evidence_core_combo,stress,90,2017-02-17,2017-06-27,2931.736998194448,-0.022754333935184,3015.812173163507,2912.446546892651,-102.83638102674877,-0.034105051991823454,False,False,,,False,False,,,False,False,False,,,11,9,,N2_absolute_trend_taa,N1_dual_momentum_taa,0,4541,deterministic_stratified_sample
evidence_core_combo,stress,90,2017-03-17,2017-07-25,3025.379048506404,0.008459682835468163,3033.838282868732,2885.980492068398,-131.84497179258824,-0.04368873328542555,False,False,,,False,False,,,False,False,False,,,11,9,,N2_absolute_trend_taa,N1_dual_momentum_taa,0,4541,deterministic_stratified_sample
evidence_core_combo,stress,90,2017-05-08,2017-09-13,3025.176503868789,0.008392167956263075,3098.2601584968875,2936.062187131735,-124.66848230944652,-0.04073160815950139,False,False,,,False,False,,,False,False,False,,,12,8,,N2_absolute_trend_taa,N1_dual_momentum_taa,0,4541,deterministic_stratified_sample
evidence_core_combo,stress,90,2017-05-17,2017-09-22,3038.1392056347768,0.012713068544925488,3098.2601584968875,2936.062187131735,-124.66848230944652,-0.04073160815950139,False,False,,,False,False,,,False,False,False,,,12,8,,N2_absolute_trend_taa,N1_dual_momentum_taa,0,4541,deterministic_stratified_sample
evidence_core_combo,stress,90,2017-07-19,2017-11-22,3040.2556311093404,0.01341854370311335,3075.788187804864,2907.070320270336,-104.5128802765048,-0.03470363370918239,False,False,,,False,False,,,False,False,False,,,12,8,,N1_dual_momentum_taa,N2_absolute_trend_taa,0,4541,deterministic_stratified_sample
evidence_core_combo,stress,90,2017-07-21,2017-11-27,3047.175471410964,0.015725157136987855,3075.788187804864,2907.070320270336,-104.5128802765048,-0.03470363370918239,False,False,,,False,False,,,False,False,False,,,12,8,,N1_dual_momentum_taa,N2_absolute_trend_taa,0,4541,deterministic_stratified_sample
evidence_core_combo,stress,90,2017-07-26,2017-11-30,3025.893703482497,0.008631234494165696,3075.788187804864,2907.070320270336,-104.5128802765048,-0.03470363370918239,False,False,,,False,False,,,False,False,False,,,12,8,,N1_dual_momentum_taa,N2_absolute_trend_taa,0,4541,deterministic_stratified_sample
evidence_core_combo,stress,90,2017-08-09,2017-12-14,3079.3679329716697,0.026455977657223295,3142.2328360988968,2969.8702444530995,-103.69854299841381,-0.03300154648220033,False,False,,,False,False,,,False,False,False,,,12,8,,N1_dual_momentum_taa,N2_absolute_trend_taa,0,4541,deterministic_stratified_sample
evidence_core_combo,stress,90,2017-08-16,2017-12-21,3137.459707407123,0.04581990246904111,3155.4461735254476,2969.8702444530995,-103.69854299841381,-0.03300154648220033,False,False,,,False,False,,,False,False,False,,,12,8,,N1_dual_momentum_taa,N2_absolute_trend_taa,0,4541,deterministic_stratified_sample
evidence_core_combo,stress,90,2017-09-18,2018-01-25,3286.8013511346057,0.09560045037820197,3299.6187755090696,3000.0,-104.75057944914761,-0.03300154648220055,False,False,,,False,False,,,False,False,False,,,12,8,,N1_dual_momentum_taa,N2_absolute_trend_taa,0,4541,deterministic_stratified_sample
evidence_core_combo,stress,90,2017-10-11,2018-02-20,3043.0516033687422,0.014350534456247344,3155.2563307108258,2917.850938555571,-112.20472734208352,-0.03556120821309172,False,False,,,False,False,,,False,False,False,,,11,9,,N2_absolute_trend_taa,N1_dual_momentum_taa,0,4541,deterministic_stratified_sample
evidence_core_combo,stress,90,2017-10-27,2018-03-08,3078.6876699997256,0.026229223333241958,3155.2563307108258,2917.850938555571,-133.27299986431808,-0.04223840661284528,False,False,,,False,False,,,False,False,False,,,12,13,,N1_dual_momentum_taa,N2_absolute_trend_taa,0,4541,deterministic_stratified_sample
evidence_core_combo,stress,90,2017-11-16,2018-03-28,3086.7601474419635,0.02892004914732116,3185.9243135643824,2946.2114244159056,-134.5683665940819,-0.04223840661284517,False,False,,,False,False,,,False,False,False,,,9,11,,N1_dual_momentum_taa,N2_absolute_trend_taa,0,4541,deterministic_stratified_sample
evidence_core_combo,stress,90,2017-12-14,2018-04-25,3000.0730803324495,2.4360110816523672e-05,3156.2719397530345,3000.0,-156.198859420585,-0.049488403534964975,False,False,,,False,False,,,False,False,False,,,7,13,,N2_absolute_trend_taa,N1_dual_momentum_taa,0,4541,deterministic_stratified_sample
evidence_core_combo,stress,90,2017-12-29,2018-05-09,3066.9125699538718,0.022304189984623912,3156.2719397530345,3000.0,-156.198859420585,-0.049488403534964975,False,False,,,False,False,,,False,False,False,,,8,17,,N1_dual_momentum_taa,N2_absolute_trend_taa,0,4541,deterministic_stratified_sample
evidence_core_combo,stress,90,2018-01-22,2018-05-30,2959.6462865651642,-0.013451237811611949,3006.1196856644274,2881.360833563152,-124.75885210127535,-0.041501625067100645,False,False,,,False,False,,,False,False,False,,,5,15,,N1_dual_momentum_taa,N1_dual_momentum_taa,0,4541,deterministic_stratified_sample
evidence_core_combo,stress,90,2018-03-21,2018-07-27,3125.1077465688722,0.04170258218962397,3206.6593396870608,2943.1421887564616,-85.56811593037446,-0.028252327664999966,False,False,,,False,False,,,False,False,False,,,7,13,,N1_dual_momentum_taa,N2_absolute_trend_taa,0,4541,deterministic_stratified_sample
evidence_core_combo,stress,90,2018-03-22,2018-07-30,3121.88451725777,0.040628172419256536,3206.6593396870608,2943.1421887564616,-85.56811593037446,-0.028252327664999966,False,False,,,False,False,,,False,False,False,,,7,13,,N1_dual_momentum_taa,N2_absolute_trend_taa,0,4541,deterministic_stratified_sample
evidence_core_combo,stress,90,2018-04-17,2018-08-22,3229.9025339675586,0.07663417798918615,3245.351741883054,3000.0,-77.54262601707023,-0.023893442740378412,False,False,,,False,False,,,False,False,False,,,7,13,,N1_dual_momentum_taa,N2_absolute_trend_taa,0,4541,deterministic_stratified_sample
evidence_core_combo,stress,90,2018-05-09,2018-09-14,3182.5471540515596,0.06084905135051977,3234.880359246872,2963.7906492792263,-83.9172950379816,-0.026437115218345686,False,False,,,False,False,,,False,False,False,,,10,10,,N1_dual_momentum_taa,N2_absolute_trend_taa,0,4541,deterministic_stratified_sample
evidence_core_combo,stress,90,2018-05-23,2018-09-28,3177.684713691404,0.05922823789713472,3234.880359246872,2963.7906492792263,-83.9172950379816,-0.026437115218345686,False,False,,,False,False,,,False,False,False,,,10,10,,N1_dual_momentum_taa,N2_absolute_trend_taa,0,4541,deterministic_stratified_sample
evidence_core_combo,stress,90,2018-06-08,2018-10-15,3135.5382716659497,0.04517942388864982,3274.4016788435174,3000.0,-138.86340717756775,-0.04240878816877858,False,False,,,False,False,,,False,False,False,,,11,9,,N1_dual_momentum_taa,N2_absolute_trend_taa,0,4541,deterministic_stratified_sample
evidence_core_combo,stress,90,2018-07-25,2018-11-29,2999.3386158793705,-0.000220461373543146,3133.2776828445108,2993.9938754233563,-139.2838074211545,-0.04445306848600383,False,False,,,False,False,,,False,False,False,,,12,7,,N1_dual_momentum_taa,N2_absolute_trend_taa,0,4541,deterministic_stratified_sample
evidence_core_combo,stress,90,2018-08-24,2019-01-03,2841.1463026027823,-0.052951232465739295,3000.0,2805.802626306366,-194.19737369363384,-0.06473245789787796,False,False,,,False,False,,,False,False,False,,,15,8,,N2_absolute_trend_taa,N1_dual_momentum_taa,0,4541,deterministic_stratified_sample
evidence_core_combo,stress,90,2018-09-13,2019-01-23,2847.2723444627545,-0.050909218512415144,3000.0,2836.349177068034,-163.6508229319661,-0.0545502743106554,False,False,,,False,False,,,False,False,False,,,12,6,,N2_absolute_trend_taa,N1_dual_momentum_taa,0,4541,deterministic_stratified_sample
evidence_core_combo,stress,90,2018-09-24,2019-02-01,2860.8803963272608,-0.046373201224246374,3000.0,2836.349177068034,-163.6508229319661,-0.0545502743106554,False,False,,,False,False,,,False,False,False,,,15,7,,N2_absolute_trend_taa,N1_dual_momentum_taa,0,4541,deterministic_stratified_sample
evidence_core_combo,stress,90,2018-10-25,2019-03-07,2900.3869248967712,-0.03320435836774294,3000.0,2896.964666177543,-103.03533382245678,-0.034345111274152296,False,False,,,False,False,,,False,False,False,,,15,7,,N2_absolute_trend_taa,N1_dual_momentum_taa,0,4541,deterministic_stratified_sample
evidence_core_combo,stress,90,2018-11-12,2019-03-25,2952.284020873346,-0.01590532637555131,3000.0,2899.3839111428165,-100.61608885718351,-0.03353869628572781,False,False,,,False,False,,,False,False,False,,,12,6,,N2_absolute_trend_taa,N1_dual_momentum_taa,0,4541,deterministic_stratified_sample
evidence_core_combo,stress,90,2018-11-16,2019-03-29,2930.855053340947,-0.023048315553017673,3000.0,2899.3839111428165,-100.61608885718351,-0.03353869628572781,False,False,,,False,False,,,False,False,False,,,12,6,,N2_absolute_trend_taa,N1_dual_momentum_taa,0,4541,deterministic_stratified_sample
evidence_core_combo,stress,90,2018-11-23,2019-04-04,2927.4791814543714,-0.02417360618187614,3000.0,2899.3839111428165,-100.61608885718351,-0.03353869628572781,False,False,,,False,False,,,False,False,False,,,15,8,,N2_absolute_trend_taa,N1_dual_momentum_taa,0,4541,deterministic_stratified_sample
evidence_core_combo,stress,90,2018-12-11,2019-04-22,3011.9066255997905,0.003968875199930055,3033.66550195628,2959.257019067197,-74.40848288908319,-0.024527583163371336,False,False,,,False,False,,,False,False,False,,,12,6,,N1_dual_momentum_taa,N2_absolute_trend_taa,0,4541,deterministic_stratified_sample
evidence_core_combo,stress,90,2018-12-28,2019-05-08,2974.3543009598006,-0.008548566346733066,3057.552304534314,2959.257019067197,-83.19800357451322,-0.02721065587369731,False,False,,,False,False,,,False,False,False,,,15,8,,N1_dual_momentum_taa,N2_absolute_trend_taa,0,4541,deterministic_stratified_sample
evidence_core_combo,stress,90,2019-01-16,2019-05-24,2956.467041527578,-0.014510986157473926,3039.164706499625,2941.4605521131425,-82.69766497204682,-0.027210655873697087,False,False,,,False,False,,,False,False,False,,,12,7,,N1_dual_momentum_taa,N2_absolute_trend_taa,0,4541,deterministic_stratified_sample
evidence_core_combo,stress,90,2019-02-04,2019-06-12,2972.7224483522527,-0.009092517215915752,3068.8652431369487,2965.823760797707,-103.04148233924161,-0.033576411531812345,False,False,,,False,False,,,False,False,False,,,12,7,,N1_dual_momentum_taa,N2_absolute_trend_taa,0,4541,deterministic_stratified_sample
evidence_core_combo,stress,90,2019-02-07,2019-06-17,2987.2852110407694,-0.004238262986410168,3068.8652431369487,2965.823760797707,-103.04148233924161,-0.033576411531812345,False,False,,,False,False,,,False,False,False,,,12,7,,N1_dual_momentum_taa,N2_absolute_trend_taa,0,4541,deterministic_stratified_sample
evidence_core_combo,stress,90,2019-03-04,2019-07-10,2946.7717414897925,-0.017742752836735876,3066.297378163834,2940.7773352201352,-125.52004294369863,-0.040935378230947284,False,False,,,False,False,,,False,False,False,,,11,8,,N2_absolute_trend_taa,N1_dual_momentum_taa,0,4541,deterministic_stratified_sample
evidence_core_combo,stress,90,2019-04-23,2019-08-28,2830.6445785860415,-0.05645180713798614,3000.0,2791.7098691183432,-208.29013088165675,-0.06943004362721894,False,False,,,False,False,,,False,False,False,,,11,8,,N2_absolute_trend_taa,N1_dual_momentum_taa,0,4541,deterministic_stratified_sample
evidence_core_combo,stress,90,2019-05-03,2019-09-10,2827.0141280512726,-0.05766195731624246,3025.253550141381,2827.0141280512726,-198.2394220901083,-0.06552820079521726,False,False,,,False,False,,,False,False,False,,,11,8,,N2_absolute_trend_taa,N1_dual_momentum_taa,0,4541,deterministic_stratified_sample
evidence_core_combo,stress,90,2019-07-08,2019-11-11,2844.8626505406673,-0.05171244981977752,3000.0,2844.8626505406673,-155.13734945933265,-0.05171244981977752,False,False,,,False,False,,,False,False,False,,,12,8,,N2_absolute_trend_taa,N1_dual_momentum_taa,0,4541,deterministic_stratified_sample
evidence_core_combo,stress,90,2019-07-11,2019-11-14,2847.2612029469915,-0.050912932351002804,3000.0,2844.8626505406673,-155.13734945933265,-0.05171244981977752,False,False,,,False,False,,,False,False,False,,,12,8,,N2_absolute_trend_taa,N1_dual_momentum_taa,0,4541,deterministic_stratified_sample
evidence_core_combo,stress,90,2019-09-06,2020-01-14,2869.6431690456566,-0.04345227698478116,3058.2657813481956,2863.4758057532104,-194.7899755949852,-0.06369295199356895,False,False,,,False,False,,,False,False,False,,,12,8,,N2_absolute_trend_taa,N1_dual_momentum_taa,0,4541,deterministic_stratified_sample
evidence_core_combo,stress,90,2019-09-27,2020-02-05,2946.808984079883,-0.017730338640039034,3058.2657813481956,2863.4758057532104,-194.7899755949852,-0.06369295199356895,False,False,,,False,False,,,False,False,False,,,15,10,,N2_absolute_trend_taa,N1_dual_momentum_taa,0,4541,deterministic_stratified_sample
evidence_core_combo,stress,90,2019-10-24,2020-03-04,2924.9839713807273,-0.025005342873090863,3063.81855360828,2862.3120026599654,-201.50655094831473,-0.06576974041462058,False,False,,,False,False,,,False,False,False,,,15,9,,N2_absolute_trend_taa,N1_dual_momentum_taa,0,4541,deterministic_stratified_sample
evidence_core_combo,stress,90,2019-11-06,2020-03-17,2932.069308677942,-0.022643563774019326,3099.4008752648774,2870.8626118337893,-202.10851319475205,-0.06576974041462069,False,False,,,False,False,,,False,False,False,,,12,7,,N2_absolute_trend_taa,N1_dual_momentum_taa,0,4541,deterministic_stratified_sample
evidence_core_combo,stress,90,2019-12-13,2020-04-23,3116.433639905769,0.03881121330192294,3166.2947763304746,2932.82400607019,-206.47059071562398,-0.06576974041462058,False,False,,,False,False,,,False,False,False,,,10,8,,N1_dual_momentum_taa,N2_absolute_trend_taa,0,4541,deterministic_stratified_sample
evidence_core_combo,stress,90,2020-01-08,2020-05-15,3052.318093353596,0.017439364451198758,3228.6842225499777,2990.613087164542,-218.54992725347802,-0.06769009051026664,False,False,,,False,False,,,False,False,False,,,10,7,,N1_dual_momentum_taa,N2_absolute_trend_taa,0,4541,deterministic_stratified_sample
evidence_core_combo,stress,90,2020-03-05,2020-07-13,3117.323162696674,0.03910772089889125,3139.906019571009,3000.0,-120.09037479359904,-0.03847484571512827,False,False,,,False,False,,,False,False,False,,,10,8,,N1_dual_momentum_taa,N2_absolute_trend_taa,0,4541,deterministic_stratified_sample
evidence_core_combo,stress,90,2020-03-11,2020-07-17,3125.5071273542535,0.04183570911808454,3139.906019571009,3000.0,-120.09037479359904,-0.03847484571512827,False,False,,,False,False,,,False,False,False,,,10,8,,N1_dual_momentum_taa,N2_absolute_trend_taa,0,4541,deterministic_stratified_sample
evidence_core_combo,stress,90,2020-03-27,2020-08-04,3238.6466844774545,0.07954889482581828,3238.6466844774545,3000.0,-120.09037479359904,-0.03847484571512827,False,False,,,False,False,,,False,False,False,,,13,10,,N2_absolute_trend_taa,N1_dual_momentum_taa,0,4541,deterministic_stratified_sample
evidence_core_combo,stress,90,2020-04-08,2020-08-14,3089.705831732138,0.02990194391071266,3199.0224554559018,2926.270715332832,-141.25916387078405,-0.04415697790112971,False,False,,,False,False,,,False,False,False,,,12,7,,N2_absolute_trend_taa,N1_dual_momentum_taa,0,4541,deterministic_stratified_sample
evidence_core_combo,stress,90,2020-04-15,2020-08-20,3131.158182368661,0.043719394122887056,3199.0224554559018,2926.270715332832,-141.25916387078405,-0.04415697790112971,False,False,,,False,False,,,False,False,False,,,12,7,,N2_absolute_trend_taa,N1_dual_momentum_taa,0,4541,deterministic_stratified_sample
evidence_core_combo,stress,90,2020-05-01,2020-09-08,3196.1154638885328,0.06537182129617758,3280.4354607328155,2960.3934912425034,-142.90636444204165,-0.044156977901129824,False,False,,,False,False,,,False,False,False,,,12,8,,N2_absolute_trend_taa,N1_dual_momentum_taa,0,4541,deterministic_stratified_sample
evidence_core_combo,stress,90,2020-05-05,2020-09-10,3202.943207107248,0.06764773570241589,3280.4354607328155,2960.3934912425034,-142.90636444204165,-0.044156977901129824,False,False,,,False,False,,,False,False,False,,,12,8,,N2_absolute_trend_taa,N1_dual_momentum_taa,0,4541,deterministic_stratified_sample
evidence_core_combo,stress,90,2020-05-19,2020-09-24,3161.9771930167412,0.05399239767224717,3280.4354607328155,2960.3934912425034,-142.90636444204165,-0.044156977901129824,False,False,,,False,False,,,False,False,False,,,12,8,,N1_dual_momentum_taa,N2_absolute_trend_taa,0,4541,deterministic_stratified_sample
evidence_core_combo,stress,90,2020-05-22,2020-09-29,3178.0251232424876,0.05934170774749581,3280.4354607328155,2960.3934912425034,-142.90636444204165,-0.044156977901129824,False,False,,,False,False,,,False,False,False,,,12,8,,N1_dual_momentum_taa,N2_absolute_trend_taa,0,4541,deterministic_stratified_sample
evidence_core_combo,stress,90,2020-06-04,2020-10-09,3278.827389702118,0.09294246323403943,3278.827389702118,3000.0,-143.31519428266347,-0.04415697790112971,False,False,,,False,False,,,False,False,False,,,9,11,,N2_absolute_trend_taa,N1_dual_momentum_taa,0,4541,deterministic_stratified_sample
evidence_core_combo,stress,90,2020-08-03,2020-12-08,3063.0317356337277,0.021010578544575997,3063.0317356337277,2886.9222198837488,-139.7047812999299,-0.04615857231343434,False,False,,,False,False,,,False,False,False,,,6,14,,N1_dual_momentum_taa,N2_absolute_trend_taa,0,4541,deterministic_stratified_sample
evidence_core_combo,stress,90,2020-08-05,2020-12-10,3021.5736695452533,0.0071912231817510275,3063.0317356337277,2886.9222198837488,-139.7047812999299,-0.04615857231343434,False,False,,,False,False,,,False,False,False,,,6,14,,N1_dual_momentum_taa,N2_absolute_trend_taa,0,4541,deterministic_stratified_sample
evidence_core_combo,stress,90,2020-08-11,2020-12-16,3021.5736695452533,0.0071912231817510275,3063.0317356337277,2886.9222198837488,-139.7047812999299,-0.04615857231343434,False,False,,,False,False,,,False,False,False,,,6,14,,N1_dual_momentum_taa,N2_absolute_trend_taa,0,4541,deterministic_stratified_sample
evidence_core_combo,stress,90,2020-09-28,2021-02-04,3226.281828087309,0.07542727602910304,3240.7212649566627,3000.0,-89.71104796573536,-0.028211768026313977,False,False,,,False,False,,,False,False,False,,,6,19,,N1_dual_momentum_taa,N2_absolute_trend_taa,0,4541,deterministic_stratified_sample
evidence_core_combo,stress,90,2020-10-05,2021-02-11,3249.4396267616376,0.08314654225387907,3260.046385657217,2990.5549146816275,-89.01436786751356,-0.028211768026313977,False,False,,,False,False,,,False,False,False,,,5,15,,N1_dual_momentum_taa,N1_dual_momentum_taa,0,4541,deterministic_stratified_sample
evidence_core_combo,stress,90,2020-10-27,2021-03-08,3129.5291411690723,0.04317638038969074,3260.046385657217,2990.5549146816275,-130.51724448814457,-0.04003539491412256,False,False,,,False,False,,,False,False,False,,,6,19,,N1_dual_momentum_taa,N1_dual_momentum_taa,0,4541,deterministic_stratified_sample
evidence_core_combo,stress,90,2020-12-04,2021-04-15,3003.2080011519806,0.0010693337173268702,3142.197910377843,2955.3655019426733,-162.95994852758668,-0.051861771020015435,False,False,,,False,False,,,False,False,False,,,5,15,,N1_dual_momentum_taa,N1_dual_momentum_taa,0,4541,deterministic_stratified_sample
evidence_core_combo,stress,90,2021-01-15,2021-05-25,2839.104235002592,-0.05363192166580266,3115.185626939552,2839.104235002592,-276.08139193696024,-0.08862437908979137,False,False,,,False,False,,,False,False,False,,,5,15,,N2_absolute_trend_taa,N1_dual_momentum_taa,0,4541,deterministic_stratified_sample
evidence_core_combo,stress,90,2021-02-08,2021-06-16,2789.4487188538396,-0.07018376038205343,3012.694652651064,2769.2185718011833,-243.47608084988087,-0.08081671358085707,False,False,,,False,False,,,False,False,False,,,5,15,,N2_absolute_trend_taa,N1_dual_momentum_taa,0,4541,deterministic_stratified_sample
evidence_core_combo,stress,90,2021-03-02,2021-07-08,2795.2734871648,-0.06824217094506668,3023.857375242649,2795.2734871648,-228.58388807784922,-0.07559347538985917,False,False,,,False,False,,,False,False,False,,,6,14,,N2_absolute_trend_taa,N1_dual_momentum_taa,0,4541,deterministic_stratified_sample
evidence_core_combo,stress,90,2021-03-24,2021-07-30,2795.2734871648,-0.06824217094506668,3023.857375242649,2795.2734871648,-228.58388807784922,-0.07559347538985917,False,False,,,False,False,,,False,False,False,,,6,14,,N2_absolute_trend_taa,N1_dual_momentum_taa,0,4541,deterministic_stratified_sample
evidence_core_combo,stress,90,2021-04-07,2021-08-12,2873.06738984028,-0.04231087005323997,3000.0,2871.1662592213725,-128.83374077862754,-0.04294458025954251,False,False,,,False,False,,,False,False,False,,,7,13,,N2_absolute_trend_taa,N1_dual_momentum_taa,0,4541,deterministic_stratified_sample
evidence_core_combo,stress,90,2021-04-09,2021-08-16,2879.5974945958214,-0.040134168468059506,3000.0,2871.1662592213725,-128.83374077862754,-0.04294458025954251,False,False,,,False,False,,,False,False,False,,,7,13,,N2_absolute_trend_taa,N1_dual_momentum_taa,0,4541,deterministic_stratified_sample
evidence_core_combo,stress,90,2021-06-10,2021-10-15,2897.412388200422,-0.0341958705998594,3006.504801579221,2794.8564036616376,-211.64839791758322,-0.0703968268423889,False,False,,,False,False,,,False,False,False,,,9,11,,N2_absolute_trend_taa,N1_dual_momentum_taa,0,4541,deterministic_stratified_sample
evidence_core_combo,stress,90,2021-06-23,2021-10-28,2922.822741276853,-0.025725752907715727,3006.504801579221,2794.8564036616376,-211.64839791758322,-0.0703968268423889,False,False,,,False,False,,,False,False,False,,,9,11,,N2_absolute_trend_taa,N1_dual_momentum_taa,0,4541,deterministic_stratified_sample
evidence_core_combo,stress,90,2021-08-11,2021-12-16,2937.1250076382817,-0.02095833078723941,3083.2250458496883,2902.632898137433,-152.18250975811907,-0.04935822312515625,False,False,,,False,False,,,False,False,False,,,9,11,,N1_dual_momentum_taa,N2_absolute_trend_taa,0,4541,deterministic_stratified_sample
evidence_core_combo,stress,90,2021-08-31,2022-01-06,2875.986899771352,-0.041337700076215955,3083.2250458496883,2862.2439203868466,-220.98112546284165,-0.07167207134630116,False,False,,,False,False,,,False,False,False,,,11,14,,N1_dual_momentum_taa,N2_absolute_trend_taa,0,4541,deterministic_stratified_sample
evidence_core_combo,stress,90,2021-09-10,2022-01-18,2898.5835106003587,-0.03380549646654707,3186.650004375136,2898.5835106003587,-288.0664937747774,-0.09039790795326574,False,False,,,False,False,,,False,False,False,,,8,12,,N2_absolute_trend_taa,N1_dual_momentum_taa,0,4541,deterministic_stratified_sample
evidence_core_combo,stress,90,2021-10-11,2022-02-16,2868.2204655546166,-0.043926511481794495,3053.691464649313,2777.6441447102707,-276.04731993904215,-0.09039790795326585,False,False,,,False,False,,,False,False,False,,,9,11,,N2_absolute_trend_taa,N1_dual_momentum_taa,0,4541,deterministic_stratified_sample
evidence_core_combo,stress,90,2021-11-10,2022-03-21,2880.95245890459,-0.03968251369846998,3000.0,2784.160018700957,-215.83998129904285,-0.07194666043301423,False,False,,,False,False,,,False,False,False,,,10,9,,N2_absolute_trend_taa,N1_dual_momentum_taa,0,4541,deterministic_stratified_sample
evidence_core_combo,stress,90,2021-11-24,2022-04-04,2888.636886689734,-0.03712103777008857,3000.0,2784.160018700957,-215.83998129904285,-0.07194666043301423,False,False,,,False,False,,,False,False,False,,,13,11,,N2_absolute_trend_taa,N1_dual_momentum_taa,0,4541,deterministic_stratified_sample
evidence_core_combo,stress,90,2021-11-29,2022-04-06,2916.1056454950353,-0.02796478483498821,3000.0,2784.160018700957,-215.83998129904285,-0.07194666043301423,False,False,,,False,False,,,False,False,False,,,13,11,,N2_absolute_trend_taa,N1_dual_momentum_taa,0,4541,deterministic_stratified_sample
evidence_core_combo,stress,90,2021-12-10,2022-04-20,3031.7222088793956,0.010574069626465121,3031.7222088793956,2883.273220893514,-116.72677910648599,-0.0389089263688287,False,False,,,False,False,,,False,False,False,,,11,8,,N2_absolute_trend_taa,N1_dual_momentum_taa,0,4541,deterministic_stratified_sample
evidence_core_combo,stress,90,2022-02-04,2022-06-14,2976.0989801706514,-0.00796700660978289,3084.3885003878495,2976.0989801706514,-108.28952021719806,-0.035108910632879464,False,False,,,False,False,,,False,False,False,,,12,5,,N1_dual_momentum_taa,N2_absolute_trend_taa,0,4541,deterministic_stratified_sample
evidence_core_combo,stress,90,2022-02-15,2022-06-24,2976.0989801706514,-0.00796700660978289,3084.3885003878495,2976.0989801706514,-108.28952021719806,-0.035108910632879464,False,False,,,False,False,,,False,False,False,,,12,5,,N1_dual_momentum_taa,N2_absolute_trend_taa,0,4541,deterministic_stratified_sample
evidence_core_combo,stress,90,2022-02-22,2022-06-30,2976.0989801706514,-0.00796700660978289,3084.3885003878495,2976.0989801706514,-108.28952021719806,-0.035108910632879464,False,False,,,False,False,,,False,False,False,,,12,5,,N1_dual_momentum_taa,N2_absolute_trend_taa,0,4541,deterministic_stratified_sample
evidence_core_combo,stress,90,2022-03-01,2022-07-08,2931.6459317995295,-0.022784689400156877,3048.477278821486,2931.6459317995295,-116.83134702195639,-0.03832449329165488,False,False,,,False,False,,,False,False,False,,,13,4,,N2_absolute_trend_taa,N1_dual_momentum_taa,0,4541,deterministic_stratified_sample
evidence_core_combo,stress,90,2022-03-11,2022-07-20,2927.7365727564493,-0.024087809081183575,3048.477278821486,2927.7365727564493,-120.74070606503665,-0.03960689059546274,False,False,,,False,False,,,False,False,False,,,13,4,,N2_absolute_trend_taa,N1_dual_momentum_taa,0,4541,deterministic_stratified_sample
evidence_core_combo,stress,90,2022-03-16,2022-07-25,2927.7365727564493,-0.024087809081183575,3048.477278821486,2927.7365727564493,-120.74070606503665,-0.03960689059546274,False,False,,,False,False,,,False,False,False,,,13,4,,N2_absolute_trend_taa,N1_dual_momentum_taa,0,4541,deterministic_stratified_sample
evidence_core_combo,stress,90,2022-03-22,2022-07-29,2927.7365727564493,-0.024087809081183575,3048.477278821486,2927.7365727564493,-120.74070606503665,-0.03960689059546274,False,False,,,False,False,,,False,False,False,,,13,4,,N2_absolute_trend_taa,N1_dual_momentum_taa,0,4541,deterministic_stratified_sample
evidence_core_combo,stress,90,2022-04-21,2022-08-29,2931.202356607955,-0.022932547797348324,3010.3198313305393,2931.202356607955,-79.11747472258412,-0.026282082687411612,False,False,,,False,False,,,False,False,False,,,12,4,,N2_absolute_trend_taa,N1_dual_momentum_taa,0,4541,deterministic_stratified_sample
evidence_core_combo,stress,90,2022-05-05,2022-09-13,2933.1709619848016,-0.022276346005066117,3000.0,2933.1709619848016,-66.82903801519842,-0.022276346005066117,False,False,,,False,False,,,False,False,False,,,12,4,,N2_absolute_trend_taa,N1_dual_momentum_taa,0,4541,deterministic_stratified_sample
evidence_core_combo,stress,90,2022-05-09,2022-09-15,2933.1709619848016,-0.022276346005066117,3000.0,2933.1709619848016,-66.82903801519842,-0.022276346005066117,False,False,,,False,False,,,False,False,False,,,12,4,,N2_absolute_trend_taa,N1_dual_momentum_taa,0,4541,deterministic_stratified_sample
evidence_core_combo,stress,90,2022-05-25,2022-10-03,2928.626131585147,-0.023791289471617683,3000.0,2928.626131585147,-71.37386841485295,-0.023791289471617683,False,False,,,False,False,,,False,False,False,,,15,5,,N2_absolute_trend_taa,N1_dual_momentum_taa,0,4541,deterministic_stratified_sample
evidence_core_combo,stress,90,2022-06-13,2022-10-19,2935.175151963883,-0.021608282678705737,3000.0,2935.175151963883,-64.82484803611715,-0.021608282678705737,False,False,,,False,False,,,False,False,False,,,12,4,,N2_absolute_trend_taa,N1_dual_momentum_taa,0,4541,deterministic_stratified_sample
evidence_core_combo,stress,90,2022-06-30,2022-11-04,2924.167694446591,-0.025277435184469565,3000.0,2922.865953771173,-77.13404622882717,-0.02571134874294234,False,False,,,False,False,,,False,False,False,,,15,5,,N2_absolute_trend_taa,N1_dual_momentum_taa,0,4541,deterministic_stratified_sample
evidence_core_combo,stress,90,2022-07-19,2022-11-22,2944.1132678461877,-0.018628910717937486,3002.2945673481045,2936.5551320510262,-65.73943529707822,-0.021896397512768062,False,False,,,False,False,,,False,False,False,,,12,4,,N2_absolute_trend_taa,N1_dual_momentum_taa,0,4541,deterministic_stratified_sample
evidence_core_combo,stress,90,2022-07-26,2022-11-30,2948.6189468933126,-0.01712701770222913,3002.2945673481045,2936.5551320510262,-65.73943529707822,-0.021896397512768062,False,False,,,False,False,,,False,False,False,,,12,4,,N2_absolute_trend_taa,N1_dual_momentum_taa,0,4541,deterministic_stratified_sample
evidence_core_combo,stress,90,2022-08-04,2022-12-09,2894.226812381444,-0.03525772920618542,3000.0,2881.148794146602,-118.85120585339791,-0.039617068617799345,False,False,,,False,False,,,False,False,False,,,11,6,,N2_absolute_trend_taa,N1_dual_momentum_taa,0,4541,deterministic_stratified_sample
evidence_core_combo,stress,90,2022-08-23,2022-12-29,2904.771745498011,-0.03174275150066297,3000.0,2881.148794146602,-118.85120585339791,-0.039617068617799345,False,False,,,False,False,,,False,False,False,,,11,6,,N2_absolute_trend_taa,N1_dual_momentum_taa,0,4541,deterministic_stratified_sample
evidence_core_combo,stress,90,2022-09-09,2023-01-18,2933.281062038367,-0.022239645987210954,3000.0,2892.306397259206,-107.69360274079418,-0.0358978675802647,False,False,,,False,False,,,False,False,False,,,11,6,,N2_absolute_trend_taa,N1_dual_momentum_taa,0,4541,deterministic_stratified_sample
evidence_core_combo,stress,90,2022-09-27,2023-02-03,2844.2184717824234,-0.051927176072525505,3000.0,2844.2184717824234,-155.78152821757658,-0.051927176072525505,False,False,,,False,False,,,False,False,False,,,14,8,,N2_absolute_trend_taa,N1_dual_momentum_taa,0,4541,deterministic_stratified_sample
evidence_core_combo,stress,90,2022-10-12,2023-02-21,2813.1136161582076,-0.062295461280597486,3001.714994786409,2813.1136161582076,-188.60137862820147,-0.06283120781146034,False,False,,,False,False,,,False,False,False,,,11,7,,N2_absolute_trend_taa,N1_dual_momentum_taa,0,4541,deterministic_stratified_sample
evidence_core_combo,stress,90,2022-10-13,2023-02-22,2813.1136161582076,-0.062295461280597486,3001.714994786409,2813.1136161582076,-188.60137862820147,-0.06283120781146034,False,False,,,False,False,,,False,False,False,,,11,7,,N2_absolute_trend_taa,N1_dual_momentum_taa,0,4541,deterministic_stratified_sample
evidence_core_combo,stress,90,2022-10-31,2023-03-10,2804.2469316689394,-0.06525102277702022,3001.714994786409,2804.2469316689394,-197.46806311746968,-0.06578508068235867,False,False,,,False,False,,,False,False,False,,,14,9,,N2_absolute_trend_taa,N1_dual_momentum_taa,0,4541,deterministic_stratified_sample
evidence_core_combo,stress,90,2022-11-16,2023-03-28,2844.7099302291094,-0.05176335659029685,3000.0,2803.1473707734003,-196.85262922659967,-0.06561754307553325,False,False,,,False,False,,,False,False,False,,,11,8,,N2_absolute_trend_taa,N1_dual_momentum_taa,0,4541,deterministic_stratified_sample
evidence_core_combo,stress,90,2022-11-29,2023-04-10,2811.2606072590056,-0.0629131309136648,3000.0,2803.1473707734003,-196.85262922659967,-0.06561754307553325,False,False,,,False,False,,,False,False,False,,,13,11,N1_dual_momentum_taa,N2_absolute_trend_taa,N1_dual_momentum_taa,0,4541,deterministic_stratified_sample
evidence_core_combo,stress,90,2022-12-08,2023-04-19,2858.2537652487713,-0.0472487449170762,3003.7543512753364,2858.2537652487713,-145.5005860265651,-0.04843957561469314,False,False,,,False,False,,,False,False,False,,,12,7,,N2_absolute_trend_taa,N1_dual_momentum_taa,0,4541,deterministic_stratified_sample
evidence_core_combo,stress,90,2022-12-28,2023-05-08,2849.615692595217,-0.05012810246826105,3003.7543512753364,2823.954303375212,-179.80004790012435,-0.059858439430569566,False,False,,,False,False,,,False,False,False,,,15,9,,N2_absolute_trend_taa,N1_dual_momentum_taa,0,4541,deterministic_stratified_sample
evidence_core_combo,stress,90,2022-12-29,2023-05-09,2836.0309374822023,-0.054656354172599286,3003.7543512753364,2823.954303375212,-179.80004790012435,-0.059858439430569566,False,False,,,False,False,,,False,False,False,,,15,9,,N2_absolute_trend_taa,N1_dual_momentum_taa,0,4541,deterministic_stratified_sample
evidence_core_combo,stress,90,2023-02-16,2023-06-27,2984.572458205374,-0.00514251393154197,3053.225560682053,2940.6504094019037,-112.57515128014938,-0.03687089245217823,False,False,,,False,False,,,False,False,False,,,10,10,,N1_dual_momentum_taa,N2_absolute_trend_taa,0,4541,deterministic_stratified_sample
evidence_core_combo,stress,90,2023-03-13,2023-07-20,2967.36797748105,-0.010877340839650085,3027.94454172259,2905.8449481387447,-95.24809207458702,-0.031737800460800214,False,False,,,False,False,,,False,False,False,,,9,11,,N1_dual_momentum_taa,N2_absolute_trend_taa,0,4541,deterministic_stratified_sample
evidence_core_combo,stress,90,2023-03-21,2023-07-28,3035.852491902383,0.011950830634127607,3035.852491902383,2905.8449481387447,-95.24809207458702,-0.031737800460800214,False,False,,,False,False,,,False,False,False,,,9,11,,N1_dual_momentum_taa,N2_absolute_trend_taa,0,4541,deterministic_stratified_sample
evidence_core_combo,stress,90,2023-03-23,2023-08-01,3030.5371659714965,0.01017905532383212,3038.7073427636337,2905.8449481387447,-95.24809207458702,-0.031737800460800214,False,False,,,False,False,,,False,False,False,,,11,14,,N1_dual_momentum_taa,N2_absolute_trend_taa,0,4541,deterministic_stratified_sample
evidence_core_combo,stress,90,2023-04-25,2023-08-31,2970.900236451236,-0.00969992118292129,3064.440203900246,2961.6671952052566,-93.53996744900996,-0.03052432458298826,False,False,,,False,False,,,False,False,False,,,8,12,,N1_dual_momentum_taa,N2_absolute_trend_taa,0,4541,deterministic_stratified_sample
evidence_core_combo,stress,90,2023-05-01,2023-09-07,2925.785755678574,-0.0247380814404754,3083.6398932114535,2925.785755678574,-157.85413753287958,-0.05119084685614261,False,False,,,False,False,,,False,False,False,,,7,13,,N1_dual_momentum_taa,N2_absolute_trend_taa,0,4541,deterministic_stratified_sample
evidence_core_combo,stress,90,2023-06-08,2023-10-16,2920.7381404953826,-0.026420619834872427,3057.1093501276164,2838.792091979859,-218.31725814775746,-0.07141296994778545,False,False,,,False,False,,,False,False,False,,,8,12,,N2_absolute_trend_taa,N1_dual_momentum_taa,0,4541,deterministic_stratified_sample
evidence_core_combo,stress,90,2023-06-27,2023-11-01,2837.0043324614153,-0.05433188917952825,3057.1093501276164,2837.0043324614153,-220.1050176662011,-0.07199775750808945,False,False,,,False,False,,,False,False,False,,,11,13,,N2_absolute_trend_taa,N1_dual_momentum_taa,0,4541,deterministic_stratified_sample
evidence_core_combo,stress,90,2023-08-25,2024-01-03,2899.4179106800075,-0.033527363106664154,3019.727635958344,2816.2148491482794,-183.78515085172057,-0.061261716950573475,False,False,,,False,False,,,False,False,False,,,12,12,,N2_absolute_trend_taa,N1_dual_momentum_taa,0,4541,deterministic_stratified_sample
evidence_core_combo,stress,90,2023-11-02,2024-03-13,3247.3960426256917,0.08246534754189727,3337.046442257919,2976.849382903772,-137.87057753704175,-0.04343086477088964,True,True,2024-03-07,86,False,False,,,False,False,False,,,8,12,,N1_dual_momentum_taa,N2_absolute_trend_taa,0,4541,deterministic_stratified_sample
evidence_core_combo,stress,90,2023-11-13,2024-03-22,3247.3960426256917,0.08246534754189727,3337.046442257919,2976.849382903772,-137.87057753704175,-0.04343086477088964,True,True,2024-03-07,79,False,False,,,False,False,False,,,8,12,,N1_dual_momentum_taa,N2_absolute_trend_taa,0,4541,deterministic_stratified_sample
evidence_core_combo,stress,90,2024-01-02,2024-05-09,3174.3708504185324,0.05812361680617739,3296.8107970609603,3000.0,-179.94786957549923,-0.054582407257316445,False,False,,,False,False,,,False,False,False,,,7,13,,N1_dual_momentum_taa,N2_absolute_trend_taa,0,4541,deterministic_stratified_sample
evidence_core_combo,stress,90,2024-01-05,2024-05-14,3188.8511029472816,0.0629503676490939,3296.8107970609603,3000.0,-179.94786957549923,-0.054582407257316445,False,False,,,False,False,,,False,False,False,,,7,13,,N1_dual_momentum_taa,N2_absolute_trend_taa,0,4541,deterministic_stratified_sample
evidence_core_combo,stress,90,2024-01-19,2024-05-28,3229.4013421204363,0.07646711404014539,3296.8107970609603,3000.0,-179.94786957549923,-0.054582407257316445,False,False,,,False,False,,,False,False,False,,,7,13,,N1_dual_momentum_taa,N2_absolute_trend_taa,0,4541,deterministic_stratified_sample
evidence_core_combo,stress,90,2024-01-24,2024-05-31,3193.6713153634805,0.0645571051211602,3296.8107970609603,3000.0,-179.94786957549923,-0.054582407257316445,False,False,,,False,False,,,False,False,False,,,7,13,,N1_dual_momentum_taa,N2_absolute_trend_taa,0,4541,deterministic_stratified_sample
evidence_core_combo,stress,90,2024-02-02,2024-06-11,3101.44241565185,0.033814138550616546,3111.0558810750326,2961.1606075851787,-149.89527348985393,-0.04818147896400282,False,False,,,False,False,,,False,False,False,,,5,15,,N1_dual_momentum_taa,N1_dual_momentum_taa,0,4541,deterministic_stratified_sample
evidence_core_combo,stress,90,2024-03-07,2024-07-16,3274.2711791010342,0.09142372636701146,3274.2711791010342,2931.301278952948,-80.47144025550415,-0.026718961806870167,False,False,,,False,False,,,False,False,False,,,7,13,,N1_dual_momentum_taa,N2_absolute_trend_taa,0,4541,deterministic_stratified_sample
evidence_core_combo,stress,90,2024-04-01,2024-08-07,3136.467578033891,0.0454891926779637,3305.573939740908,2994.1833284579334,-169.10636170701673,-0.05115794255089978,True,True,2024-07-16,74,False,False,,,False,False,False,,,7,13,,N1_dual_momentum_taa,N2_absolute_trend_taa,0,4541,deterministic_stratified_sample
evidence_core_combo,stress,90,2024-04-22,2024-08-28,3200.563081980894,0.06685436066029804,3305.573939740908,2994.1833284579334,-169.10636170701673,-0.05115794255089978,True,True,2024-07-16,59,False,False,,,False,False,False,,,7,13,,N1_dual_momentum_taa,N2_absolute_trend_taa,0,4541,deterministic_stratified_sample
evidence_core_combo,stress,90,2024-05-08,2024-09-16,3158.475424431518,0.052825141477172766,3232.3414291125364,2990.9705989041513,-165.35993713543212,-0.05115794255089967,False,False,,,False,False,,,False,False,False,,,9,11,,N1_dual_momentum_taa,N2_absolute_trend_taa,0,4541,deterministic_stratified_sample
evidence_core_combo,stress,90,2024-07-11,2024-11-14,3053.95752520678,0.017985841735593366,3118.5080490657865,2882.88505209762,-117.11494790238021,-0.0390383159674601,False,False,,,False,False,,,False,False,False,,,11,9,,N1_dual_momentum_taa,N2_absolute_trend_taa,0,4541,deterministic_stratified_sample
evidence_core_combo,stress,90,2024-09-10,2025-01-17,2881.915741813181,-0.039361419395606445,3047.082164661755,2873.424640832395,-173.6575238293599,-0.05699141488317461,False,False,,,False,False,,,False,False,False,,,11,9,,N2_absolute_trend_taa,N1_dual_momentum_taa,0,4541,deterministic_stratified_sample
evidence_core_combo,stress,90,2024-09-18,2025-01-28,2896.131698096843,-0.03462276730105229,3047.082164661755,2873.424640832395,-173.6575238293599,-0.05699141488317461,False,False,,,False,False,,,False,False,False,,,11,9,,N2_absolute_trend_taa,N1_dual_momentum_taa,0,4541,deterministic_stratified_sample
evidence_core_combo,stress,90,2024-09-27,2025-02-06,2947.982489134761,-0.01733917028841292,3047.082164661755,2873.424640832395,-173.6575238293599,-0.05699141488317461,False,False,,,False,False,,,False,False,False,,,14,11,,N2_absolute_trend_taa,N1_dual_momentum_taa,0,4541,deterministic_stratified_sample
evidence_core_combo,stress,90,2024-11-08,2025-03-21,2982.0093140914396,-0.005996895302853522,3023.9712885541053,2899.5218257462893,-124.44946280781596,-0.041154313626873384,False,False,,,False,False,,,False,False,False,,,12,8,,N2_absolute_trend_taa,N1_dual_momentum_taa,0,4541,deterministic_stratified_sample
evidence_core_combo,stress,90,2024-12-16,2025-04-28,2996.324297354562,-0.001225234215145976,3073.1593290468372,2925.4272916150076,-99.42249542494892,-0.032868572796879714,False,False,,,False,False,,,False,False,False,,,12,7,,N2_absolute_trend_taa,N1_dual_momentum_taa,0,4541,deterministic_stratified_sample
evidence_core_combo,stress,90,2025-01-14,2025-05-22,2976.2152549515836,-0.007928248349472145,3105.275166244267,2955.9992654604266,-129.0599112926834,-0.04156150562617522,False,False,,,False,False,,,False,False,False,,,12,6,,N2_absolute_trend_taa,N1_dual_momentum_taa,0,4541,deterministic_stratified_sample
evidence_core_combo,stress,90,2025-03-05,2025-07-14,2924.4810814360035,-0.025172972854665465,3000.0,2874.6185795856795,-125.38142041432047,-0.041793806804773515,False,False,,,False,False,,,False,False,False,,,12,6,,N1_dual_momentum_taa,N2_absolute_trend_taa,0,4541,deterministic_stratified_sample
evidence_core_combo,stress,90,2025-03-07,2025-07-16,2917.877437570317,-0.027374187476561063,3000.0,2874.6185795856795,-125.38142041432047,-0.041793806804773515,False,False,,,False,False,,,False,False,False,,,12,6,,N1_dual_momentum_taa,N2_absolute_trend_taa,0,4541,deterministic_stratified_sample
evidence_core_combo,stress,90,2025-03-14,2025-07-23,2963.538900320668,-0.01215369989311077,3000.0,2874.6185795856795,-125.38142041432047,-0.041793806804773515,False,False,,,False,False,,,False,False,False,,,12,6,,N1_dual_momentum_taa,N2_absolute_trend_taa,0,4541,deterministic_stratified_sample
evidence_core_combo,stress,90,2025-03-17,2025-07-24,2954.5649779357414,-0.015145007354752882,3000.0,2874.6185795856795,-125.38142041432047,-0.041793806804773515,False,False,,,False,False,,,False,False,False,,,12,6,,N1_dual_momentum_taa,N2_absolute_trend_taa,0,4541,deterministic_stratified_sample
evidence_core_combo,stress,90,2025-04-04,2025-08-13,3072.3326765133274,0.024110892171109066,3072.3326765133274,2949.047474169967,-99.97468305023858,-0.032789096928500405,False,False,,,False,False,,,False,False,False,,,12,7,,N1_dual_momentum_taa,N2_absolute_trend_taa,0,4541,deterministic_stratified_sample
evidence_core_combo,stress,90,2025-04-23,2025-08-29,3016.597341838969,0.005532447279656294,3072.3326765133274,2949.047474169967,-99.97468305023858,-0.032789096928500405,False,False,,,False,False,,,False,False,False,,,12,7,,N1_dual_momentum_taa,N2_absolute_trend_taa,0,4541,deterministic_stratified_sample
evidence_core_combo,stress,90,2025-05-09,2025-09-17,3233.568355375601,0.0778561184585338,3247.1317711322718,3000.0,-81.7246945164652,-0.02617835883908959,False,False,,,False,False,,,False,False,False,,,12,8,,N1_dual_momentum_taa,N2_absolute_trend_taa,0,4541,deterministic_stratified_sample
evidence_core_combo,stress,90,2025-05-13,2025-09-19,3283.5807718703395,0.09452692395677986,3283.5807718703395,3000.0,-81.7246945164652,-0.02617835883908959,False,False,,,False,False,,,False,False,False,,,12,8,,N1_dual_momentum_taa,N2_absolute_trend_taa,0,4541,deterministic_stratified_sample
evidence_core_combo,stress,90,2025-05-15,2025-09-23,3323.6506818318267,0.107883560610609,3323.6506818318267,3000.0,-81.7246945164652,-0.02617835883908959,True,True,2025-09-22,89,False,False,,,False,False,False,,,12,8,,N1_dual_momentum_taa,N2_absolute_trend_taa,0,4541,deterministic_stratified_sample
evidence_core_combo,stress,90,2025-05-27,2025-10-02,3397.7909783708565,0.13259699279028547,3397.7909783708565,3000.0,-81.7246945164652,-0.02617835883908959,True,True,2025-09-22,82,False,False,,,False,False,False,,,15,10,,N1_dual_momentum_taa,N2_absolute_trend_taa,0,4541,deterministic_stratified_sample
evidence_core_combo,stress,90,2025-07-18,2025-11-21,3352.1015128883155,0.11736717096277194,3565.4523313196664,3000.0,-213.35081843135094,-0.059838359513948225,True,True,2025-10-01,53,True,True,2025-10-06,56,False,False,False,,,10,10,,N1_dual_momentum_taa,N2_absolute_trend_taa,0,4541,deterministic_stratified_sample
evidence_core_combo,stress,90,2025-08-13,2025-12-18,3364.447302002626,0.12148243400087533,3533.3811364833346,3000.0,-227.11618279380127,-0.06427729532168247,True,True,2025-10-02,36,True,True,2025-10-08,40,False,False,False,,,9,11,,N1_dual_momentum_taa,N2_absolute_trend_taa,0,4541,deterministic_stratified_sample
evidence_core_combo,stress,90,2025-08-14,2025-12-19,3375.365559598728,0.12512185319957592,3533.3811364833346,3000.0,-227.11618279380127,-0.06427729532168247,True,True,2025-10-02,35,True,True,2025-10-08,39,False,False,False,,,9,11,,N1_dual_momentum_taa,N2_absolute_trend_taa,0,4541,deterministic_stratified_sample
evidence_core_combo,stress,90,2025-08-27,2026-01-05,3423.025441646485,0.1410084805488283,3533.3811364833346,3000.0,-227.11618279380127,-0.06427729532168247,True,True,2025-10-02,26,True,True,2025-10-08,30,False,False,False,,,11,14,,N1_dual_momentum_taa,N2_absolute_trend_taa,0,4541,deterministic_stratified_sample
evidence_core_combo,stress,90,2025-09-18,2026-01-27,3574.168666247014,0.19138955541567126,3574.168666247014,3000.0,-209.11506388605267,-0.06427729532168247,True,True,2026-01-20,85,True,True,2026-01-21,86,False,False,False,,,9,11,,N1_dual_momentum_taa,N2_absolute_trend_taa,0,4541,deterministic_stratified_sample
evidence_core_combo,stress,90,2025-09-22,2026-01-29,3629.9477203888064,0.20998257346293547,3691.28577041589,3000.0,-209.11506388605267,-0.06427729532168247,True,True,2026-01-20,83,True,True,2026-01-21,84,False,False,False,,,9,11,,N1_dual_momentum_taa,N2_absolute_trend_taa,0,4541,deterministic_stratified_sample
evidence_core_combo,stress,90,2025-09-23,2026-01-30,3503.62523689508,0.16787507896502674,3691.28577041589,3000.0,-209.11506388605267,-0.06427729532168247,True,True,2026-01-20,82,True,True,2026-01-21,83,False,False,False,,,9,11,,N1_dual_momentum_taa,N2_absolute_trend_taa,0,4541,deterministic_stratified_sample
evidence_core_combo,stress,90,2025-09-24,2026-02-02,3469.1965095238306,0.15639883650794362,3691.28577041589,3000.0,-222.08926089205943,-0.06427729532168247,True,True,2026-01-20,81,True,True,2026-01-21,82,False,False,False,,,9,11,,N1_dual_momentum_taa,N2_absolute_trend_taa,0,4541,deterministic_stratified_sample
evidence_core_combo,stress,90,2025-09-25,2026-02-03,3469.1965095238306,0.15639883650794362,3691.28577041589,3000.0,-222.08926089205943,-0.06427729532168247,True,True,2026-01-20,80,True,True,2026-01-21,81,False,False,False,,,9,11,,N1_dual_momentum_taa,N2_absolute_trend_taa,0,4541,deterministic_stratified_sample
evidence_core_combo,stress,90,2025-09-26,2026-02-04,3469.1965095238306,0.15639883650794362,3691.28577041589,3000.0,-222.08926089205943,-0.06427729532168247,True,True,2026-01-20,79,True,True,2026-01-21,80,False,False,False,,,9,11,,N1_dual_momentum_taa,N2_absolute_trend_taa,0,4541,deterministic_stratified_sample
evidence_core_combo,stress,90,2025-09-29,2026-02-05,3469.1965095238306,0.15639883650794362,3691.28577041589,3000.0,-222.08926089205943,-0.06427729532168247,True,True,2026-01-20,78,True,True,2026-01-21,79,False,False,False,,,9,11,,N1_dual_momentum_taa,N2_absolute_trend_taa,0,4541,deterministic_stratified_sample
evidence_core_combo,stress,90,2025-09-30,2026-02-06,3469.1965095238306,0.15639883650794362,3691.28577041589,3000.0,-222.08926089205943,-0.06427729532168247,True,True,2026-01-20,77,True,True,2026-01-21,78,False,False,False,,,9,11,,N1_dual_momentum_taa,N2_absolute_trend_taa,0,4541,deterministic_stratified_sample
evidence_core_combo,stress,90,2025-10-01,2026-02-09,3316.8306165547365,0.10561020551824551,3529.1657950643857,2910.5112689265534,-212.33517850964927,-0.06016582695168493,True,True,2026-01-23,79,True,True,2026-01-27,81,False,False,False,,,6,9,,N1_dual_momentum_taa,N2_absolute_trend_taa,0,4541,deterministic_stratified_sample
evidence_core_combo,stress,90,2025-10-02,2026-02-10,3316.8306165547365,0.10561020551824551,3529.1657950643857,2910.5112689265534,-212.33517850964927,-0.06016582695168493,True,True,2026-01-23,78,True,True,2026-01-27,80,False,False,False,,,6,9,,N1_dual_momentum_taa,N2_absolute_trend_taa,0,4541,deterministic_stratified_sample
evidence_core_combo,stress,90,2025-10-03,2026-02-11,3316.8306165547365,0.10561020551824551,3529.1657950643857,2910.5112689265534,-212.33517850964927,-0.06016582695168493,True,True,2026-01-23,77,True,True,2026-01-27,79,False,False,False,,,6,9,,N1_dual_momentum_taa,N2_absolute_trend_taa,0,4541,deterministic_stratified_sample
evidence_core_combo,stress,90,2025-10-06,2026-02-12,3316.8306165547365,0.10561020551824551,3529.1657950643857,2910.5112689265534,-212.33517850964927,-0.06016582695168493,True,True,2026-01-23,76,True,True,2026-01-27,78,False,False,False,,,6,9,,N1_dual_momentum_taa,N2_absolute_trend_taa,0,4541,deterministic_stratified_sample
evidence_core_combo,stress,90,2025-10-07,2026-02-13,3316.8306165547365,0.10561020551824551,3529.1657950643857,2910.5112689265534,-212.33517850964927,-0.06016582695168493,True,True,2026-01-23,75,True,True,2026-01-27,77,False,False,False,,,6,9,,N1_dual_momentum_taa,N2_absolute_trend_taa,0,4541,deterministic_stratified_sample
evidence_core_combo,stress,90,2025-10-08,2026-02-17,3316.8306165547365,0.10561020551824551,3529.1657950643857,2910.5112689265534,-212.33517850964927,-0.06016582695168493,True,True,2026-01-23,74,True,True,2026-01-27,76,False,False,False,,,6,9,,N1_dual_momentum_taa,N2_absolute_trend_taa,0,4541,deterministic_stratified_sample
evidence_core_combo,stress,90,2025-10-09,2026-02-18,3316.8306165547365,0.10561020551824551,3529.1657950643857,2910.5112689265534,-212.33517850964927,-0.06016582695168493,True,True,2026-01-23,73,True,True,2026-01-27,75,False,False,False,,,6,9,,N1_dual_momentum_taa,N2_absolute_trend_taa,0,4541,deterministic_stratified_sample
evidence_core_combo,stress,90,2025-10-10,2026-02-19,3316.8306165547365,0.10561020551824551,3529.1657950643857,2910.5112689265534,-212.33517850964927,-0.06016582695168493,True,True,2026-01-23,72,True,True,2026-01-27,74,False,False,False,,,6,9,,N1_dual_momentum_taa,N2_absolute_trend_taa,0,4541,deterministic_stratified_sample
evidence_core_combo,stress,90,2025-10-13,2026-02-20,3316.8306165547365,0.10561020551824551,3529.1657950643857,2910.5112689265534,-212.33517850964927,-0.06016582695168493,True,True,2026-01-23,71,True,True,2026-01-27,73,False,False,False,,,6,9,,N1_dual_momentum_taa,N2_absolute_trend_taa,0,4541,deterministic_stratified_sample
evidence_core_combo,stress,90,2025-10-14,2026-02-23,3316.8306165547365,0.10561020551824551,3529.1657950643857,2910.5112689265534,-212.33517850964927,-0.06016582695168493,True,True,2026-01-23,70,True,True,2026-01-27,72,False,False,False,,,6,9,,N1_dual_momentum_taa,N2_absolute_trend_taa,0,4541,deterministic_stratified_sample
evidence_core_combo,stress,90,2025-10-15,2026-02-24,3316.8306165547365,0.10561020551824551,3529.1657950643857,2910.5112689265534,-212.33517850964927,-0.06016582695168493,True,True,2026-01-23,69,True,True,2026-01-27,71,False,False,False,,,6,9,,N1_dual_momentum_taa,N2_absolute_trend_taa,0,4541,deterministic_stratified_sample
evidence_core_combo,stress,90,2025-10-16,2026-02-25,3316.8306165547365,0.10561020551824551,3529.1657950643857,2910.5112689265534,-212.33517850964927,-0.06016582695168493,True,True,2026-01-23,68,True,True,2026-01-27,70,False,False,False,,,6,9,,N1_dual_momentum_taa,N2_absolute_trend_taa,0,4541,deterministic_stratified_sample
evidence_core_combo,stress,90,2025-10-17,2026-02-26,3316.8306165547365,0.10561020551824551,3529.1657950643857,2910.5112689265534,-212.33517850964927,-0.06016582695168493,True,True,2026-01-23,67,True,True,2026-01-27,69,False,False,False,,,6,9,,N1_dual_momentum_taa,N2_absolute_trend_taa,0,4541,deterministic_stratified_sample
evidence_core_combo,stress,90,2025-10-20,2026-02-27,3316.8306165547365,0.10561020551824551,3529.1657950643857,2910.5112689265534,-212.33517850964927,-0.06016582695168493,True,True,2026-01-23,66,True,True,2026-01-27,68,False,False,False,,,6,9,,N1_dual_momentum_taa,N2_absolute_trend_taa,0,4541,deterministic_stratified_sample
evidence_core_combo,stress,90,2025-10-21,2026-03-02,3335.7430481007264,0.1119143493669088,3529.1657950643857,2910.5112689265534,-212.33517850964927,-0.06016582695168493,True,True,2026-01-23,65,True,True,2026-01-27,67,False,False,False,,,8,12,,N1_dual_momentum_taa,N2_absolute_trend_taa,0,4541,deterministic_stratified_sample
evidence_core_combo,stress,90,2025-10-22,2026-03-03,3313.938471801454,0.10464615726715132,3529.1657950643857,2910.5112689265534,-215.2273232629318,-0.06098532507708532,True,True,2026-01-23,64,True,True,2026-01-27,66,False,False,False,,,8,12,,N1_dual_momentum_taa,N2_absolute_trend_taa,0,4541,deterministic_stratified_sample
evidence_core_combo,stress,90,2025-10-23,2026-03-04,3321.2721211951093,0.10709070706503643,3529.1657950643857,2910.5112689265534,-215.22732326293135,-0.060985325077085206,True,True,2026-01-23,63,True,True,2026-01-27,65,False,False,False,,,8,12,,N1_dual_momentum_taa,N2_absolute_trend_taa,0,4541,deterministic_stratified_sample
evidence_core_combo,stress,90,2025-10-24,2026-03-05,3295.3994473961748,0.09846648246539158,3529.1657950643857,2910.5112689265534,-233.76634766821098,-0.0662384147537467,True,True,2026-01-23,62,True,True,2026-01-27,64,False,False,False,,,8,12,,N1_dual_momentum_taa,N2_absolute_trend_taa,0,4541,deterministic_stratified_sample
evidence_core_combo,stress,90,2025-10-27,2026-03-06,3260.9877181755533,0.0869959060585177,3529.1657950643857,2910.5112689265534,-268.1780768888325,-0.07598908423738138,True,True,2026-01-23,61,True,True,2026-01-27,63,False,False,False,,,8,12,,N1_dual_momentum_taa,N2_absolute_trend_taa,0,4541,deterministic_stratified_sample
evidence_core_combo,stress,90,2025-10-28,2026-03-09,3241.3552133479843,0.08045173778266146,3529.1657950643857,2910.5112689265534,-287.81058171640143,-0.08155201496028064,True,True,2026-01-23,60,True,True,2026-01-27,62,False,False,False,,,8,12,,N1_dual_momentum_taa,N2_absolute_trend_taa,0,4541,deterministic_stratified_sample
evidence_core_combo,stress,90,2025-10-29,2026-03-10,3241.3552133479843,0.08045173778266146,3529.1657950643857,2910.5112689265534,-287.81058171640143,-0.08155201496028064,True,True,2026-01-23,59,True,True,2026-01-27,61,False,False,False,,,8,12,,N1_dual_momentum_taa,N2_absolute_trend_taa,0,4541,deterministic_stratified_sample
evidence_core_combo,stress,90,2025-10-30,2026-03-11,3241.3552133479843,0.08045173778266146,3529.1657950643857,2910.5112689265534,-287.81058171640143,-0.08155201496028064,True,True,2026-01-23,58,True,True,2026-01-27,60,False,False,False,,,8,12,,N1_dual_momentum_taa,N2_absolute_trend_taa,0,4541,deterministic_stratified_sample
evidence_core_combo,stress,90,2025-10-31,2026-03-12,3241.3552133479843,0.08045173778266146,3529.1657950643857,2910.5112689265534,-287.81058171640143,-0.08155201496028064,True,True,2026-01-23,57,True,True,2026-01-27,59,False,False,False,,,8,12,,N1_dual_momentum_taa,N2_absolute_trend_taa,0,4541,deterministic_stratified_sample
evidence_core_combo,stress,90,2025-11-03,2026-03-13,3325.241841201223,0.10841394706707441,3620.500992288006,2985.8356192704077,-295.2591510867828,-0.08155201496028075,True,True,2026-01-21,54,True,True,2026-01-26,57,False,False,False,,,7,8,,N1_dual_momentum_taa,N2_absolute_trend_taa,0,4541,deterministic_stratified_sample
evidence_core_combo,stress,90,2025-11-04,2026-03-16,3325.241841201223,0.10841394706707441,3620.500992288006,2985.8356192704077,-295.2591510867828,-0.08155201496028075,True,True,2026-01-21,53,True,True,2026-01-26,56,False,False,False,,,7,8,,N1_dual_momentum_taa,N2_absolute_trend_taa,0,4541,deterministic_stratified_sample
evidence_core_combo,stress,90,2025-11-05,2026-03-17,3325.241841201223,0.10841394706707441,3620.500992288006,2985.8356192704077,-295.2591510867828,-0.08155201496028075,True,True,2026-01-21,52,True,True,2026-01-26,55,False,False,False,,,7,8,,N1_dual_momentum_taa,N2_absolute_trend_taa,0,4541,deterministic_stratified_sample
evidence_core_combo,stress,90,2025-11-06,2026-03-18,3325.241841201223,0.10841394706707441,3620.500992288006,2985.8356192704077,-295.2591510867828,-0.08155201496028075,True,True,2026-01-21,51,True,True,2026-01-26,54,False,False,False,,,7,8,,N1_dual_momentum_taa,N2_absolute_trend_taa,0,4541,deterministic_stratified_sample
evidence_core_combo,stress,90,2025-11-07,2026-03-19,3325.241841201223,0.10841394706707441,3620.500992288006,2985.8356192704077,-295.2591510867828,-0.08155201496028075,True,True,2026-01-21,50,True,True,2026-01-26,53,False,False,False,,,7,8,,N1_dual_momentum_taa,N2_absolute_trend_taa,0,4541,deterministic_stratified_sample
evidence_core_combo,stress,90,2025-11-10,2026-03-20,3325.241841201223,0.10841394706707441,3620.500992288006,2985.8356192704077,-295.2591510867828,-0.08155201496028075,True,True,2026-01-21,49,True,True,2026-01-26,52,False,False,False,,,7,8,,N1_dual_momentum_taa,N2_absolute_trend_taa,0,4541,deterministic_stratified_sample
evidence_core_combo,stress,90,2025-11-11,2026-03-23,3325.241841201223,0.10841394706707441,3620.500992288006,2985.8356192704077,-295.2591510867828,-0.08155201496028075,True,True,2026-01-21,48,True,True,2026-01-26,51,False,False,False,,,7,8,,N1_dual_momentum_taa,N2_absolute_trend_taa,0,4541,deterministic_stratified_sample
evidence_core_combo,stress,90,2025-11-12,2026-03-24,3325.241841201223,0.10841394706707441,3620.500992288006,2985.8356192704077,-295.2591510867828,-0.08155201496028075,True,True,2026-01-21,47,True,True,2026-01-26,50,False,False,False,,,7,8,,N1_dual_momentum_taa,N2_absolute_trend_taa,0,4541,deterministic_stratified_sample
evidence_core_combo,stress,90,2025-11-13,2026-03-25,3325.241841201223,0.10841394706707441,3620.500992288006,2985.8356192704077,-295.2591510867828,-0.08155201496028075,True,True,2026-01-21,46,True,True,2026-01-26,49,False,False,False,,,7,8,,N1_dual_momentum_taa,N2_absolute_trend_taa,0,4541,deterministic_stratified_sample
evidence_core_combo,stress,90,2025-11-14,2026-03-26,3325.241841201223,0.10841394706707441,3620.500992288006,2985.8356192704077,-295.2591510867828,-0.08155201496028075,True,True,2026-01-21,45,True,True,2026-01-26,48,False,False,False,,,7,8,,N1_dual_momentum_taa,N2_absolute_trend_taa,0,4541,deterministic_stratified_sample
evidence_core_combo,stress,90,2025-11-17,2026-03-27,3325.241841201223,0.10841394706707441,3620.500992288006,2985.8356192704077,-295.2591510867828,-0.08155201496028075,True,True,2026-01-21,44,True,True,2026-01-26,47,False,False,False,,,7,8,,N1_dual_momentum_taa,N2_absolute_trend_taa,0,4541,deterministic_stratified_sample
evidence_core_combo,stress,90,2025-11-18,2026-03-30,3325.241841201223,0.10841394706707441,3620.500992288006,2985.8356192704077,-295.2591510867828,-0.08155201496028075,True,True,2026-01-21,43,True,True,2026-01-26,46,False,False,False,,,7,8,,N1_dual_momentum_taa,N2_absolute_trend_taa,0,4541,deterministic_stratified_sample
evidence_core_combo,stress,90,2025-11-19,2026-03-31,3325.241841201223,0.10841394706707441,3620.500992288006,2985.8356192704077,-295.2591510867828,-0.08155201496028075,True,True,2026-01-21,42,True,True,2026-01-26,45,False,False,False,,,7,8,,N1_dual_momentum_taa,N2_absolute_trend_taa,0,4541,deterministic_stratified_sample
evidence_core_combo,stress,90,2025-11-20,2026-04-01,3329.312304831566,0.10977076827718868,3620.500992288006,2985.8356192704077,-295.2591510867828,-0.08155201496028075,True,True,2026-01-21,41,True,True,2026-01-26,44,False,False,False,,,10,9,,N1_dual_momentum_taa,N2_absolute_trend_taa,0,4541,deterministic_stratified_sample
evidence_core_combo,stress,90,2025-11-21,2026-04-02,3306.704168238776,0.10223472274625878,3620.500992288006,2985.8356192704077,-313.7968240492296,-0.08667221048071672,True,True,2026-01-21,40,True,True,2026-01-26,43,False,False,False,,,10,9,,N1_dual_momentum_taa,N2_absolute_trend_taa,0,4541,deterministic_stratified_sample
evidence_core_combo,stress,90,2025-11-24,2026-04-06,3297.8264347259387,0.09927547824197958,3620.500992288006,2985.8356192704077,-322.6745575620671,-0.0891242836970334,True,True,2026-01-21,39,True,True,2026-01-26,42,False,False,False,,,10,9,,N1_dual_momentum_taa,N2_absolute_trend_taa,0,4541,deterministic_stratified_sample
evidence_core_combo,stress,90,2025-11-25,2026-04-07,3313.895161616191,0.10463172053873038,3620.500992288006,2985.8356192704077,-322.6745575620671,-0.0891242836970334,True,True,2026-01-21,38,True,True,2026-01-26,41,False,False,False,,,10,9,,N1_dual_momentum_taa,N2_absolute_trend_taa,0,4541,deterministic_stratified_sample
evidence_core_combo,stress,90,2025-11-26,2026-04-08,3325.145050500565,0.10838168350018829,3620.500992288006,2985.8356192704077,-322.6745575620671,-0.0891242836970334,True,True,2026-01-21,37,True,True,2026-01-26,40,False,False,False,,,10,9,,N1_dual_momentum_taa,N2_absolute_trend_taa,0,4541,deterministic_stratified_sample
evidence_core_combo,stress,90,2025-11-28,2026-04-09,3335.049487677876,0.111683162559292,3620.500992288006,2985.8356192704077,-322.6745575620671,-0.0891242836970334,True,True,2026-01-21,36,True,True,2026-01-26,39,False,False,False,,,10,9,,N1_dual_momentum_taa,N2_absolute_trend_taa,0,4541,deterministic_stratified_sample
evidence_core_combo,stress,90,2025-12-01,2026-04-10,3282.5993990668853,0.09419979968896186,3568.5088832381393,2996.0929051704443,-318.04079808510005,-0.08912428369703351,True,True,2026-01-22,36,True,True,2026-01-27,39,False,False,False,,,8,6,,N1_dual_momentum_taa,N2_absolute_trend_taa,0,4541,deterministic_stratified_sample
evidence_core_combo,stress,90,2025-12-02,2026-04-13,3280.1694068844745,0.09338980229482474,3568.5088832381393,2996.0929051704443,-318.04079808510005,-0.08912428369703351,True,True,2026-01-22,35,True,True,2026-01-27,38,False,False,False,,,8,6,,N1_dual_momentum_taa,N2_absolute_trend_taa,0,4541,deterministic_stratified_sample
evidence_core_combo,stress,90,2025-12-03,2026-04-14,3313.7436439546564,0.10458121465155212,3568.5088832381393,2996.0929051704443,-318.04079808510005,-0.08912428369703351,True,True,2026-01-22,34,True,True,2026-01-27,37,False,False,False,,,8,6,,N1_dual_momentum_taa,N2_absolute_trend_taa,0,4541,deterministic_stratified_sample
evidence_core_combo,stress,90,2025-12-04,2026-04-15,3296.904827121042,0.09896827570701405,3568.5088832381393,2996.0929051704443,-318.04079808510005,-0.08912428369703351,True,True,2026-01-22,33,True,True,2026-01-27,36,False,False,False,,,8,6,,N1_dual_momentum_taa,N2_absolute_trend_taa,0,4541,deterministic_stratified_sample
evidence_core_combo,stress,90,2025-12-05,2026-04-16,3293.4139158388716,0.09780463861295718,3568.5088832381393,2996.0929051704443,-318.04079808510005,-0.08912428369703351,True,True,2026-01-22,32,True,True,2026-01-27,35,False,False,False,,,8,6,,N1_dual_momentum_taa,N2_absolute_trend_taa,0,4541,deterministic_stratified_sample
evidence_core_combo,stress,90,2025-12-08,2026-04-17,3318.2053682465366,0.10606845608217896,3568.5088832381393,2996.0929051704443,-318.04079808510005,-0.08912428369703351,True,True,2026-01-22,31,True,True,2026-01-27,34,False,False,False,,,8,6,,N1_dual_momentum_taa,N2_absolute_trend_taa,0,4541,deterministic_stratified_sample
evidence_core_combo,stress,90,2025-12-09,2026-04-20,3305.4015550393206,0.1018005183464401,3568.5088832381393,2996.0929051704443,-318.04079808510005,-0.08912428369703351,True,True,2026-01-22,30,True,True,2026-01-27,33,False,False,False,,,8,6,,N1_dual_momentum_taa,N2_absolute_trend_taa,0,4541,deterministic_stratified_sample
evidence_core_combo,stress,90,2025-12-10,2026-04-21,3261.908758381387,0.08730291946046242,3568.5088832381393,2996.0929051704443,-318.04079808510005,-0.08912428369703351,True,True,2026-01-22,29,True,True,2026-01-27,32,False,False,False,,,8,6,,N1_dual_momentum_taa,N2_absolute_trend_taa,0,4541,deterministic_stratified_sample
evidence_core_combo,stress,90,2025-12-11,2026-04-22,3280.4205236298017,0.09347350787660047,3568.5088832381393,2996.0929051704443,-318.04079808510005,-0.08912428369703351,True,True,2026-01-22,28,True,True,2026-01-27,31,False,False,False,,,8,6,,N1_dual_momentum_taa,N2_absolute_trend_taa,0,4541,deterministic_stratified_sample
evidence_core_combo,stress,90,2025-12-12,2026-04-23,3265.6443683659345,0.08854812278864488,3568.5088832381393,2996.0929051704443,-318.04079808510005,-0.08912428369703351,True,True,2026-01-22,27,True,True,2026-01-27,30,False,False,False,,,8,6,,N1_dual_momentum_taa,N2_absolute_trend_taa,0,4541,deterministic_stratified_sample
evidence_core_combo,stress,90,2025-12-15,2026-04-24,3274.920961142653,0.09164032038088443,3568.5088832381393,2996.0929051704443,-318.04079808510005,-0.08912428369703351,True,True,2026-01-22,26,True,True,2026-01-27,29,False,False,False,,,8,6,,N1_dual_momentum_taa,N2_absolute_trend_taa,0,4541,deterministic_stratified_sample
evidence_core_combo,stress,90,2025-12-16,2026-04-27,3261.767775368101,0.0872559251227003,3568.5088832381393,2996.0929051704443,-318.04079808510005,-0.08912428369703351,True,True,2026-01-22,25,True,True,2026-01-27,28,False,False,False,,,8,6,,N1_dual_momentum_taa,N2_absolute_trend_taa,0,4541,deterministic_stratified_sample
evidence_core_combo,stress,90,2025-12-17,2026-04-28,3231.649904181557,0.07721663472718565,3568.5088832381393,2996.0929051704443,-336.8589790565825,-0.09439768544191196,True,True,2026-01-22,24,True,True,2026-01-27,27,False,False,False,,,8,6,,N1_dual_momentum_taa,N2_absolute_trend_taa,0,4541,deterministic_stratified_sample
evidence_core_combo,stress,90,2025-12-18,2026-04-29,3225.4378349010763,0.07514594496702531,3568.5088832381393,2996.0929051704443,-343.0710483370631,-0.09613848796860869,True,True,2026-01-22,23,True,True,2026-01-27,26,False,False,False,,,8,6,,N1_dual_momentum_taa,N2_absolute_trend_taa,0,4541,deterministic_stratified_sample
evidence_core_combo,stress,90,2025-12-19,2026-04-30,3227.4388893200226,0.07581296310667418,3568.5088832381393,2996.0929051704443,-343.0710483370631,-0.09613848796860869,True,True,2026-01-22,22,True,True,2026-01-27,25,False,False,False,,,8,6,,N1_dual_momentum_taa,N2_absolute_trend_taa,0,4541,deterministic_stratified_sample
evidence_core_combo,stress,90,2025-12-22,2026-05-01,3240.498697348988,0.08016623244966281,3568.5088832381393,2996.0929051704443,-343.0710483370631,-0.09613848796860869,True,True,2026-01-22,21,True,True,2026-01-27,24,False,False,False,,,9,10,,N1_dual_momentum_taa,N2_absolute_trend_taa,0,4541,deterministic_stratified_sample
evidence_core_combo,stress,90,2025-12-23,2026-05-04,3232.7484609840376,0.07758282032801245,3568.5088832381393,2996.0929051704443,-343.0710483370631,-0.09613848796860869,True,True,2026-01-22,20,True,True,2026-01-27,23,False,False,False,,,9,10,,N1_dual_momentum_taa,N2_absolute_trend_taa,0,4541,deterministic_stratified_sample
evidence_core_combo,stress,90,2025-12-24,2026-05-05,3273.418018919511,0.091139339639837,3568.5088832381393,2996.0929051704443,-343.0710483370631,-0.09613848796860869,True,True,2026-01-22,19,True,True,2026-01-27,22,False,False,False,,,9,10,,N1_dual_momentum_taa,N2_absolute_trend_taa,0,4541,deterministic_stratified_sample
evidence_core_combo,stress,90,2025-12-26,2026-05-06,3342.6586260765625,0.11421954202552076,3568.5088832381393,2996.0929051704443,-343.0710483370631,-0.09613848796860869,True,True,2026-01-22,18,True,True,2026-01-27,21,False,False,False,,,9,10,,N1_dual_momentum_taa,N2_absolute_trend_taa,0,4541,deterministic_stratified_sample
evidence_core_combo,stress,90,2025-12-29,2026-05-07,3317.949854344498,0.10598328478149921,3568.5088832381393,2996.0929051704443,-343.0710483370631,-0.09613848796860869,True,True,2026-01-22,17,True,True,2026-01-27,20,False,False,False,,,9,10,,N1_dual_momentum_taa,N2_absolute_trend_taa,0,4541,deterministic_stratified_sample
evidence_core_combo,stress,90,2025-12-30,2026-05-08,3385.579013079118,0.12852633769303923,3568.5088832381393,2996.0929051704443,-343.0710483370631,-0.09613848796860869,True,True,2026-01-22,16,True,True,2026-01-27,19,False,False,False,,,9,10,,N1_dual_momentum_taa,N2_absolute_trend_taa,0,4541,deterministic_stratified_sample
evidence_core_combo,stress,90,2025-12-31,2026-05-11,3410.569109172471,0.13685636972415716,3568.5088832381393,2996.0929051704443,-343.0710483370631,-0.09613848796860869,True,True,2026-01-22,15,True,True,2026-01-27,18,False,False,False,,,9,10,,N1_dual_momentum_taa,N2_absolute_trend_taa,0,4541,deterministic_stratified_sample
evidence_core_combo,stress,90,2026-01-02,2026-05-12,2988.9734917982596,-0.0036755027339134827,3026.70437390037,2825.5212273052484,-200.66075258733417,-0.06630822399995151,False,False,,,False,False,,,False,False,False,,,8,11,,N1_dual_momentum_taa,N2_absolute_trend_taa,0,4541,deterministic_stratified_sample
evidence_core_combo,stress,90,2026-01-05,2026-05-13,3008.7076744009028,0.002902558133634159,3026.70437390037,2825.5212273052484,-200.66075258733417,-0.06630822399995151,False,False,,,False,False,,,False,False,False,,,8,11,,N1_dual_momentum_taa,N2_absolute_trend_taa,0,4541,deterministic_stratified_sample
evidence_core_combo,stress,90,2026-01-06,2026-05-14,3014.522619017045,0.004840873005681701,3026.70437390037,2825.5212273052484,-200.66075258733417,-0.06630822399995151,False,False,,,False,False,,,False,False,False,,,8,11,,N1_dual_momentum_taa,N2_absolute_trend_taa,0,4541,deterministic_stratified_sample
evidence_core_combo,stress,90,2026-01-07,2026-05-15,2942.732029852449,-0.0190893233825169,3026.70437390037,2825.5212273052484,-200.66075258733417,-0.06630822399995151,False,False,,,False,False,,,False,False,False,,,8,11,,N1_dual_momentum_taa,N2_absolute_trend_taa,0,4541,deterministic_stratified_sample
evidence_core_combo,stress,90,2026-01-08,2026-05-18,2907.6046548166846,-0.03079844839443846,3026.70437390037,2825.5212273052484,-200.66075258733417,-0.06630822399995151,False,False,,,False,False,,,False,False,False,,,8,11,,N1_dual_momentum_taa,N2_absolute_trend_taa,0,4541,deterministic_stratified_sample
evidence_core_combo,stress,90,2026-01-09,2026-05-19,2892.006693064478,-0.03599776897850737,3026.70437390037,2825.5212273052484,-200.66075258733417,-0.06630822399995151,False,False,,,False,False,,,False,False,False,,,8,11,,N1_dual_momentum_taa,N2_absolute_trend_taa,0,4541,deterministic_stratified_sample
evidence_core_combo,stress,90,2026-01-12,2026-05-20,2905.2863433384578,-0.03157121888718073,3026.70437390037,2825.5212273052484,-200.66075258733417,-0.06630822399995151,False,False,,,False,False,,,False,False,False,,,8,11,,N1_dual_momentum_taa,N2_absolute_trend_taa,0,4541,deterministic_stratified_sample
evidence_core_combo,stress,90,2026-01-13,2026-05-21,2904.363510986528,-0.031878829671157294,3026.70437390037,2825.5212273052484,-200.66075258733417,-0.06630822399995151,False,False,,,False,False,,,False,False,False,,,8,11,,N1_dual_momentum_taa,N2_absolute_trend_taa,0,4541,deterministic_stratified_sample
evidence_core_combo,stress,90,2026-01-14,2026-05-22,2897.2285435340273,-0.03425715215532421,3026.70437390037,2825.5212273052484,-200.66075258733417,-0.06630822399995151,False,False,,,False,False,,,False,False,False,,,8,11,,N1_dual_momentum_taa,N2_absolute_trend_taa,0,4541,deterministic_stratified_sample
evidence_core_combo,stress,90,2026-01-15,2026-05-26,2897.6336693406283,-0.0341221102197905,3026.70437390037,2825.5212273052484,-200.66075258733417,-0.06630822399995151,False,False,,,False,False,,,False,False,False,,,8,11,,N1_dual_momentum_taa,N2_absolute_trend_taa,0,4541,deterministic_stratified_sample
evidence_core_combo,stress,90,2026-01-16,2026-05-27,2885.2317916476172,-0.038256069450794294,3026.70437390037,2825.5212273052484,-200.66075258733417,-0.06630822399995151,False,False,,,False,False,,,False,False,False,,,8,11,,N1_dual_momentum_taa,N2_absolute_trend_taa,0,4541,deterministic_stratified_sample
evidence_core_combo,stress,90,2026-01-20,2026-05-28,2894.8651722848394,-0.035044942571720195,3026.70437390037,2825.5212273052484,-200.66075258733417,-0.06630822399995151,False,False,,,False,False,,,False,False,False,,,8,11,,N1_dual_momentum_taa,N2_absolute_trend_taa,0,4541,deterministic_stratified_sample
evidence_core_combo,stress,90,2026-01-21,2026-05-29,2904.656124743076,-0.03178129175230804,3026.70437390037,2825.5212273052484,-200.66075258733417,-0.06630822399995151,False,False,,,False,False,,,False,False,False,,,8,11,,N1_dual_momentum_taa,N2_absolute_trend_taa,0,4541,deterministic_stratified_sample
