variant_name,slippage_label,horizon_trading_days,start_date,end_date,final_equity,total_return,max_equity,min_equity,max_drawdown_dollars,max_drawdown_pct,target_300_hit,target_300_before_any_stop,target_300_first_date,target_300_trading_days,target_400_hit,target_400_before_any_stop,target_400_first_date,target_400_trading_days,absolute_floor_stop_hit,trailing_drawdown_stop_hit,any_project_stop_hit,first_project_stop_date,first_project_stop_type,number_of_trades,number_of_skipped_signals,strategies_killed,best_strategy_by_pnl,worst_strategy_by_pnl,ending_open_positions_count,possible_window_count,window_sampling_method
current_core_only_AB,standard,90,2008-01-03,2008-05-12,2964.2611531225857,-0.011912948959138081,3000.0,2964.2611531225857,-35.73884687741429,-0.011912948959138081,False,False,,,False,False,,,False,False,False,,,2,20,,B_ETF_trend_following,B_ETF_trend_following,0,4541,deterministic_stratified_sample
current_core_only_AB,standard,90,2008-01-16,2008-05-23,2943.434814892863,-0.01885506170237905,3048.856129335143,2943.434814892863,-105.42131444228016,-0.034577333258840603,False,False,,,False,False,,,False,False,False,,,4,22,,A_ETF_sector_momentum,B_ETF_trend_following,0,4541,deterministic_stratified_sample
current_core_only_AB,standard,90,2008-01-22,2008-05-29,2935.223688547998,-0.021592103817334007,3048.856129335143,2935.223688547998,-113.63244078714524,-0.0372705158809592,False,False,,,False,False,,,False,False,False,,,4,22,,A_ETF_sector_momentum,B_ETF_trend_following,0,4541,deterministic_stratified_sample
current_core_only_AB,standard,90,2008-01-30,2008-06-06,2935.70113815499,-0.021432953948336664,3048.856129335143,2935.223688547998,-113.63244078714524,-0.0372705158809592,False,False,,,False,False,,,False,False,False,,,4,22,,A_ETF_sector_momentum,B_ETF_trend_following,0,4541,deterministic_stratified_sample
current_core_only_AB,standard,90,2008-02-07,2008-06-16,2937.116387069434,-0.020961204310188664,3048.856129335143,2935.223688547998,-113.63244078714524,-0.0372705158809592,False,False,,,False,False,,,False,False,False,,,4,23,,A_ETF_sector_momentum,B_ETF_trend_following,0,4541,deterministic_stratified_sample
current_core_only_AB,standard,90,2008-02-12,2008-06-19,2937.116387069434,-0.020961204310188664,3048.856129335143,2935.223688547998,-113.63244078714524,-0.0372705158809592,False,False,,,False,False,,,False,False,False,,,4,22,,A_ETF_sector_momentum,B_ETF_trend_following,0,4541,deterministic_stratified_sample
current_core_only_AB,standard,90,2008-02-26,2008-07-02,2937.7534638827156,-0.02074884537242816,3048.856129335143,2935.223688547998,-113.63244078714524,-0.0372705158809592,False,False,,,False,False,,,False,False,False,,,4,22,,A_ETF_sector_momentum,B_ETF_trend_following,0,4541,deterministic_stratified_sample
current_core_only_AB,standard,90,2008-03-10,2008-07-16,2938.9932492242306,-0.020335583591923112,3048.856129335143,2935.223688547998,-113.63244078714524,-0.0372705158809592,False,False,,,False,False,,,False,False,False,,,4,22,,A_ETF_sector_momentum,B_ETF_trend_following,0,4541,deterministic_stratified_sample
current_core_only_AB,standard,90,2008-03-13,2008-07-21,2938.107844704278,-0.020630718431907447,3048.856129335143,2935.223688547998,-113.63244078714524,-0.0372705158809592,False,False,,,False,False,,,False,False,False,,,4,23,,A_ETF_sector_momentum,B_ETF_trend_following,0,4541,deterministic_stratified_sample
current_core_only_AB,standard,90,2008-03-19,2008-07-25,2938.816016695453,-0.020394661101515665,3048.856129335143,2935.223688547998,-113.63244078714524,-0.0372705158809592,False,False,,,False,False,,,False,False,False,,,4,22,,A_ETF_sector_momentum,B_ETF_trend_following,0,4541,deterministic_stratified_sample
current_core_only_AB,standard,90,2008-03-25,2008-07-30,2938.9932492242306,-0.020335583591923112,3048.856129335143,2935.223688547998,-113.63244078714524,-0.0372705158809592,False,False,,,False,False,,,False,False,False,,,4,22,,A_ETF_sector_momentum,B_ETF_trend_following,0,4541,deterministic_stratified_sample
current_core_only_AB,standard,90,2008-04-01,2008-08-06,2938.745005753552,-0.02041833141548266,3048.856129335143,2935.223688547998,-113.63244078714524,-0.0372705158809592,False,False,,,False,False,,,False,False,False,,,4,22,,A_ETF_sector_momentum,B_ETF_trend_following,0,4541,deterministic_stratified_sample
current_core_only_AB,standard,90,2008-04-07,2008-08-12,2938.745005753552,-0.02041833141548266,3048.856129335143,2935.223688547998,-113.63244078714524,-0.0372705158809592,False,False,,,False,False,,,False,False,False,,,4,22,,A_ETF_sector_momentum,B_ETF_trend_following,0,4541,deterministic_stratified_sample
current_core_only_AB,standard,90,2008-04-17,2008-08-22,2939.9864758149224,-0.020004508061692516,3048.856129335143,2935.223688547998,-113.63244078714524,-0.0372705158809592,False,False,,,False,False,,,False,False,False,,,4,22,,A_ETF_sector_momentum,B_ETF_trend_following,0,4541,deterministic_stratified_sample
current_core_only_AB,standard,90,2008-04-18,2008-08-25,2939.809243286145,-0.02006358557128507,3048.856129335143,2935.223688547998,-113.63244078714524,-0.0372705158809592,False,False,,,False,False,,,False,False,False,,,4,23,,A_ETF_sector_momentum,B_ETF_trend_following,0,4541,deterministic_stratified_sample
current_core_only_AB,standard,90,2008-05-01,2008-09-08,2940.3963681557166,-0.019867877281427804,3048.856129335143,2935.223688547998,-113.63244078714524,-0.0372705158809592,False,False,,,False,False,,,False,False,False,,,4,23,,A_ETF_sector_momentum,B_ETF_trend_following,0,4541,deterministic_stratified_sample
current_core_only_AB,standard,90,2008-05-05,2008-09-10,2940.573263740523,-0.01980891208649227,3048.856129335143,2935.223688547998,-113.63244078714524,-0.0372705158809592,False,False,,,False,False,,,False,False,False,,,4,22,,A_ETF_sector_momentum,B_ETF_trend_following,0,4541,deterministic_stratified_sample
current_core_only_AB,standard,90,2008-05-06,2008-09-11,2940.3963681557166,-0.019867877281427804,3048.856129335143,2935.223688547998,-113.63244078714524,-0.0372705158809592,False,False,,,False,False,,,False,False,False,,,4,22,,A_ETF_sector_momentum,B_ETF_trend_following,0,4541,deterministic_stratified_sample
current_core_only_AB,standard,90,2008-05-14,2008-09-19,2942.315766896178,-0.019228077701273993,3045.7840319686793,2934.994042202145,-110.78998976653429,-0.036374867227511154,False,False,,,False,False,,,False,False,False,,,3,22,,A_ETF_sector_momentum,B_ETF_trend_following,0,4541,deterministic_stratified_sample
current_core_only_AB,standard,90,2008-05-28,2008-10-02,3000.0,0.0,3000.0,3000.0,0.0,0.0,False,False,,,False,False,,,False,False,False,,,0,19,,,,0,4541,deterministic_stratified_sample
current_core_only_AB,standard,90,2008-05-29,2008-10-03,3000.0,0.0,3000.0,3000.0,0.0,0.0,False,False,,,False,False,,,False,False,False,,,0,19,,,,0,4541,deterministic_stratified_sample
current_core_only_AB,standard,90,2008-06-03,2008-10-08,3000.0,0.0,3000.0,3000.0,0.0,0.0,False,False,,,False,False,,,False,False,False,,,0,19,,,,0,4541,deterministic_stratified_sample
current_core_only_AB,standard,90,2008-06-10,2008-10-15,3000.0,0.0,3000.0,3000.0,0.0,0.0,False,False,,,False,False,,,False,False,False,,,0,19,,,,0,4541,deterministic_stratified_sample
current_core_only_AB,standard,90,2008-06-16,2008-10-21,3000.0,0.0,3000.0,3000.0,0.0,0.0,False,False,,,False,False,,,False,False,False,,,0,19,,,,0,4541,deterministic_stratified_sample
current_core_only_AB,standard,90,2008-06-23,2008-10-28,3000.0,0.0,3000.0,3000.0,0.0,0.0,False,False,,,False,False,,,False,False,False,,,0,19,,,,0,4541,deterministic_stratified_sample
current_core_only_AB,standard,90,2008-07-02,2008-11-06,3000.0,0.0,3000.0,3000.0,0.0,0.0,False,False,,,False,False,,,False,False,False,,,0,19,,,,0,4541,deterministic_stratified_sample
current_core_only_AB,standard,90,2008-07-07,2008-11-10,3000.0,0.0,3000.0,3000.0,0.0,0.0,False,False,,,False,False,,,False,False,False,,,0,19,,,,0,4541,deterministic_stratified_sample
current_core_only_AB,standard,90,2008-07-18,2008-11-21,3000.0,0.0,3000.0,3000.0,0.0,0.0,False,False,,,False,False,,,False,False,False,,,0,19,,,,0,4541,deterministic_stratified_sample
current_core_only_AB,standard,90,2008-07-21,2008-11-24,3000.0,0.0,3000.0,3000.0,0.0,0.0,False,False,,,False,False,,,False,False,False,,,0,19,,,,0,4541,deterministic_stratified_sample
current_core_only_AB,standard,90,2008-08-01,2008-12-08,3000.0,0.0,3000.0,3000.0,0.0,0.0,False,False,,,False,False,,,False,False,False,,,0,20,,,,0,4541,deterministic_stratified_sample
current_core_only_AB,standard,90,2008-08-06,2008-12-11,3000.0,0.0,3000.0,3000.0,0.0,0.0,False,False,,,False,False,,,False,False,False,,,0,19,,,,0,4541,deterministic_stratified_sample
current_core_only_AB,standard,90,2008-08-14,2008-12-19,3000.0,0.0,3000.0,3000.0,0.0,0.0,False,False,,,False,False,,,False,False,False,,,0,19,,,,0,4541,deterministic_stratified_sample
current_core_only_AB,standard,90,2008-08-20,2008-12-26,3000.0,0.0,3000.0,3000.0,0.0,0.0,False,False,,,False,False,,,False,False,False,,,0,19,,,,0,4541,deterministic_stratified_sample
current_core_only_AB,standard,90,2008-08-22,2008-12-30,3000.0,0.0,3000.0,3000.0,0.0,0.0,False,False,,,False,False,,,False,False,False,,,0,20,,,,0,4541,deterministic_stratified_sample
current_core_only_AB,standard,90,2008-08-27,2009-01-05,3000.0,0.0,3000.0,3000.0,0.0,0.0,False,False,,,False,False,,,False,False,False,,,0,20,,,,0,4541,deterministic_stratified_sample
current_core_only_AB,standard,90,2008-09-10,2009-01-16,3000.0,0.0,3000.0,3000.0,0.0,0.0,False,False,,,False,False,,,False,False,False,,,0,19,,,,0,4541,deterministic_stratified_sample
current_core_only_AB,standard,90,2008-09-23,2009-01-30,3000.0,0.0,3000.0,3000.0,0.0,0.0,False,False,,,False,False,,,False,False,False,,,0,19,,,,0,4541,deterministic_stratified_sample
current_core_only_AB,standard,90,2008-09-26,2009-02-04,3000.0,0.0,3000.0,3000.0,0.0,0.0,False,False,,,False,False,,,False,False,False,,,0,20,,,,0,4541,deterministic_stratified_sample
current_core_only_AB,standard,90,2008-10-06,2009-02-12,3000.0,0.0,3000.0,3000.0,0.0,0.0,False,False,,,False,False,,,False,False,False,,,0,19,,,,0,4541,deterministic_stratified_sample
current_core_only_AB,standard,90,2008-10-14,2009-02-23,3000.0,0.0,3000.0,3000.0,0.0,0.0,False,False,,,False,False,,,False,False,False,,,0,20,,,,0,4541,deterministic_stratified_sample
current_core_only_AB,standard,90,2008-10-17,2009-02-26,3000.0,0.0,3000.0,3000.0,0.0,0.0,False,False,,,False,False,,,False,False,False,,,0,20,,,,0,4541,deterministic_stratified_sample
current_core_only_AB,standard,90,2008-10-30,2009-03-11,3000.0,0.0,3000.0,3000.0,0.0,0.0,False,False,,,False,False,,,False,False,False,,,0,20,,,,0,4541,deterministic_stratified_sample
current_core_only_AB,standard,90,2008-10-31,2009-03-12,3000.0,0.0,3000.0,3000.0,0.0,0.0,False,False,,,False,False,,,False,False,False,,,0,20,,,,0,4541,deterministic_stratified_sample
current_core_only_AB,standard,90,2008-11-12,2009-03-24,3000.0,0.0,3000.0,3000.0,0.0,0.0,False,False,,,False,False,,,False,False,False,,,0,20,,,,0,4541,deterministic_stratified_sample
current_core_only_AB,standard,90,2008-11-13,2009-03-25,3000.0,0.0,3000.0,3000.0,0.0,0.0,False,False,,,False,False,,,False,False,False,,,0,20,,,,0,4541,deterministic_stratified_sample
current_core_only_AB,standard,90,2008-11-17,2009-03-27,3000.0,0.0,3000.0,3000.0,0.0,0.0,False,False,,,False,False,,,False,False,False,,,0,19,,,,0,4541,deterministic_stratified_sample
current_core_only_AB,standard,90,2008-11-24,2009-04-03,3000.0,0.0,3000.0,3000.0,0.0,0.0,False,False,,,False,False,,,False,False,False,,,0,19,,,,0,4541,deterministic_stratified_sample
current_core_only_AB,standard,90,2008-11-25,2009-04-06,3000.0,0.0,3000.0,3000.0,0.0,0.0,False,False,,,False,False,,,False,False,False,,,0,20,,,,0,4541,deterministic_stratified_sample
current_core_only_AB,standard,90,2008-12-04,2009-04-15,3000.0,0.0,3000.0,3000.0,0.0,0.0,False,False,,,False,False,,,False,False,False,,,0,20,,,,0,4541,deterministic_stratified_sample
current_core_only_AB,standard,90,2008-12-10,2009-04-21,3000.0,0.0,3000.0,3000.0,0.0,0.0,False,False,,,False,False,,,False,False,False,,,0,20,,,,0,4541,deterministic_stratified_sample
current_core_only_AB,standard,90,2008-12-22,2009-05-01,3000.0,0.0,3000.0,3000.0,0.0,0.0,False,False,,,False,False,,,False,False,False,,,0,19,,,,0,4541,deterministic_stratified_sample
current_core_only_AB,standard,90,2008-12-23,2009-05-04,3000.0,0.0,3000.0,3000.0,0.0,0.0,False,False,,,False,False,,,False,False,False,,,0,20,,,,0,4541,deterministic_stratified_sample
current_core_only_AB,standard,90,2009-01-07,2009-05-15,3000.0,0.0,3000.0,3000.0,0.0,0.0,False,False,,,False,False,,,False,False,False,,,0,19,,,,0,4541,deterministic_stratified_sample
current_core_only_AB,standard,90,2009-01-12,2009-05-20,3000.0,0.0,3000.0,3000.0,0.0,0.0,False,False,,,False,False,,,False,False,False,,,0,19,,,,0,4541,deterministic_stratified_sample
current_core_only_AB,standard,90,2009-01-21,2009-05-29,3000.0,0.0,3000.0,3000.0,0.0,0.0,False,False,,,False,False,,,False,False,False,,,0,18,,,,0,4541,deterministic_stratified_sample
current_core_only_AB,standard,90,2009-01-29,2009-06-08,3011.91787554453,0.003972625181509981,3035.9133294380526,2990.9732327646625,-35.892666567947344,-0.011858029976108742,False,False,,,False,False,,,False,False,False,,,3,25,,A_ETF_sector_momentum,B_ETF_trend_following,0,4541,deterministic_stratified_sample
current_core_only_AB,standard,90,2009-02-03,2009-06-11,3026.6249212404027,0.008874973746801018,3035.9133294380526,2990.9732327646625,-35.892666567947344,-0.011858029976108742,False,False,,,False,False,,,False,False,False,,,3,26,,A_ETF_sector_momentum,B_ETF_trend_following,0,4541,deterministic_stratified_sample
current_core_only_AB,standard,90,2009-02-17,2009-06-24,2912.243196642811,-0.029252267785729646,3035.9133294380526,2898.1511898510375,-137.7621395870151,-0.0453774942292291,False,False,,,False,False,,,False,False,False,,,5,25,,A_ETF_sector_momentum,B_ETF_trend_following,0,4541,deterministic_stratified_sample
current_core_only_AB,standard,90,2009-03-02,2009-07-08,2840.600479792475,-0.05313317340250823,3035.9133294380526,2834.886006408382,-201.0273230296707,-0.06621642359825897,False,False,,,False,False,,,False,False,False,,,7,26,B_ETF_trend_following,A_ETF_sector_momentum,B_ETF_trend_following,0,4541,deterministic_stratified_sample
current_core_only_AB,standard,90,2009-03-05,2009-07-13,2867.6893492382756,-0.04410355025390811,3035.9133294380526,2834.886006408382,-201.0273230296707,-0.06621642359825897,False,False,,,False,False,,,False,False,False,,,8,28,B_ETF_trend_following,A_ETF_sector_momentum,B_ETF_trend_following,0,4541,deterministic_stratified_sample
current_core_only_AB,standard,90,2009-03-13,2009-07-21,2944.027187964112,-0.018657604011962703,3035.9133294380526,2834.886006408382,-201.0273230296707,-0.06621642359825897,False,False,,,False,False,,,False,False,False,,,9,48,B_ETF_trend_following,A_ETF_sector_momentum,B_ETF_trend_following,0,4541,deterministic_stratified_sample
current_core_only_AB,standard,90,2009-03-23,2009-07-29,3017.048947228561,0.005682982409520365,3035.9133294380526,2834.886006408382,-201.0273230296707,-0.06621642359825897,False,False,,,False,False,,,False,False,False,,,9,74,B_ETF_trend_following,A_ETF_sector_momentum,B_ETF_trend_following,0,4541,deterministic_stratified_sample
current_core_only_AB,standard,90,2009-03-26,2009-08-03,3054.886888159612,0.018295629386537504,3054.886888159612,2834.886006408382,-201.0273230296707,-0.06621642359825897,False,False,,,False,False,,,False,False,False,,,9,84,B_ETF_trend_following,A_ETF_sector_momentum,B_ETF_trend_following,0,4541,deterministic_stratified_sample
current_core_only_AB,standard,90,2009-04-08,2009-08-14,3016.318973685525,0.005439657895174976,3054.886888159612,2834.886006408382,-201.0273230296707,-0.06621642359825897,False,False,,,False,False,,,False,False,False,,,9,104,B_ETF_trend_following,A_ETF_sector_momentum,B_ETF_trend_following,0,4541,deterministic_stratified_sample
current_core_only_AB,standard,90,2009-04-23,2009-08-28,3021.10593186539,0.007035310621796631,3054.886888159612,2834.886006408382,-201.0273230296707,-0.06621642359825897,False,False,,,False,False,,,False,False,False,,,10,131,B_ETF_trend_following,A_ETF_sector_momentum,B_ETF_trend_following,0,4541,deterministic_stratified_sample
current_core_only_AB,standard,90,2009-04-27,2009-09-01,2946.5445408776454,-0.017818486374118203,3054.886888159612,2834.886006408382,-201.0273230296707,-0.06621642359825897,False,False,,,False,False,,,False,False,False,,,10,137,B_ETF_trend_following,A_ETF_sector_momentum,B_ETF_trend_following,0,4541,deterministic_stratified_sample
current_core_only_AB,standard,90,2009-05-06,2009-09-11,2995.4462702596024,-0.001517909913465898,3054.886888159612,2834.886006408382,-201.0273230296707,-0.06621642359825897,False,False,,,False,False,,,False,False,False,,,11,156,B_ETF_trend_following,A_ETF_sector_momentum,B_ETF_trend_following,0,4541,deterministic_stratified_sample
current_core_only_AB,standard,90,2009-05-13,2009-09-18,3050.872534715393,0.0169575115717977,3054.886888159612,2834.886006408382,-201.0273230296707,-0.06621642359825897,False,False,,,False,False,,,False,False,False,,,12,176,B_ETF_trend_following,A_ETF_sector_momentum,B_ETF_trend_following,0,4541,deterministic_stratified_sample
current_core_only_AB,standard,90,2009-05-19,2009-09-24,3018.290161413209,0.006096720471069572,3073.93983758951,2834.886006408382,-201.0273230296707,-0.06621642359825897,False,False,,,False,False,,,False,False,False,,,13,188,B_ETF_trend_following,A_ETF_sector_momentum,B_ETF_trend_following,0,4541,deterministic_stratified_sample
current_core_only_AB,standard,90,2009-06-02,2009-10-07,2982.512882797766,-0.005829039067411279,3036.215025482555,2859.8293109807782,-158.45435225469373,-0.052498164498176236,False,False,,,False,False,,,False,False,False,,,20,177,,B_ETF_trend_following,A_ETF_sector_momentum,0,4541,deterministic_stratified_sample
current_core_only_AB,standard,90,2009-06-15,2009-10-20,3132.592506990622,0.04419750233020725,3138.1561959610735,2942.4696206455305,-138.70656444512497,-0.04449972216017106,False,False,,,False,False,,,False,False,False,,,20,196,,B_ETF_trend_following,A_ETF_sector_momentum,0,4541,deterministic_stratified_sample
current_core_only_AB,standard,90,2009-06-26,2009-11-02,3010.7844809117487,0.0035948269705829983,3105.8397631791636,2903.8711328302306,-137.882545760016,-0.04478074327269055,False,False,,,False,False,,,False,False,False,,,22,198,,B_ETF_trend_following,A_ETF_sector_momentum,0,4541,deterministic_stratified_sample
current_core_only_AB,standard,90,2009-07-10,2009-11-13,3285.1109951658354,0.0950369983886119,3316.667616402373,3000.0,-166.51006916718597,-0.05020402657888323,True,True,2009-08-03,17,False,False,,,False,False,False,,,21,226,,A_ETF_sector_momentum,B_ETF_trend_following,0,4541,deterministic_stratified_sample
current_core_only_AB,standard,90,2009-07-13,2009-11-16,3328.013520780784,0.10933784026026139,3328.013520780784,3000.0,-135.99857105070805,-0.04170772995550709,True,True,2009-11-16,90,False,False,,,False,False,False,,,21,217,,B_ETF_trend_following,A_ETF_sector_momentum,0,4541,deterministic_stratified_sample
current_core_only_AB,standard,90,2009-07-20,2009-11-23,3289.2072908898626,0.09640243029662088,3289.2072908898626,2991.9003476159887,-143.04305301073555,-0.04562859188530777,False,False,,,False,False,,,False,False,False,,,20,211,,A_ETF_sector_momentum,B_ETF_trend_following,0,4541,deterministic_stratified_sample
current_core_only_AB,standard,90,2009-07-23,2009-11-27,3173.8017496126113,0.05793391653753699,3208.6241130431395,2935.470169657776,-129.9118808191356,-0.04238032280476223,False,False,,,False,False,,,False,False,False,,,19,218,,A_ETF_sector_momentum,B_ETF_trend_following,0,4541,deterministic_stratified_sample
current_core_only_AB,standard,90,2009-08-05,2009-12-10,3103.6548368753765,0.034551612291792155,3193.1968877202385,2860.6352681923677,-139.36473180763232,-0.04645491060254414,False,False,,,False,False,,,False,False,False,,,23,197,,A_ETF_sector_momentum,B_ETF_trend_following,0,4541,deterministic_stratified_sample
current_core_only_AB,standard,90,2009-08-06,2009-12-11,3205.211732243274,0.06840391074775809,3283.837212533716,2939.5875761869556,-128.26057316175684,-0.03905813987131068,False,False,,,False,False,,,False,False,False,,,20,200,,A_ETF_sector_momentum,B_ETF_trend_following,0,4541,deterministic_stratified_sample
current_core_only_AB,standard,90,2009-08-18,2009-12-23,3236.2436689644674,0.07874788965482238,3305.3659770966624,2961.122292436058,-129.1014466593124,-0.03905813987131046,True,True,2009-12-02,75,False,False,,,False,False,False,,,20,210,,A_ETF_sector_momentum,B_ETF_trend_following,0,4541,deterministic_stratified_sample
current_core_only_AB,standard,90,2009-09-01,2010-01-08,3263.1912491398716,0.08773041637995727,3303.8197330989706,2934.310308449094,-129.04105324497505,-0.03905813987131046,True,True,2009-12-02,65,False,False,,,False,False,False,,,24,208,,A_ETF_sector_momentum,B_ETF_trend_following,0,4541,deterministic_stratified_sample
current_core_only_AB,standard,90,2009-09-15,2010-01-22,3139.650473354559,0.04655015778485305,3266.9151955608822,2926.658813308704,-129.14203436023809,-0.039785786259402656,False,False,,,False,False,,,False,False,False,,,24,198,,A_ETF_sector_momentum,B_ETF_trend_following,0,4541,deterministic_stratified_sample
current_core_only_AB,standard,90,2009-09-22,2010-01-29,2999.5841926827275,-0.00013860243909080694,3129.6837840431394,2877.4179922563144,-130.09959136041198,-0.04156956431947911,False,False,,,False,False,,,False,False,False,,,18,203,B_ETF_trend_following,A_ETF_sector_momentum,B_ETF_trend_following,0,4541,deterministic_stratified_sample
current_core_only_AB,standard,90,2009-09-28,2010-02-04,3135.2528711245573,0.04508429037485251,3277.716611009196,2952.557870575437,-142.46373988463893,-0.04346432495296626,False,False,,,False,False,,,False,False,False,,,24,174,,B_ETF_trend_following,A_ETF_sector_momentum,0,4541,deterministic_stratified_sample
current_core_only_AB,standard,90,2009-09-29,2010-02-05,3168.1674146149617,0.05605580487165396,3305.8047711960508,2986.103709192432,-143.68457280633265,-0.04346432495296659,True,True,2009-12-02,46,False,False,,,False,False,False,,,24,174,,B_ETF_trend_following,A_ETF_sector_momentum,0,4541,deterministic_stratified_sample
current_core_only_AB,standard,90,2009-10-09,2010-02-18,3143.3510087451577,0.04778366958171931,3282.9883397716403,2969.733667146964,-155.28926659299213,-0.04730119346198891,False,False,,,False,False,,,False,False,False,,,24,168,,B_ETF_trend_following,A_ETF_sector_momentum,0,4541,deterministic_stratified_sample
current_core_only_AB,standard,90,2009-10-22,2010-03-03,3208.4257819769823,0.06947526065899412,3262.3452130142814,2923.9798903003666,-133.74770913063594,-0.04106295607130206,False,False,,,False,False,,,False,False,False,,,23,166,,A_ETF_sector_momentum,B_ETF_trend_following,0,4541,deterministic_stratified_sample
current_core_only_AB,standard,90,2009-11-04,2010-03-16,3225.3504039308455,0.07511680131028187,3225.3504039308455,3000.0,-146.16576403836189,-0.04568207101719013,False,False,,,False,False,,,False,False,False,,,23,202,,B_ETF_trend_following,A_ETF_sector_momentum,0,4541,deterministic_stratified_sample
current_core_only_AB,standard,90,2009-11-06,2010-03-18,3246.6502913484933,0.08221676378283105,3246.7901421399883,2996.436160508039,-145.5270668403332,-0.045412608579856295,False,False,,,False,False,,,False,False,False,,,22,217,,B_ETF_trend_following,A_ETF_sector_momentum,0,4541,deterministic_stratified_sample
current_core_only_AB,standard,90,2009-11-17,2010-03-29,3189.990791190816,0.06333026373027195,3189.990791190816,2954.9703881636196,-140.7063162663203,-0.045452522889411706,False,False,,,False,False,,,False,False,False,,,22,205,,B_ETF_trend_following,A_ETF_sector_momentum,0,4541,deterministic_stratified_sample
current_core_only_AB,standard,90,2009-11-20,2010-04-01,3170.025367075047,0.05667512235834904,3171.604041631274,2937.9382698788063,-134.04894611023383,-0.04363590623441971,False,False,,,False,False,,,False,False,False,,,21,206,,B_ETF_trend_following,A_ETF_sector_momentum,0,4541,deterministic_stratified_sample
current_core_only_AB,standard,90,2009-12-01,2010-04-12,3162.41084326706,0.05413694775568678,3162.41084326706,2867.4601100294876,-134.4594042258168,-0.044791142329867695,False,False,,,False,False,,,False,False,False,,,22,207,,B_ETF_trend_following,A_ETF_sector_momentum,0,4541,deterministic_stratified_sample
current_core_only_AB,standard,90,2009-12-14,2010-04-23,3424.748002708645,0.1415826675695484,3424.748002708645,2970.8529075317565,-113.775801679089,-0.03670409723265344,True,True,2010-04-13,82,True,True,2010-04-22,89,False,False,False,,,13,219,,B_ETF_trend_following,A_ETF_sector_momentum,0,4541,deterministic_stratified_sample
current_core_only_AB,standard,90,2009-12-15,2010-04-26,3461.0429425562616,0.15368098085208715,3461.0429425562616,2972.0716410992254,-155.02557063101085,-0.049122512136937635,True,True,2010-04-09,79,True,True,2010-04-22,88,False,False,False,,,14,223,,B_ETF_trend_following,A_ETF_sector_momentum,0,4541,deterministic_stratified_sample
current_core_only_AB,standard,90,2009-12-28,2010-05-06,3232.0889891562224,0.07736299638540745,3384.6373662855945,2933.3260291449546,-167.90914972051314,-0.049609199317202424,True,True,2010-04-20,78,False,False,,,False,False,False,,,19,203,,B_ETF_trend_following,A_ETF_sector_momentum,0,4541,deterministic_stratified_sample
current_core_only_AB,standard,90,2010-01-08,2010-05-18,3208.7197471147947,0.069573249038265,3344.1153947360854,2898.2073026655826,-166.083466505866,-0.04966439458617222,True,True,2010-04-22,72,False,False,,,False,False,False,,,20,178,,B_ETF_trend_following,A_ETF_sector_momentum,0,4541,deterministic_stratified_sample
current_core_only_AB,standard,90,2010-01-11,2010-05-19,3241.805247105699,0.0806017490352331,3391.7745404306434,2939.5115244960225,-168.45042912328154,-0.049664394586172556,True,True,2010-04-15,66,False,False,,,False,False,False,,,19,174,,B_ETF_trend_following,A_ETF_sector_momentum,0,4541,deterministic_stratified_sample
current_core_only_AB,standard,90,2010-01-26,2010-06-03,3263.8974619808014,0.08796582066026715,3414.3415046843484,2959.0693844616308,-169.57120374058923,-0.049664394586172445,True,True,2010-04-14,55,True,True,2010-04-26,63,False,False,False,,,14,167,,B_ETF_trend_following,A_ETF_sector_momentum,0,4541,deterministic_stratified_sample
current_core_only_AB,standard,90,2010-02-01,2010-06-09,3302.5948204634406,0.10086494015448011,3431.4274017457906,2973.8770288730675,-170.41976447410752,-0.049664394586172445,True,True,2010-04-14,51,True,True,2010-04-22,57,False,False,False,,,13,168,,B_ETF_trend_following,A_ETF_sector_momentum,0,4541,deterministic_stratified_sample
current_core_only_AB,standard,90,2010-02-08,2010-06-16,3289.2530409088927,0.09641768030296416,3341.687874915099,2980.5630625270865,-113.14942006151114,-0.03385996068360686,True,True,2010-04-22,52,False,False,,,False,False,False,,,13,170,,A_ETF_sector_momentum,B_ETF_trend_following,0,4541,deterministic_stratified_sample
current_core_only_AB,standard,90,2010-02-22,2010-06-29,3273.284585736289,0.09109486191209637,3403.884673483204,2974.0242403780067,-185.3828521863379,-0.05446214251337578,True,True,2010-04-09,34,True,True,2010-04-26,45,False,False,False,,,13,176,,B_ETF_trend_following,A_ETF_sector_momentum,0,4541,deterministic_stratified_sample
current_core_only_AB,standard,90,2010-03-05,2010-07-13,3205.757539869818,0.06858584662327272,3255.6757294129475,3000.0,-83.5815913501574,-0.025941777150960355,False,False,,,False,False,,,False,False,False,,,12,152,,B_ETF_trend_following,A_ETF_sector_momentum,0,4541,deterministic_stratified_sample
current_core_only_AB,standard,90,2010-03-08,2010-07-14,3187.592967821587,0.06253098927386236,3321.910511380377,3000.0,-180.79895177544768,-0.0544261957557427,True,True,2010-04-23,34,False,False,,,False,False,False,,,11,141,,B_ETF_trend_following,A_ETF_sector_momentum,0,4541,deterministic_stratified_sample
current_core_only_AB,standard,90,2010-03-18,2010-07-26,3078.163776318743,0.02605459210624783,3146.187743574319,2988.0403931344713,-123.56936945169036,-0.03927590453051155,False,False,,,False,False,,,False,False,False,,,13,111,,B_ETF_trend_following,A_ETF_sector_momentum,0,4541,deterministic_stratified_sample
current_core_only_AB,standard,90,2010-03-26,2010-08-03,3069.1580904477596,0.023052696815919926,3168.5141020207566,2977.6578705389074,-147.92005896820547,-0.04668436188239389,False,False,,,False,False,,,False,False,False,,,13,89,,B_ETF_trend_following,A_ETF_sector_momentum,0,4541,deterministic_stratified_sample
current_core_only_AB,standard,90,2010-03-31,2010-08-06,3042.583805484604,0.014194601828201314,3159.3838828557186,2989.8717252999095,-169.51215755580915,-0.05365354886934148,False,False,,,False,False,,,False,False,False,,,13,90,,A_ETF_sector_momentum,B_ETF_trend_following,0,4541,deterministic_stratified_sample
current_core_only_AB,standard,90,2010-04-14,2010-08-19,2931.6801472791085,-0.02277328424029712,3078.848578134355,2911.228543944875,-167.62003418948007,-0.05444244169066936,False,False,,,False,False,,,False,False,False,,,13,65,,A_ETF_sector_momentum,B_ETF_trend_following,0,4541,deterministic_stratified_sample
current_core_only_AB,standard,90,2010-04-27,2010-09-01,3040.3255993263,0.013441866442100103,3095.9969099865457,2999.881266242094,-66.3780970668131,-0.02143997523146801,False,False,,,False,False,,,False,False,False,,,10,44,,B_ETF_trend_following,A_ETF_sector_momentum,0,4541,deterministic_stratified_sample
current_core_only_AB,standard,90,2010-05-10,2010-09-15,2938.864866703271,-0.020378377765576272,3000.58706874587,2910.4822735198895,-90.10479522598052,-0.030029055368701818,False,False,,,False,False,,,False,False,False,,,12,38,,A_ETF_sector_momentum,B_ETF_trend_following,0,4541,deterministic_stratified_sample
current_core_only_AB,standard,90,2010-05-21,2010-09-28,2917.6823144600685,-0.027439228513310487,3009.642658054897,2856.193223343944,-153.44943471095303,-0.05098593160230058,False,False,,,False,False,,,False,False,False,,,9,61,B_ETF_trend_following,A_ETF_sector_momentum,B_ETF_trend_following,0,4541,deterministic_stratified_sample
current_core_only_AB,standard,90,2010-05-25,2010-09-30,2918.1106635325104,-0.027296445489163212,3009.642658054897,2856.193223343944,-153.44943471095303,-0.05098593160230058,False,False,,,False,False,,,False,False,False,,,9,66,B_ETF_trend_following,A_ETF_sector_momentum,B_ETF_trend_following,0,4541,deterministic_stratified_sample
current_core_only_AB,standard,90,2010-06-07,2010-10-12,2957.432071319384,-0.014189309560205365,3009.642658054897,2856.193223343944,-153.44943471095303,-0.05098593160230058,False,False,,,False,False,,,False,False,False,,,9,92,B_ETF_trend_following,A_ETF_sector_momentum,B_ETF_trend_following,0,4541,deterministic_stratified_sample
current_core_only_AB,standard,90,2010-06-14,2010-10-19,2943.549692873383,-0.01881676904220575,3009.642658054897,2856.193223343944,-153.44943471095303,-0.05098593160230058,False,False,,,False,False,,,False,False,False,,,9,112,B_ETF_trend_following,A_ETF_sector_momentum,B_ETF_trend_following,0,4541,deterministic_stratified_sample
current_core_only_AB,standard,90,2010-06-17,2010-10-22,2939.963254922047,-0.020012248359317697,3000.0,2852.7132210197606,-147.28677898023943,-0.04909559299341315,False,False,,,False,False,,,False,False,False,,,9,117,B_ETF_trend_following,A_ETF_sector_momentum,B_ETF_trend_following,0,4541,deterministic_stratified_sample
current_core_only_AB,standard,90,2010-06-18,2010-10-25,2934.3030224023296,-0.021898992532556782,3000.0,2852.2318127931526,-147.76818720684741,-0.04925606240228242,False,False,,,False,False,,,False,False,False,,,9,118,B_ETF_trend_following,A_ETF_sector_momentum,B_ETF_trend_following,0,4541,deterministic_stratified_sample
current_core_only_AB,standard,90,2010-07-01,2010-11-05,2966.437768121409,-0.011187410626196992,3019.479845968773,2890.904575716247,-109.09542428375289,-0.03636514142791758,False,False,,,False,False,,,False,False,False,,,7,144,B_ETF_trend_following,A_ETF_sector_momentum,B_ETF_trend_following,0,4541,deterministic_stratified_sample
current_core_only_AB,standard,90,2010-07-07,2010-11-10,2967.3549986323887,-0.01088166712253713,3019.479845968773,2890.904575716247,-109.09542428375289,-0.03636514142791758,False,False,,,False,False,,,False,False,False,,,8,152,B_ETF_trend_following,A_ETF_sector_momentum,B_ETF_trend_following,0,4541,deterministic_stratified_sample
current_core_only_AB,standard,90,2010-07-08,2010-11-11,2959.8299393683455,-0.013390020210551468,3019.479845968773,2890.904575716247,-109.09542428375289,-0.03636514142791758,False,False,,,False,False,,,False,False,False,,,8,153,B_ETF_trend_following,A_ETF_sector_momentum,B_ETF_trend_following,0,4541,deterministic_stratified_sample
current_core_only_AB,standard,90,2010-07-13,2010-11-16,2912.2649811854526,-0.029245006271515828,3019.479845968773,2890.904575716247,-109.09542428375289,-0.03636514142791758,False,False,,,False,False,,,False,False,False,,,9,153,B_ETF_trend_following,A_ETF_sector_momentum,B_ETF_trend_following,0,4541,deterministic_stratified_sample
current_core_only_AB,standard,90,2010-07-15,2010-11-18,2932.3973298554765,-0.02253422338150779,3019.479845968773,2890.904575716247,-109.09542428375289,-0.03636514142791758,False,False,,,False,False,,,False,False,False,,,9,153,B_ETF_trend_following,A_ETF_sector_momentum,B_ETF_trend_following,0,4541,deterministic_stratified_sample
current_core_only_AB,standard,90,2010-07-28,2010-12-02,3096.524075698375,0.03217469189945832,3096.524075698375,2913.168951615289,-102.56792892530075,-0.03401090114563132,False,False,,,False,False,,,False,False,False,,,13,138,,A_ETF_sector_momentum,B_ETF_trend_following,0,4541,deterministic_stratified_sample
current_core_only_AB,standard,90,2010-07-29,2010-12-03,3104.4436717316053,0.034814557243868505,3104.4436717316053,2913.168951615289,-102.56792892530075,-0.03401090114563132,False,False,,,False,False,,,False,False,False,,,13,143,,A_ETF_sector_momentum,B_ETF_trend_following,0,4541,deterministic_stratified_sample
current_core_only_AB,standard,90,2010-08-02,2010-12-07,3106.8529125021873,0.035617637500729105,3106.8529125021873,2913.168951615289,-102.56792892530075,-0.03401090114563132,False,False,,,False,False,,,False,False,False,,,13,154,,A_ETF_sector_momentum,B_ETF_trend_following,0,4541,deterministic_stratified_sample
current_core_only_AB,standard,90,2010-08-10,2010-12-15,3174.80034622172,0.058266782073906676,3203.491536157237,2986.5304139684768,-84.08668141379849,-0.026900442204467523,False,False,,,False,False,,,False,False,False,,,12,178,,A_ETF_sector_momentum,B_ETF_trend_following,0,4541,deterministic_stratified_sample
current_core_only_AB,standard,90,2010-08-11,2010-12-16,3209.5536248020358,0.06985120826734526,3215.522055639471,2995.2946469732124,-101.3426611035552,-0.03212626030668675,False,False,,,False,False,,,False,False,False,,,10,174,,A_ETF_sector_momentum,B_ETF_trend_following,0,4541,deterministic_stratified_sample
current_core_only_AB,standard,90,2010-08-23,2010-12-29,3237.4341390491586,0.07914471301638626,3244.072611649696,2995.2946469732124,-101.3426611035552,-0.03212626030668675,False,False,,,False,False,,,False,False,False,,,12,210,,A_ETF_sector_momentum,B_ETF_trend_following,0,4541,deterministic_stratified_sample
current_core_only_AB,standard,90,2010-08-25,2010-12-31,3220.4131792731264,0.07347105975770885,3244.072611649696,2995.2946469732124,-101.3426611035552,-0.03212626030668675,False,False,,,False,False,,,False,False,False,,,12,215,,A_ETF_sector_momentum,B_ETF_trend_following,0,4541,deterministic_stratified_sample
current_core_only_AB,standard,90,2010-09-03,2011-01-11,3270.063779334014,0.09002125977800457,3270.063779334014,2995.2946469732124,-101.3426611035552,-0.03212626030668675,False,False,,,False,False,,,False,False,False,,,14,236,,A_ETF_sector_momentum,B_ETF_trend_following,0,4541,deterministic_stratified_sample
current_core_only_AB,standard,90,2010-09-17,2011-01-25,3211.868984322331,0.07062299477411038,3294.908077080727,3000.0,-104.06211046906037,-0.03330986004280956,False,False,,,False,False,,,False,False,False,,,17,260,,A_ETF_sector_momentum,B_ETF_trend_following,0,4541,deterministic_stratified_sample
current_core_only_AB,standard,90,2010-09-29,2011-02-04,3160.2983109157103,0.053432770305236854,3214.746298337225,2942.4710455528043,-147.11215440068372,-0.04761553416101516,False,False,,,False,False,,,False,False,False,,,18,254,,A_ETF_sector_momentum,B_ETF_trend_following,0,4541,deterministic_stratified_sample
current_core_only_AB,standard,90,2010-09-30,2011-02-07,3182.7184538311767,0.060906151277059006,3224.231160967684,2970.1402646987754,-122.97729316788036,-0.038141586948428174,False,False,,,False,False,,,False,False,False,,,20,251,,B_ETF_trend_following,A_ETF_sector_momentum,0,4541,deterministic_stratified_sample
current_core_only_AB,standard,90,2010-10-14,2011-02-22,3055.833178549207,0.018611059516402184,3143.074247318984,2876.261652590266,-132.51922123880377,-0.04216229424164619,False,False,,,False,False,,,False,False,False,,,18,258,,A_ETF_sector_momentum,B_ETF_trend_following,0,4541,deterministic_stratified_sample
current_core_only_AB,standard,90,2010-10-22,2011-03-02,3180.6077538807704,0.060202584626923406,3232.505413736384,2942.6516563635387,-146.252438526275,-0.045557799078447814,False,False,,,False,False,,,False,False,False,,,22,241,,A_ETF_sector_momentum,B_ETF_trend_following,0,4541,deterministic_stratified_sample
current_core_only_AB,standard,90,2010-10-27,2011-03-07,3197.6245561546984,0.06587485205156618,3241.4764237794416,2950.570728492646,-146.64524063896943,-0.0455539195481911,False,False,,,False,False,,,False,False,False,,,20,238,,A_ETF_sector_momentum,B_ETF_trend_following,0,4541,deterministic_stratified_sample
current_core_only_AB,standard,90,2010-10-28,2011-03-08,3054.6802119216104,0.018226737307203367,3174.9351826172533,2905.417943279943,-133.8625513676643,-0.043922259540100206,False,False,,,False,False,,,False,False,False,,,19,237,,B_ETF_trend_following,A_ETF_sector_momentum,0,4541,deterministic_stratified_sample
current_core_only_AB,standard,90,2010-11-09,2011-03-18,3051.663528599399,0.01722117619979957,3223.4802126514833,2925.3602080657042,-171.81668405208438,-0.053301609663288785,False,False,,,False,False,,,False,False,False,,,17,215,,A_ETF_sector_momentum,B_ETF_trend_following,0,4541,deterministic_stratified_sample
current_core_only_AB,standard,90,2010-11-19,2011-03-30,3169.924897371091,0.056641632457030244,3270.1528077891107,2987.7743096442623,-175.915615148705,-0.05379431038503624,False,False,,,False,False,,,False,False,False,,,24,218,,A_ETF_sector_momentum,B_ETF_trend_following,0,4541,deterministic_stratified_sample
current_core_only_AB,standard,90,2010-11-22,2011-03-31,3209.1139288291297,0.06970464294304324,3312.561422910739,2994.4708014835346,-177.49830441786207,-0.053583400202099396,True,True,2011-02-17,61,False,False,,,False,False,False,,,19,221,,A_ETF_sector_momentum,B_ETF_trend_following,0,4541,deterministic_stratified_sample
current_core_only_AB,standard,90,2010-12-06,2011-04-13,2977.9640460542437,-0.007345317981918731,3177.836029805388,2958.554663873288,-199.8719837511444,-0.06289562516017688,False,False,,,False,False,,,False,False,False,,,18,235,B_ETF_trend_following,A_ETF_sector_momentum,B_ETF_trend_following,0,4541,deterministic_stratified_sample
current_core_only_AB,standard,90,2010-12-17,2011-04-27,3085.827862213001,0.028609287404333772,3146.6406932869068,2982.6198817978266,-158.44399681839604,-0.05035338072008766,False,False,,,False,False,,,False,False,False,,,20,228,B_ETF_trend_following,A_ETF_sector_momentum,B_ETF_trend_following,0,4541,deterministic_stratified_sample
current_core_only_AB,standard,90,2010-12-22,2011-05-02,3084.7353785002497,0.02824512616674979,3161.359051377205,2977.1634979282708,-184.19555344893433,-0.058264673659479405,False,False,,,False,False,,,False,False,False,,,20,222,B_ETF_trend_following,A_ETF_sector_momentum,B_ETF_trend_following,0,4541,deterministic_stratified_sample
current_core_only_AB,standard,90,2010-12-31,2011-05-10,3031.1221978937274,0.010374065964575907,3066.384861974302,2887.4736690513114,-178.91119292299072,-0.05834596796430769,False,False,,,False,False,,,False,False,False,,,21,222,B_ETF_trend_following,A_ETF_sector_momentum,B_ETF_trend_following,0,4541,deterministic_stratified_sample
current_core_only_AB,standard,90,2011-01-10,2011-05-18,3133.9818059806375,0.04466060199354582,3133.9818059806375,2950.665312905815,-162.49483671919188,-0.052196105856862185,False,False,,,False,False,,,False,False,False,,,18,209,B_ETF_trend_following,A_ETF_sector_momentum,B_ETF_trend_following,0,4541,deterministic_stratified_sample
current_core_only_AB,standard,90,2011-01-13,2011-05-23,3039.7680167649123,0.013256005588304198,3081.5138274524916,2896.29419032493,-185.21963712756178,-0.06010670323056255,False,False,,,False,False,,,False,False,False,,,18,208,B_ETF_trend_following,A_ETF_sector_momentum,B_ETF_trend_following,0,4541,deterministic_stratified_sample
current_core_only_AB,standard,90,2011-01-18,2011-05-25,3036.2354524164152,0.012078484138805079,3088.9967542959566,2892.9639051701865,-141.75384380764444,-0.046540625281259906,False,False,,,False,False,,,False,False,False,,,13,206,B_ETF_trend_following,A_ETF_sector_momentum,B_ETF_trend_following,0,4541,deterministic_stratified_sample
current_core_only_AB,standard,90,2011-01-27,2011-06-06,3092.1576741049203,0.030719224701640124,3150.8001488072778,2955.461589922083,-147.8251685473847,-0.04721294393562636,False,False,,,False,False,,,False,False,False,,,19,184,B_ETF_trend_following,A_ETF_sector_momentum,B_ETF_trend_following,0,4541,deterministic_stratified_sample
current_core_only_AB,standard,90,2011-02-09,2011-06-17,2947.7920891128965,-0.01740263696236788,3052.0552113592375,2843.861136268397,-208.19407509084067,-0.06821438692064852,False,False,,,False,False,,,False,False,False,,,17,163,B_ETF_trend_following,A_ETF_sector_momentum,B_ETF_trend_following,0,4541,deterministic_stratified_sample
current_core_only_AB,standard,90,2011-02-24,2011-07-01,2945.6885058831776,-0.018103831372274115,3024.242537457077,2818.813488489224,-205.4290489678533,-0.06792743849856286,False,False,,,False,False,,,False,False,False,,,22,120,,B_ETF_trend_following,A_ETF_sector_momentum,0,4541,deterministic_stratified_sample
current_core_only_AB,standard,90,2011-02-28,2011-07-06,3009.8094891020132,0.003269829700671023,3032.17835295884,2870.893192606743,-132.90604990220208,-0.044245982894379865,False,False,,,False,False,,,False,False,False,,,15,161,B_ETF_trend_following,A_ETF_sector_momentum,B_ETF_trend_following,0,4541,deterministic_stratified_sample
current_core_only_AB,standard,90,2011-03-09,2011-07-15,3051.6910704427664,0.017230356814255554,3149.4066306391433,2937.1705898109576,-116.14679475495541,-0.037739194005037,False,False,,,False,False,,,False,False,False,,,20,131,,A_ETF_sector_momentum,B_ETF_trend_following,0,4541,deterministic_stratified_sample
current_core_only_AB,standard,90,2011-03-22,2011-07-28,3070.8629867748946,0.023620995591631555,3152.8281136325168,2979.531419203575,-123.11640823445032,-0.03904951484735475,False,False,,,False,False,,,False,False,False,,,16,146,,B_ETF_trend_following,A_ETF_sector_momentum,0,4541,deterministic_stratified_sample
current_core_only_AB,standard,90,2011-03-23,2011-07-29,3086.6585799723016,0.028886193324100473,3152.8281136325168,2979.531419203575,-123.11640823445032,-0.03904951484735475,False,False,,,False,False,,,False,False,False,,,16,146,,B_ETF_trend_following,A_ETF_sector_momentum,0,4541,deterministic_stratified_sample
current_core_only_AB,standard,90,2011-04-04,2011-08-10,3255.122381671541,0.08504079389051378,3255.122381671541,2913.9313298851393,-160.9945619283335,-0.05175160340427476,False,False,,,False,False,,,False,False,False,,,16,140,,B_ETF_trend_following,A_ETF_sector_momentum,0,4541,deterministic_stratified_sample
current_core_only_AB,standard,90,2011-04-05,2011-08-11,3202.7620532673373,0.06758735108911251,3261.215949315335,2919.386576538467,-161.29586664159478,-0.051751580267848984,False,False,,,False,False,,,False,False,False,,,16,133,,B_ETF_trend_following,A_ETF_sector_momentum,0,4541,deterministic_stratified_sample
current_core_only_AB,standard,90,2011-04-15,2011-08-23,3256.532494977719,0.08551083165923967,3360.2077214554165,2996.328040478381,-153.70885318967612,-0.04805119127502788,True,True,2011-08-10,81,False,False,,,False,False,False,,,13,123,,A_ETF_sector_momentum,B_ETF_trend_following,0,4541,deterministic_stratified_sample
current_core_only_AB,standard,90,2011-04-20,2011-08-26,3173.525085572869,0.05784169519095639,3274.114973643662,2967.126883851284,-132.98999584382,-0.042898381256160745,False,False,,,False,False,,,False,False,False,,,14,115,,B_ETF_trend_following,A_ETF_sector_momentum,0,4541,deterministic_stratified_sample
current_core_only_AB,standard,90,2011-04-27,2011-09-01,3126.1874323958546,0.04206247746528491,3225.102180899747,2922.7096363893666,-131.20780419993253,-0.04296376924145473,False,False,,,False,False,,,False,False,False,,,14,95,,B_ETF_trend_following,A_ETF_sector_momentum,0,4541,deterministic_stratified_sample
current_core_only_AB,standard,90,2011-04-29,2011-09-06,3130.10924437394,0.04336974812464667,3229.366782753814,2926.5743799649536,-147.6857016580134,-0.0480394298910608,False,False,,,False,False,,,False,False,False,,,13,90,,A_ETF_sector_momentum,B_ETF_trend_following,0,4541,deterministic_stratified_sample
current_core_only_AB,standard,90,2011-05-12,2011-09-19,3064.0321865790006,0.021344062193000113,3160.766919372974,2864.4065879037917,-156.7063226333389,-0.051870395868613084,False,False,,,False,False,,,False,False,False,,,14,72,,A_ETF_sector_momentum,B_ETF_trend_following,0,4541,deterministic_stratified_sample
current_core_only_AB,standard,90,2011-05-25,2011-09-30,3094.9608969862243,0.03165363232874152,3193.777018864202,2894.3215891873383,-112.375366636536,-0.03737502258711789,False,False,,,False,False,,,False,False,False,,,12,68,,B_ETF_trend_following,A_ETF_sector_momentum,0,4541,deterministic_stratified_sample
current_core_only_AB,standard,90,2011-06-08,2011-10-13,3126.5696868428477,0.04218989561428255,3226.3950163117615,2923.881252761504,-111.40308276135738,-0.0367026843111774,False,False,,,False,False,,,False,False,False,,,11,69,,A_ETF_sector_momentum,B_ETF_trend_following,0,4541,deterministic_stratified_sample
current_core_only_AB,standard,90,2011-06-21,2011-10-26,3112.3590505007965,0.03745301683359892,3211.730661806709,2910.5918597998866,-110.89674231317622,-0.03670268431117729,False,False,,,False,False,,,False,False,False,,,10,66,,A_ETF_sector_momentum,B_ETF_trend_following,0,4541,deterministic_stratified_sample
current_core_only_AB,standard,90,2011-06-23,2011-10-28,3124.4283787603686,0.0414761262534562,3235.495081729391,2932.1280763956192,-111.71729578726718,-0.036702684311177514,False,False,,,False,False,,,False,False,False,,,11,66,,A_ETF_sector_momentum,B_ETF_trend_following,0,4541,deterministic_stratified_sample
current_core_only_AB,standard,90,2011-06-27,2011-11-01,3072.8598355120585,0.02428661183735281,3253.586023919525,2948.5227727818638,-180.72618840746645,-0.05554676811334147,False,False,,,False,False,,,False,False,False,,,9,67,,A_ETF_sector_momentum,B_ETF_trend_following,0,4541,deterministic_stratified_sample
current_core_only_AB,standard,90,2011-07-06,2011-11-09,3045.532973780145,0.015177657926714883,3238.1167398707476,2934.9980909689625,-192.5837660906027,-0.05947400342900855,False,False,,,False,False,,,False,False,False,,,9,45,,A_ETF_sector_momentum,B_ETF_trend_following,0,4541,deterministic_stratified_sample
current_core_only_AB,standard,90,2011-07-19,2011-11-22,3030.6425134218853,0.010214171140628503,3122.8029099589835,2977.9999034426296,-118.16895289396598,-0.037840669520676884,False,False,,,False,False,,,False,False,False,,,9,30,,A_ETF_sector_momentum,B_ETF_trend_following,0,4541,deterministic_stratified_sample
current_core_only_AB,standard,90,2011-08-01,2011-12-06,3016.2706248912928,0.005423541630430906,3169.9079376795116,3000.0,-155.7584990760024,-0.049136600222536186,False,False,,,False,False,,,False,False,False,,,8,19,,A_ETF_sector_momentum,B_ETF_trend_following,0,4541,deterministic_stratified_sample
current_core_only_AB,standard,90,2011-08-03,2011-12-08,2898.5925904795104,-0.03380246984016322,3000.0,2898.235327497797,-101.76467250220321,-0.033921557500734445,False,False,,,False,False,,,False,False,False,,,5,24,B_ETF_trend_following,A_ETF_sector_momentum,B_ETF_trend_following,0,4541,deterministic_stratified_sample
current_core_only_AB,standard,90,2011-08-12,2011-12-19,2956.589635616999,-0.01447012146100024,3000.0,2898.235327497797,-101.76467250220321,-0.033921557500734445,False,False,,,False,False,,,False,False,False,,,6,24,B_ETF_trend_following,A_ETF_sector_momentum,B_ETF_trend_following,0,4541,deterministic_stratified_sample
current_core_only_AB,standard,90,2011-08-19,2011-12-27,2908.5218223016254,-0.030492725899458173,3000.0,2898.235327497797,-101.76467250220321,-0.033921557500734445,False,False,,,False,False,,,False,False,False,,,6,25,B_ETF_trend_following,A_ETF_sector_momentum,B_ETF_trend_following,0,4541,deterministic_stratified_sample
current_core_only_AB,standard,90,2011-08-22,2011-12-28,2908.5218223016254,-0.030492725899458173,3000.0,2898.235327497797,-101.76467250220321,-0.033921557500734445,False,False,,,False,False,,,False,False,False,,,6,26,B_ETF_trend_following,A_ETF_sector_momentum,B_ETF_trend_following,0,4541,deterministic_stratified_sample
current_core_only_AB,standard,90,2011-08-25,2012-01-03,2906.353503013268,-0.031215498995577295,3000.0,2898.235327497797,-101.76467250220321,-0.033921557500734445,False,False,,,False,False,,,False,False,False,,,8,28,B_ETF_trend_following,A_ETF_sector_momentum,B_ETF_trend_following,0,4541,deterministic_stratified_sample
current_core_only_AB,standard,90,2011-09-07,2012-01-13,2914.88554869087,-0.028371483769709993,3000.0,2898.235327497797,-101.76467250220321,-0.033921557500734445,False,False,,,False,False,,,False,False,False,,,8,50,B_ETF_trend_following,A_ETF_sector_momentum,B_ETF_trend_following,0,4541,deterministic_stratified_sample
current_core_only_AB,standard,90,2011-09-08,2012-01-17,2920.13381151694,-0.026622062827686643,3000.0,2898.235327497797,-101.76467250220321,-0.033921557500734445,False,False,,,False,False,,,False,False,False,,,9,51,B_ETF_trend_following,A_ETF_sector_momentum,B_ETF_trend_following,0,4541,deterministic_stratified_sample
current_core_only_AB,standard,90,2011-09-12,2012-01-19,2879.4236868806597,-0.04019210437311338,3000.0,2879.4236868806597,-120.57631311934028,-0.04019210437311338,False,False,,,False,False,,,False,False,False,,,9,58,B_ETF_trend_following,A_ETF_sector_momentum,B_ETF_trend_following,0,4541,deterministic_stratified_sample
current_core_only_AB,standard,90,2011-09-21,2012-01-30,2863.3755191184255,-0.04554149362719151,3000.0,2863.3755191184255,-136.62448088157453,-0.04554149362719151,False,False,,,False,False,,,False,False,False,,,11,72,B_ETF_trend_following,A_ETF_sector_momentum,B_ETF_trend_following,0,4541,deterministic_stratified_sample
current_core_only_AB,standard,90,2011-09-23,2012-02-01,2863.6629862228674,-0.045445671259044196,3000.0,2863.3755191184255,-136.62448088157453,-0.04554149362719151,False,False,,,False,False,,,False,False,False,,,11,77,B_ETF_trend_following,A_ETF_sector_momentum,B_ETF_trend_following,0,4541,deterministic_stratified_sample
current_core_only_AB,standard,90,2011-09-27,2012-02-03,2829.5505541027496,-0.056816481965750176,3000.0,2829.5505541027496,-170.44944589725037,-0.056816481965750176,False,False,,,False,False,,,False,False,False,,,11,86,B_ETF_trend_following,A_ETF_sector_momentum,B_ETF_trend_following,0,4541,deterministic_stratified_sample
current_core_only_AB,standard,90,2011-10-04,2012-02-10,2819.522958759282,-0.06015901374690591,3000.0,2819.522958759282,-180.47704124071788,-0.06015901374690591,False,False,,,False,False,,,False,False,False,,,13,104,B_ETF_trend_following,A_ETF_sector_momentum,B_ETF_trend_following,0,4541,deterministic_stratified_sample
current_core_only_AB,standard,90,2011-10-11,2012-02-17,2842.483865260174,-0.052505378246608725,3000.0,2819.522958759282,-180.47704124071788,-0.06015901374690591,False,False,,,False,False,,,False,False,False,,,13,116,B_ETF_trend_following,A_ETF_sector_momentum,B_ETF_trend_following,0,4541,deterministic_stratified_sample
current_core_only_AB,standard,90,2011-10-17,2012-02-24,2839.258989832152,-0.05358033672261597,3000.0,2819.522958759282,-180.47704124071788,-0.06015901374690591,False,False,,,False,False,,,False,False,False,,,14,131,B_ETF_trend_following,A_ETF_sector_momentum,B_ETF_trend_following,0,4541,deterministic_stratified_sample
current_core_only_AB,standard,90,2011-10-28,2012-03-08,3096.5526002939723,0.032184200097990834,3116.06486074947,2992.4412389458594,-69.760425218416,-0.022781133599003134,False,False,,,False,False,,,False,False,False,,,14,130,,B_ETF_trend_following,A_ETF_sector_momentum,0,4541,deterministic_stratified_sample
current_core_only_AB,standard,90,2011-10-31,2012-03-09,3068.808101641779,0.022936033880593065,3078.0557086724853,2953.7344784332736,-79.49536688587523,-0.026208157950361577,False,False,,,False,False,,,False,False,False,,,16,129,,B_ETF_trend_following,A_ETF_sector_momentum,0,4541,deterministic_stratified_sample
current_core_only_AB,standard,90,2011-11-11,2012-03-22,3161.18950797177,0.05372983599059,3168.90653187276,2984.604898405939,-88.20387327472781,-0.028704641202415226,False,False,,,False,False,,,False,False,False,,,16,162,,B_ETF_trend_following,A_ETF_sector_momentum,0,4541,deterministic_stratified_sample
current_core_only_AB,standard,90,2011-11-18,2012-03-29,3179.6356180980965,0.05987853936603216,3210.1857400957097,2981.4049741409,-57.738171667156166,-0.01891048556654029,False,False,,,False,False,,,False,False,False,,,14,172,,B_ETF_trend_following,A_ETF_sector_momentum,0,4541,deterministic_stratified_sample
current_core_only_AB,standard,90,2011-11-25,2012-04-04,3165.7372074630584,0.05524573582101944,3210.1857400957097,2981.4049741409,-57.738171667156166,-0.01891048556654029,False,False,,,False,False,,,False,False,False,,,14,179,,B_ETF_trend_following,A_ETF_sector_momentum,0,4541,deterministic_stratified_sample
current_core_only_AB,standard,90,2011-11-29,2012-04-09,3137.7708183083873,0.04592360610279589,3210.1857400957097,2981.4049741409,-72.41492178732233,-0.022557860401299812,False,False,,,False,False,,,False,False,False,,,14,178,,B_ETF_trend_following,A_ETF_sector_momentum,0,4541,deterministic_stratified_sample
current_core_only_AB,standard,90,2011-12-13,2012-04-23,3206.33404501063,0.0687780150035433,3288.3779216978346,2961.6823134630204,-83.0716924427511,-0.02526220964281989,False,False,,,False,False,,,False,False,False,,,13,174,,B_ETF_trend_following,A_ETF_sector_momentum,0,4541,deterministic_stratified_sample
current_core_only_AB,standard,90,2012-01-09,2012-05-16,3151.495625339228,0.050498541779742556,3234.4271575991165,3000.0,-92.39302424263815,-0.028565498538300815,False,False,,,False,False,,,False,False,False,,,13,189,,B_ETF_trend_following,A_ETF_sector_momentum,0,4541,deterministic_stratified_sample
current_core_only_AB,standard,90,2012-01-27,2012-06-05,3050.3323086813725,0.016777436227124243,3131.5888613306497,2945.6194661489794,-144.28592467272028,-0.046074351091992205,False,False,,,False,False,,,False,False,False,,,17,164,,B_ETF_trend_following,A_ETF_sector_momentum,0,4541,deterministic_stratified_sample
current_core_only_AB,standard,90,2012-02-16,2012-06-25,2979.573479061252,-0.006808840312916065,3099.586427128341,2957.4323059030603,-142.1541212252805,-0.04586228665253944,False,False,,,False,False,,,False,False,False,,,16,144,,B_ETF_trend_following,A_ETF_sector_momentum,0,4541,deterministic_stratified_sample
current_core_only_AB,standard,90,2012-03-12,2012-07-18,3100.7419105548156,0.03358063685160517,3133.465279145088,3000.0,-102.7208827478812,-0.033004583645352525,False,False,,,False,False,,,False,False,False,,,16,132,,B_ETF_trend_following,A_ETF_sector_momentum,0,4541,deterministic_stratified_sample
current_core_only_AB,standard,90,2012-03-16,2012-07-24,3080.8415899431093,0.026947196647703064,3089.37618998899,2967.336490385087,-90.68226333024313,-0.029352936565024246,False,False,,,False,False,,,False,False,False,,,16,129,,A_ETF_sector_momentum,B_ETF_trend_following,0,4541,deterministic_stratified_sample
current_core_only_AB,standard,90,2012-04-20,2012-08-27,2972.471423628208,-0.009176192123930726,3100.372636584872,2960.7672623749095,-139.60537420996252,-0.04502857900453572,False,False,,,False,False,,,False,False,False,,,20,144,,B_ETF_trend_following,A_ETF_sector_momentum,0,4541,deterministic_stratified_sample
current_core_only_AB,standard,90,2012-05-07,2012-09-12,3073.464325720361,0.024488108573453626,3153.9327758450067,2993.1358040505233,-151.26266413066196,-0.047960015282867086,False,False,,,False,False,,,False,False,False,,,19,143,,B_ETF_trend_following,A_ETF_sector_momentum,0,4541,deterministic_stratified_sample
current_core_only_AB,standard,90,2012-05-10,2012-09-17,3015.634820431636,0.005211606810545222,3045.080013509176,2901.947022945409,-143.13299056376673,-0.04700467308864542,False,False,,,False,False,,,False,False,False,,,19,168,,B_ETF_trend_following,A_ETF_sector_momentum,0,4541,deterministic_stratified_sample
current_core_only_AB,standard,90,2012-07-03,2012-11-09,2854.8566276586057,-0.048381124113798135,3003.119850618974,2831.16464684954,-171.95520376943387,-0.057258854898512346,False,False,,,False,False,,,False,False,False,,,23,151,,B_ETF_trend_following,A_ETF_sector_momentum,0,4541,deterministic_stratified_sample
current_core_only_AB,standard,90,2012-07-11,2012-11-16,2932.536766750973,-0.02248774441634227,3086.506622385465,2909.7767668084343,-176.72985557703078,-0.057258861618913914,False,False,,,False,False,,,False,False,False,,,21,135,,B_ETF_trend_following,A_ETF_sector_momentum,0,4541,deterministic_stratified_sample
current_core_only_AB,standard,90,2012-07-12,2012-11-19,2925.957138658775,-0.024680953780408355,3081.875774693731,2905.4110762843457,-176.46469840938516,-0.05725886158630833,False,False,,,False,False,,,False,False,False,,,21,136,,B_ETF_trend_following,A_ETF_sector_momentum,0,4541,deterministic_stratified_sample
current_core_only_AB,standard,90,2012-07-25,2012-12-03,2862.2089277112755,-0.04593035742957485,3044.641173416619,2862.2089277112755,-182.43224570534358,-0.05991912849967229,False,False,,,False,False,,,False,False,False,,,22,126,,B_ETF_trend_following,A_ETF_sector_momentum,0,4541,deterministic_stratified_sample
current_core_only_AB,standard,90,2012-09-12,2013-01-23,2948.2931614897625,-0.017235612836745795,3056.701145627067,2839.271713644823,-217.42943198224384,-0.071132054336846,False,False,,,False,False,,,False,False,False,,,21,144,B_ETF_trend_following,A_ETF_sector_momentum,B_ETF_trend_following,0,4541,deterministic_stratified_sample
current_core_only_AB,standard,90,2012-10-10,2013-02-21,3052.0569759905343,0.017352325330178164,3108.6511118682333,2872.049768165859,-163.0555546032897,-0.053723194836125865,False,False,,,False,False,,,False,False,False,,,18,175,,B_ETF_trend_following,A_ETF_sector_momentum,0,4541,deterministic_stratified_sample
current_core_only_AB,standard,90,2012-11-13,2013-03-25,3197.0493167125633,0.06568310557085444,3203.0451012387043,2939.9377197040376,-96.66520734164078,-0.030443409611675465,False,False,,,False,False,,,False,False,False,,,16,207,,B_ETF_trend_following,A_ETF_sector_momentum,0,4541,deterministic_stratified_sample
current_core_only_AB,standard,90,2012-11-20,2013-04-02,3304.3013380476737,0.1014337793492246,3304.3013380476737,2920.988554762425,-97.20342194580917,-0.03202458148115117,True,True,2013-04-02,90,False,False,,,False,False,False,,,14,217,,A_ETF_sector_momentum,B_ETF_trend_following,0,4541,deterministic_stratified_sample
current_core_only_AB,standard,90,2013-01-02,2013-05-10,3379.449849180004,0.12648328306000134,3386.7092205032122,2999.0729273531024,-115.54610186111313,-0.036266341496087984,True,True,2013-04-10,68,False,False,,,False,False,False,,,10,241,,B_ETF_trend_following,A_ETF_sector_momentum,0,4541,deterministic_stratified_sample
current_core_only_AB,standard,90,2013-01-22,2013-05-30,3252.4402607211923,0.0841467535737308,3337.0134508467486,2973.1710906261683,-109.59797678154564,-0.03555179592927016,True,True,2013-05-14,79,False,False,,,False,False,False,,,15,223,,B_ETF_trend_following,A_ETF_sector_momentum,0,4541,deterministic_stratified_sample
current_core_only_AB,standard,90,2013-03-15,2013-07-23,3168.613981512114,0.05620466050403805,3288.5778419947137,2967.5221619125487,-321.05568008216505,-0.09762751423497584,False,False,,,False,False,,,False,False,False,,,19,175,,A_ETF_sector_momentum,B_ETF_trend_following,0,4541,deterministic_stratified_sample
current_core_only_AB,standard,90,2013-03-22,2013-07-30,3039.321200776437,0.013107066925478916,3207.9056218014266,2875.2193023138943,-332.6863194875323,-0.103708262869875,False,False,,,False,False,,,False,False,False,,,21,176,,A_ETF_sector_momentum,B_ETF_trend_following,0,4541,deterministic_stratified_sample
current_core_only_AB,standard,90,2013-03-25,2013-07-31,2983.1976416009848,-0.005600786133005076,3210.8041318451683,2908.085666705968,-302.71846513920036,-0.09428119957140946,False,False,,,False,False,,,False,False,False,,,16,186,A_ETF_sector_momentum,B_ETF_trend_following,A_ETF_sector_momentum,0,4541,deterministic_stratified_sample
current_core_only_AB,standard,90,2013-05-23,2013-09-30,2877.7735512728186,-0.04074214957572708,3000.0,2807.938144946149,-192.0618550538511,-0.0640206183512837,False,False,,,False,False,,,False,False,False,,,11,134,A_ETF_sector_momentum,B_ETF_trend_following,A_ETF_sector_momentum,0,4541,deterministic_stratified_sample
current_core_only_AB,standard,90,2013-06-03,2013-10-08,2865.8852184795155,-0.044704927173494835,3000.0,2838.2182906734133,-161.78170932658668,-0.05392723644219555,False,False,,,False,False,,,False,False,False,,,10,132,A_ETF_sector_momentum,B_ETF_trend_following,A_ETF_sector_momentum,0,4541,deterministic_stratified_sample
current_core_only_AB,standard,90,2013-06-10,2013-10-15,2979.911181006576,-0.0066962729978079505,3139.521283560272,2902.7389129469075,-165.99572646748993,-0.05287294191528713,False,False,,,False,False,,,False,False,False,,,18,116,,A_ETF_sector_momentum,B_ETF_trend_following,0,4541,deterministic_stratified_sample
current_core_only_AB,standard,90,2013-07-25,2013-11-29,3024.0086147108623,0.00800287157028734,3042.5368507659437,2898.50181952776,-144.03503123818382,-0.0473404393448591,False,False,,,False,False,,,False,False,False,,,15,157,,B_ETF_trend_following,A_ETF_sector_momentum,0,4541,deterministic_stratified_sample
current_core_only_AB,standard,90,2013-08-27,2014-01-03,3118.439879656985,0.039479959885661664,3156.545980402483,2991.469484122644,-99.3609796914493,-0.03147775457995394,False,False,,,False,False,,,False,False,False,,,15,180,,A_ETF_sector_momentum,B_ETF_trend_following,0,4541,deterministic_stratified_sample
current_core_only_AB,standard,90,2013-09-25,2014-02-03,2914.381327573913,-0.028539557475362298,3099.241317970478,2914.381327573913,-184.85999039656508,-0.0596468527070424,False,False,,,False,False,,,False,False,False,,,20,175,,B_ETF_trend_following,A_ETF_sector_momentum,0,4541,deterministic_stratified_sample
current_core_only_AB,standard,90,2013-11-08,2014-03-20,2967.739258855577,-0.010753580381474226,3089.532295454119,2904.45884599886,-185.07344945525892,-0.0599033872303496,False,False,,,False,False,,,False,False,False,,,19,187,,B_ETF_trend_following,A_ETF_sector_momentum,0,4541,deterministic_stratified_sample
current_core_only_AB,standard,90,2013-11-13,2014-03-25,2910.82021016797,-0.02972659661067667,3045.986422224146,2863.5211261544137,-182.46529606973218,-0.059903515898307225,False,False,,,False,False,,,False,False,False,,,20,191,A_ETF_sector_momentum,B_ETF_trend_following,A_ETF_sector_momentum,0,4541,deterministic_stratified_sample
current_core_only_AB,standard,90,2013-11-22,2014-04-03,2858.525150494316,-0.0471582831685613,3000.0,2800.3946088000384,-199.60539119996156,-0.06653513039998715,False,False,,,False,False,,,False,False,False,,,20,188,A_ETF_sector_momentum,B_ETF_trend_following,A_ETF_sector_momentum,0,4541,deterministic_stratified_sample
current_core_only_AB,standard,90,2014-01-28,2014-06-05,3169.870669754092,0.05662355658469731,3169.870669754092,2979.7724731878216,-112.18480103202819,-0.03581999484887399,False,False,,,False,False,,,False,False,False,,,13,200,,B_ETF_trend_following,A_ETF_sector_momentum,0,4541,deterministic_stratified_sample
current_core_only_AB,standard,90,2014-02-04,2014-06-12,3099.1147633110286,0.033038254437009584,3133.3834049455672,2964.940811270086,-168.44259367548102,-0.053757415517558416,False,False,,,False,False,,,False,False,False,,,14,225,,A_ETF_sector_momentum,B_ETF_trend_following,0,4541,deterministic_stratified_sample
current_core_only_AB,standard,90,2014-02-13,2014-06-23,3083.624513781944,0.02787483792731482,3083.624513781944,2901.0749825535486,-173.69797804259088,-0.05649131830823506,False,False,,,False,False,,,False,False,False,,,15,242,,B_ETF_trend_following,A_ETF_sector_momentum,0,4541,deterministic_stratified_sample
current_core_only_AB,standard,90,2014-03-31,2014-08-06,3026.284069249682,0.008761356416560728,3190.008524781036,2969.2781121400503,-170.6806941197442,-0.053504776803522724,False,False,,,False,False,,,False,False,False,,,17,213,,A_ETF_sector_momentum,B_ETF_trend_following,0,4541,deterministic_stratified_sample
current_core_only_AB,standard,90,2014-04-23,2014-08-28,3134.4473164331034,0.04481577214436783,3220.748779087886,2985.3173208889825,-178.18966995166647,-0.05532554141094159,False,False,,,False,False,,,False,False,False,,,16,225,,A_ETF_sector_momentum,B_ETF_trend_following,0,4541,deterministic_stratified_sample
current_core_only_AB,standard,90,2014-05-30,2014-10-06,2985.376607271224,-0.004874464242925258,3197.8089821895855,2984.4516016038488,-213.3573805857368,-0.06671986406131358,False,False,,,False,False,,,False,False,False,,,23,197,B_ETF_trend_following,A_ETF_sector_momentum,B_ETF_trend_following,0,4541,deterministic_stratified_sample
current_core_only_AB,standard,90,2014-07-11,2014-11-14,2961.9743470276544,-0.012675217657448501,3035.0994316070546,2884.4333884306507,-150.66604317640395,-0.04964122150575734,False,False,,,False,False,,,False,False,False,,,23,179,,B_ETF_trend_following,A_ETF_sector_momentum,0,4541,deterministic_stratified_sample
current_core_only_AB,standard,90,2014-07-31,2014-12-05,3128.6941688048796,0.04289805626829324,3156.9886041662694,2954.8690768792253,-133.2514707614846,-0.04273945728615791,False,False,,,False,False,,,False,False,False,,,19,215,,A_ETF_sector_momentum,B_ETF_trend_following,0,4541,deterministic_stratified_sample
current_core_only_AB,standard,90,2014-08-08,2014-12-15,3127.7195674446616,0.042573189148220614,3167.7697993841593,2994.7030875458613,-111.33832590264547,-0.03584573129661883,False,False,,,False,False,,,False,False,False,,,22,217,,B_ETF_trend_following,A_ETF_sector_momentum,0,4541,deterministic_stratified_sample
current_core_only_AB,standard,90,2014-09-29,2015-02-05,3027.7437132689474,0.009247904422982511,3122.754306172821,2989.4047928671935,-127.0839289182477,-0.040696102369321197,False,False,,,False,False,,,False,False,False,,,25,180,,A_ETF_sector_momentum,B_ETF_trend_following,0,4541,deterministic_stratified_sample
current_core_only_AB,standard,90,2014-10-01,2015-02-09,2993.209136609338,-0.0022636211302206055,3122.754306172821,2989.4047928671935,-129.5451695634829,-0.04148426576737341,False,False,,,False,False,,,False,False,False,,,26,183,,A_ETF_sector_momentum,B_ETF_trend_following,0,4541,deterministic_stratified_sample
current_core_only_AB,standard,90,2014-10-15,2015-02-24,3060.5900515067437,0.020196683835581153,3103.8899877146473,2975.1273905516045,-128.76259716304276,-0.041484265767373074,False,False,,,False,False,,,False,False,False,,,25,212,,A_ETF_sector_momentum,B_ETF_trend_following,0,4541,deterministic_stratified_sample
current_core_only_AB,standard,90,2014-12-08,2015-04-17,2933.133325791047,-0.0222888914029844,3020.3820527705084,2888.3818639130136,-132.00018885749478,-0.043703143030006664,False,False,,,False,False,,,False,False,False,,,26,125,,A_ETF_sector_momentum,B_ETF_trend_following,0,4541,deterministic_stratified_sample
current_core_only_AB,standard,90,2014-12-15,2015-04-24,3046.70051939855,0.015566839799516785,3114.69583073054,2959.9806514683646,-110.43495350382318,-0.03563946494245818,False,False,,,False,False,,,False,False,False,,,19,137,,A_ETF_sector_momentum,B_ETF_trend_following,0,4541,deterministic_stratified_sample
current_core_only_AB,standard,90,2015-02-10,2015-06-18,2959.5852707204763,-0.01347157642650787,3157.451385367698,2932.8373080499587,-224.61407731773943,-0.07113777851296421,False,False,,,False,False,,,False,False,False,,,20,127,,B_ETF_trend_following,A_ETF_sector_momentum,0,4541,deterministic_stratified_sample
current_core_only_AB,standard,90,2015-03-06,2015-07-14,2818.6885676941165,-0.060437144101961215,3075.035522591964,2810.8564902147073,-264.1790323772566,-0.08591088799994695,False,False,,,False,False,,,False,False,False,,,22,93,B_ETF_trend_following,A_ETF_sector_momentum,B_ETF_trend_following,0,4541,deterministic_stratified_sample
current_core_only_AB,standard,90,2015-04-14,2015-08-19,2814.549861229742,-0.06181671292341939,3010.7486338706676,2801.33995356,-209.40868031066748,-0.06955369105040443,False,False,,,False,False,,,False,False,False,,,20,105,B_ETF_trend_following,A_ETF_sector_momentum,B_ETF_trend_following,0,4541,deterministic_stratified_sample
current_core_only_AB,standard,90,2015-05-26,2015-09-30,2870.6593566502947,-0.04311354778323506,3000.990789073051,2870.6593566502947,-130.33143242275628,-0.04342946766025002,False,False,,,False,False,,,False,False,False,,,14,49,,A_ETF_sector_momentum,B_ETF_trend_following,0,4541,deterministic_stratified_sample
current_core_only_AB,standard,90,2015-06-12,2015-10-19,2965.5816361056036,-0.01147278796479878,3083.331089262107,2965.5816361056036,-117.74945315650348,-0.03818903962878761,False,False,,,False,False,,,False,False,False,,,11,42,,A_ETF_sector_momentum,B_ETF_trend_following,0,4541,deterministic_stratified_sample
current_core_only_AB,standard,90,2015-07-08,2015-11-11,2925.3486472250006,-0.024883784258333153,3041.874865946961,2919.356690700838,-122.51817524612306,-0.04027719108950989,False,False,,,False,False,,,False,False,False,,,11,33,,B_ETF_trend_following,A_ETF_sector_momentum,0,4541,deterministic_stratified_sample
current_core_only_AB,standard,90,2015-07-31,2015-12-07,2768.0482774513803,-0.07731724084953995,3000.344166690013,2768.0482774513803,-232.29588923863275,-0.077423080931046,False,False,,,False,False,,,False,False,False,,,15,18,A_ETF_sector_momentum,B_ETF_trend_following,A_ETF_sector_momentum,0,4541,deterministic_stratified_sample
current_core_only_AB,standard,90,2015-08-11,2015-12-16,2754.095089251413,-0.08196830358286233,3022.4077117113975,2754.095089251413,-268.3126224599846,-0.08877446329305994,False,False,,,False,False,,,False,False,False,,,12,16,A_ETF_sector_momentum,B_ETF_trend_following,A_ETF_sector_momentum,0,4541,deterministic_stratified_sample
current_core_only_AB,standard,90,2015-08-13,2015-12-18,2712.46973876054,-0.0958434204131533,3022.4077117113975,2712.46973876054,-309.93797295085733,-0.10254671193098541,False,False,,,False,False,,,False,False,False,,,14,17,"A_ETF_sector_momentum,B_ETF_trend_following",B_ETF_trend_following,A_ETF_sector_momentum,0,4541,deterministic_stratified_sample
current_core_only_AB,standard,90,2015-09-02,2016-01-11,2739.605440300458,-0.08679818656651395,3017.9747705201376,2739.605440300458,-278.36933021967934,-0.09223712966020037,False,False,,,False,False,,,False,False,False,,,14,23,"A_ETF_sector_momentum,B_ETF_trend_following",B_ETF_trend_following,A_ETF_sector_momentum,0,4541,deterministic_stratified_sample
current_core_only_AB,standard,90,2015-09-03,2016-01-12,2739.605440300458,-0.08679818656651395,3017.9747705201376,2739.605440300458,-278.36933021967934,-0.09223712966020037,False,False,,,False,False,,,False,False,False,,,14,23,"A_ETF_sector_momentum,B_ETF_trend_following",B_ETF_trend_following,A_ETF_sector_momentum,0,4541,deterministic_stratified_sample
current_core_only_AB,standard,90,2015-09-21,2016-01-28,2739.605440300458,-0.08679818656651395,3017.9747705201376,2739.605440300458,-278.36933021967934,-0.09223712966020037,False,False,,,False,False,,,False,False,False,,,14,22,"A_ETF_sector_momentum,B_ETF_trend_following",B_ETF_trend_following,A_ETF_sector_momentum,0,4541,deterministic_stratified_sample
current_core_only_AB,standard,90,2015-10-07,2016-02-16,2739.605440300458,-0.08679818656651395,3017.9747705201376,2739.605440300458,-278.36933021967934,-0.09223712966020037,False,False,,,False,False,,,False,False,False,,,14,23,"A_ETF_sector_momentum,B_ETF_trend_following",B_ETF_trend_following,A_ETF_sector_momentum,0,4541,deterministic_stratified_sample
current_core_only_AB,standard,90,2015-10-28,2016-03-08,2749.8260997198668,-0.0833913000933777,3029.242983703648,2749.8260997198668,-279.4168839837812,-0.09223983862864549,False,False,,,False,False,,,False,False,False,,,13,23,"A_ETF_sector_momentum,B_ETF_trend_following",B_ETF_trend_following,A_ETF_sector_momentum,0,4541,deterministic_stratified_sample
current_core_only_AB,standard,90,2015-11-13,2016-03-24,2808.0609778434264,-0.06397967405219118,3007.129443624125,2779.327275822625,-227.80216780150022,-0.07575402791007169,False,False,,,False,False,,,False,False,False,,,11,32,B_ETF_trend_following,A_ETF_sector_momentum,B_ETF_trend_following,0,4541,deterministic_stratified_sample
current_core_only_AB,standard,90,2015-12-11,2016-04-21,2874.2618132634298,-0.04191272891219011,3000.0,2874.2618132634298,-125.73818673657024,-0.04191272891219011,False,False,,,False,False,,,False,False,False,,,11,42,B_ETF_trend_following,A_ETF_sector_momentum,B_ETF_trend_following,0,4541,deterministic_stratified_sample
current_core_only_AB,standard,90,2015-12-30,2016-05-09,2925.1375307165436,-0.02495415642781884,3108.6658771970224,2925.1375307165436,-183.52834648047883,-0.0590376559368162,False,False,,,False,False,,,False,False,False,,,13,46,,A_ETF_sector_momentum,B_ETF_trend_following,0,4541,deterministic_stratified_sample
current_core_only_AB,standard,90,2016-01-07,2016-05-16,2947.9838277578565,-0.017338724080714463,3108.6658771970224,2925.1375307165436,-183.52834648047883,-0.0590376559368162,False,False,,,False,False,,,False,False,False,,,15,51,,A_ETF_sector_momentum,B_ETF_trend_following,0,4541,deterministic_stratified_sample
current_core_only_AB,standard,90,2016-01-19,2016-05-25,2883.240950879595,-0.038919683040135045,3108.6658771970224,2883.240950879595,-225.42492631742743,-0.07251500650841425,False,False,,,False,False,,,False,False,False,,,18,50,,A_ETF_sector_momentum,B_ETF_trend_following,0,4541,deterministic_stratified_sample
current_core_only_AB,standard,90,2016-01-26,2016-06-02,2908.989826208499,-0.030336724597167075,3108.6658771970224,2883.240950879595,-225.42492631742743,-0.07251500650841425,False,False,,,False,False,,,False,False,False,,,19,66,,B_ETF_trend_following,A_ETF_sector_momentum,0,4541,deterministic_stratified_sample
current_core_only_AB,standard,90,2016-02-09,2016-06-16,2902.9223990360188,-0.03235920032132711,3108.6658771970224,2883.240950879595,-225.42492631742743,-0.07251500650841425,False,False,,,False,False,,,False,False,False,,,19,109,,A_ETF_sector_momentum,B_ETF_trend_following,0,4541,deterministic_stratified_sample
current_core_only_AB,standard,90,2016-02-11,2016-06-20,2879.1492081193883,-0.040283597293537254,3108.6658771970224,2879.1492081193883,-229.5166690776341,-0.07383124405913366,False,False,,,False,False,,,False,False,False,,,21,112,B_ETF_trend_following,A_ETF_sector_momentum,B_ETF_trend_following,0,4541,deterministic_stratified_sample
current_core_only_AB,standard,90,2016-03-01,2016-07-07,2917.0425132727,-0.027652495575766656,3108.6658771970224,2875.175422732802,-233.49045446422042,-0.07510953691644429,False,False,,,False,False,,,False,False,False,,,22,137,B_ETF_trend_following,A_ETF_sector_momentum,B_ETF_trend_following,0,4541,deterministic_stratified_sample
current_core_only_AB,standard,90,2016-04-07,2016-08-12,2810.224020463456,-0.06325865984551471,3000.0,2797.0679310135256,-202.9320689864744,-0.06764402299549144,False,False,,,False,False,,,False,False,False,,,22,210,B_ETF_trend_following,A_ETF_sector_momentum,B_ETF_trend_following,0,4541,deterministic_stratified_sample
current_core_only_AB,standard,90,2016-05-10,2016-09-15,2840.6721535335882,-0.053109282155470616,3000.0,2796.265926074434,-203.734073925566,-0.06791135797518866,False,False,,,False,False,,,False,False,False,,,21,220,B_ETF_trend_following,A_ETF_sector_momentum,B_ETF_trend_following,0,4541,deterministic_stratified_sample
current_core_only_AB,standard,90,2016-06-13,2016-10-18,2848.2872642340726,-0.050570911921975825,3002.674277691852,2807.562581303264,-195.11169638858792,-0.06497930789168704,False,False,,,False,False,,,False,False,False,,,21,171,B_ETF_trend_following,A_ETF_sector_momentum,B_ETF_trend_following,0,4541,deterministic_stratified_sample
current_core_only_AB,standard,90,2016-06-23,2016-10-28,2920.0520871730496,-0.026649304275650154,3081.0520657583675,2920.0520871730496,-160.99997858531788,-0.05225487111191984,False,False,,,False,False,,,False,False,False,,,22,149,,A_ETF_sector_momentum,B_ETF_trend_following,0,4541,deterministic_stratified_sample
current_core_only_AB,standard,90,2016-07-13,2016-11-16,3002.8745341082476,0.0009581780360825576,3055.005159898522,2906.437135625506,-148.5680242730159,-0.04863102237049932,False,False,,,False,False,,,False,False,False,,,20,141,,B_ETF_trend_following,A_ETF_sector_momentum,0,4541,deterministic_stratified_sample
current_core_only_AB,standard,90,2016-09-12,2017-01-19,3087.451941030423,0.02915064701014103,3188.792082540518,2885.0852917918955,-147.30652018188994,-0.0485776671735596,False,False,,,False,False,,,False,False,False,,,17,138,,B_ETF_trend_following,A_ETF_sector_momentum,0,4541,deterministic_stratified_sample
current_core_only_AB,standard,90,2016-09-13,2017-01-20,3091.148090781651,0.030382696927216957,3188.792082540518,2885.0852917918955,-147.30652018188994,-0.0485776671735596,False,False,,,False,False,,,False,False,False,,,18,138,,B_ETF_trend_following,A_ETF_sector_momentum,0,4541,deterministic_stratified_sample
current_core_only_AB,standard,90,2016-11-10,2017-03-22,3167.526036418847,0.055842012139615704,3217.4125725900353,3000.0,-126.44719899092888,-0.039476886830557056,False,False,,,False,False,,,False,False,False,,,16,207,,B_ETF_trend_following,A_ETF_sector_momentum,0,4541,deterministic_stratified_sample
current_core_only_AB,standard,90,2016-11-18,2017-03-30,3097.9287623837563,0.03264292079458553,3138.731760014554,2978.440266034282,-103.14702018886192,-0.033219423796433944,False,False,,,False,False,,,False,False,False,,,17,192,,A_ETF_sector_momentum,B_ETF_trend_following,0,4541,deterministic_stratified_sample
current_core_only_AB,standard,90,2016-11-29,2017-04-07,2994.587206813296,-0.0018042643955680226,3049.094993715136,2915.9515734676515,-120.16022079430331,-0.039577008007873116,False,False,,,False,False,,,False,False,False,,,20,173,,A_ETF_sector_momentum,B_ETF_trend_following,0,4541,deterministic_stratified_sample
current_core_only_AB,standard,90,2017-01-13,2017-05-23,3095.8022279928673,0.031934075997622324,3171.1188044377577,2978.3773193575103,-98.41165046900369,-0.03103373179563107,False,False,,,False,False,,,False,False,False,,,20,188,,A_ETF_sector_momentum,B_ETF_trend_following,0,4541,deterministic_stratified_sample
current_core_only_AB,standard,90,2017-01-26,2017-06-05,3062.140072643006,0.020713357547668787,3083.855415394432,2927.569045788375,-94.03270144678709,-0.030491929348367308,False,False,,,False,False,,,False,False,False,,,22,192,,A_ETF_sector_momentum,B_ETF_trend_following,0,4541,deterministic_stratified_sample
current_core_only_AB,standard,90,2017-02-02,2017-06-12,3115.3281691634547,0.03844272305448482,3156.61925102488,2996.6452909914233,-96.25141118194688,-0.030491929348367308,False,False,,,False,False,,,False,False,False,,,19,203,,A_ETF_sector_momentum,B_ETF_trend_following,0,4541,deterministic_stratified_sample
current_core_only_AB,standard,90,2017-02-16,2017-06-26,3056.3338993153784,0.018777966438459526,3075.356277225153,2955.105817001703,-100.00577852070592,-0.032733919987497306,False,False,,,False,False,,,False,False,False,,,18,189,,A_ETF_sector_momentum,B_ETF_trend_following,0,4541,deterministic_stratified_sample
current_core_only_AB,standard,90,2017-02-17,2017-06-27,3011.436515798765,0.003812171932921604,3056.224310577356,2963.538807472192,-92.68550310516412,-0.03032679989632525,False,False,,,False,False,,,False,False,False,,,17,195,,A_ETF_sector_momentum,B_ETF_trend_following,0,4541,deterministic_stratified_sample
current_core_only_AB,standard,90,2017-03-17,2017-07-25,2987.8195310569417,-0.0040601563143527475,3003.4098513590293,2917.5553053028825,-83.75209608651403,-0.027905204261230554,False,False,,,False,False,,,False,False,False,,,18,193,,A_ETF_sector_momentum,B_ETF_trend_following,0,4541,deterministic_stratified_sample
current_core_only_AB,standard,90,2017-05-08,2017-09-13,3004.9207836431733,0.0016402612143910922,3073.255951666102,2988.5569093977183,-68.33516802292888,-0.022235430142381163,False,False,,,False,False,,,False,False,False,,,16,216,,A_ETF_sector_momentum,B_ETF_trend_following,0,4541,deterministic_stratified_sample
current_core_only_AB,standard,90,2017-05-17,2017-09-22,2992.4828467086427,-0.0025057177637857198,3084.4060317968297,2992.4828467086427,-91.92318508818698,-0.02980255651835728,False,False,,,False,False,,,False,False,False,,,15,235,,A_ETF_sector_momentum,B_ETF_trend_following,0,4541,deterministic_stratified_sample
current_core_only_AB,standard,90,2017-07-19,2017-11-22,2920.2647173042187,-0.02657842756526041,3001.003117370119,2867.709995555243,-133.29312181487603,-0.0444161890547069,False,False,,,False,False,,,False,False,False,,,20,254,B_ETF_trend_following,A_ETF_sector_momentum,B_ETF_trend_following,0,4541,deterministic_stratified_sample
current_core_only_AB,standard,90,2017-07-21,2017-11-27,2966.087127357783,-0.01130429088073892,3000.0,2889.880241890388,-110.11975810961212,-0.036706586036537425,False,False,,,False,False,,,False,False,False,,,17,258,,B_ETF_trend_following,A_ETF_sector_momentum,0,4541,deterministic_stratified_sample
current_core_only_AB,standard,90,2017-07-26,2017-11-30,3019.763836744437,0.0065879455814790155,3019.763836744437,2920.902246773109,-79.0977532268912,-0.026365917742297018,False,False,,,False,False,,,False,False,False,,,15,263,,A_ETF_sector_momentum,B_ETF_trend_following,0,4541,deterministic_stratified_sample
current_core_only_AB,standard,90,2017-08-09,2017-12-14,2948.989134605216,-0.017003621798261315,3029.1662200224514,2929.6650447485,-82.01392050286495,-0.027231959796890193,False,False,,,False,False,,,False,False,False,,,18,253,,A_ETF_sector_momentum,B_ETF_trend_following,0,4541,deterministic_stratified_sample
current_core_only_AB,standard,90,2017-08-16,2017-12-21,2993.394273445265,-0.002201908851578338,3036.0904811490923,2936.3481601574827,-93.19032571009348,-0.030760568365384655,False,False,,,False,False,,,False,False,False,,,17,268,,A_ETF_sector_momentum,B_ETF_trend_following,0,4541,deterministic_stratified_sample
current_core_only_AB,standard,90,2017-09-18,2018-01-25,3347.4489758760965,0.11581632529203212,3353.6296135196944,2942.083664673757,-92.97435901944937,-0.02967792494243482,True,True,2018-01-22,87,False,False,,,False,False,False,,,17,274,,B_ETF_trend_following,A_ETF_sector_momentum,0,4541,deterministic_stratified_sample
current_core_only_AB,standard,90,2017-10-11,2018-02-20,3270.028106974676,0.09000936899155865,3329.0642098095464,2998.507355861103,-84.501462916106,-0.02739712152568763,True,True,2018-01-24,72,False,False,,,False,False,False,,,22,235,,B_ETF_trend_following,A_ETF_sector_momentum,0,4541,deterministic_stratified_sample
current_core_only_AB,standard,90,2017-10-27,2018-03-08,3166.9088743629845,0.055636291454328246,3297.258063106953,2987.7472327584173,-142.8130064589136,-0.04331265667581485,False,False,,,False,False,,,False,False,False,,,25,200,,B_ETF_trend_following,A_ETF_sector_momentum,0,4541,deterministic_stratified_sample
current_core_only_AB,standard,90,2017-11-16,2018-03-28,3078.037369080328,0.026012456360109404,3302.7407088612563,2947.839558529403,-224.70333978092822,-0.06803541651878664,True,True,2018-01-26,48,False,False,,,False,False,False,,,26,178,,B_ETF_trend_following,A_ETF_sector_momentum,0,4541,deterministic_stratified_sample
current_core_only_AB,standard,90,2017-12-14,2018-04-25,3039.2930280479864,0.01309767601599554,3254.3704388692827,2984.24280401248,-248.37016903967697,-0.07631896051943377,False,False,,,False,False,,,False,False,False,,,27,134,,B_ETF_trend_following,A_ETF_sector_momentum,0,4541,deterministic_stratified_sample
current_core_only_AB,standard,90,2017-12-29,2018-05-09,2967.513251533792,-0.010828916155402712,3201.769471082549,2907.459462984849,-294.3100080977001,-0.09192104889368913,False,False,,,False,False,,,False,False,False,,,30,100,,B_ETF_trend_following,A_ETF_sector_momentum,0,4541,deterministic_stratified_sample
current_core_only_AB,standard,90,2018-01-22,2018-05-30,2758.7232245153455,-0.08042559182821818,3033.670787023365,2758.7232245153455,-274.9475625080195,-0.09063197090604469,False,False,,,False,False,,,False,False,False,,,22,124,"A_ETF_sector_momentum,B_ETF_trend_following",B_ETF_trend_following,A_ETF_sector_momentum,0,4541,deterministic_stratified_sample
current_core_only_AB,standard,90,2018-03-21,2018-07-27,3042.5365115930204,0.014178837197673433,3121.1800243121147,2917.9488074260516,-97.88679906910193,-0.03136211250444465,False,False,,,False,False,,,False,False,False,,,36,132,,B_ETF_trend_following,A_ETF_sector_momentum,0,4541,deterministic_stratified_sample
current_core_only_AB,standard,90,2018-03-22,2018-07-30,3036.4526618736295,0.012150887291209722,3122.3960121070977,2919.121061867947,-97.9233584515805,-0.03136160758336948,False,False,,,False,False,,,False,False,False,,,36,134,,B_ETF_trend_following,A_ETF_sector_momentum,0,4541,deterministic_stratified_sample
current_core_only_AB,standard,90,2018-04-17,2018-08-22,3016.9249528438118,0.005641650947937338,3046.0701171624846,2879.7567707620865,-120.44320947346205,-0.04014506041827448,False,False,,,False,False,,,False,False,False,,,30,162,,A_ETF_sector_momentum,B_ETF_trend_following,0,4541,deterministic_stratified_sample
current_core_only_AB,standard,90,2018-05-09,2018-09-14,3154.5739592123227,0.05152465307077425,3155.3884023955006,2970.667411438164,-100.95516873431325,-0.03279379095616042,False,False,,,False,False,,,False,False,False,,,23,174,,B_ETF_trend_following,A_ETF_sector_momentum,0,4541,deterministic_stratified_sample
current_core_only_AB,standard,90,2018-05-23,2018-09-28,3110.7044494677602,0.03690148315592001,3135.7312542964637,2989.311139734663,-105.08540893489499,-0.03391440516239397,False,False,,,False,False,,,False,False,False,,,26,161,,B_ETF_trend_following,A_ETF_sector_momentum,0,4541,deterministic_stratified_sample
current_core_only_AB,standard,90,2018-06-08,2018-10-15,2994.836110925283,-0.0017212963582390328,3093.8251357415384,2953.4576627522465,-98.98902481625555,-0.03210989723633029,False,False,,,False,False,,,False,False,False,,,29,135,,A_ETF_sector_momentum,B_ETF_trend_following,0,4541,deterministic_stratified_sample
current_core_only_AB,standard,90,2018-07-25,2018-11-29,2887.7394853911055,-0.037420171536298175,3076.877049382487,2887.7394853911055,-189.13756399138128,-0.061470627833289715,False,False,,,False,False,,,False,False,False,,,37,104,,A_ETF_sector_momentum,B_ETF_trend_following,0,4541,deterministic_stratified_sample
current_core_only_AB,standard,90,2018-08-24,2019-01-03,2858.665844164507,-0.047111385278497786,3080.415295333999,2858.665844164507,-221.7494511694922,-0.0719868686230013,False,False,,,False,False,,,False,False,False,,,27,78,B_ETF_trend_following,A_ETF_sector_momentum,B_ETF_trend_following,0,4541,deterministic_stratified_sample
current_core_only_AB,standard,90,2018-09-13,2019-01-23,2825.5467392047913,-0.05815108693173621,3031.8319260279254,2825.5467392047913,-206.28518682313415,-0.06803978315954773,False,False,,,False,False,,,False,False,False,,,17,62,B_ETF_trend_following,A_ETF_sector_momentum,B_ETF_trend_following,0,4541,deterministic_stratified_sample
current_core_only_AB,standard,90,2018-09-24,2019-02-01,2825.7338907872495,-0.05808870307091685,3026.338246126328,2825.7338907872495,-200.60435533907867,-0.06628616467304982,False,False,,,False,False,,,False,False,False,,,25,30,B_ETF_trend_following,A_ETF_sector_momentum,B_ETF_trend_following,0,4541,deterministic_stratified_sample
current_core_only_AB,standard,90,2018-10-25,2019-03-07,2895.514349745135,-0.034828550084955,3006.5724442201154,2895.514349745135,-111.05809447498041,-0.036938439547159585,False,False,,,False,False,,,False,False,False,,,18,44,,A_ETF_sector_momentum,B_ETF_trend_following,0,4541,deterministic_stratified_sample
current_core_only_AB,standard,90,2018-11-12,2019-03-25,2961.2709070475357,-0.012909697650821395,3000.0,2934.8817773702112,-65.11822262978876,-0.021706074209929538,False,False,,,False,False,,,False,False,False,,,19,64,,A_ETF_sector_momentum,B_ETF_trend_following,0,4541,deterministic_stratified_sample
current_core_only_AB,standard,90,2018-11-16,2019-03-29,2953.720212722429,-0.015426595759190254,3000.0,2934.8817773702112,-65.11822262978876,-0.021706074209929538,False,False,,,False,False,,,False,False,False,,,19,76,,A_ETF_sector_momentum,B_ETF_trend_following,0,4541,deterministic_stratified_sample
current_core_only_AB,standard,90,2018-11-23,2019-04-04,2952.180414486187,-0.015939861837937608,3000.0,2934.8817773702112,-65.11822262978876,-0.021706074209929538,False,False,,,False,False,,,False,False,False,,,22,83,,A_ETF_sector_momentum,B_ETF_trend_following,0,4541,deterministic_stratified_sample
current_core_only_AB,standard,90,2018-12-11,2019-04-22,3052.240542478794,0.01741351415959791,3053.989738815542,2976.013807590076,-62.72083604412728,-0.020640445250959982,False,False,,,False,False,,,False,False,False,,,19,117,,B_ETF_trend_following,A_ETF_sector_momentum,0,4541,deterministic_stratified_sample
current_core_only_AB,standard,90,2018-12-28,2019-05-08,3007.274014945692,0.0024246716485640807,3082.5921696186892,2976.013807590076,-75.31815467299703,-0.0244333828572314,False,False,,,False,False,,,False,False,False,,,25,155,,B_ETF_trend_following,A_ETF_sector_momentum,0,4541,deterministic_stratified_sample
current_core_only_AB,standard,90,2019-01-16,2019-05-24,3007.131141004962,0.0023770470016539758,3082.5921696186892,2976.013807590076,-89.4406517694606,-0.029014753443860286,False,False,,,False,False,,,False,False,False,,,30,170,,B_ETF_trend_following,A_ETF_sector_momentum,0,4541,deterministic_stratified_sample
current_core_only_AB,standard,90,2019-02-04,2019-06-12,3037.5214726908116,0.012507157563603766,3082.5921696186892,2976.013807590076,-89.4406517694606,-0.029014753443860286,False,False,,,False,False,,,False,False,False,,,31,197,,B_ETF_trend_following,A_ETF_sector_momentum,0,4541,deterministic_stratified_sample
current_core_only_AB,standard,90,2019-02-07,2019-06-17,3103.603768031234,0.03453458934374454,3145.3614004571255,2998.416664293859,-91.26188552609847,-0.029014753443860286,False,False,,,False,False,,,False,False,False,,,28,206,,B_ETF_trend_following,A_ETF_sector_momentum,0,4541,deterministic_stratified_sample
current_core_only_AB,standard,90,2019-03-04,2019-07-10,3075.805593616423,0.025268531205474343,3114.9745618676066,2997.933278084687,-90.38021889648462,-0.029014753443860064,False,False,,,False,False,,,False,False,False,,,28,242,,B_ETF_trend_following,A_ETF_sector_momentum,0,4541,deterministic_stratified_sample
current_core_only_AB,standard,90,2019-04-23,2019-08-28,2912.677068890195,-0.029107643703268238,3000.0,2877.7435058226083,-122.25649417739169,-0.040752164725797235,False,False,,,False,False,,,False,False,False,,,30,233,,B_ETF_trend_following,A_ETF_sector_momentum,0,4541,deterministic_stratified_sample
current_core_only_AB,standard,90,2019-05-03,2019-09-10,2947.4857139352603,-0.01750476202157991,3017.3897882892434,2917.1436848632047,-100.24610342603864,-0.03322278872126583,False,False,,,False,False,,,False,False,False,,,28,240,,B_ETF_trend_following,A_ETF_sector_momentum,0,4541,deterministic_stratified_sample
current_core_only_AB,standard,90,2019-07-08,2019-11-11,2836.494019970787,-0.05450199334307093,3026.728305699199,2834.7660751525236,-191.96223054667553,-0.06342235283729258,False,False,,,False,False,,,False,False,False,,,36,217,B_ETF_trend_following,A_ETF_sector_momentum,B_ETF_trend_following,0,4541,deterministic_stratified_sample
current_core_only_AB,standard,90,2019-07-11,2019-11-14,2839.9317676856026,-0.05335607743813242,3011.6506377425003,2833.78289174019,-177.86774600231047,-0.059059886885033275,False,False,,,False,False,,,False,False,False,,,31,230,B_ETF_trend_following,A_ETF_sector_momentum,B_ETF_trend_following,0,4541,deterministic_stratified_sample
current_core_only_AB,standard,90,2019-09-06,2020-01-14,2854.4649338613285,-0.048511688712890466,3016.6105722417374,2799.549727796289,-217.0608444454483,-0.0719552090822726,False,False,,,False,False,,,False,False,False,,,31,264,B_ETF_trend_following,A_ETF_sector_momentum,B_ETF_trend_following,0,4541,deterministic_stratified_sample
current_core_only_AB,standard,90,2019-09-27,2020-02-05,3069.003556945936,0.023001185648645395,3150.545719783061,2907.3407034013903,-97.70752133495898,-0.031604055421082466,False,False,,,False,False,,,False,False,False,,,36,264,,B_ETF_trend_following,A_ETF_sector_momentum,0,4541,deterministic_stratified_sample
current_core_only_AB,standard,90,2019-10-24,2020-03-04,2959.9402348401045,-0.01335325505329854,3102.0081227797473,2947.7814925948746,-145.75466560420955,-0.04698719662719553,False,False,,,False,False,,,False,False,False,,,34,299,,A_ETF_sector_momentum,B_ETF_trend_following,0,4541,deterministic_stratified_sample
current_core_only_AB,standard,90,2019-11-06,2020-03-17,2967.4306702727963,-0.010856443242401204,3106.760864668116,2952.2979361446933,-145.9779836218372,-0.04698719662719564,False,False,,,False,False,,,False,False,False,,,31,262,,A_ETF_sector_momentum,B_ETF_trend_following,0,4541,deterministic_stratified_sample
current_core_only_AB,standard,90,2019-12-13,2020-04-23,2934.1759356184157,-0.02194135479386139,3078.550984996748,2927.6026453411005,-150.9483396556475,-0.049032268879512175,False,False,,,False,False,,,False,False,False,,,23,193,,A_ETF_sector_momentum,B_ETF_trend_following,0,4541,deterministic_stratified_sample
current_core_only_AB,standard,90,2020-01-08,2020-05-15,2930.526054288288,-0.023157981903904057,3073.298637676914,2923.9610267704907,-149.33761090642338,-0.048591962094287955,False,False,,,False,False,,,False,False,False,,,17,138,,A_ETF_sector_momentum,B_ETF_trend_following,0,4541,deterministic_stratified_sample
current_core_only_AB,standard,90,2020-03-05,2020-07-13,3083.9728622211915,0.027990954073730423,3108.5247799101844,2986.8980717493505,-96.94992272170748,-0.03143797064431397,False,False,,,False,False,,,False,False,False,,,8,55,,A_ETF_sector_momentum,B_ETF_trend_following,0,4541,deterministic_stratified_sample
current_core_only_AB,standard,90,2020-03-11,2020-07-17,3091.5122311456385,0.030504077048546074,3108.5247799101844,2986.8980717493505,-96.94992272170748,-0.03143797064431397,False,False,,,False,False,,,False,False,False,,,8,61,,A_ETF_sector_momentum,B_ETF_trend_following,0,4541,deterministic_stratified_sample
current_core_only_AB,standard,90,2020-03-27,2020-08-04,3181.3816320381884,0.06046054401272949,3181.3816320381884,2986.8980717493505,-96.94992272170748,-0.03143797064431397,False,False,,,False,False,,,False,False,False,,,9,98,,B_ETF_trend_following,A_ETF_sector_momentum,0,4541,deterministic_stratified_sample
current_core_only_AB,standard,90,2020-04-08,2020-08-14,3144.020780700558,0.04800692690018615,3195.5606844517356,2986.8980717493505,-96.94992272170748,-0.03143797064431397,False,False,,,False,False,,,False,False,False,,,11,120,,B_ETF_trend_following,A_ETF_sector_momentum,0,4541,deterministic_stratified_sample
current_core_only_AB,standard,90,2020-04-15,2020-08-20,3168.062899019159,0.05602096633971976,3195.5606844517356,2986.8980717493505,-96.94992272170748,-0.03143797064431397,False,False,,,False,False,,,False,False,False,,,12,128,,B_ETF_trend_following,A_ETF_sector_momentum,0,4541,deterministic_stratified_sample
current_core_only_AB,standard,90,2020-05-01,2020-09-08,3254.8975300955353,0.08496584336517854,3349.688222475597,2986.8980717493505,-96.94992272170748,-0.03143797064431397,True,True,2020-09-01,86,False,False,,,False,False,False,,,13,168,,B_ETF_trend_following,A_ETF_sector_momentum,0,4541,deterministic_stratified_sample
current_core_only_AB,standard,90,2020-05-05,2020-09-10,3264.0450884640622,0.08801502948802065,3349.688222475597,2986.8980717493505,-96.94992272170748,-0.03143797064431397,True,True,2020-09-01,84,False,False,,,False,False,False,,,13,167,,B_ETF_trend_following,A_ETF_sector_momentum,0,4541,deterministic_stratified_sample
current_core_only_AB,standard,90,2020-05-19,2020-09-24,3142.8817081638927,0.04762723605463082,3349.688222475597,2986.8980717493505,-206.80651431170418,-0.06173903377755652,True,True,2020-09-01,74,False,False,,,False,False,False,,,17,165,,B_ETF_trend_following,A_ETF_sector_momentum,0,4541,deterministic_stratified_sample
current_core_only_AB,standard,90,2020-05-22,2020-09-29,3136.6265101312106,0.04554217004373684,3349.688222475597,2986.8980717493505,-213.06171234438625,-0.06360643086565299,True,True,2020-09-01,71,False,False,,,False,False,False,,,19,165,,B_ETF_trend_following,A_ETF_sector_momentum,0,4541,deterministic_stratified_sample
current_core_only_AB,standard,90,2020-06-04,2020-10-09,3145.147994606248,0.048382664868749314,3232.1649622346495,2919.5727637239816,-196.93780319430516,-0.06093061631920749,False,False,,,False,False,,,False,False,False,,,21,171,,A_ETF_sector_momentum,B_ETF_trend_following,0,4541,deterministic_stratified_sample
current_core_only_AB,standard,90,2020-08-03,2020-12-08,3343.258125722905,0.11441937524096835,3343.258125722905,3000.0,-206.09242411732566,-0.0641077634300311,True,True,2020-12-04,88,False,False,,,False,False,False,,,21,177,,A_ETF_sector_momentum,B_ETF_trend_following,0,4541,deterministic_stratified_sample
current_core_only_AB,standard,90,2020-08-05,2020-12-10,3244.552065813733,0.08151735527124426,3300.0547317200553,2958.4740393889315,-203.9735431755539,-0.06435847445725695,True,True,2020-12-08,88,False,False,,,False,False,False,,,18,176,,A_ETF_sector_momentum,B_ETF_trend_following,0,4541,deterministic_stratified_sample
current_core_only_AB,standard,90,2020-08-11,2020-12-16,3256.966307985797,0.0856554359952657,3315.117369437021,2980.467026569377,-204.75311723087316,-0.06428224988762776,True,True,2020-12-07,83,False,False,,,False,False,False,,,21,165,,A_ETF_sector_momentum,B_ETF_trend_following,0,4541,deterministic_stratified_sample
current_core_only_AB,standard,90,2020-09-28,2021-02-04,3189.193989292012,0.06306466309733727,3314.811871400856,2986.4354754267815,-174.30177352696137,-0.05258270462670345,True,True,2020-12-07,50,False,False,,,False,False,False,,,15,198,B_ETF_trend_following,A_ETF_sector_momentum,B_ETF_trend_following,0,4541,deterministic_stratified_sample
current_core_only_AB,standard,90,2020-10-05,2021-02-11,3309.0428302144337,0.10301427673814456,3318.347782182315,2956.4614755530492,-189.85118529898227,-0.05783740050569597,True,True,2021-02-08,87,False,False,,,False,False,False,,,16,213,,A_ETF_sector_momentum,B_ETF_trend_following,0,4541,deterministic_stratified_sample
current_core_only_AB,standard,90,2020-10-27,2021-03-08,3401.5990914778536,0.13386636382595118,3457.4131526094807,2991.2655145055073,-182.80837252425226,-0.05287432090268929,True,True,2020-11-30,24,True,True,2020-12-07,29,False,False,False,,,18,213,,A_ETF_sector_momentum,B_ETF_trend_following,0,4541,deterministic_stratified_sample
current_core_only_AB,standard,90,2020-12-04,2021-04-15,2933.8827942426697,-0.022039068585776755,3009.5159414446357,2818.5764085584533,-190.9395328861824,-0.06344526382356597,False,False,,,False,False,,,False,False,False,,,20,232,A_ETF_sector_momentum,B_ETF_trend_following,A_ETF_sector_momentum,0,4541,deterministic_stratified_sample
current_core_only_AB,standard,90,2021-01-15,2021-05-25,2727.303585695525,-0.09089880476815837,3023.124289503293,2727.303585695525,-295.82070380776804,-0.09785264364912105,False,False,,,False,False,,,False,False,False,,,13,246,"A_ETF_sector_momentum,B_ETF_trend_following",B_ETF_trend_following,A_ETF_sector_momentum,0,4541,deterministic_stratified_sample
current_core_only_AB,standard,90,2021-02-08,2021-06-16,2814.059415275606,-0.061980194908131225,3008.8282044278567,2769.812748046207,-239.01545638164953,-0.07943805366817192,False,False,,,False,False,,,False,False,False,,,13,247,B_ETF_trend_following,A_ETF_sector_momentum,B_ETF_trend_following,0,4541,deterministic_stratified_sample
current_core_only_AB,standard,90,2021-03-02,2021-07-08,3055.314639914056,0.018438213304685425,3107.272570587631,2848.264180196023,-167.94881594233857,-0.05568201455181132,False,False,,,False,False,,,False,False,False,,,16,225,,B_ETF_trend_following,A_ETF_sector_momentum,0,4541,deterministic_stratified_sample
current_core_only_AB,standard,90,2021-03-24,2021-07-30,3210.687421119809,0.07022914037326977,3260.7126846597907,3000.0,-135.39701816227262,-0.04187213628191089,False,False,,,False,False,,,False,False,False,,,16,214,,B_ETF_trend_following,A_ETF_sector_momentum,0,4541,deterministic_stratified_sample
current_core_only_AB,standard,90,2021-04-07,2021-08-12,3157.1902846624153,0.05239676155413853,3185.784135085559,2963.5354293958458,-131.45999792655448,-0.04162966033998017,False,False,,,False,False,,,False,False,False,,,16,207,,B_ETF_trend_following,A_ETF_sector_momentum,0,4541,deterministic_stratified_sample
current_core_only_AB,standard,90,2021-04-09,2021-08-16,3206.569885570671,0.068856628523557,3206.569885570671,2924.2376663412806,-139.66160051947463,-0.044031258264072504,False,False,,,False,False,,,False,False,False,,,13,208,,B_ETF_trend_following,A_ETF_sector_momentum,0,4541,deterministic_stratified_sample
current_core_only_AB,standard,90,2021-06-10,2021-10-15,3081.1399815415934,0.027046660513864396,3115.8952392231577,2947.347320409386,-168.5479188137715,-0.05409293505509294,False,False,,,False,False,,,False,False,False,,,18,172,,B_ETF_trend_following,A_ETF_sector_momentum,0,4541,deterministic_stratified_sample
current_core_only_AB,standard,90,2021-06-23,2021-10-28,3158.7239500183264,0.05290798333944213,3190.61725455353,2967.0470834714883,-180.82746765253842,-0.057444305583260746,False,False,,,False,False,,,False,False,False,,,16,181,,B_ETF_trend_following,A_ETF_sector_momentum,0,4541,deterministic_stratified_sample
current_core_only_AB,standard,90,2021-08-11,2021-12-16,2969.763083589851,-0.01007897213671638,3152.8246990482,2909.1596284239135,-189.36728076137842,-0.06006273701755327,False,False,,,False,False,,,False,False,False,,,26,168,,A_ETF_sector_momentum,B_ETF_trend_following,0,4541,deterministic_stratified_sample
current_core_only_AB,standard,90,2021-08-31,2022-01-06,2750.623312448421,-0.08312556251719294,3000.0,2750.623312448421,-249.37668755157893,-0.08312556251719294,False,False,,,False,False,,,False,False,False,,,19,197,"A_ETF_sector_momentum,B_ETF_trend_following",B_ETF_trend_following,A_ETF_sector_momentum,0,4541,deterministic_stratified_sample
current_core_only_AB,standard,90,2021-09-10,2022-01-18,2767.4700003564767,-0.07750999988117446,3108.842626970847,2767.4700003564767,-341.37262661437035,-0.10980698207518869,False,False,,,False,False,,,False,False,False,,,30,157,A_ETF_sector_momentum,B_ETF_trend_following,A_ETF_sector_momentum,0,4541,deterministic_stratified_sample
current_core_only_AB,standard,90,2021-10-11,2022-02-16,2869.7950308261707,-0.043401656391276466,3154.679009735135,2827.244911042618,-327.4340986925172,-0.10379315856924798,False,False,,,False,False,,,False,False,False,,,24,158,,B_ETF_trend_following,A_ETF_sector_momentum,0,4541,deterministic_stratified_sample
current_core_only_AB,standard,90,2021-11-10,2022-03-21,2749.790041144967,-0.08340331961834435,3005.1518611916035,2749.790041144967,-255.3618200466367,-0.08497468076218306,False,False,,,False,False,,,False,False,False,,,12,100,"A_ETF_sector_momentum,B_ETF_trend_following",B_ETF_trend_following,A_ETF_sector_momentum,0,4541,deterministic_stratified_sample
current_core_only_AB,standard,90,2021-11-24,2022-04-04,2797.748073687955,-0.06741730877068164,3014.6062005026283,2770.4764654890596,-244.12973501356873,-0.080982297114915,False,False,,,False,False,,,False,False,False,,,15,95,B_ETF_trend_following,A_ETF_sector_momentum,B_ETF_trend_following,0,4541,deterministic_stratified_sample
current_core_only_AB,standard,90,2021-11-29,2022-04-06,2827.614880149561,-0.057461706616812935,3066.1051686347573,2811.3229844212037,-254.7821842135536,-0.08309636173601975,False,False,,,False,False,,,False,False,False,,,18,82,B_ETF_trend_following,A_ETF_sector_momentum,B_ETF_trend_following,0,4541,deterministic_stratified_sample
current_core_only_AB,standard,90,2021-12-10,2022-04-20,2765.5812799062346,-0.07813957336458843,3000.0,2765.5812799062346,-234.4187200937654,-0.07813957336458843,False,False,,,False,False,,,False,False,False,,,14,98,"A_ETF_sector_momentum,B_ETF_trend_following",B_ETF_trend_following,A_ETF_sector_momentum,0,4541,deterministic_stratified_sample
current_core_only_AB,standard,90,2022-02-04,2022-06-14,2998.3745459498987,-0.0005418180167003905,3079.2509417492593,2923.2676552191842,-87.21447124470524,-0.028970267080491663,False,False,,,False,False,,,False,False,False,,,6,46,,B_ETF_trend_following,A_ETF_sector_momentum,0,4541,deterministic_stratified_sample
current_core_only_AB,standard,90,2022-02-15,2022-06-24,3083.7876864125865,0.02792922880419546,3166.7989211873405,2998.382174623555,-83.01123477475403,-0.026212979365178746,False,False,,,False,False,,,False,False,False,,,4,44,,B_ETF_trend_following,A_ETF_sector_momentum,0,4541,deterministic_stratified_sample
current_core_only_AB,standard,90,2022-02-22,2022-06-30,3026.7074000076727,0.00890246666922434,3108.29195477179,3000.0,-81.58455476411746,-0.02624739115605612,False,False,,,False,False,,,False,False,False,,,3,44,,A_ETF_sector_momentum,B_ETF_trend_following,0,4541,deterministic_stratified_sample
current_core_only_AB,standard,90,2022-03-01,2022-07-08,3026.7074000076727,0.00890246666922434,3108.29195477179,3000.0,-81.58455476411746,-0.02624739115605612,False,False,,,False,False,,,False,False,False,,,3,44,,A_ETF_sector_momentum,B_ETF_trend_following,0,4541,deterministic_stratified_sample
current_core_only_AB,standard,90,2022-03-11,2022-07-20,3026.7074000076727,0.00890246666922434,3108.29195477179,3000.0,-81.58455476411746,-0.02624739115605612,False,False,,,False,False,,,False,False,False,,,3,45,,A_ETF_sector_momentum,B_ETF_trend_following,0,4541,deterministic_stratified_sample
current_core_only_AB,standard,90,2022-03-16,2022-07-25,3026.7074000076727,0.00890246666922434,3108.29195477179,3000.0,-81.58455476411746,-0.02624739115605612,False,False,,,False,False,,,False,False,False,,,3,45,,A_ETF_sector_momentum,B_ETF_trend_following,0,4541,deterministic_stratified_sample
current_core_only_AB,standard,90,2022-03-22,2022-07-29,2974.805483756915,-0.008398172081028443,3095.906416691171,2974.805483756915,-121.10093293425643,-0.03911647079555014,False,False,,,False,False,,,False,False,False,,,5,40,,B_ETF_trend_following,A_ETF_sector_momentum,0,4541,deterministic_stratified_sample
current_core_only_AB,standard,90,2022-04-21,2022-08-29,2968.698290016596,-0.010433903327801364,3006.8519315720364,2968.698290016596,-38.15364155544057,-0.012688899361763095,False,False,,,False,False,,,False,False,False,,,1,20,,B_ETF_trend_following,B_ETF_trend_following,0,4541,deterministic_stratified_sample
current_core_only_AB,standard,90,2022-05-05,2022-09-13,2968.698290016596,-0.010433903327801364,3006.8519315720364,2968.698290016596,-38.15364155544057,-0.012688899361763095,False,False,,,False,False,,,False,False,False,,,1,20,,B_ETF_trend_following,B_ETF_trend_following,0,4541,deterministic_stratified_sample
current_core_only_AB,standard,90,2022-05-09,2022-09-15,2968.698290016596,-0.010433903327801364,3006.8519315720364,2968.698290016596,-38.15364155544057,-0.012688899361763095,False,False,,,False,False,,,False,False,False,,,1,19,,B_ETF_trend_following,B_ETF_trend_following,0,4541,deterministic_stratified_sample
current_core_only_AB,standard,90,2022-05-25,2022-10-03,2968.698290016596,-0.010433903327801364,3006.8519315720364,2968.698290016596,-38.15364155544057,-0.012688899361763095,False,False,,,False,False,,,False,False,False,,,1,20,,B_ETF_trend_following,B_ETF_trend_following,0,4541,deterministic_stratified_sample
current_core_only_AB,standard,90,2022-06-13,2022-10-19,2968.698290016596,-0.010433903327801364,3006.8519315720364,2968.698290016596,-38.15364155544057,-0.012688899361763095,False,False,,,False,False,,,False,False,False,,,1,19,,B_ETF_trend_following,B_ETF_trend_following,0,4541,deterministic_stratified_sample
current_core_only_AB,standard,90,2022-06-30,2022-11-04,2968.698290016596,-0.010433903327801364,3006.8519315720364,2968.698290016596,-38.15364155544057,-0.012688899361763095,False,False,,,False,False,,,False,False,False,,,1,19,,B_ETF_trend_following,B_ETF_trend_following,0,4541,deterministic_stratified_sample
current_core_only_AB,standard,90,2022-07-19,2022-11-22,2968.698290016596,-0.010433903327801364,3006.8519315720364,2968.698290016596,-38.15364155544057,-0.012688899361763095,False,False,,,False,False,,,False,False,False,,,1,19,,B_ETF_trend_following,B_ETF_trend_following,0,4541,deterministic_stratified_sample
current_core_only_AB,standard,90,2022-07-26,2022-11-30,2968.698290016596,-0.010433903327801364,3006.8519315720364,2968.698290016596,-38.15364155544057,-0.012688899361763095,False,False,,,False,False,,,False,False,False,,,1,18,,B_ETF_trend_following,B_ETF_trend_following,0,4541,deterministic_stratified_sample
current_core_only_AB,standard,90,2022-08-04,2022-12-09,2957.451369829728,-0.01418287672342411,3006.8519315720364,2952.412541727087,-54.439389844949346,-0.018105111619675762,False,False,,,False,False,,,False,False,False,,,5,18,,A_ETF_sector_momentum,B_ETF_trend_following,0,4541,deterministic_stratified_sample
current_core_only_AB,standard,90,2022-08-23,2022-12-29,2937.9134846238235,-0.0206955051253922,3008.7387219295897,2937.9134846238235,-70.82523730576622,-0.023539843054349308,False,False,,,False,False,,,False,False,False,,,5,18,,A_ETF_sector_momentum,B_ETF_trend_following,0,4541,deterministic_stratified_sample
current_core_only_AB,standard,90,2022-09-09,2023-01-18,2883.3155526873147,-0.03889481577089504,3008.7387219295897,2883.3155526873147,-125.42316924227498,-0.04168629476800745,False,False,,,False,False,,,False,False,False,,,8,29,,A_ETF_sector_momentum,B_ETF_trend_following,0,4541,deterministic_stratified_sample
current_core_only_AB,standard,90,2022-09-27,2023-02-03,2838.617743875809,-0.053794085374730294,3008.7387219295897,2838.617743875809,-170.12097805378062,-0.056542290234054327,False,False,,,False,False,,,False,False,False,,,9,58,B_ETF_trend_following,A_ETF_sector_momentum,B_ETF_trend_following,0,4541,deterministic_stratified_sample
current_core_only_AB,standard,90,2022-10-12,2023-02-21,2818.0522812002046,-0.06064923959993185,3008.7387219295897,2818.0522812002046,-190.68644072938514,-0.06337753402764479,False,False,,,False,False,,,False,False,False,,,10,68,B_ETF_trend_following,A_ETF_sector_momentum,B_ETF_trend_following,0,4541,deterministic_stratified_sample
current_core_only_AB,standard,90,2022-10-13,2023-02-22,2818.245602990457,-0.060584799003181034,3008.7387219295897,2818.0522812002046,-190.68644072938514,-0.06337753402764479,False,False,,,False,False,,,False,False,False,,,10,68,B_ETF_trend_following,A_ETF_sector_momentum,B_ETF_trend_following,0,4541,deterministic_stratified_sample
current_core_only_AB,standard,90,2022-10-31,2023-03-10,2817.363145749845,-0.060878951416718285,3008.7387219295897,2816.975361291262,-191.76336063832787,-0.06373546471171965,False,False,,,False,False,,,False,False,False,,,11,79,B_ETF_trend_following,A_ETF_sector_momentum,B_ETF_trend_following,0,4541,deterministic_stratified_sample
current_core_only_AB,standard,90,2022-11-16,2023-03-28,2774.7812547779095,-0.07507291507403013,3008.7387219295897,2774.7812547779095,-233.95746715168025,-0.07775931670186254,False,False,,,False,False,,,False,False,False,,,13,103,B_ETF_trend_following,B_ETF_trend_following,A_ETF_sector_momentum,0,4541,deterministic_stratified_sample
current_core_only_AB,standard,90,2022-11-29,2023-04-10,2796.1256281946503,-0.06795812393511658,3008.7387219295897,2774.7812547779095,-233.95746715168025,-0.07775931670186254,False,False,,,False,False,,,False,False,False,,,13,131,B_ETF_trend_following,A_ETF_sector_momentum,B_ETF_trend_following,0,4541,deterministic_stratified_sample
current_core_only_AB,standard,90,2022-12-08,2023-04-19,2808.4029575078985,-0.06386568083070054,3001.802177995222,2804.5577001465185,-197.24447784870335,-0.06570868636667948,False,False,,,False,False,,,False,False,False,,,9,148,B_ETF_trend_following,A_ETF_sector_momentum,B_ETF_trend_following,0,4541,deterministic_stratified_sample
current_core_only_AB,standard,90,2022-12-28,2023-05-08,2855.759941160406,-0.048080019613197966,3007.438819371449,2843.47317720343,-163.9656421680188,-0.05452002584786997,False,False,,,False,False,,,False,False,False,,,16,110,,B_ETF_trend_following,A_ETF_sector_momentum,0,4541,deterministic_stratified_sample
current_core_only_AB,standard,90,2022-12-29,2023-05-09,2849.8723395560246,-0.050042553481325136,3007.438819371449,2843.47317720343,-163.9656421680188,-0.05452002584786997,False,False,,,False,False,,,False,False,False,,,16,111,,B_ETF_trend_following,A_ETF_sector_momentum,0,4541,deterministic_stratified_sample
current_core_only_AB,standard,90,2023-02-16,2023-06-27,3081.119846383577,0.027039948794525648,3107.173842336184,2941.7311173948374,-90.67859703842714,-0.029903148181733896,False,False,,,False,False,,,False,False,False,,,27,154,,B_ETF_trend_following,A_ETF_sector_momentum,0,4541,deterministic_stratified_sample
current_core_only_AB,standard,90,2023-03-13,2023-07-20,3189.496515784002,0.06316550526133402,3233.2768354435025,2981.332796904976,-70.16415807496651,-0.02299335673937375,False,False,,,False,False,,,False,False,False,,,11,203,,B_ETF_trend_following,A_ETF_sector_momentum,0,4541,deterministic_stratified_sample
current_core_only_AB,standard,90,2023-03-21,2023-07-28,3267.3808299226002,0.08912694330753346,3279.1645361616024,2946.0230290357486,-117.82275471993034,-0.03845583721759738,False,False,,,False,False,,,False,False,False,,,10,214,,B_ETF_trend_following,A_ETF_sector_momentum,0,4541,deterministic_stratified_sample
current_core_only_AB,standard,90,2023-03-23,2023-08-01,3194.223393408322,0.06474113113610724,3205.697982153898,2930.8601591374654,-112.26079378462191,-0.0368900203183925,False,False,,,False,False,,,False,False,False,,,9,206,,B_ETF_trend_following,A_ETF_sector_momentum,0,4541,deterministic_stratified_sample
current_core_only_AB,standard,90,2023-04-25,2023-08-31,3164.237460064257,0.054745820021419034,3216.4104606895708,2965.800230720499,-92.7858233408233,-0.02884763138126678,False,False,,,False,False,,,False,False,False,,,12,169,,B_ETF_trend_following,A_ETF_sector_momentum,0,4541,deterministic_stratified_sample
current_core_only_AB,standard,90,2023-05-01,2023-09-07,3131.2310445494036,0.04374368151646779,3181.75709601962,2971.1289780752504,-73.9012689150959,-0.02322655900022863,False,False,,,False,False,,,False,False,False,,,11,177,,B_ETF_trend_following,A_ETF_sector_momentum,0,4541,deterministic_stratified_sample
current_core_only_AB,standard,90,2023-06-08,2023-10-16,3041.773151755311,0.013924383918437089,3093.2030597172156,2998.7644052942696,-60.22055746087517,-0.019468672537256815,False,False,,,False,False,,,False,False,False,,,9,123,,B_ETF_trend_following,A_ETF_sector_momentum,0,4541,deterministic_stratified_sample
current_core_only_AB,standard,90,2023-06-27,2023-11-01,2984.9620674685307,-0.005012644177156411,3067.1185344026308,2982.8055662695515,-84.31296813307927,-0.02748930867437127,False,False,,,False,False,,,False,False,False,,,8,98,,B_ETF_trend_following,A_ETF_sector_momentum,0,4541,deterministic_stratified_sample
current_core_only_AB,standard,90,2023-08-25,2024-01-03,2983.1354726601785,-0.005621509113273859,3064.419214413487,2936.837320942419,-127.58189347106827,-0.041633302934202754,False,False,,,False,False,,,False,False,False,,,22,143,,A_ETF_sector_momentum,B_ETF_trend_following,0,4541,deterministic_stratified_sample
current_core_only_AB,standard,90,2023-11-02,2024-03-13,3196.714527615506,0.06557150920516874,3196.714527615506,2992.2557678195744,-72.91934942563648,-0.023137935835178536,False,False,,,False,False,,,False,False,False,,,9,274,,B_ETF_trend_following,A_ETF_sector_momentum,0,4541,deterministic_stratified_sample
current_core_only_AB,standard,90,2023-11-13,2024-03-22,3142.561267385925,0.047520422461974965,3150.650518143656,2994.418318090777,-41.24234460978914,-0.013351931449886112,False,False,,,False,False,,,False,False,False,,,9,271,,B_ETF_trend_following,A_ETF_sector_momentum,0,4541,deterministic_stratified_sample
current_core_only_AB,standard,90,2024-01-02,2024-05-09,3099.584385458973,0.03319479515299095,3134.9622240439494,2983.2013741967594,-90.98211348041832,-0.029021757513574054,False,False,,,False,False,,,False,False,False,,,10,207,,B_ETF_trend_following,A_ETF_sector_momentum,0,4541,deterministic_stratified_sample
current_core_only_AB,standard,90,2024-01-05,2024-05-14,3090.354405549398,0.030118135183132777,3128.1222149135447,2976.969673067261,-90.74510246212049,-0.029009449192709535,False,False,,,False,False,,,False,False,False,,,10,220,,B_ETF_trend_following,A_ETF_sector_momentum,0,4541,deterministic_stratified_sample
current_core_only_AB,standard,90,2024-01-19,2024-05-28,3047.5556605612624,0.01585188685375405,3123.8179307285664,2998.309138445264,-115.74059633066872,-0.03705100581955956,False,False,,,False,False,,,False,False,False,,,10,240,,A_ETF_sector_momentum,B_ETF_trend_following,0,4541,deterministic_stratified_sample
current_core_only_AB,standard,90,2024-01-24,2024-05-31,3079.6263861848765,0.02654212872829209,3183.1022265255156,2999.380749950653,-103.47584034063902,-0.03250785962145708,False,False,,,False,False,,,False,False,False,,,13,251,,B_ETF_trend_following,A_ETF_sector_momentum,0,4541,deterministic_stratified_sample
current_core_only_AB,standard,90,2024-02-02,2024-06-11,3203.58468399419,0.06786156133139665,3218.113285152267,2992.932738735861,-162.3611371849347,-0.0504522752303459,False,False,,,False,False,,,False,False,False,,,19,227,,B_ETF_trend_following,A_ETF_sector_momentum,0,4541,deterministic_stratified_sample
current_core_only_AB,standard,90,2024-03-07,2024-07-16,3117.1332075538967,0.03904440251796548,3125.7737348125984,2917.5364884104047,-125.8841741005026,-0.04136272571555866,False,False,,,False,False,,,False,False,False,,,19,224,,B_ETF_trend_following,A_ETF_sector_momentum,0,4541,deterministic_stratified_sample
current_core_only_AB,standard,90,2024-04-01,2024-08-07,3087.8133472814006,0.029271115760466815,3112.642545753276,2883.141471704692,-135.54350457314013,-0.044901506993376694,False,False,,,False,False,,,False,False,False,,,20,203,,B_ETF_trend_following,A_ETF_sector_momentum,0,4541,deterministic_stratified_sample
current_core_only_AB,standard,90,2024-04-22,2024-08-28,3236.1868974931904,0.07872896583106348,3245.234431457171,3000.0,-65.58174699259052,-0.02025144128424483,False,False,,,False,False,,,False,False,False,,,11,218,,B_ETF_trend_following,A_ETF_sector_momentum,0,4541,deterministic_stratified_sample
current_core_only_AB,standard,90,2024-05-08,2024-09-16,3196.61219197712,0.06553739732570674,3196.61219197712,2999.617580574574,-66.68585004537726,-0.02111700880162437,False,False,,,False,False,,,False,False,False,,,10,254,,A_ETF_sector_momentum,B_ETF_trend_following,0,4541,deterministic_stratified_sample
current_core_only_AB,standard,90,2024-07-11,2024-11-14,3070.7744387580046,0.023591479586001496,3072.1804225829765,2999.825763815773,-40.2247309723125,-0.013209659021230502,False,False,,,False,False,,,False,False,False,,,9,241,,A_ETF_sector_momentum,B_ETF_trend_following,0,4541,deterministic_stratified_sample
current_core_only_AB,standard,90,2024-09-10,2025-01-17,2976.2049560427026,-0.00793168131909916,3022.697496370053,2933.9829912245773,-72.67563530324105,-0.02417156196650405,False,False,,,False,False,,,False,False,False,,,10,202,,B_ETF_trend_following,A_ETF_sector_momentum,0,4541,deterministic_stratified_sample
current_core_only_AB,standard,90,2024-09-18,2025-01-28,3089.90152220858,0.029967174069526648,3143.9592139743713,2978.5606711251557,-66.40424258982193,-0.021121216297802503,False,False,,,False,False,,,False,False,False,,,17,207,,B_ETF_trend_following,A_ETF_sector_momentum,0,4541,deterministic_stratified_sample
current_core_only_AB,standard,90,2024-09-27,2025-02-06,2975.694153300798,-0.008101948899734035,3015.0248688637275,2926.543795434629,-73.45620456537108,-0.02448540152179035,False,False,,,False,False,,,False,False,False,,,10,201,,B_ETF_trend_following,A_ETF_sector_momentum,0,4541,deterministic_stratified_sample
current_core_only_AB,standard,90,2024-11-08,2025-03-21,3006.597928962333,0.002199309654110859,3013.8671790497074,2952.0383063712434,-47.96169362875662,-0.015987231209585562,False,False,,,False,False,,,False,False,False,,,14,158,,A_ETF_sector_momentum,B_ETF_trend_following,0,4541,deterministic_stratified_sample
current_core_only_AB,standard,90,2024-12-16,2025-04-28,2962.523474045117,-0.012492175318294385,3000.0,2929.4440193824266,-70.55598061757337,-0.0235186602058578,False,False,,,False,False,,,False,False,False,,,27,90,,B_ETF_trend_following,A_ETF_sector_momentum,0,4541,deterministic_stratified_sample
current_core_only_AB,standard,90,2025-01-14,2025-05-22,2979.4152591364586,-0.006861580287847113,3066.503315612782,2968.8238775896716,-97.67943802311038,-0.031853687398864294,False,False,,,False,False,,,False,False,False,,,17,111,,B_ETF_trend_following,A_ETF_sector_momentum,0,4541,deterministic_stratified_sample
current_core_only_AB,standard,90,2025-03-05,2025-07-14,2992.157159177041,-0.002614280274319647,3031.473059923378,2930.5239083009556,-75.79219913707584,-0.02521098794286991,False,False,,,False,False,,,False,False,False,,,33,85,,A_ETF_sector_momentum,B_ETF_trend_following,0,4541,deterministic_stratified_sample
current_core_only_AB,standard,90,2025-03-07,2025-07-16,2975.000983935869,-0.008333005354710266,3033.824381974272,2932.892038318413,-75.82147511937137,-0.02520062969795256,False,False,,,False,False,,,False,False,False,,,34,90,,A_ETF_sector_momentum,B_ETF_trend_following,0,4541,deterministic_stratified_sample
current_core_only_AB,standard,90,2025-03-14,2025-07-23,3003.1115026496254,0.00103716754987504,3033.2739760680415,2932.337697943034,-75.31604484601439,-0.0250414613140183,False,False,,,False,False,,,False,False,False,,,34,107,,A_ETF_sector_momentum,B_ETF_trend_following,0,4541,deterministic_stratified_sample
current_core_only_AB,standard,90,2025-03-17,2025-07-24,3006.0604093935854,0.002020136464528477,3033.2739760680415,2932.337697943034,-75.31604484601439,-0.0250414613140183,False,False,,,False,False,,,False,False,False,,,34,110,,A_ETF_sector_momentum,B_ETF_trend_following,0,4541,deterministic_stratified_sample
current_core_only_AB,standard,90,2025-04-04,2025-08-13,3037.505066925216,0.012501688975071978,3073.501877040887,2972.8531602111043,-93.12039952025225,-0.030297817683425987,False,False,,,False,False,,,False,False,False,,,39,141,,A_ETF_sector_momentum,B_ETF_trend_following,0,4541,deterministic_stratified_sample
current_core_only_AB,standard,90,2025-04-23,2025-08-29,2939.8828424096355,-0.020039052530121504,3073.501877040887,2939.8828424096355,-133.61903463125145,-0.04347452514325367,False,False,,,False,False,,,False,False,False,,,48,171,,A_ETF_sector_momentum,B_ETF_trend_following,0,4541,deterministic_stratified_sample
current_core_only_AB,standard,90,2025-05-09,2025-09-17,2965.8160632780637,-0.011394645573978734,3073.501877040887,2924.4093351676584,-149.09254187322858,-0.04850901279317654,False,False,,,False,False,,,False,False,False,,,54,220,,B_ETF_trend_following,A_ETF_sector_momentum,0,4541,deterministic_stratified_sample
current_core_only_AB,standard,90,2025-05-13,2025-09-19,2951.8814566267806,-0.016039514457739767,3055.6309722780156,2907.0384357257726,-148.59253655224302,-0.048629084434716696,False,False,,,False,False,,,False,False,False,,,55,226,,A_ETF_sector_momentum,B_ETF_trend_following,0,4541,deterministic_stratified_sample
current_core_only_AB,standard,90,2025-05-15,2025-09-23,2917.790968201659,-0.027403010599447053,3026.0329152805853,2877.949755853536,-148.0831594270494,-0.04893640075072303,False,False,,,False,False,,,False,False,False,,,56,228,,A_ETF_sector_momentum,B_ETF_trend_following,0,4541,deterministic_stratified_sample
current_core_only_AB,standard,90,2025-05-27,2025-10-02,2941.851760067767,-0.019382746644077686,3038.9231970759715,2897.0833591359064,-141.83983794006508,-0.04667437402713637,False,False,,,False,False,,,False,False,False,,,53,248,,A_ETF_sector_momentum,B_ETF_trend_following,0,4541,deterministic_stratified_sample
current_core_only_AB,standard,90,2025-07-18,2025-11-21,2854.762983839747,-0.048412338720084325,3024.130882334224,2785.9260577464065,-238.2048245878177,-0.07876802752794732,False,False,,,False,False,,,False,False,False,,,38,252,B_ETF_trend_following,A_ETF_sector_momentum,B_ETF_trend_following,0,4541,deterministic_stratified_sample
current_core_only_AB,standard,90,2025-08-13,2025-12-18,2938.9634602830865,-0.020345513238971158,3013.9746036389606,2890.1009476696036,-123.87365596935706,-0.04109976766884382,False,False,,,False,False,,,False,False,False,,,29,263,B_ETF_trend_following,A_ETF_sector_momentum,B_ETF_trend_following,0,4541,deterministic_stratified_sample
current_core_only_AB,standard,90,2025-08-14,2025-12-19,2939.8786275272673,-0.02004045749091088,3000.0,2887.4482349687505,-112.55176503124949,-0.03751725501041647,False,False,,,False,False,,,False,False,False,,,27,265,B_ETF_trend_following,A_ETF_sector_momentum,B_ETF_trend_following,0,4541,deterministic_stratified_sample
current_core_only_AB,standard,90,2025-08-27,2026-01-05,2903.170175404576,-0.032276608198474555,3001.313591202962,2826.8403556787625,-174.47323552419948,-0.0581322911526444,False,False,,,False,False,,,False,False,False,,,26,305,B_ETF_trend_following,A_ETF_sector_momentum,B_ETF_trend_following,0,4541,deterministic_stratified_sample
current_core_only_AB,standard,90,2025-09-18,2026-01-27,3064.3299176459414,0.021443305881980512,3141.321972829275,2969.9257114803977,-171.369760722112,-0.05455338937057941,False,False,,,False,False,,,False,False,False,,,48,245,,B_ETF_trend_following,A_ETF_sector_momentum,0,4541,deterministic_stratified_sample
current_core_only_AB,standard,90,2025-09-22,2026-01-29,3083.9457036528115,0.02798190121760391,3113.0883164619718,2961.522858949298,-151.56545751267367,-0.048686526723703105,False,False,,,False,False,,,False,False,False,,,47,246,,B_ETF_trend_following,A_ETF_sector_momentum,0,4541,deterministic_stratified_sample
current_core_only_AB,standard,90,2025-09-23,2026-01-30,3055.7527641532865,0.01858425471776215,3121.279557082516,2969.383438121098,-151.89611896141787,-0.04866469541850216,False,False,,,False,False,,,False,False,False,,,46,246,,B_ETF_trend_following,A_ETF_sector_momentum,0,4541,deterministic_stratified_sample
current_core_only_AB,standard,90,2025-09-24,2026-02-02,2973.7098462790464,-0.008763384573651223,3045.8570979586702,2879.220103974001,-166.63699398466906,-0.0547093933252315,False,False,,,False,False,,,False,False,False,,,50,244,,A_ETF_sector_momentum,B_ETF_trend_following,0,4541,deterministic_stratified_sample
current_core_only_AB,standard,90,2025-09-25,2026-02-03,3000.9314119452474,0.00031047064841582817,3092.951344668872,2943.0309950706032,-149.92034959826879,-0.04847161590714233,False,False,,,False,False,,,False,False,False,,,48,247,,B_ETF_trend_following,A_ETF_sector_momentum,0,4541,deterministic_stratified_sample
current_core_only_AB,standard,90,2025-09-26,2026-02-04,3009.59583725366,0.0031986124178866593,3118.7399912452242,2931.5745472372278,-187.16544400799648,-0.060013160614029504,False,False,,,False,False,,,False,False,False,,,48,251,,B_ETF_trend_following,A_ETF_sector_momentum,0,4541,deterministic_stratified_sample
current_core_only_AB,standard,90,2025-09-29,2026-02-05,3091.732909877481,0.03057763662582702,3191.374511955844,3000.0,-151.57401846092216,-0.047499194727378735,False,False,,,False,False,,,False,False,False,,,45,253,,B_ETF_trend_following,A_ETF_sector_momentum,0,4541,deterministic_stratified_sample
current_core_only_AB,standard,90,2025-09-30,2026-02-06,3097.6155596274084,0.03253851987580281,3172.9774193010385,3000.0,-150.65881835809932,-0.04748675590791274,False,False,,,False,False,,,False,False,False,,,44,250,,B_ETF_trend_following,A_ETF_sector_momentum,0,4541,deterministic_stratified_sample
current_core_only_AB,standard,90,2025-10-01,2026-02-09,2915.8937071772452,-0.028035430940918205,3007.3997284681354,2838.197804415882,-169.20192405225362,-0.05626186717069337,False,False,,,False,False,,,False,False,False,,,26,295,B_ETF_trend_following,A_ETF_sector_momentum,B_ETF_trend_following,0,4541,deterministic_stratified_sample
current_core_only_AB,standard,90,2025-10-02,2026-02-10,2901.520172345675,-0.03282660921810843,3000.612195310756,2853.1735413529204,-146.82645864707956,-0.04894215288235981,False,False,,,False,False,,,False,False,False,,,38,275,B_ETF_trend_following,A_ETF_sector_momentum,B_ETF_trend_following,0,4541,deterministic_stratified_sample
current_core_only_AB,standard,90,2025-10-03,2026-02-11,3022.7451338646997,0.007581711288233262,3048.9793628802154,2903.8928125634366,-141.55308684802094,-0.046480250026893155,False,False,,,False,False,,,False,False,False,,,44,246,,B_ETF_trend_following,A_ETF_sector_momentum,0,4541,deterministic_stratified_sample
current_core_only_AB,standard,90,2025-10-06,2026-02-12,3062.496710558625,0.020832236852875052,3126.1532564485665,2957.2207369082525,-168.93251954031393,-0.054038463786714064,False,False,,,False,False,,,False,False,False,,,43,246,,B_ETF_trend_following,A_ETF_sector_momentum,0,4541,deterministic_stratified_sample
current_core_only_AB,standard,90,2025-10-07,2026-02-13,2925.781965094948,-0.02473934496835062,3030.5814326574,2865.20379955947,-165.3776330979299,-0.05456960546112655,False,False,,,False,False,,,False,False,False,,,35,274,B_ETF_trend_following,A_ETF_sector_momentum,B_ETF_trend_following,0,4541,deterministic_stratified_sample
current_core_only_AB,standard,90,2025-10-08,2026-02-17,2908.8506336758674,-0.03038312210804417,3022.19096923884,2860.046010957404,-162.14495828143572,-0.053651460126714956,False,False,,,False,False,,,False,False,False,,,37,279,B_ETF_trend_following,A_ETF_sector_momentum,B_ETF_trend_following,0,4541,deterministic_stratified_sample
current_core_only_AB,standard,90,2025-10-09,2026-02-18,2917.339172778935,-0.027553609073688423,3051.8350981557405,2888.9722977976007,-162.8628003581398,-0.05336553094122276,False,False,,,False,False,,,False,False,False,,,35,278,B_ETF_trend_following,A_ETF_sector_momentum,B_ETF_trend_following,0,4541,deterministic_stratified_sample
current_core_only_AB,standard,90,2025-10-10,2026-02-19,2917.339172778935,-0.027553609073688423,3051.8350981557405,2888.9722977976007,-162.8628003581398,-0.05336553094122276,False,False,,,False,False,,,False,False,False,,,35,279,B_ETF_trend_following,A_ETF_sector_momentum,B_ETF_trend_following,0,4541,deterministic_stratified_sample
current_core_only_AB,standard,90,2025-10-13,2026-02-20,2917.6308953787156,-0.02745636820709474,3051.929128950065,2889.1163916885253,-162.81273726153995,-0.053347482979577365,False,False,,,False,False,,,False,False,False,,,34,278,B_ETF_trend_following,A_ETF_sector_momentum,B_ETF_trend_following,0,4541,deterministic_stratified_sample
current_core_only_AB,standard,90,2025-10-14,2026-02-23,2918.382176967516,-0.02720594101082796,3044.2863948207732,2888.8699638204757,-155.4164310002975,-0.05105184297532139,False,False,,,False,False,,,False,False,False,,,36,273,B_ETF_trend_following,A_ETF_sector_momentum,B_ETF_trend_following,0,4541,deterministic_stratified_sample
current_core_only_AB,standard,90,2025-10-15,2026-02-24,2919.0777638892555,-0.026974078703581483,3032.2888255744674,2869.566757400069,-162.72206817439837,-0.0536631163898349,False,False,,,False,False,,,False,False,False,,,36,274,B_ETF_trend_following,A_ETF_sector_momentum,B_ETF_trend_following,0,4541,deterministic_stratified_sample
current_core_only_AB,standard,90,2025-10-16,2026-02-25,2906.15213573579,-0.031282621421403256,3004.9372454014506,2857.286074956257,-142.71392504374307,-0.04757130834791434,False,False,,,False,False,,,False,False,False,,,39,273,B_ETF_trend_following,A_ETF_sector_momentum,B_ETF_trend_following,0,4541,deterministic_stratified_sample
current_core_only_AB,standard,90,2025-10-17,2026-02-26,2919.0172669662966,-0.026994244344567764,3041.6290198584966,2892.1749553753034,-131.30150460014147,-0.04316815224436865,False,False,,,False,False,,,False,False,False,,,41,266,B_ETF_trend_following,A_ETF_sector_momentum,B_ETF_trend_following,0,4541,deterministic_stratified_sample
current_core_only_AB,standard,90,2025-10-20,2026-02-27,2920.391193539737,-0.02653626882008775,3003.1698402261422,2860.263149076157,-139.73685092384312,-0.046578950307947675,False,False,,,False,False,,,False,False,False,,,32,280,B_ETF_trend_following,A_ETF_sector_momentum,B_ETF_trend_following,0,4541,deterministic_stratified_sample
current_core_only_AB,standard,90,2025-10-21,2026-03-02,2914.728020496512,-0.028423993167829398,3034.712846029657,2890.305171975566,-120.19735446914956,-0.03960748860519203,False,False,,,False,False,,,False,False,False,,,34,273,B_ETF_trend_following,A_ETF_sector_momentum,B_ETF_trend_following,0,4541,deterministic_stratified_sample
current_core_only_AB,standard,90,2025-10-22,2026-03-03,2911.172925167918,-0.029609024944027285,3044.302847854249,2899.4388308352954,-133.12992268633116,-0.043730840635703094,False,False,,,False,False,,,False,False,False,,,39,264,B_ETF_trend_following,A_ETF_sector_momentum,B_ETF_trend_following,0,4541,deterministic_stratified_sample
current_core_only_AB,standard,90,2025-10-23,2026-03-04,3036.0484129234083,0.012016137641136071,3114.5511644573726,2959.74694779085,-131.12942109485448,-0.0421021887812526,False,False,,,False,False,,,False,False,False,,,29,261,,A_ETF_sector_momentum,B_ETF_trend_following,0,4541,deterministic_stratified_sample
current_core_only_AB,standard,90,2025-10-24,2026-03-05,2909.26709666039,-0.03024430111320331,3030.1570064191483,2885.9661232889093,-120.88990975875822,-0.039895592704491056,False,False,,,False,False,,,False,False,False,,,34,269,B_ETF_trend_following,A_ETF_sector_momentum,B_ETF_trend_following,0,4541,deterministic_stratified_sample
current_core_only_AB,standard,90,2025-10-27,2026-03-06,2929.6157832557637,-0.023461405581412076,3032.1454115120964,2883.15733542002,-126.03028733581823,-0.04156472405885325,False,False,,,False,False,,,False,False,False,,,29,276,B_ETF_trend_following,A_ETF_sector_momentum,B_ETF_trend_following,0,4541,deterministic_stratified_sample
current_core_only_AB,standard,90,2025-10-28,2026-03-09,2901.8469796357904,-0.03271767345473653,3050.7724132000553,2900.8690771952065,-148.92543356426495,-0.04881564843050756,False,False,,,False,False,,,False,False,False,,,36,260,B_ETF_trend_following,A_ETF_sector_momentum,B_ETF_trend_following,0,4541,deterministic_stratified_sample
current_core_only_AB,standard,90,2025-10-29,2026-03-10,2889.452209939424,-0.03684926335352534,3052.0181931826196,2889.452209939424,-162.56598324319566,-0.05326507673064462,False,False,,,False,False,,,False,False,False,,,35,258,B_ETF_trend_following,A_ETF_sector_momentum,B_ETF_trend_following,0,4541,deterministic_stratified_sample
current_core_only_AB,standard,90,2025-10-30,2026-03-11,2964.982920662908,-0.011672359779030694,3082.261330770034,2930.8107492969566,-150.31650080601048,-0.048768253134609196,False,False,,,False,False,,,False,False,False,,,45,231,,A_ETF_sector_momentum,B_ETF_trend_following,0,4541,deterministic_stratified_sample
current_core_only_AB,standard,90,2025-10-31,2026-03-12,2957.6189987261628,-0.014127000424612457,3082.261330770034,2930.8107492969566,-150.31650080601048,-0.048768253134609196,False,False,,,False,False,,,False,False,False,,,45,231,,A_ETF_sector_momentum,B_ETF_trend_following,0,4541,deterministic_stratified_sample
current_core_only_AB,standard,90,2025-11-03,2026-03-13,3013.676093116752,0.004558697705584036,3122.0287266803907,2973.466101607044,-130.7507252757914,-0.04188005195417177,False,False,,,False,False,,,False,False,False,,,40,237,,A_ETF_sector_momentum,B_ETF_trend_following,0,4541,deterministic_stratified_sample
current_core_only_AB,standard,90,2025-11-04,2026-03-16,3041.788355504131,0.013929451834710171,3146.111865557489,2996.403237469817,-131.1275431962863,-0.04167923735701329,False,False,,,False,False,,,False,False,False,,,39,237,,A_ETF_sector_momentum,B_ETF_trend_following,0,4541,deterministic_stratified_sample
current_core_only_AB,standard,90,2025-11-05,2026-03-17,3060.703063019887,0.020234354339962346,3147.3701844718203,2997.6016789206597,-131.14723154002968,-0.041668829484078684,False,False,,,False,False,,,False,False,False,,,38,237,,A_ETF_sector_momentum,B_ETF_trend_following,0,4541,deterministic_stratified_sample
current_core_only_AB,standard,90,2025-11-06,2026-03-18,3058.3932351862054,0.01946441172873503,3148.62900666339,2998.80059970015,-131.16692775832234,-0.04165842577221257,False,False,,,False,False,,,False,False,False,,,38,237,,A_ETF_sector_momentum,B_ETF_trend_following,0,4541,deterministic_stratified_sample
current_core_only_AB,standard,90,2025-11-07,2026-03-19,3085.362425231635,0.02845414174387839,3149.888332333488,3000.0,-131.18663185431433,-0.0416480262197515,False,False,,,False,False,,,False,False,False,,,38,237,,A_ETF_sector_momentum,B_ETF_trend_following,0,4541,deterministic_stratified_sample
current_core_only_AB,standard,90,2025-11-10,2026-03-20,3057.810823778545,0.019270274592848358,3091.407000463969,2981.28053848323,-110.1264619807389,-0.03562341094660482,False,False,,,False,False,,,False,False,False,,,39,230,,A_ETF_sector_momentum,B_ETF_trend_following,0,4541,deterministic_stratified_sample
current_core_only_AB,standard,90,2025-11-11,2026-03-23,3040.0386481930627,0.013346216064354266,3063.627273440953,2954.2136842675777,-109.41358917337539,-0.035713740415454054,False,False,,,False,False,,,False,False,False,,,36,233,,A_ETF_sector_momentum,B_ETF_trend_following,0,4541,deterministic_stratified_sample
current_core_only_AB,standard,90,2025-11-12,2026-03-24,3041.3311724580844,0.013777057486028088,3041.3311724580844,2920.592652605083,-109.25011699650031,-0.0360580153176947,False,False,,,False,False,,,False,False,False,,,41,228,,A_ETF_sector_momentum,B_ETF_trend_following,0,4541,deterministic_stratified_sample
current_core_only_AB,standard,90,2025-11-13,2026-03-25,3023.764654830189,0.007921551610063027,3031.5419332978536,2910.8778936034855,-108.3385222022057,-0.0358829932279946,False,False,,,False,False,,,False,False,False,,,40,227,,A_ETF_sector_momentum,B_ETF_trend_following,0,4541,deterministic_stratified_sample
current_core_only_AB,standard,90,2025-11-14,2026-03-26,3052.333787955497,0.01744459598516568,3052.333787955497,2912.074885766412,-108.34909584902107,-0.03587214791980031,False,False,,,False,False,,,False,False,False,,,39,227,,A_ETF_sector_momentum,B_ETF_trend_following,0,4541,deterministic_stratified_sample
current_core_only_AB,standard,90,2025-11-17,2026-03-27,3081.251498420499,0.02708383280683302,3081.251498420499,2911.040699810166,-108.36452706847831,-0.03588936195242065,False,False,,,False,False,,,False,False,False,,,37,226,,A_ETF_sector_momentum,B_ETF_trend_following,0,4541,deterministic_stratified_sample
current_core_only_AB,standard,90,2025-11-18,2026-03-30,3063.9682696110667,0.021322756537022203,3081.251498420499,2911.040699810166,-108.36452706847831,-0.03588936195242065,False,False,,,False,False,,,False,False,False,,,37,227,,A_ETF_sector_momentum,B_ETF_trend_following,0,4541,deterministic_stratified_sample
current_core_only_AB,standard,90,2025-11-19,2026-03-31,3045.008170845409,0.015002723615136437,3082.4606712849136,2912.237757089063,-108.37511111620051,-0.035878517322411096,False,False,,,False,False,,,False,False,False,,,36,227,,A_ETF_sector_momentum,B_ETF_trend_following,0,4541,deterministic_stratified_sample
current_core_only_AB,standard,90,2025-11-20,2026-04-01,2991.9781606562747,-0.002673946447908415,3082.4606712849136,2912.237757089063,-108.37511111620051,-0.035878517322411096,False,False,,,False,False,,,False,False,False,,,36,227,,A_ETF_sector_momentum,B_ETF_trend_following,0,4541,deterministic_stratified_sample
current_core_only_AB,standard,90,2025-11-21,2026-04-02,2992.2761042573266,-0.002574631914224468,3082.761961659909,2912.534698468439,-108.41023413270568,-0.035886200030584625,False,False,,,False,False,,,False,False,False,,,36,227,,A_ETF_sector_momentum,B_ETF_trend_following,0,4541,deterministic_stratified_sample
current_core_only_AB,standard,90,2025-11-24,2026-04-06,2994.8380795868347,-0.001720640137721774,3085.352715430192,2934.119986175646,-90.51463584335715,-0.02933688436679649,False,False,,,False,False,,,False,False,False,,,32,233,,A_ETF_sector_momentum,B_ETF_trend_following,0,4541,deterministic_stratified_sample
current_core_only_AB,standard,90,2025-11-25,2026-04-07,2933.839723427308,-0.02205342552423073,3000.0,2855.4448503698222,-144.55514963017777,-0.048185049876725894,False,False,,,False,False,,,False,False,False,,,26,256,B_ETF_trend_following,A_ETF_sector_momentum,B_ETF_trend_following,0,4541,deterministic_stratified_sample
current_core_only_AB,standard,90,2025-11-26,2026-04-08,3045.958763391564,0.015319587797187895,3144.137440667057,2954.1423933406686,-98.1786772754931,-0.031351353424404094,False,False,,,False,False,,,False,False,False,,,41,215,,A_ETF_sector_momentum,B_ETF_trend_following,0,4541,deterministic_stratified_sample
current_core_only_AB,standard,90,2025-11-28,2026-04-09,3023.7947157071458,0.007931571902382029,3100.2282803488038,2948.7336446499403,-90.67987561601194,-0.02924941888660204,False,False,,,False,False,,,False,False,False,,,38,222,,A_ETF_sector_momentum,B_ETF_trend_following,0,4541,deterministic_stratified_sample
current_core_only_AB,standard,90,2025-12-01,2026-04-10,3095.0382724274427,0.03167942414248093,3160.9292094822376,2966.3680063932475,-98.70337499777997,-0.031312953035262714,False,False,,,False,False,,,False,False,False,,,39,216,,A_ETF_sector_momentum,B_ETF_trend_following,0,4541,deterministic_stratified_sample
current_core_only_AB,standard,90,2025-12-02,2026-04-13,3055.965037586793,0.018655012528931092,3098.207726171665,2927.7845810279914,-90.6574310288861,-0.029261250065020006,False,False,,,False,False,,,False,False,False,,,39,220,,A_ETF_sector_momentum,B_ETF_trend_following,0,4541,deterministic_stratified_sample
current_core_only_AB,standard,90,2025-12-03,2026-04-14,3068.32864232317,0.022776214107723236,3099.4290150840134,2928.993626833496,-90.67099727012237,-0.029254097070413043,False,False,,,False,False,,,False,False,False,,,38,225,,A_ETF_sector_momentum,B_ETF_trend_following,0,4541,deterministic_stratified_sample
current_core_only_AB,standard,90,2025-12-04,2026-04-15,3041.5803206613905,0.013860106887130241,3085.4200270504043,2915.1286167831677,-90.5153835498736,-0.029403857267542355,False,False,,,False,False,,,False,False,False,,,36,230,,A_ETF_sector_momentum,B_ETF_trend_following,0,4541,deterministic_stratified_sample
current_core_only_AB,standard,90,2025-12-05,2026-04-16,3065.197998101461,0.021732666033820403,3097.3796195347395,2945.9351387462243,-90.64823230916227,-0.029266103430608426,False,False,,,False,False,,,False,False,False,,,34,235,,A_ETF_sector_momentum,B_ETF_trend_following,0,4541,deterministic_stratified_sample
current_core_only_AB,standard,90,2025-12-08,2026-04-17,3095.8586514087565,0.03195288380291883,3108.5234348178915,2932.5367343051253,-102.32534490884291,-0.03363331479554177,False,False,,,False,False,,,False,False,False,,,34,230,,B_ETF_trend_following,A_ETF_sector_momentum,0,4541,deterministic_stratified_sample
current_core_only_AB,standard,90,2025-12-09,2026-04-20,3097.6623766939047,0.032554125564634884,3103.198158281006,2928.6857257409356,-101.91533873518665,-0.033561333514247726,False,False,,,False,False,,,False,False,False,,,34,235,,B_ETF_trend_following,A_ETF_sector_momentum,0,4541,deterministic_stratified_sample
current_core_only_AB,standard,90,2025-12-10,2026-04-21,3098.188033488834,0.03272934449627818,3102.9049912042738,2921.6013688759704,-101.88849544743152,-0.03355600344842102,False,False,,,False,False,,,False,False,False,,,34,236,,A_ETF_sector_momentum,B_ETF_trend_following,0,4541,deterministic_stratified_sample
current_core_only_AB,standard,90,2025-12-11,2026-04-22,3186.86503185706,0.06228834395235339,3186.86503185706,2983.6366153397903,-91.34973481176849,-0.028903280089789263,False,False,,,False,False,,,False,False,False,,,31,231,,B_ETF_trend_following,A_ETF_sector_momentum,0,4541,deterministic_stratified_sample
current_core_only_AB,standard,90,2025-12-12,2026-04-23,3239.0421922438186,0.07968073074793947,3239.0421922438186,2985.615970742207,-100.15696829618082,-0.031226371368480832,False,False,,,False,False,,,False,False,False,,,34,225,,B_ETF_trend_following,A_ETF_sector_momentum,0,4541,deterministic_stratified_sample
current_core_only_AB,standard,90,2025-12-15,2026-04-24,3319.0870084174076,0.10636233613913593,3319.0870084174076,2993.4816984696067,-101.29528728611831,-0.03122660659115517,True,True,2026-04-24,90,False,False,,,False,False,False,,,32,224,,B_ETF_trend_following,A_ETF_sector_momentum,0,4541,deterministic_stratified_sample
current_core_only_AB,standard,90,2025-12-16,2026-04-27,3220.423261585102,0.07347442052836728,3225.7090167194538,2971.5652622486405,-99.163513367409,-0.03229315273782685,False,False,,,False,False,,,False,False,False,,,32,232,,B_ETF_trend_following,A_ETF_sector_momentum,0,4541,deterministic_stratified_sample
current_core_only_AB,standard,90,2025-12-17,2026-04-28,3197.4596989352117,0.06581989964507051,3226.283526027628,2972.1402391844176,-99.18076996785112,-0.0322925443717218,False,False,,,False,False,,,False,False,False,,,31,234,,B_ETF_trend_following,A_ETF_sector_momentum,0,4541,deterministic_stratified_sample
current_core_only_AB,standard,90,2025-12-18,2026-04-29,3230.6420030874333,0.07688066769581114,3238.1013350065423,2946.053213641302,-91.2639955923114,-0.02894684549116433,False,False,,,False,False,,,False,False,False,,,35,229,,B_ETF_trend_following,A_ETF_sector_momentum,0,4541,deterministic_stratified_sample
current_core_only_AB,standard,90,2025-12-19,2026-04-30,3223.6891559052933,0.07456305196843105,3223.6891559052933,2944.0689468581904,-103.6384897863527,-0.03400539321466378,False,False,,,False,False,,,False,False,False,,,30,230,,B_ETF_trend_following,A_ETF_sector_momentum,0,4541,deterministic_stratified_sample
current_core_only_AB,standard,90,2025-12-22,2026-05-01,3201.3633343349566,0.06712111144498545,3208.9866255153174,2946.219897092895,-90.65145213290043,-0.029264404314044534,False,False,,,False,False,,,False,False,False,,,28,235,,B_ETF_trend_following,A_ETF_sector_momentum,0,4541,deterministic_stratified_sample
current_core_only_AB,standard,90,2025-12-23,2026-05-04,3251.4815214876216,0.08382717382920712,3278.702790681202,2949.3478892949997,-99.17605654855015,-0.031253910601105384,False,False,,,False,False,,,False,False,False,,,34,233,,B_ETF_trend_following,A_ETF_sector_momentum,0,4541,deterministic_stratified_sample
current_core_only_AB,standard,90,2025-12-24,2026-05-05,3372.8642144724995,0.12428807149083321,3372.8642144724995,2969.8724927712938,-101.49127947625584,-0.031226646558954685,True,True,2026-04-24,83,False,False,,,False,False,False,,,36,229,,B_ETF_trend_following,A_ETF_sector_momentum,0,4541,deterministic_stratified_sample
current_core_only_AB,standard,90,2025-12-26,2026-05-06,3481.115988538766,0.16037199617958864,3481.115988538766,2974.4211393042674,-103.57102664982631,-0.031227061359480723,True,True,2026-03-27,63,True,True,2026-04-30,86,False,False,False,,,39,226,,B_ETF_trend_following,A_ETF_sector_momentum,0,4541,deterministic_stratified_sample
current_core_only_AB,standard,90,2025-12-29,2026-05-07,3277.6515399223395,0.09255051330744646,3321.4303638383976,2986.0681767609603,-91.28731401826326,-0.02893497594042016,True,True,2026-05-06,89,False,False,,,False,False,False,,,31,233,,B_ETF_trend_following,A_ETF_sector_momentum,0,4541,deterministic_stratified_sample
current_core_only_AB,standard,90,2025-12-30,2026-05-08,3385.097825450589,0.128365941816863,3385.097825450589,2985.9230010469796,-91.28567583250879,-0.028935809294237558,True,True,2026-05-06,88,False,False,,,False,False,False,,,31,234,,B_ETF_trend_following,A_ETF_sector_momentum,0,4541,deterministic_stratified_sample
current_core_only_AB,standard,90,2025-12-31,2026-05-11,3531.733330375948,0.17724444345864931,3531.733330375948,2989.5712890670825,-116.49947918222642,-0.03673656087704158,True,True,2026-04-24,79,True,True,2026-05-06,87,False,False,False,,,39,222,,B_ETF_trend_following,A_ETF_sector_momentum,0,4541,deterministic_stratified_sample
current_core_only_AB,standard,90,2026-01-02,2026-05-12,3473.6395255354046,0.15787984184513482,3533.1441840833786,2990.7669980118153,-116.53691567199348,-0.03673367397565275,True,True,2026-04-24,78,True,True,2026-05-06,86,False,False,False,,,38,225,,B_ETF_trend_following,A_ETF_sector_momentum,0,4541,deterministic_stratified_sample
current_core_only_AB,standard,90,2026-01-05,2026-05-13,3508.0006621753455,0.1693335540584484,3525.618249510271,2989.3842919099066,-119.55361246955454,-0.03772677821366155,True,True,2026-04-24,77,True,True,2026-05-06,85,False,False,False,,,35,225,,B_ETF_trend_following,A_ETF_sector_momentum,0,4541,deterministic_stratified_sample
current_core_only_AB,standard,90,2026-01-06,2026-05-14,3524.2200586973677,0.17474001956578933,3524.2200586973677,2993.342524332203,-134.50365207892992,-0.04245798877344775,True,True,2026-04-24,76,True,True,2026-05-08,86,False,False,False,,,37,221,,B_ETF_trend_following,A_ETF_sector_momentum,0,4541,deterministic_stratified_sample
current_core_only_AB,standard,90,2026-01-07,2026-05-15,3421.6704128218894,0.1405568042739631,3501.9568118886527,2973.781270681296,-134.31455988114976,-0.04266150384154388,True,True,2026-04-30,79,True,True,2026-05-08,85,False,False,False,,,33,225,,B_ETF_trend_following,A_ETF_sector_momentum,0,4541,deterministic_stratified_sample
current_core_only_AB,standard,90,2026-01-08,2026-05-18,3325.6479350669315,0.10854931168897708,3459.5386329277585,2977.185381061156,-136.75477633500714,-0.04391695710985011,True,True,2026-05-05,81,True,True,2026-05-08,84,False,False,False,,,36,221,,B_ETF_trend_following,A_ETF_sector_momentum,0,4541,deterministic_stratified_sample
current_core_only_AB,standard,90,2026-01-09,2026-05-19,3376.623190937089,0.1255410636456964,3532.0060620362965,2967.158304496217,-155.38287109920748,-0.043992809856511106,True,True,2026-04-24,73,True,True,2026-05-06,81,False,False,False,,,32,221,,B_ETF_trend_following,A_ETF_sector_momentum,0,4541,deterministic_stratified_sample
current_core_only_AB,standard,90,2026-01-12,2026-05-20,3383.9150939251385,0.12797169797504626,3569.7384419214413,2963.8148158764634,-185.8233479963028,-0.05205517183390107,True,True,2026-04-23,71,True,True,2026-05-05,79,False,False,False,,,32,218,,B_ETF_trend_following,A_ETF_sector_momentum,0,4541,deterministic_stratified_sample
current_core_only_AB,standard,90,2026-01-13,2026-05-21,3367.698403005663,0.1225661343352209,3566.6092693139503,2961.372831723883,-198.9108663082875,-0.055770299264250145,True,True,2026-04-23,70,True,True,2026-05-06,79,False,False,False,,,32,215,,B_ETF_trend_following,A_ETF_sector_momentum,0,4541,deterministic_stratified_sample
current_core_only_AB,standard,90,2026-01-14,2026-05-22,3374.8582811833694,0.12495276039445646,3567.401536560036,2962.082123714223,-198.9641919049909,-0.05577286152566041,True,True,2026-04-23,69,True,True,2026-05-06,78,False,False,False,,,31,211,,B_ETF_trend_following,A_ETF_sector_momentum,0,4541,deterministic_stratified_sample
current_core_only_AB,standard,90,2026-01-15,2026-05-26,3358.0527534371067,0.11935091781236884,3574.851413570188,2968.1160947816243,-216.79866013308128,-0.060645502442454036,True,True,2026-04-23,68,True,True,2026-05-05,76,False,False,False,,,32,209,,B_ETF_trend_following,A_ETF_sector_momentum,0,4541,deterministic_stratified_sample
current_core_only_AB,standard,90,2026-01-16,2026-05-27,3321.038710608749,0.1070129035362497,3547.8484421550406,2988.665190172753,-226.80973154629146,-0.06392881072690981,True,True,2026-04-24,68,True,True,2026-05-06,76,False,False,False,,,44,200,,B_ETF_trend_following,A_ETF_sector_momentum,0,4541,deterministic_stratified_sample
current_core_only_AB,standard,90,2026-01-20,2026-05-28,3349.616882811629,0.11653896093720961,3565.1379835922685,2990.6236403151784,-227.9960072906092,-0.06395152399147208,True,True,2026-04-23,66,True,True,2026-05-06,75,False,False,False,,,43,197,,B_ETF_trend_following,A_ETF_sector_momentum,0,4541,deterministic_stratified_sample
current_core_only_AB,standard,90,2026-01-21,2026-05-29,3332.067397609573,0.11068913253652446,3522.151387217161,3000.0,-225.04659670064575,-0.06389464050790117,True,True,2026-04-24,66,True,True,2026-05-08,76,False,False,False,,,42,203,,B_ETF_trend_following,A_ETF_sector_momentum,0,4541,deterministic_stratified_sample
