date,event_type,strategy,symbol,project_equity,high_water_mark,drawdown_dollars,drawdown_pct,daily_pnl,weekly_pnl,total_open_risk,cluster_open_risk,notes
2008-05-01,strategy_loss_budget_hit,D_mean_reversion,,2971.31838366496,3131.6123606970536,-160.2939770320936,-0.05118576585143331,0.0,0.0,30.0,0.0,Strategy P&L -76.75 breached max loss 60.00.
2008-09-18,gap_through_stop,A_ETF_sector_momentum,BIL,2790.8677034989273,3131.6123606970536,-340.74465719812633,-0.10880805730447474,0.0,0.0,84.00953644337022,84.00953644337022,Open was below stop; filled at open.
2008-09-19,gap_through_stop,C_swing_trend_pullback,TLT,2747.0098248375693,3131.6123606970536,-384.6025358594843,-0.12281294475855153,0.0,0.0,84.00953644337022,84.00953644337022,Open was below stop; filled at open.
2008-09-19,gap_through_stop,C_swing_trend_pullback,IEF,2745.834889074573,3131.6123606970536,-385.7774716224808,-0.12318813032677267,0.0,0.0,39.009536443370216,39.009536443370216,Open was below stop; filled at open.
2008-12-31,strategy_loss_budget_hit,C_swing_trend_pullback,,2701.142839449268,3131.6123606970536,-430.46952124778545,-0.137459388859983,0.0,0.0,45.743201190657935,0.0,Strategy P&L -151.34 breached max loss 150.00.
2009-06-08,gap_through_stop,E_breakout_vcb,GLD,2714.0857111273,3131.6123606970536,-417.5266495697538,-0.13332641511122978,0.0,0.0,49.766175499046376,11.460751526511727,Open was below stop; filled at open.
2009-10-02,strategy_loss_budget_hit,E_breakout_vcb,,2612.5675420583525,3131.6123606970536,-519.0448186387011,-0.16574363581933527,0.0,0.0,28.459025432944014,0.0,Strategy P&L -96.71 breached max loss 80.00.
2009-12-04,gap_through_stop,B_ETF_trend_following,SHY,2831.145619343127,3131.6123606970536,-300.46674135392686,-0.09594633905680683,0.0,0.0,0.0,0.0,Open was below stop; filled at open.
2010-09-03,gap_through_stop,A_ETF_sector_momentum,IEF,3143.075462570483,3213.124459738922,-70.04899716843875,-0.021800897551951803,0.0,0.0,0.0,0.0,Open was below stop; filled at open.
2010-10-19,gap_through_stop,A_ETF_sector_momentum,GLD,3250.724273475404,3301.3699319905795,-50.645658515175455,-0.015340800806481703,0.0,0.0,0.0,0.0,Open was below stop; filled at open.
2011-01-20,gap_through_stop,A_ETF_sector_momentum,XLB,3389.779301710434,3486.1742501769904,-96.39494846655634,-0.027650639798530552,0.0,0.0,7.084958167720444,7.084958167720444,Open was below stop; filled at open.
2011-03-15,gap_through_stop,B_ETF_trend_following,GLD,3347.4383329013663,3510.3444699845804,-162.90613708321416,-0.04640745045853856,0.0,0.0,40.029543327271625,2.862558759272444,Open was below stop; filled at open.
2011-03-15,gap_through_stop,A_ETF_sector_momentum,SPY,3342.387267945949,3510.3444699845804,-167.9572020386313,-0.04784635908947399,0.0,0.0,37.16698456799919,34.2443132145249,Open was below stop; filled at open.
2011-03-16,gap_through_stop,B_ETF_trend_following,BIL,3323.83428343169,3510.3444699845804,-186.51018655289045,-0.05313159097281117,0.0,0.0,3.560343590715276,3.560343590715276,Open was below stop; filled at open.
2011-12-14,gap_through_stop,B_ETF_trend_following,SHY,3453.3012465567817,3702.4282402002254,-249.1269936434437,-0.06728746041272926,0.0,0.0,38.76820596557337,1.0364862689544794,Open was below stop; filled at open.
2012-01-05,gap_through_stop,B_ETF_trend_following,XLU,3481.739770924901,3702.4282402002254,-220.68846927532422,-0.059606413671744685,0.0,0.0,30.9237368126756,23.769540593166816,Open was below stop; filled at open.
2012-02-03,gap_through_stop,A_ETF_sector_momentum,TLT,3549.636670721502,3702.4282402002254,-152.79156947872343,-0.04126793541053497,0.0,0.0,26.117173709644753,0.008267444274059378,Open was below stop; filled at open.
2012-05-08,gap_through_stop,A_ETF_sector_momentum,XLY,3620.3059462799492,3728.3962566633504,-108.09031038340117,-0.02899110044706843,0.0,0.0,19.691645933638092,19.691645933638092,Open was below stop; filled at open.
2012-06-25,gap_through_stop,B_ETF_trend_following,XLP,3645.1986541255174,3753.5313613253497,-108.33270719983238,-0.02886154311005429,0.0,0.0,29.36950656023963,13.861392664791802,Open was below stop; filled at open.
2012-08-09,gap_through_stop,A_ETF_sector_momentum,TLT,3609.6819099415425,3753.5313613253497,-143.84945138380726,-0.03832376435320761,0.0,0.0,89.28795977252486,33.062621721810814,Open was below stop; filled at open.
2012-09-26,gap_through_stop,B_ETF_trend_following,XLK,3681.1934865008316,3753.5313613253497,-72.33787482451817,-0.019271951626634642,0.0,0.0,0.0,0.0,Open was below stop; filled at open.
2012-10-23,gap_through_stop,A_ETF_sector_momentum,GLD,3585.6211517512306,3753.5313613253497,-167.9102095741191,-0.04473393010757498,0.0,0.0,70.92553785586078,26.13371136410637,Open was below stop; filled at open.
2012-11-28,gap_through_stop,A_ETF_sector_momentum,GLD,3542.259696873474,3753.5313613253497,-211.27166445187595,-0.05628610609963769,0.0,0.0,13.939691592541443,10.230202777180342,Open was below stop; filled at open.
2012-12-03,gap_through_stop,B_ETF_trend_following,TLT,3531.8999242638947,3753.5313613253497,-221.63143706145502,-0.059046113040387205,0.0,0.0,17.903179213993038,2.2376796808788026,Open was below stop; filled at open.
2013-05-23,gap_through_stop,A_ETF_sector_momentum,SPY,4022.267989465324,4108.896687653191,-86.62869818786749,-0.021083201835708776,0.0,0.0,0.009323084633729854,0.009323084633729854,Open was below stop; filled at open.
2013-09-30,gap_through_stop,B_ETF_trend_following,XLE,3944.116405788567,4108.896687653191,-164.78028186462416,-0.04010329156237291,0.0,0.0,40.01102824712835,40.01102824712835,Open was below stop; filled at open.
2014-01-24,gap_through_stop,B_ETF_trend_following,XLI,3839.561591162117,4108.896687653191,-269.3350964910742,-0.06554925007007317,0.0,0.0,51.484826371924086,51.484826371924086,Open was below stop; filled at open.
2014-01-28,gap_through_stop,A_ETF_sector_momentum,XLK,3848.7292108204033,4108.896687653191,-260.167476832788,-0.06331808672984263,0.0,0.0,60.76189776086475,59.9628443121985,Open was below stop; filled at open.
2014-06-17,gap_through_stop,B_ETF_trend_following,XLB,3971.4602685099117,4108.896687653191,-137.43641914327964,-0.03344849714918896,0.0,0.0,12.884754659143027,12.884754659143027,Open was below stop; filled at open.
2014-07-10,gap_through_stop,B_ETF_trend_following,SMH,4047.32297067326,4108.896687653191,-61.573716979931305,-0.014985462439334074,0.0,0.0,0.0,0.0,Open was below stop; filled at open.
2014-07-10,gap_through_stop,A_ETF_sector_momentum,SMH,4020.7511891370355,4108.896687653191,-88.14549851615584,-0.021452352107324546,0.0,0.0,0.0,0.0,Open was below stop; filled at open.
2014-07-14,gap_through_stop,B_ETF_trend_following,GLD,3973.1538321898147,4108.896687653191,-135.7428554633766,-0.03303632721437599,0.0,0.0,57.38307173405455,26.602765163950895,Open was below stop; filled at open.
2014-07-31,gap_through_stop,B_ETF_trend_following,IEF,3918.334561538057,4108.896687653191,-190.5621261151341,-0.04637793076855734,0.0,0.0,21.703938797871416,21.703938797871416,Open was below stop; filled at open.
2014-07-31,gap_through_stop,B_ETF_trend_following,TLT,3916.1188912013404,4108.896687653191,-192.77779645185092,-0.04691716806390589,0.0,0.0,18.299600002719448,18.299600002719448,Open was below stop; filled at open.
2014-09-16,gap_through_stop,A_ETF_sector_momentum,QQQ,3931.3616353345833,4108.896687653191,-177.535052318608,-0.04320747534297531,0.0,0.0,34.756056096436744,34.756056096436744,Open was below stop; filled at open.
2014-12-09,gap_through_stop,B_ETF_trend_following,XLP,3988.858829314635,4108.896687653191,-120.03785833855636,-0.02921413397889938,0.0,0.0,27.367361581371043,27.367361581371043,Open was below stop; filled at open.
2014-12-09,gap_through_stop,A_ETF_sector_momentum,XLP,3984.4026794661368,4108.896687653191,-124.49400818705453,-0.030298646486086156,0.0,0.0,27.367361581371043,27.367361581371043,Open was below stop; filled at open.
2014-12-18,gap_through_stop,B_ETF_trend_following,IEF,3946.722578182936,4108.896687653191,-162.1741094702552,-0.039469016088326425,0.0,0.0,12.488488459384063,12.488488459384063,Open was below stop; filled at open.
2015-02-06,gap_through_stop,A_ETF_sector_momentum,TLT,3907.092670124588,4108.896687653191,-201.80401752860325,-0.04911391861834913,0.0,0.0,11.0107875086595,11.010787508659494,Open was below stop; filled at open.
2015-02-06,gap_through_stop,B_ETF_trend_following,TLT,3919.643246739941,4108.896687653191,-189.25344091325042,-0.046059430377487276,0.0,0.0,11.0107875086595,11.010787508659494,Open was below stop; filled at open.
2015-02-06,gap_through_stop,B_ETF_trend_following,IEF,3927.508061910772,4108.896687653191,-181.3886257424192,-0.04414533621336192,0.0,0.0,11.010787508659494,11.010787508659494,Open was below stop; filled at open.
2015-03-10,gap_through_stop,B_ETF_trend_following,QQQ,3934.0852538781196,4108.896687653191,-174.8114337750717,-0.04254461649044672,0.0,0.0,58.8370977887724,58.8370977887724,Open was below stop; filled at open.
2015-07-13,gap_through_stop,B_ETF_trend_following,SHY,3776.1364886639517,4108.896687653191,-332.7601989892396,-0.08098529222921313,0.0,0.0,16.128200437392138,3.5516093396074675,Open was below stop; filled at open.
2015-07-13,gap_through_stop,A_ETF_sector_momentum,SHY,3775.206350768188,4108.896687653191,-333.6903368850035,-0.08121166392129264,0.0,0.0,15.20394421378092,2.6273531159962475,Open was below stop; filled at open.
2015-08-12,gap_through_stop,B_ETF_trend_following,XLP,3730.021039582045,4108.896687653191,-378.8756480711463,-0.09220860899463068,0.0,0.0,5.848782120434429,5.848782120434429,Open was below stop; filled at open.
2015-11-13,gap_through_stop,B_ETF_trend_following,XLY,3523.222525280154,4108.896687653191,-585.6741623730372,-0.14253805994512525,0.0,0.0,60.85665122516308,60.85665122516308,Open was below stop; filled at open.
2015-11-13,gap_through_stop,A_ETF_sector_momentum,XLY,3551.5871091145773,4108.896687653191,-557.309578538614,-0.1356348482095623,0.0,0.0,44.41109217356471,44.41109217356471,Open was below stop; filled at open.
2015-11-13,gap_through_stop,A_ETF_sector_momentum,QQQ,3579.6432697502028,4108.896687653191,-529.2534179029885,-0.12880669876498485,0.0,0.0,11.48620906624198,11.48620906624198,Open was below stop; filled at open.
2015-12-03,trailing_drawdown_stop_hit,,,3508.173544919093,4108.896687653191,-600.7231427340985,-0.1462005955368041,0.0,0.0,0.0,0.0,Equity <= high water mark - 600.00.
2008-01-04,strategy_position_limit_reached,D_mean_reversion,XLK,3010.642140394527,3010.642140394527,0.0,0.0,,,56.97454407056049,56.97454407056049,Skipped signal: position_limit_exceeded
2008-01-08,strategy_position_limit_reached,D_mean_reversion,XLE,3027.7736506596184,3027.7736506596184,0.0,0.0,,,58.15126063602662,30.0,Skipped signal: position_limit_exceeded
2008-04-03,strategy_position_limit_reached,D_mean_reversion,BIL,3109.402930689895,3109.402930689895,0.0,0.0,,,35.37802949466092,5.3780294946609235,Skipped signal: position_limit_exceeded
2008-04-03,strategy_position_limit_reached,D_mean_reversion,IEF,3109.402930689895,3109.402930689895,0.0,0.0,,,35.37802949466092,5.3780294946609235,Skipped signal: position_limit_exceeded
2008-04-04,strategy_position_limit_reached,D_mean_reversion,IEF,3110.8835970160408,3110.8835970160408,0.0,0.0,,,8.384177546140343,8.384177546140343,Skipped signal: position_limit_exceeded
2008-04-09,strategy_position_limit_reached,D_mean_reversion,IEF,3106.0692400746066,3106.0692400746066,0.0,0.0,,,51.45898637512453,25.164470331271787,Skipped signal: position_limit_exceeded
2008-04-17,strategy_position_limit_reached,D_mean_reversion,SHY,3106.769745172076,3106.769745172076,0.0,0.0,,,15.530775123186082,15.530775123186082,Skipped signal: position_limit_exceeded
2008-04-17,strategy_position_limit_reached,D_mean_reversion,TLT,3106.769745172076,3106.769745172076,0.0,0.0,,,15.530775123186082,15.530775123186082,Skipped signal: position_limit_exceeded
2008-04-18,strategy_position_limit_reached,D_mean_reversion,SHY,3104.707953713596,3104.707953713596,0.0,0.0,,,15.530775123186082,15.530775123186082,Skipped signal: position_limit_exceeded
2008-04-18,strategy_position_limit_reached,D_mean_reversion,TLT,3104.707953713596,3104.707953713596,0.0,0.0,,,15.530775123186082,15.530775123186082,Skipped signal: position_limit_exceeded
2008-04-21,strategy_position_limit_reached,D_mean_reversion,IEF,3086.521167565983,3086.521167565983,0.0,0.0,,,31.677429126419856,1.6774291264198524,Skipped signal: position_limit_exceeded
2008-04-21,strategy_position_limit_reached,D_mean_reversion,SHY,3086.521167565983,3086.521167565983,0.0,0.0,,,31.677429126419856,1.6774291264198524,Skipped signal: position_limit_exceeded
2008-04-21,strategy_position_limit_reached,D_mean_reversion,TLT,3086.521167565983,3086.521167565983,0.0,0.0,,,31.677429126419856,1.6774291264198524,Skipped signal: position_limit_exceeded
2008-04-23,strategy_position_limit_reached,D_mean_reversion,XLU,3074.987247975911,3074.987247975911,0.0,0.0,,,34.17922056769295,0.0,Skipped signal: position_limit_exceeded
2008-04-24,strategy_position_limit_reached,D_mean_reversion,XLE,3036.522663503164,3036.522663503164,0.0,0.0,,,60.0,30.0,Skipped signal: position_limit_exceeded
2008-04-25,strategy_position_limit_reached,D_mean_reversion,IEF,3055.3541013978625,3055.3541013978625,0.0,0.0,,,60.0,0.0,Skipped signal: position_limit_exceeded
2008-04-25,strategy_position_limit_reached,D_mean_reversion,SHY,3055.3541013978625,3055.3541013978625,0.0,0.0,,,60.0,0.0,Skipped signal: position_limit_exceeded
2008-04-25,strategy_position_limit_reached,D_mean_reversion,TLT,3055.3541013978625,3055.3541013978625,0.0,0.0,,,60.0,0.0,Skipped signal: position_limit_exceeded
2008-04-25,strategy_position_limit_reached,D_mean_reversion,XLE,3055.3541013978625,3055.3541013978625,0.0,0.0,,,60.0,30.0,Skipped signal: position_limit_exceeded
2008-04-28,strategy_position_limit_reached,D_mean_reversion,TLT,3053.434888018913,3053.434888018913,0.0,0.0,,,84.85904769827306,9.859047698273061,Skipped signal: position_limit_exceeded
2008-04-28,strategy_position_limit_reached,D_mean_reversion,SHY,3053.434888018913,3053.434888018913,0.0,0.0,,,84.85904769827306,9.859047698273061,Skipped signal: position_limit_exceeded
2008-04-30,strategy_position_limit_reached,D_mean_reversion,GLD,3008.681919022528,3008.681919022528,0.0,0.0,,,60.0,0.0,Skipped signal: position_limit_exceeded
2008-05-01,strategy_position_limit_reached,D_mean_reversion,XLP,2981.8838569526793,2981.8838569526793,0.0,0.0,,,60.0,60.0,Skipped signal: position_limit_exceeded
2008-05-07,cluster_risk_block,B_ETF_trend_following,XLP,2926.7502687647357,2926.7502687647357,0.0,0.0,,,75.0,75.0,Skipped signal: correlation_cluster_risk_exceeded
2008-05-16,strategy_position_limit_reached,B_ETF_trend_following,XLP,3005.8576905959762,3005.8576905959762,0.0,0.0,,,90.0,90.0,Skipped signal: position_limit_exceeded
2008-05-20,strategy_position_limit_reached,B_ETF_trend_following,XLP,3026.3365788028664,3026.3365788028664,0.0,0.0,,,49.05436799755738,47.58741879791455,Skipped signal: position_limit_exceeded
2008-05-21,strategy_position_limit_reached,B_ETF_trend_following,GLD,2977.2066371405103,2977.2066371405103,0.0,0.0,,,46.466949199642826,0.0,Skipped signal: position_limit_exceeded
2008-09-09,strategy_position_limit_reached,E_breakout_vcb,TLT,2835.119735633034,2835.119735633034,0.0,0.0,,,2.052479593738318,2.052479593738318,Skipped signal: position_limit_exceeded
2008-09-10,strategy_position_limit_reached,E_breakout_vcb,TLT,2836.132946870971,2836.132946870971,0.0,0.0,,,1.3875025078653238,1.3875025078653238,Skipped signal: position_limit_exceeded
2009-05-21,strategy_position_limit_reached,E_breakout_vcb,GLD,2700.1200402808295,2700.1200402808295,0.0,0.0,,,55.92518568856586,0.0,Skipped signal: position_limit_exceeded
2009-06-12,strategy_position_limit_reached,B_ETF_trend_following,XLB,2700.130296325141,2700.130296325141,0.0,0.0,,,79.26381060870825,79.26381060870825,Skipped signal: position_limit_exceeded
2009-07-06,strategy_position_limit_reached,B_ETF_trend_following,SHY,2606.4656363694266,2606.4656363694266,0.0,0.0,,,46.34264862740762,1.264298383687373,Skipped signal: position_limit_exceeded
2009-07-07,strategy_position_limit_reached,B_ETF_trend_following,SHY,2567.9369500636967,2567.9369500636967,0.0,0.0,,,46.285226540159016,1.2068762964387656,Skipped signal: position_limit_exceeded
2009-07-15,strategy_position_limit_reached,B_ETF_trend_following,SMH,2613.530113837858,2613.530113837858,0.0,0.0,,,25.239810344823784,21.370078799606144,Skipped signal: position_limit_exceeded
2009-07-16,strategy_position_limit_reached,B_ETF_trend_following,XLK,2638.282452903531,2638.282452903531,0.0,0.0,,,47.58905380532626,44.582227963075866,Skipped signal: position_limit_exceeded
2009-07-16,strategy_position_limit_reached,B_ETF_trend_following,XLP,2638.282452903531,2638.282452903531,0.0,0.0,,,47.58905380532626,44.582227963075866,Skipped signal: position_limit_exceeded
2009-07-16,strategy_position_limit_reached,B_ETF_trend_following,SMH,2638.282452903531,2638.282452903531,0.0,0.0,,,47.58905380532626,44.582227963075866,Skipped signal: position_limit_exceeded
2009-07-16,strategy_position_limit_reached,B_ETF_trend_following,SPY,2638.282452903531,2638.282452903531,0.0,0.0,,,47.58905380532626,44.582227963075866,Skipped signal: position_limit_exceeded
2009-07-17,strategy_position_limit_reached,B_ETF_trend_following,XLP,2646.8207252332304,2646.8207252332304,0.0,0.0,,,36.86246773731412,33.85564189506372,Skipped signal: position_limit_exceeded
2009-07-17,strategy_position_limit_reached,B_ETF_trend_following,XLV,2646.8207252332304,2646.8207252332304,0.0,0.0,,,36.86246773731412,33.85564189506372,Skipped signal: position_limit_exceeded
2009-07-17,strategy_position_limit_reached,B_ETF_trend_following,SMH,2646.8207252332304,2646.8207252332304,0.0,0.0,,,36.86246773731412,33.85564189506372,Skipped signal: position_limit_exceeded
2009-07-17,strategy_position_limit_reached,B_ETF_trend_following,XLK,2646.8207252332304,2646.8207252332304,0.0,0.0,,,36.86246773731412,33.85564189506372,Skipped signal: position_limit_exceeded
2009-07-17,strategy_position_limit_reached,B_ETF_trend_following,IWM,2646.8207252332304,2646.8207252332304,0.0,0.0,,,36.86246773731412,33.85564189506372,Skipped signal: position_limit_exceeded
2009-07-20,strategy_position_limit_reached,B_ETF_trend_following,SMH,2662.537026426875,2662.537026426875,0.0,0.0,,,30.738821866212284,27.80540657079469,Skipped signal: position_limit_exceeded
2009-07-20,strategy_position_limit_reached,B_ETF_trend_following,XLK,2662.537026426875,2662.537026426875,0.0,0.0,,,30.738821866212284,27.80540657079469,Skipped signal: position_limit_exceeded
2009-07-20,strategy_position_limit_reached,B_ETF_trend_following,XLP,2662.537026426875,2662.537026426875,0.0,0.0,,,30.738821866212284,27.80540657079469,Skipped signal: position_limit_exceeded
2009-07-20,strategy_position_limit_reached,B_ETF_trend_following,SPY,2662.537026426875,2662.537026426875,0.0,0.0,,,30.738821866212284,27.80540657079469,Skipped signal: position_limit_exceeded
2009-07-20,strategy_position_limit_reached,B_ETF_trend_following,XLB,2662.537026426875,2662.537026426875,0.0,0.0,,,30.738821866212284,27.80540657079469,Skipped signal: position_limit_exceeded
2009-07-21,strategy_position_limit_reached,B_ETF_trend_following,SMH,2675.119044814356,2675.119044814356,0.0,0.0,,,19.894205239509148,16.990206650765085,Skipped signal: position_limit_exceeded
2009-07-21,strategy_position_limit_reached,B_ETF_trend_following,XLK,2675.119044814356,2675.119044814356,0.0,0.0,,,19.894205239509148,16.990206650765085,Skipped signal: position_limit_exceeded
2009-07-21,strategy_position_limit_reached,B_ETF_trend_following,XLP,2675.119044814356,2675.119044814356,0.0,0.0,,,19.894205239509148,16.990206650765085,Skipped signal: position_limit_exceeded
2009-07-21,strategy_position_limit_reached,B_ETF_trend_following,SPY,2675.119044814356,2675.119044814356,0.0,0.0,,,19.894205239509148,16.990206650765085,Skipped signal: position_limit_exceeded
2009-07-21,strategy_position_limit_reached,B_ETF_trend_following,IWM,2675.119044814356,2675.119044814356,0.0,0.0,,,19.894205239509148,16.990206650765085,Skipped signal: position_limit_exceeded
2009-07-22,strategy_position_limit_reached,B_ETF_trend_following,XLV,2688.7540645613403,2688.7540645613403,0.0,0.0,,,10.33743576465587,7.433437175911809,Skipped signal: position_limit_exceeded
2009-07-22,strategy_position_limit_reached,B_ETF_trend_following,XLK,2688.7540645613403,2688.7540645613403,0.0,0.0,,,10.33743576465587,7.433437175911809,Skipped signal: position_limit_exceeded
2009-07-22,strategy_position_limit_reached,B_ETF_trend_following,XLU,2688.7540645613403,2688.7540645613403,0.0,0.0,,,10.33743576465587,7.433437175911809,Skipped signal: position_limit_exceeded
2009-07-22,strategy_position_limit_reached,B_ETF_trend_following,SPY,2688.7540645613403,2688.7540645613403,0.0,0.0,,,10.33743576465587,7.433437175911809,Skipped signal: position_limit_exceeded
2009-07-22,strategy_position_limit_reached,B_ETF_trend_following,XLB,2688.7540645613403,2688.7540645613403,0.0,0.0,,,10.33743576465587,7.433437175911809,Skipped signal: position_limit_exceeded
2009-07-23,strategy_position_limit_reached,B_ETF_trend_following,SMH,2724.3230806669203,2724.3230806669203,0.0,0.0,,,2.903998588744061,0.0,Skipped signal: position_limit_exceeded
2009-07-23,strategy_position_limit_reached,B_ETF_trend_following,XLK,2724.3230806669203,2724.3230806669203,0.0,0.0,,,2.903998588744061,0.0,Skipped signal: position_limit_exceeded
2009-07-23,strategy_position_limit_reached,B_ETF_trend_following,XLB,2724.3230806669203,2724.3230806669203,0.0,0.0,,,2.903998588744061,0.0,Skipped signal: position_limit_exceeded
2009-07-23,strategy_position_limit_reached,B_ETF_trend_following,GLD,2724.3230806669203,2724.3230806669203,0.0,0.0,,,2.903998588744061,0.0,Skipped signal: position_limit_exceeded
2009-07-23,strategy_position_limit_reached,B_ETF_trend_following,IWM,2724.3230806669203,2724.3230806669203,0.0,0.0,,,2.903998588744061,0.0,Skipped signal: position_limit_exceeded
2009-07-24,strategy_position_limit_reached,B_ETF_trend_following,XLV,2725.1629989371236,2725.1629989371236,0.0,0.0,,,45.0,45.0,Skipped signal: position_limit_exceeded
2009-07-24,strategy_position_limit_reached,B_ETF_trend_following,XLK,2725.1629989371236,2725.1629989371236,0.0,0.0,,,45.0,45.0,Skipped signal: position_limit_exceeded
2009-07-24,strategy_position_limit_reached,B_ETF_trend_following,XLP,2725.1629989371236,2725.1629989371236,0.0,0.0,,,45.0,45.0,Skipped signal: position_limit_exceeded
2009-07-24,strategy_position_limit_reached,B_ETF_trend_following,XLU,2725.1629989371236,2725.1629989371236,0.0,0.0,,,45.0,45.0,Skipped signal: position_limit_exceeded
2009-07-27,strategy_position_limit_reached,B_ETF_trend_following,XLV,2739.3286594432952,2739.3286594432952,0.0,0.0,,,49.5332785877124,49.5332785877124,Skipped signal: position_limit_exceeded
2009-07-27,strategy_position_limit_reached,B_ETF_trend_following,XLP,2739.3286594432952,2739.3286594432952,0.0,0.0,,,49.5332785877124,49.5332785877124,Skipped signal: position_limit_exceeded
2009-07-27,strategy_position_limit_reached,B_ETF_trend_following,XLU,2739.3286594432952,2739.3286594432952,0.0,0.0,,,49.5332785877124,49.5332785877124,Skipped signal: position_limit_exceeded
2009-07-27,strategy_position_limit_reached,B_ETF_trend_following,SPY,2739.3286594432952,2739.3286594432952,0.0,0.0,,,49.5332785877124,49.5332785877124,Skipped signal: position_limit_exceeded
2009-07-27,strategy_position_limit_reached,B_ETF_trend_following,IWM,2739.3286594432952,2739.3286594432952,0.0,0.0,,,49.5332785877124,49.5332785877124,Skipped signal: position_limit_exceeded
2009-07-28,strategy_position_limit_reached,B_ETF_trend_following,SPY,2736.052141486338,2736.052141486338,0.0,0.0,,,49.5332785877124,49.5332785877124,Skipped signal: position_limit_exceeded
2009-07-28,strategy_position_limit_reached,B_ETF_trend_following,IWM,2736.052141486338,2736.052141486338,0.0,0.0,,,49.5332785877124,49.5332785877124,Skipped signal: position_limit_exceeded
2009-07-28,strategy_position_limit_reached,B_ETF_trend_following,XLB,2736.052141486338,2736.052141486338,0.0,0.0,,,49.5332785877124,49.5332785877124,Skipped signal: position_limit_exceeded
2009-07-28,strategy_position_limit_reached,B_ETF_trend_following,XLE,2736.052141486338,2736.052141486338,0.0,0.0,,,49.5332785877124,49.5332785877124,Skipped signal: position_limit_exceeded
2009-07-28,strategy_position_limit_reached,B_ETF_trend_following,XLF,2736.052141486338,2736.052141486338,0.0,0.0,,,49.5332785877124,49.5332785877124,Skipped signal: position_limit_exceeded
2009-07-29,strategy_position_limit_reached,B_ETF_trend_following,XLV,2740.1139319508275,2740.1139319508275,0.0,0.0,,,43.06378208606377,43.06378208606377,Skipped signal: position_limit_exceeded
2009-07-29,strategy_position_limit_reached,B_ETF_trend_following,IWM,2740.1139319508275,2740.1139319508275,0.0,0.0,,,43.06378208606377,43.06378208606377,Skipped signal: position_limit_exceeded
2009-07-30,strategy_position_limit_reached,B_ETF_trend_following,XLP,2749.392605855221,2749.392605855221,0.0,0.0,,,42.55354799982976,42.55354799982976,Skipped signal: position_limit_exceeded
2009-07-31,strategy_position_limit_reached,B_ETF_trend_following,XLV,2749.8399830225358,2749.8399830225358,0.0,0.0,,,42.55354799982976,42.55354799982976,Skipped signal: position_limit_exceeded
2009-07-31,strategy_position_limit_reached,B_ETF_trend_following,SPY,2749.8399830225358,2749.8399830225358,0.0,0.0,,,42.55354799982976,42.55354799982976,Skipped signal: position_limit_exceeded
2009-07-31,strategy_position_limit_reached,B_ETF_trend_following,XLF,2749.8399830225358,2749.8399830225358,0.0,0.0,,,42.55354799982976,42.55354799982976,Skipped signal: position_limit_exceeded
2009-07-31,strategy_position_limit_reached,B_ETF_trend_following,IWM,2749.8399830225358,2749.8399830225358,0.0,0.0,,,42.55354799982976,42.55354799982976,Skipped signal: position_limit_exceeded
2009-07-31,strategy_position_limit_reached,B_ETF_trend_following,XLB,2749.8399830225358,2749.8399830225358,0.0,0.0,,,42.55354799982976,42.55354799982976,Skipped signal: position_limit_exceeded
2009-08-03,strategy_position_limit_reached,B_ETF_trend_following,SPY,2788.7980573319323,2788.7980573319323,0.0,0.0,,,42.55354799982976,42.55354799982976,Skipped signal: position_limit_exceeded
2009-08-03,strategy_position_limit_reached,B_ETF_trend_following,XLF,2788.7980573319323,2788.7980573319323,0.0,0.0,,,42.55354799982976,42.55354799982976,Skipped signal: position_limit_exceeded
2009-08-03,strategy_position_limit_reached,B_ETF_trend_following,XLB,2788.7980573319323,2788.7980573319323,0.0,0.0,,,42.55354799982976,42.55354799982976,Skipped signal: position_limit_exceeded
2009-08-03,strategy_position_limit_reached,B_ETF_trend_following,XLI,2788.7980573319323,2788.7980573319323,0.0,0.0,,,42.55354799982976,42.55354799982976,Skipped signal: position_limit_exceeded
2009-08-04,strategy_position_limit_reached,B_ETF_trend_following,XLK,2788.3895923071154,2788.3895923071154,0.0,0.0,,,31.532015330685145,31.532015330685145,Skipped signal: position_limit_exceeded
2009-08-04,strategy_position_limit_reached,B_ETF_trend_following,SPY,2788.3895923071154,2788.3895923071154,0.0,0.0,,,31.532015330685145,31.532015330685145,Skipped signal: position_limit_exceeded
2009-08-04,strategy_position_limit_reached,B_ETF_trend_following,IWM,2788.3895923071154,2788.3895923071154,0.0,0.0,,,31.532015330685145,31.532015330685145,Skipped signal: position_limit_exceeded
2009-08-04,strategy_position_limit_reached,B_ETF_trend_following,XLF,2788.3895923071154,2788.3895923071154,0.0,0.0,,,31.532015330685145,31.532015330685145,Skipped signal: position_limit_exceeded
2009-08-04,strategy_position_limit_reached,B_ETF_trend_following,XLY,2788.3895923071154,2788.3895923071154,0.0,0.0,,,31.532015330685145,31.532015330685145,Skipped signal: position_limit_exceeded
2009-08-05,strategy_position_limit_reached,B_ETF_trend_following,XLV,2764.9868479156366,2764.9868479156366,0.0,0.0,,,28.878728120463673,28.878728120463673,Skipped signal: position_limit_exceeded
2009-08-05,strategy_position_limit_reached,B_ETF_trend_following,SPY,2764.9868479156366,2764.9868479156366,0.0,0.0,,,28.878728120463673,28.878728120463673,Skipped signal: position_limit_exceeded
2009-08-05,strategy_position_limit_reached,B_ETF_trend_following,IWM,2764.9868479156366,2764.9868479156366,0.0,0.0,,,28.878728120463673,28.878728120463673,Skipped signal: position_limit_exceeded
2009-08-05,strategy_position_limit_reached,B_ETF_trend_following,XLF,2764.9868479156366,2764.9868479156366,0.0,0.0,,,28.878728120463673,28.878728120463673,Skipped signal: position_limit_exceeded
2009-08-05,strategy_position_limit_reached,B_ETF_trend_following,XLY,2764.9868479156366,2764.9868479156366,0.0,0.0,,,28.878728120463673,28.878728120463673,Skipped signal: position_limit_exceeded
2009-08-06,strategy_position_limit_reached,B_ETF_trend_following,XLB,2736.1559018473235,2736.1559018473235,0.0,0.0,,,28.521556871529455,28.521556871529455,Skipped signal: position_limit_exceeded
2009-08-06,strategy_position_limit_reached,B_ETF_trend_following,GLD,2736.1559018473235,2736.1559018473235,0.0,0.0,,,28.521556871529455,0.0,Skipped signal: position_limit_exceeded
2009-08-06,strategy_position_limit_reached,B_ETF_trend_following,XLF,2736.1559018473235,2736.1559018473235,0.0,0.0,,,28.521556871529455,28.521556871529455,Skipped signal: position_limit_exceeded
2009-08-10,strategy_position_limit_reached,B_ETF_trend_following,SPY,2736.830338745334,2736.830338745334,0.0,0.0,,,28.521556871529455,28.521556871529455,Skipped signal: position_limit_exceeded
2009-08-10,strategy_position_limit_reached,B_ETF_trend_following,XLY,2736.830338745334,2736.830338745334,0.0,0.0,,,28.521556871529455,28.521556871529455,Skipped signal: position_limit_exceeded
2009-08-10,strategy_position_limit_reached,B_ETF_trend_following,XLI,2736.830338745334,2736.830338745334,0.0,0.0,,,28.521556871529455,28.521556871529455,Skipped signal: position_limit_exceeded
2009-08-10,strategy_position_limit_reached,B_ETF_trend_following,XLF,2736.830338745334,2736.830338745334,0.0,0.0,,,28.521556871529455,28.521556871529455,Skipped signal: position_limit_exceeded
2009-08-11,strategy_position_limit_reached,B_ETF_trend_following,IWM,2712.5198161140524,2712.5198161140524,0.0,0.0,,,28.266431319017325,28.266431319017325,Skipped signal: position_limit_exceeded
2009-08-14,strategy_position_limit_reached,B_ETF_trend_following,SPY,2741.4131704215665,2741.4131704215665,0.0,0.0,,,25.102948443799864,25.102948443799864,Skipped signal: position_limit_exceeded
2009-08-14,strategy_position_limit_reached,B_ETF_trend_following,IWM,2741.4131704215665,2741.4131704215665,0.0,0.0,,,25.102948443799864,25.102948443799864,Skipped signal: position_limit_exceeded
2009-08-14,strategy_position_limit_reached,B_ETF_trend_following,XLB,2741.4131704215665,2741.4131704215665,0.0,0.0,,,25.102948443799864,25.102948443799864,Skipped signal: position_limit_exceeded
2009-08-20,strategy_position_limit_reached,B_ETF_trend_following,XLV,2694.184730173575,2694.184730173575,0.0,0.0,,,28.80096793789689,25.102948443799864,Skipped signal: position_limit_exceeded
2009-08-21,strategy_position_limit_reached,B_ETF_trend_following,XLV,2710.8875735841193,2710.8875735841193,0.0,0.0,,,26.657965553950156,22.95994605985313,Skipped signal: position_limit_exceeded
2009-08-24,strategy_position_limit_reached,B_ETF_trend_following,XLV,2689.902488085526,2689.902488085526,0.0,0.0,,,58.993097359434046,55.29507786533702,Skipped signal: position_limit_exceeded
2009-08-24,strategy_position_limit_reached,B_ETF_trend_following,QQQ,2689.902488085526,2689.902488085526,0.0,0.0,,,58.993097359434046,55.29507786533702,Skipped signal: position_limit_exceeded
2009-08-24,strategy_position_limit_reached,B_ETF_trend_following,XLK,2689.902488085526,2689.902488085526,0.0,0.0,,,58.993097359434046,55.29507786533702,Skipped signal: position_limit_exceeded
2009-08-24,strategy_position_limit_reached,B_ETF_trend_following,XLU,2689.902488085526,2689.902488085526,0.0,0.0,,,58.993097359434046,55.29507786533702,Skipped signal: position_limit_exceeded
2009-08-24,strategy_position_limit_reached,B_ETF_trend_following,XLP,2689.902488085526,2689.902488085526,0.0,0.0,,,58.993097359434046,55.29507786533702,Skipped signal: position_limit_exceeded
2009-08-25,strategy_position_limit_reached,B_ETF_trend_following,XLV,2701.1059165542997,2701.1059165542997,0.0,0.0,,,58.993097359434046,55.29507786533702,Skipped signal: position_limit_exceeded
2009-08-25,strategy_position_limit_reached,B_ETF_trend_following,XLP,2701.1059165542997,2701.1059165542997,0.0,0.0,,,58.993097359434046,55.29507786533702,Skipped signal: position_limit_exceeded
2009-08-25,strategy_position_limit_reached,B_ETF_trend_following,XLU,2701.1059165542997,2701.1059165542997,0.0,0.0,,,58.993097359434046,55.29507786533702,Skipped signal: position_limit_exceeded
2009-08-25,strategy_position_limit_reached,B_ETF_trend_following,XLI,2701.1059165542997,2701.1059165542997,0.0,0.0,,,58.993097359434046,55.29507786533702,Skipped signal: position_limit_exceeded
2009-08-25,strategy_position_limit_reached,B_ETF_trend_following,XLE,2701.1059165542997,2701.1059165542997,0.0,0.0,,,58.993097359434046,55.29507786533702,Skipped signal: position_limit_exceeded
2009-08-26,strategy_position_limit_reached,B_ETF_trend_following,XLP,2710.685661967158,2710.685661967158,0.0,0.0,,,58.993097359434046,55.29507786533702,Skipped signal: position_limit_exceeded
2009-08-26,strategy_position_limit_reached,B_ETF_trend_following,SPY,2710.685661967158,2710.685661967158,0.0,0.0,,,58.993097359434046,55.29507786533702,Skipped signal: position_limit_exceeded
2009-08-26,strategy_position_limit_reached,B_ETF_trend_following,QQQ,2710.685661967158,2710.685661967158,0.0,0.0,,,58.993097359434046,55.29507786533702,Skipped signal: position_limit_exceeded
2009-08-26,strategy_position_limit_reached,B_ETF_trend_following,IWM,2710.685661967158,2710.685661967158,0.0,0.0,,,58.993097359434046,55.29507786533702,Skipped signal: position_limit_exceeded
2009-08-26,strategy_position_limit_reached,B_ETF_trend_following,XLI,2710.685661967158,2710.685661967158,0.0,0.0,,,58.993097359434046,55.29507786533702,Skipped signal: position_limit_exceeded
2009-08-27,strategy_position_limit_reached,B_ETF_trend_following,XLV,2718.057574306493,2718.057574306493,0.0,0.0,,,58.53386694035181,54.83584744625478,Skipped signal: position_limit_exceeded
2009-08-27,strategy_position_limit_reached,B_ETF_trend_following,XLP,2718.057574306493,2718.057574306493,0.0,0.0,,,58.53386694035181,54.83584744625478,Skipped signal: position_limit_exceeded
2009-08-27,strategy_position_limit_reached,B_ETF_trend_following,XLK,2718.057574306493,2718.057574306493,0.0,0.0,,,58.53386694035181,54.83584744625478,Skipped signal: position_limit_exceeded
2009-08-27,strategy_position_limit_reached,B_ETF_trend_following,SPY,2718.057574306493,2718.057574306493,0.0,0.0,,,58.53386694035181,54.83584744625478,Skipped signal: position_limit_exceeded
2009-08-27,strategy_position_limit_reached,B_ETF_trend_following,IWM,2718.057574306493,2718.057574306493,0.0,0.0,,,58.53386694035181,54.83584744625478,Skipped signal: position_limit_exceeded
2009-08-28,strategy_position_limit_reached,B_ETF_trend_following,XLK,2740.048237041066,2740.048237041066,0.0,0.0,,,57.20722306509307,53.50920357099604,Skipped signal: position_limit_exceeded
2009-08-28,strategy_position_limit_reached,B_ETF_trend_following,QQQ,2740.048237041066,2740.048237041066,0.0,0.0,,,57.20722306509307,53.50920357099604,Skipped signal: position_limit_exceeded
2009-08-28,strategy_position_limit_reached,B_ETF_trend_following,SPY,2740.048237041066,2740.048237041066,0.0,0.0,,,57.20722306509307,53.50920357099604,Skipped signal: position_limit_exceeded
2009-08-28,strategy_position_limit_reached,B_ETF_trend_following,XLY,2740.048237041066,2740.048237041066,0.0,0.0,,,57.20722306509307,53.50920357099604,Skipped signal: position_limit_exceeded
2009-08-28,strategy_position_limit_reached,B_ETF_trend_following,XLF,2740.048237041066,2740.048237041066,0.0,0.0,,,57.20722306509307,53.50920357099604,Skipped signal: position_limit_exceeded
2009-08-31,strategy_position_limit_reached,A_ETF_sector_momentum,XLV,2728.9293855343585,2728.9293855343585,0.0,0.0,,,42.488905348042124,39.12039210762165,Skipped signal: position_limit_exceeded
2009-08-31,strategy_position_limit_reached,B_ETF_trend_following,XLK,2728.9293855343585,2728.9293855343585,0.0,0.0,,,42.488905348042124,39.12039210762165,Skipped signal: position_limit_exceeded
2009-08-31,strategy_position_limit_reached,B_ETF_trend_following,QQQ,2728.9293855343585,2728.9293855343585,0.0,0.0,,,42.488905348042124,39.12039210762165,Skipped signal: position_limit_exceeded
2009-08-31,strategy_position_limit_reached,B_ETF_trend_following,XLF,2728.9293855343585,2728.9293855343585,0.0,0.0,,,42.488905348042124,39.12039210762165,Skipped signal: position_limit_exceeded
2009-08-31,strategy_position_limit_reached,B_ETF_trend_following,XLY,2728.9293855343585,2728.9293855343585,0.0,0.0,,,42.488905348042124,39.12039210762165,Skipped signal: position_limit_exceeded
2009-09-03,strategy_position_limit_reached,B_ETF_trend_following,BIL,2678.893321420641,2678.893321420641,0.0,0.0,,,7.1050613480404445,0.31980104590268643,Skipped signal: position_limit_exceeded
2009-09-03,strategy_position_limit_reached,B_ETF_trend_following,GLD,2678.893321420641,2678.893321420641,0.0,0.0,,,7.1050613480404445,0.0,Skipped signal: position_limit_exceeded
2009-09-04,strategy_position_limit_reached,B_ETF_trend_following,GLD,2702.835103138403,2702.835103138403,0.0,0.0,,,7.45901071767953,0.0,Skipped signal: position_limit_exceeded
2009-09-08,strategy_position_limit_reached,B_ETF_trend_following,GLD,2718.475442613717,2718.475442613717,0.0,0.0,,,7.331385008904457,0.0,Skipped signal: position_limit_exceeded
2009-09-09,strategy_position_limit_reached,B_ETF_trend_following,XLP,2727.2007735677244,2727.2007735677244,0.0,0.0,,,1.4965880553076134,1.094577319981462,Skipped signal: position_limit_exceeded
2009-09-09,strategy_position_limit_reached,B_ETF_trend_following,QQQ,2727.2007735677244,2727.2007735677244,0.0,0.0,,,1.4965880553076134,1.094577319981462,Skipped signal: position_limit_exceeded
2009-09-09,strategy_position_limit_reached,B_ETF_trend_following,XLI,2727.2007735677244,2727.2007735677244,0.0,0.0,,,1.4965880553076134,1.094577319981462,Skipped signal: position_limit_exceeded
2009-09-10,strategy_position_limit_reached,B_ETF_trend_following,XLK,2728.4333950272385,2728.4333950272385,0.0,0.0,,,0.016347104539633193,0.0,Skipped signal: position_limit_exceeded
2009-09-10,strategy_position_limit_reached,B_ETF_trend_following,QQQ,2728.4333950272385,2728.4333950272385,0.0,0.0,,,0.016347104539633193,0.0,Skipped signal: position_limit_exceeded
2009-09-10,strategy_position_limit_reached,B_ETF_trend_following,SPY,2728.4333950272385,2728.4333950272385,0.0,0.0,,,0.016347104539633193,0.0,Skipped signal: position_limit_exceeded
2009-09-10,strategy_position_limit_reached,B_ETF_trend_following,XLY,2728.4333950272385,2728.4333950272385,0.0,0.0,,,0.016347104539633193,0.0,Skipped signal: position_limit_exceeded
2009-09-10,strategy_position_limit_reached,B_ETF_trend_following,IWM,2728.4333950272385,2728.4333950272385,0.0,0.0,,,0.016347104539633193,0.0,Skipped signal: position_limit_exceeded
2009-09-11,strategy_position_limit_reached,B_ETF_trend_following,XLV,2711.719217778912,2711.719217778912,0.0,0.0,,,0.0006657384552390667,0.0,Skipped signal: position_limit_exceeded
2009-09-11,strategy_position_limit_reached,B_ETF_trend_following,XLP,2711.719217778912,2711.719217778912,0.0,0.0,,,0.0006657384552390667,0.0,Skipped signal: position_limit_exceeded
2009-09-11,strategy_position_limit_reached,B_ETF_trend_following,XLK,2711.719217778912,2711.719217778912,0.0,0.0,,,0.0006657384552390667,0.0,Skipped signal: position_limit_exceeded
2009-09-11,strategy_position_limit_reached,B_ETF_trend_following,QQQ,2711.719217778912,2711.719217778912,0.0,0.0,,,0.0006657384552390667,0.0,Skipped signal: position_limit_exceeded
2009-09-11,strategy_position_limit_reached,B_ETF_trend_following,XLY,2711.719217778912,2711.719217778912,0.0,0.0,,,0.0006657384552390667,0.0,Skipped signal: position_limit_exceeded
2009-09-14,strategy_position_limit_reached,B_ETF_trend_following,XLV,2708.4520918723388,2708.4520918723388,0.0,0.0,,,16.983460291876057,16.983460291876057,Skipped signal: position_limit_exceeded
2009-09-14,strategy_position_limit_reached,B_ETF_trend_following,XLP,2708.4520918723388,2708.4520918723388,0.0,0.0,,,16.983460291876057,16.983460291876057,Skipped signal: position_limit_exceeded
2009-09-14,strategy_position_limit_reached,B_ETF_trend_following,XLK,2708.4520918723388,2708.4520918723388,0.0,0.0,,,16.983460291876057,16.983460291876057,Skipped signal: position_limit_exceeded
2009-09-14,strategy_position_limit_reached,B_ETF_trend_following,QQQ,2708.4520918723388,2708.4520918723388,0.0,0.0,,,16.983460291876057,16.983460291876057,Skipped signal: position_limit_exceeded
2009-09-14,strategy_position_limit_reached,B_ETF_trend_following,IWM,2708.4520918723388,2708.4520918723388,0.0,0.0,,,16.983460291876057,16.983460291876057,Skipped signal: position_limit_exceeded
2009-09-15,strategy_position_limit_reached,B_ETF_trend_following,XLV,2717.714822874959,2717.714822874959,0.0,0.0,,,16.905270759049806,16.905270759049806,Skipped signal: position_limit_exceeded
2009-09-15,strategy_position_limit_reached,B_ETF_trend_following,QQQ,2717.714822874959,2717.714822874959,0.0,0.0,,,16.905270759049806,16.905270759049806,Skipped signal: position_limit_exceeded
2009-09-15,strategy_position_limit_reached,B_ETF_trend_following,IWM,2717.714822874959,2717.714822874959,0.0,0.0,,,16.905270759049806,16.905270759049806,Skipped signal: position_limit_exceeded
2009-09-15,strategy_position_limit_reached,B_ETF_trend_following,SPY,2717.714822874959,2717.714822874959,0.0,0.0,,,16.905270759049806,16.905270759049806,Skipped signal: position_limit_exceeded
2009-09-15,strategy_position_limit_reached,B_ETF_trend_following,XLI,2717.714822874959,2717.714822874959,0.0,0.0,,,16.905270759049806,16.905270759049806,Skipped signal: position_limit_exceeded
2009-09-16,strategy_position_limit_reached,B_ETF_trend_following,QQQ,2718.5501606367425,2718.5501606367425,0.0,0.0,,,16.890175109576152,16.890175109576152,Skipped signal: position_limit_exceeded
2009-09-16,strategy_position_limit_reached,B_ETF_trend_following,XLY,2718.5501606367425,2718.5501606367425,0.0,0.0,,,16.890175109576152,16.890175109576152,Skipped signal: position_limit_exceeded
2009-09-16,strategy_position_limit_reached,B_ETF_trend_following,XLI,2718.5501606367425,2718.5501606367425,0.0,0.0,,,16.890175109576152,16.890175109576152,Skipped signal: position_limit_exceeded
2009-09-16,strategy_position_limit_reached,B_ETF_trend_following,IWM,2718.5501606367425,2718.5501606367425,0.0,0.0,,,16.890175109576152,16.890175109576152,Skipped signal: position_limit_exceeded
2009-09-16,strategy_position_limit_reached,B_ETF_trend_following,SPY,2718.5501606367425,2718.5501606367425,0.0,0.0,,,16.890175109576152,16.890175109576152,Skipped signal: position_limit_exceeded
2009-09-17,strategy_position_limit_reached,B_ETF_trend_following,XLP,2700.5521439213953,2700.5521439213953,0.0,0.0,,,16.4746673608299,16.4746673608299,Skipped signal: position_limit_exceeded
2009-09-17,strategy_position_limit_reached,B_ETF_trend_following,XLI,2700.5521439213953,2700.5521439213953,0.0,0.0,,,16.4746673608299,16.4746673608299,Skipped signal: position_limit_exceeded
2009-09-17,strategy_position_limit_reached,B_ETF_trend_following,QQQ,2700.5521439213953,2700.5521439213953,0.0,0.0,,,16.4746673608299,16.4746673608299,Skipped signal: position_limit_exceeded
2009-09-17,strategy_position_limit_reached,B_ETF_trend_following,XLY,2700.5521439213953,2700.5521439213953,0.0,0.0,,,16.4746673608299,16.4746673608299,Skipped signal: position_limit_exceeded
2009-09-17,strategy_position_limit_reached,B_ETF_trend_following,SPY,2700.5521439213953,2700.5521439213953,0.0,0.0,,,16.4746673608299,16.4746673608299,Skipped signal: position_limit_exceeded
2009-09-18,strategy_position_limit_reached,B_ETF_trend_following,XLI,2713.8473651419104,2713.8473651419104,0.0,0.0,,,16.045934868075907,16.045934868075907,Skipped signal: position_limit_exceeded
2009-09-28,strategy_position_limit_reached,A_ETF_sector_momentum,XLP,2727.60177813422,2727.60177813422,0.0,0.0,,,43.42807776137549,43.42807776137549,Skipped signal: position_limit_exceeded
2009-10-19,strategy_position_limit_reached,A_ETF_sector_momentum,XLY,2714.571353072126,2714.571353072126,0.0,0.0,,,30.558905380373936,30.558905380373936,Skipped signal: position_limit_exceeded
2009-11-10,strategy_position_limit_reached,B_ETF_trend_following,XLP,2695.438106309305,2695.438106309305,0.0,0.0,,,26.41875580439605,0.0,Skipped signal: position_limit_exceeded
2009-11-10,strategy_position_limit_reached,B_ETF_trend_following,XLK,2695.438106309305,2695.438106309305,0.0,0.0,,,26.41875580439605,0.0,Skipped signal: position_limit_exceeded
2009-11-10,strategy_position_limit_reached,B_ETF_trend_following,QQQ,2695.438106309305,2695.438106309305,0.0,0.0,,,26.41875580439605,0.0,Skipped signal: position_limit_exceeded
2009-11-10,strategy_position_limit_reached,B_ETF_trend_following,XLI,2695.438106309305,2695.438106309305,0.0,0.0,,,26.41875580439605,0.0,Skipped signal: position_limit_exceeded
2009-11-10,strategy_position_limit_reached,B_ETF_trend_following,XLY,2695.438106309305,2695.438106309305,0.0,0.0,,,26.41875580439605,0.0,Skipped signal: position_limit_exceeded
2009-11-11,strategy_position_limit_reached,B_ETF_trend_following,QQQ,2720.3712263360544,2720.3712263360544,0.0,0.0,,,24.47507434242832,0.0,Skipped signal: position_limit_exceeded
2009-11-11,strategy_position_limit_reached,B_ETF_trend_following,XLV,2720.3712263360544,2720.3712263360544,0.0,0.0,,,24.47507434242832,0.0,Skipped signal: position_limit_exceeded
2009-11-11,strategy_position_limit_reached,B_ETF_trend_following,XLY,2720.3712263360544,2720.3712263360544,0.0,0.0,,,24.47507434242832,0.0,Skipped signal: position_limit_exceeded
2009-11-12,strategy_position_limit_reached,B_ETF_trend_following,XLP,2692.297757482889,2692.297757482889,0.0,0.0,,,12.737788600901933,0.0,Skipped signal: position_limit_exceeded
2009-11-12,strategy_position_limit_reached,B_ETF_trend_following,XLK,2692.297757482889,2692.297757482889,0.0,0.0,,,12.737788600901933,0.0,Skipped signal: position_limit_exceeded
2009-11-12,strategy_position_limit_reached,B_ETF_trend_following,XLV,2692.297757482889,2692.297757482889,0.0,0.0,,,12.737788600901933,0.0,Skipped signal: position_limit_exceeded
2009-11-12,strategy_position_limit_reached,B_ETF_trend_following,QQQ,2692.297757482889,2692.297757482889,0.0,0.0,,,12.737788600901933,0.0,Skipped signal: position_limit_exceeded
2009-11-12,strategy_position_limit_reached,B_ETF_trend_following,SPY,2692.297757482889,2692.297757482889,0.0,0.0,,,12.737788600901933,0.0,Skipped signal: position_limit_exceeded
2009-11-16,strategy_position_limit_reached,B_ETF_trend_following,XLP,2761.6475806382646,2761.6475806382646,0.0,0.0,,,11.75445157244777,0.0,Skipped signal: position_limit_exceeded
2009-11-16,strategy_position_limit_reached,B_ETF_trend_following,XLK,2761.6475806382646,2761.6475806382646,0.0,0.0,,,11.75445157244777,0.0,Skipped signal: position_limit_exceeded
2009-11-16,strategy_position_limit_reached,B_ETF_trend_following,QQQ,2761.6475806382646,2761.6475806382646,0.0,0.0,,,11.75445157244777,0.0,Skipped signal: position_limit_exceeded
2009-11-16,strategy_position_limit_reached,B_ETF_trend_following,XLY,2761.6475806382646,2761.6475806382646,0.0,0.0,,,11.75445157244777,0.0,Skipped signal: position_limit_exceeded
2009-11-17,strategy_position_limit_reached,B_ETF_trend_following,XLP,2768.62198080532,2768.62198080532,0.0,0.0,,,0.9695202809050139,0.0,Skipped signal: position_limit_exceeded
2009-11-17,strategy_position_limit_reached,B_ETF_trend_following,XLK,2768.62198080532,2768.62198080532,0.0,0.0,,,0.9695202809050139,0.0,Skipped signal: position_limit_exceeded
2009-11-17,strategy_position_limit_reached,B_ETF_trend_following,QQQ,2768.62198080532,2768.62198080532,0.0,0.0,,,0.9695202809050139,0.0,Skipped signal: position_limit_exceeded
2009-11-17,strategy_position_limit_reached,B_ETF_trend_following,XLY,2768.62198080532,2768.62198080532,0.0,0.0,,,0.9695202809050139,0.0,Skipped signal: position_limit_exceeded
2009-11-17,strategy_position_limit_reached,B_ETF_trend_following,XLI,2768.62198080532,2768.62198080532,0.0,0.0,,,0.9695202809050139,0.0,Skipped signal: position_limit_exceeded
2009-11-18,strategy_position_limit_reached,B_ETF_trend_following,XLP,2774.2648811499375,2774.2648811499375,0.0,0.0,,,0.8323010417578671,0.0,Skipped signal: position_limit_exceeded
2009-11-18,strategy_position_limit_reached,B_ETF_trend_following,XLK,2774.2648811499375,2774.2648811499375,0.0,0.0,,,0.8323010417578671,0.0,Skipped signal: position_limit_exceeded
2009-11-18,strategy_position_limit_reached,B_ETF_trend_following,QQQ,2774.2648811499375,2774.2648811499375,0.0,0.0,,,0.8323010417578671,0.0,Skipped signal: position_limit_exceeded
2009-11-18,strategy_position_limit_reached,B_ETF_trend_following,SPY,2774.2648811499375,2774.2648811499375,0.0,0.0,,,0.8323010417578671,0.0,Skipped signal: position_limit_exceeded
2009-11-18,strategy_position_limit_reached,B_ETF_trend_following,XLV,2774.2648811499375,2774.2648811499375,0.0,0.0,,,0.8323010417578671,0.0,Skipped signal: position_limit_exceeded
2009-11-19,strategy_position_limit_reached,B_ETF_trend_following,XLV,2775.4554897923977,2775.4554897923977,0.0,0.0,,,0.8096270554747478,0.0,Skipped signal: position_limit_exceeded
2009-11-23,strategy_position_limit_reached,B_ETF_trend_following,XLV,2815.620850831326,2815.620850831326,0.0,0.0,,,0.4834247080275884,0.0,Skipped signal: position_limit_exceeded
2009-11-24,strategy_position_limit_reached,B_ETF_trend_following,XLP,2824.9150978144894,2824.9150978144894,0.0,0.0,,,0.4682629295409439,0.0,Skipped signal: position_limit_exceeded
2009-11-24,strategy_position_limit_reached,B_ETF_trend_following,XLV,2824.9150978144894,2824.9150978144894,0.0,0.0,,,0.4682629295409439,0.0,Skipped signal: position_limit_exceeded
2009-11-25,strategy_position_limit_reached,B_ETF_trend_following,XLP,2863.24786396922,2863.24786396922,0.0,0.0,,,0.011189131375718631,0.0,Skipped signal: position_limit_exceeded
2009-11-25,strategy_position_limit_reached,B_ETF_trend_following,XLV,2863.24786396922,2863.24786396922,0.0,0.0,,,0.011189131375718631,0.0,Skipped signal: position_limit_exceeded
2009-11-25,strategy_position_limit_reached,B_ETF_trend_following,IEF,2863.24786396922,2863.24786396922,0.0,0.0,,,0.011189131375718631,0.011189131375718631,Skipped signal: position_limit_exceeded
2009-11-25,strategy_position_limit_reached,B_ETF_trend_following,TLT,2863.24786396922,2863.24786396922,0.0,0.0,,,0.011189131375718631,0.011189131375718631,Skipped signal: position_limit_exceeded
2009-11-27,strategy_position_limit_reached,B_ETF_trend_following,XLV,2832.17377919079,2832.17377919079,0.0,0.0,,,0.0,0.0,Skipped signal: position_limit_exceeded
2009-11-27,strategy_position_limit_reached,B_ETF_trend_following,IEF,2832.17377919079,2832.17377919079,0.0,0.0,,,0.0,0.0,Skipped signal: position_limit_exceeded
2009-11-27,strategy_position_limit_reached,B_ETF_trend_following,XLB,2832.17377919079,2832.17377919079,0.0,0.0,,,0.0,0.0,Skipped signal: position_limit_exceeded
2009-11-27,strategy_position_limit_reached,B_ETF_trend_following,SPY,2832.17377919079,2832.17377919079,0.0,0.0,,,0.0,0.0,Skipped signal: position_limit_exceeded
2009-11-27,strategy_position_limit_reached,B_ETF_trend_following,XLU,2832.17377919079,2832.17377919079,0.0,0.0,,,0.0,0.0,Skipped signal: position_limit_exceeded
2009-11-30,strategy_position_limit_reached,B_ETF_trend_following,IEF,2843.923535136666,2843.923535136666,0.0,0.0,,,0.0,0.0,Skipped signal: position_limit_exceeded
2009-11-30,strategy_position_limit_reached,B_ETF_trend_following,TLT,2843.923535136666,2843.923535136666,0.0,0.0,,,0.0,0.0,Skipped signal: position_limit_exceeded
2009-12-01,strategy_position_limit_reached,B_ETF_trend_following,IEF,2879.118877781185,2879.118877781185,0.0,0.0,,,0.0,0.0,Skipped signal: position_limit_exceeded
2009-12-01,strategy_position_limit_reached,B_ETF_trend_following,TLT,2879.118877781185,2879.118877781185,0.0,0.0,,,0.0,0.0,Skipped signal: position_limit_exceeded
2009-12-02,strategy_position_limit_reached,B_ETF_trend_following,XLV,2914.9662502062993,2914.9662502062993,0.0,0.0,,,0.0,0.0,Skipped signal: position_limit_exceeded
2009-12-02,strategy_position_limit_reached,B_ETF_trend_following,XLU,2914.9662502062993,2914.9662502062993,0.0,0.0,,,0.0,0.0,Skipped signal: position_limit_exceeded
2009-12-03,strategy_position_limit_reached,B_ETF_trend_following,XLB,2904.9853906747435,2904.9853906747435,0.0,0.0,,,0.0,0.0,Skipped signal: position_limit_exceeded
2009-12-03,strategy_position_limit_reached,B_ETF_trend_following,XLU,2904.9853906747435,2904.9853906747435,0.0,0.0,,,0.0,0.0,Skipped signal: position_limit_exceeded
2009-12-03,strategy_position_limit_reached,B_ETF_trend_following,SMH,2904.9853906747435,2904.9853906747435,0.0,0.0,,,0.0,0.0,Skipped signal: position_limit_exceeded
2009-12-04,strategy_position_limit_reached,B_ETF_trend_following,XLU,2803.9402222666736,2803.9402222666736,0.0,0.0,,,0.0,0.0,Skipped signal: position_limit_exceeded
2009-12-04,strategy_position_limit_reached,B_ETF_trend_following,SMH,2803.9402222666736,2803.9402222666736,0.0,0.0,,,0.0,0.0,Skipped signal: position_limit_exceeded
2009-12-28,strategy_position_limit_reached,A_ETF_sector_momentum,XLK,2861.1041185515624,2861.1041185515624,0.0,0.0,,,37.57433604870353,37.57433604870353,Skipped signal: position_limit_exceeded
2010-01-05,strategy_position_limit_reached,B_ETF_trend_following,QQQ,2861.903683991005,2861.903683991005,0.0,0.0,,,42.918194246459,42.918194246459,Skipped signal: position_limit_exceeded
2010-01-05,strategy_position_limit_reached,B_ETF_trend_following,SPY,2861.903683991005,2861.903683991005,0.0,0.0,,,42.918194246459,42.918194246459,Skipped signal: position_limit_exceeded
2010-01-05,strategy_position_limit_reached,B_ETF_trend_following,SMH,2861.903683991005,2861.903683991005,0.0,0.0,,,42.918194246459,42.918194246459,Skipped signal: position_limit_exceeded
2010-01-05,strategy_position_limit_reached,B_ETF_trend_following,XLE,2861.903683991005,2861.903683991005,0.0,0.0,,,42.918194246459,42.918194246459,Skipped signal: position_limit_exceeded
2010-01-06,strategy_position_limit_reached,B_ETF_trend_following,SPY,2851.640086045076,2851.640086045076,0.0,0.0,,,38.63936472291474,38.63936472291474,Skipped signal: position_limit_exceeded
2010-01-06,strategy_position_limit_reached,B_ETF_trend_following,XLE,2851.640086045076,2851.640086045076,0.0,0.0,,,38.63936472291474,38.63936472291474,Skipped signal: position_limit_exceeded
2010-01-06,strategy_position_limit_reached,B_ETF_trend_following,XLB,2851.640086045076,2851.640086045076,0.0,0.0,,,38.63936472291474,38.63936472291474,Skipped signal: position_limit_exceeded
2010-01-06,strategy_position_limit_reached,B_ETF_trend_following,XLF,2851.640086045076,2851.640086045076,0.0,0.0,,,38.63936472291474,38.63936472291474,Skipped signal: position_limit_exceeded
2010-01-07,strategy_position_limit_reached,B_ETF_trend_following,SPY,2862.7810455314193,2862.7810455314193,0.0,0.0,,,36.721209473201114,36.721209473201114,Skipped signal: position_limit_exceeded
2010-01-07,strategy_position_limit_reached,B_ETF_trend_following,XLE,2862.7810455314193,2862.7810455314193,0.0,0.0,,,36.721209473201114,36.721209473201114,Skipped signal: position_limit_exceeded
2010-01-07,strategy_position_limit_reached,B_ETF_trend_following,XLB,2862.7810455314193,2862.7810455314193,0.0,0.0,,,36.721209473201114,36.721209473201114,Skipped signal: position_limit_exceeded
2010-01-07,strategy_position_limit_reached,B_ETF_trend_following,XLF,2862.7810455314193,2862.7810455314193,0.0,0.0,,,36.721209473201114,36.721209473201114,Skipped signal: position_limit_exceeded
2010-01-08,strategy_position_limit_reached,B_ETF_trend_following,XLV,2879.1196637986513,2879.1196637986513,0.0,0.0,,,26.102992366254895,26.102992366254895,Skipped signal: position_limit_exceeded
2010-01-08,strategy_position_limit_reached,B_ETF_trend_following,SPY,2879.1196637986513,2879.1196637986513,0.0,0.0,,,26.102992366254895,26.102992366254895,Skipped signal: position_limit_exceeded
2010-01-08,strategy_position_limit_reached,B_ETF_trend_following,IWM,2879.1196637986513,2879.1196637986513,0.0,0.0,,,26.102992366254895,26.102992366254895,Skipped signal: position_limit_exceeded
2010-01-08,strategy_position_limit_reached,B_ETF_trend_following,XLF,2879.1196637986513,2879.1196637986513,0.0,0.0,,,26.102992366254895,26.102992366254895,Skipped signal: position_limit_exceeded
2010-01-11,strategy_position_limit_reached,A_ETF_sector_momentum,XLI,2878.9057764639274,2878.9057764639274,0.0,0.0,,,26.019204807503172,26.019204807503172,Skipped signal: position_limit_exceeded
2010-01-11,strategy_position_limit_reached,B_ETF_trend_following,XLV,2878.9057764639274,2878.9057764639274,0.0,0.0,,,26.019204807503172,26.019204807503172,Skipped signal: position_limit_exceeded
2010-01-11,strategy_position_limit_reached,B_ETF_trend_following,QQQ,2878.9057764639274,2878.9057764639274,0.0,0.0,,,26.019204807503172,26.019204807503172,Skipped signal: position_limit_exceeded
2010-01-11,strategy_position_limit_reached,B_ETF_trend_following,SPY,2878.9057764639274,2878.9057764639274,0.0,0.0,,,26.019204807503172,26.019204807503172,Skipped signal: position_limit_exceeded
2010-01-11,strategy_position_limit_reached,B_ETF_trend_following,SMH,2878.9057764639274,2878.9057764639274,0.0,0.0,,,26.019204807503172,26.019204807503172,Skipped signal: position_limit_exceeded
2010-01-11,strategy_position_limit_reached,B_ETF_trend_following,XLB,2878.9057764639274,2878.9057764639274,0.0,0.0,,,26.019204807503172,26.019204807503172,Skipped signal: position_limit_exceeded
2010-01-12,strategy_position_limit_reached,B_ETF_trend_following,XLV,2846.953929234181,2846.953929234181,0.0,0.0,,,25.378025190258327,25.378025190258327,Skipped signal: position_limit_exceeded
2010-01-12,strategy_position_limit_reached,B_ETF_trend_following,SPY,2846.953929234181,2846.953929234181,0.0,0.0,,,25.378025190258327,25.378025190258327,Skipped signal: position_limit_exceeded
2010-01-12,strategy_position_limit_reached,B_ETF_trend_following,GLD,2846.953929234181,2846.953929234181,0.0,0.0,,,25.378025190258327,0.0,Skipped signal: position_limit_exceeded
2010-01-14,strategy_position_limit_reached,B_ETF_trend_following,XLV,2861.30871896232,2861.30871896232,0.0,0.0,,,2.73598672654341,2.73598672654341,Skipped signal: position_limit_exceeded
2010-01-14,strategy_position_limit_reached,B_ETF_trend_following,XLP,2861.30871896232,2861.30871896232,0.0,0.0,,,2.73598672654341,2.73598672654341,Skipped signal: position_limit_exceeded
2010-01-15,strategy_position_limit_reached,B_ETF_trend_following,XLV,2842.2407661358147,2842.2407661358147,0.0,0.0,,,2.73598672654341,2.73598672654341,Skipped signal: position_limit_exceeded
2010-01-15,strategy_position_limit_reached,B_ETF_trend_following,SPY,2842.2407661358147,2842.2407661358147,0.0,0.0,,,2.73598672654341,2.73598672654341,Skipped signal: position_limit_exceeded
2010-01-15,strategy_position_limit_reached,B_ETF_trend_following,IWM,2842.2407661358147,2842.2407661358147,0.0,0.0,,,2.73598672654341,2.73598672654341,Skipped signal: position_limit_exceeded
2010-01-20,strategy_position_limit_reached,B_ETF_trend_following,XLV,2829.860768836376,2829.860768836376,0.0,0.0,,,25.261374147325075,25.261374147325075,Skipped signal: position_limit_exceeded
2010-01-20,strategy_position_limit_reached,B_ETF_trend_following,QQQ,2829.860768836376,2829.860768836376,0.0,0.0,,,25.261374147325075,25.261374147325075,Skipped signal: position_limit_exceeded
2010-01-20,strategy_position_limit_reached,B_ETF_trend_following,SPY,2829.860768836376,2829.860768836376,0.0,0.0,,,25.261374147325075,25.261374147325075,Skipped signal: position_limit_exceeded
2010-01-20,strategy_position_limit_reached,B_ETF_trend_following,IWM,2829.860768836376,2829.860768836376,0.0,0.0,,,25.261374147325075,25.261374147325075,Skipped signal: position_limit_exceeded
2010-02-01,strategy_position_limit_reached,A_ETF_sector_momentum,XLY,2791.557149118248,2791.557149118248,0.0,0.0,,,19.730053409373227,14.25910314523681,Skipped signal: position_limit_exceeded
2010-02-19,strategy_position_limit_reached,B_ETF_trend_following,GLD,2793.423458737446,2793.423458737446,0.0,0.0,,,83.45554380576286,0.0,Skipped signal: position_limit_exceeded
2010-02-22,strategy_position_limit_reached,B_ETF_trend_following,IWM,2789.847384972016,2789.847384972016,0.0,0.0,,,80.60481866987091,80.60481866987091,Skipped signal: position_limit_exceeded
2010-02-22,strategy_position_limit_reached,B_ETF_trend_following,XLI,2789.847384972016,2789.847384972016,0.0,0.0,,,80.60481866987091,80.60481866987091,Skipped signal: position_limit_exceeded
2010-02-23,strategy_position_limit_reached,B_ETF_trend_following,IWM,2769.4450958416965,2769.4450958416965,0.0,0.0,,,79.62487624666787,79.62487624666787,Skipped signal: position_limit_exceeded
2010-02-23,strategy_position_limit_reached,B_ETF_trend_following,XLI,2769.4450958416965,2769.4450958416965,0.0,0.0,,,79.62487624666787,79.62487624666787,Skipped signal: position_limit_exceeded
2010-02-23,strategy_position_limit_reached,B_ETF_trend_following,SPY,2769.4450958416965,2769.4450958416965,0.0,0.0,,,79.62487624666787,79.62487624666787,Skipped signal: position_limit_exceeded
2010-02-23,strategy_position_limit_reached,B_ETF_trend_following,XLF,2769.4450958416965,2769.4450958416965,0.0,0.0,,,79.62487624666787,79.62487624666787,Skipped signal: position_limit_exceeded
2010-03-01,strategy_position_limit_reached,B_ETF_trend_following,XLF,2830.3659873208617,2830.3659873208617,0.0,0.0,,,71.12854081438896,71.12854081438896,Skipped signal: position_limit_exceeded
2010-03-02,strategy_position_limit_reached,B_ETF_trend_following,IWM,2830.404276798543,2830.404276798543,0.0,0.0,,,45.83332117490509,45.83332117490509,Skipped signal: position_limit_exceeded
2010-03-02,strategy_position_limit_reached,B_ETF_trend_following,XLI,2830.404276798543,2830.404276798543,0.0,0.0,,,45.83332117490509,45.83332117490509,Skipped signal: position_limit_exceeded
2010-03-02,strategy_position_limit_reached,B_ETF_trend_following,SMH,2830.404276798543,2830.404276798543,0.0,0.0,,,45.83332117490509,45.83332117490509,Skipped signal: position_limit_exceeded
2010-03-02,strategy_position_limit_reached,B_ETF_trend_following,QQQ,2830.404276798543,2830.404276798543,0.0,0.0,,,45.83332117490509,45.83332117490509,Skipped signal: position_limit_exceeded
2010-03-02,strategy_position_limit_reached,B_ETF_trend_following,SPY,2830.404276798543,2830.404276798543,0.0,0.0,,,45.83332117490509,45.83332117490509,Skipped signal: position_limit_exceeded
2010-03-03,strategy_position_limit_reached,B_ETF_trend_following,IWM,2829.30440381264,2829.30440381264,0.0,0.0,,,38.78884444066941,38.78884444066941,Skipped signal: position_limit_exceeded
2010-03-03,strategy_position_limit_reached,B_ETF_trend_following,XLI,2829.30440381264,2829.30440381264,0.0,0.0,,,38.78884444066941,38.78884444066941,Skipped signal: position_limit_exceeded
2010-03-03,strategy_position_limit_reached,B_ETF_trend_following,QQQ,2829.30440381264,2829.30440381264,0.0,0.0,,,38.78884444066941,38.78884444066941,Skipped signal: position_limit_exceeded
2010-03-03,strategy_position_limit_reached,B_ETF_trend_following,SPY,2829.30440381264,2829.30440381264,0.0,0.0,,,38.78884444066941,38.78884444066941,Skipped signal: position_limit_exceeded
2010-03-03,strategy_position_limit_reached,B_ETF_trend_following,XLF,2829.30440381264,2829.30440381264,0.0,0.0,,,38.78884444066941,38.78884444066941,Skipped signal: position_limit_exceeded
2010-03-04,strategy_position_limit_reached,B_ETF_trend_following,IWM,2837.929135845979,2837.929135845979,0.0,0.0,,,35.239644984171434,35.239644984171434,Skipped signal: position_limit_exceeded
2010-03-04,strategy_position_limit_reached,B_ETF_trend_following,XLI,2837.929135845979,2837.929135845979,0.0,0.0,,,35.239644984171434,35.239644984171434,Skipped signal: position_limit_exceeded
2010-03-04,strategy_position_limit_reached,B_ETF_trend_following,QQQ,2837.929135845979,2837.929135845979,0.0,0.0,,,35.239644984171434,35.239644984171434,Skipped signal: position_limit_exceeded
2010-03-04,strategy_position_limit_reached,B_ETF_trend_following,SPY,2837.929135845979,2837.929135845979,0.0,0.0,,,35.239644984171434,35.239644984171434,Skipped signal: position_limit_exceeded
2010-03-04,strategy_position_limit_reached,B_ETF_trend_following,XLE,2837.929135845979,2837.929135845979,0.0,0.0,,,35.239644984171434,35.239644984171434,Skipped signal: position_limit_exceeded
2010-03-05,strategy_position_limit_reached,B_ETF_trend_following,IWM,2878.5208884904923,2878.5208884904923,0.0,0.0,,,24.794866400413625,24.794866400413625,Skipped signal: position_limit_exceeded
2010-03-05,strategy_position_limit_reached,B_ETF_trend_following,XLI,2878.5208884904923,2878.5208884904923,0.0,0.0,,,24.794866400413625,24.794866400413625,Skipped signal: position_limit_exceeded
2010-03-05,strategy_position_limit_reached,B_ETF_trend_following,QQQ,2878.5208884904923,2878.5208884904923,0.0,0.0,,,24.794866400413625,24.794866400413625,Skipped signal: position_limit_exceeded
2010-03-05,strategy_position_limit_reached,B_ETF_trend_following,SPY,2878.5208884904923,2878.5208884904923,0.0,0.0,,,24.794866400413625,24.794866400413625,Skipped signal: position_limit_exceeded
2010-03-05,strategy_position_limit_reached,B_ETF_trend_following,XLF,2878.5208884904923,2878.5208884904923,0.0,0.0,,,24.794866400413625,24.794866400413625,Skipped signal: position_limit_exceeded
2010-03-08,strategy_position_limit_reached,B_ETF_trend_following,IWM,2881.168839061822,2881.168839061822,0.0,0.0,,,34.030430139152244,34.030430139152244,Skipped signal: position_limit_exceeded
2010-03-08,strategy_position_limit_reached,B_ETF_trend_following,XLI,2881.168839061822,2881.168839061822,0.0,0.0,,,34.030430139152244,34.030430139152244,Skipped signal: position_limit_exceeded
2010-03-08,strategy_position_limit_reached,B_ETF_trend_following,QQQ,2881.168839061822,2881.168839061822,0.0,0.0,,,34.030430139152244,34.030430139152244,Skipped signal: position_limit_exceeded
2010-03-08,strategy_position_limit_reached,B_ETF_trend_following,XLV,2881.168839061822,2881.168839061822,0.0,0.0,,,34.030430139152244,34.030430139152244,Skipped signal: position_limit_exceeded
2010-03-08,strategy_position_limit_reached,B_ETF_trend_following,SPY,2881.168839061822,2881.168839061822,0.0,0.0,,,34.030430139152244,34.030430139152244,Skipped signal: position_limit_exceeded
2010-03-09,strategy_position_limit_reached,B_ETF_trend_following,IWM,2876.7126427348867,2876.7126427348867,0.0,0.0,,,33.59773478395211,33.59773478395211,Skipped signal: position_limit_exceeded
2010-03-09,strategy_position_limit_reached,B_ETF_trend_following,QQQ,2876.7126427348867,2876.7126427348867,0.0,0.0,,,33.59773478395211,33.59773478395211,Skipped signal: position_limit_exceeded
2010-03-09,strategy_position_limit_reached,B_ETF_trend_following,XLF,2876.7126427348867,2876.7126427348867,0.0,0.0,,,33.59773478395211,33.59773478395211,Skipped signal: position_limit_exceeded
2010-03-09,strategy_position_limit_reached,B_ETF_trend_following,SPY,2876.7126427348867,2876.7126427348867,0.0,0.0,,,33.59773478395211,33.59773478395211,Skipped signal: position_limit_exceeded
2010-03-09,strategy_position_limit_reached,B_ETF_trend_following,XLK,2876.7126427348867,2876.7126427348867,0.0,0.0,,,33.59773478395211,33.59773478395211,Skipped signal: position_limit_exceeded
2010-03-10,strategy_position_limit_reached,B_ETF_trend_following,IWM,2880.997301541358,2880.997301541358,0.0,0.0,,,33.39412280490969,33.39412280490969,Skipped signal: position_limit_exceeded
2010-03-10,strategy_position_limit_reached,B_ETF_trend_following,QQQ,2880.997301541358,2880.997301541358,0.0,0.0,,,33.39412280490969,33.39412280490969,Skipped signal: position_limit_exceeded
2010-03-10,strategy_position_limit_reached,B_ETF_trend_following,XLI,2880.997301541358,2880.997301541358,0.0,0.0,,,33.39412280490969,33.39412280490969,Skipped signal: position_limit_exceeded
2010-03-10,strategy_position_limit_reached,B_ETF_trend_following,XLF,2880.997301541358,2880.997301541358,0.0,0.0,,,33.39412280490969,33.39412280490969,Skipped signal: position_limit_exceeded
2010-03-10,strategy_position_limit_reached,B_ETF_trend_following,SPY,2880.997301541358,2880.997301541358,0.0,0.0,,,33.39412280490969,33.39412280490969,Skipped signal: position_limit_exceeded
2010-03-11,strategy_position_limit_reached,B_ETF_trend_following,IWM,2898.7689345451718,2898.7689345451718,0.0,0.0,,,32.630590564238396,32.630590564238396,Skipped signal: position_limit_exceeded
2010-03-11,strategy_position_limit_reached,B_ETF_trend_following,QQQ,2898.7689345451718,2898.7689345451718,0.0,0.0,,,32.630590564238396,32.630590564238396,Skipped signal: position_limit_exceeded
2010-03-11,strategy_position_limit_reached,B_ETF_trend_following,XLF,2898.7689345451718,2898.7689345451718,0.0,0.0,,,32.630590564238396,32.630590564238396,Skipped signal: position_limit_exceeded
2010-03-11,strategy_position_limit_reached,B_ETF_trend_following,XLI,2898.7689345451718,2898.7689345451718,0.0,0.0,,,32.630590564238396,32.630590564238396,Skipped signal: position_limit_exceeded
2010-03-11,strategy_position_limit_reached,B_ETF_trend_following,SPY,2898.7689345451718,2898.7689345451718,0.0,0.0,,,32.630590564238396,32.630590564238396,Skipped signal: position_limit_exceeded
2010-03-12,strategy_position_limit_reached,B_ETF_trend_following,IWM,2905.7308503210634,2905.7308503210634,0.0,0.0,,,24.54101407081313,24.54101407081313,Skipped signal: position_limit_exceeded
2010-03-12,strategy_position_limit_reached,B_ETF_trend_following,QQQ,2905.7308503210634,2905.7308503210634,0.0,0.0,,,24.54101407081313,24.54101407081313,Skipped signal: position_limit_exceeded
2010-03-12,strategy_position_limit_reached,B_ETF_trend_following,XLI,2905.7308503210634,2905.7308503210634,0.0,0.0,,,24.54101407081313,24.54101407081313,Skipped signal: position_limit_exceeded
2010-03-12,strategy_position_limit_reached,B_ETF_trend_following,XLF,2905.7308503210634,2905.7308503210634,0.0,0.0,,,24.54101407081313,24.54101407081313,Skipped signal: position_limit_exceeded
2010-03-12,strategy_position_limit_reached,B_ETF_trend_following,SPY,2905.7308503210634,2905.7308503210634,0.0,0.0,,,24.54101407081313,24.54101407081313,Skipped signal: position_limit_exceeded
2010-03-15,strategy_position_limit_reached,B_ETF_trend_following,XLI,2907.0941933930253,2907.0941933930253,0.0,0.0,,,18.86086127678845,18.86086127678845,Skipped signal: position_limit_exceeded
2010-03-15,strategy_position_limit_reached,B_ETF_trend_following,QQQ,2907.0941933930253,2907.0941933930253,0.0,0.0,,,18.86086127678845,18.86086127678845,Skipped signal: position_limit_exceeded
2010-03-15,strategy_position_limit_reached,B_ETF_trend_following,SPY,2907.0941933930253,2907.0941933930253,0.0,0.0,,,18.86086127678845,18.86086127678845,Skipped signal: position_limit_exceeded
2010-03-15,strategy_position_limit_reached,B_ETF_trend_following,XLB,2907.0941933930253,2907.0941933930253,0.0,0.0,,,18.86086127678845,18.86086127678845,Skipped signal: position_limit_exceeded
2010-03-16,strategy_position_limit_reached,B_ETF_trend_following,SPY,2927.2221039845745,2927.2221039845745,0.0,0.0,,,18.049641641790732,18.049641641790732,Skipped signal: position_limit_exceeded
2010-03-17,strategy_position_limit_reached,B_ETF_trend_following,IWM,2941.320514685668,2941.320514685668,0.0,0.0,,,9.937343200566866,9.937343200566866,Skipped signal: position_limit_exceeded
2010-03-17,strategy_position_limit_reached,B_ETF_trend_following,XLI,2941.320514685668,2941.320514685668,0.0,0.0,,,9.937343200566866,9.937343200566866,Skipped signal: position_limit_exceeded
2010-03-17,strategy_position_limit_reached,B_ETF_trend_following,QQQ,2941.320514685668,2941.320514685668,0.0,0.0,,,9.937343200566866,9.937343200566866,Skipped signal: position_limit_exceeded
2010-03-17,strategy_position_limit_reached,B_ETF_trend_following,XLF,2941.320514685668,2941.320514685668,0.0,0.0,,,9.937343200566866,9.937343200566866,Skipped signal: position_limit_exceeded
2010-03-17,strategy_position_limit_reached,B_ETF_trend_following,SPY,2941.320514685668,2941.320514685668,0.0,0.0,,,9.937343200566866,9.937343200566866,Skipped signal: position_limit_exceeded
2010-03-18,strategy_position_limit_reached,B_ETF_trend_following,IWM,2941.2025341183353,2941.2025341183353,0.0,0.0,,,3.9761319189831745,3.9761319189831745,Skipped signal: position_limit_exceeded
2010-03-18,strategy_position_limit_reached,B_ETF_trend_following,XLI,2941.2025341183353,2941.2025341183353,0.0,0.0,,,3.9761319189831745,3.9761319189831745,Skipped signal: position_limit_exceeded
2010-03-18,strategy_position_limit_reached,B_ETF_trend_following,XLF,2941.2025341183353,2941.2025341183353,0.0,0.0,,,3.9761319189831745,3.9761319189831745,Skipped signal: position_limit_exceeded
2010-03-18,strategy_position_limit_reached,B_ETF_trend_following,QQQ,2941.2025341183353,2941.2025341183353,0.0,0.0,,,3.9761319189831745,3.9761319189831745,Skipped signal: position_limit_exceeded
2010-03-18,strategy_position_limit_reached,B_ETF_trend_following,SPY,2941.2025341183353,2941.2025341183353,0.0,0.0,,,3.9761319189831745,3.9761319189831745,Skipped signal: position_limit_exceeded
2010-03-19,strategy_position_limit_reached,B_ETF_trend_following,XLI,2932.373925712793,2932.373925712793,0.0,0.0,,,3.12455894129074,3.12455894129074,Skipped signal: position_limit_exceeded
2010-03-19,strategy_position_limit_reached,B_ETF_trend_following,QQQ,2932.373925712793,2932.373925712793,0.0,0.0,,,3.12455894129074,3.12455894129074,Skipped signal: position_limit_exceeded
2010-03-19,strategy_position_limit_reached,B_ETF_trend_following,XLK,2932.373925712793,2932.373925712793,0.0,0.0,,,3.12455894129074,3.12455894129074,Skipped signal: position_limit_exceeded
2010-03-19,strategy_position_limit_reached,B_ETF_trend_following,XLV,2932.373925712793,2932.373925712793,0.0,0.0,,,3.12455894129074,3.12455894129074,Skipped signal: position_limit_exceeded
2010-03-23,strategy_position_limit_reached,B_ETF_trend_following,QQQ,2974.0355083278682,2974.0355083278682,0.0,0.0,,,0.0,0.0,Skipped signal: position_limit_exceeded
2010-03-23,strategy_position_limit_reached,B_ETF_trend_following,XLV,2974.0355083278682,2974.0355083278682,0.0,0.0,,,0.0,0.0,Skipped signal: position_limit_exceeded
2010-03-23,strategy_position_limit_reached,B_ETF_trend_following,XLK,2974.0355083278682,2974.0355083278682,0.0,0.0,,,0.0,0.0,Skipped signal: position_limit_exceeded
2010-03-24,strategy_position_limit_reached,B_ETF_trend_following,XLI,2960.4584330317984,2960.4584330317984,0.0,0.0,,,0.0,0.0,Skipped signal: position_limit_exceeded
2010-03-24,strategy_position_limit_reached,B_ETF_trend_following,XLF,2960.4584330317984,2960.4584330317984,0.0,0.0,,,0.0,0.0,Skipped signal: position_limit_exceeded
2010-03-24,strategy_position_limit_reached,B_ETF_trend_following,QQQ,2960.4584330317984,2960.4584330317984,0.0,0.0,,,0.0,0.0,Skipped signal: position_limit_exceeded
2010-03-24,strategy_position_limit_reached,B_ETF_trend_following,IWM,2960.4584330317984,2960.4584330317984,0.0,0.0,,,0.0,0.0,Skipped signal: position_limit_exceeded
2010-03-24,strategy_position_limit_reached,B_ETF_trend_following,SPY,2960.4584330317984,2960.4584330317984,0.0,0.0,,,0.0,0.0,Skipped signal: position_limit_exceeded
2010-03-25,strategy_position_limit_reached,B_ETF_trend_following,XLF,2973.5074620112864,2973.5074620112864,0.0,0.0,,,0.0,0.0,Skipped signal: position_limit_exceeded
2010-03-26,strategy_position_limit_reached,B_ETF_trend_following,XLF,2983.403583418605,2983.403583418605,0.0,0.0,,,0.0,0.0,Skipped signal: position_limit_exceeded
2010-03-29,strategy_position_limit_reached,B_ETF_trend_following,XLF,2989.709943568613,2989.709943568613,0.0,0.0,,,0.0,0.0,Skipped signal: position_limit_exceeded
2010-03-30,strategy_position_limit_reached,B_ETF_trend_following,XLI,2988.5441963861313,2988.5441963861313,0.0,0.0,,,0.0,0.0,Skipped signal: position_limit_exceeded
2010-03-30,strategy_position_limit_reached,B_ETF_trend_following,XLF,2988.5441963861313,2988.5441963861313,0.0,0.0,,,0.0,0.0,Skipped signal: position_limit_exceeded
2010-03-31,strategy_position_limit_reached,B_ETF_trend_following,XLI,2967.757297559854,2967.757297559854,0.0,0.0,,,0.0,0.0,Skipped signal: position_limit_exceeded
2010-03-31,strategy_position_limit_reached,B_ETF_trend_following,QQQ,2967.757297559854,2967.757297559854,0.0,0.0,,,0.0,0.0,Skipped signal: position_limit_exceeded
2010-04-05,strategy_position_limit_reached,B_ETF_trend_following,XLI,3017.4143871062433,3017.4143871062433,0.0,0.0,,,0.0,0.0,Skipped signal: position_limit_exceeded
2010-04-05,strategy_position_limit_reached,B_ETF_trend_following,XLF,3017.4143871062433,3017.4143871062433,0.0,0.0,,,0.0,0.0,Skipped signal: position_limit_exceeded
2010-04-05,strategy_position_limit_reached,B_ETF_trend_following,SPY,3017.4143871062433,3017.4143871062433,0.0,0.0,,,0.0,0.0,Skipped signal: position_limit_exceeded
2010-04-05,strategy_position_limit_reached,B_ETF_trend_following,XLB,3017.4143871062433,3017.4143871062433,0.0,0.0,,,0.0,0.0,Skipped signal: position_limit_exceeded
2010-04-06,strategy_position_limit_reached,B_ETF_trend_following,XLI,3019.223814935255,3019.223814935255,0.0,0.0,,,0.0,0.0,Skipped signal: position_limit_exceeded
2010-04-06,strategy_position_limit_reached,B_ETF_trend_following,XLF,3019.223814935255,3019.223814935255,0.0,0.0,,,0.0,0.0,Skipped signal: position_limit_exceeded
2010-04-06,strategy_position_limit_reached,B_ETF_trend_following,SPY,3019.223814935255,3019.223814935255,0.0,0.0,,,0.0,0.0,Skipped signal: position_limit_exceeded
2010-04-06,strategy_position_limit_reached,B_ETF_trend_following,IWM,3019.223814935255,3019.223814935255,0.0,0.0,,,0.0,0.0,Skipped signal: position_limit_exceeded
2010-04-06,strategy_position_limit_reached,B_ETF_trend_following,QQQ,3019.223814935255,3019.223814935255,0.0,0.0,,,0.0,0.0,Skipped signal: position_limit_exceeded
2010-04-07,strategy_position_limit_reached,B_ETF_trend_following,XLI,3006.785751975528,3006.785751975528,0.0,0.0,,,0.0,0.0,Skipped signal: position_limit_exceeded
2010-04-07,strategy_position_limit_reached,B_ETF_trend_following,XLF,3006.785751975528,3006.785751975528,0.0,0.0,,,0.0,0.0,Skipped signal: position_limit_exceeded
2010-04-07,strategy_position_limit_reached,B_ETF_trend_following,SPY,3006.785751975528,3006.785751975528,0.0,0.0,,,0.0,0.0,Skipped signal: position_limit_exceeded
2010-04-07,strategy_position_limit_reached,B_ETF_trend_following,IWM,3006.785751975528,3006.785751975528,0.0,0.0,,,0.0,0.0,Skipped signal: position_limit_exceeded
2010-04-07,strategy_position_limit_reached,B_ETF_trend_following,QQQ,3006.785751975528,3006.785751975528,0.0,0.0,,,0.0,0.0,Skipped signal: position_limit_exceeded
2010-04-08,strategy_position_limit_reached,B_ETF_trend_following,GLD,3031.1615330659015,3031.1615330659015,0.0,0.0,,,0.0,0.0,Skipped signal: position_limit_exceeded
2010-04-09,strategy_position_limit_reached,B_ETF_trend_following,XLF,3052.473676934861,3052.473676934861,0.0,0.0,,,0.0,0.0,Skipped signal: position_limit_exceeded
2010-04-09,strategy_position_limit_reached,B_ETF_trend_following,GLD,3052.473676934861,3052.473676934861,0.0,0.0,,,0.0,0.0,Skipped signal: position_limit_exceeded
2010-04-12,strategy_position_limit_reached,B_ETF_trend_following,XLI,3054.3138752965942,3054.3138752965942,0.0,0.0,,,0.0,0.0,Skipped signal: position_limit_exceeded
2010-04-12,strategy_position_limit_reached,B_ETF_trend_following,QQQ,3054.3138752965942,3054.3138752965942,0.0,0.0,,,0.0,0.0,Skipped signal: position_limit_exceeded
2010-04-12,strategy_position_limit_reached,B_ETF_trend_following,XLF,3054.3138752965942,3054.3138752965942,0.0,0.0,,,0.0,0.0,Skipped signal: position_limit_exceeded
2010-04-12,strategy_position_limit_reached,B_ETF_trend_following,IWM,3054.3138752965942,3054.3138752965942,0.0,0.0,,,0.0,0.0,Skipped signal: position_limit_exceeded
2010-04-12,strategy_position_limit_reached,B_ETF_trend_following,SPY,3054.3138752965942,3054.3138752965942,0.0,0.0,,,0.0,0.0,Skipped signal: position_limit_exceeded
2010-04-13,strategy_position_limit_reached,B_ETF_trend_following,XLI,3065.6099061044943,3065.6099061044943,0.0,0.0,,,0.0,0.0,Skipped signal: position_limit_exceeded
2010-04-13,strategy_position_limit_reached,B_ETF_trend_following,XLF,3065.6099061044943,3065.6099061044943,0.0,0.0,,,0.0,0.0,Skipped signal: position_limit_exceeded
2010-04-13,strategy_position_limit_reached,B_ETF_trend_following,QQQ,3065.6099061044943,3065.6099061044943,0.0,0.0,,,0.0,0.0,Skipped signal: position_limit_exceeded
2010-04-13,strategy_position_limit_reached,B_ETF_trend_following,IWM,3065.6099061044943,3065.6099061044943,0.0,0.0,,,0.0,0.0,Skipped signal: position_limit_exceeded
2010-04-13,strategy_position_limit_reached,B_ETF_trend_following,SPY,3065.6099061044943,3065.6099061044943,0.0,0.0,,,0.0,0.0,Skipped signal: position_limit_exceeded
2010-04-14,strategy_position_limit_reached,B_ETF_trend_following,XLF,3105.1069573638424,3105.1069573638424,0.0,0.0,,,0.0,0.0,Skipped signal: position_limit_exceeded
2010-04-14,strategy_position_limit_reached,B_ETF_trend_following,XLI,3105.1069573638424,3105.1069573638424,0.0,0.0,,,0.0,0.0,Skipped signal: position_limit_exceeded
2010-04-14,strategy_position_limit_reached,B_ETF_trend_following,QQQ,3105.1069573638424,3105.1069573638424,0.0,0.0,,,0.0,0.0,Skipped signal: position_limit_exceeded
2010-04-14,strategy_position_limit_reached,B_ETF_trend_following,IWM,3105.1069573638424,3105.1069573638424,0.0,0.0,,,0.0,0.0,Skipped signal: position_limit_exceeded
2010-04-14,strategy_position_limit_reached,B_ETF_trend_following,SPY,3105.1069573638424,3105.1069573638424,0.0,0.0,,,0.0,0.0,Skipped signal: position_limit_exceeded
2010-04-15,strategy_position_limit_reached,B_ETF_trend_following,XLI,3115.0319930487026,3115.0319930487026,0.0,0.0,,,0.0,0.0,Skipped signal: position_limit_exceeded
2010-04-15,strategy_position_limit_reached,B_ETF_trend_following,QQQ,3115.0319930487026,3115.0319930487026,0.0,0.0,,,0.0,0.0,Skipped signal: position_limit_exceeded
2010-04-15,strategy_position_limit_reached,B_ETF_trend_following,XLF,3115.0319930487026,3115.0319930487026,0.0,0.0,,,0.0,0.0,Skipped signal: position_limit_exceeded
2010-04-15,strategy_position_limit_reached,B_ETF_trend_following,IWM,3115.0319930487026,3115.0319930487026,0.0,0.0,,,0.0,0.0,Skipped signal: position_limit_exceeded
2010-04-15,strategy_position_limit_reached,B_ETF_trend_following,SPY,3115.0319930487026,3115.0319930487026,0.0,0.0,,,0.0,0.0,Skipped signal: position_limit_exceeded
2010-04-16,strategy_position_limit_reached,B_ETF_trend_following,XLI,3079.0067045259875,3079.0067045259875,0.0,0.0,,,0.0,0.0,Skipped signal: position_limit_exceeded
2010-04-16,strategy_position_limit_reached,B_ETF_trend_following,QQQ,3079.0067045259875,3079.0067045259875,0.0,0.0,,,0.0,0.0,Skipped signal: position_limit_exceeded
2010-04-16,strategy_position_limit_reached,B_ETF_trend_following,IWM,3079.0067045259875,3079.0067045259875,0.0,0.0,,,0.0,0.0,Skipped signal: position_limit_exceeded
2010-04-16,strategy_position_limit_reached,B_ETF_trend_following,SPY,3079.0067045259875,3079.0067045259875,0.0,0.0,,,0.0,0.0,Skipped signal: position_limit_exceeded
2010-04-16,strategy_position_limit_reached,B_ETF_trend_following,XLK,3079.0067045259875,3079.0067045259875,0.0,0.0,,,0.0,0.0,Skipped signal: position_limit_exceeded
2010-04-19,strategy_position_limit_reached,B_ETF_trend_following,SHY,3085.6357107266585,3085.6357107266585,0.0,0.0,,,0.0,0.0,Skipped signal: position_limit_exceeded
2010-04-21,strategy_position_limit_reached,B_ETF_trend_following,XLE,3129.5995626032673,3129.5995626032673,0.0,0.0,,,0.0,0.0,Skipped signal: position_limit_exceeded
2010-04-22,strategy_position_limit_reached,B_ETF_trend_following,IWM,3175.5768726325314,3175.5768726325314,0.0,0.0,,,0.0,0.0,Skipped signal: position_limit_exceeded
2010-04-23,strategy_position_limit_reached,B_ETF_trend_following,XLI,3176.3350730877214,3176.3350730877214,0.0,0.0,,,0.0,0.0,Skipped signal: position_limit_exceeded
2010-04-23,strategy_position_limit_reached,B_ETF_trend_following,QQQ,3176.3350730877214,3176.3350730877214,0.0,0.0,,,0.0,0.0,Skipped signal: position_limit_exceeded
2010-04-23,strategy_position_limit_reached,B_ETF_trend_following,IWM,3176.3350730877214,3176.3350730877214,0.0,0.0,,,0.0,0.0,Skipped signal: position_limit_exceeded
2010-04-23,strategy_position_limit_reached,B_ETF_trend_following,XLE,3176.3350730877214,3176.3350730877214,0.0,0.0,,,0.0,0.0,Skipped signal: position_limit_exceeded
2010-04-26,strategy_position_limit_reached,B_ETF_trend_following,QQQ,3195.542282763068,3195.542282763068,0.0,0.0,,,0.0,0.0,Skipped signal: position_limit_exceeded
2010-04-26,strategy_position_limit_reached,B_ETF_trend_following,XLI,3195.542282763068,3195.542282763068,0.0,0.0,,,0.0,0.0,Skipped signal: position_limit_exceeded
2010-04-26,strategy_position_limit_reached,B_ETF_trend_following,IWM,3195.542282763068,3195.542282763068,0.0,0.0,,,0.0,0.0,Skipped signal: position_limit_exceeded
2010-04-26,strategy_position_limit_reached,B_ETF_trend_following,SPY,3195.542282763068,3195.542282763068,0.0,0.0,,,0.0,0.0,Skipped signal: position_limit_exceeded
2010-04-26,strategy_position_limit_reached,B_ETF_trend_following,XLK,3195.542282763068,3195.542282763068,0.0,0.0,,,0.0,0.0,Skipped signal: position_limit_exceeded
2010-04-27,strategy_position_limit_reached,B_ETF_trend_following,XLI,3109.6239846801554,3109.6239846801554,0.0,0.0,,,0.0,0.0,Skipped signal: position_limit_exceeded
2010-04-27,strategy_position_limit_reached,B_ETF_trend_following,XLB,3109.6239846801554,3109.6239846801554,0.0,0.0,,,0.0,0.0,Skipped signal: position_limit_exceeded
2010-04-28,strategy_position_limit_reached,B_ETF_trend_following,SHY,3109.1117306335163,3109.1117306335163,0.0,0.0,,,40.255778072277366,11.443691189282063,Skipped signal: position_limit_exceeded
2010-04-30,strategy_position_limit_reached,B_ETF_trend_following,XLI,3130.2171569968395,3130.2171569968395,0.0,0.0,,,40.255778072277366,0.0,Skipped signal: position_limit_exceeded
2010-05-03,strategy_position_limit_reached,B_ETF_trend_following,SHY,3142.65673814579,3142.65673814579,0.0,0.0,,,47.59531490862028,8.332109050149237,Skipped signal: position_limit_exceeded
2010-05-04,strategy_position_limit_reached,B_ETF_trend_following,XLU,3121.7301473028438,3121.7301473028438,0.0,0.0,,,36.59870096755988,11.568531257170987,Skipped signal: position_limit_exceeded
2010-05-06,strategy_position_limit_reached,B_ETF_trend_following,SHY,3176.3116062097065,3176.3116062097065,0.0,0.0,,,17.736503478065146,0.0,Skipped signal: position_limit_exceeded
2010-05-07,strategy_position_limit_reached,B_ETF_trend_following,SHY,3170.452932378905,3170.452932378905,0.0,0.0,,,0.0,0.0,Skipped signal: position_limit_exceeded
2010-05-17,strategy_position_limit_reached,B_ETF_trend_following,SHY,3189.173935602639,3189.173935602639,0.0,0.0,,,2.3052760136508272,0.0,Skipped signal: position_limit_exceeded
2010-05-19,strategy_position_limit_reached,B_ETF_trend_following,SHY,3155.652347610344,3155.652347610344,0.0,0.0,,,2.3052760136508272,0.0,Skipped signal: position_limit_exceeded
2010-06-17,strategy_position_limit_reached,B_ETF_trend_following,XLU,3189.2600066896302,3189.2600066896302,0.0,0.0,,,45.0,45.0,Skipped signal: position_limit_exceeded
2010-06-18,strategy_position_limit_reached,B_ETF_trend_following,GLD,3184.5212402661,3184.5212402661,0.0,0.0,,,45.0,0.0,Skipped signal: position_limit_exceeded
2010-06-18,strategy_position_limit_reached,B_ETF_trend_following,XLU,3184.5212402661,3184.5212402661,0.0,0.0,,,45.0,45.0,Skipped signal: position_limit_exceeded
2010-06-21,strategy_position_limit_reached,B_ETF_trend_following,GLD,3150.0823223041107,3150.0823223041107,0.0,0.0,,,77.32052178778144,32.320521787781445,Skipped signal: position_limit_exceeded
2010-06-21,strategy_position_limit_reached,B_ETF_trend_following,SHY,3150.0823223041107,3150.0823223041107,0.0,0.0,,,77.32052178778144,0.0,Skipped signal: position_limit_exceeded
2010-06-21,strategy_position_limit_reached,B_ETF_trend_following,XLU,3150.0823223041107,3150.0823223041107,0.0,0.0,,,77.32052178778144,45.0,Skipped signal: position_limit_exceeded
2010-07-27,strategy_position_limit_reached,B_ETF_trend_following,SMH,3175.960916682653,3175.960916682653,0.0,0.0,,,0.0,0.0,Skipped signal: position_limit_exceeded
2010-07-27,strategy_position_limit_reached,B_ETF_trend_following,XLI,3175.960916682653,3175.960916682653,0.0,0.0,,,0.0,0.0,Skipped signal: position_limit_exceeded
2010-07-27,strategy_position_limit_reached,B_ETF_trend_following,IWM,3175.960916682653,3175.960916682653,0.0,0.0,,,0.0,0.0,Skipped signal: position_limit_exceeded
2010-07-27,strategy_position_limit_reached,B_ETF_trend_following,XLY,3175.960916682653,3175.960916682653,0.0,0.0,,,0.0,0.0,Skipped signal: position_limit_exceeded
2010-08-03,strategy_position_limit_reached,B_ETF_trend_following,XLY,3174.1045561876144,3174.1045561876144,0.0,0.0,,,45.0,45.0,Skipped signal: position_limit_exceeded
2010-08-04,strategy_position_limit_reached,B_ETF_trend_following,IEF,3183.11059895976,3183.11059895976,0.0,0.0,,,45.0,0.0,Skipped signal: position_limit_exceeded
2010-08-05,strategy_position_limit_reached,B_ETF_trend_following,XLY,3184.608977350679,3184.608977350679,0.0,0.0,,,44.4919208628801,44.4919208628801,Skipped signal: position_limit_exceeded
2010-08-06,strategy_position_limit_reached,B_ETF_trend_following,IEF,3178.748633983926,3178.748633983926,0.0,0.0,,,43.252701337429386,0.0,Skipped signal: position_limit_exceeded
2010-08-06,strategy_position_limit_reached,B_ETF_trend_following,XLY,3178.748633983926,3178.748633983926,0.0,0.0,,,43.252701337429386,43.252701337429386,Skipped signal: position_limit_exceeded
2010-08-09,strategy_position_limit_reached,B_ETF_trend_following,IEF,3184.685264815969,3184.685264815969,0.0,0.0,,,57.1181826460124,13.865481308583014,Skipped signal: position_limit_exceeded
2010-08-10,strategy_position_limit_reached,B_ETF_trend_following,XLY,3184.0839228653986,3184.0839228653986,0.0,0.0,,,57.1181826460124,43.252701337429386,Skipped signal: position_limit_exceeded
2010-08-11,strategy_position_limit_reached,B_ETF_trend_following,IEF,3150.797572904014,3150.797572904014,0.0,0.0,,,53.25043385516144,9.997732517732056,Skipped signal: position_limit_exceeded
2010-08-11,strategy_position_limit_reached,B_ETF_trend_following,XLU,3150.797572904014,3150.797572904014,0.0,0.0,,,53.25043385516144,43.252701337429386,Skipped signal: position_limit_exceeded
2010-10-11,strategy_position_limit_reached,A_ETF_sector_momentum,IEF,3270.0295317089763,3270.0295317089763,0.0,0.0,,,0.0,0.0,Skipped signal: position_limit_exceeded
2010-10-21,strategy_position_limit_reached,B_ETF_trend_following,SHY,3262.5117767956967,3262.5117767956967,0.0,0.0,,,27.364242123960146,0.0,Skipped signal: position_limit_exceeded
2010-10-22,strategy_position_limit_reached,B_ETF_trend_following,SHY,3255.9546690207485,3255.9546690207485,0.0,0.0,,,27.364242123960146,0.0,Skipped signal: position_limit_exceeded
2010-10-22,strategy_position_limit_reached,B_ETF_trend_following,XLY,3255.9546690207485,3255.9546690207485,0.0,0.0,,,27.364242123960146,27.364242123960146,Skipped signal: position_limit_exceeded
2010-10-25,strategy_position_limit_reached,B_ETF_trend_following,QQQ,3254.8093861571356,3254.8093861571356,0.0,0.0,,,27.79474717608844,27.364242123960146,Skipped signal: position_limit_exceeded
2010-10-25,strategy_position_limit_reached,B_ETF_trend_following,XLY,3254.8093861571356,3254.8093861571356,0.0,0.0,,,27.79474717608844,27.364242123960146,Skipped signal: position_limit_exceeded
2010-10-25,strategy_position_limit_reached,B_ETF_trend_following,SPY,3254.8093861571356,3254.8093861571356,0.0,0.0,,,27.79474717608844,27.364242123960146,Skipped signal: position_limit_exceeded
2010-10-26,strategy_position_limit_reached,B_ETF_trend_following,XLY,3246.4351775828713,3246.4351775828713,0.0,0.0,,,27.79474717608844,27.364242123960146,Skipped signal: position_limit_exceeded
2010-10-26,strategy_position_limit_reached,B_ETF_trend_following,QQQ,3246.4351775828713,3246.4351775828713,0.0,0.0,,,27.79474717608844,27.364242123960146,Skipped signal: position_limit_exceeded
2010-10-26,strategy_position_limit_reached,B_ETF_trend_following,SPY,3246.4351775828713,3246.4351775828713,0.0,0.0,,,27.79474717608844,27.364242123960146,Skipped signal: position_limit_exceeded
2010-10-26,strategy_position_limit_reached,B_ETF_trend_following,XLB,3246.4351775828713,3246.4351775828713,0.0,0.0,,,27.79474717608844,27.364242123960146,Skipped signal: position_limit_exceeded
2010-10-27,strategy_position_limit_reached,B_ETF_trend_following,XLY,3237.1523681449085,3237.1523681449085,0.0,0.0,,,27.364242123960146,27.364242123960146,Skipped signal: position_limit_exceeded
2010-10-27,strategy_position_limit_reached,B_ETF_trend_following,QQQ,3237.1523681449085,3237.1523681449085,0.0,0.0,,,27.364242123960146,27.364242123960146,Skipped signal: position_limit_exceeded
2010-10-27,strategy_position_limit_reached,B_ETF_trend_following,SPY,3237.1523681449085,3237.1523681449085,0.0,0.0,,,27.364242123960146,27.364242123960146,Skipped signal: position_limit_exceeded
2010-10-28,strategy_position_limit_reached,B_ETF_trend_following,XLK,3229.06889360494,3229.06889360494,0.0,0.0,,,36.937632822782824,36.937632822782824,Skipped signal: position_limit_exceeded
2010-11-01,strategy_position_limit_reached,B_ETF_trend_following,SHY,3227.492068679211,3227.492068679211,0.0,0.0,,,36.937632822782824,0.0,Skipped signal: position_limit_exceeded
2010-11-01,strategy_position_limit_reached,B_ETF_trend_following,XLK,3227.492068679211,3227.492068679211,0.0,0.0,,,36.937632822782824,36.937632822782824,Skipped signal: position_limit_exceeded
2010-11-02,strategy_position_limit_reached,B_ETF_trend_following,XLK,3244.4297561870744,3244.4297561870744,0.0,0.0,,,36.937632822782824,36.937632822782824,Skipped signal: position_limit_exceeded
2010-11-02,strategy_position_limit_reached,B_ETF_trend_following,SHY,3244.4297561870744,3244.4297561870744,0.0,0.0,,,36.937632822782824,0.0,Skipped signal: position_limit_exceeded
2010-11-03,strategy_position_limit_reached,B_ETF_trend_following,XLY,3252.8490257257026,3252.8490257257026,0.0,0.0,,,32.886502994802235,32.886502994802235,Skipped signal: position_limit_exceeded
2010-11-03,strategy_position_limit_reached,B_ETF_trend_following,XLK,3252.8490257257026,3252.8490257257026,0.0,0.0,,,32.886502994802235,32.886502994802235,Skipped signal: position_limit_exceeded
2010-11-03,strategy_position_limit_reached,B_ETF_trend_following,SPY,3252.8490257257026,3252.8490257257026,0.0,0.0,,,32.886502994802235,32.886502994802235,Skipped signal: position_limit_exceeded
2010-11-03,strategy_position_limit_reached,B_ETF_trend_following,XLV,3252.8490257257026,3252.8490257257026,0.0,0.0,,,32.886502994802235,32.886502994802235,Skipped signal: position_limit_exceeded
2010-11-03,strategy_position_limit_reached,B_ETF_trend_following,XLE,3252.8490257257026,3252.8490257257026,0.0,0.0,,,32.886502994802235,32.886502994802235,Skipped signal: position_limit_exceeded
2010-11-04,strategy_position_limit_reached,B_ETF_trend_following,XLK,3277.156467199057,3277.156467199057,0.0,0.0,,,26.598886943072674,26.598886943072674,Skipped signal: position_limit_exceeded
2010-11-04,strategy_position_limit_reached,B_ETF_trend_following,XLY,3277.156467199057,3277.156467199057,0.0,0.0,,,26.598886943072674,26.598886943072674,Skipped signal: position_limit_exceeded
2010-11-04,strategy_position_limit_reached,B_ETF_trend_following,SPY,3277.156467199057,3277.156467199057,0.0,0.0,,,26.598886943072674,26.598886943072674,Skipped signal: position_limit_exceeded
2010-11-04,strategy_position_limit_reached,B_ETF_trend_following,IWM,3277.156467199057,3277.156467199057,0.0,0.0,,,26.598886943072674,26.598886943072674,Skipped signal: position_limit_exceeded
2010-11-04,strategy_position_limit_reached,B_ETF_trend_following,XLV,3277.156467199057,3277.156467199057,0.0,0.0,,,26.598886943072674,26.598886943072674,Skipped signal: position_limit_exceeded
2010-11-05,strategy_position_limit_reached,B_ETF_trend_following,XLK,3272.689714328239,3272.689714328239,0.0,0.0,,,11.495626658177885,11.495626658177885,Skipped signal: position_limit_exceeded
2010-11-05,strategy_position_limit_reached,B_ETF_trend_following,XLY,3272.689714328239,3272.689714328239,0.0,0.0,,,11.495626658177885,11.495626658177885,Skipped signal: position_limit_exceeded
2010-11-05,strategy_position_limit_reached,B_ETF_trend_following,SPY,3272.689714328239,3272.689714328239,0.0,0.0,,,11.495626658177885,11.495626658177885,Skipped signal: position_limit_exceeded
2010-11-05,strategy_position_limit_reached,B_ETF_trend_following,IWM,3272.689714328239,3272.689714328239,0.0,0.0,,,11.495626658177885,11.495626658177885,Skipped signal: position_limit_exceeded
2010-11-05,strategy_position_limit_reached,B_ETF_trend_following,XLE,3272.689714328239,3272.689714328239,0.0,0.0,,,11.495626658177885,11.495626658177885,Skipped signal: position_limit_exceeded
2010-11-08,strategy_position_limit_reached,B_ETF_trend_following,XLY,3272.737960044658,3272.737960044658,0.0,0.0,,,10.578503256285405,10.578503256285405,Skipped signal: position_limit_exceeded
2010-11-08,strategy_position_limit_reached,B_ETF_trend_following,SPY,3272.737960044658,3272.737960044658,0.0,0.0,,,10.578503256285405,10.578503256285405,Skipped signal: position_limit_exceeded
2010-11-08,strategy_position_limit_reached,B_ETF_trend_following,XLE,3272.737960044658,3272.737960044658,0.0,0.0,,,10.578503256285405,10.578503256285405,Skipped signal: position_limit_exceeded
2010-11-08,strategy_position_limit_reached,B_ETF_trend_following,GLD,3272.737960044658,3272.737960044658,0.0,0.0,,,10.578503256285405,0.0,Skipped signal: position_limit_exceeded
2010-11-08,strategy_position_limit_reached,B_ETF_trend_following,IWM,3272.737960044658,3272.737960044658,0.0,0.0,,,10.578503256285405,10.578503256285405,Skipped signal: position_limit_exceeded
2010-11-09,strategy_position_limit_reached,B_ETF_trend_following,XLE,3260.3912458234586,3260.3912458234586,0.0,0.0,,,8.790935781736763,8.790935781736763,Skipped signal: position_limit_exceeded
2010-11-09,strategy_position_limit_reached,B_ETF_trend_following,GLD,3260.3912458234586,3260.3912458234586,0.0,0.0,,,8.790935781736763,0.0,Skipped signal: position_limit_exceeded
2010-11-09,strategy_position_limit_reached,B_ETF_trend_following,XLB,3260.3912458234586,3260.3912458234586,0.0,0.0,,,8.790935781736763,8.790935781736763,Skipped signal: position_limit_exceeded
2010-11-11,strategy_position_limit_reached,B_ETF_trend_following,XLE,3257.782152464629,3257.782152464629,0.0,0.0,,,8.421068764164556,8.421068764164556,Skipped signal: position_limit_exceeded
2010-11-12,strategy_position_limit_reached,B_ETF_trend_following,XLE,3232.743672640164,3232.743672640164,0.0,0.0,,,8.421068764164556,8.421068764164556,Skipped signal: position_limit_exceeded
2010-11-29,strategy_position_limit_reached,A_ETF_sector_momentum,SMH,3244.932307370076,3244.932307370076,0.0,0.0,,,68.29111141063326,68.29111141063326,Skipped signal: position_limit_exceeded
2010-12-06,strategy_position_limit_reached,A_ETF_sector_momentum,SMH,3340.665808545275,3340.665808545275,0.0,0.0,,,13.592420055980522,13.592420055980522,Skipped signal: position_limit_exceeded
2010-12-06,strategy_position_limit_reached,A_ETF_sector_momentum,XLE,3340.665808545275,3340.665808545275,0.0,0.0,,,13.592420055980522,13.592420055980522,Skipped signal: position_limit_exceeded
2010-12-13,strategy_position_limit_reached,A_ETF_sector_momentum,SMH,3348.3121770568882,3348.3121770568882,0.0,0.0,,,0.0,0.0,Skipped signal: position_limit_exceeded
2010-12-13,strategy_position_limit_reached,A_ETF_sector_momentum,IWM,3348.3121770568882,3348.3121770568882,0.0,0.0,,,0.0,0.0,Skipped signal: position_limit_exceeded
2010-12-20,strategy_position_limit_reached,A_ETF_sector_momentum,XLE,3368.7664335174804,3368.7664335174804,0.0,0.0,,,36.61985451425777,36.61985451425777,Skipped signal: position_limit_exceeded
2010-12-20,strategy_position_limit_reached,B_ETF_trend_following,XLY,3368.7654981536207,3368.7654981536207,0.0,0.0,,,36.7238400414436,36.7238400414436,Skipped signal: position_limit_exceeded
2010-12-20,strategy_position_limit_reached,B_ETF_trend_following,XLB,3368.7654981536207,3368.7654981536207,0.0,0.0,,,36.7238400414436,36.7238400414436,Skipped signal: position_limit_exceeded
2010-12-20,strategy_position_limit_reached,B_ETF_trend_following,QQQ,3368.7654981536207,3368.7654981536207,0.0,0.0,,,36.7238400414436,36.7238400414436,Skipped signal: position_limit_exceeded
2010-12-20,strategy_position_limit_reached,B_ETF_trend_following,SPY,3368.7654981536207,3368.7654981536207,0.0,0.0,,,36.7238400414436,36.7238400414436,Skipped signal: position_limit_exceeded
2010-12-21,strategy_position_limit_reached,B_ETF_trend_following,XLE,3395.1004476993453,3395.1004476993453,0.0,0.0,,,36.7238400414436,36.7238400414436,Skipped signal: position_limit_exceeded
2010-12-21,strategy_position_limit_reached,B_ETF_trend_following,XLY,3395.1004476993453,3395.1004476993453,0.0,0.0,,,36.7238400414436,36.7238400414436,Skipped signal: position_limit_exceeded
2010-12-21,strategy_position_limit_reached,B_ETF_trend_following,XLB,3395.1004476993453,3395.1004476993453,0.0,0.0,,,36.7238400414436,36.7238400414436,Skipped signal: position_limit_exceeded
2010-12-21,strategy_position_limit_reached,B_ETF_trend_following,QQQ,3395.1004476993453,3395.1004476993453,0.0,0.0,,,36.7238400414436,36.7238400414436,Skipped signal: position_limit_exceeded
2010-12-21,strategy_position_limit_reached,B_ETF_trend_following,XLK,3395.1004476993453,3395.1004476993453,0.0,0.0,,,36.7238400414436,36.7238400414436,Skipped signal: position_limit_exceeded
2010-12-22,strategy_position_limit_reached,B_ETF_trend_following,XLE,3393.592720594907,3393.592720594907,0.0,0.0,,,30.150171827023886,30.150171827023886,Skipped signal: position_limit_exceeded
2010-12-22,strategy_position_limit_reached,B_ETF_trend_following,XLY,3393.592720594907,3393.592720594907,0.0,0.0,,,30.150171827023886,30.150171827023886,Skipped signal: position_limit_exceeded
2010-12-22,strategy_position_limit_reached,B_ETF_trend_following,XLB,3393.592720594907,3393.592720594907,0.0,0.0,,,30.150171827023886,30.150171827023886,Skipped signal: position_limit_exceeded
2010-12-22,strategy_position_limit_reached,B_ETF_trend_following,QQQ,3393.592720594907,3393.592720594907,0.0,0.0,,,30.150171827023886,30.150171827023886,Skipped signal: position_limit_exceeded
2010-12-22,strategy_position_limit_reached,B_ETF_trend_following,SPY,3393.592720594907,3393.592720594907,0.0,0.0,,,30.150171827023886,30.150171827023886,Skipped signal: position_limit_exceeded
2010-12-23,strategy_position_limit_reached,B_ETF_trend_following,XLE,3385.91858510113,3385.91858510113,0.0,0.0,,,28.343459588798307,28.343459588798307,Skipped signal: position_limit_exceeded
2010-12-23,strategy_position_limit_reached,B_ETF_trend_following,XLY,3385.91858510113,3385.91858510113,0.0,0.0,,,28.343459588798307,28.343459588798307,Skipped signal: position_limit_exceeded
2010-12-23,strategy_position_limit_reached,B_ETF_trend_following,SPY,3385.91858510113,3385.91858510113,0.0,0.0,,,28.343459588798307,28.343459588798307,Skipped signal: position_limit_exceeded
2010-12-23,strategy_position_limit_reached,B_ETF_trend_following,XLI,3385.91858510113,3385.91858510113,0.0,0.0,,,28.343459588798307,28.343459588798307,Skipped signal: position_limit_exceeded
2010-12-23,strategy_position_limit_reached,B_ETF_trend_following,XLP,3385.91858510113,3385.91858510113,0.0,0.0,,,28.343459588798307,28.343459588798307,Skipped signal: position_limit_exceeded
2010-12-27,strategy_position_limit_reached,A_ETF_sector_momentum,XLE,3388.414709628613,3388.414709628613,0.0,0.0,,,25.911868038227208,25.911868038227208,Skipped signal: position_limit_exceeded
2010-12-27,strategy_position_limit_reached,B_ETF_trend_following,XLE,3388.414709628613,3388.414709628613,0.0,0.0,,,25.911868038227208,25.911868038227208,Skipped signal: position_limit_exceeded
2010-12-27,strategy_position_limit_reached,B_ETF_trend_following,XLB,3388.414709628613,3388.414709628613,0.0,0.0,,,25.911868038227208,25.911868038227208,Skipped signal: position_limit_exceeded
2010-12-27,strategy_position_limit_reached,B_ETF_trend_following,XLP,3388.414709628613,3388.414709628613,0.0,0.0,,,25.911868038227208,25.911868038227208,Skipped signal: position_limit_exceeded
2010-12-27,strategy_position_limit_reached,B_ETF_trend_following,XLU,3388.414709628613,3388.414709628613,0.0,0.0,,,25.911868038227208,25.911868038227208,Skipped signal: position_limit_exceeded
2010-12-28,strategy_position_limit_reached,B_ETF_trend_following,XLB,3378.2145200668774,3378.2145200668774,0.0,0.0,,,24.30197331502276,24.30197331502276,Skipped signal: position_limit_exceeded
2010-12-28,strategy_position_limit_reached,B_ETF_trend_following,XLK,3378.2145200668774,3378.2145200668774,0.0,0.0,,,24.30197331502276,24.30197331502276,Skipped signal: position_limit_exceeded
2010-12-28,strategy_position_limit_reached,B_ETF_trend_following,XLF,3378.2145200668774,3378.2145200668774,0.0,0.0,,,24.30197331502276,24.30197331502276,Skipped signal: position_limit_exceeded
2010-12-28,strategy_position_limit_reached,B_ETF_trend_following,XLU,3378.2145200668774,3378.2145200668774,0.0,0.0,,,24.30197331502276,24.30197331502276,Skipped signal: position_limit_exceeded
2010-12-29,strategy_position_limit_reached,B_ETF_trend_following,XLE,3388.152920934011,3388.152920934011,0.0,0.0,,,22.49705652287002,22.49705652287002,Skipped signal: position_limit_exceeded
2010-12-29,strategy_position_limit_reached,B_ETF_trend_following,XLB,3388.152920934011,3388.152920934011,0.0,0.0,,,22.49705652287002,22.49705652287002,Skipped signal: position_limit_exceeded
2010-12-29,strategy_position_limit_reached,B_ETF_trend_following,SPY,3388.152920934011,3388.152920934011,0.0,0.0,,,22.49705652287002,22.49705652287002,Skipped signal: position_limit_exceeded
2010-12-29,strategy_position_limit_reached,B_ETF_trend_following,XLU,3388.152920934011,3388.152920934011,0.0,0.0,,,22.49705652287002,22.49705652287002,Skipped signal: position_limit_exceeded
2010-12-30,strategy_position_limit_reached,B_ETF_trend_following,XLE,3383.6670204047045,3383.6670204047045,0.0,0.0,,,20.623767500609823,20.623767500609823,Skipped signal: position_limit_exceeded
2010-12-30,strategy_position_limit_reached,B_ETF_trend_following,XLB,3383.6670204047045,3383.6670204047045,0.0,0.0,,,20.623767500609823,20.623767500609823,Skipped signal: position_limit_exceeded
2010-12-30,strategy_position_limit_reached,B_ETF_trend_following,SPY,3383.6670204047045,3383.6670204047045,0.0,0.0,,,20.623767500609823,20.623767500609823,Skipped signal: position_limit_exceeded
2010-12-30,strategy_position_limit_reached,B_ETF_trend_following,XLK,3383.6670204047045,3383.6670204047045,0.0,0.0,,,20.623767500609823,20.623767500609823,Skipped signal: position_limit_exceeded
2010-12-31,strategy_position_limit_reached,B_ETF_trend_following,XLE,3370.339550188745,3370.339550188745,0.0,0.0,,,17.69592656075732,17.69592656075732,Skipped signal: position_limit_exceeded
2011-01-03,strategy_position_limit_reached,B_ETF_trend_following,XLE,3403.870583209542,3403.870583209542,0.0,0.0,,,16.436026005253815,16.436026005253815,Skipped signal: position_limit_exceeded
2011-01-04,strategy_position_limit_reached,B_ETF_trend_following,XLE,3395.95049787308,3395.95049787308,0.0,0.0,,,16.40858230060793,16.40858230060793,Skipped signal: position_limit_exceeded
2011-01-04,strategy_position_limit_reached,B_ETF_trend_following,XLB,3395.95049787308,3395.95049787308,0.0,0.0,,,16.40858230060793,16.40858230060793,Skipped signal: position_limit_exceeded
2011-01-04,strategy_position_limit_reached,B_ETF_trend_following,SPY,3395.95049787308,3395.95049787308,0.0,0.0,,,16.40858230060793,16.40858230060793,Skipped signal: position_limit_exceeded
2011-01-04,strategy_position_limit_reached,B_ETF_trend_following,XLY,3395.95049787308,3395.95049787308,0.0,0.0,,,16.40858230060793,16.40858230060793,Skipped signal: position_limit_exceeded
2011-01-04,strategy_position_limit_reached,B_ETF_trend_following,XLI,3395.95049787308,3395.95049787308,0.0,0.0,,,16.40858230060793,16.40858230060793,Skipped signal: position_limit_exceeded
2011-01-05,strategy_position_limit_reached,B_ETF_trend_following,XLK,3412.944552939509,3412.944552939509,0.0,0.0,,,16.40858230060793,16.40858230060793,Skipped signal: position_limit_exceeded
2011-01-05,strategy_position_limit_reached,B_ETF_trend_following,XLV,3412.944552939509,3412.944552939509,0.0,0.0,,,16.40858230060793,16.40858230060793,Skipped signal: position_limit_exceeded
2011-01-05,strategy_position_limit_reached,B_ETF_trend_following,XLU,3412.944552939509,3412.944552939509,0.0,0.0,,,16.40858230060793,16.40858230060793,Skipped signal: position_limit_exceeded
2011-01-06,strategy_position_limit_reached,B_ETF_trend_following,SPY,3406.9734501709763,3406.9734501709763,0.0,0.0,,,13.411146258140064,13.411146258140064,Skipped signal: position_limit_exceeded
2011-01-06,strategy_position_limit_reached,B_ETF_trend_following,XLK,3406.9734501709763,3406.9734501709763,0.0,0.0,,,13.411146258140064,13.411146258140064,Skipped signal: position_limit_exceeded
2011-01-06,strategy_position_limit_reached,B_ETF_trend_following,QQQ,3406.9734501709763,3406.9734501709763,0.0,0.0,,,13.411146258140064,13.411146258140064,Skipped signal: position_limit_exceeded
2011-01-06,strategy_position_limit_reached,B_ETF_trend_following,XLY,3406.9734501709763,3406.9734501709763,0.0,0.0,,,13.411146258140064,13.411146258140064,Skipped signal: position_limit_exceeded
2011-01-06,strategy_position_limit_reached,B_ETF_trend_following,XLI,3406.9734501709763,3406.9734501709763,0.0,0.0,,,13.411146258140064,13.411146258140064,Skipped signal: position_limit_exceeded
2011-01-07,strategy_position_limit_reached,B_ETF_trend_following,XLK,3402.308758857833,3402.308758857833,0.0,0.0,,,13.216761542996082,13.216761542996082,Skipped signal: position_limit_exceeded
2011-01-07,strategy_position_limit_reached,B_ETF_trend_following,QQQ,3402.308758857833,3402.308758857833,0.0,0.0,,,13.216761542996082,13.216761542996082,Skipped signal: position_limit_exceeded
2011-01-07,strategy_position_limit_reached,B_ETF_trend_following,XLV,3402.308758857833,3402.308758857833,0.0,0.0,,,13.216761542996082,13.216761542996082,Skipped signal: position_limit_exceeded
2011-01-10,strategy_position_limit_reached,A_ETF_sector_momentum,XLE,3401.329227250393,3401.329227250393,0.0,0.0,,,43.581321971208986,43.581321971208986,Skipped signal: position_limit_exceeded
2011-01-18,strategy_position_limit_reached,A_ETF_sector_momentum,XLI,3486.1742501769904,3486.1742501769904,0.0,0.0,,,7.836563663788021,7.836563663788021,Skipped signal: position_limit_exceeded
2011-01-25,strategy_position_limit_reached,B_ETF_trend_following,XLI,3398.31481975887,3398.31481975887,0.0,0.0,,,46.74545080546512,46.74545080546512,Skipped signal: position_limit_exceeded
2011-01-27,strategy_position_limit_reached,B_ETF_trend_following,XLI,3387.2829326511146,3387.2829326511146,0.0,0.0,,,43.932619899867845,43.932619899867845,Skipped signal: position_limit_exceeded
2011-01-27,strategy_position_limit_reached,B_ETF_trend_following,XLE,3387.2829326511146,3387.2829326511146,0.0,0.0,,,43.932619899867845,43.932619899867845,Skipped signal: position_limit_exceeded
2011-01-27,strategy_position_limit_reached,B_ETF_trend_following,SPY,3387.2829326511146,3387.2829326511146,0.0,0.0,,,43.932619899867845,43.932619899867845,Skipped signal: position_limit_exceeded
2011-01-27,strategy_position_limit_reached,B_ETF_trend_following,XLY,3387.2829326511146,3387.2829326511146,0.0,0.0,,,43.932619899867845,43.932619899867845,Skipped signal: position_limit_exceeded
2011-01-27,strategy_position_limit_reached,B_ETF_trend_following,XLK,3387.2829326511146,3387.2829326511146,0.0,0.0,,,43.932619899867845,43.932619899867845,Skipped signal: position_limit_exceeded
2011-01-28,strategy_position_limit_reached,B_ETF_trend_following,SPY,3323.092217166542,3323.092217166542,0.0,0.0,,,53.852291268039366,53.852291268039366,Skipped signal: position_limit_exceeded
2011-01-28,strategy_position_limit_reached,B_ETF_trend_following,SMH,3323.092217166542,3323.092217166542,0.0,0.0,,,53.852291268039366,53.852291268039366,Skipped signal: position_limit_exceeded
2011-01-28,strategy_position_limit_reached,B_ETF_trend_following,XLY,3323.092217166542,3323.092217166542,0.0,0.0,,,53.852291268039366,53.852291268039366,Skipped signal: position_limit_exceeded
2011-01-28,strategy_position_limit_reached,B_ETF_trend_following,XLK,3323.092217166542,3323.092217166542,0.0,0.0,,,53.852291268039366,53.852291268039366,Skipped signal: position_limit_exceeded
2011-03-01,strategy_position_limit_reached,B_ETF_trend_following,XLU,3438.5495408160778,3438.5495408160778,0.0,0.0,,,61.61471343000105,46.16507031801412,Skipped signal: position_limit_exceeded
2011-03-04,strategy_position_limit_reached,B_ETF_trend_following,SMH,3480.524992840504,3480.524992840504,0.0,0.0,,,46.412521357677385,42.80839542843496,Skipped signal: position_limit_exceeded
2011-03-04,strategy_position_limit_reached,B_ETF_trend_following,XLV,3480.524992840504,3480.524992840504,0.0,0.0,,,46.412521357677385,42.80839542843496,Skipped signal: position_limit_exceeded
2011-03-04,strategy_position_limit_reached,B_ETF_trend_following,XLU,3480.524992840504,3480.524992840504,0.0,0.0,,,46.412521357677385,42.80839542843496,Skipped signal: position_limit_exceeded
2011-03-09,strategy_position_limit_reached,B_ETF_trend_following,XLU,3419.5242096358984,3419.5242096358984,0.0,0.0,,,45.070545774690885,41.798849198712915,Skipped signal: position_limit_exceeded
2011-03-10,strategy_position_limit_reached,B_ETF_trend_following,XLU,3313.761137547441,3313.761137547441,0.0,0.0,,,44.66140795798536,41.798849198712915,Skipped signal: position_limit_exceeded
2011-03-10,strategy_position_limit_reached,B_ETF_trend_following,XLP,3313.761137547441,3313.761137547441,0.0,0.0,,,44.66140795798536,41.798849198712915,Skipped signal: position_limit_exceeded
2011-03-28,cluster_risk_block,B_ETF_trend_following,XLE,3361.4598693505486,3361.4598693505486,0.0,0.0,,,55.69291685738417,55.69291685738417,Skipped signal: correlation_cluster_risk_exceeded
2011-03-30,cluster_risk_block,B_ETF_trend_following,XLI,3403.4080393615614,3403.4080393615614,0.0,0.0,,,80.543912627751,80.543912627751,Skipped signal: correlation_cluster_risk_exceeded
2011-03-30,cluster_risk_block,B_ETF_trend_following,IWM,3403.4080393615614,3403.4080393615614,0.0,0.0,,,80.543912627751,80.543912627751,Skipped signal: correlation_cluster_risk_exceeded
2011-03-30,strategy_position_limit_reached,B_ETF_trend_following,XLB,3403.915983513935,3403.915983513935,0.0,0.0,,,85.93444017408625,85.93444017408625,Skipped signal: position_limit_exceeded
2011-03-31,strategy_position_limit_reached,B_ETF_trend_following,XLI,3400.3410142460134,3400.3410142460134,0.0,0.0,,,65.11242756511074,65.11242756511074,Skipped signal: position_limit_exceeded
2011-03-31,strategy_position_limit_reached,B_ETF_trend_following,XLV,3400.3410142460134,3400.3410142460134,0.0,0.0,,,65.11242756511074,65.11242756511074,Skipped signal: position_limit_exceeded
2011-03-31,strategy_position_limit_reached,B_ETF_trend_following,IWM,3400.3410142460134,3400.3410142460134,0.0,0.0,,,65.11242756511074,65.11242756511074,Skipped signal: position_limit_exceeded
2011-03-31,strategy_position_limit_reached,B_ETF_trend_following,XLB,3400.3410142460134,3400.3410142460134,0.0,0.0,,,65.11242756511074,65.11242756511074,Skipped signal: position_limit_exceeded
2011-04-01,strategy_position_limit_reached,B_ETF_trend_following,XLI,3412.606824317306,3412.606824317306,0.0,0.0,,,61.24160165152439,61.24160165152439,Skipped signal: position_limit_exceeded
2011-04-01,strategy_position_limit_reached,B_ETF_trend_following,XLV,3412.606824317306,3412.606824317306,0.0,0.0,,,61.24160165152439,61.24160165152439,Skipped signal: position_limit_exceeded
2011-04-01,strategy_position_limit_reached,B_ETF_trend_following,IWM,3412.606824317306,3412.606824317306,0.0,0.0,,,61.24160165152439,61.24160165152439,Skipped signal: position_limit_exceeded
2011-04-01,strategy_position_limit_reached,B_ETF_trend_following,XLB,3412.606824317306,3412.606824317306,0.0,0.0,,,61.24160165152439,61.24160165152439,Skipped signal: position_limit_exceeded
2011-04-04,strategy_position_limit_reached,B_ETF_trend_following,XLI,3416.8606606685767,3416.8606606685767,0.0,0.0,,,60.436751097090195,60.436751097090195,Skipped signal: position_limit_exceeded
2011-04-04,strategy_position_limit_reached,B_ETF_trend_following,XLV,3416.8606606685767,3416.8606606685767,0.0,0.0,,,60.436751097090195,60.436751097090195,Skipped signal: position_limit_exceeded
2011-04-04,strategy_position_limit_reached,B_ETF_trend_following,IWM,3416.8606606685767,3416.8606606685767,0.0,0.0,,,60.436751097090195,60.436751097090195,Skipped signal: position_limit_exceeded
2011-04-04,strategy_position_limit_reached,B_ETF_trend_following,SPY,3416.8606606685767,3416.8606606685767,0.0,0.0,,,60.436751097090195,60.436751097090195,Skipped signal: position_limit_exceeded
2011-04-04,strategy_position_limit_reached,B_ETF_trend_following,XLY,3416.8606606685767,3416.8606606685767,0.0,0.0,,,60.436751097090195,60.436751097090195,Skipped signal: position_limit_exceeded
2011-04-05,strategy_position_limit_reached,B_ETF_trend_following,XLI,3429.1619505747694,3429.1619505747694,0.0,0.0,,,57.39147390721439,57.39147390721439,Skipped signal: position_limit_exceeded
2011-04-05,strategy_position_limit_reached,B_ETF_trend_following,XLV,3429.1619505747694,3429.1619505747694,0.0,0.0,,,57.39147390721439,57.39147390721439,Skipped signal: position_limit_exceeded
2011-04-05,strategy_position_limit_reached,B_ETF_trend_following,IWM,3429.1619505747694,3429.1619505747694,0.0,0.0,,,57.39147390721439,57.39147390721439,Skipped signal: position_limit_exceeded
2011-04-05,strategy_position_limit_reached,B_ETF_trend_following,SPY,3429.1619505747694,3429.1619505747694,0.0,0.0,,,57.39147390721439,57.39147390721439,Skipped signal: position_limit_exceeded
2011-04-05,strategy_position_limit_reached,B_ETF_trend_following,XLY,3429.1619505747694,3429.1619505747694,0.0,0.0,,,57.39147390721439,57.39147390721439,Skipped signal: position_limit_exceeded
2011-04-06,strategy_position_limit_reached,B_ETF_trend_following,IWM,3411.208010887854,3411.208010887854,0.0,0.0,,,53.08228610451057,53.08228610451057,Skipped signal: position_limit_exceeded
2011-04-06,strategy_position_limit_reached,B_ETF_trend_following,GLD,3411.208010887854,3411.208010887854,0.0,0.0,,,53.08228610451057,0.0,Skipped signal: position_limit_exceeded
2011-04-06,strategy_position_limit_reached,B_ETF_trend_following,XLB,3411.208010887854,3411.208010887854,0.0,0.0,,,53.08228610451057,53.08228610451057,Skipped signal: position_limit_exceeded
2011-04-06,strategy_position_limit_reached,B_ETF_trend_following,XLY,3411.208010887854,3411.208010887854,0.0,0.0,,,53.08228610451057,53.08228610451057,Skipped signal: position_limit_exceeded
2011-04-07,strategy_position_limit_reached,B_ETF_trend_following,IWM,3405.1064608651154,3405.1064608651154,0.0,0.0,,,51.69984533610102,51.69984533610102,Skipped signal: position_limit_exceeded
2011-04-07,strategy_position_limit_reached,B_ETF_trend_following,GLD,3405.1064608651154,3405.1064608651154,0.0,0.0,,,51.69984533610102,0.0,Skipped signal: position_limit_exceeded
2011-04-07,strategy_position_limit_reached,B_ETF_trend_following,SPY,3405.1064608651154,3405.1064608651154,0.0,0.0,,,51.69984533610102,51.69984533610102,Skipped signal: position_limit_exceeded
2011-04-07,strategy_position_limit_reached,B_ETF_trend_following,SMH,3405.1064608651154,3405.1064608651154,0.0,0.0,,,51.69984533610102,51.69984533610102,Skipped signal: position_limit_exceeded
2011-04-08,strategy_position_limit_reached,B_ETF_trend_following,GLD,3400.1999794924423,3400.1999794924423,0.0,0.0,,,49.42716877472637,0.0,Skipped signal: position_limit_exceeded
2011-04-11,strategy_position_limit_reached,B_ETF_trend_following,GLD,3351.681166782002,3351.681166782002,0.0,0.0,,,46.15413420405326,0.0,Skipped signal: position_limit_exceeded
2011-04-12,strategy_position_limit_reached,B_ETF_trend_following,XLV,3276.3786365786777,3276.3786365786777,0.0,0.0,,,45.477337089254576,45.477337089254576,Skipped signal: position_limit_exceeded
2011-04-15,strategy_position_limit_reached,B_ETF_trend_following,GLD,3310.0555952227187,3310.0555952227187,0.0,0.0,,,21.80485247859781,0.0,Skipped signal: position_limit_exceeded
2011-04-18,strategy_position_limit_reached,B_ETF_trend_following,GLD,3293.5466467937854,3293.5466467937854,0.0,0.0,,,46.60253266282798,0.0,Skipped signal: position_limit_exceeded
2011-04-19,strategy_position_limit_reached,B_ETF_trend_following,GLD,3310.8011939380144,3310.8011939380144,0.0,0.0,,,46.60253266282798,0.0,Skipped signal: position_limit_exceeded
2011-04-21,strategy_position_limit_reached,B_ETF_trend_following,GLD,3341.362974099533,3341.362974099533,0.0,0.0,,,30.06391051158647,0.0,Skipped signal: position_limit_exceeded
2011-04-21,strategy_position_limit_reached,B_ETF_trend_following,XLY,3341.362974099533,3341.362974099533,0.0,0.0,,,30.06391051158647,30.06391051158647,Skipped signal: position_limit_exceeded
2011-04-21,strategy_position_limit_reached,B_ETF_trend_following,QQQ,3341.362974099533,3341.362974099533,0.0,0.0,,,30.06391051158647,30.06391051158647,Skipped signal: position_limit_exceeded
2011-04-21,strategy_position_limit_reached,B_ETF_trend_following,SMH,3341.362974099533,3341.362974099533,0.0,0.0,,,30.06391051158647,30.06391051158647,Skipped signal: position_limit_exceeded
2011-04-21,strategy_position_limit_reached,B_ETF_trend_following,XLU,3341.362974099533,3341.362974099533,0.0,0.0,,,30.06391051158647,30.06391051158647,Skipped signal: position_limit_exceeded
2011-04-25,strategy_position_limit_reached,A_ETF_sector_momentum,GLD,3339.2012912314567,3339.2012912314567,0.0,0.0,,,23.038024026594385,0.0,Skipped signal: position_limit_exceeded
2011-04-25,strategy_position_limit_reached,B_ETF_trend_following,GLD,3339.2012912314567,3339.2012912314567,0.0,0.0,,,23.038024026594385,0.0,Skipped signal: position_limit_exceeded
2011-04-25,strategy_position_limit_reached,B_ETF_trend_following,XLY,3339.2012912314567,3339.2012912314567,0.0,0.0,,,23.038024026594385,23.038024026594385,Skipped signal: position_limit_exceeded
2011-04-25,strategy_position_limit_reached,B_ETF_trend_following,SPY,3339.2012912314567,3339.2012912314567,0.0,0.0,,,23.038024026594385,23.038024026594385,Skipped signal: position_limit_exceeded
2011-04-25,strategy_position_limit_reached,B_ETF_trend_following,QQQ,3339.2012912314567,3339.2012912314567,0.0,0.0,,,23.038024026594385,23.038024026594385,Skipped signal: position_limit_exceeded
2011-04-25,strategy_position_limit_reached,B_ETF_trend_following,SMH,3339.2012912314567,3339.2012912314567,0.0,0.0,,,23.038024026594385,23.038024026594385,Skipped signal: position_limit_exceeded
2011-04-26,strategy_position_limit_reached,B_ETF_trend_following,GLD,3370.3410042453424,3370.3410042453424,0.0,0.0,,,20.831190629701457,0.0,Skipped signal: position_limit_exceeded
2011-04-26,strategy_position_limit_reached,B_ETF_trend_following,QQQ,3370.3410042453424,3370.3410042453424,0.0,0.0,,,20.831190629701457,20.831190629701457,Skipped signal: position_limit_exceeded
2011-04-26,strategy_position_limit_reached,B_ETF_trend_following,SMH,3370.3410042453424,3370.3410042453424,0.0,0.0,,,20.831190629701457,20.831190629701457,Skipped signal: position_limit_exceeded
2011-04-26,strategy_position_limit_reached,B_ETF_trend_following,XLK,3370.3410042453424,3370.3410042453424,0.0,0.0,,,20.831190629701457,20.831190629701457,Skipped signal: position_limit_exceeded
2011-04-26,strategy_position_limit_reached,B_ETF_trend_following,XLU,3370.3410042453424,3370.3410042453424,0.0,0.0,,,20.831190629701457,20.831190629701457,Skipped signal: position_limit_exceeded
2011-04-27,strategy_position_limit_reached,B_ETF_trend_following,XLY,3400.4552696738433,3400.4552696738433,0.0,0.0,,,5.551720571347792,5.551720571347792,Skipped signal: position_limit_exceeded
2011-04-27,strategy_position_limit_reached,B_ETF_trend_following,SPY,3400.4552696738433,3400.4552696738433,0.0,0.0,,,5.551720571347792,5.551720571347792,Skipped signal: position_limit_exceeded
2011-04-27,strategy_position_limit_reached,B_ETF_trend_following,XLI,3400.4552696738433,3400.4552696738433,0.0,0.0,,,5.551720571347792,5.551720571347792,Skipped signal: position_limit_exceeded
2011-04-27,strategy_position_limit_reached,B_ETF_trend_following,QQQ,3400.4552696738433,3400.4552696738433,0.0,0.0,,,5.551720571347792,5.551720571347792,Skipped signal: position_limit_exceeded
2011-04-27,strategy_position_limit_reached,B_ETF_trend_following,SMH,3400.4552696738433,3400.4552696738433,0.0,0.0,,,5.551720571347792,5.551720571347792,Skipped signal: position_limit_exceeded
2011-04-28,strategy_position_limit_reached,B_ETF_trend_following,GLD,3419.980599380466,3419.980599380466,0.0,0.0,,,0.0,0.0,Skipped signal: position_limit_exceeded
2011-04-28,strategy_position_limit_reached,B_ETF_trend_following,XLY,3419.980599380466,3419.980599380466,0.0,0.0,,,0.0,0.0,Skipped signal: position_limit_exceeded
2011-04-28,strategy_position_limit_reached,B_ETF_trend_following,IWM,3419.980599380466,3419.980599380466,0.0,0.0,,,0.0,0.0,Skipped signal: position_limit_exceeded
2011-04-28,strategy_position_limit_reached,B_ETF_trend_following,SPY,3419.980599380466,3419.980599380466,0.0,0.0,,,0.0,0.0,Skipped signal: position_limit_exceeded
2011-04-28,strategy_position_limit_reached,B_ETF_trend_following,XLI,3419.980599380466,3419.980599380466,0.0,0.0,,,0.0,0.0,Skipped signal: position_limit_exceeded
2011-04-29,strategy_position_limit_reached,B_ETF_trend_following,GLD,3423.6732918315743,3423.6732918315743,0.0,0.0,,,0.0,0.0,Skipped signal: position_limit_exceeded
2011-04-29,strategy_position_limit_reached,B_ETF_trend_following,XLY,3423.6732918315743,3423.6732918315743,0.0,0.0,,,0.0,0.0,Skipped signal: position_limit_exceeded
2011-04-29,strategy_position_limit_reached,B_ETF_trend_following,IWM,3423.6732918315743,3423.6732918315743,0.0,0.0,,,0.0,0.0,Skipped signal: position_limit_exceeded
2011-04-29,strategy_position_limit_reached,B_ETF_trend_following,SPY,3423.6732918315743,3423.6732918315743,0.0,0.0,,,0.0,0.0,Skipped signal: position_limit_exceeded
2011-04-29,strategy_position_limit_reached,B_ETF_trend_following,XLI,3423.6732918315743,3423.6732918315743,0.0,0.0,,,0.0,0.0,Skipped signal: position_limit_exceeded
2011-05-02,strategy_position_limit_reached,B_ETF_trend_following,GLD,3443.9157283744576,3443.9157283744576,0.0,0.0,,,0.0,0.0,Skipped signal: position_limit_exceeded
2011-05-02,strategy_position_limit_reached,B_ETF_trend_following,IWM,3443.9157283744576,3443.9157283744576,0.0,0.0,,,0.0,0.0,Skipped signal: position_limit_exceeded
2011-05-02,strategy_position_limit_reached,B_ETF_trend_following,SPY,3443.9157283744576,3443.9157283744576,0.0,0.0,,,0.0,0.0,Skipped signal: position_limit_exceeded
2011-05-02,strategy_position_limit_reached,B_ETF_trend_following,XLE,3443.9157283744576,3443.9157283744576,0.0,0.0,,,0.0,0.0,Skipped signal: position_limit_exceeded
2011-05-02,strategy_position_limit_reached,B_ETF_trend_following,XLI,3443.9157283744576,3443.9157283744576,0.0,0.0,,,0.0,0.0,Skipped signal: position_limit_exceeded
2011-05-03,strategy_position_limit_reached,B_ETF_trend_following,XLY,3443.557238083568,3443.557238083568,0.0,0.0,,,0.0,0.0,Skipped signal: position_limit_exceeded
2011-05-03,strategy_position_limit_reached,B_ETF_trend_following,XLU,3443.557238083568,3443.557238083568,0.0,0.0,,,0.0,0.0,Skipped signal: position_limit_exceeded
2011-05-04,strategy_position_limit_reached,B_ETF_trend_following,XLU,3439.955826740712,3439.955826740712,0.0,0.0,,,0.0,0.0,Skipped signal: position_limit_exceeded
2011-05-04,strategy_position_limit_reached,B_ETF_trend_following,SHY,3439.955826740712,3439.955826740712,0.0,0.0,,,0.0,0.0,Skipped signal: position_limit_exceeded
2011-05-05,strategy_position_limit_reached,B_ETF_trend_following,SHY,3415.818752774147,3415.818752774147,0.0,0.0,,,0.0,0.0,Skipped signal: position_limit_exceeded
2011-05-05,strategy_position_limit_reached,B_ETF_trend_following,BIL,3415.818752774147,3415.818752774147,0.0,0.0,,,0.0,0.0,Skipped signal: position_limit_exceeded
2011-05-06,strategy_position_limit_reached,B_ETF_trend_following,SHY,3432.6042972685423,3432.6042972685423,0.0,0.0,,,0.0,0.0,Skipped signal: position_limit_exceeded
2011-05-09,strategy_position_limit_reached,B_ETF_trend_following,SHY,3448.4355699397265,3448.4355699397265,0.0,0.0,,,0.0,0.0,Skipped signal: position_limit_exceeded
2011-05-10,strategy_position_limit_reached,B_ETF_trend_following,SHY,3469.4557995547093,3469.4557995547093,0.0,0.0,,,0.0,0.0,Skipped signal: position_limit_exceeded
2011-05-11,strategy_position_limit_reached,B_ETF_trend_following,XLU,3463.2943855456715,3463.2943855456715,0.0,0.0,,,0.0,0.0,Skipped signal: position_limit_exceeded
2011-05-11,strategy_position_limit_reached,B_ETF_trend_following,XLY,3463.2943855456715,3463.2943855456715,0.0,0.0,,,0.0,0.0,Skipped signal: position_limit_exceeded
2011-05-11,strategy_position_limit_reached,B_ETF_trend_following,XLK,3463.2943855456715,3463.2943855456715,0.0,0.0,,,0.0,0.0,Skipped signal: position_limit_exceeded
2011-05-13,strategy_position_limit_reached,B_ETF_trend_following,XLU,3496.85455574289,3496.85455574289,0.0,0.0,,,0.0,0.0,Skipped signal: position_limit_exceeded
2011-05-13,strategy_position_limit_reached,B_ETF_trend_following,XLY,3496.85455574289,3496.85455574289,0.0,0.0,,,0.0,0.0,Skipped signal: position_limit_exceeded
2011-05-17,strategy_position_limit_reached,B_ETF_trend_following,SHY,3504.058667260245,3504.058667260245,0.0,0.0,,,0.0,0.0,Skipped signal: position_limit_exceeded
2011-05-18,strategy_position_limit_reached,B_ETF_trend_following,SHY,3520.790576818672,3520.790576818672,0.0,0.0,,,0.0,0.0,Skipped signal: position_limit_exceeded
2011-05-18,strategy_position_limit_reached,B_ETF_trend_following,XLU,3520.790576818672,3520.790576818672,0.0,0.0,,,0.0,0.0,Skipped signal: position_limit_exceeded
2011-06-09,strategy_position_limit_reached,B_ETF_trend_following,IEF,3456.4421382713504,3456.4421382713504,0.0,0.0,,,34.243563872594585,0.8643575709949645,Skipped signal: position_limit_exceeded
2011-06-17,strategy_position_limit_reached,B_ETF_trend_following,IEF,3453.6887696905387,3453.6887696905387,0.0,0.0,,,30.462081742787685,0.8643575709949645,Skipped signal: position_limit_exceeded
2011-06-30,strategy_position_limit_reached,B_ETF_trend_following,XLB,3419.5930974175053,3419.5930974175053,0.0,0.0,,,67.86221866313889,67.86221866313889,Skipped signal: position_limit_exceeded
2011-06-30,strategy_position_limit_reached,B_ETF_trend_following,IWM,3419.5930974175053,3419.5930974175053,0.0,0.0,,,67.86221866313889,67.86221866313889,Skipped signal: position_limit_exceeded
2011-07-01,strategy_position_limit_reached,B_ETF_trend_following,XLV,3463.5315303421257,3463.5315303421257,0.0,0.0,,,67.86221866313889,67.86221866313889,Skipped signal: position_limit_exceeded
2011-07-01,strategy_position_limit_reached,B_ETF_trend_following,SPY,3463.5315303421257,3463.5315303421257,0.0,0.0,,,67.86221866313889,67.86221866313889,Skipped signal: position_limit_exceeded
2011-07-01,strategy_position_limit_reached,B_ETF_trend_following,XLI,3463.5315303421257,3463.5315303421257,0.0,0.0,,,67.86221866313889,67.86221866313889,Skipped signal: position_limit_exceeded
2011-07-01,strategy_position_limit_reached,B_ETF_trend_following,XLB,3463.5315303421257,3463.5315303421257,0.0,0.0,,,67.86221866313889,67.86221866313889,Skipped signal: position_limit_exceeded
2011-07-01,strategy_position_limit_reached,B_ETF_trend_following,IWM,3463.5315303421257,3463.5315303421257,0.0,0.0,,,67.86221866313889,67.86221866313889,Skipped signal: position_limit_exceeded
2011-07-05,strategy_position_limit_reached,B_ETF_trend_following,XLV,3458.713974359605,3458.713974359605,0.0,0.0,,,51.520297564801,51.520297564801,Skipped signal: position_limit_exceeded
2011-07-05,strategy_position_limit_reached,B_ETF_trend_following,XLP,3458.713974359605,3458.713974359605,0.0,0.0,,,51.520297564801,51.520297564801,Skipped signal: position_limit_exceeded
2011-07-05,strategy_position_limit_reached,B_ETF_trend_following,SPY,3458.713974359605,3458.713974359605,0.0,0.0,,,51.520297564801,51.520297564801,Skipped signal: position_limit_exceeded
2011-07-05,strategy_position_limit_reached,B_ETF_trend_following,QQQ,3458.713974359605,3458.713974359605,0.0,0.0,,,51.520297564801,51.520297564801,Skipped signal: position_limit_exceeded
2011-07-05,strategy_position_limit_reached,B_ETF_trend_following,XLK,3458.713974359605,3458.713974359605,0.0,0.0,,,51.520297564801,51.520297564801,Skipped signal: position_limit_exceeded
2011-07-06,strategy_position_limit_reached,B_ETF_trend_following,QQQ,3458.3461796913693,3458.3461796913693,0.0,0.0,,,45.30083831165234,45.30083831165234,Skipped signal: position_limit_exceeded
2011-07-06,strategy_position_limit_reached,B_ETF_trend_following,XLK,3458.3461796913693,3458.3461796913693,0.0,0.0,,,45.30083831165234,45.30083831165234,Skipped signal: position_limit_exceeded
2011-07-06,strategy_position_limit_reached,B_ETF_trend_following,IWM,3458.3461796913693,3458.3461796913693,0.0,0.0,,,45.30083831165234,45.30083831165234,Skipped signal: position_limit_exceeded
2011-07-06,strategy_position_limit_reached,B_ETF_trend_following,XLB,3458.3461796913693,3458.3461796913693,0.0,0.0,,,45.30083831165234,45.30083831165234,Skipped signal: position_limit_exceeded
2011-07-06,strategy_position_limit_reached,B_ETF_trend_following,XLE,3458.3461796913693,3458.3461796913693,0.0,0.0,,,45.30083831165234,45.30083831165234,Skipped signal: position_limit_exceeded
2011-07-07,strategy_position_limit_reached,B_ETF_trend_following,XLP,3483.1204437340716,3483.1204437340716,0.0,0.0,,,44.51999797581799,44.51999797581799,Skipped signal: position_limit_exceeded
2011-07-07,strategy_position_limit_reached,B_ETF_trend_following,QQQ,3483.1204437340716,3483.1204437340716,0.0,0.0,,,44.51999797581799,44.51999797581799,Skipped signal: position_limit_exceeded
2011-07-07,strategy_position_limit_reached,B_ETF_trend_following,XLK,3483.1204437340716,3483.1204437340716,0.0,0.0,,,44.51999797581799,44.51999797581799,Skipped signal: position_limit_exceeded
2011-07-07,strategy_position_limit_reached,B_ETF_trend_following,SPY,3483.1204437340716,3483.1204437340716,0.0,0.0,,,44.51999797581799,44.51999797581799,Skipped signal: position_limit_exceeded
2011-07-07,strategy_position_limit_reached,B_ETF_trend_following,IWM,3483.1204437340716,3483.1204437340716,0.0,0.0,,,44.51999797581799,44.51999797581799,Skipped signal: position_limit_exceeded
2011-07-08,strategy_position_limit_reached,B_ETF_trend_following,XLP,3466.2566549244184,3466.2566549244184,0.0,0.0,,,34.26208537535995,34.26208537535995,Skipped signal: position_limit_exceeded
2011-07-08,strategy_position_limit_reached,B_ETF_trend_following,QQQ,3466.2566549244184,3466.2566549244184,0.0,0.0,,,34.26208537535995,34.26208537535995,Skipped signal: position_limit_exceeded
2011-07-08,strategy_position_limit_reached,B_ETF_trend_following,XLK,3466.2566549244184,3466.2566549244184,0.0,0.0,,,34.26208537535995,34.26208537535995,Skipped signal: position_limit_exceeded
2011-07-08,strategy_position_limit_reached,B_ETF_trend_following,SPY,3466.2566549244184,3466.2566549244184,0.0,0.0,,,34.26208537535995,34.26208537535995,Skipped signal: position_limit_exceeded
2011-07-08,strategy_position_limit_reached,B_ETF_trend_following,XLI,3466.2566549244184,3466.2566549244184,0.0,0.0,,,34.26208537535995,34.26208537535995,Skipped signal: position_limit_exceeded
2011-07-12,strategy_position_limit_reached,B_ETF_trend_following,GLD,3412.292871148673,3412.292871148673,0.0,0.0,,,18.98482208925186,0.0,Skipped signal: position_limit_exceeded
2011-07-13,strategy_position_limit_reached,B_ETF_trend_following,TLT,3415.790259578189,3415.790259578189,0.0,0.0,,,18.98482208925186,0.0,Skipped signal: position_limit_exceeded
2011-07-13,strategy_position_limit_reached,B_ETF_trend_following,GLD,3415.790259578189,3415.790259578189,0.0,0.0,,,18.98482208925186,0.0,Skipped signal: position_limit_exceeded
2011-07-14,strategy_position_limit_reached,B_ETF_trend_following,IEF,3399.1002297274276,3399.1002297274276,0.0,0.0,,,18.98482208925186,0.0,Skipped signal: position_limit_exceeded
2011-07-14,strategy_position_limit_reached,B_ETF_trend_following,TLT,3399.1002297274276,3399.1002297274276,0.0,0.0,,,18.98482208925186,0.0,Skipped signal: position_limit_exceeded
2011-07-14,strategy_position_limit_reached,B_ETF_trend_following,GLD,3399.1002297274276,3399.1002297274276,0.0,0.0,,,18.98482208925186,0.0,Skipped signal: position_limit_exceeded
2011-07-15,strategy_position_limit_reached,B_ETF_trend_following,GLD,3401.820835808067,3401.820835808067,0.0,0.0,,,18.98482208925186,0.0,Skipped signal: position_limit_exceeded
2011-10-28,strategy_position_limit_reached,B_ETF_trend_following,XLP,3575.439604833976,3575.439604833976,0.0,0.0,,,89.0738108215882,44.0738108215882,Skipped signal: position_limit_exceeded
2011-11-14,strategy_position_limit_reached,A_ETF_sector_momentum,IEF,3510.571839660319,3510.571839660319,0.0,0.0,,,85.7291064258136,45.79632947852865,Skipped signal: position_limit_exceeded
2012-01-04,strategy_position_limit_reached,B_ETF_trend_following,XLV,3481.068592957274,3481.068592957274,0.0,0.0,,,30.9237368126756,23.769540593166816,Skipped signal: position_limit_exceeded
2012-01-04,strategy_position_limit_reached,B_ETF_trend_following,XLY,3481.068592957274,3481.068592957274,0.0,0.0,,,30.9237368126756,23.769540593166816,Skipped signal: position_limit_exceeded
2012-01-05,strategy_position_limit_reached,B_ETF_trend_following,XLY,3481.739770924901,3481.739770924901,0.0,0.0,,,30.9237368126756,23.769540593166816,Skipped signal: position_limit_exceeded
2012-01-05,strategy_position_limit_reached,B_ETF_trend_following,QQQ,3481.739770924901,3481.739770924901,0.0,0.0,,,30.9237368126756,23.769540593166816,Skipped signal: position_limit_exceeded
2012-01-06,strategy_position_limit_reached,B_ETF_trend_following,XLK,3473.521632318033,3473.521632318033,0.0,0.0,,,50.63068979324364,43.53500741081023,Skipped signal: position_limit_exceeded
2012-01-06,strategy_position_limit_reached,B_ETF_trend_following,QQQ,3473.521632318033,3473.521632318033,0.0,0.0,,,50.63068979324364,43.53500741081023,Skipped signal: position_limit_exceeded
2012-01-09,strategy_position_limit_reached,B_ETF_trend_following,XLK,3472.445512025738,3472.445512025738,0.0,0.0,,,50.533562349795915,43.53500741081023,Skipped signal: position_limit_exceeded
2012-01-09,strategy_position_limit_reached,B_ETF_trend_following,QQQ,3472.445512025738,3472.445512025738,0.0,0.0,,,50.533562349795915,43.53500741081023,Skipped signal: position_limit_exceeded
2012-01-10,strategy_position_limit_reached,B_ETF_trend_following,XLV,3485.092009654315,3485.092009654315,0.0,0.0,,,50.0506757878351,43.53500741081023,Skipped signal: position_limit_exceeded
2012-01-11,strategy_position_limit_reached,B_ETF_trend_following,XLV,3489.841119723813,3489.841119723813,0.0,0.0,,,46.511500584586486,40.950284323982466,Skipped signal: position_limit_exceeded
2012-01-11,strategy_position_limit_reached,B_ETF_trend_following,XLK,3489.841119723813,3489.841119723813,0.0,0.0,,,46.511500584586486,40.950284323982466,Skipped signal: position_limit_exceeded
2012-01-11,strategy_position_limit_reached,B_ETF_trend_following,QQQ,3489.841119723813,3489.841119723813,0.0,0.0,,,46.511500584586486,40.950284323982466,Skipped signal: position_limit_exceeded
2012-01-12,strategy_position_limit_reached,B_ETF_trend_following,XLV,3492.564265516315,3492.564265516315,0.0,0.0,,,42.53978300948562,37.00310305874244,Skipped signal: position_limit_exceeded
2012-01-12,strategy_position_limit_reached,B_ETF_trend_following,SHY,3492.564265516315,3492.564265516315,0.0,0.0,,,42.53978300948562,5.536679950743181,Skipped signal: position_limit_exceeded
2012-01-12,strategy_position_limit_reached,B_ETF_trend_following,XLK,3492.564265516315,3492.564265516315,0.0,0.0,,,42.53978300948562,37.00310305874244,Skipped signal: position_limit_exceeded
2012-01-12,strategy_position_limit_reached,B_ETF_trend_following,QQQ,3492.564265516315,3492.564265516315,0.0,0.0,,,42.53978300948562,37.00310305874244,Skipped signal: position_limit_exceeded
2012-01-13,strategy_position_limit_reached,B_ETF_trend_following,XLV,3496.345504206292,3496.345504206292,0.0,0.0,,,34.03058001351685,29.577480399877373,Skipped signal: position_limit_exceeded
2012-01-13,strategy_position_limit_reached,B_ETF_trend_following,XLK,3496.345504206292,3496.345504206292,0.0,0.0,,,34.03058001351685,29.577480399877373,Skipped signal: position_limit_exceeded
2012-01-13,strategy_position_limit_reached,B_ETF_trend_following,QQQ,3496.345504206292,3496.345504206292,0.0,0.0,,,34.03058001351685,29.577480399877373,Skipped signal: position_limit_exceeded
2012-01-17,strategy_position_limit_reached,B_ETF_trend_following,SHY,3508.617321228372,3508.617321228372,0.0,0.0,,,32.99662267135142,4.2218578379382565,Skipped signal: position_limit_exceeded
2012-01-18,strategy_position_limit_reached,B_ETF_trend_following,XLV,3525.6708673261655,3525.6708673261655,0.0,0.0,,,29.71445645527611,26.715593279302624,Skipped signal: position_limit_exceeded
2012-01-18,strategy_position_limit_reached,B_ETF_trend_following,SHY,3525.6708673261655,3525.6708673261655,0.0,0.0,,,29.71445645527611,2.998863175973487,Skipped signal: position_limit_exceeded
2012-01-18,strategy_position_limit_reached,B_ETF_trend_following,QQQ,3525.6708673261655,3525.6708673261655,0.0,0.0,,,29.71445645527611,26.715593279302624,Skipped signal: position_limit_exceeded
2012-01-19,strategy_position_limit_reached,B_ETF_trend_following,XLV,3531.2549609442003,3531.2549609442003,0.0,0.0,,,8.381993343656594,5.38643193227219,Skipped signal: position_limit_exceeded
2012-01-19,strategy_position_limit_reached,B_ETF_trend_following,XLK,3531.2549609442003,3531.2549609442003,0.0,0.0,,,8.381993343656594,5.38643193227219,Skipped signal: position_limit_exceeded
2012-01-19,strategy_position_limit_reached,B_ETF_trend_following,QQQ,3531.2549609442003,3531.2549609442003,0.0,0.0,,,8.381993343656594,5.38643193227219,Skipped signal: position_limit_exceeded
2012-01-20,strategy_position_limit_reached,B_ETF_trend_following,XLK,3512.292402296369,3512.292402296369,0.0,0.0,,,2.995561411384404,0.0,Skipped signal: position_limit_exceeded
2012-01-20,strategy_position_limit_reached,B_ETF_trend_following,QQQ,3512.292402296369,3512.292402296369,0.0,0.0,,,2.995561411384404,0.0,Skipped signal: position_limit_exceeded
2012-01-23,strategy_position_limit_reached,B_ETF_trend_following,XLK,3512.6304288581396,3512.6304288581396,0.0,0.0,,,6.678620657568492,0.0,Skipped signal: position_limit_exceeded
2012-01-24,strategy_position_limit_reached,B_ETF_trend_following,XLK,3509.638364671245,3509.638364671245,0.0,0.0,,,6.678620657568492,0.0,Skipped signal: position_limit_exceeded
2012-01-24,strategy_position_limit_reached,B_ETF_trend_following,GLD,3509.638364671245,3509.638364671245,0.0,0.0,,,6.678620657568492,0.0,Skipped signal: position_limit_exceeded
2012-01-26,strategy_position_limit_reached,B_ETF_trend_following,XLI,3506.266430831106,3506.266430831106,0.0,0.0,,,30.54791976363482,26.108906265370692,Skipped signal: position_limit_exceeded
2012-01-26,strategy_position_limit_reached,B_ETF_trend_following,SPY,3506.266430831106,3506.266430831106,0.0,0.0,,,30.54791976363482,26.108906265370692,Skipped signal: position_limit_exceeded
2012-01-26,strategy_position_limit_reached,B_ETF_trend_following,SHY,3506.266430831106,3506.266430831106,0.0,0.0,,,30.54791976363482,4.439013498264128,Skipped signal: position_limit_exceeded
2012-01-26,strategy_position_limit_reached,B_ETF_trend_following,XLK,3506.266430831106,3506.266430831106,0.0,0.0,,,30.54791976363482,26.108906265370692,Skipped signal: position_limit_exceeded
2012-01-27,strategy_position_limit_reached,B_ETF_trend_following,SHY,3508.0807004965377,3508.0807004965377,0.0,0.0,,,27.27731880935104,1.1684125439803474,Skipped signal: position_limit_exceeded
2012-01-27,strategy_position_limit_reached,B_ETF_trend_following,GLD,3508.0807004965377,3508.0807004965377,0.0,0.0,,,27.27731880935104,0.0,Skipped signal: position_limit_exceeded
2012-01-30,strategy_position_limit_reached,B_ETF_trend_following,SHY,3504.3190413207876,3504.3190413207876,0.0,0.0,,,26.117557552891498,0.00865128752080576,Skipped signal: position_limit_exceeded
2012-01-30,strategy_position_limit_reached,B_ETF_trend_following,GLD,3504.3190413207876,3504.3190413207876,0.0,0.0,,,26.117557552891498,0.0,Skipped signal: position_limit_exceeded
2012-01-31,strategy_position_limit_reached,B_ETF_trend_following,IEF,3507.732012033741,3507.732012033741,0.0,0.0,,,26.117557552891498,0.00865128752080576,Skipped signal: position_limit_exceeded
2012-01-31,strategy_position_limit_reached,B_ETF_trend_following,QQQ,3507.732012033741,3507.732012033741,0.0,0.0,,,26.117557552891498,26.108906265370692,Skipped signal: position_limit_exceeded
2012-02-01,strategy_position_limit_reached,B_ETF_trend_following,IEF,3523.8044368837973,3523.8044368837973,0.0,0.0,,,26.117557552891498,0.00865128752080576,Skipped signal: position_limit_exceeded
2012-02-01,strategy_position_limit_reached,B_ETF_trend_following,QQQ,3523.8044368837973,3523.8044368837973,0.0,0.0,,,26.117557552891498,26.108906265370692,Skipped signal: position_limit_exceeded
2012-02-01,strategy_position_limit_reached,B_ETF_trend_following,GLD,3523.8044368837973,3523.8044368837973,0.0,0.0,,,26.117557552891498,0.0,Skipped signal: position_limit_exceeded
2012-02-02,strategy_position_limit_reached,B_ETF_trend_following,XLI,3517.595796162094,3517.595796162094,0.0,0.0,,,26.117505325912624,26.108906265370692,Skipped signal: position_limit_exceeded
2012-02-02,strategy_position_limit_reached,B_ETF_trend_following,QQQ,3517.595796162094,3517.595796162094,0.0,0.0,,,26.117505325912624,26.108906265370692,Skipped signal: position_limit_exceeded
2012-02-02,strategy_position_limit_reached,B_ETF_trend_following,XLK,3517.595796162094,3517.595796162094,0.0,0.0,,,26.117505325912624,26.108906265370692,Skipped signal: position_limit_exceeded
2012-02-02,strategy_position_limit_reached,B_ETF_trend_following,GLD,3517.595796162094,3517.595796162094,0.0,0.0,,,26.117505325912624,0.0,Skipped signal: position_limit_exceeded
2012-02-03,strategy_position_limit_reached,B_ETF_trend_following,XLI,3549.636670721502,3549.636670721502,0.0,0.0,,,26.117173709644753,26.108906265370692,Skipped signal: position_limit_exceeded
2012-02-03,strategy_position_limit_reached,B_ETF_trend_following,SPY,3549.636670721502,3549.636670721502,0.0,0.0,,,26.117173709644753,26.108906265370692,Skipped signal: position_limit_exceeded
2012-02-03,strategy_position_limit_reached,B_ETF_trend_following,XLK,3549.636670721502,3549.636670721502,0.0,0.0,,,26.117173709644753,26.108906265370692,Skipped signal: position_limit_exceeded
2012-02-03,strategy_position_limit_reached,B_ETF_trend_following,QQQ,3549.636670721502,3549.636670721502,0.0,0.0,,,26.117173709644753,26.108906265370692,Skipped signal: position_limit_exceeded
2012-02-03,strategy_position_limit_reached,B_ETF_trend_following,GLD,3549.636670721502,3549.636670721502,0.0,0.0,,,26.117173709644753,0.0,Skipped signal: position_limit_exceeded
2012-02-06,strategy_position_limit_reached,B_ETF_trend_following,XLI,3537.561708817211,3537.561708817211,0.0,0.0,,,39.02647581747436,39.02647581747436,Skipped signal: position_limit_exceeded
2012-02-06,strategy_position_limit_reached,B_ETF_trend_following,QQQ,3537.561708817211,3537.561708817211,0.0,0.0,,,39.02647581747436,39.02647581747436,Skipped signal: position_limit_exceeded
2012-02-06,strategy_position_limit_reached,B_ETF_trend_following,SPY,3537.561708817211,3537.561708817211,0.0,0.0,,,39.02647581747436,39.02647581747436,Skipped signal: position_limit_exceeded
2012-02-06,strategy_position_limit_reached,B_ETF_trend_following,XLK,3537.561708817211,3537.561708817211,0.0,0.0,,,39.02647581747436,39.02647581747436,Skipped signal: position_limit_exceeded
2012-02-07,strategy_position_limit_reached,B_ETF_trend_following,XLK,3551.976920619701,3551.976920619701,0.0,0.0,,,39.02647581747436,39.02647581747436,Skipped signal: position_limit_exceeded
2012-02-08,strategy_position_limit_reached,B_ETF_trend_following,SPY,3555.4235447932338,3555.4235447932338,0.0,0.0,,,39.02647581747436,39.02647581747436,Skipped signal: position_limit_exceeded
2012-02-08,strategy_position_limit_reached,B_ETF_trend_following,QQQ,3555.4235447932338,3555.4235447932338,0.0,0.0,,,39.02647581747436,39.02647581747436,Skipped signal: position_limit_exceeded
2012-02-08,strategy_position_limit_reached,B_ETF_trend_following,XLK,3555.4235447932338,3555.4235447932338,0.0,0.0,,,39.02647581747436,39.02647581747436,Skipped signal: position_limit_exceeded
2012-02-09,strategy_position_limit_reached,B_ETF_trend_following,SPY,3546.8439772341167,3546.8439772341167,0.0,0.0,,,39.02647581747436,39.02647581747436,Skipped signal: position_limit_exceeded
2012-02-09,strategy_position_limit_reached,B_ETF_trend_following,QQQ,3546.8439772341167,3546.8439772341167,0.0,0.0,,,39.02647581747436,39.02647581747436,Skipped signal: position_limit_exceeded
2012-02-09,strategy_position_limit_reached,B_ETF_trend_following,XLK,3546.8439772341167,3546.8439772341167,0.0,0.0,,,39.02647581747436,39.02647581747436,Skipped signal: position_limit_exceeded
2012-02-10,strategy_position_limit_reached,B_ETF_trend_following,XLI,3530.2381141379865,3530.2381141379865,0.0,0.0,,,39.02647581747436,39.02647581747436,Skipped signal: position_limit_exceeded
2012-02-10,strategy_position_limit_reached,B_ETF_trend_following,QQQ,3530.2381141379865,3530.2381141379865,0.0,0.0,,,39.02647581747436,39.02647581747436,Skipped signal: position_limit_exceeded
2012-02-10,strategy_position_limit_reached,B_ETF_trend_following,XLK,3530.2381141379865,3530.2381141379865,0.0,0.0,,,39.02647581747436,39.02647581747436,Skipped signal: position_limit_exceeded
2012-02-10,strategy_position_limit_reached,B_ETF_trend_following,SPY,3530.2381141379865,3530.2381141379865,0.0,0.0,,,39.02647581747436,39.02647581747436,Skipped signal: position_limit_exceeded
2012-02-10,strategy_position_limit_reached,B_ETF_trend_following,XLP,3530.2381141379865,3530.2381141379865,0.0,0.0,,,39.02647581747436,39.02647581747436,Skipped signal: position_limit_exceeded
2012-02-14,strategy_position_limit_reached,B_ETF_trend_following,QQQ,3564.5342951445728,3564.5342951445728,0.0,0.0,,,39.02647581747436,39.02647581747436,Skipped signal: position_limit_exceeded
2012-02-14,strategy_position_limit_reached,B_ETF_trend_following,XLI,3564.5342951445728,3564.5342951445728,0.0,0.0,,,39.02647581747436,39.02647581747436,Skipped signal: position_limit_exceeded
2012-02-14,strategy_position_limit_reached,B_ETF_trend_following,XLP,3564.5342951445728,3564.5342951445728,0.0,0.0,,,39.02647581747436,39.02647581747436,Skipped signal: position_limit_exceeded
2012-02-15,strategy_position_limit_reached,B_ETF_trend_following,QQQ,3553.9338478213904,3553.9338478213904,0.0,0.0,,,38.91365534593031,38.91365534593031,Skipped signal: position_limit_exceeded
2012-02-15,strategy_position_limit_reached,B_ETF_trend_following,XLK,3553.9338478213904,3553.9338478213904,0.0,0.0,,,38.91365534593031,38.91365534593031,Skipped signal: position_limit_exceeded
2012-02-15,strategy_position_limit_reached,B_ETF_trend_following,XLP,3553.9338478213904,3553.9338478213904,0.0,0.0,,,38.91365534593031,38.91365534593031,Skipped signal: position_limit_exceeded
2012-02-17,strategy_position_limit_reached,B_ETF_trend_following,QQQ,3577.5216015723477,3577.5216015723477,0.0,0.0,,,34.06063340777926,34.06063340777926,Skipped signal: position_limit_exceeded
2012-02-17,strategy_position_limit_reached,B_ETF_trend_following,SPY,3577.5216015723477,3577.5216015723477,0.0,0.0,,,34.06063340777926,34.06063340777926,Skipped signal: position_limit_exceeded
2012-02-17,strategy_position_limit_reached,B_ETF_trend_following,XLK,3577.5216015723477,3577.5216015723477,0.0,0.0,,,34.06063340777926,34.06063340777926,Skipped signal: position_limit_exceeded
2012-02-17,strategy_position_limit_reached,B_ETF_trend_following,XLP,3577.5216015723477,3577.5216015723477,0.0,0.0,,,34.06063340777926,34.06063340777926,Skipped signal: position_limit_exceeded
2012-02-17,strategy_position_limit_reached,B_ETF_trend_following,SMH,3577.5216015723477,3577.5216015723477,0.0,0.0,,,34.06063340777926,34.06063340777926,Skipped signal: position_limit_exceeded
2012-02-21,strategy_position_limit_reached,B_ETF_trend_following,SPY,3557.3089207890016,3557.3089207890016,0.0,0.0,,,33.6990807051029,33.6990807051029,Skipped signal: position_limit_exceeded
2012-02-21,strategy_position_limit_reached,B_ETF_trend_following,XLF,3557.3089207890016,3557.3089207890016,0.0,0.0,,,33.6990807051029,33.6990807051029,Skipped signal: position_limit_exceeded
2012-02-21,strategy_position_limit_reached,B_ETF_trend_following,XLP,3557.3089207890016,3557.3089207890016,0.0,0.0,,,33.6990807051029,33.6990807051029,Skipped signal: position_limit_exceeded
2012-02-21,strategy_position_limit_reached,B_ETF_trend_following,XLE,3557.3089207890016,3557.3089207890016,0.0,0.0,,,33.6990807051029,33.6990807051029,Skipped signal: position_limit_exceeded
2012-02-22,strategy_position_limit_reached,B_ETF_trend_following,SPY,3553.5169967693146,3553.5169967693146,0.0,0.0,,,33.6990807051029,33.6990807051029,Skipped signal: position_limit_exceeded
2012-02-22,strategy_position_limit_reached,B_ETF_trend_following,XLK,3553.5169967693146,3553.5169967693146,0.0,0.0,,,33.6990807051029,33.6990807051029,Skipped signal: position_limit_exceeded
2012-02-22,strategy_position_limit_reached,B_ETF_trend_following,XLE,3553.5169967693146,3553.5169967693146,0.0,0.0,,,33.6990807051029,33.6990807051029,Skipped signal: position_limit_exceeded
2012-02-23,strategy_position_limit_reached,B_ETF_trend_following,XLE,3562.491668333312,3562.491668333312,0.0,0.0,,,33.6990807051029,33.6990807051029,Skipped signal: position_limit_exceeded
2012-02-23,strategy_position_limit_reached,B_ETF_trend_following,GLD,3562.491668333312,3562.491668333312,0.0,0.0,,,33.6990807051029,0.0,Skipped signal: position_limit_exceeded
2012-02-24,strategy_position_limit_reached,B_ETF_trend_following,QQQ,3571.1815373799136,3571.1815373799136,0.0,0.0,,,31.5295979288734,31.5295979288734,Skipped signal: position_limit_exceeded
2012-02-24,strategy_position_limit_reached,B_ETF_trend_following,SPY,3571.1815373799136,3571.1815373799136,0.0,0.0,,,31.5295979288734,31.5295979288734,Skipped signal: position_limit_exceeded
2012-02-24,strategy_position_limit_reached,B_ETF_trend_following,XLK,3571.1815373799136,3571.1815373799136,0.0,0.0,,,31.5295979288734,31.5295979288734,Skipped signal: position_limit_exceeded
2012-02-24,strategy_position_limit_reached,B_ETF_trend_following,XLI,3571.1815373799136,3571.1815373799136,0.0,0.0,,,31.5295979288734,31.5295979288734,Skipped signal: position_limit_exceeded
2012-02-24,strategy_position_limit_reached,B_ETF_trend_following,XLE,3571.1815373799136,3571.1815373799136,0.0,0.0,,,31.5295979288734,31.5295979288734,Skipped signal: position_limit_exceeded
2012-02-27,strategy_position_limit_reached,B_ETF_trend_following,QQQ,3582.949885676441,3582.949885676441,0.0,0.0,,,34.70208236874895,34.70208236874895,Skipped signal: position_limit_exceeded
2012-02-27,strategy_position_limit_reached,B_ETF_trend_following,XLK,3582.949885676441,3582.949885676441,0.0,0.0,,,34.70208236874895,34.70208236874895,Skipped signal: position_limit_exceeded
2012-02-27,strategy_position_limit_reached,B_ETF_trend_following,SPY,3582.949885676441,3582.949885676441,0.0,0.0,,,34.70208236874895,34.70208236874895,Skipped signal: position_limit_exceeded
2012-02-27,strategy_position_limit_reached,B_ETF_trend_following,XLE,3582.949885676441,3582.949885676441,0.0,0.0,,,34.70208236874895,34.70208236874895,Skipped signal: position_limit_exceeded
2012-02-28,strategy_position_limit_reached,B_ETF_trend_following,XLK,3601.6533177231613,3601.6533177231613,0.0,0.0,,,34.70208236874895,34.70208236874895,Skipped signal: position_limit_exceeded
2012-02-28,strategy_position_limit_reached,B_ETF_trend_following,QQQ,3601.6533177231613,3601.6533177231613,0.0,0.0,,,34.70208236874895,34.70208236874895,Skipped signal: position_limit_exceeded
2012-02-28,strategy_position_limit_reached,B_ETF_trend_following,SPY,3601.6533177231613,3601.6533177231613,0.0,0.0,,,34.70208236874895,34.70208236874895,Skipped signal: position_limit_exceeded
2012-02-28,strategy_position_limit_reached,B_ETF_trend_following,XLI,3601.6533177231613,3601.6533177231613,0.0,0.0,,,34.70208236874895,34.70208236874895,Skipped signal: position_limit_exceeded
2012-02-29,strategy_position_limit_reached,B_ETF_trend_following,XLK,3584.484491054652,3584.484491054652,0.0,0.0,,,28.07677484431108,28.07677484431108,Skipped signal: position_limit_exceeded
2012-02-29,strategy_position_limit_reached,B_ETF_trend_following,QQQ,3584.484491054652,3584.484491054652,0.0,0.0,,,28.07677484431108,28.07677484431108,Skipped signal: position_limit_exceeded
2012-02-29,strategy_position_limit_reached,B_ETF_trend_following,SPY,3584.484491054652,3584.484491054652,0.0,0.0,,,28.07677484431108,28.07677484431108,Skipped signal: position_limit_exceeded
2012-02-29,strategy_position_limit_reached,B_ETF_trend_following,XLP,3584.484491054652,3584.484491054652,0.0,0.0,,,28.07677484431108,28.07677484431108,Skipped signal: position_limit_exceeded
2012-02-29,strategy_position_limit_reached,B_ETF_trend_following,XLF,3584.484491054652,3584.484491054652,0.0,0.0,,,28.07677484431108,28.07677484431108,Skipped signal: position_limit_exceeded
2012-03-01,strategy_position_limit_reached,B_ETF_trend_following,XLP,3608.325498126976,3608.325498126976,0.0,0.0,,,27.49223490986013,27.49223490986013,Skipped signal: position_limit_exceeded
2012-03-02,strategy_position_limit_reached,B_ETF_trend_following,XLK,3604.0058121862703,3604.0058121862703,0.0,0.0,,,24.884674319637305,24.884674319637305,Skipped signal: position_limit_exceeded
2012-03-02,strategy_position_limit_reached,B_ETF_trend_following,QQQ,3604.0058121862703,3604.0058121862703,0.0,0.0,,,24.884674319637305,24.884674319637305,Skipped signal: position_limit_exceeded
2012-03-02,strategy_position_limit_reached,B_ETF_trend_following,SPY,3604.0058121862703,3604.0058121862703,0.0,0.0,,,24.884674319637305,24.884674319637305,Skipped signal: position_limit_exceeded
2012-03-02,strategy_position_limit_reached,B_ETF_trend_following,XLF,3604.0058121862703,3604.0058121862703,0.0,0.0,,,24.884674319637305,24.884674319637305,Skipped signal: position_limit_exceeded
2012-03-06,strategy_position_limit_reached,B_ETF_trend_following,XLP,3545.1991780922162,3545.1991780922162,0.0,0.0,,,23.929487678915375,23.929487678915375,Skipped signal: position_limit_exceeded
2012-03-19,strategy_position_limit_reached,A_ETF_sector_momentum,QQQ,3668.877306793888,3668.877306793888,0.0,0.0,,,13.764621808542357,13.764621808542357,Skipped signal: position_limit_exceeded
2012-03-26,strategy_position_limit_reached,A_ETF_sector_momentum,QQQ,3728.3962566633504,3728.3962566633504,0.0,0.0,,,6.158590374144789,6.158590374144789,Skipped signal: position_limit_exceeded
2012-04-02,strategy_position_limit_reached,A_ETF_sector_momentum,QQQ,3719.6472929069373,3719.6472929069373,0.0,0.0,,,0.0,0.0,Skipped signal: position_limit_exceeded
2012-04-11,strategy_position_limit_reached,B_ETF_trend_following,TLT,3637.504490872243,3637.504490872243,0.0,0.0,,,18.83379099895609,18.83379099895609,Skipped signal: position_limit_exceeded
2012-04-19,strategy_position_limit_reached,B_ETF_trend_following,TLT,3639.214283279486,3639.214283279486,0.0,0.0,,,32.48096805758205,14.981307374142204,Skipped signal: position_limit_exceeded
2012-04-20,strategy_position_limit_reached,B_ETF_trend_following,TLT,3637.3767020092323,3637.3767020092323,0.0,0.0,,,29.94065359711054,12.4409929136707,Skipped signal: position_limit_exceeded
2012-04-23,strategy_position_limit_reached,B_ETF_trend_following,TLT,3634.045761459839,3634.045761459839,0.0,0.0,,,29.698828023041713,12.199167339601871,Skipped signal: position_limit_exceeded
2012-04-24,strategy_position_limit_reached,B_ETF_trend_following,TLT,3628.103103504295,3628.103103504295,0.0,0.0,,,8.684804333606266,8.684804333606266,Skipped signal: position_limit_exceeded
2012-04-26,strategy_position_limit_reached,B_ETF_trend_following,XLU,3631.6698571149846,3631.6698571149846,0.0,0.0,,,8.237239440038465,0.0,Skipped signal: position_limit_exceeded
2012-04-27,strategy_position_limit_reached,B_ETF_trend_following,XLY,3632.8511750945017,3632.8511750945017,0.0,0.0,,,8.237239440038465,0.0,Skipped signal: position_limit_exceeded
2012-04-27,strategy_position_limit_reached,B_ETF_trend_following,XLU,3632.8511750945017,3632.8511750945017,0.0,0.0,,,8.237239440038465,0.0,Skipped signal: position_limit_exceeded
2012-04-30,strategy_position_limit_reached,B_ETF_trend_following,XLY,3630.5123097542582,3630.5123097542582,0.0,0.0,,,26.71812252260415,19.691645933638092,Skipped signal: position_limit_exceeded
2012-04-30,strategy_position_limit_reached,B_ETF_trend_following,XLU,3630.5123097542582,3630.5123097542582,0.0,0.0,,,26.71812252260415,19.691645933638092,Skipped signal: position_limit_exceeded
2012-05-01,strategy_position_limit_reached,B_ETF_trend_following,XLU,3632.474324235008,3632.474324235008,0.0,0.0,,,24.519474399000956,19.691645933638092,Skipped signal: position_limit_exceeded
2012-05-02,strategy_position_limit_reached,B_ETF_trend_following,XLY,3639.310164453154,3639.310164453154,0.0,0.0,,,24.519474399000956,19.691645933638092,Skipped signal: position_limit_exceeded
2012-05-02,strategy_position_limit_reached,B_ETF_trend_following,XLU,3639.310164453154,3639.310164453154,0.0,0.0,,,24.519474399000956,19.691645933638092,Skipped signal: position_limit_exceeded
2012-05-03,strategy_position_limit_reached,B_ETF_trend_following,XLY,3633.40357924167,3633.40357924167,0.0,0.0,,,22.721807050428048,19.691645933638092,Skipped signal: position_limit_exceeded
2012-05-04,strategy_position_limit_reached,B_ETF_trend_following,XLP,3625.9212856015056,3625.9212856015056,0.0,0.0,,,22.229133681509353,19.691645933638092,Skipped signal: position_limit_exceeded
2012-05-07,strategy_position_limit_reached,B_ETF_trend_following,TLT,3625.1932380376747,3625.1932380376747,0.0,0.0,,,19.691645933638092,0.0,Skipped signal: position_limit_exceeded
2012-05-08,strategy_position_limit_reached,B_ETF_trend_following,TLT,3620.3059462799492,3620.3059462799492,0.0,0.0,,,19.691645933638092,0.0,Skipped signal: position_limit_exceeded
2012-05-09,strategy_position_limit_reached,B_ETF_trend_following,TLT,3624.146493322846,3624.146493322846,0.0,0.0,,,0.0,0.0,Skipped signal: position_limit_exceeded
2012-05-10,strategy_position_limit_reached,B_ETF_trend_following,TLT,3621.8922852692267,3621.8922852692267,0.0,0.0,,,0.0,0.0,Skipped signal: position_limit_exceeded
2012-05-11,strategy_position_limit_reached,B_ETF_trend_following,XLU,3626.9226624342227,3626.9226624342227,0.0,0.0,,,0.0,0.0,Skipped signal: position_limit_exceeded
2012-05-14,strategy_position_limit_reached,B_ETF_trend_following,XLU,3634.6249256424226,3634.6249256424226,0.0,0.0,,,13.66478871266863,13.66478871266863,Skipped signal: position_limit_exceeded
2012-05-14,strategy_position_limit_reached,B_ETF_trend_following,TLT,3634.6249256424226,3634.6249256424226,0.0,0.0,,,13.66478871266863,0.0,Skipped signal: position_limit_exceeded
2012-05-15,strategy_position_limit_reached,B_ETF_trend_following,TLT,3630.7317766357246,3630.7317766357246,0.0,0.0,,,13.66478871266863,0.0,Skipped signal: position_limit_exceeded
2012-05-16,strategy_position_limit_reached,B_ETF_trend_following,TLT,3632.7987658691777,3632.7987658691777,0.0,0.0,,,13.66478871266863,0.0,Skipped signal: position_limit_exceeded
2012-05-17,strategy_position_limit_reached,B_ETF_trend_following,TLT,3631.2730008353847,3631.2730008353847,0.0,0.0,,,13.66478871266863,0.0,Skipped signal: position_limit_exceeded
2012-06-01,strategy_position_limit_reached,B_ETF_trend_following,SHY,3753.5313613253497,3753.5313613253497,0.0,0.0,,,0.0,0.0,Skipped signal: position_limit_exceeded
2012-06-04,strategy_position_limit_reached,B_ETF_trend_following,SHY,3728.616716920441,3728.616716920441,0.0,0.0,,,0.0,0.0,Skipped signal: position_limit_exceeded
2012-06-06,strategy_position_limit_reached,B_ETF_trend_following,XLU,3656.4968440054076,3656.4968440054076,0.0,0.0,,,0.0,0.0,Skipped signal: position_limit_exceeded
2012-06-06,strategy_position_limit_reached,B_ETF_trend_following,SHY,3656.4968440054076,3656.4968440054076,0.0,0.0,,,0.0,0.0,Skipped signal: position_limit_exceeded
2012-06-15,strategy_position_limit_reached,B_ETF_trend_following,XLV,3717.030571092251,3717.030571092251,0.0,0.0,,,57.27789196880733,57.27789196880733,Skipped signal: position_limit_exceeded
2012-06-18,strategy_position_limit_reached,B_ETF_trend_following,XLV,3730.265613218465,3730.265613218465,0.0,0.0,,,47.34902224644891,47.34902224644891,Skipped signal: position_limit_exceeded
2012-06-19,strategy_position_limit_reached,B_ETF_trend_following,XLV,3723.1583728987507,3723.1583728987507,0.0,0.0,,,35.96427397425181,35.96427397425181,Skipped signal: position_limit_exceeded
2012-06-19,strategy_position_limit_reached,B_ETF_trend_following,SPY,3723.1583728987507,3723.1583728987507,0.0,0.0,,,35.96427397425181,35.96427397425181,Skipped signal: position_limit_exceeded
2012-06-20,strategy_position_limit_reached,B_ETF_trend_following,XLV,3690.2197642280826,3690.2197642280826,0.0,0.0,,,35.96427397425181,35.96427397425181,Skipped signal: position_limit_exceeded
2012-06-20,strategy_position_limit_reached,B_ETF_trend_following,XLY,3690.2197642280826,3690.2197642280826,0.0,0.0,,,35.96427397425181,35.96427397425181,Skipped signal: position_limit_exceeded
2012-06-20,strategy_position_limit_reached,B_ETF_trend_following,SPY,3690.2197642280826,3690.2197642280826,0.0,0.0,,,35.96427397425181,35.96427397425181,Skipped signal: position_limit_exceeded
2012-06-20,strategy_position_limit_reached,B_ETF_trend_following,XLB,3690.2197642280826,3690.2197642280826,0.0,0.0,,,35.96427397425181,35.96427397425181,Skipped signal: position_limit_exceeded
2012-06-20,strategy_position_limit_reached,B_ETF_trend_following,IWM,3690.2197642280826,3690.2197642280826,0.0,0.0,,,35.96427397425181,35.96427397425181,Skipped signal: position_limit_exceeded
2012-06-21,strategy_position_limit_reached,B_ETF_trend_following,XLK,3650.977098720451,3650.977098720451,0.0,0.0,,,35.96427397425181,35.96427397425181,Skipped signal: position_limit_exceeded
2012-06-21,strategy_position_limit_reached,B_ETF_trend_following,QQQ,3650.977098720451,3650.977098720451,0.0,0.0,,,35.96427397425181,35.96427397425181,Skipped signal: position_limit_exceeded
2012-06-21,strategy_position_limit_reached,B_ETF_trend_following,SMH,3650.977098720451,3650.977098720451,0.0,0.0,,,35.96427397425181,35.96427397425181,Skipped signal: position_limit_exceeded
2012-07-16,strategy_position_limit_reached,A_ETF_sector_momentum,XLU,3724.3216081070964,3724.3216081070964,0.0,0.0,,,1.2715536663515927,1.2715536663515927,Skipped signal: position_limit_exceeded
2012-07-23,strategy_position_limit_reached,A_ETF_sector_momentum,XLU,3731.3603965596258,3731.3603965596258,0.0,0.0,,,0.7571969559358052,0.7571969559358052,Skipped signal: position_limit_exceeded
2012-07-30,strategy_position_limit_reached,B_ETF_trend_following,XLV,3706.927424543247,3706.927424543247,0.0,0.0,,,67.50277793713626,67.50277793713626,Skipped signal: position_limit_exceeded
2012-07-30,strategy_position_limit_reached,B_ETF_trend_following,SPY,3706.927424543247,3706.927424543247,0.0,0.0,,,67.50277793713626,67.50277793713626,Skipped signal: position_limit_exceeded
2012-07-30,strategy_position_limit_reached,B_ETF_trend_following,XLK,3706.927424543247,3706.927424543247,0.0,0.0,,,67.50277793713626,67.50277793713626,Skipped signal: position_limit_exceeded
2012-07-31,strategy_position_limit_reached,B_ETF_trend_following,XLK,3679.547036315984,3679.547036315984,0.0,0.0,,,60.22150486161357,60.22150486161357,Skipped signal: position_limit_exceeded
2012-08-01,strategy_position_limit_reached,B_ETF_trend_following,XLK,3653.308775497293,3653.308775497293,0.0,0.0,,,59.75883933518586,59.75883933518586,Skipped signal: position_limit_exceeded
2012-08-06,strategy_position_limit_reached,B_ETF_trend_following,QQQ,3619.068612050196,3619.068612050196,0.0,0.0,,,92.36073188859477,59.29811016678396,Skipped signal: position_limit_exceeded
2012-08-06,strategy_position_limit_reached,B_ETF_trend_following,XLY,3619.068612050196,3619.068612050196,0.0,0.0,,,92.36073188859477,59.29811016678396,Skipped signal: position_limit_exceeded
2012-08-06,strategy_position_limit_reached,B_ETF_trend_following,XLF,3619.068612050196,3619.068612050196,0.0,0.0,,,92.36073188859477,59.29811016678396,Skipped signal: position_limit_exceeded
2012-08-07,strategy_position_limit_reached,B_ETF_trend_following,QQQ,3612.6096518860795,3612.6096518860795,0.0,0.0,,,92.36073188859477,59.29811016678396,Skipped signal: position_limit_exceeded
2012-08-07,strategy_position_limit_reached,B_ETF_trend_following,XLY,3612.6096518860795,3612.6096518860795,0.0,0.0,,,92.36073188859477,59.29811016678396,Skipped signal: position_limit_exceeded
2012-08-07,strategy_position_limit_reached,B_ETF_trend_following,XLF,3612.6096518860795,3612.6096518860795,0.0,0.0,,,92.36073188859477,59.29811016678396,Skipped signal: position_limit_exceeded
2012-08-08,strategy_position_limit_reached,B_ETF_trend_following,QQQ,3607.014678188991,3607.014678188991,0.0,0.0,,,90.30822332810817,57.24560160629736,Skipped signal: position_limit_exceeded
2012-08-08,strategy_position_limit_reached,B_ETF_trend_following,XLY,3607.014678188991,3607.014678188991,0.0,0.0,,,90.30822332810817,57.24560160629736,Skipped signal: position_limit_exceeded
2012-08-08,strategy_position_limit_reached,B_ETF_trend_following,XLF,3607.014678188991,3607.014678188991,0.0,0.0,,,90.30822332810817,57.24560160629736,Skipped signal: position_limit_exceeded
2012-08-10,strategy_position_limit_reached,B_ETF_trend_following,QQQ,3609.6658459094842,3609.6658459094842,0.0,0.0,,,50.34582234382973,50.34582234382973,Skipped signal: position_limit_exceeded
2012-08-13,strategy_position_limit_reached,B_ETF_trend_following,QQQ,3611.945545831867,3611.945545831867,0.0,0.0,,,75.61993839795745,75.61993839795745,Skipped signal: position_limit_exceeded
2012-08-14,strategy_position_limit_reached,B_ETF_trend_following,QQQ,3609.1744863651284,3609.1744863651284,0.0,0.0,,,73.31151327198262,73.31151327198262,Skipped signal: position_limit_exceeded
2012-08-14,strategy_position_limit_reached,B_ETF_trend_following,XLF,3609.1744863651284,3609.1744863651284,0.0,0.0,,,73.31151327198262,73.31151327198262,Skipped signal: position_limit_exceeded
2012-08-15,strategy_position_limit_reached,B_ETF_trend_following,QQQ,3604.2824138455717,3604.2824138455717,0.0,0.0,,,71.332750350992,71.332750350992,Skipped signal: position_limit_exceeded
2012-08-16,strategy_position_limit_reached,B_ETF_trend_following,QQQ,3621.6841112091843,3621.6841112091843,0.0,0.0,,,67.4417702163651,67.4417702163651,Skipped signal: position_limit_exceeded
2012-08-16,strategy_position_limit_reached,B_ETF_trend_following,XLF,3621.6841112091843,3621.6841112091843,0.0,0.0,,,67.4417702163651,67.4417702163651,Skipped signal: position_limit_exceeded
2012-08-16,strategy_position_limit_reached,B_ETF_trend_following,IWM,3621.6841112091843,3621.6841112091843,0.0,0.0,,,67.4417702163651,67.4417702163651,Skipped signal: position_limit_exceeded
2012-08-17,strategy_position_limit_reached,B_ETF_trend_following,QQQ,3624.034109057201,3624.034109057201,0.0,0.0,,,48.70823982441334,48.70823982441334,Skipped signal: position_limit_exceeded
2012-08-17,strategy_position_limit_reached,B_ETF_trend_following,XLP,3624.034109057201,3624.034109057201,0.0,0.0,,,48.70823982441334,48.70823982441334,Skipped signal: position_limit_exceeded
2012-08-17,strategy_position_limit_reached,B_ETF_trend_following,XLF,3624.034109057201,3624.034109057201,0.0,0.0,,,48.70823982441334,48.70823982441334,Skipped signal: position_limit_exceeded
2012-08-17,strategy_position_limit_reached,B_ETF_trend_following,XLI,3624.034109057201,3624.034109057201,0.0,0.0,,,48.70823982441334,48.70823982441334,Skipped signal: position_limit_exceeded
2012-08-17,strategy_position_limit_reached,B_ETF_trend_following,XLY,3624.034109057201,3624.034109057201,0.0,0.0,,,48.70823982441334,48.70823982441334,Skipped signal: position_limit_exceeded
2012-08-20,strategy_position_limit_reached,B_ETF_trend_following,QQQ,3627.514575119003,3627.514575119003,0.0,0.0,,,44.69561995811759,44.69561995811759,Skipped signal: position_limit_exceeded
2012-08-20,strategy_position_limit_reached,B_ETF_trend_following,XLF,3627.514575119003,3627.514575119003,0.0,0.0,,,44.69561995811759,44.69561995811759,Skipped signal: position_limit_exceeded
2012-08-20,strategy_position_limit_reached,B_ETF_trend_following,XLP,3627.514575119003,3627.514575119003,0.0,0.0,,,44.69561995811759,44.69561995811759,Skipped signal: position_limit_exceeded
2012-08-20,strategy_position_limit_reached,B_ETF_trend_following,XLI,3627.514575119003,3627.514575119003,0.0,0.0,,,44.69561995811759,44.69561995811759,Skipped signal: position_limit_exceeded
2012-08-20,strategy_position_limit_reached,B_ETF_trend_following,XLY,3627.514575119003,3627.514575119003,0.0,0.0,,,44.69561995811759,44.69561995811759,Skipped signal: position_limit_exceeded
2012-08-21,strategy_position_limit_reached,B_ETF_trend_following,XLF,3607.981161517271,3607.981161517271,0.0,0.0,,,42.002231166187165,42.002231166187165,Skipped signal: position_limit_exceeded
2012-08-21,strategy_position_limit_reached,B_ETF_trend_following,QQQ,3607.981161517271,3607.981161517271,0.0,0.0,,,42.002231166187165,42.002231166187165,Skipped signal: position_limit_exceeded
2012-08-22,strategy_position_limit_reached,B_ETF_trend_following,XLF,3607.5618919492454,3607.5618919492454,0.0,0.0,,,41.25150503375783,41.25150503375783,Skipped signal: position_limit_exceeded
2012-08-23,strategy_position_limit_reached,B_ETF_trend_following,QQQ,3575.0941016883226,3575.0941016883226,0.0,0.0,,,40.82436694108121,40.82436694108121,Skipped signal: position_limit_exceeded
2012-08-30,strategy_position_limit_reached,B_ETF_trend_following,XLV,3574.1514043337265,3574.1514043337265,0.0,0.0,,,25.782886107027505,25.782886107027505,Skipped signal: position_limit_exceeded
2012-08-30,strategy_position_limit_reached,B_ETF_trend_following,XLY,3574.1514043337265,3574.1514043337265,0.0,0.0,,,25.782886107027505,25.782886107027505,Skipped signal: position_limit_exceeded
2012-09-04,strategy_position_limit_reached,B_ETF_trend_following,SHY,3592.738092652232,3592.738092652232,0.0,0.0,,,22.544882395267027,0.0,Skipped signal: position_limit_exceeded
2012-09-04,strategy_position_limit_reached,B_ETF_trend_following,IEF,3592.738092652232,3592.738092652232,0.0,0.0,,,22.544882395267027,0.0,Skipped signal: position_limit_exceeded
2012-09-04,strategy_position_limit_reached,B_ETF_trend_following,TLT,3592.738092652232,3592.738092652232,0.0,0.0,,,22.544882395267027,0.0,Skipped signal: position_limit_exceeded
2012-09-05,strategy_position_limit_reached,B_ETF_trend_following,XLV,3591.117798236642,3591.117798236642,0.0,0.0,,,21.07510937383995,21.07510937383995,Skipped signal: position_limit_exceeded
2012-09-05,strategy_position_limit_reached,B_ETF_trend_following,IWM,3591.117798236642,3591.117798236642,0.0,0.0,,,21.07510937383995,21.07510937383995,Skipped signal: position_limit_exceeded
2012-09-06,strategy_position_limit_reached,B_ETF_trend_following,XLV,3659.453939278251,3659.453939278251,0.0,0.0,,,21.07510937383995,21.07510937383995,Skipped signal: position_limit_exceeded
2012-09-06,strategy_position_limit_reached,B_ETF_trend_following,IWM,3659.453939278251,3659.453939278251,0.0,0.0,,,21.07510937383995,21.07510937383995,Skipped signal: position_limit_exceeded
2012-09-07,strategy_position_limit_reached,B_ETF_trend_following,XLV,3663.3177420801676,3663.3177420801676,0.0,0.0,,,0.0,0.0,Skipped signal: position_limit_exceeded
2012-09-07,strategy_position_limit_reached,B_ETF_trend_following,XLF,3663.3177420801676,3663.3177420801676,0.0,0.0,,,0.0,0.0,Skipped signal: position_limit_exceeded
2012-09-07,strategy_position_limit_reached,B_ETF_trend_following,QQQ,3663.3177420801676,3663.3177420801676,0.0,0.0,,,0.0,0.0,Skipped signal: position_limit_exceeded
2012-09-07,strategy_position_limit_reached,B_ETF_trend_following,IWM,3663.3177420801676,3663.3177420801676,0.0,0.0,,,0.0,0.0,Skipped signal: position_limit_exceeded
2012-09-07,strategy_position_limit_reached,B_ETF_trend_following,XLP,3663.3177420801676,3663.3177420801676,0.0,0.0,,,0.0,0.0,Skipped signal: position_limit_exceeded
2012-09-10,strategy_position_limit_reached,B_ETF_trend_following,XLE,3641.766899872759,3641.766899872759,0.0,0.0,,,0.0,0.0,Skipped signal: position_limit_exceeded
2012-09-10,strategy_position_limit_reached,B_ETF_trend_following,XLF,3641.766899872759,3641.766899872759,0.0,0.0,,,0.0,0.0,Skipped signal: position_limit_exceeded
2012-09-10,strategy_position_limit_reached,B_ETF_trend_following,IWM,3641.766899872759,3641.766899872759,0.0,0.0,,,0.0,0.0,Skipped signal: position_limit_exceeded
2012-09-10,strategy_position_limit_reached,B_ETF_trend_following,XLY,3641.766899872759,3641.766899872759,0.0,0.0,,,0.0,0.0,Skipped signal: position_limit_exceeded
2012-09-10,strategy_position_limit_reached,B_ETF_trend_following,XLB,3641.766899872759,3641.766899872759,0.0,0.0,,,0.0,0.0,Skipped signal: position_limit_exceeded
2012-09-12,strategy_position_limit_reached,B_ETF_trend_following,XLE,3658.4194824090237,3658.4194824090237,0.0,0.0,,,0.0,0.0,Skipped signal: position_limit_exceeded
2012-09-12,strategy_position_limit_reached,B_ETF_trend_following,XLB,3658.4194824090237,3658.4194824090237,0.0,0.0,,,0.0,0.0,Skipped signal: position_limit_exceeded
2012-09-13,strategy_position_limit_reached,B_ETF_trend_following,XLE,3705.7235746727038,3705.7235746727038,0.0,0.0,,,0.0,0.0,Skipped signal: position_limit_exceeded
2012-09-13,strategy_position_limit_reached,B_ETF_trend_following,IWM,3705.7235746727038,3705.7235746727038,0.0,0.0,,,0.0,0.0,Skipped signal: position_limit_exceeded
2012-09-13,strategy_position_limit_reached,B_ETF_trend_following,XLF,3705.7235746727038,3705.7235746727038,0.0,0.0,,,0.0,0.0,Skipped signal: position_limit_exceeded
2012-09-13,strategy_position_limit_reached,B_ETF_trend_following,XLY,3705.7235746727038,3705.7235746727038,0.0,0.0,,,0.0,0.0,Skipped signal: position_limit_exceeded
2012-09-14,strategy_position_limit_reached,B_ETF_trend_following,XLE,3710.4228011028554,3710.4228011028554,0.0,0.0,,,0.0,0.0,Skipped signal: position_limit_exceeded
2012-09-14,strategy_position_limit_reached,B_ETF_trend_following,IWM,3710.4228011028554,3710.4228011028554,0.0,0.0,,,0.0,0.0,Skipped signal: position_limit_exceeded
2012-09-14,strategy_position_limit_reached,B_ETF_trend_following,XLF,3710.4228011028554,3710.4228011028554,0.0,0.0,,,0.0,0.0,Skipped signal: position_limit_exceeded
2012-09-14,strategy_position_limit_reached,B_ETF_trend_following,XLY,3710.4228011028554,3710.4228011028554,0.0,0.0,,,0.0,0.0,Skipped signal: position_limit_exceeded
2012-09-14,strategy_position_limit_reached,B_ETF_trend_following,XLV,3710.4228011028554,3710.4228011028554,0.0,0.0,,,0.0,0.0,Skipped signal: position_limit_exceeded
2012-09-17,strategy_position_limit_reached,B_ETF_trend_following,IWM,3714.173740313032,3714.173740313032,0.0,0.0,,,0.0,0.0,Skipped signal: position_limit_exceeded
2012-09-17,strategy_position_limit_reached,B_ETF_trend_following,XLE,3714.173740313032,3714.173740313032,0.0,0.0,,,0.0,0.0,Skipped signal: position_limit_exceeded
2012-09-17,strategy_position_limit_reached,B_ETF_trend_following,XLF,3714.173740313032,3714.173740313032,0.0,0.0,,,0.0,0.0,Skipped signal: position_limit_exceeded
2012-09-17,strategy_position_limit_reached,B_ETF_trend_following,XLY,3714.173740313032,3714.173740313032,0.0,0.0,,,0.0,0.0,Skipped signal: position_limit_exceeded
2012-09-17,strategy_position_limit_reached,B_ETF_trend_following,QQQ,3714.173740313032,3714.173740313032,0.0,0.0,,,0.0,0.0,Skipped signal: position_limit_exceeded
2012-09-18,strategy_position_limit_reached,B_ETF_trend_following,XLV,3718.0518908118042,3718.0518908118042,0.0,0.0,,,0.0,0.0,Skipped signal: position_limit_exceeded
2012-09-18,strategy_position_limit_reached,B_ETF_trend_following,QQQ,3718.0518908118042,3718.0518908118042,0.0,0.0,,,0.0,0.0,Skipped signal: position_limit_exceeded
2012-09-19,strategy_position_limit_reached,B_ETF_trend_following,XLV,3721.039073770001,3721.039073770001,0.0,0.0,,,0.0,0.0,Skipped signal: position_limit_exceeded
2012-09-19,strategy_position_limit_reached,B_ETF_trend_following,QQQ,3721.039073770001,3721.039073770001,0.0,0.0,,,0.0,0.0,Skipped signal: position_limit_exceeded
2012-09-19,strategy_position_limit_reached,B_ETF_trend_following,XLP,3721.039073770001,3721.039073770001,0.0,0.0,,,0.0,0.0,Skipped signal: position_limit_exceeded
2012-09-20,strategy_position_limit_reached,B_ETF_trend_following,XLV,3725.7317934651683,3725.7317934651683,0.0,0.0,,,0.0,0.0,Skipped signal: position_limit_exceeded
2012-09-20,strategy_position_limit_reached,B_ETF_trend_following,QQQ,3725.7317934651683,3725.7317934651683,0.0,0.0,,,0.0,0.0,Skipped signal: position_limit_exceeded
2012-09-20,strategy_position_limit_reached,B_ETF_trend_following,XLY,3725.7317934651683,3725.7317934651683,0.0,0.0,,,0.0,0.0,Skipped signal: position_limit_exceeded
2012-09-20,strategy_position_limit_reached,B_ETF_trend_following,XLP,3725.7317934651683,3725.7317934651683,0.0,0.0,,,0.0,0.0,Skipped signal: position_limit_exceeded
2012-09-21,strategy_position_limit_reached,B_ETF_trend_following,XLV,3731.414484321138,3731.414484321138,0.0,0.0,,,0.0,0.0,Skipped signal: position_limit_exceeded
2012-09-21,strategy_position_limit_reached,B_ETF_trend_following,XLP,3731.414484321138,3731.414484321138,0.0,0.0,,,0.0,0.0,Skipped signal: position_limit_exceeded
2012-09-24,strategy_position_limit_reached,B_ETF_trend_following,XLV,3728.151595954104,3728.151595954104,0.0,0.0,,,0.0,0.0,Skipped signal: position_limit_exceeded
2012-09-24,strategy_position_limit_reached,B_ETF_trend_following,GLD,3728.151595954104,3728.151595954104,0.0,0.0,,,0.0,0.0,Skipped signal: position_limit_exceeded
2012-09-25,strategy_position_limit_reached,B_ETF_trend_following,XLV,3700.135935078235,3700.135935078235,0.0,0.0,,,0.0,0.0,Skipped signal: position_limit_exceeded
2012-10-04,strategy_position_limit_reached,B_ETF_trend_following,XLP,3744.8245642341867,3744.8245642341867,0.0,0.0,,,44.78518814500196,10.811484672671485,Skipped signal: position_limit_exceeded
2012-10-04,strategy_position_limit_reached,B_ETF_trend_following,IEF,3744.8245642341867,3744.8245642341867,0.0,0.0,,,44.78518814500196,0.0,Skipped signal: position_limit_exceeded
2012-10-04,strategy_position_limit_reached,B_ETF_trend_following,XLU,3744.8245642341867,3744.8245642341867,0.0,0.0,,,44.78518814500196,10.811484672671485,Skipped signal: position_limit_exceeded
2012-10-05,strategy_position_limit_reached,B_ETF_trend_following,XLP,3738.5365789150005,3738.5365789150005,0.0,0.0,,,32.21994274190494,5.477851532780297,Skipped signal: position_limit_exceeded
2012-10-05,strategy_position_limit_reached,B_ETF_trend_following,XLU,3738.5365789150005,3738.5365789150005,0.0,0.0,,,32.21994274190494,5.477851532780297,Skipped signal: position_limit_exceeded
2012-10-08,strategy_position_limit_reached,B_ETF_trend_following,XLP,3732.007371525354,3732.007371525354,0.0,0.0,,,28.866850009252172,4.813085526784307,Skipped signal: position_limit_exceeded
2012-10-18,strategy_position_limit_reached,B_ETF_trend_following,SPY,3680.6616639149443,3680.6616639149443,0.0,0.0,,,73.50502115791193,47.37130979380555,Skipped signal: position_limit_exceeded
2012-10-18,strategy_position_limit_reached,B_ETF_trend_following,XLE,3680.6616639149443,3680.6616639149443,0.0,0.0,,,73.50502115791193,47.37130979380555,Skipped signal: position_limit_exceeded
2012-10-18,strategy_position_limit_reached,B_ETF_trend_following,XLB,3680.6616639149443,3680.6616639149443,0.0,0.0,,,73.50502115791193,47.37130979380555,Skipped signal: position_limit_exceeded
2012-10-18,strategy_position_limit_reached,B_ETF_trend_following,XLU,3680.6616639149443,3680.6616639149443,0.0,0.0,,,73.50502115791193,47.37130979380555,Skipped signal: position_limit_exceeded
2012-10-19,strategy_position_limit_reached,B_ETF_trend_following,XLI,3631.7784682165093,3631.7784682165093,0.0,0.0,,,69.8783908507404,43.74467948663403,Skipped signal: position_limit_exceeded
2012-10-19,strategy_position_limit_reached,B_ETF_trend_following,XLB,3631.7784682165093,3631.7784682165093,0.0,0.0,,,69.8783908507404,43.74467948663403,Skipped signal: position_limit_exceeded
2012-10-19,strategy_position_limit_reached,B_ETF_trend_following,XLU,3631.7784682165093,3631.7784682165093,0.0,0.0,,,69.8783908507404,43.74467948663403,Skipped signal: position_limit_exceeded
2012-10-22,strategy_position_limit_reached,A_ETF_sector_momentum,XLF,3638.3890014649237,3638.3890014649237,0.0,0.0,,,70.92553785586078,44.791826491754414,Skipped signal: position_limit_exceeded
2012-11-26,strategy_position_limit_reached,B_ETF_trend_following,GLD,3545.6857190059372,3545.6857190059372,0.0,0.0,,,15.747564370207577,11.072153755587992,Skipped signal: position_limit_exceeded
2012-11-26,strategy_position_limit_reached,B_ETF_trend_following,XLY,3545.6857190059372,3545.6857190059372,0.0,0.0,,,15.747564370207577,0.0,Skipped signal: position_limit_exceeded
2012-11-26,strategy_position_limit_reached,B_ETF_trend_following,XLP,3545.6857190059372,3545.6857190059372,0.0,0.0,,,15.747564370207577,0.0,Skipped signal: position_limit_exceeded
2012-11-29,strategy_position_limit_reached,B_ETF_trend_following,XLY,3538.891078457769,3538.891078457769,0.0,0.0,,,3.0754762635126305,0.0,Skipped signal: position_limit_exceeded
2012-11-29,strategy_position_limit_reached,B_ETF_trend_following,XLP,3538.891078457769,3538.891078457769,0.0,0.0,,,3.0754762635126305,0.0,Skipped signal: position_limit_exceeded
2012-11-30,strategy_position_limit_reached,B_ETF_trend_following,XLY,3534.748831859676,3534.748831859676,0.0,0.0,,,2.5553182499837983,0.0,Skipped signal: position_limit_exceeded
2012-11-30,strategy_position_limit_reached,B_ETF_trend_following,XLP,3534.748831859676,3534.748831859676,0.0,0.0,,,2.5553182499837983,0.0,Skipped signal: position_limit_exceeded
2012-12-03,strategy_position_limit_reached,B_ETF_trend_following,XLY,3531.8999242638947,3531.8999242638947,0.0,0.0,,,17.903179213993038,15.665499533114236,Skipped signal: position_limit_exceeded
2012-12-03,strategy_position_limit_reached,B_ETF_trend_following,XLP,3531.8999242638947,3531.8999242638947,0.0,0.0,,,17.903179213993038,15.665499533114236,Skipped signal: position_limit_exceeded
2012-12-06,strategy_position_limit_reached,B_ETF_trend_following,SHY,3527.597627317853,3527.597627317853,0.0,0.0,,,48.16954492802825,1.2849741250389544,Skipped signal: position_limit_exceeded
2012-12-07,strategy_position_limit_reached,B_ETF_trend_following,XLF,3530.3254777817974,3530.3254777817974,0.0,0.0,,,46.884570802989295,46.884570802989295,Skipped signal: position_limit_exceeded
2012-12-10,strategy_position_limit_reached,B_ETF_trend_following,XLF,3540.488149448744,3540.488149448744,0.0,0.0,,,45.77204483293938,45.77204483293938,Skipped signal: position_limit_exceeded
2012-12-10,strategy_position_limit_reached,B_ETF_trend_following,XLI,3540.488149448744,3540.488149448744,0.0,0.0,,,45.77204483293938,45.77204483293938,Skipped signal: position_limit_exceeded
2012-12-10,strategy_position_limit_reached,B_ETF_trend_following,XLP,3540.488149448744,3540.488149448744,0.0,0.0,,,45.77204483293938,45.77204483293938,Skipped signal: position_limit_exceeded
2012-12-10,strategy_position_limit_reached,B_ETF_trend_following,SPY,3540.488149448744,3540.488149448744,0.0,0.0,,,45.77204483293938,45.77204483293938,Skipped signal: position_limit_exceeded
2012-12-11,strategy_position_limit_reached,B_ETF_trend_following,XLI,3560.165626177885,3560.165626177885,0.0,0.0,,,36.06761240129939,36.06761240129939,Skipped signal: position_limit_exceeded
2012-12-11,strategy_position_limit_reached,B_ETF_trend_following,SPY,3560.165626177885,3560.165626177885,0.0,0.0,,,36.06761240129939,36.06761240129939,Skipped signal: position_limit_exceeded
2012-12-11,strategy_position_limit_reached,B_ETF_trend_following,IWM,3560.165626177885,3560.165626177885,0.0,0.0,,,36.06761240129939,36.06761240129939,Skipped signal: position_limit_exceeded
2012-12-12,strategy_position_limit_reached,B_ETF_trend_following,XLF,3551.0524068202776,3551.0524068202776,0.0,0.0,,,14.708219098893498,14.708219098893498,Skipped signal: position_limit_exceeded
2012-12-12,strategy_position_limit_reached,B_ETF_trend_following,XLI,3551.0524068202776,3551.0524068202776,0.0,0.0,,,14.708219098893498,14.708219098893498,Skipped signal: position_limit_exceeded
2012-12-12,strategy_position_limit_reached,B_ETF_trend_following,SPY,3551.0524068202776,3551.0524068202776,0.0,0.0,,,14.708219098893498,14.708219098893498,Skipped signal: position_limit_exceeded
2012-12-12,strategy_position_limit_reached,B_ETF_trend_following,IWM,3551.0524068202776,3551.0524068202776,0.0,0.0,,,14.708219098893498,14.708219098893498,Skipped signal: position_limit_exceeded
2012-12-12,strategy_position_limit_reached,B_ETF_trend_following,XLE,3551.0524068202776,3551.0524068202776,0.0,0.0,,,14.708219098893498,14.708219098893498,Skipped signal: position_limit_exceeded
2012-12-13,strategy_position_limit_reached,B_ETF_trend_following,XLI,3527.425356664046,3527.425356664046,0.0,0.0,,,48.010407899810474,48.010407899810474,Skipped signal: position_limit_exceeded
2012-12-13,strategy_position_limit_reached,B_ETF_trend_following,SPY,3527.425356664046,3527.425356664046,0.0,0.0,,,48.010407899810474,48.010407899810474,Skipped signal: position_limit_exceeded
2012-12-13,strategy_position_limit_reached,B_ETF_trend_following,XLE,3527.425356664046,3527.425356664046,0.0,0.0,,,48.010407899810474,48.010407899810474,Skipped signal: position_limit_exceeded
2012-12-17,strategy_position_limit_reached,A_ETF_sector_momentum,SHY,3559.4435729977226,3559.4435729977226,0.0,0.0,,,45.5916742507779,0.0,Skipped signal: position_limit_exceeded
2012-12-17,strategy_position_limit_reached,B_ETF_trend_following,SHY,3559.4435729977226,3559.4435729977226,0.0,0.0,,,45.5916742507779,0.0,Skipped signal: position_limit_exceeded
2012-12-18,strategy_position_limit_reached,B_ETF_trend_following,XLI,3597.163606805187,3597.163606805187,0.0,0.0,,,34.67336566600952,34.67336566600952,Skipped signal: position_limit_exceeded
2012-12-18,strategy_position_limit_reached,B_ETF_trend_following,XLY,3597.163606805187,3597.163606805187,0.0,0.0,,,34.67336566600952,34.67336566600952,Skipped signal: position_limit_exceeded
2012-12-18,strategy_position_limit_reached,B_ETF_trend_following,XLU,3597.163606805187,3597.163606805187,0.0,0.0,,,34.67336566600952,34.67336566600952,Skipped signal: position_limit_exceeded
2012-12-18,strategy_position_limit_reached,B_ETF_trend_following,SPY,3597.163606805187,3597.163606805187,0.0,0.0,,,34.67336566600952,34.67336566600952,Skipped signal: position_limit_exceeded
2012-12-18,strategy_position_limit_reached,B_ETF_trend_following,XLB,3597.163606805187,3597.163606805187,0.0,0.0,,,34.67336566600952,34.67336566600952,Skipped signal: position_limit_exceeded
2012-12-19,strategy_position_limit_reached,B_ETF_trend_following,XLI,3565.4685805785,3565.4685805785,0.0,0.0,,,9.717178602228408,9.717178602228408,Skipped signal: position_limit_exceeded
2012-12-19,strategy_position_limit_reached,B_ETF_trend_following,XLY,3565.4685805785,3565.4685805785,0.0,0.0,,,9.717178602228408,9.717178602228408,Skipped signal: position_limit_exceeded
2012-12-19,strategy_position_limit_reached,B_ETF_trend_following,XLU,3565.4685805785,3565.4685805785,0.0,0.0,,,9.717178602228408,9.717178602228408,Skipped signal: position_limit_exceeded
2012-12-19,strategy_position_limit_reached,B_ETF_trend_following,XLB,3565.4685805785,3565.4685805785,0.0,0.0,,,9.717178602228408,9.717178602228408,Skipped signal: position_limit_exceeded
2012-12-19,strategy_position_limit_reached,B_ETF_trend_following,SPY,3565.4685805785,3565.4685805785,0.0,0.0,,,9.717178602228408,9.717178602228408,Skipped signal: position_limit_exceeded
2012-12-20,strategy_position_limit_reached,B_ETF_trend_following,IWM,3588.7668549475143,3588.7668549475143,0.0,0.0,,,9.170366900676985,9.170366900676985,Skipped signal: position_limit_exceeded
2012-12-21,strategy_position_limit_reached,B_ETF_trend_following,IWM,3553.608011250946,3553.608011250946,0.0,0.0,,,7.260825537981815,7.260825537981815,Skipped signal: position_limit_exceeded
2012-12-21,strategy_position_limit_reached,B_ETF_trend_following,XLB,3553.608011250946,3553.608011250946,0.0,0.0,,,7.260825537981815,7.260825537981815,Skipped signal: position_limit_exceeded
2012-12-24,strategy_position_limit_reached,A_ETF_sector_momentum,XLI,3542.5792336683003,3542.5792336683003,0.0,0.0,,,7.260825537981815,7.260825537981815,Skipped signal: position_limit_exceeded
2013-01-03,strategy_position_limit_reached,B_ETF_trend_following,XLI,3607.067824539699,3607.067824539699,0.0,0.0,,,29.115818374215696,29.115818374215696,Skipped signal: position_limit_exceeded
2013-01-03,strategy_position_limit_reached,B_ETF_trend_following,IWM,3607.067824539699,3607.067824539699,0.0,0.0,,,29.115818374215696,29.115818374215696,Skipped signal: position_limit_exceeded
2013-01-03,strategy_position_limit_reached,B_ETF_trend_following,XLY,3607.067824539699,3607.067824539699,0.0,0.0,,,29.115818374215696,29.115818374215696,Skipped signal: position_limit_exceeded
2013-01-03,strategy_position_limit_reached,B_ETF_trend_following,SPY,3607.067824539699,3607.067824539699,0.0,0.0,,,29.115818374215696,29.115818374215696,Skipped signal: position_limit_exceeded
2013-01-04,strategy_position_limit_reached,B_ETF_trend_following,XLI,3644.028755438433,3644.028755438433,0.0,0.0,,,29.115818374215696,29.115818374215696,Skipped signal: position_limit_exceeded
2013-01-04,strategy_position_limit_reached,B_ETF_trend_following,XLY,3644.028755438433,3644.028755438433,0.0,0.0,,,29.115818374215696,29.115818374215696,Skipped signal: position_limit_exceeded
2013-01-07,strategy_position_limit_reached,B_ETF_trend_following,XLI,3632.9187811572665,3632.9187811572665,0.0,0.0,,,18.62969944348459,18.62969944348459,Skipped signal: position_limit_exceeded
2013-01-07,strategy_position_limit_reached,B_ETF_trend_following,XLY,3632.9187811572665,3632.9187811572665,0.0,0.0,,,18.62969944348459,18.62969944348459,Skipped signal: position_limit_exceeded
2013-01-07,strategy_position_limit_reached,B_ETF_trend_following,IWM,3632.9187811572665,3632.9187811572665,0.0,0.0,,,18.62969944348459,18.62969944348459,Skipped signal: position_limit_exceeded
2013-01-07,strategy_position_limit_reached,B_ETF_trend_following,SPY,3632.9187811572665,3632.9187811572665,0.0,0.0,,,18.62969944348459,18.62969944348459,Skipped signal: position_limit_exceeded
2013-01-07,strategy_position_limit_reached,B_ETF_trend_following,XLP,3632.9187811572665,3632.9187811572665,0.0,0.0,,,18.62969944348459,18.62969944348459,Skipped signal: position_limit_exceeded
2013-01-08,strategy_position_limit_reached,B_ETF_trend_following,XLV,3621.741534327489,3621.741534327489,0.0,0.0,,,18.595822698400045,18.595822698400045,Skipped signal: position_limit_exceeded
2013-01-09,strategy_position_limit_reached,B_ETF_trend_following,XLV,3645.1161236592548,3645.1161236592548,0.0,0.0,,,18.595822698400045,18.595822698400045,Skipped signal: position_limit_exceeded
2013-01-10,strategy_position_limit_reached,B_ETF_trend_following,IWM,3667.3982160554588,3667.3982160554588,0.0,0.0,,,14.056355100617981,14.056355100617981,Skipped signal: position_limit_exceeded
2013-01-10,strategy_position_limit_reached,B_ETF_trend_following,SHY,3667.3982160554588,3667.3982160554588,0.0,0.0,,,14.056355100617981,0.0,Skipped signal: position_limit_exceeded
2013-01-10,strategy_position_limit_reached,B_ETF_trend_following,XLV,3667.3982160554588,3667.3982160554588,0.0,0.0,,,14.056355100617981,14.056355100617981,Skipped signal: position_limit_exceeded
2013-01-11,strategy_position_limit_reached,B_ETF_trend_following,XLI,3658.179197725506,3658.179197725506,0.0,0.0,,,11.076068305216452,11.076068305216452,Skipped signal: position_limit_exceeded
2013-01-11,strategy_position_limit_reached,B_ETF_trend_following,IWM,3658.179197725506,3658.179197725506,0.0,0.0,,,11.076068305216452,11.076068305216452,Skipped signal: position_limit_exceeded
2013-01-11,strategy_position_limit_reached,B_ETF_trend_following,XLY,3658.179197725506,3658.179197725506,0.0,0.0,,,11.076068305216452,11.076068305216452,Skipped signal: position_limit_exceeded
2013-01-11,strategy_position_limit_reached,B_ETF_trend_following,XLV,3658.179197725506,3658.179197725506,0.0,0.0,,,11.076068305216452,11.076068305216452,Skipped signal: position_limit_exceeded
2013-01-11,strategy_position_limit_reached,B_ETF_trend_following,SPY,3658.179197725506,3658.179197725506,0.0,0.0,,,11.076068305216452,11.076068305216452,Skipped signal: position_limit_exceeded
2013-01-14,strategy_position_limit_reached,B_ETF_trend_following,XLY,3662.174854686233,3662.174854686233,0.0,0.0,,,10.77288020876012,10.77288020876012,Skipped signal: position_limit_exceeded
2013-01-14,strategy_position_limit_reached,B_ETF_trend_following,XLP,3662.174854686233,3662.174854686233,0.0,0.0,,,10.77288020876012,10.77288020876012,Skipped signal: position_limit_exceeded
2013-01-15,strategy_position_limit_reached,B_ETF_trend_following,XLI,3670.7438673639995,3670.7438673639995,0.0,0.0,,,10.726385412235201,10.726385412235201,Skipped signal: position_limit_exceeded
2013-01-15,strategy_position_limit_reached,B_ETF_trend_following,XLY,3670.7438673639995,3670.7438673639995,0.0,0.0,,,10.726385412235201,10.726385412235201,Skipped signal: position_limit_exceeded
2013-01-15,strategy_position_limit_reached,B_ETF_trend_following,XLV,3670.7438673639995,3670.7438673639995,0.0,0.0,,,10.726385412235201,10.726385412235201,Skipped signal: position_limit_exceeded
2013-01-15,strategy_position_limit_reached,B_ETF_trend_following,XLP,3670.7438673639995,3670.7438673639995,0.0,0.0,,,10.726385412235201,10.726385412235201,Skipped signal: position_limit_exceeded
2013-01-16,strategy_position_limit_reached,B_ETF_trend_following,XLI,3654.544932592514,3654.544932592514,0.0,0.0,,,10.726385412235201,10.726385412235201,Skipped signal: position_limit_exceeded
2013-01-16,strategy_position_limit_reached,B_ETF_trend_following,XLY,3654.544932592514,3654.544932592514,0.0,0.0,,,10.726385412235201,10.726385412235201,Skipped signal: position_limit_exceeded
2013-01-16,strategy_position_limit_reached,B_ETF_trend_following,IWM,3654.544932592514,3654.544932592514,0.0,0.0,,,10.726385412235201,10.726385412235201,Skipped signal: position_limit_exceeded
2013-01-16,strategy_position_limit_reached,B_ETF_trend_following,XLP,3654.544932592514,3654.544932592514,0.0,0.0,,,10.726385412235201,10.726385412235201,Skipped signal: position_limit_exceeded
2013-01-16,strategy_position_limit_reached,B_ETF_trend_following,XLE,3654.544932592514,3654.544932592514,0.0,0.0,,,10.726385412235201,10.726385412235201,Skipped signal: position_limit_exceeded
2013-01-17,strategy_position_limit_reached,B_ETF_trend_following,XLE,3681.3524792082258,3681.3524792082258,0.0,0.0,,,10.223666744357947,10.223666744357947,Skipped signal: position_limit_exceeded
2013-01-18,strategy_position_limit_reached,B_ETF_trend_following,XLI,3704.1029234006264,3704.1029234006264,0.0,0.0,,,9.457290504267297,9.457290504267297,Skipped signal: position_limit_exceeded
2013-01-18,strategy_position_limit_reached,B_ETF_trend_following,SMH,3704.1029234006264,3704.1029234006264,0.0,0.0,,,9.457290504267297,9.457290504267297,Skipped signal: position_limit_exceeded
2013-01-18,strategy_position_limit_reached,B_ETF_trend_following,XLY,3704.1029234006264,3704.1029234006264,0.0,0.0,,,9.457290504267297,9.457290504267297,Skipped signal: position_limit_exceeded
2013-01-18,strategy_position_limit_reached,B_ETF_trend_following,IWM,3704.1029234006264,3704.1029234006264,0.0,0.0,,,9.457290504267297,9.457290504267297,Skipped signal: position_limit_exceeded
2013-01-18,strategy_position_limit_reached,B_ETF_trend_following,XLV,3704.1029234006264,3704.1029234006264,0.0,0.0,,,9.457290504267297,9.457290504267297,Skipped signal: position_limit_exceeded
2013-01-22,strategy_position_limit_reached,B_ETF_trend_following,XLI,3731.092573651836,3731.092573651836,0.0,0.0,,,9.307802954339422,9.307802954339422,Skipped signal: position_limit_exceeded
2013-01-22,strategy_position_limit_reached,B_ETF_trend_following,IWM,3731.092573651836,3731.092573651836,0.0,0.0,,,9.307802954339422,9.307802954339422,Skipped signal: position_limit_exceeded
2013-01-22,strategy_position_limit_reached,B_ETF_trend_following,XLY,3731.092573651836,3731.092573651836,0.0,0.0,,,9.307802954339422,9.307802954339422,Skipped signal: position_limit_exceeded
2013-01-22,strategy_position_limit_reached,B_ETF_trend_following,XLV,3731.092573651836,3731.092573651836,0.0,0.0,,,9.307802954339422,9.307802954339422,Skipped signal: position_limit_exceeded
2013-01-22,strategy_position_limit_reached,B_ETF_trend_following,SPY,3731.092573651836,3731.092573651836,0.0,0.0,,,9.307802954339422,9.307802954339422,Skipped signal: position_limit_exceeded
2013-01-23,strategy_position_limit_reached,B_ETF_trend_following,XLI,3722.771084971396,3722.771084971396,0.0,0.0,,,2.4972413906543105,2.4972413906543105,Skipped signal: position_limit_exceeded
2013-01-23,strategy_position_limit_reached,B_ETF_trend_following,IWM,3722.771084971396,3722.771084971396,0.0,0.0,,,2.4972413906543105,2.4972413906543105,Skipped signal: position_limit_exceeded
2013-01-23,strategy_position_limit_reached,B_ETF_trend_following,XLY,3722.771084971396,3722.771084971396,0.0,0.0,,,2.4972413906543105,2.4972413906543105,Skipped signal: position_limit_exceeded
2013-01-23,strategy_position_limit_reached,B_ETF_trend_following,XLV,3722.771084971396,3722.771084971396,0.0,0.0,,,2.4972413906543105,2.4972413906543105,Skipped signal: position_limit_exceeded
2013-01-23,strategy_position_limit_reached,B_ETF_trend_following,SPY,3722.771084971396,3722.771084971396,0.0,0.0,,,2.4972413906543105,2.4972413906543105,Skipped signal: position_limit_exceeded
2013-01-24,strategy_position_limit_reached,B_ETF_trend_following,XLI,3740.1065695488355,3740.1065695488355,0.0,0.0,,,1.4848871195819342,1.4848871195819342,Skipped signal: position_limit_exceeded
2013-01-24,strategy_position_limit_reached,B_ETF_trend_following,XLY,3740.1065695488355,3740.1065695488355,0.0,0.0,,,1.4848871195819342,1.4848871195819342,Skipped signal: position_limit_exceeded
2013-01-24,strategy_position_limit_reached,B_ETF_trend_following,SPY,3740.1065695488355,3740.1065695488355,0.0,0.0,,,1.4848871195819342,1.4848871195819342,Skipped signal: position_limit_exceeded
2013-01-24,strategy_position_limit_reached,B_ETF_trend_following,QQQ,3740.1065695488355,3740.1065695488355,0.0,0.0,,,1.4848871195819342,1.4848871195819342,Skipped signal: position_limit_exceeded
2013-01-25,strategy_position_limit_reached,B_ETF_trend_following,XLI,3753.6145539096888,3753.6145539096888,0.0,0.0,,,0.0,0.0,Skipped signal: position_limit_exceeded
2013-01-25,strategy_position_limit_reached,B_ETF_trend_following,XLY,3753.6145539096888,3753.6145539096888,0.0,0.0,,,0.0,0.0,Skipped signal: position_limit_exceeded
2013-01-25,strategy_position_limit_reached,B_ETF_trend_following,IWM,3753.6145539096888,3753.6145539096888,0.0,0.0,,,0.0,0.0,Skipped signal: position_limit_exceeded
2013-01-25,strategy_position_limit_reached,B_ETF_trend_following,XLV,3753.6145539096888,3753.6145539096888,0.0,0.0,,,0.0,0.0,Skipped signal: position_limit_exceeded
2013-01-25,strategy_position_limit_reached,B_ETF_trend_following,SPY,3753.6145539096888,3753.6145539096888,0.0,0.0,,,0.0,0.0,Skipped signal: position_limit_exceeded
2013-01-28,strategy_position_limit_reached,B_ETF_trend_following,XLY,3737.5449213275465,3737.5449213275465,0.0,0.0,,,0.0,0.0,Skipped signal: position_limit_exceeded
2013-01-28,strategy_position_limit_reached,B_ETF_trend_following,XLI,3737.5449213275465,3737.5449213275465,0.0,0.0,,,0.0,0.0,Skipped signal: position_limit_exceeded
2013-01-28,strategy_position_limit_reached,B_ETF_trend_following,IWM,3737.5449213275465,3737.5449213275465,0.0,0.0,,,0.0,0.0,Skipped signal: position_limit_exceeded
2013-01-28,strategy_position_limit_reached,B_ETF_trend_following,XLV,3737.5449213275465,3737.5449213275465,0.0,0.0,,,0.0,0.0,Skipped signal: position_limit_exceeded
2013-01-28,strategy_position_limit_reached,B_ETF_trend_following,SPY,3737.5449213275465,3737.5449213275465,0.0,0.0,,,0.0,0.0,Skipped signal: position_limit_exceeded
2013-01-29,strategy_position_limit_reached,B_ETF_trend_following,XLI,3752.135826023836,3752.135826023836,0.0,0.0,,,0.0,0.0,Skipped signal: position_limit_exceeded
2013-01-29,strategy_position_limit_reached,B_ETF_trend_following,IWM,3752.135826023836,3752.135826023836,0.0,0.0,,,0.0,0.0,Skipped signal: position_limit_exceeded
2013-01-29,strategy_position_limit_reached,B_ETF_trend_following,XLP,3752.135826023836,3752.135826023836,0.0,0.0,,,0.0,0.0,Skipped signal: position_limit_exceeded
2013-01-30,strategy_position_limit_reached,B_ETF_trend_following,XLI,3726.5186972728393,3726.5186972728393,0.0,0.0,,,0.0,0.0,Skipped signal: position_limit_exceeded
2013-01-30,strategy_position_limit_reached,B_ETF_trend_following,IWM,3726.5186972728393,3726.5186972728393,0.0,0.0,,,0.0,0.0,Skipped signal: position_limit_exceeded
2013-01-30,strategy_position_limit_reached,B_ETF_trend_following,XLV,3726.5186972728393,3726.5186972728393,0.0,0.0,,,0.0,0.0,Skipped signal: position_limit_exceeded
2013-01-30,strategy_position_limit_reached,B_ETF_trend_following,XLE,3726.5186972728393,3726.5186972728393,0.0,0.0,,,0.0,0.0,Skipped signal: position_limit_exceeded
2013-01-30,strategy_position_limit_reached,B_ETF_trend_following,SPY,3726.5186972728393,3726.5186972728393,0.0,0.0,,,0.0,0.0,Skipped signal: position_limit_exceeded
2013-02-04,strategy_position_limit_reached,B_ETF_trend_following,IWM,3710.868305980034,3710.868305980034,0.0,0.0,,,28.418129697500262,28.418129697500262,Skipped signal: position_limit_exceeded
2013-02-04,strategy_position_limit_reached,B_ETF_trend_following,SPY,3710.868305980034,3710.868305980034,0.0,0.0,,,28.418129697500262,28.418129697500262,Skipped signal: position_limit_exceeded
2013-02-04,strategy_position_limit_reached,B_ETF_trend_following,XLV,3710.868305980034,3710.868305980034,0.0,0.0,,,28.418129697500262,28.418129697500262,Skipped signal: position_limit_exceeded
2013-02-04,strategy_position_limit_reached,B_ETF_trend_following,XLP,3710.868305980034,3710.868305980034,0.0,0.0,,,28.418129697500262,28.418129697500262,Skipped signal: position_limit_exceeded
2013-02-04,strategy_position_limit_reached,B_ETF_trend_following,XLE,3710.868305980034,3710.868305980034,0.0,0.0,,,28.418129697500262,28.418129697500262,Skipped signal: position_limit_exceeded
2013-02-06,strategy_position_limit_reached,B_ETF_trend_following,XLP,3745.661649426187,3745.661649426187,0.0,0.0,,,28.418129697500262,28.418129697500262,Skipped signal: position_limit_exceeded
2013-02-06,strategy_position_limit_reached,B_ETF_trend_following,SMH,3745.661649426187,3745.661649426187,0.0,0.0,,,28.418129697500262,28.418129697500262,Skipped signal: position_limit_exceeded
2013-02-07,strategy_position_limit_reached,B_ETF_trend_following,IWM,3731.350737419382,3731.350737419382,0.0,0.0,,,27.18251865925964,27.18251865925964,Skipped signal: position_limit_exceeded
2013-02-07,strategy_position_limit_reached,B_ETF_trend_following,XLP,3731.350737419382,3731.350737419382,0.0,0.0,,,27.18251865925964,27.18251865925964,Skipped signal: position_limit_exceeded
2013-02-07,strategy_position_limit_reached,B_ETF_trend_following,SHY,3731.350737419382,3731.350737419382,0.0,0.0,,,27.18251865925964,0.0,Skipped signal: position_limit_exceeded
2013-02-08,strategy_position_limit_reached,B_ETF_trend_following,XLP,3745.3652279756634,3745.3652279756634,0.0,0.0,,,27.18251865925964,27.18251865925964,Skipped signal: position_limit_exceeded
2013-02-11,strategy_position_limit_reached,A_ETF_sector_momentum,IWM,3753.458019675315,3753.458019675315,0.0,0.0,,,25.733413524901778,25.733413524901778,Skipped signal: position_limit_exceeded
2013-02-11,strategy_position_limit_reached,B_ETF_trend_following,IWM,3753.458019675315,3753.458019675315,0.0,0.0,,,25.733413524901778,25.733413524901778,Skipped signal: position_limit_exceeded
2013-02-11,strategy_position_limit_reached,B_ETF_trend_following,XLI,3753.458019675315,3753.458019675315,0.0,0.0,,,25.733413524901778,25.733413524901778,Skipped signal: position_limit_exceeded
2013-02-11,strategy_position_limit_reached,B_ETF_trend_following,SPY,3753.458019675315,3753.458019675315,0.0,0.0,,,25.733413524901778,25.733413524901778,Skipped signal: position_limit_exceeded
2013-02-11,strategy_position_limit_reached,B_ETF_trend_following,XLE,3753.458019675315,3753.458019675315,0.0,0.0,,,25.733413524901778,25.733413524901778,Skipped signal: position_limit_exceeded
2013-02-11,strategy_position_limit_reached,B_ETF_trend_following,XLV,3753.458019675315,3753.458019675315,0.0,0.0,,,25.733413524901778,25.733413524901778,Skipped signal: position_limit_exceeded
2013-02-12,strategy_position_limit_reached,B_ETF_trend_following,SMH,3772.0488675917827,3772.0488675917827,0.0,0.0,,,19.677217513029973,19.677217513029973,Skipped signal: position_limit_exceeded
2013-02-12,strategy_position_limit_reached,B_ETF_trend_following,QQQ,3772.0488675917827,3772.0488675917827,0.0,0.0,,,19.677217513029973,19.677217513029973,Skipped signal: position_limit_exceeded
2013-02-12,strategy_position_limit_reached,B_ETF_trend_following,XLK,3772.0488675917827,3772.0488675917827,0.0,0.0,,,19.677217513029973,19.677217513029973,Skipped signal: position_limit_exceeded
2013-02-13,strategy_position_limit_reached,B_ETF_trend_following,IWM,3772.3535584741676,3772.3535584741676,0.0,0.0,,,8.285826363938495,8.285826363938495,Skipped signal: position_limit_exceeded
2013-02-13,strategy_position_limit_reached,B_ETF_trend_following,XLI,3772.3535584741676,3772.3535584741676,0.0,0.0,,,8.285826363938495,8.285826363938495,Skipped signal: position_limit_exceeded
2013-02-13,strategy_position_limit_reached,B_ETF_trend_following,SPY,3772.3535584741676,3772.3535584741676,0.0,0.0,,,8.285826363938495,8.285826363938495,Skipped signal: position_limit_exceeded
2013-02-13,strategy_position_limit_reached,B_ETF_trend_following,SMH,3772.3535584741676,3772.3535584741676,0.0,0.0,,,8.285826363938495,8.285826363938495,Skipped signal: position_limit_exceeded
2013-02-14,strategy_position_limit_reached,B_ETF_trend_following,IWM,3775.051224545621,3775.051224545621,0.0,0.0,,,7.764745196192255,7.764745196192255,Skipped signal: position_limit_exceeded
2013-02-14,strategy_position_limit_reached,B_ETF_trend_following,XLI,3775.051224545621,3775.051224545621,0.0,0.0,,,7.764745196192255,7.764745196192255,Skipped signal: position_limit_exceeded
2013-02-14,strategy_position_limit_reached,B_ETF_trend_following,SPY,3775.051224545621,3775.051224545621,0.0,0.0,,,7.764745196192255,7.764745196192255,Skipped signal: position_limit_exceeded
2013-02-14,strategy_position_limit_reached,B_ETF_trend_following,XLE,3775.051224545621,3775.051224545621,0.0,0.0,,,7.764745196192255,7.764745196192255,Skipped signal: position_limit_exceeded
2013-02-15,strategy_position_limit_reached,B_ETF_trend_following,IWM,3764.613955150538,3764.613955150538,0.0,0.0,,,6.3748462045818775,6.3748462045818775,Skipped signal: position_limit_exceeded
2013-02-15,strategy_position_limit_reached,B_ETF_trend_following,XLI,3764.613955150538,3764.613955150538,0.0,0.0,,,6.3748462045818775,6.3748462045818775,Skipped signal: position_limit_exceeded
2013-02-15,strategy_position_limit_reached,B_ETF_trend_following,SPY,3764.613955150538,3764.613955150538,0.0,0.0,,,6.3748462045818775,6.3748462045818775,Skipped signal: position_limit_exceeded
2013-02-15,strategy_position_limit_reached,B_ETF_trend_following,XLE,3764.613955150538,3764.613955150538,0.0,0.0,,,6.3748462045818775,6.3748462045818775,Skipped signal: position_limit_exceeded
2013-02-15,strategy_position_limit_reached,B_ETF_trend_following,XLP,3764.613955150538,3764.613955150538,0.0,0.0,,,6.3748462045818775,6.3748462045818775,Skipped signal: position_limit_exceeded
2013-02-19,strategy_position_limit_reached,A_ETF_sector_momentum,IWM,3779.831384192186,3779.831384192186,0.0,0.0,,,6.314913354696236,6.314913354696236,Skipped signal: position_limit_exceeded
2013-02-19,strategy_position_limit_reached,B_ETF_trend_following,IWM,3779.831384192186,3779.831384192186,0.0,0.0,,,6.314913354696236,6.314913354696236,Skipped signal: position_limit_exceeded
2013-02-19,strategy_position_limit_reached,B_ETF_trend_following,XLI,3779.831384192186,3779.831384192186,0.0,0.0,,,6.314913354696236,6.314913354696236,Skipped signal: position_limit_exceeded
2013-02-19,strategy_position_limit_reached,B_ETF_trend_following,XLP,3779.831384192186,3779.831384192186,0.0,0.0,,,6.314913354696236,6.314913354696236,Skipped signal: position_limit_exceeded
2013-02-19,strategy_position_limit_reached,B_ETF_trend_following,XLY,3779.831384192186,3779.831384192186,0.0,0.0,,,6.314913354696236,6.314913354696236,Skipped signal: position_limit_exceeded
2013-02-19,strategy_position_limit_reached,B_ETF_trend_following,XLV,3779.831384192186,3779.831384192186,0.0,0.0,,,6.314913354696236,6.314913354696236,Skipped signal: position_limit_exceeded
2013-02-20,strategy_position_limit_reached,B_ETF_trend_following,XLI,3703.6928461939046,3703.6928461939046,0.0,0.0,,,0.1084819754978606,0.1084819754978606,Skipped signal: position_limit_exceeded
2013-02-20,strategy_position_limit_reached,B_ETF_trend_following,IWM,3703.6928461939046,3703.6928461939046,0.0,0.0,,,0.1084819754978606,0.1084819754978606,Skipped signal: position_limit_exceeded
2013-02-20,strategy_position_limit_reached,B_ETF_trend_following,SPY,3703.6928461939046,3703.6928461939046,0.0,0.0,,,0.1084819754978606,0.1084819754978606,Skipped signal: position_limit_exceeded
2013-02-20,strategy_position_limit_reached,B_ETF_trend_following,XLP,3703.6928461939046,3703.6928461939046,0.0,0.0,,,0.1084819754978606,0.1084819754978606,Skipped signal: position_limit_exceeded
2013-02-20,strategy_position_limit_reached,B_ETF_trend_following,XLY,3703.6928461939046,3703.6928461939046,0.0,0.0,,,0.1084819754978606,0.1084819754978606,Skipped signal: position_limit_exceeded
2013-02-27,strategy_position_limit_reached,B_ETF_trend_following,SHY,3684.3249333924796,3684.3249333924796,0.0,0.0,,,31.238945340540198,0.0,Skipped signal: position_limit_exceeded
2013-03-04,strategy_position_limit_reached,B_ETF_trend_following,XLV,3721.4364443144013,3721.4364443144013,0.0,0.0,,,57.38609119713195,57.38609119713195,Skipped signal: position_limit_exceeded
2013-03-04,strategy_position_limit_reached,B_ETF_trend_following,SHY,3721.4364443144013,3721.4364443144013,0.0,0.0,,,57.38609119713195,0.0,Skipped signal: position_limit_exceeded
2013-03-05,strategy_position_limit_reached,B_ETF_trend_following,XLV,3743.134420643283,3743.134420643283,0.0,0.0,,,44.43983132949836,44.43983132949836,Skipped signal: position_limit_exceeded
2013-03-05,strategy_position_limit_reached,B_ETF_trend_following,XLY,3743.134420643283,3743.134420643283,0.0,0.0,,,44.43983132949836,44.43983132949836,Skipped signal: position_limit_exceeded
2013-03-06,strategy_position_limit_reached,B_ETF_trend_following,XLV,3742.219139747771,3742.219139747771,0.0,0.0,,,21.75883017945102,21.75883017945102,Skipped signal: position_limit_exceeded
2013-03-06,strategy_position_limit_reached,B_ETF_trend_following,XLF,3742.219139747771,3742.219139747771,0.0,0.0,,,21.75883017945102,21.75883017945102,Skipped signal: position_limit_exceeded
2013-03-06,strategy_position_limit_reached,B_ETF_trend_following,XLI,3742.219139747771,3742.219139747771,0.0,0.0,,,21.75883017945102,21.75883017945102,Skipped signal: position_limit_exceeded
2013-03-06,strategy_position_limit_reached,B_ETF_trend_following,XLY,3742.219139747771,3742.219139747771,0.0,0.0,,,21.75883017945102,21.75883017945102,Skipped signal: position_limit_exceeded
2013-03-06,strategy_position_limit_reached,B_ETF_trend_following,SPY,3742.219139747771,3742.219139747771,0.0,0.0,,,21.75883017945102,21.75883017945102,Skipped signal: position_limit_exceeded
2013-03-07,strategy_position_limit_reached,B_ETF_trend_following,XLV,3737.811367265206,3737.811367265206,0.0,0.0,,,15.608816759198287,15.608816759198287,Skipped signal: position_limit_exceeded
2013-03-07,strategy_position_limit_reached,B_ETF_trend_following,XLF,3737.811367265206,3737.811367265206,0.0,0.0,,,15.608816759198287,15.608816759198287,Skipped signal: position_limit_exceeded
2013-03-07,strategy_position_limit_reached,B_ETF_trend_following,SPY,3737.811367265206,3737.811367265206,0.0,0.0,,,15.608816759198287,15.608816759198287,Skipped signal: position_limit_exceeded
2013-03-08,strategy_position_limit_reached,B_ETF_trend_following,XLF,3744.799526611633,3744.799526611633,0.0,0.0,,,14.970295695537049,14.970295695537049,Skipped signal: position_limit_exceeded
2013-03-08,strategy_position_limit_reached,B_ETF_trend_following,IWM,3744.799526611633,3744.799526611633,0.0,0.0,,,14.970295695537049,14.970295695537049,Skipped signal: position_limit_exceeded
2013-03-08,strategy_position_limit_reached,B_ETF_trend_following,XLI,3744.799526611633,3744.799526611633,0.0,0.0,,,14.970295695537049,14.970295695537049,Skipped signal: position_limit_exceeded
2013-03-08,strategy_position_limit_reached,B_ETF_trend_following,XLY,3744.799526611633,3744.799526611633,0.0,0.0,,,14.970295695537049,14.970295695537049,Skipped signal: position_limit_exceeded
2013-03-08,strategy_position_limit_reached,B_ETF_trend_following,SPY,3744.799526611633,3744.799526611633,0.0,0.0,,,14.970295695537049,14.970295695537049,Skipped signal: position_limit_exceeded
2013-03-11,strategy_position_limit_reached,B_ETF_trend_following,XLV,3755.8050505978367,3755.8050505978367,0.0,0.0,,,12.634167973317913,12.634167973317913,Skipped signal: position_limit_exceeded
2013-03-11,strategy_position_limit_reached,B_ETF_trend_following,IWM,3755.8050505978367,3755.8050505978367,0.0,0.0,,,12.634167973317913,12.634167973317913,Skipped signal: position_limit_exceeded
2013-03-11,strategy_position_limit_reached,B_ETF_trend_following,XLF,3755.8050505978367,3755.8050505978367,0.0,0.0,,,12.634167973317913,12.634167973317913,Skipped signal: position_limit_exceeded
2013-03-11,strategy_position_limit_reached,B_ETF_trend_following,XLY,3755.8050505978367,3755.8050505978367,0.0,0.0,,,12.634167973317913,12.634167973317913,Skipped signal: position_limit_exceeded
2013-03-11,strategy_position_limit_reached,B_ETF_trend_following,XLI,3755.8050505978367,3755.8050505978367,0.0,0.0,,,12.634167973317913,12.634167973317913,Skipped signal: position_limit_exceeded
2013-03-12,strategy_position_limit_reached,B_ETF_trend_following,XLV,3758.885513871771,3758.885513871771,0.0,0.0,,,7.762872496047194,7.762872496047194,Skipped signal: position_limit_exceeded
2013-03-12,strategy_position_limit_reached,B_ETF_trend_following,XLF,3758.885513871771,3758.885513871771,0.0,0.0,,,7.762872496047194,7.762872496047194,Skipped signal: position_limit_exceeded
2013-03-12,strategy_position_limit_reached,B_ETF_trend_following,XLY,3758.885513871771,3758.885513871771,0.0,0.0,,,7.762872496047194,7.762872496047194,Skipped signal: position_limit_exceeded
2013-03-12,strategy_position_limit_reached,B_ETF_trend_following,XLI,3758.885513871771,3758.885513871771,0.0,0.0,,,7.762872496047194,7.762872496047194,Skipped signal: position_limit_exceeded
2013-03-12,strategy_position_limit_reached,B_ETF_trend_following,SPY,3758.885513871771,3758.885513871771,0.0,0.0,,,7.762872496047194,7.762872496047194,Skipped signal: position_limit_exceeded
2013-03-13,strategy_position_limit_reached,B_ETF_trend_following,XLV,3766.5222458328817,3766.5222458328817,0.0,0.0,,,7.762872496047194,7.762872496047194,Skipped signal: position_limit_exceeded
2013-03-13,strategy_position_limit_reached,B_ETF_trend_following,XLB,3766.5222458328817,3766.5222458328817,0.0,0.0,,,7.762872496047194,7.762872496047194,Skipped signal: position_limit_exceeded
2013-03-14,strategy_position_limit_reached,B_ETF_trend_following,XLV,3774.5143958178314,3774.5143958178314,0.0,0.0,,,5.094959872440208,5.094959872440208,Skipped signal: position_limit_exceeded
2013-03-14,strategy_position_limit_reached,B_ETF_trend_following,IWM,3774.5143958178314,3774.5143958178314,0.0,0.0,,,5.094959872440208,5.094959872440208,Skipped signal: position_limit_exceeded
2013-03-14,strategy_position_limit_reached,B_ETF_trend_following,XLY,3774.5143958178314,3774.5143958178314,0.0,0.0,,,5.094959872440208,5.094959872440208,Skipped signal: position_limit_exceeded
2013-03-15,strategy_position_limit_reached,B_ETF_trend_following,XLV,3769.740875654721,3769.740875654721,0.0,0.0,,,0.0,0.0,Skipped signal: position_limit_exceeded
2013-03-15,strategy_position_limit_reached,B_ETF_trend_following,XLY,3769.740875654721,3769.740875654721,0.0,0.0,,,0.0,0.0,Skipped signal: position_limit_exceeded
2013-03-15,strategy_position_limit_reached,B_ETF_trend_following,IWM,3769.740875654721,3769.740875654721,0.0,0.0,,,0.0,0.0,Skipped signal: position_limit_exceeded
2013-03-15,strategy_position_limit_reached,B_ETF_trend_following,XLF,3769.740875654721,3769.740875654721,0.0,0.0,,,0.0,0.0,Skipped signal: position_limit_exceeded
2013-03-15,strategy_position_limit_reached,B_ETF_trend_following,XLI,3769.740875654721,3769.740875654721,0.0,0.0,,,0.0,0.0,Skipped signal: position_limit_exceeded
2013-03-18,strategy_position_limit_reached,B_ETF_trend_following,XLF,3751.119927401022,3751.119927401022,0.0,0.0,,,0.0,0.0,Skipped signal: position_limit_exceeded
2013-03-18,strategy_position_limit_reached,B_ETF_trend_following,XLI,3751.119927401022,3751.119927401022,0.0,0.0,,,0.0,0.0,Skipped signal: position_limit_exceeded
2013-03-18,strategy_position_limit_reached,B_ETF_trend_following,XLB,3751.119927401022,3751.119927401022,0.0,0.0,,,0.0,0.0,Skipped signal: position_limit_exceeded
2013-03-21,strategy_position_limit_reached,B_ETF_trend_following,XLV,3782.266482476456,3782.266482476456,0.0,0.0,,,0.0,0.0,Skipped signal: position_limit_exceeded
2013-03-25,strategy_position_limit_reached,B_ETF_trend_following,XLV,3801.7752840476633,3801.7752840476633,0.0,0.0,,,0.0,0.0,Skipped signal: position_limit_exceeded
2013-03-27,strategy_position_limit_reached,B_ETF_trend_following,XLV,3851.0291393383786,3851.0291393383786,0.0,0.0,,,0.0,0.0,Skipped signal: position_limit_exceeded
2013-03-27,strategy_position_limit_reached,B_ETF_trend_following,SPY,3851.0291393383786,3851.0291393383786,0.0,0.0,,,0.0,0.0,Skipped signal: position_limit_exceeded
2013-03-28,strategy_position_limit_reached,B_ETF_trend_following,XLV,3880.147298132896,3880.147298132896,0.0,0.0,,,0.0,0.0,Skipped signal: position_limit_exceeded
2013-03-28,strategy_position_limit_reached,B_ETF_trend_following,XLY,3880.147298132896,3880.147298132896,0.0,0.0,,,0.0,0.0,Skipped signal: position_limit_exceeded
2013-04-01,strategy_position_limit_reached,B_ETF_trend_following,XLV,3881.5474877663355,3881.5474877663355,0.0,0.0,,,0.0,0.0,Skipped signal: position_limit_exceeded
2013-04-01,strategy_position_limit_reached,B_ETF_trend_following,SPY,3881.5474877663355,3881.5474877663355,0.0,0.0,,,0.0,0.0,Skipped signal: position_limit_exceeded
2013-04-01,strategy_position_limit_reached,B_ETF_trend_following,XLY,3881.5474877663355,3881.5474877663355,0.0,0.0,,,0.0,0.0,Skipped signal: position_limit_exceeded
2013-04-01,strategy_position_limit_reached,B_ETF_trend_following,QQQ,3881.5474877663355,3881.5474877663355,0.0,0.0,,,0.0,0.0,Skipped signal: position_limit_exceeded
2013-04-01,strategy_position_limit_reached,B_ETF_trend_following,SHY,3881.5474877663355,3881.5474877663355,0.0,0.0,,,0.0,0.0,Skipped signal: position_limit_exceeded
2013-04-02,strategy_position_limit_reached,B_ETF_trend_following,XLV,3923.352294008493,3923.352294008493,0.0,0.0,,,0.0,0.0,Skipped signal: position_limit_exceeded
2013-04-02,strategy_position_limit_reached,B_ETF_trend_following,SHY,3923.352294008493,3923.352294008493,0.0,0.0,,,0.0,0.0,Skipped signal: position_limit_exceeded
2013-04-03,strategy_position_limit_reached,B_ETF_trend_following,XLV,3894.5745539966665,3894.5745539966665,0.0,0.0,,,0.0,0.0,Skipped signal: position_limit_exceeded
2013-04-03,strategy_position_limit_reached,B_ETF_trend_following,SPY,3894.5745539966665,3894.5745539966665,0.0,0.0,,,0.0,0.0,Skipped signal: position_limit_exceeded
2013-04-03,strategy_position_limit_reached,B_ETF_trend_following,XLY,3894.5745539966665,3894.5745539966665,0.0,0.0,,,0.0,0.0,Skipped signal: position_limit_exceeded
2013-04-03,strategy_position_limit_reached,B_ETF_trend_following,QQQ,3894.5745539966665,3894.5745539966665,0.0,0.0,,,0.0,0.0,Skipped signal: position_limit_exceeded
2013-04-05,strategy_position_limit_reached,B_ETF_trend_following,SHY,3900.7059432959086,3900.7059432959086,0.0,0.0,,,0.0,0.0,Skipped signal: position_limit_exceeded
2013-04-29,strategy_position_limit_reached,A_ETF_sector_momentum,SHY,4037.9087203026147,4037.9087203026147,0.0,0.0,,,0.0,0.0,Skipped signal: position_limit_exceeded
2013-05-06,strategy_position_limit_reached,A_ETF_sector_momentum,XLP,3967.6868840441575,3967.6868840441575,0.0,0.0,,,0.0,0.0,Skipped signal: position_limit_exceeded
2013-05-07,strategy_position_limit_reached,B_ETF_trend_following,XLF,3986.3980910615674,3986.3980910615674,0.0,0.0,,,53.0622965253921,53.0622965253921,Skipped signal: position_limit_exceeded
2013-05-07,strategy_position_limit_reached,B_ETF_trend_following,QQQ,3986.3980910615674,3986.3980910615674,0.0,0.0,,,53.0622965253921,53.0622965253921,Skipped signal: position_limit_exceeded
2013-05-07,strategy_position_limit_reached,B_ETF_trend_following,SMH,3986.3980910615674,3986.3980910615674,0.0,0.0,,,53.0622965253921,53.0622965253921,Skipped signal: position_limit_exceeded
2013-05-08,strategy_position_limit_reached,B_ETF_trend_following,XLF,3995.859274631992,3995.859274631992,0.0,0.0,,,53.0622965253921,53.0622965253921,Skipped signal: position_limit_exceeded
2013-05-08,strategy_position_limit_reached,B_ETF_trend_following,SMH,3995.859274631992,3995.859274631992,0.0,0.0,,,53.0622965253921,53.0622965253921,Skipped signal: position_limit_exceeded
2013-05-08,strategy_position_limit_reached,B_ETF_trend_following,XLI,3995.859274631992,3995.859274631992,0.0,0.0,,,53.0622965253921,53.0622965253921,Skipped signal: position_limit_exceeded
2013-05-08,strategy_position_limit_reached,B_ETF_trend_following,IWM,3995.859274631992,3995.859274631992,0.0,0.0,,,53.0622965253921,53.0622965253921,Skipped signal: position_limit_exceeded
2013-05-08,strategy_position_limit_reached,B_ETF_trend_following,XLE,3995.859274631992,3995.859274631992,0.0,0.0,,,53.0622965253921,53.0622965253921,Skipped signal: position_limit_exceeded
2013-05-09,strategy_position_limit_reached,B_ETF_trend_following,XLF,3998.436651639222,3998.436651639222,0.0,0.0,,,49.686309794405446,49.686309794405446,Skipped signal: position_limit_exceeded
2013-05-09,strategy_position_limit_reached,B_ETF_trend_following,SMH,3998.436651639222,3998.436651639222,0.0,0.0,,,49.686309794405446,49.686309794405446,Skipped signal: position_limit_exceeded
2013-05-09,strategy_position_limit_reached,B_ETF_trend_following,QQQ,3998.436651639222,3998.436651639222,0.0,0.0,,,49.686309794405446,49.686309794405446,Skipped signal: position_limit_exceeded
2013-05-09,strategy_position_limit_reached,B_ETF_trend_following,XLK,3998.436651639222,3998.436651639222,0.0,0.0,,,49.686309794405446,49.686309794405446,Skipped signal: position_limit_exceeded
2013-05-09,strategy_position_limit_reached,B_ETF_trend_following,XLI,3998.436651639222,3998.436651639222,0.0,0.0,,,49.686309794405446,49.686309794405446,Skipped signal: position_limit_exceeded
2013-05-10,strategy_position_limit_reached,B_ETF_trend_following,SMH,4029.253510521853,4029.253510521853,0.0,0.0,,,45.916453465861174,45.916453465861174,Skipped signal: position_limit_exceeded
2013-05-13,strategy_position_limit_reached,B_ETF_trend_following,SMH,4043.526866538819,4043.526866538819,0.0,0.0,,,32.912270539853225,32.912270539853225,Skipped signal: position_limit_exceeded
2013-05-13,strategy_position_limit_reached,B_ETF_trend_following,QQQ,4043.526866538819,4043.526866538819,0.0,0.0,,,32.912270539853225,32.912270539853225,Skipped signal: position_limit_exceeded
2013-05-13,strategy_position_limit_reached,B_ETF_trend_following,XLI,4043.526866538819,4043.526866538819,0.0,0.0,,,32.912270539853225,32.912270539853225,Skipped signal: position_limit_exceeded
2013-05-13,strategy_position_limit_reached,B_ETF_trend_following,IWM,4043.526866538819,4043.526866538819,0.0,0.0,,,32.912270539853225,32.912270539853225,Skipped signal: position_limit_exceeded
2013-05-14,strategy_position_limit_reached,B_ETF_trend_following,XLV,4084.7183363496683,4084.7183363496683,0.0,0.0,,,26.366752748007972,26.366752748007972,Skipped signal: position_limit_exceeded
2013-05-14,strategy_position_limit_reached,B_ETF_trend_following,QQQ,4084.7183363496683,4084.7183363496683,0.0,0.0,,,26.366752748007972,26.366752748007972,Skipped signal: position_limit_exceeded
2013-05-15,strategy_position_limit_reached,B_ETF_trend_following,XLP,4106.605937239914,4106.605937239914,0.0,0.0,,,2.731749581574497,2.731749581574497,Skipped signal: position_limit_exceeded
2013-05-15,strategy_position_limit_reached,B_ETF_trend_following,XLV,4106.605937239914,4106.605937239914,0.0,0.0,,,2.731749581574497,2.731749581574497,Skipped signal: position_limit_exceeded
2013-05-15,strategy_position_limit_reached,B_ETF_trend_following,XLF,4106.605937239914,4106.605937239914,0.0,0.0,,,2.731749581574497,2.731749581574497,Skipped signal: position_limit_exceeded
2013-05-15,strategy_position_limit_reached,B_ETF_trend_following,QQQ,4106.605937239914,4106.605937239914,0.0,0.0,,,2.731749581574497,2.731749581574497,Skipped signal: position_limit_exceeded
2013-05-15,strategy_position_limit_reached,B_ETF_trend_following,XLI,4106.605937239914,4106.605937239914,0.0,0.0,,,2.731749581574497,2.731749581574497,Skipped signal: position_limit_exceeded
2013-05-16,strategy_position_limit_reached,B_ETF_trend_following,XLP,4066.677031669962,4066.677031669962,0.0,0.0,,,0.0,0.0,Skipped signal: position_limit_exceeded
2013-05-16,strategy_position_limit_reached,B_ETF_trend_following,XLV,4066.677031669962,4066.677031669962,0.0,0.0,,,0.0,0.0,Skipped signal: position_limit_exceeded
2013-05-16,strategy_position_limit_reached,B_ETF_trend_following,XLF,4066.677031669962,4066.677031669962,0.0,0.0,,,0.0,0.0,Skipped signal: position_limit_exceeded
2013-05-16,strategy_position_limit_reached,B_ETF_trend_following,QQQ,4066.677031669962,4066.677031669962,0.0,0.0,,,0.0,0.0,Skipped signal: position_limit_exceeded
2013-05-16,strategy_position_limit_reached,B_ETF_trend_following,XLI,4066.677031669962,4066.677031669962,0.0,0.0,,,0.0,0.0,Skipped signal: position_limit_exceeded
2013-05-17,strategy_position_limit_reached,B_ETF_trend_following,XLK,4099.56395026778,4099.56395026778,0.0,0.0,,,0.0,0.0,Skipped signal: position_limit_exceeded
2013-05-20,strategy_position_limit_reached,B_ETF_trend_following,QQQ,4092.90070068442,4092.90070068442,0.0,0.0,,,29.43306725371886,29.43306725371886,Skipped signal: position_limit_exceeded
2013-05-20,strategy_position_limit_reached,B_ETF_trend_following,XLF,4092.90070068442,4092.90070068442,0.0,0.0,,,29.43306725371886,29.43306725371886,Skipped signal: position_limit_exceeded
2013-05-20,strategy_position_limit_reached,B_ETF_trend_following,XLK,4092.90070068442,4092.90070068442,0.0,0.0,,,29.43306725371886,29.43306725371886,Skipped signal: position_limit_exceeded
2013-05-20,strategy_position_limit_reached,B_ETF_trend_following,SMH,4092.90070068442,4092.90070068442,0.0,0.0,,,29.43306725371886,29.43306725371886,Skipped signal: position_limit_exceeded
2013-05-20,strategy_position_limit_reached,B_ETF_trend_following,XLI,4092.90070068442,4092.90070068442,0.0,0.0,,,29.43306725371886,29.43306725371886,Skipped signal: position_limit_exceeded
2013-05-21,strategy_position_limit_reached,B_ETF_trend_following,XLF,4108.896687653191,4108.896687653191,0.0,0.0,,,29.43306725371886,29.43306725371886,Skipped signal: position_limit_exceeded
2013-05-21,strategy_position_limit_reached,B_ETF_trend_following,XLI,4108.896687653191,4108.896687653191,0.0,0.0,,,29.43306725371886,29.43306725371886,Skipped signal: position_limit_exceeded
2013-05-21,strategy_position_limit_reached,B_ETF_trend_following,IWM,4108.896687653191,4108.896687653191,0.0,0.0,,,29.43306725371886,29.43306725371886,Skipped signal: position_limit_exceeded
2013-05-21,strategy_position_limit_reached,B_ETF_trend_following,XLB,4108.896687653191,4108.896687653191,0.0,0.0,,,29.43306725371886,29.43306725371886,Skipped signal: position_limit_exceeded
2013-05-21,strategy_position_limit_reached,B_ETF_trend_following,XLE,4108.896687653191,4108.896687653191,0.0,0.0,,,29.43306725371886,29.43306725371886,Skipped signal: position_limit_exceeded
2013-05-22,strategy_position_limit_reached,B_ETF_trend_following,XLF,4071.4439210834003,4071.4439210834003,0.0,0.0,,,29.43306725371886,29.43306725371886,Skipped signal: position_limit_exceeded
2013-05-22,strategy_position_limit_reached,B_ETF_trend_following,XLI,4071.4439210834003,4071.4439210834003,0.0,0.0,,,29.43306725371886,29.43306725371886,Skipped signal: position_limit_exceeded
2013-05-22,strategy_position_limit_reached,B_ETF_trend_following,IWM,4071.4439210834003,4071.4439210834003,0.0,0.0,,,29.43306725371886,29.43306725371886,Skipped signal: position_limit_exceeded
2013-05-31,cluster_risk_block,B_ETF_trend_following,XLF,3934.6978535716216,3934.6978535716216,0.0,0.0,,,71.29468249647718,71.29468249647718,Skipped signal: correlation_cluster_risk_exceeded
2013-06-19,cluster_risk_block,B_ETF_trend_following,IWM,3809.9982301234545,3809.9982301234545,0.0,0.0,,,86.41004171532803,86.41004171532803,Skipped signal: correlation_cluster_risk_exceeded
2013-07-01,strategy_position_limit_reached,A_ETF_sector_momentum,XLV,3780.373187897131,3780.373187897131,0.0,0.0,,,58.27884909951756,58.27884909951756,Skipped signal: position_limit_exceeded
2013-07-08,strategy_position_limit_reached,A_ETF_sector_momentum,XLV,3861.3686470571424,3861.3686470571424,0.0,0.0,,,59.94823807068071,59.94823807068071,Skipped signal: position_limit_exceeded
2013-07-22,strategy_position_limit_reached,A_ETF_sector_momentum,IWM,3973.8613424411396,3973.8613424411396,0.0,0.0,,,0.0,0.0,Skipped signal: position_limit_exceeded
2013-07-29,strategy_position_limit_reached,A_ETF_sector_momentum,XLV,3934.8905042019637,3934.8905042019637,0.0,0.0,,,0.0,0.0,Skipped signal: position_limit_exceeded
2013-08-05,strategy_position_limit_reached,A_ETF_sector_momentum,XLV,4013.6123955093926,4013.6123955093926,0.0,0.0,,,0.0,0.0,Skipped signal: position_limit_exceeded
2013-08-14,strategy_position_limit_reached,B_ETF_trend_following,QQQ,3942.5097150921156,3942.5097150921156,0.0,0.0,,,23.858623791168036,23.858623791168036,Skipped signal: position_limit_exceeded
2013-08-14,strategy_position_limit_reached,B_ETF_trend_following,XLK,3942.5097150921156,3942.5097150921156,0.0,0.0,,,23.858623791168036,23.858623791168036,Skipped signal: position_limit_exceeded
2013-09-23,strategy_position_limit_reached,A_ETF_sector_momentum,XLY,3974.6985455286544,3974.6985455286544,0.0,0.0,,,5.553697465776865,5.553697465776865,Skipped signal: position_limit_exceeded
2013-10-07,strategy_position_limit_reached,A_ETF_sector_momentum,SMH,3913.6548748668547,3913.6548748668547,0.0,0.0,,,50.542229328146696,50.542229328146696,Skipped signal: position_limit_exceeded
2013-10-21,strategy_position_limit_reached,A_ETF_sector_momentum,QQQ,3989.0053635635645,3989.0053635635645,0.0,0.0,,,17.012734186875043,17.012734186875043,Skipped signal: position_limit_exceeded
2013-10-24,strategy_position_limit_reached,B_ETF_trend_following,XLP,3951.4504754739455,3951.4504754739455,0.0,0.0,,,34.644199737533846,34.644199737533846,Skipped signal: position_limit_exceeded
2013-10-25,strategy_position_limit_reached,B_ETF_trend_following,IWM,3966.5881632363953,3966.5881632363953,0.0,0.0,,,34.644199737533846,34.644199737533846,Skipped signal: position_limit_exceeded
2013-10-25,strategy_position_limit_reached,B_ETF_trend_following,XLY,3966.5881632363953,3966.5881632363953,0.0,0.0,,,34.644199737533846,34.644199737533846,Skipped signal: position_limit_exceeded
2013-10-28,strategy_position_limit_reached,B_ETF_trend_following,XLB,3963.814197481741,3963.814197481741,0.0,0.0,,,27.5332835755078,27.5332835755078,Skipped signal: position_limit_exceeded
2013-10-28,strategy_position_limit_reached,B_ETF_trend_following,IWM,3963.814197481741,3963.814197481741,0.0,0.0,,,27.5332835755078,27.5332835755078,Skipped signal: position_limit_exceeded
2013-10-28,strategy_position_limit_reached,B_ETF_trend_following,XLK,3963.814197481741,3963.814197481741,0.0,0.0,,,27.5332835755078,27.5332835755078,Skipped signal: position_limit_exceeded
2013-10-28,strategy_position_limit_reached,B_ETF_trend_following,XLY,3963.814197481741,3963.814197481741,0.0,0.0,,,27.5332835755078,27.5332835755078,Skipped signal: position_limit_exceeded
2013-10-28,strategy_position_limit_reached,B_ETF_trend_following,SPY,3963.814197481741,3963.814197481741,0.0,0.0,,,27.5332835755078,27.5332835755078,Skipped signal: position_limit_exceeded
2013-10-29,strategy_position_limit_reached,B_ETF_trend_following,XLK,3974.274651395129,3974.274651395129,0.0,0.0,,,26.25139816508721,26.25139816508721,Skipped signal: position_limit_exceeded
2013-10-29,strategy_position_limit_reached,B_ETF_trend_following,SPY,3974.274651395129,3974.274651395129,0.0,0.0,,,26.25139816508721,26.25139816508721,Skipped signal: position_limit_exceeded
2013-10-29,strategy_position_limit_reached,B_ETF_trend_following,XLP,3974.274651395129,3974.274651395129,0.0,0.0,,,26.25139816508721,26.25139816508721,Skipped signal: position_limit_exceeded
2013-10-29,strategy_position_limit_reached,B_ETF_trend_following,XLV,3974.274651395129,3974.274651395129,0.0,0.0,,,26.25139816508721,26.25139816508721,Skipped signal: position_limit_exceeded
2013-10-30,strategy_position_limit_reached,B_ETF_trend_following,XLK,3944.4793220399056,3944.4793220399056,0.0,0.0,,,23.568105650191153,23.568105650191153,Skipped signal: position_limit_exceeded
2013-10-30,strategy_position_limit_reached,B_ETF_trend_following,IWM,3944.4793220399056,3944.4793220399056,0.0,0.0,,,23.568105650191153,23.568105650191153,Skipped signal: position_limit_exceeded
2013-10-30,strategy_position_limit_reached,B_ETF_trend_following,XLY,3944.4793220399056,3944.4793220399056,0.0,0.0,,,23.568105650191153,23.568105650191153,Skipped signal: position_limit_exceeded
2013-10-30,strategy_position_limit_reached,B_ETF_trend_following,XLE,3944.4793220399056,3944.4793220399056,0.0,0.0,,,23.568105650191153,23.568105650191153,Skipped signal: position_limit_exceeded
2013-10-30,strategy_position_limit_reached,B_ETF_trend_following,SPY,3944.4793220399056,3944.4793220399056,0.0,0.0,,,23.568105650191153,23.568105650191153,Skipped signal: position_limit_exceeded
2013-11-01,strategy_position_limit_reached,B_ETF_trend_following,SHY,3938.33207433965,3938.33207433965,0.0,0.0,,,22.526564494385717,0.0,Skipped signal: position_limit_exceeded
2013-11-05,strategy_position_limit_reached,B_ETF_trend_following,XLY,3930.0427324009393,3930.0427324009393,0.0,0.0,,,43.475318401751906,43.475318401751906,Skipped signal: position_limit_exceeded
2013-11-07,strategy_position_limit_reached,B_ETF_trend_following,XLK,3890.6010111591186,3890.6010111591186,0.0,0.0,,,39.26887201828602,39.26887201828602,Skipped signal: position_limit_exceeded
2013-11-07,strategy_position_limit_reached,B_ETF_trend_following,SHY,3890.6010111591186,3890.6010111591186,0.0,0.0,,,39.26887201828602,0.0,Skipped signal: position_limit_exceeded
2013-11-07,strategy_position_limit_reached,B_ETF_trend_following,XLP,3890.6010111591186,3890.6010111591186,0.0,0.0,,,39.26887201828602,39.26887201828602,Skipped signal: position_limit_exceeded
2013-11-07,strategy_position_limit_reached,B_ETF_trend_following,XLU,3890.6010111591186,3890.6010111591186,0.0,0.0,,,39.26887201828602,39.26887201828602,Skipped signal: position_limit_exceeded
2013-11-08,strategy_position_limit_reached,B_ETF_trend_following,SHY,3943.2760870757706,3943.2760870757706,0.0,0.0,,,38.02705246109531,0.0,Skipped signal: position_limit_exceeded
2013-11-11,strategy_position_limit_reached,B_ETF_trend_following,SPY,3939.474173846295,3939.474173846295,0.0,0.0,,,34.23795112010543,34.23795112010543,Skipped signal: position_limit_exceeded
2013-11-12,strategy_position_limit_reached,B_ETF_trend_following,SPY,3942.000637481056,3942.000637481056,0.0,0.0,,,31.12942780087139,31.12942780087139,Skipped signal: position_limit_exceeded
2013-11-12,strategy_position_limit_reached,B_ETF_trend_following,XLV,3942.000637481056,3942.000637481056,0.0,0.0,,,31.12942780087139,31.12942780087139,Skipped signal: position_limit_exceeded
2013-11-14,strategy_position_limit_reached,B_ETF_trend_following,XLV,3984.737484243152,3984.737484243152,0.0,0.0,,,21.47495216930614,21.47495216930614,Skipped signal: position_limit_exceeded
2013-11-14,strategy_position_limit_reached,B_ETF_trend_following,SPY,3984.737484243152,3984.737484243152,0.0,0.0,,,21.47495216930614,21.47495216930614,Skipped signal: position_limit_exceeded
2013-11-14,strategy_position_limit_reached,B_ETF_trend_following,XLY,3984.737484243152,3984.737484243152,0.0,0.0,,,21.47495216930614,21.47495216930614,Skipped signal: position_limit_exceeded
2013-11-14,strategy_position_limit_reached,B_ETF_trend_following,XLK,3984.737484243152,3984.737484243152,0.0,0.0,,,21.47495216930614,21.47495216930614,Skipped signal: position_limit_exceeded
2013-11-14,strategy_position_limit_reached,B_ETF_trend_following,XLB,3984.737484243152,3984.737484243152,0.0,0.0,,,21.47495216930614,21.47495216930614,Skipped signal: position_limit_exceeded
2013-11-15,strategy_position_limit_reached,B_ETF_trend_following,XLV,3997.1169717390576,3997.1169717390576,0.0,0.0,,,14.69515875129105,14.69515875129105,Skipped signal: position_limit_exceeded
2013-11-15,strategy_position_limit_reached,B_ETF_trend_following,SPY,3997.1169717390576,3997.1169717390576,0.0,0.0,,,14.69515875129105,14.69515875129105,Skipped signal: position_limit_exceeded
2013-11-15,strategy_position_limit_reached,B_ETF_trend_following,XLY,3997.1169717390576,3997.1169717390576,0.0,0.0,,,14.69515875129105,14.69515875129105,Skipped signal: position_limit_exceeded
2013-11-15,strategy_position_limit_reached,B_ETF_trend_following,XLB,3997.1169717390576,3997.1169717390576,0.0,0.0,,,14.69515875129105,14.69515875129105,Skipped signal: position_limit_exceeded
2013-11-15,strategy_position_limit_reached,B_ETF_trend_following,XLP,3997.1169717390576,3997.1169717390576,0.0,0.0,,,14.69515875129105,14.69515875129105,Skipped signal: position_limit_exceeded
2013-11-18,strategy_position_limit_reached,B_ETF_trend_following,SPY,3994.3243590623424,3994.3243590623424,0.0,0.0,,,7.955628079206553,7.955628079206553,Skipped signal: position_limit_exceeded
2013-11-18,strategy_position_limit_reached,B_ETF_trend_following,XLV,3994.3243590623424,3994.3243590623424,0.0,0.0,,,7.955628079206553,7.955628079206553,Skipped signal: position_limit_exceeded
2013-11-18,strategy_position_limit_reached,B_ETF_trend_following,XLY,3994.3243590623424,3994.3243590623424,0.0,0.0,,,7.955628079206553,7.955628079206553,Skipped signal: position_limit_exceeded
2013-11-18,strategy_position_limit_reached,B_ETF_trend_following,XLB,3994.3243590623424,3994.3243590623424,0.0,0.0,,,7.955628079206553,7.955628079206553,Skipped signal: position_limit_exceeded
2013-11-18,strategy_position_limit_reached,B_ETF_trend_following,XLP,3994.3243590623424,3994.3243590623424,0.0,0.0,,,7.955628079206553,7.955628079206553,Skipped signal: position_limit_exceeded
2013-11-19,strategy_position_limit_reached,B_ETF_trend_following,SHY,3969.0585448422635,3969.0585448422635,0.0,0.0,,,6.449400265734273,0.0,Skipped signal: position_limit_exceeded
2013-11-20,strategy_position_limit_reached,B_ETF_trend_following,XLF,3953.105122230255,3953.105122230255,0.0,0.0,,,6.052951590880007,6.052951590880007,Skipped signal: position_limit_exceeded
2013-11-22,strategy_position_limit_reached,B_ETF_trend_following,XLV,4019.085192479579,4019.085192479579,0.0,0.0,,,6.052951590880007,6.052951590880007,Skipped signal: position_limit_exceeded
2013-11-22,strategy_position_limit_reached,B_ETF_trend_following,SHY,4019.085192479579,4019.085192479579,0.0,0.0,,,6.052951590880007,0.0,Skipped signal: position_limit_exceeded
2013-11-22,strategy_position_limit_reached,B_ETF_trend_following,XLE,4019.085192479579,4019.085192479579,0.0,0.0,,,6.052951590880007,6.052951590880007,Skipped signal: position_limit_exceeded
2013-11-22,strategy_position_limit_reached,B_ETF_trend_following,XLF,4019.085192479579,4019.085192479579,0.0,0.0,,,6.052951590880007,6.052951590880007,Skipped signal: position_limit_exceeded
2013-11-25,strategy_position_limit_reached,B_ETF_trend_following,XLV,4013.9982579803345,4013.9982579803345,0.0,0.0,,,0.0,0.0,Skipped signal: position_limit_exceeded
2013-11-25,strategy_position_limit_reached,B_ETF_trend_following,SPY,4013.9982579803345,4013.9982579803345,0.0,0.0,,,0.0,0.0,Skipped signal: position_limit_exceeded
2013-11-25,strategy_position_limit_reached,B_ETF_trend_following,XLE,4013.9982579803345,4013.9982579803345,0.0,0.0,,,0.0,0.0,Skipped signal: position_limit_exceeded
2013-11-25,strategy_position_limit_reached,B_ETF_trend_following,XLF,4013.9982579803345,4013.9982579803345,0.0,0.0,,,0.0,0.0,Skipped signal: position_limit_exceeded
2013-11-25,strategy_position_limit_reached,B_ETF_trend_following,IWM,4013.9982579803345,4013.9982579803345,0.0,0.0,,,0.0,0.0,Skipped signal: position_limit_exceeded
2013-11-26,strategy_position_limit_reached,B_ETF_trend_following,XLV,4024.6092847557757,4024.6092847557757,0.0,0.0,,,0.0,0.0,Skipped signal: position_limit_exceeded
2013-11-26,strategy_position_limit_reached,B_ETF_trend_following,XLF,4024.6092847557757,4024.6092847557757,0.0,0.0,,,0.0,0.0,Skipped signal: position_limit_exceeded
2013-11-26,strategy_position_limit_reached,B_ETF_trend_following,IWM,4024.6092847557757,4024.6092847557757,0.0,0.0,,,0.0,0.0,Skipped signal: position_limit_exceeded
2013-11-27,strategy_position_limit_reached,B_ETF_trend_following,XLY,4043.041701175388,4043.041701175388,0.0,0.0,,,0.0,0.0,Skipped signal: position_limit_exceeded
2013-11-27,strategy_position_limit_reached,B_ETF_trend_following,IWM,4043.041701175388,4043.041701175388,0.0,0.0,,,0.0,0.0,Skipped signal: position_limit_exceeded
2013-11-29,strategy_position_limit_reached,B_ETF_trend_following,SPY,4039.0236764714964,4039.0236764714964,0.0,0.0,,,0.0,0.0,Skipped signal: position_limit_exceeded
2013-11-29,strategy_position_limit_reached,B_ETF_trend_following,XLK,4039.0236764714964,4039.0236764714964,0.0,0.0,,,0.0,0.0,Skipped signal: position_limit_exceeded
2013-11-29,strategy_position_limit_reached,B_ETF_trend_following,XLY,4039.0236764714964,4039.0236764714964,0.0,0.0,,,0.0,0.0,Skipped signal: position_limit_exceeded
2013-11-29,strategy_position_limit_reached,B_ETF_trend_following,IWM,4039.0236764714964,4039.0236764714964,0.0,0.0,,,0.0,0.0,Skipped signal: position_limit_exceeded
2013-11-29,strategy_position_limit_reached,B_ETF_trend_following,XLF,4039.0236764714964,4039.0236764714964,0.0,0.0,,,0.0,0.0,Skipped signal: position_limit_exceeded
2013-12-02,strategy_position_limit_reached,B_ETF_trend_following,XLK,4023.225768576246,4023.225768576246,0.0,0.0,,,0.0,0.0,Skipped signal: position_limit_exceeded
2013-12-02,strategy_position_limit_reached,B_ETF_trend_following,XLY,4023.225768576246,4023.225768576246,0.0,0.0,,,0.0,0.0,Skipped signal: position_limit_exceeded
2013-12-02,strategy_position_limit_reached,B_ETF_trend_following,IWM,4023.225768576246,4023.225768576246,0.0,0.0,,,0.0,0.0,Skipped signal: position_limit_exceeded
2013-12-02,strategy_position_limit_reached,B_ETF_trend_following,SMH,4023.225768576246,4023.225768576246,0.0,0.0,,,0.0,0.0,Skipped signal: position_limit_exceeded
2013-12-09,strategy_position_limit_reached,B_ETF_trend_following,SMH,3982.824643738552,3982.824643738552,0.0,0.0,,,52.18882060821197,52.18882060821197,Skipped signal: position_limit_exceeded
2013-12-10,strategy_position_limit_reached,B_ETF_trend_following,SPY,3978.016121998508,3978.016121998508,0.0,0.0,,,52.18882060821197,52.18882060821197,Skipped signal: position_limit_exceeded
2013-12-10,strategy_position_limit_reached,B_ETF_trend_following,SMH,3978.016121998508,3978.016121998508,0.0,0.0,,,52.18882060821197,52.18882060821197,Skipped signal: position_limit_exceeded
2013-12-19,strategy_position_limit_reached,B_ETF_trend_following,SPY,3935.7373936933204,3935.7373936933204,0.0,0.0,,,59.62059103370372,59.62059103370372,Skipped signal: position_limit_exceeded
2013-12-19,strategy_position_limit_reached,B_ETF_trend_following,XLF,3935.7373936933204,3935.7373936933204,0.0,0.0,,,59.62059103370372,59.62059103370372,Skipped signal: position_limit_exceeded
2013-12-19,strategy_position_limit_reached,B_ETF_trend_following,XLB,3935.7373936933204,3935.7373936933204,0.0,0.0,,,59.62059103370372,59.62059103370372,Skipped signal: position_limit_exceeded
2013-12-20,strategy_position_limit_reached,B_ETF_trend_following,XLB,3955.1100082756548,3955.1100082756548,0.0,0.0,,,58.25837213115925,58.25837213115925,Skipped signal: position_limit_exceeded
2013-12-23,strategy_position_limit_reached,B_ETF_trend_following,QQQ,3972.176149641957,3972.176149641957,0.0,0.0,,,47.127471232350864,47.127471232350864,Skipped signal: position_limit_exceeded
2013-12-23,strategy_position_limit_reached,B_ETF_trend_following,XLK,3972.176149641957,3972.176149641957,0.0,0.0,,,47.127471232350864,47.127471232350864,Skipped signal: position_limit_exceeded
2013-12-23,strategy_position_limit_reached,B_ETF_trend_following,SPY,3972.176149641957,3972.176149641957,0.0,0.0,,,47.127471232350864,47.127471232350864,Skipped signal: position_limit_exceeded
2013-12-23,strategy_position_limit_reached,B_ETF_trend_following,XLF,3972.176149641957,3972.176149641957,0.0,0.0,,,47.127471232350864,47.127471232350864,Skipped signal: position_limit_exceeded
2013-12-23,strategy_position_limit_reached,B_ETF_trend_following,XLB,3972.176149641957,3972.176149641957,0.0,0.0,,,47.127471232350864,47.127471232350864,Skipped signal: position_limit_exceeded
2013-12-24,strategy_position_limit_reached,B_ETF_trend_following,QQQ,3982.595754946361,3982.595754946361,0.0,0.0,,,29.419804476969052,29.419804476969052,Skipped signal: position_limit_exceeded
2013-12-24,strategy_position_limit_reached,B_ETF_trend_following,XLK,3982.595754946361,3982.595754946361,0.0,0.0,,,29.419804476969052,29.419804476969052,Skipped signal: position_limit_exceeded
2013-12-24,strategy_position_limit_reached,B_ETF_trend_following,SPY,3982.595754946361,3982.595754946361,0.0,0.0,,,29.419804476969052,29.419804476969052,Skipped signal: position_limit_exceeded
2013-12-24,strategy_position_limit_reached,B_ETF_trend_following,XLF,3982.595754946361,3982.595754946361,0.0,0.0,,,29.419804476969052,29.419804476969052,Skipped signal: position_limit_exceeded
2013-12-24,strategy_position_limit_reached,B_ETF_trend_following,XLB,3982.595754946361,3982.595754946361,0.0,0.0,,,29.419804476969052,29.419804476969052,Skipped signal: position_limit_exceeded
2013-12-26,strategy_position_limit_reached,B_ETF_trend_following,QQQ,4011.768731224953,4011.768731224953,0.0,0.0,,,21.894656260943368,21.894656260943368,Skipped signal: position_limit_exceeded
2013-12-26,strategy_position_limit_reached,B_ETF_trend_following,XLK,4011.768731224953,4011.768731224953,0.0,0.0,,,21.894656260943368,21.894656260943368,Skipped signal: position_limit_exceeded
2013-12-26,strategy_position_limit_reached,B_ETF_trend_following,SPY,4011.768731224953,4011.768731224953,0.0,0.0,,,21.894656260943368,21.894656260943368,Skipped signal: position_limit_exceeded
2013-12-26,strategy_position_limit_reached,B_ETF_trend_following,XLB,4011.768731224953,4011.768731224953,0.0,0.0,,,21.894656260943368,21.894656260943368,Skipped signal: position_limit_exceeded
2013-12-26,strategy_position_limit_reached,B_ETF_trend_following,XLF,4011.768731224953,4011.768731224953,0.0,0.0,,,21.894656260943368,21.894656260943368,Skipped signal: position_limit_exceeded
2013-12-27,strategy_position_limit_reached,B_ETF_trend_following,QQQ,3995.8602045277003,3995.8602045277003,0.0,0.0,,,5.531177444053792,5.531177444053792,Skipped signal: position_limit_exceeded
2013-12-27,strategy_position_limit_reached,B_ETF_trend_following,XLK,3995.8602045277003,3995.8602045277003,0.0,0.0,,,5.531177444053792,5.531177444053792,Skipped signal: position_limit_exceeded
2013-12-27,strategy_position_limit_reached,B_ETF_trend_following,SPY,3995.8602045277003,3995.8602045277003,0.0,0.0,,,5.531177444053792,5.531177444053792,Skipped signal: position_limit_exceeded
2013-12-27,strategy_position_limit_reached,B_ETF_trend_following,XLV,3995.8602045277003,3995.8602045277003,0.0,0.0,,,5.531177444053792,5.531177444053792,Skipped signal: position_limit_exceeded
2013-12-27,strategy_position_limit_reached,B_ETF_trend_following,XLB,3995.8602045277003,3995.8602045277003,0.0,0.0,,,5.531177444053792,5.531177444053792,Skipped signal: position_limit_exceeded
2013-12-30,strategy_position_limit_reached,B_ETF_trend_following,XLB,4009.614130819707,4009.614130819707,0.0,0.0,,,5.531177444053792,5.531177444053792,Skipped signal: position_limit_exceeded
2013-12-30,strategy_position_limit_reached,B_ETF_trend_following,XLE,4009.614130819707,4009.614130819707,0.0,0.0,,,5.531177444053792,5.531177444053792,Skipped signal: position_limit_exceeded
2013-12-31,strategy_position_limit_reached,B_ETF_trend_following,XLB,4026.9018766253894,4026.9018766253894,0.0,0.0,,,5.451052427349282,5.451052427349282,Skipped signal: position_limit_exceeded
2013-12-31,strategy_position_limit_reached,B_ETF_trend_following,SMH,4026.9018766253894,4026.9018766253894,0.0,0.0,,,5.451052427349282,5.451052427349282,Skipped signal: position_limit_exceeded
2013-12-31,strategy_position_limit_reached,B_ETF_trend_following,XLP,4026.9018766253894,4026.9018766253894,0.0,0.0,,,5.451052427349282,5.451052427349282,Skipped signal: position_limit_exceeded
2013-12-31,strategy_position_limit_reached,B_ETF_trend_following,XLV,4026.9018766253894,4026.9018766253894,0.0,0.0,,,5.451052427349282,5.451052427349282,Skipped signal: position_limit_exceeded
2014-01-02,strategy_position_limit_reached,B_ETF_trend_following,XLK,4000.815765307338,4000.815765307338,0.0,0.0,,,0.0,0.0,Skipped signal: position_limit_exceeded
2014-01-02,strategy_position_limit_reached,B_ETF_trend_following,QQQ,4000.815765307338,4000.815765307338,0.0,0.0,,,0.0,0.0,Skipped signal: position_limit_exceeded
2014-01-02,strategy_position_limit_reached,B_ETF_trend_following,SPY,4000.815765307338,4000.815765307338,0.0,0.0,,,0.0,0.0,Skipped signal: position_limit_exceeded
2014-01-02,strategy_position_limit_reached,B_ETF_trend_following,XLB,4000.815765307338,4000.815765307338,0.0,0.0,,,0.0,0.0,Skipped signal: position_limit_exceeded
2014-01-02,strategy_position_limit_reached,B_ETF_trend_following,SMH,4000.815765307338,4000.815765307338,0.0,0.0,,,0.0,0.0,Skipped signal: position_limit_exceeded
2014-01-06,strategy_position_limit_reached,B_ETF_trend_following,XLF,3969.8428611620434,3969.8428611620434,0.0,0.0,,,0.0,0.0,Skipped signal: position_limit_exceeded
2014-01-07,strategy_position_limit_reached,B_ETF_trend_following,XLF,3994.053989141654,3994.053989141654,0.0,0.0,,,0.0,0.0,Skipped signal: position_limit_exceeded
2014-01-08,strategy_position_limit_reached,B_ETF_trend_following,XLF,3983.979150620017,3983.979150620017,0.0,0.0,,,0.0,0.0,Skipped signal: position_limit_exceeded
2014-01-08,strategy_position_limit_reached,B_ETF_trend_following,XLV,3983.979150620017,3983.979150620017,0.0,0.0,,,0.0,0.0,Skipped signal: position_limit_exceeded
2014-01-09,strategy_position_limit_reached,B_ETF_trend_following,XLF,3987.292925569659,3987.292925569659,0.0,0.0,,,0.0,0.0,Skipped signal: position_limit_exceeded
2014-01-09,strategy_position_limit_reached,B_ETF_trend_following,XLV,3987.292925569659,3987.292925569659,0.0,0.0,,,0.0,0.0,Skipped signal: position_limit_exceeded
2014-01-10,strategy_position_limit_reached,B_ETF_trend_following,XLF,3998.1835150136235,3998.1835150136235,0.0,0.0,,,0.0,0.0,Skipped signal: position_limit_exceeded
2014-01-10,strategy_position_limit_reached,B_ETF_trend_following,XLV,3998.1835150136235,3998.1835150136235,0.0,0.0,,,0.0,0.0,Skipped signal: position_limit_exceeded
2014-01-13,strategy_position_limit_reached,B_ETF_trend_following,XLV,3924.272723862956,3924.272723862956,0.0,0.0,,,0.0,0.0,Skipped signal: position_limit_exceeded
2014-01-13,strategy_position_limit_reached,B_ETF_trend_following,IWM,3924.272723862956,3924.272723862956,0.0,0.0,,,0.0,0.0,Skipped signal: position_limit_exceeded
2014-01-13,strategy_position_limit_reached,B_ETF_trend_following,XLU,3924.272723862956,3924.272723862956,0.0,0.0,,,0.0,0.0,Skipped signal: position_limit_exceeded
2014-01-15,strategy_position_limit_reached,B_ETF_trend_following,SMH,3957.935565869251,3957.935565869251,0.0,0.0,,,30.77654490055212,30.77654490055212,Skipped signal: position_limit_exceeded
2014-01-16,strategy_position_limit_reached,B_ETF_trend_following,XLK,3959.8456583616853,3959.8456583616853,0.0,0.0,,,30.77654490055212,30.77654490055212,Skipped signal: position_limit_exceeded
2014-01-16,strategy_position_limit_reached,B_ETF_trend_following,QQQ,3959.8456583616853,3959.8456583616853,0.0,0.0,,,30.77654490055212,30.77654490055212,Skipped signal: position_limit_exceeded
2014-01-16,strategy_position_limit_reached,B_ETF_trend_following,XLF,3959.8456583616853,3959.8456583616853,0.0,0.0,,,30.77654490055212,30.77654490055212,Skipped signal: position_limit_exceeded
2014-01-16,strategy_position_limit_reached,B_ETF_trend_following,IWM,3959.8456583616853,3959.8456583616853,0.0,0.0,,,30.77654490055212,30.77654490055212,Skipped signal: position_limit_exceeded
2014-01-16,strategy_position_limit_reached,B_ETF_trend_following,SMH,3959.8456583616853,3959.8456583616853,0.0,0.0,,,30.77654490055212,30.77654490055212,Skipped signal: position_limit_exceeded
2014-01-17,strategy_position_limit_reached,B_ETF_trend_following,QQQ,3954.230754074076,3954.230754074076,0.0,0.0,,,30.77654490055212,30.77654490055212,Skipped signal: position_limit_exceeded
2014-01-17,strategy_position_limit_reached,B_ETF_trend_following,IWM,3954.230754074076,3954.230754074076,0.0,0.0,,,30.77654490055212,30.77654490055212,Skipped signal: position_limit_exceeded
2014-01-22,strategy_position_limit_reached,B_ETF_trend_following,QQQ,3969.659867832699,3969.659867832699,0.0,0.0,,,53.374940184059625,53.374940184059625,Skipped signal: position_limit_exceeded
2014-01-22,strategy_position_limit_reached,B_ETF_trend_following,IWM,3969.659867832699,3969.659867832699,0.0,0.0,,,53.374940184059625,53.374940184059625,Skipped signal: position_limit_exceeded
2014-01-22,strategy_position_limit_reached,B_ETF_trend_following,XLU,3969.659867832699,3969.659867832699,0.0,0.0,,,53.374940184059625,53.374940184059625,Skipped signal: position_limit_exceeded
2014-01-23,strategy_position_limit_reached,B_ETF_trend_following,QQQ,3938.086486019214,3938.086486019214,0.0,0.0,,,51.484826371924086,51.484826371924086,Skipped signal: position_limit_exceeded
2014-01-23,strategy_position_limit_reached,B_ETF_trend_following,IWM,3938.086486019214,3938.086486019214,0.0,0.0,,,51.484826371924086,51.484826371924086,Skipped signal: position_limit_exceeded
2014-01-23,strategy_position_limit_reached,B_ETF_trend_following,SMH,3938.086486019214,3938.086486019214,0.0,0.0,,,51.484826371924086,51.484826371924086,Skipped signal: position_limit_exceeded
2014-01-23,strategy_position_limit_reached,B_ETF_trend_following,XLU,3938.086486019214,3938.086486019214,0.0,0.0,,,51.484826371924086,51.484826371924086,Skipped signal: position_limit_exceeded
2014-02-12,strategy_position_limit_reached,B_ETF_trend_following,XLV,3860.9114639613804,3860.9114639613804,0.0,0.0,,,27.306129858048426,27.128151595364912,Skipped signal: position_limit_exceeded
2014-02-12,strategy_position_limit_reached,B_ETF_trend_following,QQQ,3860.9114639613804,3860.9114639613804,0.0,0.0,,,27.306129858048426,27.128151595364912,Skipped signal: position_limit_exceeded
2014-02-13,strategy_position_limit_reached,B_ETF_trend_following,QQQ,3889.6083843511933,3889.6083843511933,0.0,0.0,,,19.97729307981262,19.799314817129105,Skipped signal: position_limit_exceeded
2014-02-14,strategy_position_limit_reached,B_ETF_trend_following,QQQ,3905.0610742707336,3905.0610742707336,0.0,0.0,,,29.07214480671577,29.07214480671577,Skipped signal: position_limit_exceeded
2014-02-14,strategy_position_limit_reached,B_ETF_trend_following,XLK,3905.0610742707336,3905.0610742707336,0.0,0.0,,,29.07214480671577,29.07214480671577,Skipped signal: position_limit_exceeded
2014-02-18,strategy_position_limit_reached,B_ETF_trend_following,QQQ,3925.361803777688,3925.361803777688,0.0,0.0,,,26.72684870289167,26.72684870289167,Skipped signal: position_limit_exceeded
2014-02-18,strategy_position_limit_reached,B_ETF_trend_following,SMH,3925.361803777688,3925.361803777688,0.0,0.0,,,26.72684870289167,26.72684870289167,Skipped signal: position_limit_exceeded
2014-02-18,strategy_position_limit_reached,B_ETF_trend_following,XLK,3925.361803777688,3925.361803777688,0.0,0.0,,,26.72684870289167,26.72684870289167,Skipped signal: position_limit_exceeded
2014-02-19,strategy_position_limit_reached,B_ETF_trend_following,SMH,3900.8781710519506,3900.8781710519506,0.0,0.0,,,15.981874762167735,15.981874762167735,Skipped signal: position_limit_exceeded
2014-02-19,strategy_position_limit_reached,B_ETF_trend_following,QQQ,3900.8781710519506,3900.8781710519506,0.0,0.0,,,15.981874762167735,15.981874762167735,Skipped signal: position_limit_exceeded
2014-02-19,strategy_position_limit_reached,B_ETF_trend_following,XLK,3900.8781710519506,3900.8781710519506,0.0,0.0,,,15.981874762167735,15.981874762167735,Skipped signal: position_limit_exceeded
2014-02-19,strategy_position_limit_reached,B_ETF_trend_following,XLY,3900.8781710519506,3900.8781710519506,0.0,0.0,,,15.981874762167735,15.981874762167735,Skipped signal: position_limit_exceeded
2014-02-21,strategy_position_limit_reached,B_ETF_trend_following,SMH,3925.929624408052,3925.929624408052,0.0,0.0,,,14.595444111102182,14.595444111102182,Skipped signal: position_limit_exceeded
2014-02-21,strategy_position_limit_reached,B_ETF_trend_following,XLB,3925.929624408052,3925.929624408052,0.0,0.0,,,14.595444111102182,14.595444111102182,Skipped signal: position_limit_exceeded
2014-02-25,strategy_position_limit_reached,B_ETF_trend_following,SMH,3930.315686663643,3930.315686663643,0.0,0.0,,,8.694233268408585,8.694233268408585,Skipped signal: position_limit_exceeded
2014-02-25,strategy_position_limit_reached,B_ETF_trend_following,QQQ,3930.315686663643,3930.315686663643,0.0,0.0,,,8.694233268408585,8.694233268408585,Skipped signal: position_limit_exceeded
2014-02-25,strategy_position_limit_reached,B_ETF_trend_following,IWM,3930.315686663643,3930.315686663643,0.0,0.0,,,8.694233268408585,8.694233268408585,Skipped signal: position_limit_exceeded
2014-02-25,strategy_position_limit_reached,B_ETF_trend_following,XLI,3930.315686663643,3930.315686663643,0.0,0.0,,,8.694233268408585,8.694233268408585,Skipped signal: position_limit_exceeded
2014-02-25,strategy_position_limit_reached,B_ETF_trend_following,SPY,3930.315686663643,3930.315686663643,0.0,0.0,,,8.694233268408585,8.694233268408585,Skipped signal: position_limit_exceeded
2014-02-26,strategy_position_limit_reached,B_ETF_trend_following,IWM,3923.799811082358,3923.799811082358,0.0,0.0,,,8.305334689019269,8.305334689019269,Skipped signal: position_limit_exceeded
2014-02-26,strategy_position_limit_reached,B_ETF_trend_following,XLY,3923.799811082358,3923.799811082358,0.0,0.0,,,8.305334689019269,8.305334689019269,Skipped signal: position_limit_exceeded
2014-02-26,strategy_position_limit_reached,B_ETF_trend_following,XLP,3923.799811082358,3923.799811082358,0.0,0.0,,,8.305334689019269,8.305334689019269,Skipped signal: position_limit_exceeded
2014-02-27,strategy_position_limit_reached,B_ETF_trend_following,SMH,3934.3206530388215,3934.3206530388215,0.0,0.0,,,7.527514137543975,7.527514137543975,Skipped signal: position_limit_exceeded
2014-02-27,strategy_position_limit_reached,B_ETF_trend_following,XLB,3934.3206530388215,3934.3206530388215,0.0,0.0,,,7.527514137543975,7.527514137543975,Skipped signal: position_limit_exceeded
2014-02-27,strategy_position_limit_reached,B_ETF_trend_following,IWM,3934.3206530388215,3934.3206530388215,0.0,0.0,,,7.527514137543975,7.527514137543975,Skipped signal: position_limit_exceeded
2014-02-27,strategy_position_limit_reached,B_ETF_trend_following,SHY,3934.3206530388215,3934.3206530388215,0.0,0.0,,,7.527514137543975,0.0,Skipped signal: position_limit_exceeded
2014-02-27,strategy_position_limit_reached,B_ETF_trend_following,XLY,3934.3206530388215,3934.3206530388215,0.0,0.0,,,7.527514137543975,7.527514137543975,Skipped signal: position_limit_exceeded
2014-02-28,strategy_position_limit_reached,B_ETF_trend_following,SMH,3943.744645155406,3943.744645155406,0.0,0.0,,,4.5347274944959794,4.5347274944959794,Skipped signal: position_limit_exceeded
2014-02-28,strategy_position_limit_reached,B_ETF_trend_following,QQQ,3943.744645155406,3943.744645155406,0.0,0.0,,,4.5347274944959794,4.5347274944959794,Skipped signal: position_limit_exceeded
2014-02-28,strategy_position_limit_reached,B_ETF_trend_following,XLK,3943.744645155406,3943.744645155406,0.0,0.0,,,4.5347274944959794,4.5347274944959794,Skipped signal: position_limit_exceeded
2014-02-28,strategy_position_limit_reached,B_ETF_trend_following,XLB,3943.744645155406,3943.744645155406,0.0,0.0,,,4.5347274944959794,4.5347274944959794,Skipped signal: position_limit_exceeded
2014-02-28,strategy_position_limit_reached,B_ETF_trend_following,IWM,3943.744645155406,3943.744645155406,0.0,0.0,,,4.5347274944959794,4.5347274944959794,Skipped signal: position_limit_exceeded
2014-03-03,strategy_position_limit_reached,B_ETF_trend_following,SMH,3910.535822089149,3910.535822089149,0.0,0.0,,,4.433235583439147,4.433235583439147,Skipped signal: position_limit_exceeded
2014-03-03,strategy_position_limit_reached,B_ETF_trend_following,XLK,3910.535822089149,3910.535822089149,0.0,0.0,,,4.433235583439147,4.433235583439147,Skipped signal: position_limit_exceeded
2014-03-03,strategy_position_limit_reached,B_ETF_trend_following,XLB,3910.535822089149,3910.535822089149,0.0,0.0,,,4.433235583439147,4.433235583439147,Skipped signal: position_limit_exceeded
2014-03-03,strategy_position_limit_reached,B_ETF_trend_following,SPY,3910.535822089149,3910.535822089149,0.0,0.0,,,4.433235583439147,4.433235583439147,Skipped signal: position_limit_exceeded
2014-03-03,strategy_position_limit_reached,B_ETF_trend_following,XLI,3910.535822089149,3910.535822089149,0.0,0.0,,,4.433235583439147,4.433235583439147,Skipped signal: position_limit_exceeded
2014-03-04,strategy_position_limit_reached,B_ETF_trend_following,SHY,3956.549262699596,3956.549262699596,0.0,0.0,,,4.433235583439147,0.0,Skipped signal: position_limit_exceeded
2014-03-05,strategy_position_limit_reached,B_ETF_trend_following,XLB,3948.038173371244,3948.038173371244,0.0,0.0,,,0.0,0.0,Skipped signal: position_limit_exceeded
2014-03-05,strategy_position_limit_reached,B_ETF_trend_following,SMH,3948.038173371244,3948.038173371244,0.0,0.0,,,0.0,0.0,Skipped signal: position_limit_exceeded
2014-03-05,strategy_position_limit_reached,B_ETF_trend_following,QQQ,3948.038173371244,3948.038173371244,0.0,0.0,,,0.0,0.0,Skipped signal: position_limit_exceeded
2014-03-05,strategy_position_limit_reached,B_ETF_trend_following,XLK,3948.038173371244,3948.038173371244,0.0,0.0,,,0.0,0.0,Skipped signal: position_limit_exceeded
2014-03-05,strategy_position_limit_reached,B_ETF_trend_following,IWM,3948.038173371244,3948.038173371244,0.0,0.0,,,0.0,0.0,Skipped signal: position_limit_exceeded
2014-03-06,strategy_position_limit_reached,B_ETF_trend_following,SMH,3933.731282091652,3933.731282091652,0.0,0.0,,,0.0,0.0,Skipped signal: position_limit_exceeded
2014-03-06,strategy_position_limit_reached,B_ETF_trend_following,XLB,3933.731282091652,3933.731282091652,0.0,0.0,,,0.0,0.0,Skipped signal: position_limit_exceeded
2014-03-06,strategy_position_limit_reached,B_ETF_trend_following,QQQ,3933.731282091652,3933.731282091652,0.0,0.0,,,0.0,0.0,Skipped signal: position_limit_exceeded
2014-03-06,strategy_position_limit_reached,B_ETF_trend_following,XLK,3933.731282091652,3933.731282091652,0.0,0.0,,,0.0,0.0,Skipped signal: position_limit_exceeded
2014-03-06,strategy_position_limit_reached,B_ETF_trend_following,SPY,3933.731282091652,3933.731282091652,0.0,0.0,,,0.0,0.0,Skipped signal: position_limit_exceeded
2014-03-07,strategy_position_limit_reached,B_ETF_trend_following,XLB,3928.8328910048663,3928.8328910048663,0.0,0.0,,,0.0,0.0,Skipped signal: position_limit_exceeded
2014-03-07,strategy_position_limit_reached,B_ETF_trend_following,SMH,3928.8328910048663,3928.8328910048663,0.0,0.0,,,0.0,0.0,Skipped signal: position_limit_exceeded
2014-03-07,strategy_position_limit_reached,B_ETF_trend_following,XLK,3928.8328910048663,3928.8328910048663,0.0,0.0,,,0.0,0.0,Skipped signal: position_limit_exceeded
2014-03-07,strategy_position_limit_reached,B_ETF_trend_following,XLI,3928.8328910048663,3928.8328910048663,0.0,0.0,,,0.0,0.0,Skipped signal: position_limit_exceeded
2014-03-07,strategy_position_limit_reached,B_ETF_trend_following,SPY,3928.8328910048663,3928.8328910048663,0.0,0.0,,,0.0,0.0,Skipped signal: position_limit_exceeded
2014-03-10,strategy_position_limit_reached,B_ETF_trend_following,XLI,3929.5995222487627,3929.5995222487627,0.0,0.0,,,0.0,0.0,Skipped signal: position_limit_exceeded
2014-03-10,strategy_position_limit_reached,B_ETF_trend_following,SPY,3929.5995222487627,3929.5995222487627,0.0,0.0,,,0.0,0.0,Skipped signal: position_limit_exceeded
2014-03-10,strategy_position_limit_reached,B_ETF_trend_following,XLF,3929.5995222487627,3929.5995222487627,0.0,0.0,,,0.0,0.0,Skipped signal: position_limit_exceeded
2014-03-11,strategy_position_limit_reached,B_ETF_trend_following,XLF,3916.9896229514607,3916.9896229514607,0.0,0.0,,,0.0,0.0,Skipped signal: position_limit_exceeded
2014-03-11,strategy_position_limit_reached,B_ETF_trend_following,XLE,3916.9896229514607,3916.9896229514607,0.0,0.0,,,0.0,0.0,Skipped signal: position_limit_exceeded
2014-03-11,strategy_position_limit_reached,B_ETF_trend_following,XLP,3916.9896229514607,3916.9896229514607,0.0,0.0,,,0.0,0.0,Skipped signal: position_limit_exceeded
2014-03-13,strategy_position_limit_reached,B_ETF_trend_following,SMH,3926.4891803088144,3926.4891803088144,0.0,0.0,,,0.0,0.0,Skipped signal: position_limit_exceeded
2014-03-13,strategy_position_limit_reached,B_ETF_trend_following,XLP,3926.4891803088144,3926.4891803088144,0.0,0.0,,,0.0,0.0,Skipped signal: position_limit_exceeded
2014-03-18,strategy_position_limit_reached,B_ETF_trend_following,XLP,3949.190434861448,3949.190434861448,0.0,0.0,,,32.25550923129271,32.25550923129271,Skipped signal: position_limit_exceeded
2014-03-19,strategy_position_limit_reached,B_ETF_trend_following,SMH,3897.0584005493565,3897.0584005493565,0.0,0.0,,,32.25550923129271,32.25550923129271,Skipped signal: position_limit_exceeded
2014-03-19,strategy_position_limit_reached,B_ETF_trend_following,XLP,3897.0584005493565,3897.0584005493565,0.0,0.0,,,32.25550923129271,32.25550923129271,Skipped signal: position_limit_exceeded
2014-03-21,strategy_position_limit_reached,B_ETF_trend_following,XLK,3837.2103314522064,3837.2103314522064,0.0,0.0,,,39.34071419800111,39.34071419800111,Skipped signal: position_limit_exceeded
2014-03-21,strategy_position_limit_reached,B_ETF_trend_following,XLF,3837.2103314522064,3837.2103314522064,0.0,0.0,,,39.34071419800111,39.34071419800111,Skipped signal: position_limit_exceeded
2014-03-24,cluster_risk_block,A_ETF_sector_momentum,SMH,3813.5872839801104,3813.5872839801104,0.0,0.0,,,73.45941313858339,73.45941313858339,Skipped signal: correlation_cluster_risk_exceeded
2014-03-24,cluster_risk_block,B_ETF_trend_following,XLF,3813.5872839801104,3813.5872839801104,0.0,0.0,,,73.45941313858339,73.45941313858339,Skipped signal: correlation_cluster_risk_exceeded
2014-03-26,cluster_risk_block,B_ETF_trend_following,XLK,3800.734159528775,3800.734159528775,0.0,0.0,,,73.45941313858339,73.45941313858339,Skipped signal: correlation_cluster_risk_exceeded
2014-03-27,strategy_position_limit_reached,B_ETF_trend_following,TLT,3783.845278523145,3783.845278523145,0.0,0.0,,,86.18384048402325,0.0,Skipped signal: position_limit_exceeded
2014-03-28,strategy_position_limit_reached,B_ETF_trend_following,XLU,3798.3963893959276,3798.3963893959276,0.0,0.0,,,52.06514154344098,52.06514154344098,Skipped signal: position_limit_exceeded
2014-03-28,strategy_position_limit_reached,B_ETF_trend_following,TLT,3798.3963893959276,3798.3963893959276,0.0,0.0,,,52.06514154344098,0.0,Skipped signal: position_limit_exceeded
2014-03-28,strategy_position_limit_reached,B_ETF_trend_following,XLE,3798.3963893959276,3798.3963893959276,0.0,0.0,,,52.06514154344098,52.06514154344098,Skipped signal: position_limit_exceeded
2014-03-31,strategy_position_limit_reached,B_ETF_trend_following,XLU,3837.428915189884,3837.428915189884,0.0,0.0,,,85.5399320579189,85.5399320579189,Skipped signal: position_limit_exceeded
2014-03-31,strategy_position_limit_reached,B_ETF_trend_following,XLE,3837.428915189884,3837.428915189884,0.0,0.0,,,85.5399320579189,85.5399320579189,Skipped signal: position_limit_exceeded
2014-04-01,strategy_position_limit_reached,B_ETF_trend_following,XLU,3848.7300760474786,3848.7300760474786,0.0,0.0,,,84.4250256644483,84.4250256644483,Skipped signal: position_limit_exceeded
2014-04-02,strategy_position_limit_reached,B_ETF_trend_following,XLK,3839.646376814325,3839.646376814325,0.0,0.0,,,68.75384572030771,68.75384572030771,Skipped signal: position_limit_exceeded
2014-04-02,strategy_position_limit_reached,B_ETF_trend_following,SPY,3839.646376814325,3839.646376814325,0.0,0.0,,,68.75384572030771,68.75384572030771,Skipped signal: position_limit_exceeded
2014-04-02,strategy_position_limit_reached,B_ETF_trend_following,XLE,3839.646376814325,3839.646376814325,0.0,0.0,,,68.75384572030771,68.75384572030771,Skipped signal: position_limit_exceeded
2014-04-03,strategy_position_limit_reached,B_ETF_trend_following,XLB,3849.351985936646,3849.351985936646,0.0,0.0,,,68.75384572030771,68.75384572030771,Skipped signal: position_limit_exceeded
2014-04-03,strategy_position_limit_reached,B_ETF_trend_following,SPY,3849.351985936646,3849.351985936646,0.0,0.0,,,68.75384572030771,68.75384572030771,Skipped signal: position_limit_exceeded
2014-04-03,strategy_position_limit_reached,B_ETF_trend_following,XLK,3849.351985936646,3849.351985936646,0.0,0.0,,,68.75384572030771,68.75384572030771,Skipped signal: position_limit_exceeded
2014-04-03,strategy_position_limit_reached,B_ETF_trend_following,XLF,3849.351985936646,3849.351985936646,0.0,0.0,,,68.75384572030771,68.75384572030771,Skipped signal: position_limit_exceeded
2014-04-03,strategy_position_limit_reached,B_ETF_trend_following,XLE,3849.351985936646,3849.351985936646,0.0,0.0,,,68.75384572030771,68.75384572030771,Skipped signal: position_limit_exceeded
2014-04-04,strategy_position_limit_reached,B_ETF_trend_following,XLE,3816.0651789911744,3816.0651789911744,0.0,0.0,,,68.50727104255473,68.50727104255473,Skipped signal: position_limit_exceeded
2014-04-04,strategy_position_limit_reached,B_ETF_trend_following,XLB,3816.0651789911744,3816.0651789911744,0.0,0.0,,,68.50727104255473,68.50727104255473,Skipped signal: position_limit_exceeded
2014-04-04,strategy_position_limit_reached,B_ETF_trend_following,XLI,3816.0651789911744,3816.0651789911744,0.0,0.0,,,68.50727104255473,68.50727104255473,Skipped signal: position_limit_exceeded
2014-04-11,strategy_position_limit_reached,B_ETF_trend_following,TLT,3796.9377230321643,3796.9377230321643,0.0,0.0,,,61.789733968978105,0.0,Skipped signal: position_limit_exceeded
2014-04-11,strategy_position_limit_reached,B_ETF_trend_following,IEF,3796.9377230321643,3796.9377230321643,0.0,0.0,,,61.789733968978105,0.0,Skipped signal: position_limit_exceeded
2014-04-11,strategy_position_limit_reached,B_ETF_trend_following,SHY,3796.9377230321643,3796.9377230321643,0.0,0.0,,,61.789733968978105,0.0,Skipped signal: position_limit_exceeded
2014-04-14,strategy_position_limit_reached,B_ETF_trend_following,TLT,3821.2276086937136,3821.2276086937136,0.0,0.0,,,61.789733968978105,0.0,Skipped signal: position_limit_exceeded
2014-04-14,strategy_position_limit_reached,B_ETF_trend_following,IEF,3821.2276086937136,3821.2276086937136,0.0,0.0,,,61.789733968978105,0.0,Skipped signal: position_limit_exceeded
2014-04-16,strategy_position_limit_reached,B_ETF_trend_following,TLT,3895.3301552302705,3895.3301552302705,0.0,0.0,,,34.363910479038005,0.0,Skipped signal: position_limit_exceeded
2014-04-16,strategy_position_limit_reached,B_ETF_trend_following,XLE,3895.3301552302705,3895.3301552302705,0.0,0.0,,,34.363910479038005,34.363910479038005,Skipped signal: position_limit_exceeded
2014-04-17,strategy_position_limit_reached,B_ETF_trend_following,TLT,3857.1200616272954,3857.1200616272954,0.0,0.0,,,15.790836498647142,0.0,Skipped signal: position_limit_exceeded
2014-04-17,strategy_position_limit_reached,B_ETF_trend_following,XLE,3857.1200616272954,3857.1200616272954,0.0,0.0,,,15.790836498647142,15.790836498647142,Skipped signal: position_limit_exceeded
2014-04-21,strategy_position_limit_reached,B_ETF_trend_following,XLE,3853.862802209831,3853.862802209831,0.0,0.0,,,15.318664359740481,15.318664359740481,Skipped signal: position_limit_exceeded
2014-04-22,strategy_position_limit_reached,B_ETF_trend_following,XLE,3857.8453232243733,3857.8453232243733,0.0,0.0,,,14.568646410271878,14.568646410271878,Skipped signal: position_limit_exceeded
2014-04-24,strategy_position_limit_reached,B_ETF_trend_following,XLE,3882.117999528742,3882.117999528742,0.0,0.0,,,13.222990780465757,13.222990780465757,Skipped signal: position_limit_exceeded
2014-04-25,strategy_position_limit_reached,B_ETF_trend_following,XLE,3918.703402591239,3918.703402591239,0.0,0.0,,,13.222990780465757,13.222990780465757,Skipped signal: position_limit_exceeded
2014-04-28,strategy_position_limit_reached,B_ETF_trend_following,TLT,3943.0020354003486,3943.0020354003486,0.0,0.0,,,4.776803327040619,0.0,Skipped signal: position_limit_exceeded
2014-04-30,strategy_position_limit_reached,B_ETF_trend_following,XLE,3934.127017949664,3934.127017949664,0.0,0.0,,,0.0,0.0,Skipped signal: position_limit_exceeded
2014-05-02,strategy_position_limit_reached,B_ETF_trend_following,TLT,3881.968518294011,3881.968518294011,0.0,0.0,,,0.0,0.0,Skipped signal: position_limit_exceeded
2014-05-02,strategy_position_limit_reached,B_ETF_trend_following,IEF,3881.968518294011,3881.968518294011,0.0,0.0,,,0.0,0.0,Skipped signal: position_limit_exceeded
2014-05-05,strategy_position_limit_reached,B_ETF_trend_following,TLT,3907.6776101171536,3907.6776101171536,0.0,0.0,,,0.0,0.0,Skipped signal: position_limit_exceeded
2014-05-05,strategy_position_limit_reached,B_ETF_trend_following,IEF,3907.6776101171536,3907.6776101171536,0.0,0.0,,,0.0,0.0,Skipped signal: position_limit_exceeded
2014-05-06,strategy_position_limit_reached,B_ETF_trend_following,XLE,3887.375889437078,3887.375889437078,0.0,0.0,,,0.0,0.0,Skipped signal: position_limit_exceeded
2014-05-06,strategy_position_limit_reached,B_ETF_trend_following,XLB,3887.375889437078,3887.375889437078,0.0,0.0,,,0.0,0.0,Skipped signal: position_limit_exceeded
2014-05-06,strategy_position_limit_reached,B_ETF_trend_following,SPY,3887.375889437078,3887.375889437078,0.0,0.0,,,0.0,0.0,Skipped signal: position_limit_exceeded
2014-05-06,strategy_position_limit_reached,B_ETF_trend_following,XLK,3887.375889437078,3887.375889437078,0.0,0.0,,,0.0,0.0,Skipped signal: position_limit_exceeded
2014-05-07,strategy_position_limit_reached,B_ETF_trend_following,XLE,3944.990862007511,3944.990862007511,0.0,0.0,,,0.0,0.0,Skipped signal: position_limit_exceeded
2014-05-07,strategy_position_limit_reached,B_ETF_trend_following,IEF,3944.990862007511,3944.990862007511,0.0,0.0,,,0.0,0.0,Skipped signal: position_limit_exceeded
2014-05-08,strategy_position_limit_reached,B_ETF_trend_following,XLE,3912.0368617352774,3912.0368617352774,0.0,0.0,,,0.0,0.0,Skipped signal: position_limit_exceeded
2014-05-08,strategy_position_limit_reached,B_ETF_trend_following,XLB,3912.0368617352774,3912.0368617352774,0.0,0.0,,,0.0,0.0,Skipped signal: position_limit_exceeded
2014-05-08,strategy_position_limit_reached,B_ETF_trend_following,IEF,3912.0368617352774,3912.0368617352774,0.0,0.0,,,0.0,0.0,Skipped signal: position_limit_exceeded
2014-05-09,strategy_position_limit_reached,B_ETF_trend_following,IEF,3870.2192765411282,3870.2192765411282,0.0,0.0,,,0.0,0.0,Skipped signal: position_limit_exceeded
2014-05-12,strategy_position_limit_reached,B_ETF_trend_following,SHY,3862.3408437306507,3862.3408437306507,0.0,0.0,,,32.106775139337316,0.0,Skipped signal: position_limit_exceeded
2014-05-13,strategy_position_limit_reached,B_ETF_trend_following,XLI,3878.6317134389637,3878.6317134389637,0.0,0.0,,,64.39663900221979,64.39663900221979,Skipped signal: position_limit_exceeded
2014-05-13,strategy_position_limit_reached,B_ETF_trend_following,SPY,3878.6317134389637,3878.6317134389637,0.0,0.0,,,64.39663900221979,64.39663900221979,Skipped signal: position_limit_exceeded
2014-05-13,strategy_position_limit_reached,B_ETF_trend_following,XLK,3878.6317134389637,3878.6317134389637,0.0,0.0,,,64.39663900221979,64.39663900221979,Skipped signal: position_limit_exceeded
2014-05-13,strategy_position_limit_reached,B_ETF_trend_following,XLF,3878.6317134389637,3878.6317134389637,0.0,0.0,,,64.39663900221979,64.39663900221979,Skipped signal: position_limit_exceeded
2014-05-14,strategy_position_limit_reached,B_ETF_trend_following,XLI,3875.236684247341,3875.236684247341,0.0,0.0,,,61.80629473280199,61.80629473280199,Skipped signal: position_limit_exceeded
2014-05-14,strategy_position_limit_reached,B_ETF_trend_following,SPY,3875.236684247341,3875.236684247341,0.0,0.0,,,61.80629473280199,61.80629473280199,Skipped signal: position_limit_exceeded
2014-05-14,strategy_position_limit_reached,B_ETF_trend_following,IEF,3875.236684247341,3875.236684247341,0.0,0.0,,,61.80629473280199,0.0,Skipped signal: position_limit_exceeded
2014-05-14,strategy_position_limit_reached,B_ETF_trend_following,XLK,3875.236684247341,3875.236684247341,0.0,0.0,,,61.80629473280199,61.80629473280199,Skipped signal: position_limit_exceeded
2014-05-14,strategy_position_limit_reached,B_ETF_trend_following,SHY,3875.236684247341,3875.236684247341,0.0,0.0,,,61.80629473280199,0.0,Skipped signal: position_limit_exceeded
2014-05-15,strategy_position_limit_reached,B_ETF_trend_following,TLT,3829.138345547709,3829.138345547709,0.0,0.0,,,58.82711067905354,0.0,Skipped signal: position_limit_exceeded
2014-05-15,strategy_position_limit_reached,B_ETF_trend_following,IEF,3829.138345547709,3829.138345547709,0.0,0.0,,,58.82711067905354,0.0,Skipped signal: position_limit_exceeded
2014-05-15,strategy_position_limit_reached,B_ETF_trend_following,SHY,3829.138345547709,3829.138345547709,0.0,0.0,,,58.82711067905354,0.0,Skipped signal: position_limit_exceeded
2014-05-15,strategy_position_limit_reached,B_ETF_trend_following,XLV,3829.138345547709,3829.138345547709,0.0,0.0,,,58.82711067905354,58.82711067905354,Skipped signal: position_limit_exceeded
2014-05-16,strategy_position_limit_reached,B_ETF_trend_following,TLT,3835.4741380372834,3835.4741380372834,0.0,0.0,,,58.82711067905354,0.0,Skipped signal: position_limit_exceeded
2014-05-16,strategy_position_limit_reached,B_ETF_trend_following,IEF,3835.4741380372834,3835.4741380372834,0.0,0.0,,,58.82711067905354,0.0,Skipped signal: position_limit_exceeded
2014-05-16,strategy_position_limit_reached,B_ETF_trend_following,SHY,3835.4741380372834,3835.4741380372834,0.0,0.0,,,58.82711067905354,0.0,Skipped signal: position_limit_exceeded
2014-05-19,strategy_position_limit_reached,B_ETF_trend_following,SHY,3844.859026428504,3844.859026428504,0.0,0.0,,,58.82711067905354,0.0,Skipped signal: position_limit_exceeded
2014-05-20,strategy_position_limit_reached,B_ETF_trend_following,SHY,3829.3701791243916,3829.3701791243916,0.0,0.0,,,58.82711067905354,0.0,Skipped signal: position_limit_exceeded
2014-05-20,strategy_position_limit_reached,B_ETF_trend_following,XLK,3829.3701791243916,3829.3701791243916,0.0,0.0,,,58.82711067905354,58.82711067905354,Skipped signal: position_limit_exceeded
2014-05-20,strategy_position_limit_reached,B_ETF_trend_following,QQQ,3829.3701791243916,3829.3701791243916,0.0,0.0,,,58.82711067905354,58.82711067905354,Skipped signal: position_limit_exceeded
2014-05-21,strategy_position_limit_reached,B_ETF_trend_following,SHY,3857.3172396685286,3857.3172396685286,0.0,0.0,,,58.82711067905354,0.0,Skipped signal: position_limit_exceeded
2014-05-22,strategy_position_limit_reached,B_ETF_trend_following,XLK,3858.03440951201,3858.03440951201,0.0,0.0,,,58.82711067905354,58.82711067905354,Skipped signal: position_limit_exceeded
2014-05-22,strategy_position_limit_reached,B_ETF_trend_following,XLV,3858.03440951201,3858.03440951201,0.0,0.0,,,58.82711067905354,58.82711067905354,Skipped signal: position_limit_exceeded
2014-05-22,strategy_position_limit_reached,B_ETF_trend_following,QQQ,3858.03440951201,3858.03440951201,0.0,0.0,,,58.82711067905354,58.82711067905354,Skipped signal: position_limit_exceeded
2014-05-23,strategy_position_limit_reached,B_ETF_trend_following,XLK,3869.0961781529786,3869.0961781529786,0.0,0.0,,,58.82711067905354,58.82711067905354,Skipped signal: position_limit_exceeded
2014-05-23,strategy_position_limit_reached,B_ETF_trend_following,XLV,3869.0961781529786,3869.0961781529786,0.0,0.0,,,58.82711067905354,58.82711067905354,Skipped signal: position_limit_exceeded
2014-05-23,strategy_position_limit_reached,B_ETF_trend_following,QQQ,3869.0961781529786,3869.0961781529786,0.0,0.0,,,58.82711067905354,58.82711067905354,Skipped signal: position_limit_exceeded
2014-05-27,strategy_position_limit_reached,B_ETF_trend_following,SPY,3875.5216245726656,3875.5216245726656,0.0,0.0,,,58.69833864037808,58.69833864037808,Skipped signal: position_limit_exceeded
2014-05-27,strategy_position_limit_reached,B_ETF_trend_following,SMH,3875.5216245726656,3875.5216245726656,0.0,0.0,,,58.69833864037808,58.69833864037808,Skipped signal: position_limit_exceeded
2014-05-27,strategy_position_limit_reached,B_ETF_trend_following,XLK,3875.5216245726656,3875.5216245726656,0.0,0.0,,,58.69833864037808,58.69833864037808,Skipped signal: position_limit_exceeded
2014-05-27,strategy_position_limit_reached,B_ETF_trend_following,QQQ,3875.5216245726656,3875.5216245726656,0.0,0.0,,,58.69833864037808,58.69833864037808,Skipped signal: position_limit_exceeded
2014-05-27,strategy_position_limit_reached,B_ETF_trend_following,XLV,3875.5216245726656,3875.5216245726656,0.0,0.0,,,58.69833864037808,58.69833864037808,Skipped signal: position_limit_exceeded
2014-05-28,strategy_position_limit_reached,B_ETF_trend_following,SMH,3877.671474564162,3877.671474564162,0.0,0.0,,,56.162009221395664,56.162009221395664,Skipped signal: position_limit_exceeded
2014-05-28,strategy_position_limit_reached,B_ETF_trend_following,XLK,3877.671474564162,3877.671474564162,0.0,0.0,,,56.162009221395664,56.162009221395664,Skipped signal: position_limit_exceeded
2014-05-28,strategy_position_limit_reached,B_ETF_trend_following,SPY,3877.671474564162,3877.671474564162,0.0,0.0,,,56.162009221395664,56.162009221395664,Skipped signal: position_limit_exceeded
2014-05-28,strategy_position_limit_reached,B_ETF_trend_following,XLF,3877.671474564162,3877.671474564162,0.0,0.0,,,56.162009221395664,56.162009221395664,Skipped signal: position_limit_exceeded
2014-05-28,strategy_position_limit_reached,B_ETF_trend_following,QQQ,3877.671474564162,3877.671474564162,0.0,0.0,,,56.162009221395664,56.162009221395664,Skipped signal: position_limit_exceeded
2014-05-29,strategy_position_limit_reached,B_ETF_trend_following,TLT,3912.661384328716,3912.661384328716,0.0,0.0,,,53.60369898415695,0.0,Skipped signal: position_limit_exceeded
2014-05-29,strategy_position_limit_reached,B_ETF_trend_following,IEF,3912.661384328716,3912.661384328716,0.0,0.0,,,53.60369898415695,0.0,Skipped signal: position_limit_exceeded
2014-05-29,strategy_position_limit_reached,B_ETF_trend_following,SMH,3912.661384328716,3912.661384328716,0.0,0.0,,,53.60369898415695,53.60369898415695,Skipped signal: position_limit_exceeded
2014-05-30,strategy_position_limit_reached,B_ETF_trend_following,XLE,3917.566019805388,3917.566019805388,0.0,0.0,,,28.146422812665037,28.146422812665037,Skipped signal: position_limit_exceeded
2014-05-30,strategy_position_limit_reached,B_ETF_trend_following,SMH,3917.566019805388,3917.566019805388,0.0,0.0,,,28.146422812665037,28.146422812665037,Skipped signal: position_limit_exceeded
2014-05-30,strategy_position_limit_reached,B_ETF_trend_following,SPY,3917.566019805388,3917.566019805388,0.0,0.0,,,28.146422812665037,28.146422812665037,Skipped signal: position_limit_exceeded
2014-05-30,strategy_position_limit_reached,B_ETF_trend_following,XLK,3917.566019805388,3917.566019805388,0.0,0.0,,,28.146422812665037,28.146422812665037,Skipped signal: position_limit_exceeded
2014-05-30,strategy_position_limit_reached,B_ETF_trend_following,XLI,3917.566019805388,3917.566019805388,0.0,0.0,,,28.146422812665037,28.146422812665037,Skipped signal: position_limit_exceeded
2014-06-02,strategy_position_limit_reached,B_ETF_trend_following,SMH,3919.895615367746,3919.895615367746,0.0,0.0,,,27.53498263820665,27.53498263820665,Skipped signal: position_limit_exceeded
2014-06-02,strategy_position_limit_reached,B_ETF_trend_following,SHY,3919.895615367746,3919.895615367746,0.0,0.0,,,27.53498263820665,0.0,Skipped signal: position_limit_exceeded
2014-06-02,strategy_position_limit_reached,B_ETF_trend_following,SPY,3919.895615367746,3919.895615367746,0.0,0.0,,,27.53498263820665,27.53498263820665,Skipped signal: position_limit_exceeded
2014-06-02,strategy_position_limit_reached,B_ETF_trend_following,XLK,3919.895615367746,3919.895615367746,0.0,0.0,,,27.53498263820665,27.53498263820665,Skipped signal: position_limit_exceeded
2014-06-02,strategy_position_limit_reached,B_ETF_trend_following,XLF,3919.895615367746,3919.895615367746,0.0,0.0,,,27.53498263820665,27.53498263820665,Skipped signal: position_limit_exceeded
2014-06-03,strategy_position_limit_reached,B_ETF_trend_following,SMH,3918.9148478637608,3918.9148478637608,0.0,0.0,,,20.33555278475316,20.33555278475316,Skipped signal: position_limit_exceeded
2014-06-03,strategy_position_limit_reached,B_ETF_trend_following,SPY,3918.9148478637608,3918.9148478637608,0.0,0.0,,,20.33555278475316,20.33555278475316,Skipped signal: position_limit_exceeded
2014-06-03,strategy_position_limit_reached,B_ETF_trend_following,XLI,3918.9148478637608,3918.9148478637608,0.0,0.0,,,20.33555278475316,20.33555278475316,Skipped signal: position_limit_exceeded
2014-06-03,strategy_position_limit_reached,B_ETF_trend_following,XLF,3918.9148478637608,3918.9148478637608,0.0,0.0,,,20.33555278475316,20.33555278475316,Skipped signal: position_limit_exceeded
2014-06-03,strategy_position_limit_reached,B_ETF_trend_following,XLV,3918.9148478637608,3918.9148478637608,0.0,0.0,,,20.33555278475316,20.33555278475316,Skipped signal: position_limit_exceeded
2014-06-04,strategy_position_limit_reached,B_ETF_trend_following,XLE,3923.523513009868,3923.523513009868,0.0,0.0,,,16.210039816115465,16.210039816115465,Skipped signal: position_limit_exceeded
2014-06-04,strategy_position_limit_reached,B_ETF_trend_following,SMH,3923.523513009868,3923.523513009868,0.0,0.0,,,16.210039816115465,16.210039816115465,Skipped signal: position_limit_exceeded
2014-06-04,strategy_position_limit_reached,B_ETF_trend_following,XLF,3923.523513009868,3923.523513009868,0.0,0.0,,,16.210039816115465,16.210039816115465,Skipped signal: position_limit_exceeded
2014-06-04,strategy_position_limit_reached,B_ETF_trend_following,XLV,3923.523513009868,3923.523513009868,0.0,0.0,,,16.210039816115465,16.210039816115465,Skipped signal: position_limit_exceeded
2014-06-05,strategy_position_limit_reached,B_ETF_trend_following,SMH,3943.004691353157,3943.004691353157,0.0,0.0,,,15.924375168104966,15.924375168104966,Skipped signal: position_limit_exceeded
2014-06-05,strategy_position_limit_reached,B_ETF_trend_following,SPY,3943.004691353157,3943.004691353157,0.0,0.0,,,15.924375168104966,15.924375168104966,Skipped signal: position_limit_exceeded
2014-06-05,strategy_position_limit_reached,B_ETF_trend_following,XLF,3943.004691353157,3943.004691353157,0.0,0.0,,,15.924375168104966,15.924375168104966,Skipped signal: position_limit_exceeded
2014-06-05,strategy_position_limit_reached,B_ETF_trend_following,XLV,3943.004691353157,3943.004691353157,0.0,0.0,,,15.924375168104966,15.924375168104966,Skipped signal: position_limit_exceeded
2014-06-05,strategy_position_limit_reached,B_ETF_trend_following,QQQ,3943.004691353157,3943.004691353157,0.0,0.0,,,15.924375168104966,15.924375168104966,Skipped signal: position_limit_exceeded
2014-06-06,strategy_position_limit_reached,B_ETF_trend_following,XLE,3965.6264929804897,3965.6264929804897,0.0,0.0,,,1.9793517374414369,1.9793517374414369,Skipped signal: position_limit_exceeded
2014-06-06,strategy_position_limit_reached,B_ETF_trend_following,SMH,3965.6264929804897,3965.6264929804897,0.0,0.0,,,1.9793517374414369,1.9793517374414369,Skipped signal: position_limit_exceeded
2014-06-06,strategy_position_limit_reached,B_ETF_trend_following,XLK,3965.6264929804897,3965.6264929804897,0.0,0.0,,,1.9793517374414369,1.9793517374414369,Skipped signal: position_limit_exceeded
2014-06-06,strategy_position_limit_reached,B_ETF_trend_following,SPY,3965.6264929804897,3965.6264929804897,0.0,0.0,,,1.9793517374414369,1.9793517374414369,Skipped signal: position_limit_exceeded
2014-06-06,strategy_position_limit_reached,B_ETF_trend_following,XLI,3965.6264929804897,3965.6264929804897,0.0,0.0,,,1.9793517374414369,1.9793517374414369,Skipped signal: position_limit_exceeded
2014-06-09,strategy_position_limit_reached,B_ETF_trend_following,XLE,3962.7152439198558,3962.7152439198558,0.0,0.0,,,0.0,0.0,Skipped signal: position_limit_exceeded
2014-06-09,strategy_position_limit_reached,B_ETF_trend_following,SMH,3962.7152439198558,3962.7152439198558,0.0,0.0,,,0.0,0.0,Skipped signal: position_limit_exceeded
2014-06-09,strategy_position_limit_reached,B_ETF_trend_following,XLK,3962.7152439198558,3962.7152439198558,0.0,0.0,,,0.0,0.0,Skipped signal: position_limit_exceeded
2014-06-09,strategy_position_limit_reached,B_ETF_trend_following,SPY,3962.7152439198558,3962.7152439198558,0.0,0.0,,,0.0,0.0,Skipped signal: position_limit_exceeded
2014-06-09,strategy_position_limit_reached,B_ETF_trend_following,XLI,3962.7152439198558,3962.7152439198558,0.0,0.0,,,0.0,0.0,Skipped signal: position_limit_exceeded
2014-06-10,strategy_position_limit_reached,B_ETF_trend_following,XLE,3962.3037256439334,3962.3037256439334,0.0,0.0,,,0.0,0.0,Skipped signal: position_limit_exceeded
2014-06-10,strategy_position_limit_reached,B_ETF_trend_following,XLK,3962.3037256439334,3962.3037256439334,0.0,0.0,,,0.0,0.0,Skipped signal: position_limit_exceeded
2014-06-10,strategy_position_limit_reached,B_ETF_trend_following,SMH,3962.3037256439334,3962.3037256439334,0.0,0.0,,,0.0,0.0,Skipped signal: position_limit_exceeded
2014-06-10,strategy_position_limit_reached,B_ETF_trend_following,SPY,3962.3037256439334,3962.3037256439334,0.0,0.0,,,0.0,0.0,Skipped signal: position_limit_exceeded
2014-06-10,strategy_position_limit_reached,B_ETF_trend_following,XLI,3962.3037256439334,3962.3037256439334,0.0,0.0,,,0.0,0.0,Skipped signal: position_limit_exceeded
2014-06-11,strategy_position_limit_reached,B_ETF_trend_following,SMH,3957.358908974519,3957.358908974519,0.0,0.0,,,0.0,0.0,Skipped signal: position_limit_exceeded
2014-06-11,strategy_position_limit_reached,B_ETF_trend_following,XLK,3957.358908974519,3957.358908974519,0.0,0.0,,,0.0,0.0,Skipped signal: position_limit_exceeded
2014-06-11,strategy_position_limit_reached,B_ETF_trend_following,SPY,3957.358908974519,3957.358908974519,0.0,0.0,,,0.0,0.0,Skipped signal: position_limit_exceeded
2014-06-11,strategy_position_limit_reached,B_ETF_trend_following,QQQ,3957.358908974519,3957.358908974519,0.0,0.0,,,0.0,0.0,Skipped signal: position_limit_exceeded
2014-06-12,strategy_position_limit_reached,B_ETF_trend_following,XLE,3943.5590663545527,3943.5590663545527,0.0,0.0,,,0.0,0.0,Skipped signal: position_limit_exceeded
2014-06-12,strategy_position_limit_reached,B_ETF_trend_following,SMH,3943.5590663545527,3943.5590663545527,0.0,0.0,,,0.0,0.0,Skipped signal: position_limit_exceeded
2014-06-13,strategy_position_limit_reached,B_ETF_trend_following,XLE,3964.532805290044,3964.532805290044,0.0,0.0,,,0.0,0.0,Skipped signal: position_limit_exceeded
2014-06-16,strategy_position_limit_reached,B_ETF_trend_following,XLE,3973.794828300589,3973.794828300589,0.0,0.0,,,0.0,0.0,Skipped signal: position_limit_exceeded
2014-06-16,strategy_position_limit_reached,B_ETF_trend_following,SMH,3973.794828300589,3973.794828300589,0.0,0.0,,,0.0,0.0,Skipped signal: position_limit_exceeded
2014-06-17,strategy_position_limit_reached,B_ETF_trend_following,SMH,3971.4602685099117,3971.4602685099117,0.0,0.0,,,12.884754659143027,12.884754659143027,Skipped signal: position_limit_exceeded
2014-06-18,strategy_position_limit_reached,B_ETF_trend_following,IWM,3973.5641948927514,3973.5641948927514,0.0,0.0,,,40.86051088886329,40.86051088886329,Skipped signal: position_limit_exceeded
2014-06-19,strategy_position_limit_reached,B_ETF_trend_following,XLP,3996.5713718015577,3996.5713718015577,0.0,0.0,,,37.68948447505335,37.68948447505335,Skipped signal: position_limit_exceeded
2014-06-19,strategy_position_limit_reached,B_ETF_trend_following,SPY,3996.5713718015577,3996.5713718015577,0.0,0.0,,,37.68948447505335,37.68948447505335,Skipped signal: position_limit_exceeded
2014-06-19,strategy_position_limit_reached,B_ETF_trend_following,XLK,3996.5713718015577,3996.5713718015577,0.0,0.0,,,37.68948447505335,37.68948447505335,Skipped signal: position_limit_exceeded
2014-06-19,strategy_position_limit_reached,B_ETF_trend_following,XLU,3996.5713718015577,3996.5713718015577,0.0,0.0,,,37.68948447505335,37.68948447505335,Skipped signal: position_limit_exceeded
2014-06-19,strategy_position_limit_reached,B_ETF_trend_following,QQQ,3996.5713718015577,3996.5713718015577,0.0,0.0,,,37.68948447505335,37.68948447505335,Skipped signal: position_limit_exceeded
2014-06-20,strategy_position_limit_reached,B_ETF_trend_following,XLP,4021.062230506488,4021.062230506488,0.0,0.0,,,31.671674607966406,31.671674607966406,Skipped signal: position_limit_exceeded
2014-06-20,strategy_position_limit_reached,B_ETF_trend_following,SPY,4021.062230506488,4021.062230506488,0.0,0.0,,,31.671674607966406,31.671674607966406,Skipped signal: position_limit_exceeded
2014-06-20,strategy_position_limit_reached,B_ETF_trend_following,XLU,4021.062230506488,4021.062230506488,0.0,0.0,,,31.671674607966406,31.671674607966406,Skipped signal: position_limit_exceeded
2014-06-20,strategy_position_limit_reached,B_ETF_trend_following,XLV,4021.062230506488,4021.062230506488,0.0,0.0,,,31.671674607966406,31.671674607966406,Skipped signal: position_limit_exceeded
2014-06-20,strategy_position_limit_reached,B_ETF_trend_following,IWM,4021.062230506488,4021.062230506488,0.0,0.0,,,31.671674607966406,31.671674607966406,Skipped signal: position_limit_exceeded
2014-06-23,strategy_position_limit_reached,B_ETF_trend_following,SPY,4024.958867567256,4024.958867567256,0.0,0.0,,,27.97575622972026,27.97575622972026,Skipped signal: position_limit_exceeded
2014-06-23,strategy_position_limit_reached,B_ETF_trend_following,XLV,4024.958867567256,4024.958867567256,0.0,0.0,,,27.97575622972026,27.97575622972026,Skipped signal: position_limit_exceeded
2014-06-23,strategy_position_limit_reached,B_ETF_trend_following,XLB,4024.958867567256,4024.958867567256,0.0,0.0,,,27.97575622972026,27.97575622972026,Skipped signal: position_limit_exceeded
2014-06-23,strategy_position_limit_reached,B_ETF_trend_following,QQQ,4024.958867567256,4024.958867567256,0.0,0.0,,,27.97575622972026,27.97575622972026,Skipped signal: position_limit_exceeded
2014-06-23,strategy_position_limit_reached,B_ETF_trend_following,XLF,4024.958867567256,4024.958867567256,0.0,0.0,,,27.97575622972026,27.97575622972026,Skipped signal: position_limit_exceeded
2014-06-24,strategy_position_limit_reached,B_ETF_trend_following,XLB,3962.5321357498706,3962.5321357498706,0.0,0.0,,,27.97575622972026,27.97575622972026,Skipped signal: position_limit_exceeded
2014-06-24,strategy_position_limit_reached,B_ETF_trend_following,QQQ,3962.5321357498706,3962.5321357498706,0.0,0.0,,,27.97575622972026,27.97575622972026,Skipped signal: position_limit_exceeded
2014-06-24,strategy_position_limit_reached,B_ETF_trend_following,XLF,3962.5321357498706,3962.5321357498706,0.0,0.0,,,27.97575622972026,27.97575622972026,Skipped signal: position_limit_exceeded
2014-06-26,strategy_position_limit_reached,B_ETF_trend_following,XLV,3965.3129141453483,3965.3129141453483,0.0,0.0,,,51.841555079630865,51.841555079630865,Skipped signal: position_limit_exceeded
2014-06-27,strategy_position_limit_reached,B_ETF_trend_following,XLV,3977.2512142015994,3977.2512142015994,0.0,0.0,,,51.841555079630865,51.841555079630865,Skipped signal: position_limit_exceeded
2014-06-27,strategy_position_limit_reached,B_ETF_trend_following,XLU,3977.2512142015994,3977.2512142015994,0.0,0.0,,,51.841555079630865,51.841555079630865,Skipped signal: position_limit_exceeded
2014-06-30,strategy_position_limit_reached,B_ETF_trend_following,XLK,3997.7152490584986,3997.7152490584986,0.0,0.0,,,68.23704062349779,68.23704062349779,Skipped signal: position_limit_exceeded
2014-06-30,strategy_position_limit_reached,B_ETF_trend_following,XLU,3997.7152490584986,3997.7152490584986,0.0,0.0,,,68.23704062349779,68.23704062349779,Skipped signal: position_limit_exceeded
2014-06-30,strategy_position_limit_reached,B_ETF_trend_following,XLY,3997.7152490584986,3997.7152490584986,0.0,0.0,,,68.23704062349779,68.23704062349779,Skipped signal: position_limit_exceeded
2014-06-30,strategy_position_limit_reached,B_ETF_trend_following,IWM,3997.7152490584986,3997.7152490584986,0.0,0.0,,,68.23704062349779,68.23704062349779,Skipped signal: position_limit_exceeded
2014-07-01,strategy_position_limit_reached,B_ETF_trend_following,XLK,4054.0472966203433,4054.0472966203433,0.0,0.0,,,62.35260354105757,62.35260354105757,Skipped signal: position_limit_exceeded
2014-07-01,strategy_position_limit_reached,B_ETF_trend_following,XLU,4054.0472966203433,4054.0472966203433,0.0,0.0,,,62.35260354105757,62.35260354105757,Skipped signal: position_limit_exceeded
2014-07-01,strategy_position_limit_reached,B_ETF_trend_following,IEF,4054.0472966203433,4054.0472966203433,0.0,0.0,,,62.35260354105757,0.0,Skipped signal: position_limit_exceeded
2014-07-01,strategy_position_limit_reached,B_ETF_trend_following,TLT,4054.0472966203433,4054.0472966203433,0.0,0.0,,,62.35260354105757,0.0,Skipped signal: position_limit_exceeded
2014-07-01,strategy_position_limit_reached,B_ETF_trend_following,IWM,4054.0472966203433,4054.0472966203433,0.0,0.0,,,62.35260354105757,62.35260354105757,Skipped signal: position_limit_exceeded
2014-07-02,strategy_position_limit_reached,B_ETF_trend_following,SPY,4064.0465770509923,4064.0465770509923,0.0,0.0,,,9.330128177638489,9.330128177638489,Skipped signal: position_limit_exceeded
2014-07-02,strategy_position_limit_reached,B_ETF_trend_following,XLK,4064.0465770509923,4064.0465770509923,0.0,0.0,,,9.330128177638489,9.330128177638489,Skipped signal: position_limit_exceeded
2014-07-02,strategy_position_limit_reached,B_ETF_trend_following,XLB,4064.0465770509923,4064.0465770509923,0.0,0.0,,,9.330128177638489,9.330128177638489,Skipped signal: position_limit_exceeded
2014-07-02,strategy_position_limit_reached,B_ETF_trend_following,XLV,4064.0465770509923,4064.0465770509923,0.0,0.0,,,9.330128177638489,9.330128177638489,Skipped signal: position_limit_exceeded
2014-07-02,strategy_position_limit_reached,B_ETF_trend_following,XLY,4064.0465770509923,4064.0465770509923,0.0,0.0,,,9.330128177638489,9.330128177638489,Skipped signal: position_limit_exceeded
2014-07-03,strategy_position_limit_reached,B_ETF_trend_following,XLK,4098.025874863274,4098.025874863274,0.0,0.0,,,0.9177528368111214,0.9177528368111214,Skipped signal: position_limit_exceeded
2014-07-03,strategy_position_limit_reached,B_ETF_trend_following,SPY,4098.025874863274,4098.025874863274,0.0,0.0,,,0.9177528368111214,0.9177528368111214,Skipped signal: position_limit_exceeded
2014-07-03,strategy_position_limit_reached,B_ETF_trend_following,XLV,4098.025874863274,4098.025874863274,0.0,0.0,,,0.9177528368111214,0.9177528368111214,Skipped signal: position_limit_exceeded
2014-07-03,strategy_position_limit_reached,B_ETF_trend_following,XLB,4098.025874863274,4098.025874863274,0.0,0.0,,,0.9177528368111214,0.9177528368111214,Skipped signal: position_limit_exceeded
2014-07-03,strategy_position_limit_reached,B_ETF_trend_following,XLY,4098.025874863274,4098.025874863274,0.0,0.0,,,0.9177528368111214,0.9177528368111214,Skipped signal: position_limit_exceeded
2014-07-07,strategy_position_limit_reached,B_ETF_trend_following,XLK,4074.6531399034534,4074.6531399034534,0.0,0.0,,,0.0,0.0,Skipped signal: position_limit_exceeded
2014-07-07,strategy_position_limit_reached,B_ETF_trend_following,SPY,4074.6531399034534,4074.6531399034534,0.0,0.0,,,0.0,0.0,Skipped signal: position_limit_exceeded
2014-07-07,strategy_position_limit_reached,B_ETF_trend_following,XLV,4074.6531399034534,4074.6531399034534,0.0,0.0,,,0.0,0.0,Skipped signal: position_limit_exceeded
2014-07-07,strategy_position_limit_reached,B_ETF_trend_following,XLB,4074.6531399034534,4074.6531399034534,0.0,0.0,,,0.0,0.0,Skipped signal: position_limit_exceeded
2014-07-07,strategy_position_limit_reached,B_ETF_trend_following,XLY,4074.6531399034534,4074.6531399034534,0.0,0.0,,,0.0,0.0,Skipped signal: position_limit_exceeded
2014-07-08,strategy_position_limit_reached,B_ETF_trend_following,XLK,4042.981270482992,4042.981270482992,0.0,0.0,,,0.0,0.0,Skipped signal: position_limit_exceeded
2014-07-14,strategy_position_limit_reached,B_ETF_trend_following,TLT,3973.1538321898147,3973.1538321898147,0.0,0.0,,,57.38307173405455,6.076926081532312,Skipped signal: position_limit_exceeded
2014-07-15,strategy_position_limit_reached,B_ETF_trend_following,XLK,3957.47514030312,3957.47514030312,0.0,0.0,,,56.032815661949314,49.95588958041701,Skipped signal: position_limit_exceeded
2014-07-15,strategy_position_limit_reached,B_ETF_trend_following,XLP,3957.47514030312,3957.47514030312,0.0,0.0,,,56.032815661949314,49.95588958041701,Skipped signal: position_limit_exceeded
2014-07-17,strategy_position_limit_reached,B_ETF_trend_following,SMH,3942.7902197317862,3942.7902197317862,0.0,0.0,,,49.518005771114225,43.44107968958191,Skipped signal: position_limit_exceeded
2014-07-17,strategy_position_limit_reached,B_ETF_trend_following,XLK,3942.7902197317862,3942.7902197317862,0.0,0.0,,,49.518005771114225,43.44107968958191,Skipped signal: position_limit_exceeded
2014-07-18,strategy_position_limit_reached,B_ETF_trend_following,SHY,3951.7120256951853,3951.7120256951853,0.0,0.0,,,48.40794283309939,30.219372235363135,Skipped signal: position_limit_exceeded
2014-07-21,strategy_position_limit_reached,B_ETF_trend_following,QQQ,3957.5484367377876,3957.5484367377876,0.0,0.0,,,48.16299864477615,18.188570597736256,Skipped signal: position_limit_exceeded
2014-07-23,strategy_position_limit_reached,B_ETF_trend_following,XLK,3975.9400472689035,3975.9400472689035,0.0,0.0,,,41.88496831701382,11.91054026997392,Skipped signal: position_limit_exceeded
2014-07-23,strategy_position_limit_reached,B_ETF_trend_following,QQQ,3975.9400472689035,3975.9400472689035,0.0,0.0,,,41.88496831701382,11.91054026997392,Skipped signal: position_limit_exceeded
2014-07-23,strategy_position_limit_reached,B_ETF_trend_following,SMH,3975.9400472689035,3975.9400472689035,0.0,0.0,,,41.88496831701382,11.91054026997392,Skipped signal: position_limit_exceeded
2014-07-24,strategy_position_limit_reached,B_ETF_trend_following,XLK,3959.903956560446,3959.903956560446,0.0,0.0,,,36.63530584172046,8.002128467083587,Skipped signal: position_limit_exceeded
2014-07-24,strategy_position_limit_reached,B_ETF_trend_following,QQQ,3959.903956560446,3959.903956560446,0.0,0.0,,,36.63530584172046,8.002128467083587,Skipped signal: position_limit_exceeded
2014-07-24,strategy_position_limit_reached,B_ETF_trend_following,SPY,3959.903956560446,3959.903956560446,0.0,0.0,,,36.63530584172046,8.002128467083587,Skipped signal: position_limit_exceeded
2014-07-24,strategy_position_limit_reached,B_ETF_trend_following,XLE,3959.903956560446,3959.903956560446,0.0,0.0,,,36.63530584172046,8.002128467083587,Skipped signal: position_limit_exceeded
2014-07-25,strategy_position_limit_reached,B_ETF_trend_following,SPY,3979.092863023259,3979.092863023259,0.0,0.0,,,36.12770616491617,7.494528790279293,Skipped signal: position_limit_exceeded
2014-07-25,strategy_position_limit_reached,B_ETF_trend_following,XLE,3979.092863023259,3979.092863023259,0.0,0.0,,,36.12770616491617,7.494528790279293,Skipped signal: position_limit_exceeded
2014-07-29,strategy_position_limit_reached,B_ETF_trend_following,XLB,3982.3246795203827,3982.3246795203827,0.0,0.0,,,32.20025872648465,7.139205516680761,Skipped signal: position_limit_exceeded
2014-08-08,strategy_position_limit_reached,B_ETF_trend_following,IEF,3878.9587139652344,3878.9587139652344,0.0,0.0,,,59.21002178574948,15.479152331995584,Skipped signal: position_limit_exceeded
2014-08-14,strategy_position_limit_reached,B_ETF_trend_following,IEF,3925.314696963731,3925.314696963731,0.0,0.0,,,59.16383773711338,15.432968283359484,Skipped signal: position_limit_exceeded
2014-08-15,strategy_position_limit_reached,B_ETF_trend_following,IEF,3946.9053492271605,3946.9053492271605,0.0,0.0,,,57.27380256413821,15.197094368511062,Skipped signal: position_limit_exceeded
2014-08-18,strategy_position_limit_reached,B_ETF_trend_following,QQQ,3945.983297629041,3945.983297629041,0.0,0.0,,,36.94554792758416,29.422237413835823,Skipped signal: position_limit_exceeded
2014-08-18,strategy_position_limit_reached,B_ETF_trend_following,IEF,3945.983297629041,3945.983297629041,0.0,0.0,,,36.94554792758416,7.5233105137483385,Skipped signal: position_limit_exceeded
2014-08-19,strategy_position_limit_reached,B_ETF_trend_following,QQQ,3953.706255731949,3953.706255731949,0.0,0.0,,,30.043380595710957,22.52007008196262,Skipped signal: position_limit_exceeded
2014-08-19,strategy_position_limit_reached,B_ETF_trend_following,XLV,3953.706255731949,3953.706255731949,0.0,0.0,,,30.043380595710957,22.52007008196262,Skipped signal: position_limit_exceeded
2014-08-19,strategy_position_limit_reached,B_ETF_trend_following,XLY,3953.706255731949,3953.706255731949,0.0,0.0,,,30.043380595710957,22.52007008196262,Skipped signal: position_limit_exceeded
2014-08-19,strategy_position_limit_reached,B_ETF_trend_following,IWM,3953.706255731949,3953.706255731949,0.0,0.0,,,30.043380595710957,22.52007008196262,Skipped signal: position_limit_exceeded
2014-08-20,strategy_position_limit_reached,B_ETF_trend_following,QQQ,3959.8319088531834,3959.8319088531834,0.0,0.0,,,19.412063544357594,11.888753030609257,Skipped signal: position_limit_exceeded
2014-08-20,strategy_position_limit_reached,B_ETF_trend_following,XLK,3959.8319088531834,3959.8319088531834,0.0,0.0,,,19.412063544357594,11.888753030609257,Skipped signal: position_limit_exceeded
2014-08-20,strategy_position_limit_reached,B_ETF_trend_following,XLV,3959.8319088531834,3959.8319088531834,0.0,0.0,,,19.412063544357594,11.888753030609257,Skipped signal: position_limit_exceeded
2014-08-20,strategy_position_limit_reached,B_ETF_trend_following,XLY,3959.8319088531834,3959.8319088531834,0.0,0.0,,,19.412063544357594,11.888753030609257,Skipped signal: position_limit_exceeded
2014-08-20,strategy_position_limit_reached,B_ETF_trend_following,IWM,3959.8319088531834,3959.8319088531834,0.0,0.0,,,19.412063544357594,11.888753030609257,Skipped signal: position_limit_exceeded
2014-08-21,strategy_position_limit_reached,B_ETF_trend_following,SMH,3971.2046744449617,3971.2046744449617,0.0,0.0,,,7.7097798088142016,0.18646929506586352,Skipped signal: position_limit_exceeded
2014-08-21,strategy_position_limit_reached,B_ETF_trend_following,XLY,3971.2046744449617,3971.2046744449617,0.0,0.0,,,7.7097798088142016,0.18646929506586352,Skipped signal: position_limit_exceeded
2014-08-21,strategy_position_limit_reached,B_ETF_trend_following,SPY,3971.2046744449617,3971.2046744449617,0.0,0.0,,,7.7097798088142016,0.18646929506586352,Skipped signal: position_limit_exceeded
2014-08-21,strategy_position_limit_reached,B_ETF_trend_following,XLB,3971.2046744449617,3971.2046744449617,0.0,0.0,,,7.7097798088142016,0.18646929506586352,Skipped signal: position_limit_exceeded
2014-08-21,strategy_position_limit_reached,B_ETF_trend_following,XLI,3971.2046744449617,3971.2046744449617,0.0,0.0,,,7.7097798088142016,0.18646929506586352,Skipped signal: position_limit_exceeded
2014-08-22,strategy_position_limit_reached,B_ETF_trend_following,QQQ,3977.4477589189682,3977.4477589189682,0.0,0.0,,,7.5233105137483385,0.0,Skipped signal: position_limit_exceeded
2014-08-22,strategy_position_limit_reached,B_ETF_trend_following,SMH,3977.4477589189682,3977.4477589189682,0.0,0.0,,,7.5233105137483385,0.0,Skipped signal: position_limit_exceeded
2014-08-22,strategy_position_limit_reached,B_ETF_trend_following,XLK,3977.4477589189682,3977.4477589189682,0.0,0.0,,,7.5233105137483385,0.0,Skipped signal: position_limit_exceeded
2014-08-22,strategy_position_limit_reached,B_ETF_trend_following,XLV,3977.4477589189682,3977.4477589189682,0.0,0.0,,,7.5233105137483385,0.0,Skipped signal: position_limit_exceeded
2014-08-22,strategy_position_limit_reached,B_ETF_trend_following,SPY,3977.4477589189682,3977.4477589189682,0.0,0.0,,,7.5233105137483385,0.0,Skipped signal: position_limit_exceeded
2014-08-25,strategy_position_limit_reached,B_ETF_trend_following,QQQ,3973.8368327126564,3973.8368327126564,0.0,0.0,,,7.5233105137483385,0.0,Skipped signal: position_limit_exceeded
2014-08-25,strategy_position_limit_reached,B_ETF_trend_following,SMH,3973.8368327126564,3973.8368327126564,0.0,0.0,,,7.5233105137483385,0.0,Skipped signal: position_limit_exceeded
2014-08-25,strategy_position_limit_reached,B_ETF_trend_following,XLK,3973.8368327126564,3973.8368327126564,0.0,0.0,,,7.5233105137483385,0.0,Skipped signal: position_limit_exceeded
2014-08-25,strategy_position_limit_reached,B_ETF_trend_following,XLV,3973.8368327126564,3973.8368327126564,0.0,0.0,,,7.5233105137483385,0.0,Skipped signal: position_limit_exceeded
2014-08-25,strategy_position_limit_reached,B_ETF_trend_following,XLY,3973.8368327126564,3973.8368327126564,0.0,0.0,,,7.5233105137483385,0.0,Skipped signal: position_limit_exceeded
2014-08-26,strategy_position_limit_reached,B_ETF_trend_following,XLK,3969.7974552263086,3969.7974552263086,0.0,0.0,,,34.41956983744663,28.61759246170459,Skipped signal: position_limit_exceeded
2014-08-26,strategy_position_limit_reached,B_ETF_trend_following,XLV,3969.7974552263086,3969.7974552263086,0.0,0.0,,,34.41956983744663,28.61759246170459,Skipped signal: position_limit_exceeded
2014-08-26,strategy_position_limit_reached,B_ETF_trend_following,XLY,3969.7974552263086,3969.7974552263086,0.0,0.0,,,34.41956983744663,28.61759246170459,Skipped signal: position_limit_exceeded
2014-08-26,strategy_position_limit_reached,B_ETF_trend_following,SPY,3969.7974552263086,3969.7974552263086,0.0,0.0,,,34.41956983744663,28.61759246170459,Skipped signal: position_limit_exceeded
2014-08-27,strategy_position_limit_reached,B_ETF_trend_following,XLK,3980.039669095979,3980.039669095979,0.0,0.0,,,34.41956983744663,28.61759246170459,Skipped signal: position_limit_exceeded
2014-08-27,strategy_position_limit_reached,B_ETF_trend_following,XLV,3980.039669095979,3980.039669095979,0.0,0.0,,,34.41956983744663,28.61759246170459,Skipped signal: position_limit_exceeded
2014-08-27,strategy_position_limit_reached,B_ETF_trend_following,XLY,3980.039669095979,3980.039669095979,0.0,0.0,,,34.41956983744663,28.61759246170459,Skipped signal: position_limit_exceeded
2014-08-27,strategy_position_limit_reached,B_ETF_trend_following,SPY,3980.039669095979,3980.039669095979,0.0,0.0,,,34.41956983744663,28.61759246170459,Skipped signal: position_limit_exceeded
2014-08-27,strategy_position_limit_reached,B_ETF_trend_following,XLF,3980.039669095979,3980.039669095979,0.0,0.0,,,34.41956983744663,28.61759246170459,Skipped signal: position_limit_exceeded
2014-08-28,strategy_position_limit_reached,B_ETF_trend_following,XLY,3988.2176017790566,3988.2176017790566,0.0,0.0,,,29.80883532930528,28.61759246170459,Skipped signal: position_limit_exceeded
2014-08-29,strategy_position_limit_reached,B_ETF_trend_following,SMH,4007.2472383679133,4007.2472383679133,0.0,0.0,,,28.61759246170459,28.61759246170459,Skipped signal: position_limit_exceeded
2014-08-29,strategy_position_limit_reached,B_ETF_trend_following,XLB,4007.2472383679133,4007.2472383679133,0.0,0.0,,,28.61759246170459,28.61759246170459,Skipped signal: position_limit_exceeded
2014-08-29,strategy_position_limit_reached,B_ETF_trend_following,XLP,4007.2472383679133,4007.2472383679133,0.0,0.0,,,28.61759246170459,28.61759246170459,Skipped signal: position_limit_exceeded
2014-08-29,strategy_position_limit_reached,B_ETF_trend_following,XLU,4007.2472383679133,4007.2472383679133,0.0,0.0,,,28.61759246170459,28.61759246170459,Skipped signal: position_limit_exceeded
2014-09-02,strategy_position_limit_reached,B_ETF_trend_following,SMH,3997.5990651760376,3997.5990651760376,0.0,0.0,,,26.997274976768782,26.997274976768782,Skipped signal: position_limit_exceeded
2014-09-02,strategy_position_limit_reached,B_ETF_trend_following,XLK,3997.5990651760376,3997.5990651760376,0.0,0.0,,,26.997274976768782,26.997274976768782,Skipped signal: position_limit_exceeded
2014-09-02,strategy_position_limit_reached,B_ETF_trend_following,XLV,3997.5990651760376,3997.5990651760376,0.0,0.0,,,26.997274976768782,26.997274976768782,Skipped signal: position_limit_exceeded
2014-09-02,strategy_position_limit_reached,B_ETF_trend_following,SPY,3997.5990651760376,3997.5990651760376,0.0,0.0,,,26.997274976768782,26.997274976768782,Skipped signal: position_limit_exceeded
2014-09-02,strategy_position_limit_reached,B_ETF_trend_following,XLB,3997.5990651760376,3997.5990651760376,0.0,0.0,,,26.997274976768782,26.997274976768782,Skipped signal: position_limit_exceeded
2014-09-03,strategy_position_limit_reached,B_ETF_trend_following,XLK,3997.519137172051,3997.519137172051,0.0,0.0,,,21.024964415712976,21.024964415712976,Skipped signal: position_limit_exceeded
2014-09-03,strategy_position_limit_reached,B_ETF_trend_following,XLY,3997.519137172051,3997.519137172051,0.0,0.0,,,21.024964415712976,21.024964415712976,Skipped signal: position_limit_exceeded
2014-09-03,strategy_position_limit_reached,B_ETF_trend_following,XLF,3997.519137172051,3997.519137172051,0.0,0.0,,,21.024964415712976,21.024964415712976,Skipped signal: position_limit_exceeded
2014-09-03,strategy_position_limit_reached,B_ETF_trend_following,IWM,3997.519137172051,3997.519137172051,0.0,0.0,,,21.024964415712976,21.024964415712976,Skipped signal: position_limit_exceeded
2014-09-03,strategy_position_limit_reached,B_ETF_trend_following,XLP,3997.519137172051,3997.519137172051,0.0,0.0,,,21.024964415712976,21.024964415712976,Skipped signal: position_limit_exceeded
2014-09-04,strategy_position_limit_reached,B_ETF_trend_following,XLV,3992.627155077016,3992.627155077016,0.0,0.0,,,36.2294062362137,36.2294062362137,Skipped signal: position_limit_exceeded
2014-09-04,strategy_position_limit_reached,B_ETF_trend_following,XLP,3992.627155077016,3992.627155077016,0.0,0.0,,,36.2294062362137,36.2294062362137,Skipped signal: position_limit_exceeded
2014-09-05,strategy_position_limit_reached,B_ETF_trend_following,XLY,4012.186298646114,4012.186298646114,0.0,0.0,,,36.014030925238885,36.014030925238885,Skipped signal: position_limit_exceeded
2014-09-05,strategy_position_limit_reached,B_ETF_trend_following,XLP,4012.186298646114,4012.186298646114,0.0,0.0,,,36.014030925238885,36.014030925238885,Skipped signal: position_limit_exceeded
2014-09-08,strategy_position_limit_reached,B_ETF_trend_following,XLV,4017.038295205393,4017.038295205393,0.0,0.0,,,33.53891332864737,33.53891332864737,Skipped signal: position_limit_exceeded
2014-09-08,strategy_position_limit_reached,B_ETF_trend_following,SPY,4017.038295205393,4017.038295205393,0.0,0.0,,,33.53891332864737,33.53891332864737,Skipped signal: position_limit_exceeded
2014-09-08,strategy_position_limit_reached,B_ETF_trend_following,XLY,4017.038295205393,4017.038295205393,0.0,0.0,,,33.53891332864737,33.53891332864737,Skipped signal: position_limit_exceeded
2014-09-08,strategy_position_limit_reached,B_ETF_trend_following,XLF,4017.038295205393,4017.038295205393,0.0,0.0,,,33.53891332864737,33.53891332864737,Skipped signal: position_limit_exceeded
2014-09-08,strategy_position_limit_reached,B_ETF_trend_following,XLB,4017.038295205393,4017.038295205393,0.0,0.0,,,33.53891332864737,33.53891332864737,Skipped signal: position_limit_exceeded
2014-09-09,strategy_position_limit_reached,B_ETF_trend_following,XLV,3985.7445905930476,3985.7445905930476,0.0,0.0,,,32.24384365319596,32.24384365319596,Skipped signal: position_limit_exceeded
2014-09-09,strategy_position_limit_reached,B_ETF_trend_following,XLK,3985.7445905930476,3985.7445905930476,0.0,0.0,,,32.24384365319596,32.24384365319596,Skipped signal: position_limit_exceeded
2014-09-09,strategy_position_limit_reached,B_ETF_trend_following,XLF,3985.7445905930476,3985.7445905930476,0.0,0.0,,,32.24384365319596,32.24384365319596,Skipped signal: position_limit_exceeded
2014-09-11,strategy_position_limit_reached,B_ETF_trend_following,XLV,4000.6185844301494,4000.6185844301494,0.0,0.0,,,31.769746539142957,31.769746539142957,Skipped signal: position_limit_exceeded
2014-09-12,strategy_position_limit_reached,B_ETF_trend_following,XLK,3959.7964321632103,3959.7964321632103,0.0,0.0,,,31.580089237285392,31.580089237285392,Skipped signal: position_limit_exceeded
2014-09-17,strategy_position_limit_reached,B_ETF_trend_following,XLP,3916.643800531777,3916.643800531777,0.0,0.0,,,61.51308374355853,61.51308374355853,Skipped signal: position_limit_exceeded
2014-09-18,strategy_position_limit_reached,B_ETF_trend_following,XLI,3948.086074100982,3948.086074100982,0.0,0.0,,,61.51308374355853,61.51308374355853,Skipped signal: position_limit_exceeded
2014-09-19,strategy_position_limit_reached,B_ETF_trend_following,QQQ,3944.021075057067,3944.021075057067,0.0,0.0,,,44.02536635576214,44.02536635576214,Skipped signal: position_limit_exceeded
2014-09-19,strategy_position_limit_reached,B_ETF_trend_following,XLK,3944.021075057067,3944.021075057067,0.0,0.0,,,44.02536635576214,44.02536635576214,Skipped signal: position_limit_exceeded
2014-09-19,strategy_position_limit_reached,B_ETF_trend_following,SMH,3944.021075057067,3944.021075057067,0.0,0.0,,,44.02536635576214,44.02536635576214,Skipped signal: position_limit_exceeded
2014-09-19,strategy_position_limit_reached,B_ETF_trend_following,SPY,3944.021075057067,3944.021075057067,0.0,0.0,,,44.02536635576214,44.02536635576214,Skipped signal: position_limit_exceeded
2014-09-19,strategy_position_limit_reached,B_ETF_trend_following,XLB,3944.021075057067,3944.021075057067,0.0,0.0,,,44.02536635576214,44.02536635576214,Skipped signal: position_limit_exceeded
2014-09-22,strategy_position_limit_reached,B_ETF_trend_following,XLP,3919.5632994250636,3919.5632994250636,0.0,0.0,,,42.87752507607811,42.87752507607811,Skipped signal: position_limit_exceeded
2014-09-25,strategy_position_limit_reached,B_ETF_trend_following,XLB,3869.6735200533376,3869.6735200533376,0.0,0.0,,,36.95543310019534,36.95543310019534,Skipped signal: position_limit_exceeded
2014-09-25,strategy_position_limit_reached,B_ETF_trend_following,XLP,3869.6735200533376,3869.6735200533376,0.0,0.0,,,36.95543310019534,36.95543310019534,Skipped signal: position_limit_exceeded
2014-10-02,strategy_position_limit_reached,B_ETF_trend_following,SHY,3844.2858473706992,3844.2858473706992,0.0,0.0,,,72.38083728650447,27.329768909774444,Skipped signal: position_limit_exceeded
2014-10-08,strategy_position_limit_reached,B_ETF_trend_following,SHY,3868.6239943475616,3868.6239943475616,0.0,0.0,,,27.88216259181757,27.88216259181757,Skipped signal: position_limit_exceeded
2014-10-09,strategy_position_limit_reached,B_ETF_trend_following,SHY,3855.046765515617,3855.046765515617,0.0,0.0,,,27.430754002830763,27.430754002830763,Skipped signal: position_limit_exceeded
2014-10-09,strategy_position_limit_reached,B_ETF_trend_following,XLP,3855.046765515617,3855.046765515617,0.0,0.0,,,27.430754002830763,0.0,Skipped signal: position_limit_exceeded
2014-10-09,strategy_position_limit_reached,B_ETF_trend_following,XLU,3855.046765515617,3855.046765515617,0.0,0.0,,,27.430754002830763,0.0,Skipped signal: position_limit_exceeded
2014-10-13,strategy_position_limit_reached,B_ETF_trend_following,SHY,3907.1859892858984,3907.1859892858984,0.0,0.0,,,15.230546007014008,15.230546007014008,Skipped signal: position_limit_exceeded
2014-10-21,strategy_position_limit_reached,B_ETF_trend_following,XLU,3901.4287884390646,3901.4287884390646,0.0,0.0,,,1.521531670003948,0.0,Skipped signal: position_limit_exceeded
2014-10-22,strategy_position_limit_reached,B_ETF_trend_following,XLU,3904.60496071327,3904.60496071327,0.0,0.0,,,1.521531670003948,0.0,Skipped signal: position_limit_exceeded
2014-10-23,strategy_position_limit_reached,B_ETF_trend_following,XLU,3873.5541044643733,3873.5541044643733,0.0,0.0,,,1.521531670003948,0.0,Skipped signal: position_limit_exceeded
2014-10-27,strategy_position_limit_reached,B_ETF_trend_following,XLV,3871.085640823375,3871.085640823375,0.0,0.0,,,69.49655929010046,65.74063209707354,Skipped signal: position_limit_exceeded
2014-10-27,strategy_position_limit_reached,B_ETF_trend_following,XLI,3871.085640823375,3871.085640823375,0.0,0.0,,,69.49655929010046,65.74063209707354,Skipped signal: position_limit_exceeded
2014-10-28,strategy_position_limit_reached,B_ETF_trend_following,XLV,3884.254113269208,3884.254113269208,0.0,0.0,,,69.44230203090285,65.68637483787593,Skipped signal: position_limit_exceeded
2014-10-29,strategy_position_limit_reached,B_ETF_trend_following,XLV,3872.247840977612,3872.247840977612,0.0,0.0,,,60.41714329752331,56.66121610449639,Skipped signal: position_limit_exceeded
2014-10-29,strategy_position_limit_reached,B_ETF_trend_following,QQQ,3872.247840977612,3872.247840977612,0.0,0.0,,,60.41714329752331,56.66121610449639,Skipped signal: position_limit_exceeded
2014-10-29,strategy_position_limit_reached,B_ETF_trend_following,XLI,3872.247840977612,3872.247840977612,0.0,0.0,,,60.41714329752331,56.66121610449639,Skipped signal: position_limit_exceeded
2014-10-29,strategy_position_limit_reached,B_ETF_trend_following,XLF,3872.247840977612,3872.247840977612,0.0,0.0,,,60.41714329752331,56.66121610449639,Skipped signal: position_limit_exceeded
2014-10-29,strategy_position_limit_reached,B_ETF_trend_following,SPY,3872.247840977612,3872.247840977612,0.0,0.0,,,60.41714329752331,56.66121610449639,Skipped signal: position_limit_exceeded
2014-10-30,strategy_position_limit_reached,B_ETF_trend_following,XLV,3910.269279440423,3910.269279440423,0.0,0.0,,,60.41714329752331,56.66121610449639,Skipped signal: position_limit_exceeded
2014-10-30,strategy_position_limit_reached,B_ETF_trend_following,XLF,3910.269279440423,3910.269279440423,0.0,0.0,,,60.41714329752331,56.66121610449639,Skipped signal: position_limit_exceeded
2014-10-30,strategy_position_limit_reached,B_ETF_trend_following,SMH,3910.269279440423,3910.269279440423,0.0,0.0,,,60.41714329752331,56.66121610449639,Skipped signal: position_limit_exceeded
2014-10-31,strategy_position_limit_reached,B_ETF_trend_following,XLV,3915.939797564348,3915.939797564348,0.0,0.0,,,37.50599126516614,33.75006407213922,Skipped signal: position_limit_exceeded
2014-10-31,strategy_position_limit_reached,B_ETF_trend_following,XLF,3915.939797564348,3915.939797564348,0.0,0.0,,,37.50599126516614,33.75006407213922,Skipped signal: position_limit_exceeded
2014-10-31,strategy_position_limit_reached,B_ETF_trend_following,XLI,3915.939797564348,3915.939797564348,0.0,0.0,,,37.50599126516614,33.75006407213922,Skipped signal: position_limit_exceeded
2014-10-31,strategy_position_limit_reached,B_ETF_trend_following,SPY,3915.939797564348,3915.939797564348,0.0,0.0,,,37.50599126516614,33.75006407213922,Skipped signal: position_limit_exceeded
2014-10-31,strategy_position_limit_reached,B_ETF_trend_following,XLK,3915.939797564348,3915.939797564348,0.0,0.0,,,37.50599126516614,33.75006407213922,Skipped signal: position_limit_exceeded
2014-11-03,strategy_position_limit_reached,B_ETF_trend_following,XLV,3929.274242807171,3929.274242807171,0.0,0.0,,,63.03508517485008,27.144465730116526,Skipped signal: position_limit_exceeded
2014-11-03,strategy_position_limit_reached,B_ETF_trend_following,XLF,3929.274242807171,3929.274242807171,0.0,0.0,,,63.03508517485008,27.144465730116526,Skipped signal: position_limit_exceeded
2014-11-03,strategy_position_limit_reached,B_ETF_trend_following,QQQ,3929.274242807171,3929.274242807171,0.0,0.0,,,63.03508517485008,27.144465730116526,Skipped signal: position_limit_exceeded
2014-11-03,strategy_position_limit_reached,B_ETF_trend_following,XLI,3929.274242807171,3929.274242807171,0.0,0.0,,,63.03508517485008,27.144465730116526,Skipped signal: position_limit_exceeded
2014-11-03,strategy_position_limit_reached,B_ETF_trend_following,SPY,3929.274242807171,3929.274242807171,0.0,0.0,,,63.03508517485008,27.144465730116526,Skipped signal: position_limit_exceeded
2014-11-04,strategy_position_limit_reached,B_ETF_trend_following,XLV,3931.008419951478,3931.008419951478,0.0,0.0,,,49.58279720586689,13.69217776113333,Skipped signal: position_limit_exceeded
2014-11-04,strategy_position_limit_reached,B_ETF_trend_following,XLF,3931.008419951478,3931.008419951478,0.0,0.0,,,49.58279720586689,13.69217776113333,Skipped signal: position_limit_exceeded
2014-11-04,strategy_position_limit_reached,B_ETF_trend_following,QQQ,3931.008419951478,3931.008419951478,0.0,0.0,,,49.58279720586689,13.69217776113333,Skipped signal: position_limit_exceeded
2014-11-04,strategy_position_limit_reached,B_ETF_trend_following,SPY,3931.008419951478,3931.008419951478,0.0,0.0,,,49.58279720586689,13.69217776113333,Skipped signal: position_limit_exceeded
2014-11-04,strategy_position_limit_reached,B_ETF_trend_following,XLK,3931.008419951478,3931.008419951478,0.0,0.0,,,49.58279720586689,13.69217776113333,Skipped signal: position_limit_exceeded
2014-11-05,strategy_position_limit_reached,B_ETF_trend_following,XLV,3968.6678129399484,3968.6678129399484,0.0,0.0,,,45.04031056908347,9.14969112434991,Skipped signal: position_limit_exceeded
2014-11-05,strategy_position_limit_reached,B_ETF_trend_following,XLF,3968.6678129399484,3968.6678129399484,0.0,0.0,,,45.04031056908347,9.14969112434991,Skipped signal: position_limit_exceeded
2014-11-06,strategy_position_limit_reached,B_ETF_trend_following,XLF,3934.8123755962233,3934.8123755962233,0.0,0.0,,,35.89061944473356,0.0,Skipped signal: position_limit_exceeded
2014-11-06,strategy_position_limit_reached,B_ETF_trend_following,XLI,3934.8123755962233,3934.8123755962233,0.0,0.0,,,35.89061944473356,0.0,Skipped signal: position_limit_exceeded
2014-11-06,strategy_position_limit_reached,B_ETF_trend_following,SPY,3934.8123755962233,3934.8123755962233,0.0,0.0,,,35.89061944473356,0.0,Skipped signal: position_limit_exceeded
2014-11-06,strategy_position_limit_reached,B_ETF_trend_following,XLK,3934.8123755962233,3934.8123755962233,0.0,0.0,,,35.89061944473356,0.0,Skipped signal: position_limit_exceeded
2014-11-06,strategy_position_limit_reached,B_ETF_trend_following,SMH,3934.8123755962233,3934.8123755962233,0.0,0.0,,,35.89061944473356,0.0,Skipped signal: position_limit_exceeded
2014-11-07,strategy_position_limit_reached,B_ETF_trend_following,XLV,3971.357225612249,3971.357225612249,0.0,0.0,,,35.89061944473356,0.0,Skipped signal: position_limit_exceeded
2014-11-07,strategy_position_limit_reached,B_ETF_trend_following,XLF,3971.357225612249,3971.357225612249,0.0,0.0,,,35.89061944473356,0.0,Skipped signal: position_limit_exceeded
2014-11-07,strategy_position_limit_reached,B_ETF_trend_following,XLI,3971.357225612249,3971.357225612249,0.0,0.0,,,35.89061944473356,0.0,Skipped signal: position_limit_exceeded
2014-11-07,strategy_position_limit_reached,B_ETF_trend_following,SPY,3971.357225612249,3971.357225612249,0.0,0.0,,,35.89061944473356,0.0,Skipped signal: position_limit_exceeded
2014-11-07,strategy_position_limit_reached,B_ETF_trend_following,XLY,3971.357225612249,3971.357225612249,0.0,0.0,,,35.89061944473356,0.0,Skipped signal: position_limit_exceeded
2014-11-10,strategy_position_limit_reached,B_ETF_trend_following,XLF,3968.5707918917324,3968.5707918917324,0.0,0.0,,,33.095284124376455,0.0,Skipped signal: position_limit_exceeded
2014-11-10,strategy_position_limit_reached,B_ETF_trend_following,XLI,3968.5707918917324,3968.5707918917324,0.0,0.0,,,33.095284124376455,0.0,Skipped signal: position_limit_exceeded
2014-11-10,strategy_position_limit_reached,B_ETF_trend_following,XLK,3968.5707918917324,3968.5707918917324,0.0,0.0,,,33.095284124376455,0.0,Skipped signal: position_limit_exceeded
2014-11-10,strategy_position_limit_reached,B_ETF_trend_following,SPY,3968.5707918917324,3968.5707918917324,0.0,0.0,,,33.095284124376455,0.0,Skipped signal: position_limit_exceeded
2014-11-11,strategy_position_limit_reached,B_ETF_trend_following,XLV,3962.354194329805,3962.354194329805,0.0,0.0,,,33.095284124376455,0.0,Skipped signal: position_limit_exceeded
2014-11-11,strategy_position_limit_reached,B_ETF_trend_following,XLF,3962.354194329805,3962.354194329805,0.0,0.0,,,33.095284124376455,0.0,Skipped signal: position_limit_exceeded
2014-11-11,strategy_position_limit_reached,B_ETF_trend_following,XLI,3962.354194329805,3962.354194329805,0.0,0.0,,,33.095284124376455,0.0,Skipped signal: position_limit_exceeded
2014-11-11,strategy_position_limit_reached,B_ETF_trend_following,SPY,3962.354194329805,3962.354194329805,0.0,0.0,,,33.095284124376455,0.0,Skipped signal: position_limit_exceeded
2014-11-11,strategy_position_limit_reached,B_ETF_trend_following,XLK,3962.354194329805,3962.354194329805,0.0,0.0,,,33.095284124376455,0.0,Skipped signal: position_limit_exceeded
2014-11-12,strategy_position_limit_reached,B_ETF_trend_following,XLV,3934.642497348531,3934.642497348531,0.0,0.0,,,32.19532479332783,0.0,Skipped signal: position_limit_exceeded
2014-11-12,strategy_position_limit_reached,B_ETF_trend_following,SPY,3934.642497348531,3934.642497348531,0.0,0.0,,,32.19532479332783,0.0,Skipped signal: position_limit_exceeded
2014-11-12,strategy_position_limit_reached,B_ETF_trend_following,QQQ,3934.642497348531,3934.642497348531,0.0,0.0,,,32.19532479332783,0.0,Skipped signal: position_limit_exceeded
2014-11-12,strategy_position_limit_reached,B_ETF_trend_following,XLK,3934.642497348531,3934.642497348531,0.0,0.0,,,32.19532479332783,0.0,Skipped signal: position_limit_exceeded
2014-11-12,strategy_position_limit_reached,B_ETF_trend_following,XLY,3934.642497348531,3934.642497348531,0.0,0.0,,,32.19532479332783,0.0,Skipped signal: position_limit_exceeded
2014-11-13,strategy_position_limit_reached,B_ETF_trend_following,XLI,3929.447099070285,3929.447099070285,0.0,0.0,,,24.05576528821576,0.0,Skipped signal: position_limit_exceeded
2014-11-13,strategy_position_limit_reached,B_ETF_trend_following,XLK,3929.447099070285,3929.447099070285,0.0,0.0,,,24.05576528821576,0.0,Skipped signal: position_limit_exceeded
2014-11-13,strategy_position_limit_reached,B_ETF_trend_following,QQQ,3929.447099070285,3929.447099070285,0.0,0.0,,,24.05576528821576,0.0,Skipped signal: position_limit_exceeded
2014-11-13,strategy_position_limit_reached,B_ETF_trend_following,XLY,3929.447099070285,3929.447099070285,0.0,0.0,,,24.05576528821576,0.0,Skipped signal: position_limit_exceeded
2014-11-13,strategy_position_limit_reached,B_ETF_trend_following,XLB,3929.447099070285,3929.447099070285,0.0,0.0,,,24.05576528821576,0.0,Skipped signal: position_limit_exceeded
2014-11-14,strategy_position_limit_reached,B_ETF_trend_following,XLK,3925.6445255208273,3925.6445255208273,0.0,0.0,,,20.901587037125918,0.0,Skipped signal: position_limit_exceeded
2014-11-14,strategy_position_limit_reached,B_ETF_trend_following,SPY,3925.6445255208273,3925.6445255208273,0.0,0.0,,,20.901587037125918,0.0,Skipped signal: position_limit_exceeded
2014-11-14,strategy_position_limit_reached,B_ETF_trend_following,QQQ,3925.6445255208273,3925.6445255208273,0.0,0.0,,,20.901587037125918,0.0,Skipped signal: position_limit_exceeded
2014-11-14,strategy_position_limit_reached,B_ETF_trend_following,XLY,3925.6445255208273,3925.6445255208273,0.0,0.0,,,20.901587037125918,0.0,Skipped signal: position_limit_exceeded
2014-11-14,strategy_position_limit_reached,B_ETF_trend_following,XLB,3925.6445255208273,3925.6445255208273,0.0,0.0,,,20.901587037125918,0.0,Skipped signal: position_limit_exceeded
2014-11-24,strategy_position_limit_reached,A_ETF_sector_momentum,QQQ,3975.4334430390236,3975.4334430390236,0.0,0.0,,,31.750247153731074,31.750247153731074,Skipped signal: position_limit_exceeded
2014-12-01,strategy_position_limit_reached,A_ETF_sector_momentum,QQQ,4008.7281594269107,4008.7281594269107,0.0,0.0,,,0.0,0.0,Skipped signal: position_limit_exceeded
2014-12-08,strategy_position_limit_reached,A_ETF_sector_momentum,QQQ,4003.379275005829,4003.379275005829,0.0,0.0,,,27.367361581371043,27.367361581371043,Skipped signal: position_limit_exceeded
2014-12-22,cluster_risk_block,A_ETF_sector_momentum,XLV,3963.2741151170776,3963.2741151170776,0.0,0.0,,,90.0,90.0,Skipped signal: correlation_cluster_risk_exceeded
2014-12-23,strategy_position_limit_reached,B_ETF_trend_following,XLP,3968.8792097284677,3968.8792097284677,0.0,0.0,,,87.58319431041821,87.58319431041821,Skipped signal: position_limit_exceeded
2014-12-23,strategy_position_limit_reached,B_ETF_trend_following,XLY,3968.8792097284677,3968.8792097284677,0.0,0.0,,,87.58319431041821,87.58319431041821,Skipped signal: position_limit_exceeded
2014-12-23,strategy_position_limit_reached,B_ETF_trend_following,XLF,3968.8792097284677,3968.8792097284677,0.0,0.0,,,87.58319431041821,87.58319431041821,Skipped signal: position_limit_exceeded
2014-12-23,strategy_position_limit_reached,B_ETF_trend_following,SPY,3968.8792097284677,3968.8792097284677,0.0,0.0,,,87.58319431041821,87.58319431041821,Skipped signal: position_limit_exceeded
2014-12-24,strategy_position_limit_reached,B_ETF_trend_following,XLP,4001.0346369466006,4001.0346369466006,0.0,0.0,,,85.18086194720505,85.18086194720505,Skipped signal: position_limit_exceeded
2014-12-24,strategy_position_limit_reached,B_ETF_trend_following,XLY,4001.0346369466006,4001.0346369466006,0.0,0.0,,,85.18086194720505,85.18086194720505,Skipped signal: position_limit_exceeded
2014-12-24,strategy_position_limit_reached,B_ETF_trend_following,XLI,4001.0346369466006,4001.0346369466006,0.0,0.0,,,85.18086194720505,85.18086194720505,Skipped signal: position_limit_exceeded
2014-12-24,strategy_position_limit_reached,B_ETF_trend_following,XLF,4001.0346369466006,4001.0346369466006,0.0,0.0,,,85.18086194720505,85.18086194720505,Skipped signal: position_limit_exceeded
2014-12-24,strategy_position_limit_reached,B_ETF_trend_following,SPY,4001.0346369466006,4001.0346369466006,0.0,0.0,,,85.18086194720505,85.18086194720505,Skipped signal: position_limit_exceeded
2014-12-26,strategy_position_limit_reached,B_ETF_trend_following,XLI,4028.7880891898294,4028.7880891898294,0.0,0.0,,,63.02372596373755,63.02372596373755,Skipped signal: position_limit_exceeded
2014-12-26,strategy_position_limit_reached,B_ETF_trend_following,SPY,4028.7880891898294,4028.7880891898294,0.0,0.0,,,63.02372596373755,63.02372596373755,Skipped signal: position_limit_exceeded
2014-12-29,strategy_position_limit_reached,B_ETF_trend_following,XLP,4063.9378185610453,4063.9378185610453,0.0,0.0,,,71.0127985030391,71.0127985030391,Skipped signal: position_limit_exceeded
2014-12-29,strategy_position_limit_reached,B_ETF_trend_following,XLY,4063.9378185610453,4063.9378185610453,0.0,0.0,,,71.0127985030391,71.0127985030391,Skipped signal: position_limit_exceeded
2014-12-29,strategy_position_limit_reached,B_ETF_trend_following,XLK,4063.9378185610453,4063.9378185610453,0.0,0.0,,,71.0127985030391,71.0127985030391,Skipped signal: position_limit_exceeded
2014-12-29,strategy_position_limit_reached,B_ETF_trend_following,SPY,4063.9378185610453,4063.9378185610453,0.0,0.0,,,71.0127985030391,71.0127985030391,Skipped signal: position_limit_exceeded
2014-12-30,strategy_position_limit_reached,B_ETF_trend_following,XLY,4000.249784005491,4000.249784005491,0.0,0.0,,,50.55121155783112,50.55121155783112,Skipped signal: position_limit_exceeded
2014-12-30,strategy_position_limit_reached,B_ETF_trend_following,XLI,4000.249784005491,4000.249784005491,0.0,0.0,,,50.55121155783112,50.55121155783112,Skipped signal: position_limit_exceeded
2014-12-30,strategy_position_limit_reached,B_ETF_trend_following,XLF,4000.249784005491,4000.249784005491,0.0,0.0,,,50.55121155783112,50.55121155783112,Skipped signal: position_limit_exceeded
2014-12-30,strategy_position_limit_reached,B_ETF_trend_following,SPY,4000.249784005491,4000.249784005491,0.0,0.0,,,50.55121155783112,50.55121155783112,Skipped signal: position_limit_exceeded
2015-01-06,strategy_position_limit_reached,B_ETF_trend_following,IEF,3943.722579992501,3943.722579992501,0.0,0.0,,,70.95831719182974,52.46667988506002,Skipped signal: position_limit_exceeded
2015-01-09,strategy_position_limit_reached,B_ETF_trend_following,XLP,3951.0580779851894,3951.0580779851894,0.0,0.0,,,41.12799058205816,0.0,Skipped signal: position_limit_exceeded
2015-01-09,strategy_position_limit_reached,B_ETF_trend_following,XLV,3951.0580779851894,3951.0580779851894,0.0,0.0,,,41.12799058205816,0.0,Skipped signal: position_limit_exceeded
2015-01-12,strategy_position_limit_reached,B_ETF_trend_following,SHY,3970.706105781798,3970.706105781798,0.0,0.0,,,40.60998030592006,40.60998030592006,Skipped signal: position_limit_exceeded
2015-01-13,strategy_position_limit_reached,B_ETF_trend_following,SHY,3971.9499734278206,3971.9499734278206,0.0,0.0,,,35.977065509637455,35.977065509637455,Skipped signal: position_limit_exceeded
2015-01-14,strategy_position_limit_reached,B_ETF_trend_following,SHY,3998.0670487211582,3998.0670487211582,0.0,0.0,,,33.90932791517603,33.90932791517603,Skipped signal: position_limit_exceeded
2015-01-15,strategy_position_limit_reached,B_ETF_trend_following,SHY,4051.2249028944357,4051.2249028944357,0.0,0.0,,,18.153984142296174,18.153984142296174,Skipped signal: position_limit_exceeded
2015-01-16,strategy_position_limit_reached,B_ETF_trend_following,SHY,4006.921010510302,4006.921010510302,0.0,0.0,,,1.0752535787964874,1.0752535787964874,Skipped signal: position_limit_exceeded
2015-01-22,strategy_position_limit_reached,B_ETF_trend_following,XLP,3994.8333449313996,3994.8333449313996,0.0,0.0,,,0.3659202984031391,0.0,Skipped signal: position_limit_exceeded
2015-01-22,strategy_position_limit_reached,B_ETF_trend_following,XLU,3994.8333449313996,3994.8333449313996,0.0,0.0,,,0.3659202984031391,0.0,Skipped signal: position_limit_exceeded
2015-01-23,strategy_position_limit_reached,B_ETF_trend_following,XLV,4020.179573132812,4020.179573132812,0.0,0.0,,,31.317598044488566,30.951677746085426,Skipped signal: position_limit_exceeded
2015-01-30,strategy_position_limit_reached,B_ETF_trend_following,XLU,4077.6087348496744,4077.6087348496744,0.0,0.0,,,16.27939892990331,7.336204372329221e-15,Skipped signal: position_limit_exceeded
2015-02-02,strategy_position_limit_reached,B_ETF_trend_following,SHY,4065.5624782992654,4065.5624782992654,0.0,0.0,,,11.979218168866048,11.97921816886604,Skipped signal: position_limit_exceeded
2015-02-04,strategy_position_limit_reached,B_ETF_trend_following,XLY,4003.117759392858,4003.117759392858,0.0,0.0,,,11.680535008293612,7.336204372329221e-15,Skipped signal: position_limit_exceeded
2015-02-05,strategy_position_limit_reached,B_ETF_trend_following,XLY,3968.8050064340187,3968.8050064340187,0.0,0.0,,,11.069527073147581,7.336204372329221e-15,Skipped signal: position_limit_exceeded
2015-02-06,strategy_position_limit_reached,B_ETF_trend_following,XLY,3907.092670124588,3907.092670124588,0.0,0.0,,,11.0107875086595,7.336204372329221e-15,Skipped signal: position_limit_exceeded
2015-02-06,strategy_position_limit_reached,B_ETF_trend_following,IWM,3907.092670124588,3907.092670124588,0.0,0.0,,,11.0107875086595,7.336204372329221e-15,Skipped signal: position_limit_exceeded
2015-02-06,strategy_position_limit_reached,B_ETF_trend_following,SPY,3907.092670124588,3907.092670124588,0.0,0.0,,,11.0107875086595,7.336204372329221e-15,Skipped signal: position_limit_exceeded
2015-02-11,cluster_risk_block,B_ETF_trend_following,QQQ,3946.2001955505766,3946.2001955505766,0.0,0.0,,,85.37752171253392,85.37752171253392,Skipped signal: correlation_cluster_risk_exceeded
2015-02-11,cluster_risk_block,B_ETF_trend_following,SPY,3946.2001955505766,3946.2001955505766,0.0,0.0,,,85.37752171253392,85.37752171253392,Skipped signal: correlation_cluster_risk_exceeded
2015-02-11,cluster_risk_block,B_ETF_trend_following,XLK,3946.2001955505766,3946.2001955505766,0.0,0.0,,,85.37752171253392,85.37752171253392,Skipped signal: correlation_cluster_risk_exceeded
2015-02-11,cluster_risk_block,B_ETF_trend_following,XLF,3946.2001955505766,3946.2001955505766,0.0,0.0,,,85.37752171253392,85.37752171253392,Skipped signal: correlation_cluster_risk_exceeded
2015-02-12,cluster_risk_block,B_ETF_trend_following,QQQ,3971.217053504175,3971.217053504175,0.0,0.0,,,78.32415452011554,78.32415452011554,Skipped signal: correlation_cluster_risk_exceeded
2015-02-12,cluster_risk_block,B_ETF_trend_following,XLK,3971.217053504175,3971.217053504175,0.0,0.0,,,78.32415452011554,78.32415452011554,Skipped signal: correlation_cluster_risk_exceeded
2015-02-12,cluster_risk_block,B_ETF_trend_following,SPY,3971.217053504175,3971.217053504175,0.0,0.0,,,78.32415452011554,78.32415452011554,Skipped signal: correlation_cluster_risk_exceeded
2015-02-13,cluster_risk_block,B_ETF_trend_following,SMH,3972.9566991217525,3972.9566991217525,0.0,0.0,,,61.03625689338374,61.03625689338374,Skipped signal: correlation_cluster_risk_exceeded
2015-02-13,strategy_position_limit_reached,B_ETF_trend_following,XLK,3977.4916953317324,3977.4916953317324,0.0,0.0,,,86.90160382256902,86.90160382256902,Skipped signal: position_limit_exceeded
2015-02-13,strategy_position_limit_reached,B_ETF_trend_following,SPY,3977.4916953317324,3977.4916953317324,0.0,0.0,,,86.90160382256902,86.90160382256902,Skipped signal: position_limit_exceeded
2015-02-13,strategy_position_limit_reached,B_ETF_trend_following,IWM,3977.4916953317324,3977.4916953317324,0.0,0.0,,,86.90160382256902,86.90160382256902,Skipped signal: position_limit_exceeded
2015-02-17,strategy_position_limit_reached,B_ETF_trend_following,SMH,3975.181265822758,3975.181265822758,0.0,0.0,,,74.87243787819985,74.87243787819985,Skipped signal: position_limit_exceeded
2015-02-17,strategy_position_limit_reached,B_ETF_trend_following,XLK,3975.181265822758,3975.181265822758,0.0,0.0,,,74.87243787819985,74.87243787819985,Skipped signal: position_limit_exceeded
2015-02-17,strategy_position_limit_reached,B_ETF_trend_following,SPY,3975.181265822758,3975.181265822758,0.0,0.0,,,74.87243787819985,74.87243787819985,Skipped signal: position_limit_exceeded
2015-02-17,strategy_position_limit_reached,B_ETF_trend_following,IWM,3975.181265822758,3975.181265822758,0.0,0.0,,,74.87243787819985,74.87243787819985,Skipped signal: position_limit_exceeded
2015-02-17,strategy_position_limit_reached,B_ETF_trend_following,XLI,3975.181265822758,3975.181265822758,0.0,0.0,,,74.87243787819985,74.87243787819985,Skipped signal: position_limit_exceeded
2015-02-18,strategy_position_limit_reached,B_ETF_trend_following,SMH,3984.2579805410787,3984.2579805410787,0.0,0.0,,,71.04991797676641,71.04991797676641,Skipped signal: position_limit_exceeded
2015-02-18,strategy_position_limit_reached,B_ETF_trend_following,IWM,3984.2579805410787,3984.2579805410787,0.0,0.0,,,71.04991797676641,71.04991797676641,Skipped signal: position_limit_exceeded
2015-02-18,strategy_position_limit_reached,B_ETF_trend_following,SPY,3984.2579805410787,3984.2579805410787,0.0,0.0,,,71.04991797676641,71.04991797676641,Skipped signal: position_limit_exceeded
2015-02-18,strategy_position_limit_reached,B_ETF_trend_following,XLK,3984.2579805410787,3984.2579805410787,0.0,0.0,,,71.04991797676641,71.04991797676641,Skipped signal: position_limit_exceeded
2015-02-18,strategy_position_limit_reached,B_ETF_trend_following,XLI,3984.2579805410787,3984.2579805410787,0.0,0.0,,,71.04991797676641,71.04991797676641,Skipped signal: position_limit_exceeded
2015-02-19,strategy_position_limit_reached,B_ETF_trend_following,IWM,3982.9664971512602,3982.9664971512602,0.0,0.0,,,63.82502722374353,63.82502722374353,Skipped signal: position_limit_exceeded
2015-02-19,strategy_position_limit_reached,B_ETF_trend_following,SPY,3982.9664971512602,3982.9664971512602,0.0,0.0,,,63.82502722374353,63.82502722374353,Skipped signal: position_limit_exceeded
2015-02-19,strategy_position_limit_reached,B_ETF_trend_following,XLK,3982.9664971512602,3982.9664971512602,0.0,0.0,,,63.82502722374353,63.82502722374353,Skipped signal: position_limit_exceeded
2015-02-19,strategy_position_limit_reached,B_ETF_trend_following,XLI,3982.9664971512602,3982.9664971512602,0.0,0.0,,,63.82502722374353,63.82502722374353,Skipped signal: position_limit_exceeded
2015-02-20,strategy_position_limit_reached,B_ETF_trend_following,XLV,4004.0666889720005,4004.0666889720005,0.0,0.0,,,55.95052480024985,55.95052480024985,Skipped signal: position_limit_exceeded
2015-02-20,strategy_position_limit_reached,B_ETF_trend_following,IWM,4004.0666889720005,4004.0666889720005,0.0,0.0,,,55.95052480024985,55.95052480024985,Skipped signal: position_limit_exceeded
2015-02-20,strategy_position_limit_reached,B_ETF_trend_following,XLK,4004.0666889720005,4004.0666889720005,0.0,0.0,,,55.95052480024985,55.95052480024985,Skipped signal: position_limit_exceeded
2015-02-20,strategy_position_limit_reached,B_ETF_trend_following,XLI,4004.0666889720005,4004.0666889720005,0.0,0.0,,,55.95052480024985,55.95052480024985,Skipped signal: position_limit_exceeded
2015-02-23,strategy_position_limit_reached,B_ETF_trend_following,SMH,4008.0372905916715,4008.0372905916715,0.0,0.0,,,35.98728052543591,35.98728052543591,Skipped signal: position_limit_exceeded
2015-02-23,strategy_position_limit_reached,B_ETF_trend_following,XLV,4008.0372905916715,4008.0372905916715,0.0,0.0,,,35.98728052543591,35.98728052543591,Skipped signal: position_limit_exceeded
2015-02-23,strategy_position_limit_reached,B_ETF_trend_following,IWM,4008.0372905916715,4008.0372905916715,0.0,0.0,,,35.98728052543591,35.98728052543591,Skipped signal: position_limit_exceeded
2015-02-23,strategy_position_limit_reached,B_ETF_trend_following,XLB,4008.0372905916715,4008.0372905916715,0.0,0.0,,,35.98728052543591,35.98728052543591,Skipped signal: position_limit_exceeded
2015-02-23,strategy_position_limit_reached,B_ETF_trend_following,XLK,4008.0372905916715,4008.0372905916715,0.0,0.0,,,35.98728052543591,35.98728052543591,Skipped signal: position_limit_exceeded
2015-02-24,strategy_position_limit_reached,B_ETF_trend_following,IWM,4021.4422201030457,4021.4422201030457,0.0,0.0,,,33.147799663163255,33.147799663163255,Skipped signal: position_limit_exceeded
2015-02-24,strategy_position_limit_reached,B_ETF_trend_following,XLV,4021.4422201030457,4021.4422201030457,0.0,0.0,,,33.147799663163255,33.147799663163255,Skipped signal: position_limit_exceeded
2015-02-24,strategy_position_limit_reached,B_ETF_trend_following,XLK,4021.4422201030457,4021.4422201030457,0.0,0.0,,,33.147799663163255,33.147799663163255,Skipped signal: position_limit_exceeded
2015-02-25,strategy_position_limit_reached,B_ETF_trend_following,SMH,4025.5433693044224,4025.5433693044224,0.0,0.0,,,21.861535157031426,21.861535157031426,Skipped signal: position_limit_exceeded
2015-02-25,strategy_position_limit_reached,B_ETF_trend_following,IWM,4025.5433693044224,4025.5433693044224,0.0,0.0,,,21.861535157031426,21.861535157031426,Skipped signal: position_limit_exceeded
2015-02-25,strategy_position_limit_reached,B_ETF_trend_following,XLP,4025.5433693044224,4025.5433693044224,0.0,0.0,,,21.861535157031426,21.861535157031426,Skipped signal: position_limit_exceeded
2015-02-25,strategy_position_limit_reached,B_ETF_trend_following,XLB,4025.5433693044224,4025.5433693044224,0.0,0.0,,,21.861535157031426,21.861535157031426,Skipped signal: position_limit_exceeded
2015-02-25,strategy_position_limit_reached,B_ETF_trend_following,XLK,4025.5433693044224,4025.5433693044224,0.0,0.0,,,21.861535157031426,21.861535157031426,Skipped signal: position_limit_exceeded
2015-02-26,strategy_position_limit_reached,B_ETF_trend_following,IWM,4027.403686086789,4027.403686086789,0.0,0.0,,,16.830610406931317,16.830610406931317,Skipped signal: position_limit_exceeded
2015-02-27,strategy_position_limit_reached,B_ETF_trend_following,XLV,4027.888303735364,4027.888303735364,0.0,0.0,,,10.2753986422526,10.2753986422526,Skipped signal: position_limit_exceeded
2015-02-27,strategy_position_limit_reached,B_ETF_trend_following,IWM,4027.888303735364,4027.888303735364,0.0,0.0,,,10.2753986422526,10.2753986422526,Skipped signal: position_limit_exceeded
2015-03-02,strategy_position_limit_reached,B_ETF_trend_following,XLP,4057.203087928766,4057.203087928766,0.0,0.0,,,4.2756024214089665,4.2756024214089665,Skipped signal: position_limit_exceeded
2015-03-03,strategy_position_limit_reached,B_ETF_trend_following,IWM,4042.6949064775126,4042.6949064775126,0.0,0.0,,,0.0,0.0,Skipped signal: position_limit_exceeded
2015-03-03,strategy_position_limit_reached,B_ETF_trend_following,XLV,4042.6949064775126,4042.6949064775126,0.0,0.0,,,0.0,0.0,Skipped signal: position_limit_exceeded
2015-03-03,strategy_position_limit_reached,B_ETF_trend_following,XLP,4042.6949064775126,4042.6949064775126,0.0,0.0,,,0.0,0.0,Skipped signal: position_limit_exceeded
2015-03-03,strategy_position_limit_reached,B_ETF_trend_following,SMH,4042.6949064775126,4042.6949064775126,0.0,0.0,,,0.0,0.0,Skipped signal: position_limit_exceeded
2015-03-03,strategy_position_limit_reached,B_ETF_trend_following,XLK,4042.6949064775126,4042.6949064775126,0.0,0.0,,,0.0,0.0,Skipped signal: position_limit_exceeded
2015-03-18,strategy_position_limit_reached,B_ETF_trend_following,IWM,4025.7615734129704,4025.7615734129704,0.0,0.0,,,56.23002518976817,56.23002518976817,Skipped signal: position_limit_exceeded
2015-03-19,strategy_position_limit_reached,B_ETF_trend_following,IWM,4036.277293218076,4036.277293218076,0.0,0.0,,,42.952185139858486,42.952185139858486,Skipped signal: position_limit_exceeded
2015-03-19,strategy_position_limit_reached,B_ETF_trend_following,SHY,4036.277293218076,4036.277293218076,0.0,0.0,,,42.952185139858486,0.0,Skipped signal: position_limit_exceeded
2015-03-19,strategy_position_limit_reached,B_ETF_trend_following,TLT,4036.277293218076,4036.277293218076,0.0,0.0,,,42.952185139858486,0.0,Skipped signal: position_limit_exceeded
2015-03-19,strategy_position_limit_reached,B_ETF_trend_following,IEF,4036.277293218076,4036.277293218076,0.0,0.0,,,42.952185139858486,0.0,Skipped signal: position_limit_exceeded
2015-03-20,strategy_position_limit_reached,B_ETF_trend_following,IWM,4070.814727001723,4070.814727001723,0.0,0.0,,,34.19584056296499,34.19584056296499,Skipped signal: position_limit_exceeded
2015-03-23,strategy_position_limit_reached,B_ETF_trend_following,XLY,4056.9614155431564,4056.9614155431564,0.0,0.0,,,21.450468031348592,21.450468031348592,Skipped signal: position_limit_exceeded
2015-03-23,strategy_position_limit_reached,B_ETF_trend_following,IWM,4056.9614155431564,4056.9614155431564,0.0,0.0,,,21.450468031348592,21.450468031348592,Skipped signal: position_limit_exceeded
2015-03-23,strategy_position_limit_reached,B_ETF_trend_following,TLT,4056.9614155431564,4056.9614155431564,0.0,0.0,,,21.450468031348592,0.0,Skipped signal: position_limit_exceeded
2015-03-24,strategy_position_limit_reached,B_ETF_trend_following,IEF,4022.1313237711192,4022.1313237711192,0.0,0.0,,,21.450468031348592,0.0,Skipped signal: position_limit_exceeded
2015-03-25,strategy_position_limit_reached,B_ETF_trend_following,SHY,3950.670194122604,3950.670194122604,0.0,0.0,,,21.450468031348592,0.0,Skipped signal: position_limit_exceeded
2015-03-25,strategy_position_limit_reached,B_ETF_trend_following,IEF,3950.670194122604,3950.670194122604,0.0,0.0,,,21.450468031348592,0.0,Skipped signal: position_limit_exceeded
2015-03-25,strategy_position_limit_reached,B_ETF_trend_following,TLT,3950.670194122604,3950.670194122604,0.0,0.0,,,21.450468031348592,0.0,Skipped signal: position_limit_exceeded
2015-04-07,strategy_position_limit_reached,B_ETF_trend_following,XLP,3962.6925150081624,3962.6925150081624,0.0,0.0,,,39.54233483296587,29.331281513858805,Skipped signal: position_limit_exceeded
2015-04-13,strategy_position_limit_reached,B_ETF_trend_following,IWM,3976.814456650293,3976.814456650293,0.0,0.0,,,32.64783834194087,22.50659086013949,Skipped signal: position_limit_exceeded
2015-04-13,strategy_position_limit_reached,B_ETF_trend_following,XLP,3976.814456650293,3976.814456650293,0.0,0.0,,,32.64783834194087,22.50659086013949,Skipped signal: position_limit_exceeded
2015-04-14,strategy_position_limit_reached,B_ETF_trend_following,IWM,3979.4798894908386,3979.4798894908386,0.0,0.0,,,29.74179738956193,19.6238633002101,Skipped signal: position_limit_exceeded
2015-04-16,strategy_position_limit_reached,B_ETF_trend_following,IWM,3991.590683258627,3991.590683258627,0.0,0.0,,,20.115746999076674,10.021189821446423,Skipped signal: position_limit_exceeded
2015-04-16,strategy_position_limit_reached,B_ETF_trend_following,XLB,3991.590683258627,3991.590683258627,0.0,0.0,,,20.115746999076674,10.021189821446423,Skipped signal: position_limit_exceeded
2015-04-16,strategy_position_limit_reached,B_ETF_trend_following,SPY,3991.590683258627,3991.590683258627,0.0,0.0,,,20.115746999076674,10.021189821446423,Skipped signal: position_limit_exceeded
2015-04-20,strategy_position_limit_reached,A_ETF_sector_momentum,XLV,3980.1802665012565,3980.1802665012565,0.0,0.0,,,15.07045413376578,7.340101745819631,Skipped signal: position_limit_exceeded
2015-04-23,strategy_position_limit_reached,B_ETF_trend_following,QQQ,3984.0709478340477,3984.0709478340477,0.0,0.0,,,14.884476779622668,7.340101745819631,Skipped signal: position_limit_exceeded
2015-04-23,strategy_position_limit_reached,B_ETF_trend_following,XLV,3984.0709478340477,3984.0709478340477,0.0,0.0,,,14.884476779622668,7.340101745819631,Skipped signal: position_limit_exceeded
2015-04-23,strategy_position_limit_reached,B_ETF_trend_following,SPY,3984.0709478340477,3984.0709478340477,0.0,0.0,,,14.884476779622668,7.340101745819631,Skipped signal: position_limit_exceeded
2015-04-23,strategy_position_limit_reached,B_ETF_trend_following,XLK,3984.0709478340477,3984.0709478340477,0.0,0.0,,,14.884476779622668,7.340101745819631,Skipped signal: position_limit_exceeded
2015-04-23,strategy_position_limit_reached,B_ETF_trend_following,SMH,3984.0709478340477,3984.0709478340477,0.0,0.0,,,14.884476779622668,7.340101745819631,Skipped signal: position_limit_exceeded
2015-04-24,strategy_position_limit_reached,B_ETF_trend_following,QQQ,3982.073635847585,3982.073635847585,0.0,0.0,,,14.861446399301421,7.340101745819631,Skipped signal: position_limit_exceeded
2015-04-24,strategy_position_limit_reached,B_ETF_trend_following,XLV,3982.073635847585,3982.073635847585,0.0,0.0,,,14.861446399301421,7.340101745819631,Skipped signal: position_limit_exceeded
2015-04-24,strategy_position_limit_reached,B_ETF_trend_following,SPY,3982.073635847585,3982.073635847585,0.0,0.0,,,14.861446399301421,7.340101745819631,Skipped signal: position_limit_exceeded
2015-04-24,strategy_position_limit_reached,B_ETF_trend_following,XLK,3982.073635847585,3982.073635847585,0.0,0.0,,,14.861446399301421,7.340101745819631,Skipped signal: position_limit_exceeded
2015-04-27,strategy_position_limit_reached,B_ETF_trend_following,XLY,3962.868190678435,3962.868190678435,0.0,0.0,,,14.62688186224035,7.304632852565777,Skipped signal: position_limit_exceeded
2015-04-27,strategy_position_limit_reached,B_ETF_trend_following,QQQ,3962.868190678435,3962.868190678435,0.0,0.0,,,14.62688186224035,7.304632852565777,Skipped signal: position_limit_exceeded
2015-04-27,strategy_position_limit_reached,B_ETF_trend_following,XLB,3962.868190678435,3962.868190678435,0.0,0.0,,,14.62688186224035,7.304632852565777,Skipped signal: position_limit_exceeded
2015-04-27,strategy_position_limit_reached,B_ETF_trend_following,SPY,3962.868190678435,3962.868190678435,0.0,0.0,,,14.62688186224035,7.304632852565777,Skipped signal: position_limit_exceeded
2015-04-27,strategy_position_limit_reached,B_ETF_trend_following,XLK,3962.868190678435,3962.868190678435,0.0,0.0,,,14.62688186224035,7.304632852565777,Skipped signal: position_limit_exceeded
2015-04-28,strategy_position_limit_reached,B_ETF_trend_following,XLB,3967.314160044058,3967.314160044058,0.0,0.0,,,14.404489229698694,7.304632852565777,Skipped signal: position_limit_exceeded
2015-04-28,strategy_position_limit_reached,B_ETF_trend_following,XLK,3967.314160044058,3967.314160044058,0.0,0.0,,,14.404489229698694,7.304632852565777,Skipped signal: position_limit_exceeded
2015-04-29,strategy_position_limit_reached,B_ETF_trend_following,XLB,3942.742200831084,3942.742200831084,0.0,0.0,,,33.96087975458664,32.93462820831264,Skipped signal: position_limit_exceeded
2015-05-05,strategy_position_limit_reached,B_ETF_trend_following,XLF,3873.8752317123526,3873.8752317123526,0.0,0.0,,,81.34752896892398,81.34752896892398,Skipped signal: position_limit_exceeded
2015-05-11,cluster_risk_block,B_ETF_trend_following,XLB,3846.7091081434864,3846.7091081434864,0.0,0.0,,,73.51044857975361,73.51044857975361,Skipped signal: correlation_cluster_risk_exceeded
2015-05-11,cluster_risk_block,B_ETF_trend_following,XLF,3846.7091081434864,3846.7091081434864,0.0,0.0,,,73.51044857975361,73.51044857975361,Skipped signal: correlation_cluster_risk_exceeded
2015-05-15,cluster_risk_block,B_ETF_trend_following,XLK,3869.447316523954,3869.447316523954,0.0,0.0,,,73.51044857975361,73.51044857975361,Skipped signal: correlation_cluster_risk_exceeded
2015-05-18,strategy_position_limit_reached,A_ETF_sector_momentum,SHY,3886.502634529721,3886.502634529721,0.0,0.0,,,87.20321738411467,0.0,Skipped signal: position_limit_exceeded
2015-06-08,strategy_position_limit_reached,A_ETF_sector_momentum,IWM,3839.1793911599516,3839.1793911599516,0.0,0.0,,,24.8581236447108,24.8581236447108,Skipped signal: position_limit_exceeded
2015-06-12,strategy_position_limit_reached,B_ETF_trend_following,XLV,3832.3735209531073,3832.3735209531073,0.0,0.0,,,47.03290985078148,47.03290985078148,Skipped signal: position_limit_exceeded
2015-06-19,strategy_position_limit_reached,B_ETF_trend_following,XLY,3815.4328794823564,3815.4328794823564,0.0,0.0,,,40.52780409822523,40.52780409822523,Skipped signal: position_limit_exceeded
2015-06-19,strategy_position_limit_reached,B_ETF_trend_following,XLV,3815.4328794823564,3815.4328794823564,0.0,0.0,,,40.52780409822523,40.52780409822523,Skipped signal: position_limit_exceeded
2015-06-23,strategy_position_limit_reached,B_ETF_trend_following,XLV,3854.6409190389377,3854.6409190389377,0.0,0.0,,,61.55160541826518,61.55160541826518,Skipped signal: position_limit_exceeded
2015-06-23,strategy_position_limit_reached,B_ETF_trend_following,XLY,3854.6409190389377,3854.6409190389377,0.0,0.0,,,61.55160541826518,61.55160541826518,Skipped signal: position_limit_exceeded
2015-06-24,strategy_position_limit_reached,B_ETF_trend_following,XLV,3824.628991872647,3824.628991872647,0.0,0.0,,,59.06735071890141,59.06735071890141,Skipped signal: position_limit_exceeded
2015-06-24,strategy_position_limit_reached,B_ETF_trend_following,XLY,3824.628991872647,3824.628991872647,0.0,0.0,,,59.06735071890141,59.06735071890141,Skipped signal: position_limit_exceeded
2015-06-24,strategy_position_limit_reached,B_ETF_trend_following,QQQ,3824.628991872647,3824.628991872647,0.0,0.0,,,59.06735071890141,59.06735071890141,Skipped signal: position_limit_exceeded
2015-06-24,strategy_position_limit_reached,B_ETF_trend_following,SPY,3824.628991872647,3824.628991872647,0.0,0.0,,,59.06735071890141,59.06735071890141,Skipped signal: position_limit_exceeded
2015-07-15,strategy_position_limit_reached,B_ETF_trend_following,XLV,3769.692898928769,3769.692898928769,0.0,0.0,,,39.65234775257802,39.65234775257802,Skipped signal: position_limit_exceeded
2015-07-16,strategy_position_limit_reached,B_ETF_trend_following,XLV,3786.741252986465,3786.741252986465,0.0,0.0,,,39.060744292801246,39.060744292801246,Skipped signal: position_limit_exceeded
2015-07-16,strategy_position_limit_reached,B_ETF_trend_following,XLF,3786.741252986465,3786.741252986465,0.0,0.0,,,39.060744292801246,39.060744292801246,Skipped signal: position_limit_exceeded
2015-07-17,strategy_position_limit_reached,B_ETF_trend_following,XLV,3783.6005916370486,3783.6005916370486,0.0,0.0,,,35.56964797967447,35.56964797967447,Skipped signal: position_limit_exceeded
2015-07-17,strategy_position_limit_reached,B_ETF_trend_following,XLF,3783.6005916370486,3783.6005916370486,0.0,0.0,,,35.56964797967447,35.56964797967447,Skipped signal: position_limit_exceeded
2015-07-17,strategy_position_limit_reached,B_ETF_trend_following,QQQ,3783.6005916370486,3783.6005916370486,0.0,0.0,,,35.56964797967447,35.56964797967447,Skipped signal: position_limit_exceeded
2015-07-17,strategy_position_limit_reached,B_ETF_trend_following,SPY,3783.6005916370486,3783.6005916370486,0.0,0.0,,,35.56964797967447,35.56964797967447,Skipped signal: position_limit_exceeded
2015-07-20,strategy_position_limit_reached,B_ETF_trend_following,QQQ,3786.978054698865,3786.978054698865,0.0,0.0,,,71.762268060783,71.762268060783,Skipped signal: position_limit_exceeded
2015-07-20,strategy_position_limit_reached,B_ETF_trend_following,XLK,3786.978054698865,3786.978054698865,0.0,0.0,,,71.762268060783,71.762268060783,Skipped signal: position_limit_exceeded
2015-07-20,strategy_position_limit_reached,B_ETF_trend_following,SPY,3786.978054698865,3786.978054698865,0.0,0.0,,,71.762268060783,71.762268060783,Skipped signal: position_limit_exceeded
2015-07-21,strategy_position_limit_reached,B_ETF_trend_following,QQQ,3779.424126465936,3779.424126465936,0.0,0.0,,,71.762268060783,71.762268060783,Skipped signal: position_limit_exceeded
2015-07-21,strategy_position_limit_reached,B_ETF_trend_following,XLV,3779.424126465936,3779.424126465936,0.0,0.0,,,71.762268060783,71.762268060783,Skipped signal: position_limit_exceeded
2015-07-21,strategy_position_limit_reached,B_ETF_trend_following,XLK,3779.424126465936,3779.424126465936,0.0,0.0,,,71.762268060783,71.762268060783,Skipped signal: position_limit_exceeded
2015-07-21,strategy_position_limit_reached,B_ETF_trend_following,SPY,3779.424126465936,3779.424126465936,0.0,0.0,,,71.762268060783,71.762268060783,Skipped signal: position_limit_exceeded
2015-07-23,strategy_position_limit_reached,B_ETF_trend_following,XLF,3753.9867572798366,3753.9867572798366,0.0,0.0,,,71.762268060783,71.762268060783,Skipped signal: position_limit_exceeded
2015-11-30,strategy_position_limit_reached,A_ETF_sector_momentum,XLY,3564.52868293216,3564.52868293216,0.0,0.0,,,80.29945008495531,80.29945008495531,Skipped signal: position_limit_exceeded
